time_total_s,training_iteration,timesteps_total,env_runners/episode_return_mean,env_runners/episode_return_max,env_runners/episode_return_min,env_runners/episode_len_mean,config/train_batch_size,config/tau,config/target_entropy,config/gamma,config/optimization/actor_learning_rate,config/optimization/critic_learning_rate,config/optimization/entropy_learning_rate,info/learner/default_policy/learner_stats/actor_loss,info/learner/default_policy/learner_stats/critic_loss,info/learner/default_policy/learner_stats/alpha_loss,info/learner/default_policy/learner_stats/alpha_value,info/learner/default_policy/learner_stats/log_alpha_value,info/learner/default_policy/learner_stats/target_entropy,info/learner/default_policy/learner_stats/mean_q,info/learner/default_policy/learner_stats/max_q,info/learner/default_policy/learner_stats/min_q,custom_metrics/sac_td_error_median,custom_metrics/sac_td_error_p95,custom_metrics/sac_td_diagnostics_valid,custom_metrics/sac_actor_loss,custom_metrics/sac_critic_loss,custom_metrics/sac_alpha_loss,custom_metrics/sac_alpha_value,custom_metrics/sac_log_alpha_value,custom_metrics/sac_target_entropy,custom_metrics/sac_mean_q,custom_metrics/sac_max_q,custom_metrics/sac_min_q,custom_metrics/asha_sac_desired_train_batch_size,custom_metrics/asha_sac_effective_train_batch_size,custom_metrics/asha_sac_mismatch_train_batch_size,custom_metrics/asha_sac_desired_tau,custom_metrics/asha_sac_effective_tau,custom_metrics/asha_sac_mismatch_tau,custom_metrics/asha_sac_desired_actor_lr,custom_metrics/asha_sac_effective_actor_lr,custom_metrics/asha_sac_mismatch_actor_lr,custom_metrics/asha_sac_desired_critic_lr,custom_metrics/asha_sac_effective_critic_lr,custom_metrics/asha_sac_mismatch_critic_lr,custom_metrics/asha_sac_desired_alpha_lr,custom_metrics/asha_sac_effective_alpha_lr,custom_metrics/asha_sac_mismatch_alpha_lr,custom_metrics/asha_sac_desired_target_entropy,custom_metrics/asha_sac_effective_target_entropy,custom_metrics/asha_sac_mismatch_target_entropy,custom_metrics/asha_sac_effective_hp_mismatch_count,perf/gpu_util_percent0,perf/cpu_util_percent,perf/ram_util_percent,timers/training_iteration_time_ms,causal_order,entorno,semilla,agente_id
3.693793535232544,1,4096,14.855949134347732,128.6539136985858,3.2830917295483912,19.557291666666668,810,0.010731692186099701,-3.0,0.99,0.00029642935503568896,0.0007390084929168911,0.0003,-4.834261894226074,0.21297824382781982,-0.08209671825170517,0.9836245775222778,-0.01651090942323208,-3.0,2.902750015258789,7.968179702758789,1.07999849319458,0.6940706372261047,3.707959771156311,1.0,-4.834261894226074,0.21297824382781982,-0.08209671825170517,0.9836245775222778,-0.01651090942323208,-3.0,2.902750015258789,7.968179702758789,1.07999849319458,810.0,810.0,0.0,0.010731692186099701,0.010731692186099701,0.0,0.00029642935503568896,0.00029642935503568896,0.0,0.0007390084929168911,0.0007390084929168911,0.0,0.0003,0.0003,0.0,-3.0,-3.0,0.0,0.0,0.19000000000000003,24.416666666666668,47.166666666666664,3681.448,0,Hopper-v5,6198,Trial_1
8.746568202972412,2,8192,19.067601519852477,112.19649661923091,4.895551689010196,23.66470588235294,810,0.010731692186099701,-3.0,0.99,0.00029642935503568896,0.0007390084929168911,0.0003,-5.846658706665039,0.12110006809234619,-0.2038019448518753,0.9602932929992676,-0.04051658511161804,-3.0,3.9341046810150146,11.278690338134766,1.117177128791809,0.5539646148681641,3.927798271179199,1.0,-5.846658706665039,0.12110006809234619,-0.2038019448518753,0.9602932929992676,-0.04051658511161804,-3.0,3.9341046810150146,11.278690338134766,1.117177128791809,810.0,810.0,0.0,0.010731692186099701,0.010731692186099701,0.0,0.00029642935503568896,0.00029642935503568896,0.0,0.0007390084929168911,0.0007390084929168911,0.0,0.0003,0.0003,0.0,-3.0,-3.0,0.0,0.0,0.19833333333333336,27.63333333333333,48.550000000000004,4361.986,1,Hopper-v5,6198,Trial_1
13.857810735702515,3,12288,21.00302308370234,179.73940826220843,4.822957443544878,24.366459627329192,810,0.010731692186099701,-3.0,0.99,0.00029642935503568896,0.0007390084929168911,0.0003,-7.0977582931518555,0.10199379175901413,-0.32305672764778137,0.9375486969947815,-0.06448659300804138,-3.0,5.280245780944824,14.481353759765625,1.6541880369186401,0.5234014987945557,4.559128046035767,1.0,-7.0977582931518555,0.10199379175901413,-0.32305672764778137,0.9375486969947815,-0.06448659300804138,-3.0,5.280245780944824,14.481353759765625,1.6541880369186401,810.0,810.0,0.0,0.010731692186099701,0.010731692186099701,0.0,0.00029642935503568896,0.00029642935503568896,0.0,0.0007390084929168911,0.0007390084929168911,0.0,0.0003,0.0003,0.0,-3.0,-3.0,0.0,0.0,0.2425,28.6,49.03750000000001,4607.584,2,Hopper-v5,6198,Trial_1
18.943761825561523,4,16384,26.35663973194988,168.15975559348098,3.2942349859334374,27.263513513513512,810,0.010731692186099701,-3.0,0.99,0.00029642935503568896,0.0007390084929168911,0.0003,-8.299861907958984,0.12066249549388885,-0.44101428985595703,0.9154856204986572,-0.08830057084560394,-3.0,6.449995994567871,15.36435317993164,1.212836742401123,0.5893433094024658,5.506899476051331,1.0,-8.299861907958984,0.12066249549388885,-0.44101428985595703,0.9154856204986572,-0.08830057084560394,-3.0,6.449995994567871,15.36435317993164,1.212836742401123,810.0,810.0,0.0,0.010731692186099701,0.010731692186099701,0.0,0.00029642935503568896,0.00029642935503568896,0.0,0.0007390084929168911,0.0007390084929168911,0.0,0.0003,0.0003,0.0,-3.0,-3.0,0.0,0.0,0.20500000000000002,25.5625,48.6625,4724.049,3,Hopper-v5,6198,Trial_1
24.000425815582275,5,20480,34.06473440178174,161.7704268379644,2.901508166064846,31.582608695652173,810,0.010731692186099701,-3.0,0.99,0.00029642935503568896,0.0007390084929168911,0.0003,-10.104093551635742,0.11585758626461029,-0.5482560992240906,0.8940813541412354,-0.11195851862430573,-3.0,8.318483352661133,19.639698028564453,1.496188998222351,0.5573523044586182,5.229657888412476,1.0,-10.104093551635742,0.11585758626461029,-0.5482560992240906,0.8940813541412354,-0.11195851862430573,-3.0,8.318483352661133,19.639698028564453,1.496188998222351,810.0,810.0,0.0,0.010731692186099701,0.010731692186099701,0.0,0.00029642935503568896,0.00029642935503568896,0.0,0.0007390084929168911,0.0007390084929168911,0.0,0.0003,0.0003,0.0,-3.0,-3.0,0.0,0.0,0.25857142857142856,27.628571428571426,48.64285714285713,4788.308,4,Hopper-v5,6198,Trial_1
28.95308017730713,6,24576,60.36994069463156,210.12168910758547,5.668682559056802,45.53,810,0.010731692186099701,-3.0,0.99,0.00029642935503568896,0.0007390084929168911,0.0003,-12.652862548828125,0.17486822605133057,-0.636204719543457,0.8733657598495483,-0.13540083169937134,-3.0,10.919143676757812,34.470008850097656,1.028522253036499,0.5118663311004639,8.85593318939209,1.0,-12.652862548828125,0.17486822605133057,-0.636204719543457,0.8733657598495483,-0.13540083169937134,-3.0,10.919143676757812,34.470008850097656,1.028522253036499,810.0,810.0,0.0,0.010731692186099701,0.010731692186099701,0.0,0.00029642935503568896,0.00029642935503568896,0.0,0.0007390084929168911,0.0007390084929168911,0.0,0.0003,0.0003,0.0,-3.0,-3.0,0.0,0.0,0.24333333333333332,28.266666666666666,48.85,4813.562,5,Hopper-v5,6198,Trial_1
34.04717683792114,7,28672,66.57521818314066,200.77659366779957,6.626561498591901,46.65,810,0.010731692186099701,-3.0,0.99,0.00029642935503568896,0.0007390084929168911,0.0003,-13.897317886352539,0.1631913185119629,-0.746351420879364,0.8533782362937927,-0.15855242311954498,-3.0,12.032987594604492,28.99118995666504,0.5362040996551514,0.5993609428405762,9.922341346740723,1.0,-13.897317886352539,0.1631913185119629,-0.746351420879364,0.8533782362937927,-0.15855242311954498,-3.0,12.032987594604492,28.99118995666504,0.5362040996551514,810.0,810.0,0.0,0.010731692186099701,0.010731692186099701,0.0,0.00029642935503568896,0.00029642935503568896,0.0,0.0007390084929168911,0.0007390084929168911,0.0,0.0003,0.0003,0.0,-3.0,-3.0,0.0,0.0,0.27,27.185714285714287,49.15714285714285,4851.858,6,Hopper-v5,6198,Trial_1
39.046502113342285,8,32768,82.73413487874379,205.40686002015386,4.5290959765605745,55.88,810,0.010731692186099701,-3.0,0.99,0.00029642935503568896,0.0007390084929168911,0.0003,-16.26880645751953,0.1764189898967743,-0.8480584025382996,0.8341154456138611,-0.18138350546360016,-3.0,14.510880470275879,28.428979873657227,0.8006375432014465,0.6139390468597412,12.273319244384766,1.0,-16.26880645751953,0.1764189898967743,-0.8480584025382996,0.8341154456138611,-0.18138350546360016,-3.0,14.510880470275879,28.428979873657227,0.8006375432014465,810.0,810.0,0.0,0.010731692186099701,0.010731692186099701,0.0,0.00029642935503568896,0.00029642935503568896,0.0,0.0007390084929168911,0.0007390084929168911,0.0,0.0003,0.0003,0.0,-3.0,-3.0,0.0,0.0,0.19428571428571426,27.771428571428572,49.300000000000004,4868.975,7,Hopper-v5,6198,Trial_1
44.30049538612366,9,36864,97.48367222076975,180.46542414957815,8.384122582368303,62.5,810,0.010731692186099701,-3.0,0.99,0.00029642935503568896,0.0007390084929168911,0.0003,-18.516613006591797,0.170871302485466,-0.9382973909378052,0.8154857754707336,-0.2039712816476822,-3.0,16.98514175415039,37.16071319580078,0.7220044136047363,0.6169228553771973,12.415260791778564,1.0,-18.516613006591797,0.170871302485466,-0.9382973909378052,0.8154857754707336,-0.2039712816476822,-3.0,16.98514175415039,37.16071319580078,0.7220044136047363,810.0,810.0,0.0,0.010731692186099701,0.010731692186099701,0.0,0.00029642935503568896,0.00029642935503568896,0.0,0.0007390084929168911,0.0007390084929168911,0.0,0.0003,0.0003,0.0,-3.0,-3.0,0.0,0.0,0.19999999999999998,27.185714285714287,49.542857142857144,4910.405,8,Hopper-v5,6198,Trial_1
49.312193155288696,10,40960,103.17961866075555,192.11024576623495,18.267134561987962,63.63,810,0.010731692186099701,-3.0,0.99,0.00029642935503568896,0.0007390084929168911,0.0003,-19.961746215820312,0.2568466067314148,-1.0211948156356812,0.797405481338501,-0.2263919562101364,-3.0,18.204669952392578,36.359405517578125,0.8098489046096802,0.7009587287902832,18.67313575744629,1.0,-19.961746215820312,0.2568466067314148,-1.0211948156356812,0.797405481338501,-0.2263919562101364,-3.0,18.204669952392578,36.359405517578125,0.8098489046096802,810.0,810.0,0.0,0.010731692186099701,0.010731692186099701,0.0,0.00029642935503568896,0.00029642935503568896,0.0,0.0007390084929168911,0.0007390084929168911,0.0,0.0003,0.0003,0.0,-3.0,-3.0,0.0,0.0,0.26,27.22857142857143,49.728571428571435,4919.331,9,Hopper-v5,6198,Trial_1
54.491862535476685,11,45056,101.75422574913014,215.83289195209682,43.321209995802995,56.51,810,0.010731692186099701,-3.0,0.99,0.00029642935503568896,0.0007390084929168911,0.0003,-22.694503784179688,0.19069495797157288,-1.0790772438049316,0.7798623442649841,-0.248637855052948,-3.0,21.261474609375,39.75293731689453,0.12350191920995712,0.6044940948486328,17.48386526107788,1.0,-22.694503784179688,0.19069495797157288,-1.0790772438049316,0.7798623442649841,-0.248637855052948,-3.0,21.261474609375,39.75293731689453,0.12350191920995712,810.0,810.0,0.0,0.010731692186099701,0.010731692186099701,0.0,0.00029642935503568896,0.00029642935503568896,0.0,0.0007390084929168911,0.0007390084929168911,0.0,0.0003,0.0003,0.0,-3.0,-3.0,0.0,0.0,0.25857142857142856,27.87142857142857,50.057142857142864,5067.949,10,Hopper-v5,6198,Trial_1
59.82796883583069,12,49152,99.70997244758915,201.19473401573524,42.67120027172726,55.13,810,0.010731692186099701,-3.0,0.99,0.00029642935503568896,0.0007390084929168911,0.0003,-24.86473274230957,0.29556167125701904,-1.1625972986221313,0.762735903263092,-0.270843505859375,-3.0,23.38567352294922,38.57973861694336,3.5519092082977295,0.6415233612060547,26.43314838409424,1.0,-24.86473274230957,0.29556167125701904,-1.1625972986221313,0.762735903263092,-0.270843505859375,-3.0,23.38567352294922,38.57973861694336,3.5519092082977295,810.0,810.0,0.0,0.010731692186099701,0.010731692186099701,0.0,0.00029642935503568896,0.00029642935503568896,0.0,0.0007390084929168911,0.0007390084929168911,0.0,0.0003,0.0003,0.0,-3.0,-3.0,0.0,0.0,0.2325,27.450000000000003,50.2,5096.115,11,Hopper-v5,6198,Trial_1
64.78646802902222,13,53248,118.40418813729521,257.78499937948044,45.049100186052506,63.51,810,0.010731692186099701,-3.0,0.99,0.00029642935503568896,0.0007390084929168911,0.0003,-27.373615264892578,0.29893824458122253,-1.2656927108764648,0.746064305305481,-0.29294347763061523,-3.0,25.556049346923828,45.12189865112305,3.242178201675415,0.702326774597168,27.206166744232178,1.0,-27.373615264892578,0.29893824458122253,-1.2656927108764648,0.746064305305481,-0.29294347763061523,-3.0,25.556049346923828,45.12189865112305,3.242178201675415,810.0,810.0,0.0,0.010731692186099701,0.010731692186099701,0.0,0.00029642935503568896,0.00029642935503568896,0.0,0.0007390084929168911,0.0007390084929168911,0.0,0.0003,0.0003,0.0,-3.0,-3.0,0.0,0.0,0.19,27.642857142857142,50.45714285714286,5081.049,12,Hopper-v5,6198,Trial_1
70.39326810836792,14,57344,135.04068877423225,257.7238485935716,45.049100186052506,68.56,810,0.010731692186099701,-3.0,0.99,0.00029642935503568896,0.0007390084929168911,0.0003,-30.291641235351562,0.35840147733688354,-1.3100966215133667,0.7299535870552063,-0.3147743046283722,-3.0,28.440725326538086,46.766746520996094,4.9618353843688965,0.7561068534851074,29.68666172027588,1.0,-30.291641235351562,0.35840147733688354,-1.3100966215133667,0.7299535870552063,-0.3147743046283722,-3.0,28.440725326538086,46.766746520996094,4.9618353843688965,810.0,810.0,0.0,0.010731692186099701,0.010731692186099701,0.0,0.00029642935503568896,0.00029642935503568896,0.0,0.0007390084929168911,0.0007390084929168911,0.0,0.0003,0.0003,0.0,-3.0,-3.0,0.0,0.0,0.24857142857142853,27.957142857142856,50.74285714285715,5133.24,13,Hopper-v5,6198,Trial_1
75.6854636669159,15,61440,148.2818843097818,218.70839227637285,42.37923600269624,73.31,810,0.010731692186099701,-3.0,0.99,0.00029642935503568896,0.0007390084929168911,0.0003,-32.16242218017578,0.2700289487838745,-1.3950345516204834,0.7142161726951599,-0.3365696370601654,-3.0,30.410995483398438,52.69523620605469,1.7727152109146118,0.6471681594848633,28.716100692749023,1.0,-32.16242218017578,0.2700289487838745,-1.3950345516204834,0.7142161726951599,-0.3365696370601654,-3.0,30.410995483398438,52.69523620605469,1.7727152109146118,810.0,810.0,0.0,0.010731692186099701,0.010731692186099701,0.0,0.00029642935503568896,0.00029642935503568896,0.0,0.0007390084929168911,0.0007390084929168911,0.0,0.0003,0.0003,0.0,-3.0,-3.0,0.0,0.0,0.27375,29.8375,51.0,5156.37,14,Hopper-v5,6198,Trial_1
81.00284838676453,16,65536,154.26121450783847,218.70839227637285,43.28493490802913,75.59,810,0.010731692186099701,-3.0,0.99,0.00029642935503568896,0.0007390084929168911,0.0003,-34.94602966308594,0.3305060863494873,-1.4343171119689941,0.6988433599472046,-0.358328640460968,-3.0,33.01264572143555,53.36808776855469,1.1466825008392334,0.8557376861572266,34.39636039733887,1.0,-34.94602966308594,0.3305060863494873,-1.4343171119689941,0.6988433599472046,-0.358328640460968,-3.0,33.01264572143555,53.36808776855469,1.1466825008392334,810.0,810.0,0.0,0.010731692186099701,0.010731692186099701,0.0,0.00029642935503568896,0.00029642935503568896,0.0,0.0007390084929168911,0.0007390084929168911,0.0,0.0003,0.0003,0.0,-3.0,-3.0,0.0,0.0,0.32142857142857145,30.87142857142857,51.48571428571428,5192.647,15,Hopper-v5,6198,Trial_1
86.35303807258606,17,69632,168.3047676477594,212.40462112887985,47.72859752620766,80.42,810,0.010731692186099701,-3.0,0.99,0.00029642935503568896,0.0007390084929168911,0.0003,-36.027610778808594,0.36183372139930725,-1.4997445344924927,0.6838660836219788,-0.37999314069747925,-3.0,34.04473114013672,55.116886138916016,-0.27312684059143066,0.7747468948364258,33.187198638916016,1.0,-36.027610778808594,0.36183372139930725,-1.4997445344924927,0.6838660836219788,-0.37999314069747925,-3.0,34.04473114013672,55.116886138916016,-0.27312684059143066,810.0,810.0,0.0,0.010731692186099701,0.010731692186099701,0.0,0.00029642935503568896,0.00029642935503568896,0.0,0.0007390084929168911,0.0007390084929168911,0.0,0.0003,0.0003,0.0,-3.0,-3.0,0.0,0.0,0.21857142857142856,28.071428571428573,51.72857142857142,5218.343,16,Hopper-v5,6198,Trial_1
91.4714765548706,18,73728,176.98171805897115,208.57899908160067,47.72859752620766,83.95,810,0.010731692186099701,-3.0,0.99,0.00029642935503568896,0.0007390084929168911,0.0003,-38.58296203613281,0.48226600885391235,-1.4485347270965576,0.6692309379577637,-0.4016261100769043,-3.0,36.45812225341797,57.161495208740234,0.862494170665741,0.8526544570922852,37.84534931182861,1.0,-38.58296203613281,0.48226600885391235,-1.4485347270965576,0.6692309379577637,-0.4016261100769043,-3.0,36.45812225341797,57.161495208740234,0.862494170665741,810.0,810.0,0.0,0.010731692186099701,0.010731692186099701,0.0,0.00029642935503568896,0.00029642935503568896,0.0,0.0007390084929168911,0.0007390084929168911,0.0,0.0003,0.0003,0.0,-3.0,-3.0,0.0,0.0,0.21999999999999997,27.314285714285717,51.642857142857146,5230.215,17,Hopper-v5,6198,Trial_1
96.89149379730225,19,77824,177.61753178231848,208.57899908160067,44.710735967287796,84.06,810,0.010731692186099701,-3.0,0.99,0.00029642935503568896,0.0007390084929168911,0.0003,-39.85380935668945,0.5425406098365784,-1.5376203060150146,0.6549520492553711,-0.4231932461261749,-3.0,37.462432861328125,58.08375930786133,-0.01692420244216919,1.125244140625,43.70766544342041,1.0,-39.85380935668945,0.5425406098365784,-1.5376203060150146,0.6549520492553711,-0.4231932461261749,-3.0,37.462432861328125,58.08375930786133,-0.01692420244216919,810.0,810.0,0.0,0.010731692186099701,0.010731692186099701,0.0,0.00029642935503568896,0.00029642935503568896,0.0,0.0007390084929168911,0.0007390084929168911,0.0,0.0003,0.0003,0.0,-3.0,-3.0,0.0,0.0,0.24285714285714285,27.671428571428574,51.842857142857135,5246.866,18,Hopper-v5,6198,Trial_1
102.13363933563232,20,81920,179.9110455210299,203.8034540738667,44.710735967287796,84.3,810,0.010731692186099701,-3.0,0.99,0.00029642935503568896,0.0007390084929168911,0.0003,-43.58558654785156,0.5151925683021545,-1.7229948043823242,0.6410315632820129,-0.44467663764953613,-3.0,41.653377532958984,67.3471908569336,5.040618419647217,0.887054443359375,43.29124450683594,1.0,-43.58558654785156,0.5151925683021545,-1.7229948043823242,0.6410315632820129,-0.44467663764953613,-3.0,41.653377532958984,67.3471908569336,5.040618419647217,810.0,810.0,0.0,0.010731692186099701,0.010731692186099701,0.0,0.00029642935503568896,0.00029642935503568896,0.0,0.0007390084929168911,0.0007390084929168911,0.0,0.0003,0.0003,0.0,-3.0,-3.0,0.0,0.0,0.2571428571428571,28.47142857142857,52.142857142857146,5270.075,19,Hopper-v5,6198,Trial_1
107.33281707763672,21,86016,178.92537143627356,202.22478391731102,46.57771811095784,83.55,810,0.010731692186099701,-3.0,0.99,0.00029642935503568896,0.0007390084929168911,0.0003,-45.52133560180664,0.5116873979568481,-1.7347371578216553,0.627426028251648,-0.46612948179244995,-3.0,43.28268051147461,66.51628112792969,-1.0371419191360474,0.9369001388549805,51.16561317443848,1.0,-45.52133560180664,0.5116873979568481,-1.7347371578216553,0.627426028251648,-0.46612948179244995,-3.0,43.28268051147461,66.51628112792969,-1.0371419191360474,810.0,810.0,0.0,0.010731692186099701,0.010731692186099701,0.0,0.00029642935503568896,0.00029642935503568896,0.0,0.0007390084929168911,0.0007390084929168911,0.0,0.0003,0.0003,0.0,-3.0,-3.0,0.0,0.0,0.26,29.5375,52.2875,5271.902,20,Hopper-v5,6198,Trial_1
112.5922520160675,22,90112,180.95092543125142,202.22478391731102,72.42950147896593,84.43,810,0.010731692186099701,-3.0,0.99,0.00029642935503568896,0.0007390084929168911,0.0003,-47.322288513183594,0.5829077959060669,-1.7768725156784058,0.6140756607055664,-0.48763713240623474,-3.0,45.454307556152344,69.56472778320312,0.09344745427370071,0.8266611099243164,54.03376865386963,1.0,-47.322288513183594,0.5829077959060669,-1.7768725156784058,0.6140756607055664,-0.48763713240623474,-3.0,45.454307556152344,69.56472778320312,0.09344745427370071,810.0,810.0,0.0,0.010731692186099701,0.010731692186099701,0.0,0.00029642935503568896,0.00029642935503568896,0.0,0.0007390084929168911,0.0007390084929168911,0.0,0.0003,0.0003,0.0,-3.0,-3.0,0.0,0.0,0.22285714285714286,28.071428571428573,52.60000000000001,5264.27,21,Hopper-v5,6198,Trial_1
117.98155951499939,23,94208,183.16575915522247,200.84834484222085,171.48466701818708,85.27,810,0.010731692186099701,-3.0,0.99,0.00029642935503568896,0.0007390084929168911,0.0003,-49.69624328613281,0.4808831214904785,-1.9522414207458496,0.6009352207183838,-0.5092681646347046,-3.0,47.87890625,75.5445556640625,-1.1470202207565308,0.7736539840698242,47.98307418823242,1.0,-49.69624328613281,0.4808831214904785,-1.9522414207458496,0.6009352207183838,-0.5092681646347046,-3.0,47.87890625,75.5445556640625,-1.1470202207565308,810.0,810.0,0.0,0.010731692186099701,0.010731692186099701,0.0,0.00029642935503568896,0.00029642935503568896,0.0,0.0007390084929168911,0.0007390084929168911,0.0,0.0003,0.0003,0.0,-3.0,-3.0,0.0,0.0,0.2671428571428572,27.057142857142853,52.95714285714286,5307.142,22,Hopper-v5,6198,Trial_1
123.08413982391357,24,98304,182.25666051691772,200.9117595278335,42.17492667289379,84.4,810,0.010731692186099701,-3.0,0.99,0.00029642935503568896,0.0007390084929168911,0.0003,-51.85342788696289,0.5960811376571655,-2.0011179447174072,0.5880889892578125,-0.5308769345283508,-3.0,49.75678253173828,75.60743713378906,4.646825313568115,0.9897966384887695,57.53943061828613,1.0,-51.85342788696289,0.5960811376571655,-2.0011179447174072,0.5880889892578125,-0.5308769345283508,-3.0,49.75678253173828,75.60743713378906,4.646825313568115,810.0,810.0,0.0,0.010731692186099701,0.010731692186099701,0.0,0.00029642935503568896,0.00029642935503568896,0.0,0.0007390084929168911,0.0007390084929168911,0.0,0.0003,0.0003,0.0,-3.0,-3.0,0.0,0.0,0.18999999999999997,27.02857142857143,53.12857142857143,5256.717,23,Hopper-v5,6198,Trial_1
128.33072423934937,25,102400,181.0014092809975,200.9117595278335,42.17492667289379,83.94,810,0.010731692186099701,-3.0,0.99,0.00029642935503568896,0.0007390084929168911,0.0003,-55.54712677001953,0.5200870037078857,-2.064023494720459,0.5755103230476379,-0.5524981617927551,-3.0,53.06414031982422,83.67803955078125,-1.0559780597686768,0.8837709426879883,53.513179779052734,1.0,-55.54712677001953,0.5200870037078857,-2.064023494720459,0.5755103230476379,-0.5524981617927551,-3.0,53.06414031982422,83.67803955078125,-1.0559780597686768,810.0,810.0,0.0,0.010731692186099701,0.010731692186099701,0.0,0.00029642935503568896,0.00029642935503568896,0.0,0.0007390084929168911,0.0007390084929168911,0.0,0.0003,0.0003,0.0,-3.0,-3.0,0.0,0.0,0.25857142857142856,27.214285714285715,53.342857142857135,5252.445,24,Hopper-v5,6198,Trial_1
133.8156156539917,26,106496,180.24058094160515,198.31377186210457,53.04339626084127,83.83,810,0.010731692186099701,-3.0,0.99,0.00029642935503568896,0.0007390084929168911,0.0003,-57.496002197265625,0.5531672239303589,-2.1239633560180664,0.5631774067878723,-0.574160635471344,-3.0,55.639442443847656,78.64820861816406,2.3480958938598633,0.8747358322143555,62.59667205810547,1.0,-57.496002197265625,0.5531672239303589,-2.1239633560180664,0.5631774067878723,-0.574160635471344,-3.0,55.639442443847656,78.64820861816406,2.3480958938598633,810.0,810.0,0.0,0.010731692186099701,0.010731692186099701,0.0,0.00029642935503568896,0.00029642935503568896,0.0,0.0007390084929168911,0.0007390084929168911,0.0,0.0003,0.0003,0.0,-3.0,-3.0,0.0,0.0,0.27249999999999996,27.0875,53.6375,5269.255,25,Hopper-v5,6198,Trial_1
139.1832582950592,27,110592,182.02201898726446,201.76129336976308,53.04339626084127,84.17,810,0.010731692186099701,-3.0,0.99,0.00029642935503568896,0.0007390084929168911,0.0003,-57.949073791503906,0.6437336206436157,-2.1557183265686035,0.5510885715484619,-0.595859706401825,-3.0,55.7698974609375,85.30607604980469,-2.417879343032837,0.9539594650268555,64.53633880615234,1.0,-57.949073791503906,0.6437336206436157,-2.1557183265686035,0.5510885715484619,-0.595859706401825,-3.0,55.7698974609375,85.30607604980469,-2.417879343032837,810.0,810.0,0.0,0.010731692186099701,0.010731692186099701,0.0,0.00029642935503568896,0.00029642935503568896,0.0,0.0007390084929168911,0.0007390084929168911,0.0,0.0003,0.0003,0.0,-3.0,-3.0,0.0,0.0,0.20285714285714285,28.342857142857138,53.642857142857146,5271.178,26,Hopper-v5,6198,Trial_1
144.44445037841797,28,114688,184.26591713684115,201.76129336976308,171.80650686939683,84.83,810,0.010731692186099701,-3.0,0.99,0.00029642935503568896,0.0007390084929168911,0.0003,-60.36164855957031,0.6608023643493652,-2.384044647216797,0.5391080379486084,-0.6178392767906189,-3.0,58.635223388671875,86.19315338134766,-1.637475609779358,0.8956899642944336,61.6568717956543,1.0,-60.36164855957031,0.6608023643493652,-2.384044647216797,0.5391080379486084,-0.6178392767906189,-3.0,58.635223388671875,86.19315338134766,-1.637475609779358,810.0,810.0,0.0,0.010731692186099701,0.010731692186099701,0.0,0.00029642935503568896,0.00029642935503568896,0.0,0.0007390084929168911,0.0007390084929168911,0.0,0.0003,0.0003,0.0,-3.0,-3.0,0.0,0.0,0.31428571428571433,28.32857142857143,54.142857142857146,5285.109,27,Hopper-v5,6198,Trial_1
149.75079584121704,29,118784,182.52949372398803,201.8875358053467,171.80650686939683,84.74,810,0.010731692186099701,-3.0,0.99,0.00029642935503568896,0.0007390084929168911,0.0003,-61.90071487426758,0.5320780873298645,-2.2868406772613525,0.5272814035415649,-0.6400209665298462,-3.0,60.629390716552734,87.4927978515625,-2.795525074005127,0.7779760360717773,64.05236053466797,1.0,-61.90071487426758,0.5320780873298645,-2.2868406772613525,0.5272814035415649,-0.6400209665298462,-3.0,60.629390716552734,87.4927978515625,-2.795525074005127,810.0,810.0,0.0,0.010731692186099701,0.010731692186099701,0.0,0.00029642935503568896,0.00029642935503568896,0.0,0.0007390084929168911,0.0007390084929168911,0.0,0.0003,0.0003,0.0,-3.0,-3.0,0.0,0.0,0.315,28.1375,54.425,5273.746,28,Hopper-v5,6198,Trial_1
155.15245842933655,30,122880,181.75300690568608,201.8875358053467,170.45884738938824,84.7,810,0.010731692186099701,-3.0,0.99,0.00029642935503568896,0.0007390084929168911,0.0003,-64.55705261230469,0.6784136891365051,-2.354027032852173,0.5157428979873657,-0.6621469259262085,-3.0,62.147972106933594,89.69144439697266,-0.7608029246330261,1.0409631729125977,68.54950904846191,1.0,-64.55705261230469,0.6784136891365051,-2.354027032852173,0.5157428979873657,-0.6621469259262085,-3.0,62.147972106933594,89.69144439697266,-0.7608029246330261,810.0,810.0,0.0,0.010731692186099701,0.010731692186099701,0.0,0.00029642935503568896,0.00029642935503568896,0.0,0.0007390084929168911,0.0007390084929168911,0.0,0.0003,0.0003,0.0,-3.0,-3.0,0.0,0.0,0.27999999999999997,27.95714285714286,54.7,5289.669,29,Hopper-v5,6198,Trial_1
160.2362117767334,31,126976,180.84074814863618,198.9574489005173,170.45884738938824,84.2,810,0.010731692186099701,-3.0,0.99,0.00029642935503568896,0.0007390084929168911,0.0003,-65.65999603271484,0.6608986854553223,-2.4609375,0.5044378042221069,-0.6843107342720032,-3.0,63.524330139160156,93.63616943359375,-3.285205602645874,0.9115352630615234,69.06133270263672,1.0,-65.65999603271484,0.6608986854553223,-2.4609375,0.5044378042221069,-0.6843107342720032,-3.0,63.524330139160156,93.63616943359375,-3.285205602645874,810.0,810.0,0.0,0.010731692186099701,0.010731692186099701,0.0,0.00029642935503568896,0.00029642935503568896,0.0,0.0007390084929168911,0.0007390084929168911,0.0,0.0003,0.0003,0.0,-3.0,-3.0,0.0,0.0,0.2985714285714286,27.97142857142857,54.857142857142854,5277.939,30,Hopper-v5,6198,Trial_1
165.46711444854736,32,131072,178.8486165025185,198.9574489005173,37.09840129206365,83.26,810,0.010731692186099701,-3.0,0.99,0.00029642935503568896,0.0007390084929168911,0.0003,-67.61758422851562,0.5903364419937134,-2.6903319358825684,0.4933754503726959,-0.706484854221344,-3.0,65.8644790649414,99.26543426513672,1.0356720685958862,0.8823528289794922,68.58885192871094,1.0,-67.61758422851562,0.5903364419937134,-2.6903319358825684,0.4933754503726959,-0.706484854221344,-3.0,65.8644790649414,99.26543426513672,1.0356720685958862,810.0,810.0,0.0,0.010731692186099701,0.010731692186099701,0.0,0.00029642935503568896,0.00029642935503568896,0.0,0.0007390084929168911,0.0007390084929168911,0.0,0.0003,0.0003,0.0,-3.0,-3.0,0.0,0.0,0.26,27.042857142857144,55.785714285714285,5275.132,31,Hopper-v5,6198,Trial_1
170.99474620819092,33,135168,178.90515534841606,195.69905498865108,37.09840129206365,83.5,810,0.010731692186099701,-3.0,0.99,0.00029642935503568896,0.0007390084929168911,0.0003,-69.023193359375,0.5432628989219666,-2.5345349311828613,0.482498437166214,-0.7287775874137878,-3.0,66.57138061523438,97.46854400634766,2.9936070442199707,0.9687585830688477,66.75397300720215,1.0,-69.023193359375,0.5432628989219666,-2.5345349311828613,0.482498437166214,-0.7287775874137878,-3.0,66.57138061523438,97.46854400634766,2.9936070442199707,810.0,810.0,0.0,0.010731692186099701,0.010731692186099701,0.0,0.00029642935503568896,0.00029642935503568896,0.0,0.0007390084929168911,0.0007390084929168911,0.0,0.0003,0.0003,0.0,-3.0,-3.0,0.0,0.0,0.225,26.012500000000003,57.675,5288.893,32,Hopper-v5,6198,Trial_1
177.00503540039062,34,139264,180.03818189875076,206.6938216445149,169.28801412560392,84.24,810,0.010731692186099701,-3.0,0.99,0.00029642935503568896,0.0007390084929168911,0.0003,-70.75543212890625,0.7523480653762817,-2.716912269592285,0.4719701111316681,-0.7508396506309509,-3.0,68.55227661132812,99.91260528564453,-1.3907636404037476,1.174703598022461,70.75677108764648,1.0,-70.75543212890625,0.7523480653762817,-2.716912269592285,0.4719701111316681,-0.7508396506309509,-3.0,68.55227661132812,99.91260528564453,-1.3907636404037476,810.0,810.0,0.0,0.010731692186099701,0.010731692186099701,0.0,0.00029642935503568896,0.00029642935503568896,0.0,0.0007390084929168911,0.0007390084929168911,0.0,0.0003,0.0003,0.0,-3.0,-3.0,0.0,0.0,0.23625000000000002,32.25,49.95,5379.683,33,Hopper-v5,6198,Trial_1
182.38658094406128,35,143360,179.31776276524764,206.6938216445149,168.39110689816175,84.09,810,0.010731692186099701,-3.0,0.99,0.00029642935503568896,0.0007390084929168911,0.0003,-71.32389831542969,0.645064115524292,-2.6756529808044434,0.46162542700767517,-0.773001492023468,-3.0,68.70451354980469,101.44859313964844,0.864186704158783,1.068634033203125,69.64359664916992,1.0,-71.32389831542969,0.645064115524292,-2.6756529808044434,0.46162542700767517,-0.773001492023468,-3.0,68.70451354980469,101.44859313964844,0.864186704158783,810.0,810.0,0.0,0.010731692186099701,0.010731692186099701,0.0,0.00029642935503568896,0.00029642935503568896,0.0,0.0007390084929168911,0.0007390084929168911,0.0,0.0003,0.0003,0.0,-3.0,-3.0,0.0,0.0,0.32999999999999996,28.228571428571428,54.114285714285714,5393.433,34,Hopper-v5,6198,Trial_1
187.84805941581726,36,147456,179.7740481787183,194.9629815731081,168.39110689816175,84.07,810,0.010731692186099701,-3.0,0.99,0.00029642935503568896,0.0007390084929168911,0.0003,-76.17792510986328,0.5346106290817261,-3.209531784057617,0.45151764154434204,-0.7951408624649048,-3.0,74.18370819091797,104.02311706542969,5.763767719268799,0.8798408508300781,71.23468399047852,1.0,-76.17792510986328,0.5346106290817261,-3.209531784057617,0.45151764154434204,-0.7951408624649048,-3.0,74.18370819091797,104.02311706542969,5.763767719268799,810.0,810.0,0.0,0.010731692186099701,0.010731692186099701,0.0,0.00029642935503568896,0.00029642935503568896,0.0,0.0007390084929168911,0.0007390084929168911,0.0,0.0003,0.0003,0.0,-3.0,-3.0,0.0,0.0,0.34875,28.1875,54.525,5391.299,35,Hopper-v5,6198,Trial_1
193.1346504688263,37,151552,181.19897268698622,212.992438359417,169.64800240631251,84.17,810,0.010731692186099701,-3.0,0.99,0.00029642935503568896,0.0007390084929168911,0.0003,-76.49189758300781,0.6364139318466187,-3.050917863845825,0.4416346549987793,-0.8172723054885864,-3.0,74.79782104492188,107.35291290283203,2.0733025074005127,1.1223411560058594,72.67158126831055,1.0,-76.49189758300781,0.6364139318466187,-3.050917863845825,0.4416346549987793,-0.8172723054885864,-3.0,74.79782104492188,107.35291290283203,2.0733025074005127,810.0,810.0,0.0,0.010731692186099701,0.010731692186099701,0.0,0.00029642935503568896,0.00029642935503568896,0.0,0.0007390084929168911,0.0007390084929168911,0.0,0.0003,0.0003,0.0,-3.0,-3.0,0.0,0.0,0.3028571428571429,28.771428571428572,54.42857142857144,5383.014,36,Hopper-v5,6198,Trial_1
198.91139554977417,38,155648,181.14278068913285,212.992438359417,169.64800240631251,84.23,810,0.010731692186099701,-3.0,0.99,0.00029642935503568896,0.0007390084929168911,0.0003,-77.71159362792969,0.6165273189544678,-3.2185616493225098,0.43182313442230225,-0.8397392630577087,-3.0,75.78784942626953,113.18388366699219,4.6724653244018555,1.0528440475463867,72.89812088012695,1.0,-77.71159362792969,0.6165273189544678,-3.2185616493225098,0.43182313442230225,-0.8397392630577087,-3.0,75.78784942626953,113.18388366699219,4.6724653244018555,810.0,810.0,0.0,0.010731692186099701,0.010731692186099701,0.0,0.00029642935503568896,0.00029642935503568896,0.0,0.0007390084929168911,0.0007390084929168911,0.0,0.0003,0.0003,0.0,-3.0,-3.0,0.0,0.0,0.3114285714285714,28.428571428571427,54.542857142857144,5435.077,37,Hopper-v5,6198,Trial_1
204.24874711036682,39,159744,180.558434429694,195.88151855563478,169.53656606181875,84.13,810,0.010731692186099701,-3.0,0.99,0.00029642935503568896,0.0007390084929168911,0.0003,-77.2796859741211,0.7650617361068726,-2.9432687759399414,0.42225006222724915,-0.8621575236320496,-3.0,75.02381134033203,110.80496215820312,-5.656232833862305,1.1045236587524414,73.48403739929199,1.0,-77.2796859741211,0.7650617361068726,-2.9432687759399414,0.42225006222724915,-0.8621575236320496,-3.0,75.02381134033203,110.80496215820312,-5.656232833862305,810.0,810.0,0.0,0.010731692186099701,0.010731692186099701,0.0,0.00029642935503568896,0.00029642935503568896,0.0,0.0007390084929168911,0.0007390084929168911,0.0,0.0003,0.0003,0.0,-3.0,-3.0,0.0,0.0,0.24875000000000003,28.3125,54.875,5438.321,38,Hopper-v5,6198,Trial_1
209.41427612304688,40,163840,180.39909075178687,195.88151855563478,169.53656606181875,84.19,810,0.010731692186099701,-3.0,0.99,0.00029642935503568896,0.0007390084929168911,0.0003,-79.68293762207031,0.5924282670021057,-3.3054704666137695,0.4129877984523773,-0.8843372464179993,-3.0,77.87468719482422,121.3720474243164,-1.0869994163513184,1.0227279663085938,70.17014503479004,1.0,-79.68293762207031,0.5924282670021057,-3.3054704666137695,0.4129877984523773,-0.8843372464179993,-3.0,77.87468719482422,121.3720474243164,-1.0869994163513184,810.0,810.0,0.0,0.010731692186099701,0.010731692186099701,0.0,0.00029642935503568896,0.00029642935503568896,0.0,0.0007390084929168911,0.0007390084929168911,0.0,0.0003,0.0003,0.0,-3.0,-3.0,0.0,0.0,0.26857142857142857,28.75714285714286,55.14285714285713,5414.71,39,Hopper-v5,6198,Trial_1
214.70704770088196,41,167936,180.02811849400146,196.55901363163065,170.0672852214998,84.12,810,0.010731692186099701,-3.0,0.99,0.00029642935503568896,0.0007390084929168911,0.0003,-82.46905517578125,0.6648236513137817,-3.3025095462799072,0.40393003821372986,-0.9065135717391968,-3.0,80.65087127685547,115.72112274169922,0.2463967502117157,1.1192169189453125,72.19288635253906,1.0,-82.46905517578125,0.6648236513137817,-3.3025095462799072,0.40393003821372986,-0.9065135717391968,-3.0,80.65087127685547,115.72112274169922,0.2463967502117157,810.0,810.0,0.0,0.010731692186099701,0.010731692186099701,0.0,0.00029642935503568896,0.00029642935503568896,0.0,0.0007390084929168911,0.0007390084929168911,0.0,0.0003,0.0003,0.0,-3.0,-3.0,0.0,0.0,0.26857142857142857,28.457142857142856,55.32857142857142,5436.005,40,Hopper-v5,6198,Trial_1
220.35845065116882,42,172032,179.49915725936856,197.19204543929868,168.69034559233344,83.77,810,0.010731692186099701,-3.0,0.99,0.00029642935503568896,0.0007390084929168911,0.0003,-83.24724578857422,0.543441653251648,-3.373602867126465,0.3950558602809906,-0.9287281632423401,-3.0,81.47693634033203,119.07878112792969,13.525867462158203,0.9965419769287109,71.61010360717773,1.0,-83.24724578857422,0.543441653251648,-3.373602867126465,0.3950558602809906,-0.9287281632423401,-3.0,81.47693634033203,119.07878112792969,13.525867462158203,810.0,810.0,0.0,0.010731692186099701,0.010731692186099701,0.0,0.00029642935503568896,0.00029642935503568896,0.0,0.0007390084929168911,0.0007390084929168911,0.0,0.0003,0.0003,0.0,-3.0,-3.0,0.0,0.0,0.2325,28.012500000000003,55.5375,5477.918,41,Hopper-v5,6198,Trial_1
225.74615859985352,43,176128,179.12311757945307,197.19204543929868,166.95200318676328,83.77,810,0.010731692186099701,-3.0,0.99,0.00029642935503568896,0.0007390084929168911,0.0003,-84.7095718383789,0.6870409846305847,-3.2400295734405518,0.3864288330078125,-0.950807511806488,-3.0,81.5321044921875,131.3707275390625,-5.64009952545166,1.2812366485595703,70.75243186950684,1.0,-84.7095718383789,0.6870409846305847,-3.2400295734405518,0.3864288330078125,-0.950807511806488,-3.0,81.5321044921875,131.3707275390625,-5.64009952545166,810.0,810.0,0.0,0.010731692186099701,0.010731692186099701,0.0,0.00029642935503568896,0.00029642935503568896,0.0,0.0007390084929168911,0.0007390084929168911,0.0,0.0003,0.0003,0.0,-3.0,-3.0,0.0,0.0,0.23714285714285716,29.071428571428573,55.75714285714286,5464.224,42,Hopper-v5,6198,Trial_1
231.13185858726501,44,180224,178.81633157481133,193.74086256587725,166.95200318676328,83.87,810,0.010731692186099701,-3.0,0.99,0.00029642935503568896,0.0007390084929168911,0.0003,-86.37882995605469,0.5827016830444336,-3.3937740325927734,0.37794607877731323,-0.9730037450790405,-3.0,84.11672973632812,125.7873764038086,0.6758124828338623,1.1074142456054688,70.85168838500977,1.0,-86.37882995605469,0.5827016830444336,-3.3937740325927734,0.37794607877731323,-0.9730037450790405,-3.0,84.11672973632812,125.7873764038086,0.6758124828338623,810.0,810.0,0.0,0.010731692186099701,0.010731692186099701,0.0,0.00029642935503568896,0.00029642935503568896,0.0,0.0007390084929168911,0.0007390084929168911,0.0,0.0003,0.0003,0.0,-3.0,-3.0,0.0,0.0,0.3142857142857142,28.95714285714286,55.9,5401.381,43,Hopper-v5,6198,Trial_1
236.41553282737732,45,184320,178.55325417845074,193.74086256587725,169.78882583609536,83.91,810,0.010731692186099701,-3.0,0.99,0.00029642935503568896,0.0007390084929168911,0.0003,-86.64959716796875,0.6720573902130127,-3.08130145072937,0.3695314824581146,-0.9955193996429443,-3.0,84.44093322753906,124.31233978271484,-0.7213535308837891,1.062347412109375,71.65923309326172,1.0,-86.64959716796875,0.6720573902130127,-3.08130145072937,0.3695314824581146,-0.9955193996429443,-3.0,84.44093322753906,124.31233978271484,-0.7213535308837891,810.0,810.0,0.0,0.010731692186099701,0.010731692186099701,0.0,0.00029642935503568896,0.00029642935503568896,0.0,0.0007390084929168911,0.0007390084929168911,0.0,0.0003,0.0003,0.0,-3.0,-3.0,0.0,0.0,0.2825,28.4625,56.275,5391.612,44,Hopper-v5,6198,Trial_1
241.63964939117432,46,188416,177.98201103708794,197.8031390644041,164.9506941457697,83.83,810,0.010731692186099701,-3.0,0.99,0.00029642935503568896,0.0007390084929168911,0.0003,-88.56951141357422,0.5622999668121338,-3.3710007667541504,0.3615037500858307,-1.017482876777649,-3.0,86.40512084960938,145.13589477539062,-9.768282890319824,1.0593929290771484,65.7833251953125,1.0,-88.56951141357422,0.5622999668121338,-3.3710007667541504,0.3615037500858307,-1.017482876777649,-3.0,86.40512084960938,145.13589477539062,-9.768282890319824,810.0,810.0,0.0,0.010731692186099701,0.010731692186099701,0.0,0.00029642935503568896,0.00029642935503568896,0.0,0.0007390084929168911,0.0007390084929168911,0.0,0.0003,0.0003,0.0,-3.0,-3.0,0.0,0.0,0.25,28.642857142857142,56.42857142857143,5367.709,45,Hopper-v5,6198,Trial_1
247.2416479587555,47,192512,178.74260991675564,197.8031390644041,164.9506941457697,83.74,810,0.010731692186099701,-3.0,0.99,0.00029642935503568896,0.0007390084929168911,0.0003,-89.64138793945312,0.5326275825500488,-3.359217882156372,0.3536119759082794,-1.0395550727844238,-3.0,87.5143814086914,136.05517578125,-1.2868118286132812,1.2540397644042969,63.061134338378906,1.0,-89.64138793945312,0.5326275825500488,-3.359217882156372,0.3536119759082794,-1.0395550727844238,-3.0,87.5143814086914,136.05517578125,-1.2868118286132812,810.0,810.0,0.0,0.010731692186099701,0.010731692186099701,0.0,0.00029642935503568896,0.00029642935503568896,0.0,0.0007390084929168911,0.0007390084929168911,0.0,0.0003,0.0003,0.0,-3.0,-3.0,0.0,0.0,0.3271428571428571,28.028571428571432,56.65714285714286,5399.258,46,Hopper-v5,6198,Trial_1
252.50641441345215,48,196608,178.11626461791275,191.62909632740806,163.56941256641713,83.53,810,0.010731692186099701,-3.0,0.99,0.00029642935503568896,0.0007390084929168911,0.0003,-87.41434478759766,0.5451840162277222,-3.3245930671691895,0.3459756076335907,-1.0613869428634644,-3.0,85.41412353515625,133.27682495117188,-7.730251312255859,1.1648902893066406,60.61624717712402,1.0,-87.41434478759766,0.5451840162277222,-3.3245930671691895,0.3459756076335907,-1.0613869428634644,-3.0,85.41412353515625,133.27682495117188,-7.730251312255859,810.0,810.0,0.0,0.010731692186099701,0.010731692186099701,0.0,0.00029642935503568896,0.00029642935503568896,0.0,0.0007390084929168911,0.0007390084929168911,0.0,0.0003,0.0003,0.0,-3.0,-3.0,0.0,0.0,0.27125,27.75,56.8125,5347.55,47,Hopper-v5,6198,Trial_1
257.82337045669556,49,200704,178.57396675009008,193.74461292594376,163.56941256641713,83.62,810,0.010731692186099701,-3.0,0.99,0.00029642935503568896,0.0007390084929168911,0.0003,-89.55292510986328,0.6348716020584106,-3.307936668395996,0.33855509757995605,-1.0830683708190918,-3.0,87.30572509765625,129.86477661132812,4.361998081207275,1.5411396026611328,63.30910396575928,1.0,-89.55292510986328,0.6348716020584106,-3.307936668395996,0.33855509757995605,-1.0830683708190918,-3.0,87.30572509765625,129.86477661132812,4.361998081207275,810.0,810.0,0.0,0.010731692186099701,0.010731692186099701,0.0,0.00029642935503568896,0.00029642935503568896,0.0,0.0007390084929168911,0.0007390084929168911,0.0,0.0003,0.0003,0.0,-3.0,-3.0,0.0,0.0,0.31428571428571433,29.471428571428568,57.18571428571429,5345.547,48,Hopper-v5,6198,Trial_1
263.00224471092224,50,204800,179.06182452143597,193.74461292594376,169.61352066671344,83.68,810,0.010731692186099701,-3.0,0.99,0.00029642935503568896,0.0007390084929168911,0.0003,-91.84722900390625,0.583962082862854,-3.432206153869629,0.3314191699028015,-1.1043713092803955,-3.0,89.35501098632812,133.1457977294922,-3.084235191345215,1.3484821319580078,55.176297187805176,1.0,-91.84722900390625,0.583962082862854,-3.432206153869629,0.3314191699028015,-1.1043713092803955,-3.0,89.35501098632812,133.1457977294922,-3.084235191345215,810.0,810.0,0.0,0.010731692186099701,0.010731692186099701,0.0,0.00029642935503568896,0.00029642935503568896,0.0,0.0007390084929168911,0.0007390084929168911,0.0,0.0003,0.0003,0.0,-3.0,-3.0,0.0,0.0,0.35000000000000003,28.2,57.27142857142858,5346.764,49,Hopper-v5,6198,Trial_1
268.47567415237427,51,208896,179.17473424441127,194.21035547722147,169.61352066671344,83.68,810,0.010731692186099701,-3.0,0.99,0.00029642935503568896,0.0007390084929168911,0.0003,-91.41974639892578,0.7131932973861694,-3.8702831268310547,0.3243233263492584,-1.1260143518447876,-3.0,89.44233703613281,142.3852081298828,-2.258817434310913,1.2220211029052734,60.71793079376221,1.0,-91.41974639892578,0.7131932973861694,-3.8702831268310547,0.3243233263492584,-1.1260143518447876,-3.0,89.44233703613281,142.3852081298828,-2.258817434310913,810.0,810.0,0.0,0.010731692186099701,0.010731692186099701,0.0,0.00029642935503568896,0.00029642935503568896,0.0,0.0007390084929168911,0.0007390084929168911,0.0,0.0003,0.0003,0.0,-3.0,-3.0,0.0,0.0,0.2857142857142857,28.157142857142855,57.61428571428572,5364.792,50,Hopper-v5,6198,Trial_1
273.8406660556793,52,212992,179.59121235935015,197.4193747348658,167.91376664807783,83.94,810,0.010731692186099701,-3.0,0.99,0.00029642935503568896,0.0007390084929168911,0.0003,-91.68241882324219,0.6603885293006897,-3.5612850189208984,0.3175046443939209,-1.1472628116607666,-3.0,89.73001861572266,132.63714599609375,1.6967881917953491,1.1388826370239258,55.68948554992676,1.0,-91.68241882324219,0.6603885293006897,-3.5612850189208984,0.3175046443939209,-1.1472628116607666,-3.0,89.73001861572266,132.63714599609375,1.6967881917953491,810.0,810.0,0.0,0.010731692186099701,0.010731692186099701,0.0,0.00029642935503568896,0.00029642935503568896,0.0,0.0007390084929168911,0.0007390084929168911,0.0,0.0003,0.0003,0.0,-3.0,-3.0,0.0,0.0,0.31999999999999995,28.45,57.75,5336.156,51,Hopper-v5,6198,Trial_1
279.64417266845703,53,217088,178.51493734437653,197.4193747348658,167.91376664807783,83.69,810,0.010731692186099701,-3.0,0.99,0.00029642935503568896,0.0007390084929168911,0.0003,-94.35216522216797,0.7124741077423096,-3.3682684898376465,0.31094303727149963,-1.1681455373764038,-3.0,92.2310562133789,139.27879333496094,-7.4502153396606445,1.2794952392578125,68.55464363098145,1.0,-94.35216522216797,0.7124741077423096,-3.3682684898376465,0.31094303727149963,-1.1681455373764038,-3.0,92.2310562133789,139.27879333496094,-7.4502153396606445,810.0,810.0,0.0,0.010731692186099701,0.010731692186099701,0.0,0.00029642935503568896,0.00029642935503568896,0.0,0.0007390084929168911,0.0007390084929168911,0.0,0.0003,0.0003,0.0,-3.0,-3.0,0.0,0.0,0.2257142857142857,27.828571428571426,58.028571428571425,5377.788,52,Hopper-v5,6198,Trial_1
284.9155662059784,54,221184,179.2400073370818,194.07365149934088,168.42265125364244,83.39,810,0.010731692186099701,-3.0,0.99,0.00029642935503568896,0.0007390084929168911,0.0003,-93.04283142089844,0.5302255153656006,-3.7609357833862305,0.3043568432331085,-1.1895544528961182,-3.0,91.42376708984375,162.48428344726562,17.14068603515625,1.3241405487060547,48.27469348907471,1.0,-93.04283142089844,0.5302255153656006,-3.7609357833862305,0.3043568432331085,-1.1895544528961182,-3.0,91.42376708984375,162.48428344726562,17.14068603515625,810.0,810.0,0.0,0.010731692186099701,0.010731692186099701,0.0,0.00029642935503568896,0.00029642935503568896,0.0,0.0007390084929168911,0.0007390084929168911,0.0,0.0003,0.0003,0.0,-3.0,-3.0,0.0,0.0,0.2885714285714286,28.028571428571432,58.27142857142858,5366.464,53,Hopper-v5,6198,Trial_1
290.4436948299408,55,225280,179.76287114164424,196.17454690674057,169.4222349693855,83.54,810,0.010731692186099701,-3.0,0.99,0.00029642935503568896,0.0007390084929168911,0.0003,-94.91539001464844,0.5011422634124756,-4.007946014404297,0.29801443219184875,-1.2106133699417114,-3.0,93.47874450683594,145.58766174316406,-3.1771364212036133,1.3210716247558594,49.73315620422363,1.0,-94.91539001464844,0.5011422634124756,-4.007946014404297,0.29801443219184875,-1.2106133699417114,-3.0,93.47874450683594,145.58766174316406,-3.1771364212036133,810.0,810.0,0.0,0.010731692186099701,0.010731692186099701,0.0,0.00029642935503568896,0.00029642935503568896,0.0,0.0007390084929168911,0.0007390084929168911,0.0,0.0003,0.0003,0.0,-3.0,-3.0,0.0,0.0,0.30500000000000005,28.775,58.4375,5390.712,54,Hopper-v5,6198,Trial_1
295.74577379226685,56,229376,180.02811336101527,196.90689397418507,169.4222349693855,83.68,810,0.010731692186099701,-3.0,0.99,0.00029642935503568896,0.0007390084929168911,0.0003,-94.77189636230469,0.48977988958358765,-3.7147045135498047,0.2917691171169281,-1.2317924499511719,-3.0,93.1827621459961,139.07740783691406,1.3565226793289185,1.2247314453125,41.109426498413086,1.0,-94.77189636230469,0.48977988958358765,-3.7147045135498047,0.2917691171169281,-1.2317924499511719,-3.0,93.1827621459961,139.07740783691406,1.3565226793289185,810.0,810.0,0.0,0.010731692186099701,0.010731692186099701,0.0,0.00029642935503568896,0.00029642935503568896,0.0,0.0007390084929168911,0.0007390084929168911,0.0,0.0003,0.0003,0.0,-3.0,-3.0,0.0,0.0,0.35571428571428576,28.114285714285717,58.642857142857146,5398.827,55,Hopper-v5,6198,Trial_1
300.9631247520447,57,233472,181.0417647758155,196.90689397418507,170.1424575878297,83.71,810,0.010731692186099701,-3.0,0.99,0.00029642935503568896,0.0007390084929168911,0.0003,-96.84266662597656,0.5729392170906067,-3.6327786445617676,0.28587496280670166,-1.252200722694397,-3.0,94.60902404785156,154.75123596191406,-3.554826021194458,1.406351089477539,46.63058853149414,1.0,-96.84266662597656,0.5729392170906067,-3.6327786445617676,0.28587496280670166,-1.252200722694397,-3.0,94.60902404785156,154.75123596191406,-3.554826021194458,810.0,810.0,0.0,0.010731692186099701,0.010731692186099701,0.0,0.00029642935503568896,0.00029642935503568896,0.0,0.0007390084929168911,0.0007390084929168911,0.0,0.0003,0.0003,0.0,-3.0,-3.0,0.0,0.0,0.33428571428571435,28.299999999999994,58.971428571428575,5360.347,56,Hopper-v5,6198,Trial_1
306.4313404560089,58,237568,180.25443643175402,196.55383347447912,169.2084977698819,83.52,810,0.010731692186099701,-3.0,0.99,0.00029642935503568896,0.0007390084929168911,0.0003,-98.2640380859375,0.680757462978363,-3.5409626960754395,0.280050665140152,-1.27278470993042,-3.0,95.49517822265625,145.7489013671875,-1.5344702005386353,1.566598892211914,78.67173194885254,1.0,-98.2640380859375,0.680757462978363,-3.5409626960754395,0.280050665140152,-1.27278470993042,-3.0,95.49517822265625,145.7489013671875,-1.5344702005386353,810.0,810.0,0.0,0.010731692186099701,0.010731692186099701,0.0,0.00029642935503568896,0.00029642935503568896,0.0,0.0007390084929168911,0.0007390084929168911,0.0,0.0003,0.0003,0.0,-3.0,-3.0,0.0,0.0,0.28625,28.7625,59.3375,5380.713,57,Hopper-v5,6198,Trial_1
312.12325167655945,59,241664,179.5807463496834,195.97337090966042,169.2084977698819,83.47,810,0.010731692186099701,-3.0,0.99,0.00029642935503568896,0.0007390084929168911,0.0003,-96.94271850585938,0.5519577860832214,-3.291522264480591,0.2743498384952545,-1.293351173400879,-3.0,93.30464935302734,153.7476806640625,-6.075832843780518,1.548583984375,41.49878787994385,1.0,-96.94271850585938,0.5519577860832214,-3.291522264480591,0.2743498384952545,-1.293351173400879,-3.0,93.30464935302734,153.7476806640625,-6.075832843780518,810.0,810.0,0.0,0.010731692186099701,0.010731692186099701,0.0,0.00029642935503568896,0.00029642935503568896,0.0,0.0007390084929168911,0.0007390084929168911,0.0,0.0003,0.0003,0.0,-3.0,-3.0,0.0,0.0,0.24875000000000003,27.6875,59.5375,5418.069,58,Hopper-v5,6198,Trial_1
317.5718286037445,60,245760,180.73282669727618,195.97337090966042,171.33170576778107,83.55,810,0.010731692186099701,-3.0,0.99,0.00029642935503568896,0.0007390084929168911,0.0003,-97.61116027832031,0.40830379724502563,-3.330141544342041,0.26872533559799194,-1.3140654563903809,-3.0,95.54177856445312,157.25048828125,-9.614157676696777,1.460214614868164,24.68060874938965,1.0,-97.61116027832031,0.40830379724502563,-3.330141544342041,0.26872533559799194,-1.3140654563903809,-3.0,95.54177856445312,157.25048828125,-9.614157676696777,810.0,810.0,0.0,0.010731692186099701,0.010731692186099701,0.0,0.00029642935503568896,0.00029642935503568896,0.0,0.0007390084929168911,0.0007390084929168911,0.0,0.0003,0.0003,0.0,-3.0,-3.0,0.0,0.0,0.31000000000000005,28.428571428571434,59.72857142857142,5445.193,59,Hopper-v5,6198,Trial_1
323.1550030708313,61,249856,181.80757977193062,201.0188781854116,172.46767430482424,83.7,810,0.010731692186099701,-3.0,0.99,0.00029642935503568896,0.0007390084929168911,0.0003,-98.06147003173828,0.43765443563461304,-4.262811660766602,0.26338544487953186,-1.334136724472046,-3.0,96.45642852783203,160.04432678222656,-7.619377136230469,1.2649154663085938,31.70300006866455,1.0,-98.06147003173828,0.43765443563461304,-4.262811660766602,0.26338544487953186,-1.334136724472046,-3.0,96.45642852783203,160.04432678222656,-7.619377136230469,810.0,810.0,0.0,0.010731692186099701,0.010731692186099701,0.0,0.00029642935503568896,0.00029642935503568896,0.0,0.0007390084929168911,0.0007390084929168911,0.0,0.0003,0.0003,0.0,-3.0,-3.0,0.0,0.0,0.255,28.525000000000002,60.1875,5455.852,60,Hopper-v5,6198,Trial_1
328.5287506580353,62,253952,183.7494353039936,201.0188781854116,173.11505937571852,84.19,810,0.010731692186099701,-3.0,0.99,0.00029642935503568896,0.0007390084929168911,0.0003,-101.59366607666016,0.4015650749206543,-3.773235321044922,0.2578984797000885,-1.3551892042160034,-3.0,99.50859832763672,167.78109741210938,2.522371292114258,1.388763427734375,21.088855743408203,1.0,-101.59366607666016,0.4015650749206543,-3.773235321044922,0.2578984797000885,-1.3551892042160034,-3.0,99.50859832763672,167.78109741210938,2.522371292114258,810.0,810.0,0.0,0.010731692186099701,0.010731692186099701,0.0,0.00029642935503568896,0.00029642935503568896,0.0,0.0007390084929168911,0.0007390084929168911,0.0,0.0003,0.0003,0.0,-3.0,-3.0,0.0,0.0,0.21714285714285714,28.199999999999996,60.3,5457.012,61,Hopper-v5,6198,Trial_1
333.8261749744415,63,258048,185.12258464130565,199.84026148134555,174.27821351861758,84.48,810,0.010731692186099701,-3.0,0.99,0.00029642935503568896,0.0007390084929168911,0.0003,-100.71556091308594,0.38555771112442017,-3.737642526626587,0.25253626704216003,-1.3762004375457764,-3.0,99.54739379882812,177.33909606933594,7.634937763214111,1.4236030578613281,19.86047077178955,1.0,-100.71556091308594,0.38555771112442017,-3.737642526626587,0.25253626704216003,-1.3762004375457764,-3.0,99.54739379882812,177.33909606933594,7.634937763214111,810.0,810.0,0.0,0.010731692186099701,0.010731692186099701,0.0,0.00029642935503568896,0.00029642935503568896,0.0,0.0007390084929168911,0.0007390084929168911,0.0,0.0003,0.0003,0.0,-3.0,-3.0,0.0,0.0,0.22714285714285712,25.214285714285715,61.15714285714286,5406.316,62,Hopper-v5,6198,Trial_1
338.9847137928009,64,262144,185.27930673835263,199.84026148134555,172.52265412909466,84.7,810,0.010731692186099701,-3.0,0.99,0.00029642935503568896,0.0007390084929168911,0.0003,-97.73078155517578,0.4535931944847107,-3.381795644760132,0.24725580215454102,-1.3973318338394165,-3.0,96.4422607421875,146.38194274902344,-11.94732666015625,1.2323265075683594,25.171271324157715,1.0,-97.73078155517578,0.4535931944847107,-3.381795644760132,0.24725580215454102,-1.3973318338394165,-3.0,96.4422607421875,146.38194274902344,-11.94732666015625,810.0,810.0,0.0,0.010731692186099701,0.010731692186099701,0.0,0.00029642935503568896,0.00029642935503568896,0.0,0.0007390084929168911,0.0007390084929168911,0.0,0.0003,0.0003,0.0,-3.0,-3.0,0.0,0.0,0.13285714285714287,24.442857142857143,64.2,5395.168,63,Hopper-v5,6198,Trial_1
344.3652927875519,65,266240,184.90693964683206,212.4748977800365,166.71359175994428,84.87,810,0.010731692186099701,-3.0,0.99,0.00029642935503568896,0.0007390084929168911,0.0003,-101.233154296875,0.35543566942214966,-4.534903526306152,0.2420373558998108,-1.4186632633209229,-3.0,100.25806427001953,165.51954650878906,-2.241354465484619,1.270904541015625,12.73033595085144,1.0,-101.233154296875,0.35543566942214966,-4.534903526306152,0.2420373558998108,-1.4186632633209229,-3.0,100.25806427001953,165.51954650878906,-2.241354465484619,810.0,810.0,0.0,0.010731692186099701,0.010731692186099701,0.0,0.00029642935503568896,0.00029642935503568896,0.0,0.0007390084929168911,0.0007390084929168911,0.0,0.0003,0.0003,0.0,-3.0,-3.0,0.0,0.0,0.13428571428571429,24.214285714285715,67.65714285714286,5380.512,64,Hopper-v5,6198,Trial_1
350.0771462917328,66,270336,184.16003296845702,212.4748977800365,166.71359175994428,84.98,810,0.010731692186099701,-3.0,0.99,0.00029642935503568896,0.0007390084929168911,0.0003,-98.34736633300781,0.3942294716835022,-4.184401512145996,0.2367161512374878,-1.440893530845642,-3.0,97.34298706054688,158.8849639892578,-2.3684158325195312,1.2663860321044922,13.238784790039062,1.0,-98.34736633300781,0.3942294716835022,-4.184401512145996,0.2367161512374878,-1.440893530845642,-3.0,97.34298706054688,158.8849639892578,-2.3684158325195312,810.0,810.0,0.0,0.010731692186099701,0.010731692186099701,0.0,0.00029642935503568896,0.00029642935503568896,0.0,0.0007390084929168911,0.0007390084929168911,0.0,0.0003,0.0003,0.0,-3.0,-3.0,0.0,0.0,0.13375,24.025,68.1375,5421.288,65,Hopper-v5,6198,Trial_1
356.3702609539032,67,274432,184.2176228447223,205.373426245611,171.97282536791062,85.0,810,0.010731692186099701,-3.0,0.99,0.00029642935503568896,0.0007390084929168911,0.0003,-98.97391510009766,0.5391192436218262,-4.365281105041504,0.23142704367637634,-1.463490605354309,-3.0,98.3211441040039,155.78736877441406,5.412041187286377,1.450235366821289,13.949014663696289,1.0,-98.97391510009766,0.5391192436218262,-4.365281105041504,0.23142704367637634,-1.463490605354309,-3.0,98.3211441040039,155.78736877441406,5.412041187286377,810.0,810.0,0.0,0.010731692186099701,0.010731692186099701,0.0,0.00029642935503568896,0.00029642935503568896,0.0,0.0007390084929168911,0.0007390084929168911,0.0,0.0003,0.0003,0.0,-3.0,-3.0,0.0,0.0,0.14333333333333334,36.0,48.233333333333334,5528.624,66,Hopper-v5,6198,Trial_1
362.0945906639099,68,278528,186.47041351807093,214.43203287172722,171.97282536791062,85.52,810,0.010731692186099701,-3.0,0.99,0.00029642935503568896,0.0007390084929168911,0.0003,-102.0171127319336,0.41011521220207214,-4.180732250213623,0.2261563241481781,-1.4865288734436035,-3.0,101.24063110351562,163.36570739746094,0.4720052480697632,1.1455707550048828,11.223423957824707,1.0,-102.0171127319336,0.41011521220207214,-4.180732250213623,0.2261563241481781,-1.4865288734436035,-3.0,101.24063110351562,163.36570739746094,0.4720052480697632,810.0,810.0,0.0,0.010731692186099701,0.010731692186099701,0.0,0.00029642935503568896,0.00029642935503568896,0.0,0.0007390084929168911,0.0007390084929168911,0.0,0.0003,0.0003,0.0,-3.0,-3.0,0.0,0.0,0.3,28.4125,53.837500000000006,5554.515,67,Hopper-v5,6198,Trial_1
367.5076529979706,69,282624,189.54990038474625,214.43203287172722,174.47615503051242,86.28,810,0.010731692186099701,-3.0,0.99,0.00029642935503568896,0.0007390084929168911,0.0003,-102.25765991210938,0.40325456857681274,-4.608186721801758,0.22097373008728027,-1.509711503982544,-3.0,101.74143981933594,165.94606018066406,1.5350221395492554,1.2214441299438477,9.445355415344238,1.0,-102.25765991210938,0.40325456857681274,-4.608186721801758,0.22097373008728027,-1.509711503982544,-3.0,101.74143981933594,165.94606018066406,1.5350221395492554,810.0,810.0,0.0,0.010731692186099701,0.010731692186099701,0.0,0.00029642935503568896,0.00029642935503568896,0.0,0.0007390084929168911,0.0007390084929168911,0.0,0.0003,0.0003,0.0,-3.0,-3.0,0.0,0.0,0.31999999999999995,28.457142857142852,54.32857142857143,5526.465,68,Hopper-v5,6198,Trial_1
372.81660079956055,70,286720,192.1207525211495,212.3167404344208,176.75139216962333,87.51,810,0.010731692186099701,-3.0,0.99,0.00029642935503568896,0.0007390084929168911,0.0003,-99.93051147460938,0.3928706645965576,-4.813954830169678,0.21578000485897064,-1.5334959030151367,-3.0,99.00030517578125,157.73329162597656,-0.7831653952598572,1.382110595703125,10.181761980056763,1.0,-99.93051147460938,0.3928706645965576,-4.813954830169678,0.21578000485897064,-1.5334959030151367,-3.0,99.00030517578125,157.73329162597656,-0.7831653952598572,810.0,810.0,0.0,0.010731692186099701,0.010731692186099701,0.0,0.00029642935503568896,0.00029642935503568896,0.0,0.0007390084929168911,0.0007390084929168911,0.0,0.0003,0.0003,0.0,-3.0,-3.0,0.0,0.0,0.2714285714285714,28.714285714285715,54.199999999999996,5512.392,69,Hopper-v5,6198,Trial_1
378.1930067539215,71,290816,193.3084459679552,219.02565554495555,174.37907402555447,88.15,810,0.010731692186099701,-3.0,0.99,0.00029642935503568896,0.0007390084929168911,0.0003,-96.51448059082031,0.38987457752227783,-4.720981597900391,0.21072256565093994,-1.5572128295898438,-3.0,95.75251770019531,155.21859741210938,-11.081241607666016,1.3134136199951172,10.791471481323242,1.0,-96.51448059082031,0.38987457752227783,-4.720981597900391,0.21072256565093994,-1.5572128295898438,-3.0,95.75251770019531,155.21859741210938,-11.081241607666016,810.0,810.0,0.0,0.010731692186099701,0.010731692186099701,0.0,0.00029642935503568896,0.00029642935503568896,0.0,0.0007390084929168911,0.0007390084929168911,0.0,0.0003,0.0003,0.0,-3.0,-3.0,0.0,0.0,0.2914285714285714,29.028571428571432,54.142857142857146,5491.795,70,Hopper-v5,6198,Trial_1
383.97799611091614,72,294912,196.7156680071679,219.02565554495555,169.27322678860634,88.95,810,0.010731692186099701,-3.0,0.99,0.00029642935503568896,0.0007390084929168911,0.0003,-102.07981872558594,0.3608282506465912,-4.7676286697387695,0.20582161843776703,-1.5807453393936157,-3.0,102.02957153320312,155.20516967773438,-1.479688286781311,1.1813945770263672,7.415245294570923,1.0,-102.07981872558594,0.3608282506465912,-4.7676286697387695,0.20582161843776703,-1.5807453393936157,-3.0,102.02957153320312,155.20516967773438,-1.479688286781311,810.0,810.0,0.0,0.010731692186099701,0.010731692186099701,0.0,0.00029642935503568896,0.00029642935503568896,0.0,0.0007390084929168911,0.0007390084929168911,0.0,0.0003,0.0003,0.0,-3.0,-3.0,0.0,0.0,0.20375,28.512500000000003,54.3875,5532.677,71,Hopper-v5,6198,Trial_1
389.4654097557068,73,299008,204.54546479973635,226.66669618330124,169.27322678860634,91.15,810,0.010731692186099701,-3.0,0.99,0.00029642935503568896,0.0007390084929168911,0.0003,-102.49671936035156,0.3207809627056122,-4.3211774826049805,0.20112629234790802,-1.6038222312927246,-3.0,102.43208312988281,160.10800170898438,1.6753509044647217,1.3413944244384766,8.510336875915527,1.0,-102.49671936035156,0.3207809627056122,-4.3211774826049805,0.20112629234790802,-1.6038222312927246,-3.0,102.43208312988281,160.10800170898438,1.6753509044647217,810.0,810.0,0.0,0.010731692186099701,0.010731692186099701,0.0,0.00029642935503568896,0.00029642935503568896,0.0,0.0007390084929168911,0.0007390084929168911,0.0,0.0003,0.0003,0.0,-3.0,-3.0,0.0,0.0,0.25625,28.5625,54.60000000000001,5551.116,72,Hopper-v5,6198,Trial_1
394.97901821136475,74,303104,215.2247890046622,237.08099868890042,179.48857308111295,94.27,810,0.010731692186099701,-3.0,0.99,0.00029642935503568896,0.0007390084929168911,0.0003,-102.12487030029297,0.23365432024002075,-4.622652053833008,0.19660897552967072,-1.6265383958816528,-3.0,101.72386169433594,178.4418487548828,-0.2758239507675171,1.0613136291503906,6.207866430282593,1.0,-102.12487030029297,0.23365432024002075,-4.622652053833008,0.19660897552967072,-1.6265383958816528,-3.0,101.72386169433594,178.4418487548828,-0.2758239507675171,810.0,810.0,0.0,0.010731692186099701,0.010731692186099701,0.0,0.00029642935503568896,0.00029642935503568896,0.0,0.0007390084929168911,0.0007390084929168911,0.0,0.0003,0.0003,0.0,-3.0,-3.0,0.0,0.0,0.25285714285714284,28.414285714285718,54.7,5586.647,73,Hopper-v5,6198,Trial_1
400.3241717815399,75,307200,222.28535670117705,243.77397944043562,175.72090462762458,96.69,810,0.010731692186099701,-3.0,0.99,0.00029642935503568896,0.0007390084929168911,0.0003,-103.36152648925781,0.29185745120048523,-4.039710998535156,0.19228807091712952,-1.6487606763839722,-3.0,102.90636444091797,154.11431884765625,-6.704992294311523,1.1387748718261719,7.85992431640625,1.0,-103.36152648925781,0.29185745120048523,-4.039710998535156,0.19228807091712952,-1.6487606763839722,-3.0,102.90636444091797,154.11431884765625,-6.704992294311523,810.0,810.0,0.0,0.010731692186099701,0.010731692186099701,0.0,0.00029642935503568896,0.00029642935503568896,0.0,0.0007390084929168911,0.0007390084929168911,0.0,0.0003,0.0003,0.0,-3.0,-3.0,0.0,0.0,0.26875,29.025,54.8,5583.079,74,Hopper-v5,6198,Trial_1
405.7481861114502,76,311296,230.86688286261557,273.0749254809125,175.72090462762458,99.27,810,0.010731692186099701,-3.0,0.99,0.00029642935503568896,0.0007390084929168911,0.0003,-103.55216979980469,0.24638047814369202,-4.666118144989014,0.1880640685558319,-1.6709725856781006,-3.0,103.20791625976562,154.50657653808594,0.2499476969242096,1.1347441673278809,5.667293548583984,1.0,-103.55216979980469,0.24638047814369202,-4.666118144989014,0.1880640685558319,-1.6709725856781006,-3.0,103.20791625976562,154.50657653808594,0.2499476969242096,810.0,810.0,0.0,0.010731692186099701,0.010731692186099701,0.0,0.00029642935503568896,0.00029642935503568896,0.0,0.0007390084929168911,0.0007390084929168911,0.0,0.0003,0.0003,0.0,-3.0,-3.0,0.0,0.0,0.27285714285714285,28.17142857142857,54.97142857142858,5554.355,75,Hopper-v5,6198,Trial_1
411.2501962184906,77,315392,236.23777730023295,290.89139254132016,170.28738947592925,101.54,810,0.010731692186099701,-3.0,0.99,0.00029642935503568896,0.0007390084929168911,0.0003,-106.75244140625,0.24052566289901733,-4.4942307472229,0.18400266766548157,-1.6928050518035889,-3.0,106.3028793334961,171.89988708496094,-0.846132218837738,1.2161598205566406,5.513528823852539,1.0,-106.75244140625,0.24052566289901733,-4.4942307472229,0.18400266766548157,-1.6928050518035889,-3.0,106.3028793334961,171.89988708496094,-0.846132218837738,810.0,810.0,0.0,0.010731692186099701,0.010731692186099701,0.0,0.00029642935503568896,0.00029642935503568896,0.0,0.0007390084929168911,0.0007390084929168911,0.0,0.0003,0.0003,0.0,-3.0,-3.0,0.0,0.0,0.32,28.885714285714283,55.05714285714287,5475.461,76,Hopper-v5,6198,Trial_1
416.6099693775177,78,319488,233.60062416434218,297.0964149215899,170.28738947592925,103.51,810,0.010731692186099701,-3.0,0.99,0.00029642935503568896,0.0007390084929168911,0.0003,-106.17974853515625,0.31379827857017517,-3.9863061904907227,0.18013793230056763,-1.7140324115753174,-3.0,105.24907684326172,168.40577697753906,-1.970069169998169,1.1952056884765625,7.434276580810547,1.0,-106.17974853515625,0.31379827857017517,-3.9863061904907227,0.18013793230056763,-1.7140324115753174,-3.0,105.24907684326172,168.40577697753906,-1.970069169998169,810.0,810.0,0.0,0.010731692186099701,0.010731692186099701,0.0,0.00029642935503568896,0.00029642935503568896,0.0,0.0007390084929168911,0.0007390084929168911,0.0,0.0003,0.0003,0.0,-3.0,-3.0,0.0,0.0,0.315,28.575000000000003,55.2375,5438.881,77,Hopper-v5,6198,Trial_1
421.95301365852356,79,323584,238.96463302355838,323.2151245552047,170.37228676933668,105.77,810,0.010731692186099701,-3.0,0.99,0.00029642935503568896,0.0007390084929168911,0.0003,-109.05329132080078,0.31340187788009644,-4.449377059936523,0.1764780730009079,-1.7345587015151978,-3.0,109.05670166015625,193.1392364501953,-0.029661253094673157,1.177499771118164,8.549078941345215,1.0,-109.05329132080078,0.31340187788009644,-4.449377059936523,0.1764780730009079,-1.7345587015151978,-3.0,109.05670166015625,193.1392364501953,-0.029661253094673157,810.0,810.0,0.0,0.010731692186099701,0.010731692186099701,0.0,0.00029642935503568896,0.00029642935503568896,0.0,0.0007390084929168911,0.0007390084929168911,0.0,0.0003,0.0003,0.0,-3.0,-3.0,0.0,0.0,0.2942857142857143,28.400000000000002,55.41428571428572,5431.82,78,Hopper-v5,6198,Trial_1
427.7915484905243,80,327680,239.21337191087835,333.3073076493981,170.37228676933668,106.4,810,0.010731692186099701,-3.0,0.99,0.00029642935503568896,0.0007390084929168911,0.0003,-107.09905242919922,0.23827779293060303,-4.001670837402344,0.17302918434143066,-1.754294991493225,-3.0,105.96981811523438,195.5009307861328,-0.10853728652000427,1.2485580444335938,7.306075096130371,1.0,-107.09905242919922,0.23827779293060303,-4.001670837402344,0.17302918434143066,-1.754294991493225,-3.0,105.96981811523438,195.5009307861328,-0.10853728652000427,810.0,810.0,0.0,0.010731692186099701,0.010731692186099701,0.0,0.00029642935503568896,0.00029642935503568896,0.0,0.0007390084929168911,0.0007390084929168911,0.0,0.0003,0.0003,0.0,-3.0,-3.0,0.0,0.0,0.26375000000000004,28.0875,55.6,5484.794,79,Hopper-v5,6198,Trial_1
433.2052400112152,81,331776,244.83481228317555,347.3012974853935,171.0432012673579,108.05,810,0.010731692186099701,-3.0,0.99,0.00029642935503568896,0.0007390084929168911,0.0003,-110.70011138916016,0.24281808733940125,-3.881939649581909,0.16973631083965302,-1.77350914478302,-3.0,109.83049011230469,216.72073364257812,-0.5832959413528442,1.0706825256347656,5.713676452636719,1.0,-110.70011138916016,0.24281808733940125,-3.881939649581909,0.16973631083965302,-1.77350914478302,-3.0,109.83049011230469,216.72073364257812,-0.5832959413528442,810.0,810.0,0.0,0.010731692186099701,0.010731692186099701,0.0,0.00029642935503568896,0.00029642935503568896,0.0,0.0007390084929168911,0.0007390084929168911,0.0,0.0003,0.0003,0.0,-3.0,-3.0,0.0,0.0,0.33571428571428574,29.014285714285712,55.84285714285714,5488.679,80,Hopper-v5,6198,Trial_1
438.47897958755493,82,335872,243.38324430826006,347.3012974853935,169.40306305841122,108.71,810,0.010731692186099701,-3.0,0.99,0.00029642935503568896,0.0007390084929168911,0.0003,-112.35731506347656,0.39059969782829285,-3.6932897567749023,0.16655293107032776,-1.7924420833587646,-3.0,111.74967956542969,203.42803955078125,-1.4852185249328613,1.2241249084472656,6.548603057861328,1.0,-112.35731506347656,0.39059969782829285,-3.6932897567749023,0.16655293107032776,-1.7924420833587646,-3.0,111.74967956542969,203.42803955078125,-1.4852185249328613,810.0,810.0,0.0,0.010731692186099701,0.010731692186099701,0.0,0.00029642935503568896,0.00029642935503568896,0.0,0.0007390084929168911,0.0007390084929168911,0.0,0.0003,0.0003,0.0,-3.0,-3.0,0.0,0.0,0.35000000000000003,28.52857142857142,55.971428571428575,5437.388,81,Hopper-v5,6198,Trial_1
443.7968964576721,83,339968,243.00191981891973,372.99932403189024,137.58949246571427,110.55,810,0.010731692186099701,-3.0,0.99,0.00029642935503568896,0.0007390084929168911,0.0003,-112.24361419677734,0.3112986981868744,-3.6851179599761963,0.16342410445213318,-1.8114066123962402,-3.0,111.11714172363281,199.85862731933594,1.8373459577560425,1.1716079711914062,8.461258888244629,1.0,-112.24361419677734,0.3112986981868744,-3.6851179599761963,0.16342410445213318,-1.8114066123962402,-3.0,111.11714172363281,199.85862731933594,1.8373459577560425,810.0,810.0,0.0,0.010731692186099701,0.010731692186099701,0.0,0.00029642935503568896,0.00029642935503568896,0.0,0.0007390084929168911,0.0007390084929168911,0.0,0.0003,0.0003,0.0,-3.0,-3.0,0.0,0.0,0.27875000000000005,28.2875,56.1375,5420.93,82,Hopper-v5,6198,Trial_1
449.1961898803711,84,344064,241.28150252016962,372.99932403189024,137.58949246571427,112.17,810,0.010731692186099701,-3.0,0.99,0.00029642935503568896,0.0007390084929168911,0.0003,-112.98487091064453,0.27351874113082886,-3.5462379455566406,0.1605338454246521,-1.829250454902649,-3.0,111.41172790527344,226.55279541015625,-2.8361940383911133,1.2631340026855469,6.626875877380371,1.0,-112.98487091064453,0.27351874113082886,-3.5462379455566406,0.1605338454246521,-1.829250454902649,-3.0,111.41172790527344,226.55279541015625,-2.8361940383911133,810.0,810.0,0.0,0.010731692186099701,0.010731692186099701,0.0,0.00029642935503568896,0.00029642935503568896,0.0,0.0007390084929168911,0.0007390084929168911,0.0,0.0003,0.0003,0.0,-3.0,-3.0,0.0,0.0,0.3571428571428571,28.957142857142856,56.31428571428571,5409.536,83,Hopper-v5,6198,Trial_1
454.50274753570557,85,348160,233.3719007547623,372.99932403189024,137.58949246571427,110.86,810,0.010731692186099701,-3.0,0.99,0.00029642935503568896,0.0007390084929168911,0.0003,-116.13087463378906,0.3358248472213745,-3.232537031173706,0.15776118636131287,-1.8466728925704956,-3.0,115.4914321899414,217.4232177734375,2.7578649520874023,1.1878604888916016,7.123622298240662,1.0,-116.13087463378906,0.3358248472213745,-3.232537031173706,0.15776118636131287,-1.8466728925704956,-3.0,115.4914321899414,217.4232177734375,2.7578649520874023,810.0,810.0,0.0,0.010731692186099701,0.010731692186099701,0.0,0.00029642935503568896,0.00029642935503568896,0.0,0.0007390084929168911,0.0007390084929168911,0.0,0.0003,0.0003,0.0,-3.0,-3.0,0.0,0.0,0.31714285714285717,28.41428571428571,56.5,5405.391,84,Hopper-v5,6198,Trial_1
459.83941078186035,86,352256,221.62836173251654,366.23824137041396,172.86451337587556,110.09,810,0.010731692186099701,-3.0,0.99,0.00029642935503568896,0.0007390084929168911,0.0003,-116.39151000976562,0.3672298192977905,-2.564500570297241,0.15515629947185516,-1.863322377204895,-3.0,115.46769714355469,221.4335479736328,0.591072142124176,1.386627197265625,9.2302827835083,1.0,-116.39151000976562,0.3672298192977905,-2.564500570297241,0.15515629947185516,-1.863322377204895,-3.0,115.46769714355469,221.4335479736328,0.591072142124176,810.0,810.0,0.0,0.010731692186099701,0.010731692186099701,0.0,0.00029642935503568896,0.00029642935503568896,0.0,0.0007390084929168911,0.0007390084929168911,0.0,0.0003,0.0003,0.0,-3.0,-3.0,0.0,0.0,0.29375,28.012500000000003,56.7125,5396.842,85,Hopper-v5,6198,Trial_1
465.5473749637604,87,356352,222.46448792709802,366.23824137041396,172.86451337587556,111.56,810,0.010731692186099701,-3.0,0.99,0.00029642935503568896,0.0007390084929168911,0.0003,-115.98600769042969,0.4807435870170593,-2.4784085750579834,0.1527308225631714,-1.8790782690048218,-3.0,114.28309631347656,212.7951202392578,-1.035819411277771,1.4153671264648438,10.415160179138184,1.0,-115.98600769042969,0.4807435870170593,-2.4784085750579834,0.1527308225631714,-1.8790782690048218,-3.0,114.28309631347656,212.7951202392578,-1.035819411277771,810.0,810.0,0.0,0.010731692186099701,0.010731692186099701,0.0,0.00029642935503568896,0.00029642935503568896,0.0,0.0007390084929168911,0.0007390084929168911,0.0,0.0003,0.0003,0.0,-3.0,-3.0,0.0,0.0,0.31285714285714283,28.057142857142857,56.88571428571428,5417.221,86,Hopper-v5,6198,Trial_1
470.8182761669159,88,360448,250.42763894400395,423.32241209766045,172.86451337587556,118.71,810,0.010731692186099701,-3.0,0.99,0.00029642935503568896,0.0007390084929168911,0.0003,-118.95025634765625,0.32191693782806396,-2.757660388946533,0.15037602186203003,-1.8946163654327393,-3.0,117.26541137695312,184.24960327148438,0.418458491563797,1.2586116790771484,9.429163694381714,1.0,-118.95025634765625,0.32191693782806396,-2.757660388946533,0.15037602186203003,-1.8946163654327393,-3.0,117.26541137695312,184.24960327148438,0.418458491563797,810.0,810.0,0.0,0.010731692186099701,0.010731692186099701,0.0,0.00029642935503568896,0.00029642935503568896,0.0,0.0007390084929168911,0.0007390084929168911,0.0,0.0003,0.0003,0.0,-3.0,-3.0,0.0,0.0,0.3157142857142857,28.6,56.971428571428575,5408.146,87,Hopper-v5,6198,Trial_1
476.274441242218,89,364544,295.59946606205614,514.3547870667286,173.15499852287815,129.88,810,0.010731692186099701,-3.0,0.99,0.00029642935503568896,0.0007390084929168911,0.0003,-118.01504516601562,0.502527117729187,-2.486046075820923,0.14825506508350372,-1.9088211059570312,-3.0,116.09664154052734,240.00209045410156,-3.0951316356658936,1.3090448379516602,9.99185848236084,1.0,-118.01504516601562,0.502527117729187,-2.486046075820923,0.14825506508350372,-1.9088211059570312,-3.0,116.09664154052734,240.00209045410156,-3.0951316356658936,810.0,810.0,0.0,0.010731692186099701,0.010731692186099701,0.0,0.00029642935503568896,0.00029642935503568896,0.0,0.0007390084929168911,0.0007390084929168911,0.0,0.0003,0.0003,0.0,-3.0,-3.0,0.0,0.0,0.3157142857142857,28.214285714285715,57.17142857142857,5419.563,88,Hopper-v5,6198,Trial_1
481.6531791687012,90,368640,349.60442626169885,630.208817027846,196.62996530059118,143.69,810,0.010731692186099701,-3.0,0.99,0.00029642935503568896,0.0007390084929168911,0.0003,-125.66798400878906,0.37561172246932983,-3.0065786838531494,0.14624318480491638,-1.9224843978881836,-3.0,124.20806884765625,223.7029571533203,-1.7429091930389404,1.41839599609375,8.55123519897461,1.0,-125.66798400878906,0.37561172246932983,-3.0065786838531494,0.14624318480491638,-1.9224843978881836,-3.0,124.20806884765625,223.7029571533203,-1.7429091930389404,810.0,810.0,0.0,0.010731692186099701,0.010731692186099701,0.0,0.00029642935503568896,0.00029642935503568896,0.0,0.0007390084929168911,0.0007390084929168911,0.0,0.0003,0.0003,0.0,-3.0,-3.0,0.0,0.0,0.3025,28.5,57.412499999999994,5373.536,89,Hopper-v5,6198,Trial_1
486.8958008289337,91,372736,419.2850764937701,728.017034662273,204.59001463196722,161.52,810,0.010731692186099701,-3.0,0.99,0.00029642935503568896,0.0007390084929168911,0.0003,-123.40557098388672,0.42905953526496887,-2.1026992797851562,0.14437909424304962,-1.9353128671646118,-3.0,120.9774169921875,223.17971801757812,7.633728504180908,1.5080738067626953,10.617347717285156,1.0,-123.40557098388672,0.42905953526496887,-2.1026992797851562,0.14437909424304962,-1.9353128671646118,-3.0,120.9774169921875,223.17971801757812,7.633728504180908,810.0,810.0,0.0,0.010731692186099701,0.010731692186099701,0.0,0.00029642935503568896,0.00029642935503568896,0.0,0.0007390084929168911,0.0007390084929168911,0.0,0.0003,0.0003,0.0,-3.0,-3.0,0.0,0.0,0.2742857142857143,28.17142857142857,57.542857142857144,5356.561,90,Hopper-v5,6198,Trial_1
492.20803117752075,92,376832,458.8287100494662,854.1091926429461,215.58749151358697,172.51,810,0.010731692186099701,-3.0,0.99,0.00029642935503568896,0.0007390084929168911,0.0003,-125.84859466552734,0.5574339032173157,-1.772306203842163,0.1428086757659912,-1.9462494850158691,-3.0,123.47715759277344,212.66561889648438,6.252872467041016,1.3801918029785156,17.36321258544922,1.0,-125.84859466552734,0.5574339032173157,-1.772306203842163,0.1428086757659912,-1.9462494850158691,-3.0,123.47715759277344,212.66561889648438,6.252872467041016,810.0,810.0,0.0,0.010731692186099701,0.010731692186099701,0.0,0.00029642935503568896,0.00029642935503568896,0.0,0.0007390084929168911,0.0007390084929168911,0.0,0.0003,0.0003,0.0,-3.0,-3.0,0.0,0.0,0.30571428571428566,27.8,57.67142857142857,5360.374,91,Hopper-v5,6198,Trial_1
497.7440197467804,93,380928,513.1863883772181,1013.0932064253799,241.37723422110307,187.27,810,0.010731692186099701,-3.0,0.99,0.00029642935503568896,0.0007390084929168911,0.0003,-135.18923950195312,0.4558127820491791,-2.42779278755188,0.14152444899082184,-1.9552828073501587,-3.0,133.1887664794922,248.6485595703125,9.045211791992188,1.6246833801269531,8.534539222717285,1.0,-135.18923950195312,0.4558127820491791,-2.42779278755188,0.14152444899082184,-1.9552828073501587,-3.0,133.1887664794922,248.6485595703125,9.045211791992188,810.0,810.0,0.0,0.010731692186099701,0.010731692186099701,0.0,0.00029642935503568896,0.00029642935503568896,0.0,0.0007390084929168911,0.0007390084929168911,0.0,0.0003,0.0003,0.0,-3.0,-3.0,0.0,0.0,0.2275,29.475,57.9625,5382.018,92,Hopper-v5,6198,Trial_1
503.20015835762024,94,385024,553.9843326976666,1315.5848526968316,161.4821006249533,197.43,810,0.010731692186099701,-3.0,0.99,0.00029642935503568896,0.0007390084929168911,0.0003,-133.09254455566406,0.48075181245803833,-1.0863361358642578,0.14044973254203796,-1.9629056453704834,-3.0,130.41680908203125,239.1448516845703,2.9711062908172607,1.4465885162353516,12.05419921875,1.0,-133.09254455566406,0.48075181245803833,-1.0863361358642578,0.14044973254203796,-1.9629056453704834,-3.0,130.41680908203125,239.1448516845703,2.9711062908172607,810.0,810.0,0.0,0.010731692186099701,0.010731692186099701,0.0,0.00029642935503568896,0.00029642935503568896,0.0,0.0007390084929168911,0.0007390084929168911,0.0,0.0003,0.0003,0.0,-3.0,-3.0,0.0,0.0,0.3157142857142857,28.157142857142862,58.157142857142865,5387.841,93,Hopper-v5,6198,Trial_1
508.9795913696289,95,389120,584.6604211227452,1315.5848526968316,161.4821006249533,204.84,810,0.010731692186099701,-3.0,0.99,0.00029642935503568896,0.0007390084929168911,0.0003,-136.15896606445312,0.6937708854675293,-0.540530264377594,0.1395883411169052,-1.969057559967041,-3.0,133.4217987060547,222.54144287109375,7.250721454620361,2.071758270263672,24.874869346618652,1.0,-136.15896606445312,0.6937708854675293,-0.540530264377594,0.1395883411169052,-1.969057559967041,-3.0,133.4217987060547,222.54144287109375,7.250721454620361,810.0,810.0,0.0,0.010731692186099701,0.010731692186099701,0.0,0.00029642935503568896,0.00029642935503568896,0.0,0.0007390084929168911,0.0007390084929168911,0.0,0.0003,0.0003,0.0,-3.0,-3.0,0.0,0.0,0.27625,27.7875,58.3,5435.387,94,Hopper-v5,6198,Trial_1
514.4218983650208,96,393216,624.67186194983,1315.5848526968316,161.4821006249533,215.89,810,0.010731692186099701,-3.0,0.99,0.00029642935503568896,0.0007390084929168911,0.0003,-137.66282653808594,0.5558233857154846,-0.9634230136871338,0.13884174823760986,-1.9744205474853516,-3.0,134.87893676757812,229.3049774169922,-4.738584041595459,1.5812854766845703,11.887041091918945,1.0,-137.66282653808594,0.5558233857154846,-0.9634230136871338,0.13884174823760986,-1.9744205474853516,-3.0,134.87893676757812,229.3049774169922,-4.738584041595459,810.0,810.0,0.0,0.010731692186099701,0.010731692186099701,0.0,0.00029642935503568896,0.00029642935503568896,0.0,0.0007390084929168911,0.0007390084929168911,0.0,0.0003,0.0003,0.0,-3.0,-3.0,0.0,0.0,0.325,28.612499999999997,58.5625,5445.83,95,Hopper-v5,6198,Trial_1
519.9672865867615,97,397312,682.3817791520956,1357.705098839928,161.4821006249533,234.45,810,0.010731692186099701,-3.0,0.99,0.00029642935503568896,0.0007390084929168911,0.0003,-142.7041015625,0.6839327812194824,0.18476012349128723,0.13824385404586792,-1.9787360429763794,-3.0,140.46188354492188,230.2740478515625,-49.89665985107422,2.0415611267089844,17.282468795776367,1.0,-142.7041015625,0.6839327812194824,0.18476012349128723,0.13824385404586792,-1.9787360429763794,-3.0,140.46188354492188,230.2740478515625,-49.89665985107422,810.0,810.0,0.0,0.010731692186099701,0.010731692186099701,0.0,0.00029642935503568896,0.00029642935503568896,0.0,0.0007390084929168911,0.0007390084929168911,0.0,0.0003,0.0003,0.0,-3.0,-3.0,0.0,0.0,0.2742857142857143,27.857142857142854,58.542857142857144,5429.61,96,Hopper-v5,6198,Trial_1
525.2976448535919,98,401408,691.9755146543795,1357.705098839928,161.4821006249533,235.42,810,0.010731692186099701,-3.0,0.99,0.00029642935503568896,0.0007390084929168911,0.0003,-145.05897521972656,0.6405057311058044,-0.04298102855682373,0.13770416378974915,-1.9826476573944092,-3.0,142.1011962890625,262.6846618652344,-0.6645996570587158,2.1204795837402344,15.559059143066406,1.0,-145.05897521972656,0.6405057311058044,-0.04298102855682373,0.13770416378974915,-1.9826476573944092,-3.0,142.1011962890625,262.6846618652344,-0.6645996570587158,810.0,810.0,0.0,0.010731692186099701,0.010731692186099701,0.0,0.00029642935503568896,0.00029642935503568896,0.0,0.0007390084929168911,0.0007390084929168911,0.0,0.0003,0.0003,0.0,-3.0,-3.0,0.0,0.0,0.23,26.271428571428576,60.0,5435.918,97,Hopper-v5,6198,Trial_1
530.530189037323,99,405504,706.0843718611145,1357.705098839928,161.4821006249533,239.35,810,0.010731692186099701,-3.0,0.99,0.00029642935503568896,0.0007390084929168911,0.0003,-144.99122619628906,0.7525597810745239,-0.46927911043167114,0.13724583387374878,-1.9859815835952759,-3.0,142.61773681640625,256.4158630371094,0.18289299309253693,2.049100875854492,21.053211212158203,1.0,-144.99122619628906,0.7525597810745239,-0.46927911043167114,0.13724583387374878,-1.9859815835952759,-3.0,142.61773681640625,256.4158630371094,0.18289299309253693,810.0,810.0,0.0,0.010731692186099701,0.010731692186099701,0.0,0.00029642935503568896,0.00029642935503568896,0.0,0.0007390084929168911,0.0007390084929168911,0.0,0.0003,0.0003,0.0,-3.0,-3.0,0.0,0.0,0.21999999999999997,26.071428571428573,60.6,5413.666,98,Hopper-v5,6198,Trial_1
535.9391558170319,100,409600,707.8687025623653,1357.705098839928,312.2575836188725,239.82,810,0.010731692186099701,-3.0,0.99,0.00029642935503568896,0.0007390084929168911,0.0003,-145.95909118652344,0.7834162712097168,0.12716519832611084,0.13681170344352722,-1.9891496896743774,-3.0,143.67840576171875,262.3033447265625,1.608847975730896,2.2305946350097656,27.509790420532227,1.0,-145.95909118652344,0.7834162712097168,0.12716519832611084,0.13681170344352722,-1.9891496896743774,-3.0,143.67840576171875,262.3033447265625,1.608847975730896,810.0,810.0,0.0,0.010731692186099701,0.010731692186099701,0.0,0.00029642935503568896,0.00029642935503568896,0.0,0.0007390084929168911,0.0007390084929168911,0.0,0.0003,0.0003,0.0,-3.0,-3.0,0.0,0.0,0.2125,32.925,53.6125,5416.735,99,Hopper-v5,6198,Trial_1
541.7860975265503,101,413696,637.1430733613918,1151.5209327399862,240.88362167367677,220.46,810,0.010731692186099701,-3.0,0.99,0.00029642935503568896,0.0007390084929168911,0.0003,-148.2616424560547,0.8187165260314941,-0.7864419221878052,0.13655197620391846,-1.991049885749817,-3.0,145.89593505859375,255.75253295898438,-5.396589756011963,2.015544891357422,26.912893295288086,1.0,-148.2616424560547,0.8187165260314941,-0.7864419221878052,0.13655197620391846,-1.991049885749817,-3.0,145.89593505859375,255.75253295898438,-5.396589756011963,810.0,810.0,0.0,0.010731692186099701,0.010731692186099701,0.0,0.00029642935503568896,0.00029642935503568896,0.0,0.0007390084929168911,0.0007390084929168911,0.0,0.0003,0.0003,0.0,-3.0,-3.0,0.0,0.0,0.24875,28.2625,57.400000000000006,5477.328,100,Hopper-v5,6198,Trial_1
547.1025011539459,102,417792,540.0210626133515,1143.0432384825885,240.88362167367677,191.8,810,0.010731692186099701,-3.0,0.99,0.00029642935503568896,0.0007390084929168911,0.0003,-155.99697875976562,0.7301791310310364,-0.6270781755447388,0.13658642768859863,-1.990797758102417,-3.0,152.57427978515625,273.3266296386719,-4.34975004196167,2.3653335571289062,16.472314834594727,1.0,-155.99697875976562,0.7301791310310364,-0.6270781755447388,0.13658642768859863,-1.990797758102417,-3.0,152.57427978515625,273.3266296386719,-4.34975004196167,810.0,810.0,0.0,0.010731692186099701,0.010731692186099701,0.0,0.00029642935503568896,0.00029642935503568896,0.0,0.0007390084929168911,0.0007390084929168911,0.0,0.0003,0.0003,0.0,-3.0,-3.0,0.0,0.0,0.34000000000000014,28.585714285714285,57.52857142857143,5478.026,101,Hopper-v5,6198,Trial_1
552.4880402088165,103,421888,452.91576508874556,894.6637792568444,229.47542671472874,168.58,810,0.010731692186099701,-3.0,0.99,0.00029642935503568896,0.0007390084929168911,0.0003,-153.30966186523438,0.7523210644721985,0.25161057710647583,0.13661831617355347,-1.990564227104187,-3.0,151.02464294433594,256.82275390625,-40.401771545410156,2.213481903076172,25.728896141052246,1.0,-153.30966186523438,0.7523210644721985,0.25161057710647583,0.13661831617355347,-1.990564227104187,-3.0,151.02464294433594,256.82275390625,-40.401771545410156,810.0,810.0,0.0,0.010731692186099701,0.010731692186099701,0.0,0.00029642935503568896,0.00029642935503568896,0.0,0.0007390084929168911,0.0007390084929168911,0.0,0.0003,0.0003,0.0,-3.0,-3.0,0.0,0.0,0.2785714285714286,28.685714285714283,57.3,5463.151,102,Hopper-v5,6198,Trial_1
557.8229982852936,104,425984,372.7888253782545,794.492956480306,229.47542671472874,147.17,810,0.010731692186099701,-3.0,0.99,0.00029642935503568896,0.0007390084929168911,0.0003,-160.39578247070312,0.7530124187469482,0.08022940158843994,0.13679149746894836,-1.9892973899841309,-3.0,158.09181213378906,259.44805908203125,-54.319705963134766,2.3546218872070312,18.524363040924072,1.0,-160.39578247070312,0.7530124187469482,0.08022940158843994,0.13679149746894836,-1.9892973899841309,-3.0,158.09181213378906,259.44805908203125,-54.319705963134766,810.0,810.0,0.0,0.010731692186099701,0.010731692186099701,0.0,0.00029642935503568896,0.00029642935503568896,0.0,0.0007390084929168911,0.0007390084929168911,0.0,0.0003,0.0003,0.0,-3.0,-3.0,0.0,0.0,0.2925,28.3,57.212500000000006,5451.067,103,Hopper-v5,6198,Trial_1
563.2157473564148,105,430080,328.28782309371377,549.3127585033548,217.39514927519184,135.26,810,0.010731692186099701,-3.0,0.99,0.00029642935503568896,0.0007390084929168911,0.0003,-156.49813842773438,0.7476483583450317,-0.8280090093612671,0.1370897740125656,-1.987119197845459,-3.0,153.21327209472656,246.0675811767578,14.774965286254883,2.153961181640625,23.40602397918701,1.0,-156.49813842773438,0.7476483583450317,-0.8280090093612671,0.1370897740125656,-1.987119197845459,-3.0,153.21327209472656,246.0675811767578,14.774965286254883,810.0,810.0,0.0,0.010731692186099701,0.010731692186099701,0.0,0.00029642935503568896,0.00029642935503568896,0.0,0.0007390084929168911,0.0007390084929168911,0.0,0.0003,0.0003,0.0,-3.0,-3.0,0.0,0.0,0.33428571428571424,28.7,57.58571428571429,5412.312,104,Hopper-v5,6198,Trial_1
568.5919687747955,106,434176,315.1645198666136,478.1608804535555,211.88395083663067,131.86,810,0.010731692186099701,-3.0,0.99,0.00029642935503568896,0.0007390084929168911,0.0003,-156.2128448486328,0.8678689002990723,0.3893643617630005,0.13728435337543488,-1.9857008457183838,-3.0,152.62496948242188,255.76016235351562,-7.902459621429443,2.4910202026367188,25.179168701171875,1.0,-156.2128448486328,0.8678689002990723,0.3893643617630005,0.13728435337543488,-1.9857008457183838,-3.0,152.62496948242188,255.76016235351562,-7.902459621429443,810.0,810.0,0.0,0.010731692186099701,0.010731692186099701,0.0,0.00029642935503568896,0.00029642935503568896,0.0,0.0007390084929168911,0.0007390084929168911,0.0,0.0003,0.0003,0.0,-3.0,-3.0,0.0,0.0,0.27142857142857146,28.08571428571429,57.52857142857143,5405.671,105,Hopper-v5,6198,Trial_1
573.8516576290131,107,438272,313.7045626127515,478.1608804535555,167.79154507530137,130.29,810,0.010731692186099701,-3.0,0.99,0.00029642935503568896,0.0007390084929168911,0.0003,-162.0319366455078,0.8565870523452759,0.3727462589740753,0.1376732885837555,-1.9828717708587646,-3.0,159.7472686767578,276.4658508300781,-20.022207260131836,2.2771987915039062,22.39097499847412,1.0,-162.0319366455078,0.8565870523452759,0.3727462589740753,0.1376732885837555,-1.9828717708587646,-3.0,159.7472686767578,276.4658508300781,-20.022207260131836,810.0,810.0,0.0,0.010731692186099701,0.010731692186099701,0.0,0.00029642935503568896,0.00029642935503568896,0.0,0.0007390084929168911,0.0007390084929168911,0.0,0.0003,0.0003,0.0,-3.0,-3.0,0.0,0.0,0.2342857142857143,28.228571428571428,57.57142857142857,5377.051,106,Hopper-v5,6198,Trial_1
579.9239056110382,108,442368,306.2434736037729,460.0923669895585,167.79154507530137,126.9,810,0.010731692186099701,-3.0,0.99,0.00029642935503568896,0.0007390084929168911,0.0003,-162.73223876953125,0.7133021354675293,0.3537413477897644,0.13840365409851074,-1.9775807857513428,-3.0,159.6961212158203,278.26458740234375,-5.391341209411621,2.507568359375,20.001493453979492,1.0,-162.73223876953125,0.7133021354675293,0.3537413477897644,0.13840365409851074,-1.9775807857513428,-3.0,159.6961212158203,278.26458740234375,-5.391341209411621,810.0,810.0,0.0,0.010731692186099701,0.010731692186099701,0.0,0.00029642935503568896,0.00029642935503568896,0.0,0.0007390084929168911,0.0007390084929168911,0.0,0.0003,0.0003,0.0,-3.0,-3.0,0.0,0.0,0.26888888888888896,28.333333333333332,57.8111111111111,5451.059,107,Hopper-v5,6198,Trial_1
585.2869925498962,109,446464,304.9436706251551,446.3012956446831,158.02400783645382,124.67,810,0.010731692186099701,-3.0,0.99,0.00029642935503568896,0.0007390084929168911,0.0003,-161.255126953125,0.8171561360359192,-0.25122779607772827,0.1389002799987793,-1.9739990234375,-3.0,158.33920288085938,268.13043212890625,-31.226394653320312,2.5758895874023438,33.138259410858154,1.0,-161.255126953125,0.8171561360359192,-0.25122779607772827,0.1389002799987793,-1.9739990234375,-3.0,158.33920288085938,268.13043212890625,-31.226394653320312,810.0,810.0,0.0,0.010731692186099701,0.010731692186099701,0.0,0.00029642935503568896,0.00029642935503568896,0.0,0.0007390084929168911,0.0007390084929168911,0.0,0.0003,0.0003,0.0,-3.0,-3.0,0.0,0.0,0.2914285714285714,28.71428571428571,57.94285714285714,5463.795,108,Hopper-v5,6198,Trial_1
590.8769376277924,110,450560,320.5777032292995,507.4785465053109,158.02400783645382,127.22,810,0.010731692186099701,-3.0,0.99,0.00029642935503568896,0.0007390084929168911,0.0003,-163.99105834960938,0.7649570107460022,0.8456600904464722,0.1391117125749588,-1.9724780321121216,-3.0,161.19874572753906,284.7718505859375,-63.09217071533203,2.3642845153808594,29.713912963867188,1.0,-163.99105834960938,0.7649570107460022,0.8456600904464722,0.1391117125749588,-1.9724780321121216,-3.0,161.19874572753906,284.7718505859375,-63.09217071533203,810.0,810.0,0.0,0.010731692186099701,0.010731692186099701,0.0,0.00029642935503568896,0.00029642935503568896,0.0,0.0007390084929168911,0.0007390084929168911,0.0,0.0003,0.0003,0.0,-3.0,-3.0,0.0,0.0,0.29625,28.65,58.0125,5482.003,109,Hopper-v5,6198,Trial_1
596.3751828670502,111,454656,353.63238250046606,551.0920724027077,158.02400783645382,136.39,810,0.010731692186099701,-3.0,0.99,0.00029642935503568896,0.0007390084929168911,0.0003,-166.0201416015625,0.6913138628005981,0.5211359262466431,0.13960416615009308,-1.9689441919326782,-3.0,163.31219482421875,276.67535400390625,-78.23249053955078,2.4624176025390625,17.32206630706787,1.0,-166.0201416015625,0.6913138628005981,0.5211359262466431,0.13960416615009308,-1.9689441919326782,-3.0,163.31219482421875,276.67535400390625,-78.23249053955078,810.0,810.0,0.0,0.010731692186099701,0.010731692186099701,0.0,0.00029642935503568896,0.00029642935503568896,0.0,0.0007390084929168911,0.0007390084929168911,0.0,0.0003,0.0003,0.0,-3.0,-3.0,0.0,0.0,0.33285714285714285,28.199999999999996,58.2,5446.67,110,Hopper-v5,6198,Trial_1
601.9862349033356,112,458752,375.59505575669317,551.0920724027077,143.52247004446147,141.37,810,0.010731692186099701,-3.0,0.99,0.00029642935503568896,0.0007390084929168911,0.0003,-171.0162811279297,0.7955316305160522,0.11406214535236359,0.14031286537647247,-1.9638806581497192,-3.0,170.063720703125,287.8446960449219,-22.309816360473633,2.8962173461914062,22.949944496154785,1.0,-171.0162811279297,0.7955316305160522,0.11406214535236359,0.14031286537647247,-1.9638806581497192,-3.0,170.063720703125,287.8446960449219,-22.309816360473633,810.0,810.0,0.0,0.010731692186099701,0.010731692186099701,0.0,0.00029642935503568896,0.00029642935503568896,0.0,0.0007390084929168911,0.0007390084929168911,0.0,0.0003,0.0003,0.0,-3.0,-3.0,0.0,0.0,0.29500000000000004,28.35,58.15,5475.885,111,Hopper-v5,6198,Trial_1
607.3480978012085,113,462848,375.00424829472314,551.0920724027077,143.52247004446147,140.72,810,0.010731692186099701,-3.0,0.99,0.00029642935503568896,0.0007390084929168911,0.0003,-173.62643432617188,0.9927543997764587,-0.16937127709388733,0.1402500867843628,-1.9643281698226929,-3.0,171.3375244140625,285.5129699707031,-52.722633361816406,2.897430419921875,31.31961679458618,1.0,-173.62643432617188,0.9927543997764587,-0.16937127709388733,0.1402500867843628,-1.9643281698226929,-3.0,171.3375244140625,285.5129699707031,-52.722633361816406,810.0,810.0,0.0,0.010731692186099701,0.010731692186099701,0.0,0.00029642935503568896,0.00029642935503568896,0.0,0.0007390084929168911,0.0007390084929168911,0.0,0.0003,0.0003,0.0,-3.0,-3.0,0.0,0.0,0.25571428571428567,28.442857142857143,58.4,5473.599,112,Hopper-v5,6198,Trial_1
612.6328661441803,114,466944,361.97180891712543,480.76155468614326,143.52247004446147,135.3,810,0.010731692186099701,-3.0,0.99,0.00029642935503568896,0.0007390084929168911,0.0003,-171.24954223632812,0.9843076467514038,0.2748424708843231,0.1406434327363968,-1.9615274667739868,-3.0,169.41571044921875,270.5967102050781,-28.540687561035156,3.4352149963378906,24.251510620117188,1.0,-171.24954223632812,0.9843076467514038,0.2748424708843231,0.1406434327363968,-1.9615274667739868,-3.0,169.41571044921875,270.5967102050781,-28.540687561035156,810.0,810.0,0.0,0.010731692186099701,0.010731692186099701,0.0,0.00029642935503568896,0.00029642935503568896,0.0,0.0007390084929168911,0.0007390084929168911,0.0,0.0003,0.0003,0.0,-3.0,-3.0,0.0,0.0,0.2928571428571428,28.685714285714283,58.557142857142864,5468.209,113,Hopper-v5,6198,Trial_1
618.5213716030121,115,471040,355.4586142255523,417.3995788408356,150.74475989342343,133.51,810,0.010731692186099701,-3.0,0.99,0.00029642935503568896,0.0007390084929168911,0.0003,-174.1787109375,0.8120371699333191,0.7444239258766174,0.14090481400489807,-1.9596706628799438,-3.0,172.35447692871094,284.4484558105469,-74.19510650634766,2.8285446166992188,29.62539529800415,1.0,-174.1787109375,0.8120371699333191,0.7444239258766174,0.14090481400489807,-1.9596706628799438,-3.0,172.35447692871094,284.4484558105469,-74.19510650634766,810.0,810.0,0.0,0.010731692186099701,0.010731692186099701,0.0,0.00029642935503568896,0.00029642935503568896,0.0,0.0007390084929168911,0.0007390084929168911,0.0,0.0003,0.0003,0.0,-3.0,-3.0,0.0,0.0,0.25125000000000003,28.425,58.5625,5517.822,114,Hopper-v5,6198,Trial_1
624.0959115028381,116,475136,346.2239680653783,399.9534229740026,306.42411089310065,132.55,810,0.010731692186099701,-3.0,0.99,0.00029642935503568896,0.0007390084929168911,0.0003,-180.13706970214844,0.7123903632164001,-0.5680471658706665,0.1412949562072754,-1.9569056034088135,-3.0,178.95419311523438,274.3234558105469,-21.68170166015625,2.4161453247070312,18.572294235229492,1.0,-180.13706970214844,0.7123903632164001,-0.5680471658706665,0.1412949562072754,-1.9569056034088135,-3.0,178.95419311523438,274.3234558105469,-21.68170166015625,810.0,810.0,0.0,0.010731692186099701,0.010731692186099701,0.0,0.00029642935503568896,0.00029642935503568896,0.0,0.0007390084929168911,0.0007390084929168911,0.0,0.0003,0.0003,0.0,-3.0,-3.0,0.0,0.0,0.28500000000000003,28.700000000000003,58.7,5537.695,115,Hopper-v5,6198,Trial_1
629.6016283035278,117,479232,335.5838628821828,379.09241062303187,304.742769762011,131.55,810,0.010731692186099701,-3.0,0.99,0.00029642935503568896,0.0007390084929168911,0.0003,-176.5770263671875,0.6716586351394653,0.634604811668396,0.14147521555423737,-1.9556306600570679,-3.0,175.219970703125,284.780029296875,-30.926877975463867,2.7845382690429688,18.642492294311523,1.0,-176.5770263671875,0.6716586351394653,0.634604811668396,0.14147521555423737,-1.9556306600570679,-3.0,175.219970703125,284.780029296875,-30.926877975463867,810.0,810.0,0.0,0.010731692186099701,0.010731692186099701,0.0,0.00029642935503568896,0.00029642935503568896,0.0,0.0007390084929168911,0.0007390084929168911,0.0,0.0003,0.0003,0.0,-3.0,-3.0,0.0,0.0,0.2771428571428572,28.15714285714285,58.89999999999999,5562.539,116,Hopper-v5,6198,Trial_1
634.9245331287384,118,483328,318.59018785808274,372.46762569732,174.1449269689044,127.88,810,0.010731692186099701,-3.0,0.99,0.00029642935503568896,0.0007390084929168911,0.0003,-172.16107177734375,1.0854237079620361,-0.32483333349227905,0.14167045056819916,-1.9542516469955444,-3.0,171.51487731933594,287.460205078125,-86.16448211669922,2.7252769470214844,32.49635887145996,1.0,-172.16107177734375,1.0854237079620361,-0.32483333349227905,0.14167045056819916,-1.9542516469955444,-3.0,171.51487731933594,287.460205078125,-86.16448211669922,810.0,810.0,0.0,0.010731692186099701,0.010731692186099701,0.0,0.00029642935503568896,0.00029642935503568896,0.0,0.0007390084929168911,0.0007390084929168911,0.0,0.0003,0.0003,0.0,-3.0,-3.0,0.0,0.0,0.22875,28.275,58.849999999999994,5487.684,117,Hopper-v5,6198,Trial_1
640.468088388443,119,487424,309.91716450247566,474.63835317837714,174.1449269689044,126.09,810,0.010731692186099701,-3.0,0.99,0.00029642935503568896,0.0007390084929168911,0.0003,-175.62318420410156,0.9197981357574463,0.99579256772995,0.14209339022636414,-1.9512706995010376,-3.0,173.8827667236328,288.9407653808594,-76.56149291992188,3.4258193969726562,32.29001045227051,1.0,-175.62318420410156,0.9197981357574463,0.99579256772995,0.14209339022636414,-1.9512706995010376,-3.0,173.8827667236328,288.9407653808594,-76.56149291992188,810.0,810.0,0.0,0.010731692186099701,0.010731692186099701,0.0,0.00029642935503568896,0.00029642935503568896,0.0,0.0007390084929168911,0.0007390084929168911,0.0,0.0003,0.0003,0.0,-3.0,-3.0,0.0,0.0,0.2942857142857143,28.671428571428578,58.91428571428571,5505.908,118,Hopper-v5,6198,Trial_1
645.9064989089966,120,491520,306.26813019727473,474.63835317837714,174.1449269689044,124.66,810,0.010731692186099701,-3.0,0.99,0.00029642935503568896,0.0007390084929168911,0.0003,-174.51185607910156,0.8332182765007019,-0.12989433109760284,0.14262057840824127,-1.9475674629211426,-3.0,173.30674743652344,289.3082580566406,-55.281494140625,3.0395774841308594,23.536827087402344,1.0,-174.51185607910156,0.8332182765007019,-0.12989433109760284,0.14262057840824127,-1.9475674629211426,-3.0,173.30674743652344,289.3082580566406,-55.281494140625,810.0,810.0,0.0,0.010731692186099701,0.010731692186099701,0.0,0.00029642935503568896,0.00029642935503568896,0.0,0.0007390084929168911,0.0007390084929168911,0.0,0.0003,0.0003,0.0,-3.0,-3.0,0.0,0.0,0.24375,28.55,59.175,5490.656,119,Hopper-v5,6198,Trial_1
651.1615514755249,121,495616,300.51768288664863,474.63835317837714,185.7583335513022,124.11,810,0.010731692186099701,-3.0,0.99,0.00029642935503568896,0.0007390084929168911,0.0003,-183.09800720214844,0.7271600365638733,0.08784455806016922,0.14313775300979614,-1.9439477920532227,-3.0,181.48558044433594,287.6971130371094,-33.63153839111328,3.1353797912597656,21.529877185821533,1.0,-183.09800720214844,0.7271600365638733,0.08784455806016922,0.14313775300979614,-1.9439477920532227,-3.0,181.48558044433594,287.6971130371094,-33.63153839111328,810.0,810.0,0.0,0.010731692186099701,0.010731692186099701,0.0,0.00029642935503568896,0.00029642935503568896,0.0,0.0007390084929168911,0.0007390084929168911,0.0,0.0003,0.0003,0.0,-3.0,-3.0,0.0,0.0,0.22285714285714284,28.085714285714285,59.32857142857142,5466.536,120,Hopper-v5,6198,Trial_1
657.0873489379883,122,499712,295.43244865110194,460.64260646505596,260.6873677490009,123.01,810,0.010731692186099701,-3.0,0.99,0.00029642935503568896,0.0007390084929168911,0.0003,-183.98507690429688,0.9797909259796143,-0.16575399041175842,0.1437067687511444,-1.939980387687683,-3.0,182.43374633789062,294.3702697753906,-14.927884101867676,2.8210601806640625,25.94004249572754,1.0,-183.98507690429688,0.9797909259796143,-0.16575399041175842,0.1437067687511444,-1.939980387687683,-3.0,182.43374633789062,294.3702697753906,-14.927884101867676,810.0,810.0,0.0,0.010731692186099701,0.010731692186099701,0.0,0.00029642935503568896,0.00029642935503568896,0.0,0.0007390084929168911,0.0007390084929168911,0.0,0.0003,0.0003,0.0,-3.0,-3.0,0.0,0.0,0.27875000000000005,28.2375,59.4375,5498.2,121,Hopper-v5,6198,Trial_1
662.5247960090637,123,503808,280.62238780992624,401.8758969696156,194.82207196185857,118.48,810,0.010731692186099701,-3.0,0.99,0.00029642935503568896,0.0007390084929168911,0.0003,-173.64710998535156,0.7909754514694214,0.3133504390716553,0.14405031502246857,-1.937592625617981,-3.0,172.96458435058594,300.0494079589844,-70.56097412109375,3.225855827331543,15.730436325073242,1.0,-173.64710998535156,0.7909754514694214,0.3133504390716553,0.14405031502246857,-1.937592625617981,-3.0,172.96458435058594,300.0494079589844,-70.56097412109375,810.0,810.0,0.0,0.010731692186099701,0.010731692186099701,0.0,0.00029642935503568896,0.00029642935503568896,0.0,0.0007390084929168911,0.0007390084929168911,0.0,0.0003,0.0003,0.0,-3.0,-3.0,0.0,0.0,0.2942857142857143,28.0,59.54285714285715,5505.728,122,Hopper-v5,6198,Trial_1
668.1680448055267,124,507904,277.79664147892805,413.07213064066946,5.659847629505023,116.42,810,0.010731692186099701,-3.0,0.99,0.00029642935503568896,0.0007390084929168911,0.0003,-170.9463653564453,0.7444530725479126,0.40025508403778076,0.14380034804344177,-1.9393295049667358,-3.0,170.46749877929688,300.0867614746094,-85.58134460449219,2.750896453857422,17.979677200317383,1.0,-170.9463653564453,0.7444530725479126,0.40025508403778076,0.14380034804344177,-1.9393295049667358,-3.0,170.46749877929688,300.0867614746094,-85.58134460449219,810.0,810.0,0.0,0.010731692186099701,0.010731692186099701,0.0,0.00029642935503568896,0.00029642935503568896,0.0,0.0007390084929168911,0.0007390084929168911,0.0,0.0003,0.0003,0.0,-3.0,-3.0,0.0,0.0,0.27625,28.15,59.775,5541.916,123,Hopper-v5,6198,Trial_1
673.9033217430115,125,512000,137.52813404782827,611.8283077259108,2.675425076443137,81.87,810,0.010731692186099701,-3.0,0.99,0.00029642935503568896,0.0007390084929168911,0.0003,-183.38735961914062,0.5734381675720215,0.6172235608100891,0.1439238339662552,-1.9384710788726807,-3.0,182.76324462890625,296.3993835449219,-19.64784812927246,2.618297576904297,14.083091020584106,1.0,-183.38735961914062,0.5734381675720215,0.6172235608100891,0.1439238339662552,-1.9384710788726807,-3.0,182.76324462890625,296.3993835449219,-19.64784812927246,810.0,810.0,0.0,0.010731692186099701,0.010731692186099701,0.0,0.00029642935503568896,0.00029642935503568896,0.0,0.0007390084929168911,0.0007390084929168911,0.0,0.0003,0.0003,0.0,-3.0,-3.0,0.0,0.0,0.28375,28.549999999999997,59.8,5526.622,124,Hopper-v5,6198,Trial_1
679.3766708374023,126,516096,55.1567048258855,515.3201398097493,2.4404648015328783,54.7,810,0.010731692186099701,-3.0,0.99,0.00029642935503568896,0.0007390084929168911,0.0003,-178.65621948242188,0.7673869132995605,0.1796504706144333,0.1437603086233139,-1.939607858657837,-3.0,177.97857666015625,301.5513610839844,-12.363314628601074,2.341551661491394,19.93198299407959,1.0,-178.65621948242188,0.7673869132995605,0.1796504706144333,0.1437603086233139,-1.939607858657837,-3.0,177.97857666015625,301.5513610839844,-12.363314628601074,810.0,810.0,0.0,0.010731692186099701,0.010731692186099701,0.0,0.00029642935503568896,0.00029642935503568896,0.0,0.0007390084929168911,0.0007390084929168911,0.0,0.0003,0.0003,0.0,-3.0,-3.0,0.0,0.0,0.2742857142857143,28.771428571428572,59.94285714285714,5516.458,125,Hopper-v5,6198,Trial_1
684.9442853927612,127,520192,109.71097413955468,409.329719481056,2.4404648015328783,73.72,810,0.010731692186099701,-3.0,0.99,0.00029642935503568896,0.0007390084929168911,0.0003,-183.2374267578125,0.7683761119842529,-0.3580464720726013,0.14331573247909546,-1.9427051544189453,-3.0,181.888916015625,306.26702880859375,-37.150306701660156,3.2859878540039062,25.713071823120117,1.0,-183.2374267578125,0.7683761119842529,-0.3580464720726013,0.14331573247909546,-1.9427051544189453,-3.0,181.888916015625,306.26702880859375,-37.150306701660156,810.0,810.0,0.0,0.010731692186099701,0.010731692186099701,0.0,0.00029642935503568896,0.00029642935503568896,0.0,0.0007390084929168911,0.0007390084929168911,0.0,0.0003,0.0003,0.0,-3.0,-3.0,0.0,0.0,0.25375000000000003,28.125,60.05,5522.644,126,Hopper-v5,6198,Trial_1
690.4026367664337,128,524288,184.64579391259457,754.1168443469721,2.4404648015328783,101.92,810,0.010731692186099701,-3.0,0.99,0.00029642935503568896,0.0007390084929168911,0.0003,-187.9599151611328,0.6689310073852539,-0.3819815218448639,0.14242933690547943,-1.9489092826843262,-3.0,186.94874572753906,311.0140686035156,-14.059945106506348,2.8046798706054688,16.174907684326172,1.0,-187.9599151611328,0.6689310073852539,-0.3819815218448639,0.14242933690547943,-1.9489092826843262,-3.0,186.94874572753906,311.0140686035156,-14.059945106506348,810.0,810.0,0.0,0.010731692186099701,0.010731692186099701,0.0,0.00029642935503568896,0.00029642935503568896,0.0,0.0007390084929168911,0.0007390084929168911,0.0,0.0003,0.0003,0.0,-3.0,-3.0,0.0,0.0,0.2257142857142857,28.3,60.15714285714286,5536.329,127,Hopper-v5,6198,Trial_1
696.142187833786,129,528384,282.4612268060944,789.5763641314774,2.4404648015328783,136.42,810,0.010731692186099701,-3.0,0.99,0.00029642935503568896,0.0007390084929168911,0.0003,-179.05474853515625,0.7383515238761902,0.14368170499801636,0.14221422374248505,-1.9504207372665405,-3.0,178.4745635986328,297.83197021484375,-26.16997528076172,2.5535507202148438,23.110071182250977,1.0,-179.05474853515625,0.7383515238761902,0.14368170499801636,0.14221422374248505,-1.9504207372665405,-3.0,178.4745635986328,297.83197021484375,-26.16997528076172,810.0,810.0,0.0,0.010731692186099701,0.010731692186099701,0.0,0.00029642935503568896,0.00029642935503568896,0.0,0.0007390084929168911,0.0007390084929168911,0.0,0.0003,0.0003,0.0,-3.0,-3.0,0.0,0.0,0.32875,27.95,60.125,5556.023,128,Hopper-v5,6198,Trial_1
701.4800469875336,130,532480,346.9344647621705,789.5763641314774,3.5089664909632914,159.88,810,0.010731692186099701,-3.0,0.99,0.00029642935503568896,0.0007390084929168911,0.0003,-178.84268188476562,0.7337630987167358,1.156119465827942,0.14229676127433777,-1.9498405456542969,-3.0,177.7459716796875,321.6063537597656,-66.86827087402344,2.6643142700195312,22.896854400634766,1.0,-178.84268188476562,0.7337630987167358,1.156119465827942,0.14229676127433777,-1.9498405456542969,-3.0,177.7459716796875,321.6063537597656,-66.86827087402344,810.0,810.0,0.0,0.010731692186099701,0.010731692186099701,0.0,0.00029642935503568896,0.00029642935503568896,0.0,0.0007390084929168911,0.0007390084929168911,0.0,0.0003,0.0003,0.0,-3.0,-3.0,0.0,0.0,0.30571428571428566,28.442857142857143,60.21428571428572,5545.755,129,Hopper-v5,6198,Trial_1
707.1884310245514,131,536576,465.6920087015959,803.9305870315484,190.65842679865622,202.3,810,0.010731692186099701,-3.0,0.99,0.00029642935503568896,0.0007390084929168911,0.0003,-174.7588653564453,0.7665213942527771,0.18917691707611084,0.14193016290664673,-1.9524201154708862,-3.0,173.21243286132812,316.2356262207031,-81.68368530273438,2.8922691345214844,21.543880462646484,1.0,-174.7588653564453,0.7665213942527771,0.18917691707611084,0.14193016290664673,-1.9524201154708862,-3.0,173.21243286132812,316.2356262207031,-81.68368530273438,810.0,810.0,0.0,0.010731692186099701,0.010731692186099701,0.0,0.00029642935503568896,0.00029642935503568896,0.0,0.0007390084929168911,0.0007390084929168911,0.0,0.0003,0.0003,0.0,-3.0,-3.0,0.0,0.0,0.36250000000000004,28.5875,60.35,5590.949,130,Hopper-v5,6198,Trial_1
712.7570240497589,132,540672,468.82826733894086,803.9305870315484,228.69294225048696,198.07,810,0.010731692186099701,-3.0,0.99,0.00029642935503568896,0.0007390084929168911,0.0003,-176.091064453125,0.7302852869033813,0.21295411884784698,0.14119911193847656,-1.957584261894226,-3.0,175.1875,334.5978088378906,-92.75899505615234,2.9819908142089844,18.74074935913086,1.0,-176.091064453125,0.7302852869033813,0.21295411884784698,0.14119911193847656,-1.957584261894226,-3.0,175.1875,334.5978088378906,-92.75899505615234,810.0,810.0,0.0,0.010731692186099701,0.010731692186099701,0.0,0.00029642935503568896,0.00029642935503568896,0.0,0.0007390084929168911,0.0007390084929168911,0.0,0.0003,0.0003,0.0,-3.0,-3.0,0.0,0.0,0.32142857142857145,27.87142857142857,60.371428571428574,5555.215,131,Hopper-v5,6198,Trial_1
718.2929630279541,133,544768,435.8022976834761,803.9305870315484,245.5305113262543,176.08,810,0.010731692186099701,-3.0,0.99,0.00029642935503568896,0.0007390084929168911,0.0003,-185.2235565185547,0.6216827630996704,-0.9128737449645996,0.14079061150550842,-1.9604815244674683,-3.0,185.2032470703125,303.970703125,-79.15271759033203,2.5148849487304688,17.42079448699951,1.0,-185.2235565185547,0.6216827630996704,-0.9128737449645996,0.14079061150550842,-1.9604815244674683,-3.0,185.2032470703125,303.970703125,-79.15271759033203,810.0,810.0,0.0,0.010731692186099701,0.010731692186099701,0.0,0.00029642935503568896,0.00029642935503568896,0.0,0.0007390084929168911,0.0007390084929168911,0.0,0.0003,0.0003,0.0,-3.0,-3.0,0.0,0.0,0.27375,28.7375,60.45,5564.908,132,Hopper-v5,6198,Trial_1
723.8538265228271,134,548864,398.3812543633735,803.9305870315484,297.35344768570724,157.3,810,0.010731692186099701,-3.0,0.99,0.00029642935503568896,0.0007390084929168911,0.0003,-184.10858154296875,0.8013598918914795,0.25794482231140137,0.1401212364435196,-1.9652472734451294,-3.0,182.26797485351562,335.6044006347656,-27.64910316467285,3.0970993041992188,29.45863914489746,1.0,-184.10858154296875,0.8013598918914795,0.25794482231140137,0.1401212364435196,-1.9652472734451294,-3.0,182.26797485351562,335.6044006347656,-27.64910316467285,810.0,810.0,0.0,0.010731692186099701,0.010731692186099701,0.0,0.00029642935503568896,0.00029642935503568896,0.0,0.0007390084929168911,0.0007390084929168911,0.0,0.0003,0.0003,0.0,-3.0,-3.0,0.0,0.0,0.25750000000000006,28.2875,60.6,5556.652,133,Hopper-v5,6198,Trial_1
729.2400379180908,135,552960,374.7449489324941,588.6202702574452,300.19103175442433,146.77,810,0.010731692186099701,-3.0,0.99,0.00029642935503568896,0.0007390084929168911,0.0003,-184.99420166015625,0.6556142568588257,0.09601041674613953,0.140630841255188,-1.9616169929504395,-3.0,183.62896728515625,312.4990539550781,-97.88197326660156,2.723400115966797,15.454236030578613,1.0,-184.99420166015625,0.6556142568588257,0.09601041674613953,0.140630841255188,-1.9616169929504395,-3.0,183.62896728515625,312.4990539550781,-97.88197326660156,810.0,810.0,0.0,0.010731692186099701,0.010731692186099701,0.0,0.00029642935503568896,0.00029642935503568896,0.0,0.0007390084929168911,0.0007390084929168911,0.0,0.0003,0.0003,0.0,-3.0,-3.0,0.0,0.0,0.27714285714285714,27.857142857142854,60.471428571428575,5521.741,134,Hopper-v5,6198,Trial_1
734.7408843040466,136,557056,371.2367612528119,471.66797952784583,304.3915880662378,151.27,810,0.010731692186099701,-3.0,0.99,0.00029642935503568896,0.0007390084929168911,0.0003,-188.73291015625,0.7190518379211426,-0.3710974454879761,0.14104090631008148,-1.9587053060531616,-3.0,187.95132446289062,324.2513732910156,-43.61135482788086,3.1487045288085938,23.04410171508789,1.0,-188.73291015625,0.7190518379211426,-0.3710974454879761,0.14104090631008148,-1.9587053060531616,-3.0,187.95132446289062,324.2513732910156,-43.61135482788086,810.0,810.0,0.0,0.010731692186099701,0.010731692186099701,0.0,0.00029642935503568896,0.00029642935503568896,0.0,0.0007390084929168911,0.0007390084929168911,0.0,0.0003,0.0003,0.0,-3.0,-3.0,0.0,0.0,0.2975,28.9,60.5625,5524.665,135,Hopper-v5,6198,Trial_1
740.9273626804352,137,561152,374.1836648759246,552.1708070046262,304.3915880662378,166.16,810,0.010731692186099701,-3.0,0.99,0.00029642935503568896,0.0007390084929168911,0.0003,-177.4141845703125,0.7149709463119507,0.5043929815292358,0.14159326255321503,-1.9547966718673706,-3.0,177.06015014648438,303.5098876953125,-91.03083801269531,2.8476428985595703,17.49363422393799,1.0,-177.4141845703125,0.7149709463119507,0.5043929815292358,0.14159326255321503,-1.9547966718673706,-3.0,177.06015014648438,303.5098876953125,-91.03083801269531,810.0,810.0,0.0,0.010731692186099701,0.010731692186099701,0.0,0.00029642935503568896,0.00029642935503568896,0.0,0.0007390084929168911,0.0007390084929168911,0.0,0.0003,0.0003,0.0,-3.0,-3.0,0.0,0.0,0.29874999999999996,27.7625,60.6375,5586.543,136,Hopper-v5,6198,Trial_1
746.3122882843018,138,565248,369.89876485468653,552.1708070046262,304.3915880662378,165.13,810,0.010731692186099701,-3.0,0.99,0.00029642935503568896,0.0007390084929168911,0.0003,-180.93817138671875,0.7520892024040222,-0.36471545696258545,0.14231592416763306,-1.9497058391571045,-3.0,180.32962036132812,338.2845458984375,-47.65963363647461,2.965733528137207,20.778337478637695,1.0,-180.93817138671875,0.7520892024040222,-0.36471545696258545,0.14231592416763306,-1.9497058391571045,-3.0,180.32962036132812,338.2845458984375,-47.65963363647461,810.0,810.0,0.0,0.010731692186099701,0.010731692186099701,0.0,0.00029642935503568896,0.00029642935503568896,0.0,0.0007390084929168911,0.0007390084929168911,0.0,0.0003,0.0003,0.0,-3.0,-3.0,0.0,0.0,0.2657142857142857,27.971428571428568,60.800000000000004,5579.084,137,Hopper-v5,6198,Trial_1
751.9202873706818,139,569344,372.7645101069328,552.1708070046262,304.3915880662378,167.47,810,0.010731692186099701,-3.0,0.99,0.00029642935503568896,0.0007390084929168911,0.0003,-200.41244506835938,0.7147790193557739,-0.34052497148513794,0.14285440742969513,-1.9459292888641357,-3.0,199.90916442871094,352.6171569824219,-34.779685974121094,2.921794891357422,18.598947525024414,1.0,-200.41244506835938,0.7147790193557739,-0.34052497148513794,0.14285440742969513,-1.9459292888641357,-3.0,199.90916442871094,352.6171569824219,-34.779685974121094,810.0,810.0,0.0,0.010731692186099701,0.010731692186099701,0.0,0.00029642935503568896,0.00029642935503568896,0.0,0.0007390084929168911,0.0007390084929168911,0.0,0.0003,0.0003,0.0,-3.0,-3.0,0.0,0.0,0.27625,28.1375,60.8625,5566.187,138,Hopper-v5,6198,Trial_1
757.2935404777527,140,573440,365.2115077058052,519.7999697997303,311.2050708614194,157.75,810,0.010731692186099701,-3.0,0.99,0.00029642935503568896,0.0007390084929168911,0.0003,-181.43145751953125,0.7376886606216431,0.13878299295902252,0.14418070018291473,-1.93668794631958,-3.0,181.62649536132812,313.7554626464844,-73.66519927978516,2.5952682495117188,29.185667037963867,1.0,-181.43145751953125,0.7376886606216431,0.13878299295902252,0.14418070018291473,-1.93668794631958,-3.0,181.62649536132812,313.7554626464844,-73.66519927978516,810.0,810.0,0.0,0.010731692186099701,0.010731692186099701,0.0,0.00029642935503568896,0.00029642935503568896,0.0,0.0007390084929168911,0.0007390084929168911,0.0,0.0003,0.0003,0.0,-3.0,-3.0,0.0,0.0,0.3025,28.0125,60.9375,5569.937,139,Hopper-v5,6198,Trial_1
762.817953824997,141,577536,363.93179677496283,418.36657025368834,311.2894141132283,150.05,810,0.010731692186099701,-3.0,0.99,0.00029642935503568896,0.0007390084929168911,0.0003,-183.55206298828125,0.7497352361679077,0.39446189999580383,0.14516809582710266,-1.9298629760742188,-3.0,183.749267578125,344.5629577636719,-40.279510498046875,2.536975860595703,34.32492256164551,1.0,-183.55206298828125,0.7497352361679077,0.39446189999580383,0.14516809582710266,-1.9298629760742188,-3.0,183.749267578125,344.5629577636719,-40.279510498046875,810.0,810.0,0.0,0.010731692186099701,0.010731692186099701,0.0,0.00029642935503568896,0.00029642935503568896,0.0,0.0007390084929168911,0.0007390084929168911,0.0,0.0003,0.0003,0.0,-3.0,-3.0,0.0,0.0,0.2642857142857143,27.7,60.957142857142856,5551.646,140,Hopper-v5,6198,Trial_1
768.3375284671783,142,581632,373.25019062989594,428.6545611828948,311.2894141132283,154.28,810,0.010731692186099701,-3.0,0.99,0.00029642935503568896,0.0007390084929168911,0.0003,-182.56857299804688,0.8365409970283508,-0.7117658257484436,0.14581342041492462,-1.9254274368286133,-3.0,182.07562255859375,343.8426208496094,-44.727439880371094,2.621936798095703,25.953391551971436,1.0,-182.56857299804688,0.8365409970283508,-0.7117658257484436,0.14581342041492462,-1.9254274368286133,-3.0,182.07562255859375,343.8426208496094,-44.727439880371094,810.0,810.0,0.0,0.010731692186099701,0.010731692186099701,0.0,0.00029642935503568896,0.00029642935503568896,0.0,0.0007390084929168911,0.0007390084929168911,0.0,0.0003,0.0003,0.0,-3.0,-3.0,0.0,0.0,0.275,28.525,61.1125,5546.551,141,Hopper-v5,6198,Trial_1
773.9161818027496,143,585728,380.3338480746541,428.6545611828948,328.49891839380933,156.81,810,0.010731692186099701,-3.0,0.99,0.00029642935503568896,0.0007390084929168911,0.0003,-186.66122436523438,0.914325475692749,0.299358606338501,0.14594672620296478,-1.924513578414917,-3.0,185.97625732421875,343.7769470214844,-49.75114822387695,2.9492759704589844,18.943131923675537,1.0,-186.66122436523438,0.914325475692749,0.299358606338501,0.14594672620296478,-1.924513578414917,-3.0,185.97625732421875,343.7769470214844,-49.75114822387695,810.0,810.0,0.0,0.010731692186099701,0.010731692186099701,0.0,0.00029642935503568896,0.00029642935503568896,0.0,0.0007390084929168911,0.0007390084929168911,0.0,0.0003,0.0003,0.0,-3.0,-3.0,0.0,0.0,0.21428571428571427,28.357142857142858,61.17142857142858,5550.879,142,Hopper-v5,6198,Trial_1
779.888457775116,144,589824,385.6487265791332,460.3991166176219,339.7795481728719,159.18,810,0.010731692186099701,-3.0,0.99,0.00029642935503568896,0.0007390084929168911,0.0003,-189.5215606689453,0.9463855028152466,0.8236217498779297,0.14570243656635284,-1.9261888265609741,-3.0,189.17347717285156,338.238525390625,-80.5504150390625,2.8583221435546875,33.4305477142334,1.0,-189.5215606689453,0.9463855028152466,0.8236217498779297,0.14570243656635284,-1.9261888265609741,-3.0,189.17347717285156,338.238525390625,-80.5504150390625,810.0,810.0,0.0,0.010731692186099701,0.010731692186099701,0.0,0.00029642935503568896,0.00029642935503568896,0.0,0.0007390084929168911,0.0007390084929168911,0.0,0.0003,0.0003,0.0,-3.0,-3.0,0.0,0.0,0.21625,27.8625,61.212500000000006,5592.045,143,Hopper-v5,6198,Trial_1
785.2932040691376,145,593920,398.53812343101663,464.6400895881682,362.4500951290835,166.36,810,0.010731692186099701,-3.0,0.99,0.00029642935503568896,0.0007390084929168911,0.0003,-193.11874389648438,0.8101881146430969,0.33545222878456116,0.14415797591209412,-1.9368455410003662,-3.0,192.38101196289062,343.15228271484375,-59.62369155883789,2.485443115234375,22.30194091796875,1.0,-193.11874389648438,0.8101881146430969,0.33545222878456116,0.14415797591209412,-1.9368455410003662,-3.0,192.38101196289062,343.15228271484375,-59.62369155883789,810.0,810.0,0.0,0.010731692186099701,0.010731692186099701,0.0,0.00029642935503568896,0.00029642935503568896,0.0,0.0007390084929168911,0.0007390084929168911,0.0,0.0003,0.0003,0.0,-3.0,-3.0,0.0,0.0,0.27625,28.575000000000003,61.2375,5593.984,144,Hopper-v5,6198,Trial_1
790.6250438690186,146,598016,407.8508395182458,464.6400895881682,370.59105864283003,168.7,810,0.010731692186099701,-3.0,0.99,0.00029642935503568896,0.0007390084929168911,0.0003,-195.9541015625,0.8035609722137451,-1.780896544456482,0.14126551151275635,-1.9571139812469482,-3.0,194.62466430664062,320.5384826660156,-71.91803741455078,2.7076148986816406,17.462976455688477,1.0,-195.9541015625,0.8035609722137451,-1.780896544456482,0.14126551151275635,-1.9571139812469482,-3.0,194.62466430664062,320.5384826660156,-71.91803741455078,810.0,810.0,0.0,0.010731692186099701,0.010731692186099701,0.0,0.00029642935503568896,0.00029642935503568896,0.0,0.0007390084929168911,0.0007390084929168911,0.0,0.0003,0.0003,0.0,-3.0,-3.0,0.0,0.0,0.3171428571428571,28.34285714285715,61.271428571428565,5576.968,145,Hopper-v5,6198,Trial_1
796.0475764274597,147,602112,412.0875500724241,533.8668719587581,298.6128659107433,169.25,810,0.010731692186099701,-3.0,0.99,0.00029642935503568896,0.0007390084929168911,0.0003,-208.28387451171875,1.00761878490448,-101.62466430664062,0.12330085039138794,-2.093127965927124,-3.0,203.1939697265625,322.7950439453125,-72.23707580566406,3.2899932861328125,22.409128189086914,1.0,-208.28387451171875,1.00761878490448,-101.62466430664062,0.12330085039138794,-2.093127965927124,-3.0,203.1939697265625,322.7950439453125,-72.23707580566406,810.0,810.0,0.0,0.010731692186099701,0.010731692186099701,0.0,0.00029642935503568896,0.00029642935503568896,0.0,0.0007390084929168911,0.0007390084929168911,0.0,0.0003,0.0003,0.0,-3.0,-3.0,0.0,0.0,0.32142857142857145,28.457142857142856,61.34285714285714,5500.513,146,Hopper-v5,6198,Trial_1
801.5627357959747,148,606208,404.10030775169383,631.7288219752195,151.7986231539893,173.34,810,0.010731692186099701,-3.0,0.99,0.00029642935503568896,0.0007390084929168911,0.0003,-212.62203979492188,1.1619545221328735,-132.45376586914062,0.11175542324781418,-2.1914424896240234,-3.0,208.48086547851562,339.2614440917969,-84.62017822265625,3.2986488342285156,29.029934883117676,1.0,-212.62203979492188,1.1619545221328735,-132.45376586914062,0.11175542324781418,-2.1914424896240234,-3.0,208.48086547851562,339.2614440917969,-84.62017822265625,810.0,810.0,0.0,0.010731692186099701,0.010731692186099701,0.0,0.00029642935503568896,0.00029642935503568896,0.0,0.0007390084929168911,0.0007390084929168911,0.0,0.0003,0.0003,0.0,-3.0,-3.0,0.0,0.0,0.225,28.1375,61.45,5513.567,147,Hopper-v5,6198,Trial_1
806.9987952709198,149,610304,320.1272721168552,631.7288219752195,86.50465076632075,156.42,810,0.010731692186099701,-3.0,0.99,0.00029642935503568896,0.0007390084929168911,0.0003,-204.7366180419922,1.0346912145614624,-148.03521728515625,0.10362815111875534,-2.266946315765381,-3.0,201.21051025390625,327.12188720703125,-95.86871337890625,2.651592254638672,31.38571262359619,1.0,-204.7366180419922,1.0346912145614624,-148.03521728515625,0.10362815111875534,-2.266946315765381,-3.0,201.21051025390625,327.12188720703125,-95.86871337890625,810.0,810.0,0.0,0.010731692186099701,0.010731692186099701,0.0,0.00029642935503568896,0.00029642935503568896,0.0,0.0007390084929168911,0.0007390084929168911,0.0,0.0003,0.0003,0.0,-3.0,-3.0,0.0,0.0,0.24,28.11428571428571,61.41428571428571,5496.083,148,Hopper-v5,6198,Trial_1
812.5886380672455,150,614400,257.1223171333329,631.7288219752195,81.84234635072764,145.32,810,0.010731692186099701,-3.0,0.99,0.00029642935503568896,0.0007390084929168911,0.0003,-207.0067596435547,1.007786750793457,-157.46548461914062,0.09754565358161926,-2.327434778213501,-3.0,203.2220458984375,344.4258117675781,-107.31826782226562,3.0636062622070312,26.958099365234375,1.0,-207.0067596435547,1.007786750793457,-157.46548461914062,0.09754565358161926,-2.327434778213501,-3.0,203.2220458984375,344.4258117675781,-107.31826782226562,810.0,810.0,0.0,0.010731692186099701,0.010731692186099701,0.0,0.00029642935503568896,0.00029642935503568896,0.0,0.0007390084929168911,0.0007390084929168911,0.0,0.0003,0.0003,0.0,-3.0,-3.0,0.0,0.0,0.3425,28.674999999999997,61.462500000000006,5517.766,149,Hopper-v5,6198,Trial_1
818.7537269592285,151,618496,252.05880752584028,631.7288219752195,81.84234635072764,147.88,810,0.010731692186099701,-3.0,0.99,0.00029642935503568896,0.0007390084929168911,0.0003,-210.5438232421875,1.037832498550415,-157.35531616210938,0.09268033504486084,-2.378598928451538,-3.0,207.73846435546875,344.8934631347656,-118.17183685302734,2.906452178955078,19.92645025253296,1.0,-210.5438232421875,1.037832498550415,-157.35531616210938,0.09268033504486084,-2.378598928451538,-3.0,207.73846435546875,344.8934631347656,-118.17183685302734,810.0,810.0,0.0,0.010731692186099701,0.010731692186099701,0.0,0.00029642935503568896,0.00029642935503568896,0.0,0.0007390084929168911,0.0007390084929168911,0.0,0.0003,0.0003,0.0,-3.0,-3.0,0.0,0.0,0.30374999999999996,28.9,61.3125,5581.9,150,Hopper-v5,6198,Trial_1
824.2624480724335,152,622592,234.08424587002446,611.4634764117691,81.84234635072764,183.47,810,0.010731692186099701,-3.0,0.99,0.00029642935503568896,0.0007390084929168911,0.0003,-215.32528686523438,1.1477940082550049,-158.25885009765625,0.08875960111618042,-2.421823740005493,-3.0,211.36575317382812,327.0254211425781,-121.8018569946289,2.836841583251953,35.688053131103516,1.0,-215.32528686523438,1.1477940082550049,-158.25885009765625,0.08875960111618042,-2.421823740005493,-3.0,211.36575317382812,327.0254211425781,-121.8018569946289,810.0,810.0,0.0,0.010731692186099701,0.010731692186099701,0.0,0.00029642935503568896,0.00029642935503568896,0.0,0.0007390084929168911,0.0007390084929168911,0.0,0.0003,0.0003,0.0,-3.0,-3.0,0.0,0.0,0.2942857142857143,28.400000000000002,61.628571428571426,5581.127,151,Hopper-v5,6198,Trial_1
829.6951916217804,153,626688,218.59630645258076,530.5208424023613,81.84234635072764,181.94,810,0.010731692186099701,-3.0,0.99,0.00029642935503568896,0.0007390084929168911,0.0003,-217.19540405273438,1.262166976928711,-185.04867553710938,0.0850239098072052,-2.464822769165039,-3.0,212.38088989257812,329.7314453125,-141.46896362304688,3.0739593505859375,47.92281723022461,1.0,-217.19540405273438,1.262166976928711,-185.04867553710938,0.0850239098072052,-2.464822769165039,-3.0,212.38088989257812,329.7314453125,-141.46896362304688,810.0,810.0,0.0,0.010731692186099701,0.010731692186099701,0.0,0.00029642935503568896,0.00029642935503568896,0.0,0.0007390084929168911,0.0007390084929168911,0.0,0.0003,0.0003,0.0,-3.0,-3.0,0.0,0.0,0.30875,28.6625,61.825,5566.208,152,Hopper-v5,6198,Trial_1
835.198814868927,154,630784,240.22389198946547,875.1819149391252,81.84234635072764,192.29,810,0.010731692186099701,-3.0,0.99,0.00029642935503568896,0.0007390084929168911,0.0003,-221.78668212890625,1.2146573066711426,-200.76156616210938,0.08141853660345078,-2.5081522464752197,-3.0,215.35525512695312,347.2413330078125,-150.17359924316406,2.8678417205810547,61.713340759277344,1.0,-221.78668212890625,1.2146573066711426,-200.76156616210938,0.08141853660345078,-2.5081522464752197,-3.0,215.35525512695312,347.2413330078125,-150.17359924316406,810.0,810.0,0.0,0.010731692186099701,0.010731692186099701,0.0,0.00029642935503568896,0.00029642935503568896,0.0,0.0007390084929168911,0.0007390084929168911,0.0,0.0003,0.0003,0.0,-3.0,-3.0,0.0,0.0,0.2814285714285714,28.11428571428571,61.842857142857135,5519.062,153,Hopper-v5,6198,Trial_1
840.644232749939,155,634880,307.0735525515778,875.1819149391252,81.84234635072764,219.58,810,0.010731692186099701,-3.0,0.99,0.00029642935503568896,0.0007390084929168911,0.0003,-218.11550903320312,1.0493266582489014,-210.69290161132812,0.07821192592382431,-2.548333168029785,-3.0,212.76702880859375,345.48345947265625,-156.04624938964844,3.0591659545898438,38.778160095214844,1.0,-218.11550903320312,1.0493266582489014,-210.69290161132812,0.07821192592382431,-2.548333168029785,-3.0,212.76702880859375,345.48345947265625,-156.04624938964844,810.0,810.0,0.0,0.010731692186099701,0.010731692186099701,0.0,0.00029642935503568896,0.00029642935503568896,0.0,0.0007390084929168911,0.0007390084929168911,0.0,0.0003,0.0003,0.0,-3.0,-3.0,0.0,0.0,0.23249999999999998,28.125,61.9375,5522.738,154,Hopper-v5,6198,Trial_1
846.1499330997467,156,638976,335.8469666317767,875.1819149391252,161.09957170329176,219.69,810,0.010731692186099701,-3.0,0.99,0.00029642935503568896,0.0007390084929168911,0.0003,-229.70802307128906,0.9411870241165161,-204.7510986328125,0.07533904165029526,-2.585756778717041,-3.0,224.1305389404297,373.3695373535156,-163.0448455810547,2.464977264404297,21.62946128845215,1.0,-229.70802307128906,0.9411870241165161,-204.7510986328125,0.07533904165029526,-2.585756778717041,-3.0,224.1305389404297,373.3695373535156,-163.0448455810547,810.0,810.0,0.0,0.010731692186099701,0.010731692186099701,0.0,0.00029642935503568896,0.00029642935503568896,0.0,0.0007390084929168911,0.0007390084929168911,0.0,0.0003,0.0003,0.0,-3.0,-3.0,0.0,0.0,0.31,28.728571428571428,61.94285714285714,5539.803,155,Hopper-v5,6198,Trial_1
851.700407743454,157,643072,338.26487528497864,875.1819149391252,161.09957170329176,196.93,810,0.010731692186099701,-3.0,0.99,0.00029642935503568896,0.0007390084929168911,0.0003,-236.75489807128906,0.8613408803939819,-211.08079528808594,0.07272355258464813,-2.6210899353027344,-3.0,230.55838012695312,387.5512390136719,-174.37451171875,2.7111549377441406,20.86854362487793,1.0,-236.75489807128906,0.8613408803939819,-211.08079528808594,0.07272355258464813,-2.6210899353027344,-3.0,230.55838012695312,387.5512390136719,-174.37451171875,810.0,810.0,0.0,0.010731692186099701,0.010731692186099701,0.0,0.00029642935503568896,0.00029642935503568896,0.0,0.0007390084929168911,0.0007390084929168911,0.0,0.0003,0.0003,0.0,-3.0,-3.0,0.0,0.0,0.24875,28.1625,62.0,5552.554,156,Hopper-v5,6198,Trial_1
857.7553267478943,158,647168,369.187822569317,875.1819149391252,161.09957170329176,200.95,810,0.010731692186099701,-3.0,0.99,0.00029642935503568896,0.0007390084929168911,0.0003,-244.6717529296875,0.8890482187271118,-210.4447021484375,0.07032081484794617,-2.6546874046325684,-3.0,238.8621063232422,372.22479248046875,-166.0011444091797,2.5693893432617188,42.91879844665527,1.0,-244.6717529296875,0.8890482187271118,-210.4447021484375,0.07032081484794617,-2.6546874046325684,-3.0,238.8621063232422,372.22479248046875,-166.0011444091797,810.0,810.0,0.0,0.010731692186099701,0.010731692186099701,0.0,0.00029642935503568896,0.00029642935503568896,0.0,0.0007390084929168911,0.0007390084929168911,0.0,0.0003,0.0003,0.0,-3.0,-3.0,0.0,0.0,0.3275,28.262500000000003,61.9375,5606.582,157,Hopper-v5,6198,Trial_1
863.1534571647644,159,651264,356.76583038264033,689.8293902359799,286.6532324450459,182.58,810,0.010731692186099701,-3.0,0.99,0.00029642935503568896,0.0007390084929168911,0.0003,-241.3487548828125,1.0350816249847412,-210.14834594726562,0.06807438284158707,-2.6871542930603027,-3.0,234.67828369140625,358.4777526855469,-187.7847137451172,2.7480125427246094,46.875450134277344,1.0,-241.3487548828125,1.0350816249847412,-210.14834594726562,0.06807438284158707,-2.6871542930603027,-3.0,234.67828369140625,358.4777526855469,-187.7847137451172,810.0,810.0,0.0,0.010731692186099701,0.010731692186099701,0.0,0.00029642935503568896,0.00029642935503568896,0.0,0.0007390084929168911,0.0007390084929168911,0.0,0.0003,0.0003,0.0,-3.0,-3.0,0.0,0.0,0.2385714285714286,28.599999999999998,62.07142857142857,5602.635,158,Hopper-v5,6198,Trial_1
868.4952127933502,160,655360,343.1280879494888,605.4564589698147,251.9035472100974,166.29,810,0.010731692186099701,-3.0,0.99,0.00029642935503568896,0.0007390084929168911,0.0003,-249.96176147460938,1.0404753684997559,-210.2496337890625,0.06598258018493652,-2.7183644771575928,-3.0,243.35794067382812,369.4961853027344,-149.7482452392578,2.7635421752929688,66.32792282104492,1.0,-249.96176147460938,1.0404753684997559,-210.2496337890625,0.06598258018493652,-2.7183644771575928,-3.0,243.35794067382812,369.4961853027344,-149.7482452392578,810.0,810.0,0.0,0.010731692186099701,0.010731692186099701,0.0,0.00029642935503568896,0.00029642935503568896,0.0,0.0007390084929168911,0.0007390084929168911,0.0,0.0003,0.0003,0.0,-3.0,-3.0,0.0,0.0,0.2771428571428572,27.928571428571434,62.15714285714286,5577.887,159,Hopper-v5,6198,Trial_1
873.9869618415833,161,659456,312.1960986415484,415.67804206604734,197.4526880431979,152.86,810,0.010731692186099701,-3.0,0.99,0.00029642935503568896,0.0007390084929168911,0.0003,-245.10833740234375,0.8979267477989197,-220.17124938964844,0.06400075554847717,-2.7488603591918945,-3.0,238.77760314941406,359.6597595214844,-196.2823486328125,3.1031036376953125,25.832849502563477,1.0,-245.10833740234375,0.8979267477989197,-220.17124938964844,0.06400075554847717,-2.7488603591918945,-3.0,238.77760314941406,359.6597595214844,-196.2823486328125,810.0,810.0,0.0,0.010731692186099701,0.010731692186099701,0.0,0.00029642935503568896,0.00029642935503568896,0.0,0.0007390084929168911,0.0007390084929168911,0.0,0.0003,0.0003,0.0,-3.0,-3.0,0.0,0.0,0.25125,26.4,62.9,5510.603,160,Hopper-v5,6198,Trial_1
879.443333864212,162,663552,259.6429487282163,387.0989854879423,174.6586916286117,141.15,810,0.010731692186099701,-3.0,0.99,0.00029642935503568896,0.0007390084929168911,0.0003,-251.3724822998047,1.3775038719177246,-226.56600952148438,0.062097836285829544,-2.7790441513061523,-3.0,245.72296142578125,372.6817321777344,-199.98825073242188,3.0498733520507812,94.89275741577148,1.0,-251.3724822998047,1.3775038719177246,-226.56600952148438,0.062097836285829544,-2.7790441513061523,-3.0,245.72296142578125,372.6817321777344,-199.98825073242188,810.0,810.0,0.0,0.010731692186099701,0.010731692186099701,0.0,0.00029642935503568896,0.00029642935503568896,0.0,0.0007390084929168911,0.0007390084929168911,0.0,0.0003,0.0003,0.0,-3.0,-3.0,0.0,0.0,0.21999999999999997,26.185714285714283,65.08571428571429,5505.249,161,Hopper-v5,6198,Trial_1
884.7824172973633,163,667648,237.77425928791155,365.6838808978353,174.6586916286117,133.39,810,0.010731692186099701,-3.0,0.99,0.00029642935503568896,0.0007390084929168911,0.0003,-250.00094604492188,1.325048565864563,-223.1358642578125,0.060312215238809586,-2.808220624923706,-3.0,243.01686096191406,363.3587341308594,-185.70272827148438,3.3073806762695312,90.57755851745605,1.0,-250.00094604492188,1.325048565864563,-223.1358642578125,0.060312215238809586,-2.808220624923706,-3.0,243.01686096191406,363.3587341308594,-185.70272827148438,810.0,810.0,0.0,0.010731692186099701,0.010731692186099701,0.0,0.00029642935503568896,0.00029642935503568896,0.0,0.0007390084929168911,0.0007390084929168911,0.0,0.0003,0.0003,0.0,-3.0,-3.0,0.0,0.0,0.235,26.3625,66.5625,5496.22,162,Hopper-v5,6198,Trial_1
890.1499207019806,164,671744,261.779757384463,513.3070733357418,174.6586916286117,138.23,810,0.010731692186099701,-3.0,0.99,0.00029642935503568896,0.0007390084929168911,0.0003,-263.38677978515625,1.0846786499023438,-212.87713623046875,0.058623362332582474,-2.8366219997406006,-3.0,257.5559997558594,377.21099853515625,-211.22088623046875,2.9694671630859375,52.48793315887451,1.0,-263.38677978515625,1.0846786499023438,-212.87713623046875,0.058623362332582474,-2.8366219997406006,-3.0,257.5559997558594,377.21099853515625,-211.22088623046875,810.0,810.0,0.0,0.010731692186099701,0.010731692186099701,0.0,0.00029642935503568896,0.00029642935503568896,0.0,0.0007390084929168911,0.0007390084929168911,0.0,0.0003,0.0003,0.0,-3.0,-3.0,0.0,0.0,0.26857142857142857,25.271428571428576,62.45714285714285,5482.758,163,Hopper-v5,6198,Trial_1
895.86536693573,165,675840,296.1874092818459,803.9620771610205,174.6586916286117,146.88,810,0.010731692186099701,-3.0,0.99,0.00029642935503568896,0.0007390084929168911,0.0003,-262.98687744140625,1.066724181175232,-216.70361328125,0.05701487883925438,-2.864443063735962,-3.0,257.530029296875,386.70062255859375,-188.54287719726562,3.1188488006591797,33.65486717224121,1.0,-262.98687744140625,1.066724181175232,-216.70361328125,0.05701487883925438,-2.864443063735962,-3.0,257.530029296875,386.70062255859375,-188.54287719726562,810.0,810.0,0.0,0.010731692186099701,0.010731692186099701,0.0,0.00029642935503568896,0.00029642935503568896,0.0,0.0007390084929168911,0.0007390084929168911,0.0,0.0003,0.0003,0.0,-3.0,-3.0,0.0,0.0,0.21571428571428572,21.642857142857142,50.57142857142857,5510.055,164,Hopper-v5,6198,Trial_1
901.0033233165741,166,679936,376.7563070323915,829.8063583685482,174.6586916286117,172.07,810,0.010731692186099701,-3.0,0.99,0.00029642935503568896,0.0007390084929168911,0.0003,-263.76568603515625,1.3410372734069824,-228.931396484375,0.05546009540557861,-2.8920915126800537,-3.0,258.1681213378906,401.21136474609375,-211.48910522460938,2.9414825439453125,100.71703147888184,1.0,-263.76568603515625,1.3410372734069824,-228.931396484375,0.05546009540557861,-2.8920915126800537,-3.0,258.1681213378906,401.21136474609375,-211.48910522460938,810.0,810.0,0.0,0.010731692186099701,0.010731692186099701,0.0,0.00029642935503568896,0.00029642935503568896,0.0,0.0007390084929168911,0.0007390084929168911,0.0,0.0003,0.0003,0.0,-3.0,-3.0,0.0,0.0,0.24428571428571427,21.6,50.5,5473.62,165,Hopper-v5,6198,Trial_1
906.1386640071869,167,684032,418.63379112373894,829.8063583685482,163.57712635779868,184.91,810,0.010731692186099701,-3.0,0.99,0.00029642935503568896,0.0007390084929168911,0.0003,-267.51702880859375,1.0559778213500977,-226.19155883789062,0.05396975204348564,-2.9193315505981445,-3.0,262.4571533203125,385.72210693359375,-191.33387756347656,2.897430419921875,38.72568607330322,1.0,-267.51702880859375,1.0559778213500977,-226.19155883789062,0.05396975204348564,-2.9193315505981445,-3.0,262.4571533203125,385.72210693359375,-191.33387756347656,810.0,810.0,0.0,0.010731692186099701,0.010731692186099701,0.0,0.00029642935503568896,0.00029642935503568896,0.0,0.0007390084929168911,0.0007390084929168911,0.0,0.0003,0.0003,0.0,-3.0,-3.0,0.0,0.0,0.25,21.285714285714285,50.5,5432.133,166,Hopper-v5,6198,Trial_1
911.3281729221344,168,688128,432.3546626416785,930.6515492234215,135.77097664814465,190.73,810,0.010731692186099701,-3.0,0.99,0.00029642935503568896,0.0007390084929168911,0.0003,-260.92926025390625,1.2391902208328247,-226.9979705810547,0.05254311114549637,-2.9461212158203125,-3.0,255.4969482421875,383.80303955078125,-198.2791748046875,3.0820770263671875,90.15629768371582,1.0,-260.92926025390625,1.2391902208328247,-226.9979705810547,0.05254311114549637,-2.9461212158203125,-3.0,255.4969482421875,383.80303955078125,-198.2791748046875,810.0,810.0,0.0,0.010731692186099701,0.010731692186099701,0.0,0.00029642935503568896,0.00029642935503568896,0.0,0.0007390084929168911,0.0007390084929168911,0.0,0.0003,0.0003,0.0,-3.0,-3.0,0.0,0.0,0.2214285714285714,22.142857142857142,50.47142857142857,5345.529,167,Hopper-v5,6198,Trial_1
916.4523878097534,169,692224,425.29901657665135,930.6515492234215,135.77097664814465,190.72,810,0.010731692186099701,-3.0,0.99,0.00029642935503568896,0.0007390084929168911,0.0003,-276.8961181640625,1.1954848766326904,-238.91314697265625,0.05116092413663864,-2.9727792739868164,-3.0,272.4624938964844,389.1502380371094,-226.5629119873047,2.74383544921875,59.186349868774414,1.0,-276.8961181640625,1.1954848766326904,-238.91314697265625,0.05116092413663864,-2.9727792739868164,-3.0,272.4624938964844,389.1502380371094,-226.5629119873047,810.0,810.0,0.0,0.010731692186099701,0.010731692186099701,0.0,0.00029642935503568896,0.00029642935503568896,0.0,0.0007390084929168911,0.0007390084929168911,0.0,0.0003,0.0003,0.0,-3.0,-3.0,0.0,0.0,0.24857142857142858,21.67142857142857,50.39999999999999,5318.438,168,Hopper-v5,6198,Trial_1
921.7561209201813,170,696320,437.693009393178,930.6515492234215,135.77097664814465,195.49,810,0.010731692186099701,-3.0,0.99,0.00029642935503568896,0.0007390084929168911,0.0003,-269.3757629394531,1.1822826862335205,-233.65185546875,0.04981875792145729,-2.999363660812378,-3.0,265.8565368652344,389.32952880859375,-214.5348358154297,2.8232979774475098,68.95187187194824,1.0,-269.3757629394531,1.1822826862335205,-233.65185546875,0.04981875792145729,-2.999363660812378,-3.0,265.8565368652344,389.32952880859375,-214.5348358154297,810.0,810.0,0.0,0.010731692186099701,0.010731692186099701,0.0,0.00029642935503568896,0.00029642935503568896,0.0,0.0007390084929168911,0.0007390084929168911,0.0,0.0003,0.0003,0.0,-3.0,-3.0,0.0,0.0,0.23285714285714285,21.714285714285715,50.385714285714286,5314.507,169,Hopper-v5,6198,Trial_1
927.5355958938599,171,700416,456.5791822191048,1100.0128042905033,135.77097664814465,202.59,810,0.010731692186099701,-3.0,0.99,0.00029642935503568896,0.0007390084929168911,0.0003,-272.4414367675781,1.396943211555481,-230.46011352539062,0.048526301980018616,-3.025649309158325,-3.0,268.15130615234375,398.47711181640625,-230.73089599609375,2.5871429443359375,139.35691452026367,1.0,-272.4414367675781,1.396943211555481,-230.46011352539062,0.048526301980018616,-3.025649309158325,-3.0,268.15130615234375,398.47711181640625,-230.73089599609375,810.0,810.0,0.0,0.010731692186099701,0.010731692186099701,0.0,0.00029642935503568896,0.00029642935503568896,0.0,0.0007390084929168911,0.0007390084929168911,0.0,0.0003,0.0003,0.0,-3.0,-3.0,0.0,0.0,0.2325,21.450000000000003,50.4,5343.443,170,Hopper-v5,6198,Trial_1
932.7063598632812,172,704512,474.69270344804494,1100.0128042905033,135.77097664814465,210.91,810,0.010731692186099701,-3.0,0.99,0.00029642935503568896,0.0007390084929168911,0.0003,-275.5069580078125,1.5943893194198608,-241.21902465820312,0.04728531837463379,-3.0515553951263428,-3.0,271.1253967285156,404.3177185058594,-226.95956420898438,2.7679214477539062,139.38043212890625,1.0,-275.5069580078125,1.5943893194198608,-241.21902465820312,0.04728531837463379,-3.0515553951263428,-3.0,271.1253967285156,404.3177185058594,-226.95956420898438,810.0,810.0,0.0,0.010731692186099701,0.010731692186099701,0.0,0.00029642935503568896,0.00029642935503568896,0.0,0.0007390084929168911,0.0007390084929168911,0.0,0.0003,0.0003,0.0,-3.0,-3.0,0.0,0.0,0.2571428571428572,21.414285714285715,50.542857142857144,5314.989,171,Hopper-v5,6198,Trial_1
937.9739212989807,173,708608,521.5965850350324,1100.0128042905033,135.77097664814465,228.21,810,0.010731692186099701,-3.0,0.99,0.00029642935503568896,0.0007390084929168911,0.0003,-266.89202880859375,1.31773841381073,-235.55833435058594,0.04608120396733284,-3.07735013961792,-3.0,262.5658874511719,399.62353515625,-230.45977783203125,3.4586334228515625,58.38578224182129,1.0,-266.89202880859375,1.31773841381073,-235.55833435058594,0.04608120396733284,-3.07735013961792,-3.0,262.5658874511719,399.62353515625,-230.45977783203125,810.0,810.0,0.0,0.010731692186099701,0.010731692186099701,0.0,0.00029642935503568896,0.00029642935503568896,0.0,0.0007390084929168911,0.0007390084929168911,0.0,0.0003,0.0003,0.0,-3.0,-3.0,0.0,0.0,0.17285714285714285,21.314285714285713,50.54285714285714,5307.82,172,Hopper-v5,6198,Trial_1
942.9227170944214,174,712704,584.1431771736967,1184.705517610945,147.9353765036073,246.2,810,0.010731692186099701,-3.0,0.99,0.00029642935503568896,0.0007390084929168911,0.0003,-269.3917236328125,1.396038293838501,-246.66197204589844,0.044915277510881424,-3.1029772758483887,-3.0,266.31109619140625,407.8507385253906,-235.69639587402344,3.037822723388672,79.38582229614258,1.0,-269.3917236328125,1.396038293838501,-246.66197204589844,0.044915277510881424,-3.1029772758483887,-3.0,266.31109619140625,407.8507385253906,-235.69639587402344,810.0,810.0,0.0,0.010731692186099701,0.010731692186099701,0.0,0.00029642935503568896,0.00029642935503568896,0.0,0.0007390084929168911,0.0007390084929168911,0.0,0.0003,0.0003,0.0,-3.0,-3.0,0.0,0.0,0.21142857142857144,21.485714285714288,50.471428571428575,5265.979,173,Hopper-v5,6198,Trial_1
948.0715801715851,175,716800,558.2884473664304,1184.705517610945,209.26624243020945,232.07,810,0.010731692186099701,-3.0,0.99,0.00029642935503568896,0.0007390084929168911,0.0003,-265.7532043457031,1.3837445974349976,-251.4715576171875,0.04376881197094917,-3.128833770751953,-3.0,262.35137939453125,407.2630920410156,-232.89901733398438,2.9653186798095703,106.41980743408203,1.0,-265.7532043457031,1.3837445974349976,-251.4715576171875,0.04376881197094917,-3.128833770751953,-3.0,262.35137939453125,407.2630920410156,-232.89901733398438,810.0,810.0,0.0,0.010731692186099701,0.010731692186099701,0.0,0.00029642935503568896,0.00029642935503568896,0.0,0.0007390084929168911,0.0007390084929168911,0.0,0.0003,0.0003,0.0,-3.0,-3.0,0.0,0.0,0.2557142857142857,21.5,50.42857142857142,5209.203,174,Hopper-v5,6198,Trial_1
953.1966955661774,176,720896,436.6918417212885,1184.705517610945,250.37834557282272,182.79,810,0.010731692186099701,-3.0,0.99,0.00029642935503568896,0.0007390084929168911,0.0003,-289.2920227050781,1.0194103717803955,-248.302490234375,0.04265977442264557,-3.154498815536499,-3.0,285.9211730957031,418.7700500488281,-231.6320343017578,3.0810317993164062,28.859067916870117,1.0,-289.2920227050781,1.0194103717803955,-248.302490234375,0.04265977442264557,-3.154498815536499,-3.0,285.9211730957031,418.7700500488281,-231.6320343017578,810.0,810.0,0.0,0.010731692186099701,0.010731692186099701,0.0,0.00029642935503568896,0.00029642935503568896,0.0,0.0007390084929168911,0.0007390084929168911,0.0,0.0003,0.0003,0.0,-3.0,-3.0,0.0,0.0,0.19142857142857145,21.171428571428574,50.542857142857144,5207.962,175,Hopper-v5,6198,Trial_1
958.3130564689636,177,724992,329.34756972232907,744.1620033041328,250.37834557282272,141.46,810,0.010731692186099701,-3.0,0.99,0.00029642935503568896,0.0007390084929168911,0.0003,-269.998779296875,1.2655097246170044,-253.1293487548828,0.04157356545329094,-3.180290699005127,-3.0,265.9037170410156,402.6121520996094,-231.11337280273438,3.0576095581054688,79.7806568145752,1.0,-269.998779296875,1.2655097246170044,-253.1293487548828,0.04157356545329094,-3.180290699005127,-3.0,265.9037170410156,402.6121520996094,-231.11337280273438,810.0,810.0,0.0,0.010731692186099701,0.010731692186099701,0.0,0.00029642935503568896,0.00029642935503568896,0.0,0.0007390084929168911,0.0007390084929168911,0.0,0.0003,0.0003,0.0,-3.0,-3.0,0.0,0.0,0.24,21.88571428571429,50.51428571428572,5206.083,176,Hopper-v5,6198,Trial_1
964.0946853160858,178,729088,297.708077186809,617.5524522402478,245.85014095921298,131.74,810,0.010731692186099701,-3.0,0.99,0.00029642935503568896,0.0007390084929168911,0.0003,-268.1138610839844,1.3084843158721924,-249.9327392578125,0.040508661419153214,-3.2062394618988037,-3.0,264.10638427734375,411.1671142578125,-242.43411254882812,3.2568283081054688,62.35753631591797,1.0,-268.1138610839844,1.3084843158721924,-249.9327392578125,0.040508661419153214,-3.2062394618988037,-3.0,264.10638427734375,411.1671142578125,-242.43411254882812,810.0,810.0,0.0,0.010731692186099701,0.010731692186099701,0.0,0.00029642935503568896,0.00029642935503568896,0.0,0.0007390084929168911,0.0007390084929168911,0.0,0.0003,0.0003,0.0,-3.0,-3.0,0.0,0.0,0.21857142857142858,21.24285714285714,50.5,5265.337,177,Hopper-v5,6198,Trial_1
969.2395346164703,179,733184,291.1998664234445,491.4955715199176,245.85014095921298,129.32,810,0.010731692186099701,-3.0,0.99,0.00029642935503568896,0.0007390084929168911,0.0003,-277.9952087402344,1.2901819944381714,-269.9447937011719,0.03946957364678383,-3.232225179672241,-3.0,273.58416748046875,409.9559020996094,-228.04434204101562,3.2312850952148438,89.92194175720215,1.0,-277.9952087402344,1.2901819944381714,-269.9447937011719,0.03946957364678383,-3.232225179672241,-3.0,273.58416748046875,409.9559020996094,-228.04434204101562,810.0,810.0,0.0,0.010731692186099701,0.010731692186099701,0.0,0.00029642935503568896,0.00029642935503568896,0.0,0.0007390084929168911,0.0007390084929168911,0.0,0.0003,0.0003,0.0,-3.0,-3.0,0.0,0.0,0.25142857142857145,21.385714285714283,50.57142857142857,5266.955,178,Hopper-v5,6198,Trial_1
974.3604168891907,180,737280,303.68878356946755,499.62084172145666,245.85014095921298,130.31,810,0.010731692186099701,-3.0,0.99,0.00029642935503568896,0.0007390084929168911,0.0003,-288.4187927246094,1.0594391822814941,-278.8741149902344,0.038453876972198486,-3.258295774459839,-3.0,283.59844970703125,410.4112243652344,-243.70777893066406,2.945770263671875,46.15907287597656,1.0,-288.4187927246094,1.0594391822814941,-278.8741149902344,0.038453876972198486,-3.258295774459839,-3.0,283.59844970703125,410.4112243652344,-243.70777893066406,810.0,810.0,0.0,0.010731692186099701,0.010731692186099701,0.0,0.00029642935503568896,0.00029642935503568896,0.0,0.0007390084929168911,0.0007390084929168911,0.0,0.0003,0.0003,0.0,-3.0,-3.0,0.0,0.0,0.2342857142857143,22.557142857142857,50.48571428571428,5248.769,179,Hopper-v5,6198,Trial_1
979.539304971695,181,741376,366.928616475533,603.4441733259235,245.85014095921298,141.69,810,0.010731692186099701,-3.0,0.99,0.00029642935503568896,0.0007390084929168911,0.0003,-276.7394104003906,1.109513282775879,-268.0740966796875,0.03746108338236809,-3.2844526767730713,-3.0,273.77734375,416.9030456542969,-229.14312744140625,2.67578125,52.00855255126953,1.0,-276.7394104003906,1.109513282775879,-268.0740966796875,0.03746108338236809,-3.2844526767730713,-3.0,273.77734375,416.9030456542969,-229.14312744140625,810.0,810.0,0.0,0.010731692186099701,0.010731692186099701,0.0,0.00029642935503568896,0.00029642935503568896,0.0,0.0007390084929168911,0.0007390084929168911,0.0,0.0003,0.0003,0.0,-3.0,-3.0,0.0,0.0,0.21714285714285714,21.41428571428571,50.51428571428572,5188.307,180,Hopper-v5,6198,Trial_1
984.6539316177368,182,745472,420.2396897135952,626.0515788532152,254.07088999042102,152.57,810,0.010731692186099701,-3.0,0.99,0.00029642935503568896,0.0007390084929168911,0.0003,-271.7453308105469,1.4109461307525635,-339.1983947753906,0.036442894488573074,-3.312008857727051,-3.0,267.2095642089844,407.18304443359375,-224.88890075683594,3.3201088905334473,95.42700576782227,1.0,-271.7453308105469,1.4109461307525635,-339.1983947753906,0.036442894488573074,-3.312008857727051,-3.0,267.2095642089844,407.18304443359375,-224.88890075683594,810.0,810.0,0.0,0.010731692186099701,0.010731692186099701,0.0,0.00029642935503568896,0.00029642935503568896,0.0,0.0007390084929168911,0.0007390084929168911,0.0,0.0003,0.0003,0.0,-3.0,-3.0,0.0,0.0,0.2842857142857143,21.471428571428568,50.528571428571425,5182.689,181,Hopper-v5,6198,Trial_1
989.8221077919006,183,749568,495.737465883672,647.4919443989672,254.07088999042102,167.47,810,0.010731692186099701,-3.0,0.99,0.00029642935503568896,0.0007390084929168911,0.0003,-292.96026611328125,1.0051518678665161,-466.28369140625,0.03516359627246857,-3.3477439880371094,-3.0,288.4075927734375,420.0929870605469,-213.23150634765625,3.077472686767578,28.833577156066895,1.0,-292.96026611328125,1.0051518678665161,-466.28369140625,0.03516359627246857,-3.3477439880371094,-3.0,288.4075927734375,420.0929870605469,-213.23150634765625,810.0,810.0,0.0,0.010731692186099701,0.010731692186099701,0.0,0.00029642935503568896,0.00029642935503568896,0.0,0.0007390084929168911,0.0007390084929168911,0.0,0.0003,0.0003,0.0,-3.0,-3.0,0.0,0.0,0.18999999999999997,21.314285714285713,50.52857142857143,5172.774,182,Hopper-v5,6198,Trial_1
994.9678964614868,184,753664,554.14057329814,648.6113581150496,223.54156340410333,177.71,810,0.010731692186099701,-3.0,0.99,0.00029642935503568896,0.0007390084929168911,0.0003,-279.67474365234375,1.362472653388977,-463.6939697265625,0.03379965201020241,-3.3873047828674316,-3.0,274.519287109375,411.6210632324219,-231.8519744873047,3.6394081115722656,81.26570129394531,1.0,-279.67474365234375,1.362472653388977,-463.6939697265625,0.03379965201020241,-3.3873047828674316,-3.0,274.519287109375,411.6210632324219,-231.8519744873047,810.0,810.0,0.0,0.010731692186099701,0.010731692186099701,0.0,0.00029642935503568896,0.00029642935503568896,0.0,0.0007390084929168911,0.0007390084929168911,0.0,0.0003,0.0003,0.0,-3.0,-3.0,0.0,0.0,0.23857142857142857,21.428571428571427,50.49999999999999,5192.708,183,Hopper-v5,6198,Trial_1
1000.6915085315704,185,757760,574.9745340879155,648.6113581150496,223.54156340410333,182.94,810,0.010731692186099701,-3.0,0.99,0.00029642935503568896,0.0007390084929168911,0.0003,-290.69805908203125,0.9792932271957397,-467.7522277832031,0.03258194029331207,-3.423997163772583,-3.0,285.45709228515625,447.7720947265625,-228.9961395263672,3.0921096801757812,34.84301567077637,1.0,-290.69805908203125,0.9792932271957397,-467.7522277832031,0.03258194029331207,-3.423997163772583,-3.0,285.45709228515625,447.7720947265625,-228.9961395263672,810.0,810.0,0.0,0.010731692186099701,0.010731692186099701,0.0,0.00029642935503568896,0.00029642935503568896,0.0,0.0007390084929168911,0.0007390084929168911,0.0,0.0003,0.0003,0.0,-3.0,-3.0,0.0,0.0,0.2025,21.412499999999998,50.3875,5250.475,184,Hopper-v5,6198,Trial_1
1005.7857925891876,186,761856,583.2000295928502,820.5754523862026,223.54156340410333,187.19,810,0.010731692186099701,-3.0,0.99,0.00029642935503568896,0.0007390084929168911,0.0003,-309.93988037109375,0.9662402272224426,-488.61920166015625,0.03148074448108673,-3.4583792686462402,-3.0,305.3385925292969,413.7040100097656,-228.3072509765625,2.8209457397460938,31.217687606811523,1.0,-309.93988037109375,0.9662402272224426,-488.61920166015625,0.03148074448108673,-3.4583792686462402,-3.0,305.3385925292969,413.7040100097656,-228.3072509765625,810.0,810.0,0.0,0.010731692186099701,0.010731692186099701,0.0,0.00029642935503568896,0.00029642935503568896,0.0,0.0007390084929168911,0.0007390084929168911,0.0,0.0003,0.0003,0.0,-3.0,-3.0,0.0,0.0,0.21999999999999997,22.24285714285714,50.45714285714286,5247.019,185,Hopper-v5,6198,Trial_1
1010.8891129493713,187,765952,581.4854749221647,820.5754523862026,223.54156340410333,188.73,810,0.010731692186099701,-3.0,0.99,0.00029642935503568896,0.0007390084929168911,0.0003,-304.9391784667969,0.8298149108886719,-498.6327209472656,0.030424511060118675,-3.492506742477417,-3.0,301.1211242675781,431.0749206542969,-114.16754150390625,3.2877883911132812,15.537147521972656,1.0,-304.9391784667969,0.8298149108886719,-498.6327209472656,0.030424511060118675,-3.492506742477417,-3.0,301.1211242675781,431.0749206542969,-114.16754150390625,810.0,810.0,0.0,0.010731692186099701,0.010731692186099701,0.0,0.00029642935503568896,0.00029642935503568896,0.0,0.0007390084929168911,0.0007390084929168911,0.0,0.0003,0.0003,0.0,-3.0,-3.0,0.0,0.0,0.20714285714285713,21.400000000000002,50.614285714285714,5245.598,186,Hopper-v5,6198,Trial_1
1016.2436661720276,188,770048,568.3925254048147,820.5754523862026,223.54156340410333,186.17,810,0.010731692186099701,-3.0,0.99,0.00029642935503568896,0.0007390084929168911,0.0003,-307.0394592285156,0.9069591164588928,-500.7110595703125,0.02942054718732834,-3.52606201171875,-3.0,303.2160949707031,434.93023681640625,-55.39921188354492,2.9053955078125,27.350736618041992,1.0,-307.0394592285156,0.9069591164588928,-500.7110595703125,0.02942054718732834,-3.52606201171875,-3.0,303.2160949707031,434.93023681640625,-55.39921188354492,810.0,810.0,0.0,0.010731692186099701,0.010731692186099701,0.0,0.00029642935503568896,0.00029642935503568896,0.0,0.0007390084929168911,0.0007390084929168911,0.0,0.0003,0.0003,0.0,-3.0,-3.0,0.0,0.0,0.18857142857142858,21.342857142857138,50.6,5202.945,187,Hopper-v5,6198,Trial_1
1021.377589225769,189,774144,582.2091579191982,820.5754523862026,330.31218061752406,189.74,810,0.010731692186099701,-3.0,0.99,0.00029642935503568896,0.0007390084929168911,0.0003,-300.772705078125,0.8838992714881897,-512.595703125,0.028474263846874237,-3.5587546825408936,-3.0,296.38372802734375,464.5399475097656,-106.06759643554688,3.54388427734375,28.606769561767578,1.0,-300.772705078125,0.8838992714881897,-512.595703125,0.028474263846874237,-3.5587546825408936,-3.0,296.38372802734375,464.5399475097656,-106.06759643554688,810.0,810.0,0.0,0.010731692186099701,0.010731692186099701,0.0,0.00029642935503568896,0.00029642935503568896,0.0,0.0007390084929168911,0.0007390084929168911,0.0,0.0003,0.0003,0.0,-3.0,-3.0,0.0,0.0,0.19999999999999996,21.699999999999996,50.557142857142864,5202.336,188,Hopper-v5,6198,Trial_1
1026.4942343235016,190,778240,576.0880444381678,820.5754523862026,330.31218061752406,186.46,810,0.010731692186099701,-3.0,0.99,0.00029642935503568896,0.0007390084929168911,0.0003,-304.0592956542969,0.9924867749214172,-549.9374389648438,0.027564262971282005,-3.5912351608276367,-3.0,300.103515625,427.48480224609375,-53.37328338623047,3.0405731201171875,56.73369598388672,1.0,-304.0592956542969,0.9924867749214172,-549.9374389648438,0.027564262971282005,-3.5912351608276367,-3.0,300.103515625,427.48480224609375,-53.37328338623047,810.0,810.0,0.0,0.010731692186099701,0.010731692186099701,0.0,0.00029642935503568896,0.00029642935503568896,0.0,0.0007390084929168911,0.0007390084929168911,0.0,0.0003,0.0003,0.0,-3.0,-3.0,0.0,0.0,0.18999999999999997,21.02857142857143,50.62857142857143,5201.937,189,Hopper-v5,6198,Trial_1
1031.6792891025543,191,782336,541.076605933404,734.8424419850293,330.31218061752406,175.18,810,0.010731692186099701,-3.0,0.99,0.00029642935503568896,0.0007390084929168911,0.0003,-317.2213134765625,0.7449710369110107,-553.50048828125,0.02669343166053295,-3.623337745666504,-3.0,313.5760192871094,432.260986328125,-42.57057571411133,3.0416488647460938,25.545127868652344,1.0,-317.2213134765625,0.7449710369110107,-553.50048828125,0.02669343166053295,-3.623337745666504,-3.0,313.5760192871094,432.260986328125,-42.57057571411133,810.0,810.0,0.0,0.010731692186099701,0.010731692186099701,0.0,0.00029642935503568896,0.00029642935503568896,0.0,0.0007390084929168911,0.0007390084929168911,0.0,0.0003,0.0003,0.0,-3.0,-3.0,0.0,0.0,0.19999999999999998,21.928571428571427,50.47142857142857,5202.785,190,Hopper-v5,6198,Trial_1
1036.9809083938599,192,786432,488.5234718881599,658.2777971627312,251.5614919777708,162.24,810,0.010731692186099701,-3.0,0.99,0.00029642935503568896,0.0007390084929168911,0.0003,-316.6996154785156,0.7809438705444336,-572.7440185546875,0.02587279863655567,-3.6545631885528564,-3.0,313.08233642578125,432.79400634765625,-45.616180419921875,2.7763595581054688,28.61412477493286,1.0,-316.6996154785156,0.7809438705444336,-572.7440185546875,0.02587279863655567,-3.6545631885528564,-3.0,313.08233642578125,432.79400634765625,-45.616180419921875,810.0,810.0,0.0,0.010731692186099701,0.010731692186099701,0.0,0.00029642935503568896,0.00029642935503568896,0.0,0.0007390084929168911,0.0007390084929168911,0.0,0.0003,0.0003,0.0,-3.0,-3.0,0.0,0.0,0.23714285714285713,21.928571428571427,50.44285714285714,5221.468,191,Hopper-v5,6198,Trial_1
1042.7675347328186,193,790528,435.4363171197247,604.1639103870046,251.5614919777708,149.76,810,0.010731692186099701,-3.0,0.99,0.00029642935503568896,0.0007390084929168911,0.0003,-304.10186767578125,1.0127124786376953,-559.3681030273438,0.025093933567404747,-3.685129165649414,-3.0,300.29693603515625,439.96844482421875,-98.02338409423828,3.0683975219726562,33.52004623413086,1.0,-304.10186767578125,1.0127124786376953,-559.3681030273438,0.025093933567404747,-3.685129165649414,-3.0,300.29693603515625,439.96844482421875,-98.02338409423828,810.0,810.0,0.0,0.010731692186099701,0.010731692186099701,0.0,0.00029642935503568896,0.00029642935503568896,0.0,0.0007390084929168911,0.0007390084929168911,0.0,0.0003,0.0003,0.0,-3.0,-3.0,0.0,0.0,0.205,21.5375,50.5,5283.319,192,Hopper-v5,6198,Trial_1
1047.8679502010345,194,794624,392.2562883917102,639.6651102116097,251.5614919777708,139.67,810,0.010731692186099701,-3.0,0.99,0.00029642935503568896,0.0007390084929168911,0.0003,-307.3434753417969,0.7118077874183655,-559.3096923828125,0.024354655295610428,-3.7150323390960693,-3.0,304.7623291015625,445.60394287109375,-55.469520568847656,2.8578338623046875,34.591814041137695,1.0,-307.3434753417969,0.7118077874183655,-559.3096923828125,0.024354655295610428,-3.7150323390960693,-3.0,304.7623291015625,445.60394287109375,-55.469520568847656,810.0,810.0,0.0,0.010731692186099701,0.010731692186099701,0.0,0.00029642935503568896,0.00029642935503568896,0.0,0.0007390084929168911,0.0007390084929168911,0.0,0.0003,0.0003,0.0,-3.0,-3.0,0.0,0.0,0.23285714285714285,21.385714285714283,50.55714285714286,5278.152,193,Hopper-v5,6198,Trial_1
1053.160087108612,195,798720,376.26993224277294,639.6651102116097,251.5614919777708,137.23,810,0.010731692186099701,-3.0,0.99,0.00029642935503568896,0.0007390084929168911,0.0003,-313.3466796875,0.9361521005630493,-583.8812255859375,0.023652825504541397,-3.7442727088928223,-3.0,308.64678955078125,470.95111083984375,-34.384769439697266,3.266632080078125,24.524578094482422,1.0,-313.3466796875,0.9361521005630493,-583.8812255859375,0.023652825504541397,-3.7442727088928223,-3.0,308.64678955078125,470.95111083984375,-34.384769439697266,810.0,810.0,0.0,0.010731692186099701,0.010731692186099701,0.0,0.00029642935503568896,0.00029642935503568896,0.0,0.0007390084929168911,0.0007390084929168911,0.0,0.0003,0.0003,0.0,-3.0,-3.0,0.0,0.0,0.16714285714285712,21.757142857142856,50.58571428571428,5234.738,194,Hopper-v5,6198,Trial_1
1058.3394582271576,196,802816,387.17898118432936,639.6651102116097,314.4106344262361,141.14,810,0.010731692186099701,-3.0,0.99,0.00029642935503568896,0.0007390084929168911,0.0003,-316.94427490234375,0.7677943706512451,-558.373291015625,0.022984502837061882,-3.772935152053833,-3.0,312.7870178222656,451.1667785644531,1.041952133178711,2.5758438110351562,21.62613010406494,1.0,-316.94427490234375,0.7677943706512451,-558.373291015625,0.022984502837061882,-3.772935152053833,-3.0,312.7870178222656,451.1667785644531,1.041952133178711,810.0,810.0,0.0,0.010731692186099701,0.010731692186099701,0.0,0.00029642935503568896,0.00029642935503568896,0.0,0.0007390084929168911,0.0007390084929168911,0.0,0.0003,0.0003,0.0,-3.0,-3.0,0.0,0.0,0.20500000000000002,21.45,50.7,5243.308,195,Hopper-v5,6198,Trial_1
1063.3251414299011,197,806912,420.1979221728968,639.6651102116097,325.4046261382544,148.7,810,0.010731692186099701,-3.0,0.99,0.00029642935503568896,0.0007390084929168911,0.0003,-313.08709716796875,0.8063784241676331,-602.5203857421875,0.02234739251434803,-3.8010456562042236,-3.0,308.6759948730469,445.3287048339844,-36.341861724853516,3.0983734130859375,28.532153129577637,1.0,-313.08709716796875,0.8063784241676331,-602.5203857421875,0.02234739251434803,-3.8010456562042236,-3.0,308.6759948730469,445.3287048339844,-36.341861724853516,810.0,810.0,0.0,0.010731692186099701,0.010731692186099701,0.0,0.00029642935503568896,0.00029642935503568896,0.0,0.0007390084929168911,0.0007390084929168911,0.0,0.0003,0.0003,0.0,-3.0,-3.0,0.0,0.0,0.21666666666666665,21.46666666666667,50.550000000000004,5231.701,196,Hopper-v5,6198,Trial_1
1068.3151392936707,198,811008,449.43310372651644,621.4267408809941,325.4046261382544,155.37,810,0.010731692186099701,-3.0,0.99,0.00029642935503568896,0.0007390084929168911,0.0003,-312.750732421875,0.7403944134712219,-594.5927734375,0.02173539251089096,-3.828813314437866,-3.0,310.12481689453125,446.1768798828125,-55.49524688720703,2.9623842239379883,31.394317626953125,1.0,-312.750732421875,0.7403944134712219,-594.5927734375,0.02173539251089096,-3.828813314437866,-3.0,310.12481689453125,446.1768798828125,-55.49524688720703,810.0,810.0,0.0,0.010731692186099701,0.010731692186099701,0.0,0.00029642935503568896,0.00029642935503568896,0.0,0.0007390084929168911,0.0007390084929168911,0.0,0.0003,0.0003,0.0,-3.0,-3.0,0.0,0.0,0.20999999999999996,21.85714285714286,50.48571428571429,5195.129,197,Hopper-v5,6198,Trial_1
1073.4805648326874,199,815104,498.7744134193921,621.4267408809941,332.00384428141393,165.32,810,0.010731692186099701,-3.0,0.99,0.00029642935503568896,0.0007390084929168911,0.0003,-321.9098815917969,0.7161904573440552,-596.355224609375,0.021141450852155685,-3.8565196990966797,-3.0,318.3841857910156,460.7662658691406,-24.285430908203125,2.8192138671875,23.827802658081055,1.0,-321.9098815917969,0.7161904573440552,-596.355224609375,0.021141450852155685,-3.8565196990966797,-3.0,318.3841857910156,460.7662658691406,-24.285430908203125,810.0,810.0,0.0,0.010731692186099701,0.010731692186099701,0.0,0.00029642935503568896,0.00029642935503568896,0.0,0.0007390084929168911,0.0007390084929168911,0.0,0.0003,0.0003,0.0,-3.0,-3.0,0.0,0.0,0.22714285714285715,21.442857142857143,50.628571428571426,5198.27,198,Hopper-v5,6198,Trial_1
1079.1073882579803,200,819200,546.1566751292609,595.9960982963431,369.8490895826737,175.3,810,0.010731692186099701,-3.0,0.99,0.00029642935503568896,0.0007390084929168911,0.0003,-315.6123046875,0.7647972106933594,-606.3551635742188,0.020568963140249252,-3.883971929550171,-3.0,311.6473083496094,473.6777648925781,-52.745845794677734,3.073443055152893,34.2722053527832,1.0,-315.6123046875,0.7647972106933594,-606.3551635742188,0.020568963140249252,-3.883971929550171,-3.0,311.6473083496094,473.6777648925781,-52.745845794677734,810.0,810.0,0.0,0.010731692186099701,0.010731692186099701,0.0,0.00029642935503568896,0.00029642935503568896,0.0,0.0007390084929168911,0.0007390084929168911,0.0,0.0003,0.0003,0.0,-3.0,-3.0,0.0,0.0,0.21375,21.262500000000003,50.5625,5249.295,199,Hopper-v5,6198,Trial_1
1084.2888369560242,201,823296,545.6290203220636,592.4971829163627,362.75134316138406,175.07,810,0.010731692186099701,-3.0,0.99,0.00029642935503568896,0.0007390084929168911,0.0003,-316.8202819824219,0.9789012670516968,-587.693603515625,0.02001701109111309,-3.911172866821289,-3.0,312.6874084472656,459.47760009765625,-21.17729377746582,3.5512161254882812,35.893208503723145,1.0,-316.8202819824219,0.9789012670516968,-587.693603515625,0.02001701109111309,-3.911172866821289,-3.0,312.6874084472656,459.47760009765625,-21.17729377746582,810.0,810.0,0.0,0.010731692186099701,0.010731692186099701,0.0,0.00029642935503568896,0.00029642935503568896,0.0,0.0007390084929168911,0.0007390084929168911,0.0,0.0003,0.0003,0.0,-3.0,-3.0,0.0,0.0,0.24428571428571427,21.62857142857143,50.471428571428575,5248.955,200,Hopper-v5,6198,Trial_1
1089.4877078533173,202,827392,530.6359831114933,590.0808950015041,341.3815502981349,171.66,810,0.010731692186099701,-3.0,0.99,0.00029642935503568896,0.0007390084929168911,0.0003,-306.59356689453125,0.790208637714386,-598.828857421875,0.019482150673866272,-3.9382565021514893,-3.0,303.5469970703125,484.52215576171875,-33.54383087158203,3.1036834716796875,25.647183418273926,1.0,-306.59356689453125,0.790208637714386,-598.828857421875,0.019482150673866272,-3.9382565021514893,-3.0,303.5469970703125,484.52215576171875,-33.54383087158203,810.0,810.0,0.0,0.010731692186099701,0.010731692186099701,0.0,0.00029642935503568896,0.00029642935503568896,0.0,0.0007390084929168911,0.0007390084929168911,0.0,0.0003,0.0003,0.0,-3.0,-3.0,0.0,0.0,0.20857142857142855,21.685714285714287,50.557142857142864,5238.8,201,Hopper-v5,6198,Trial_1
1094.6589822769165,203,831488,511.0012996315588,610.958737009676,197.1017249344102,168.0,810,0.010731692186099701,-3.0,0.99,0.00029642935503568896,0.0007390084929168911,0.0003,-306.31890869140625,0.6987057328224182,-635.7704467773438,0.018962521106004715,-3.9652907848358154,-3.0,302.9256591796875,446.5466613769531,-31.033811569213867,3.2177810668945312,24.158769607543945,1.0,-306.31890869140625,0.6987057328224182,-635.7704467773438,0.018962521106004715,-3.9652907848358154,-3.0,302.9256591796875,446.5466613769531,-31.033811569213867,810.0,810.0,0.0,0.010731692186099701,0.010731692186099701,0.0,0.00029642935503568896,0.00029642935503568896,0.0,0.0007390084929168911,0.0007390084929168911,0.0,0.0003,0.0003,0.0,-3.0,-3.0,0.0,0.0,0.26,21.97142857142857,50.62857142857143,5177.138,202,Hopper-v5,6198,Trial_1
1099.6736664772034,204,835584,499.42328322641237,630.6938377235607,197.1017249344102,165.82,810,0.010731692186099701,-3.0,0.99,0.00029642935503568896,0.0007390084929168911,0.0003,-325.43505859375,0.6951961517333984,-634.6707763671875,0.018458444625139236,-3.9922332763671875,-3.0,322.80389404296875,499.6675720214844,-34.141265869140625,3.3682289123535156,18.13595199584961,1.0,-325.43505859375,0.6951961517333984,-634.6707763671875,0.018458444625139236,-3.9922332763671875,-3.0,322.80389404296875,499.6675720214844,-34.141265869140625,810.0,810.0,0.0,0.010731692186099701,0.010731692186099701,0.0,0.00029642935503568896,0.00029642935503568896,0.0,0.0007390084929168911,0.0007390084929168911,0.0,0.0003,0.0003,0.0,-3.0,-3.0,0.0,0.0,0.21142857142857147,21.214285714285715,50.68571428571429,5169.032,203,Hopper-v5,6198,Trial_1
1104.7361018657684,205,839680,490.3158488446188,634.2271790513747,197.1017249344102,165.08,810,0.010731692186099701,-3.0,0.99,0.00029642935503568896,0.0007390084929168911,0.0003,-312.83551025390625,0.8718335628509521,-665.261962890625,0.01797180064022541,-4.018951416015625,-3.0,309.5658874511719,479.64019775390625,-53.53001022338867,3.3255844116210938,33.9004487991333,1.0,-312.83551025390625,0.8718335628509521,-665.261962890625,0.01797180064022541,-4.018951416015625,-3.0,309.5658874511719,479.64019775390625,-53.53001022338867,810.0,810.0,0.0,0.010731692186099701,0.010731692186099701,0.0,0.00029642935503568896,0.00029642935503568896,0.0,0.0007390084929168911,0.0007390084929168911,0.0,0.0003,0.0003,0.0,-3.0,-3.0,0.0,0.0,0.24,21.71428571428572,50.82857142857143,5146.289,204,Hopper-v5,6198,Trial_1
1109.9244253635406,206,843776,489.76034453738475,634.2271790513747,197.1017249344102,165.34,810,0.010731692186099701,-3.0,0.99,0.00029642935503568896,0.0007390084929168911,0.0003,-323.0379638671875,0.9023230671882629,-646.7732543945312,0.01749960333108902,-4.045577049255371,-3.0,319.7784423828125,453.206298828125,-51.25357437133789,3.01763916015625,30.6414794921875,1.0,-323.0379638671875,0.9023230671882629,-646.7732543945312,0.01749960333108902,-4.045577049255371,-3.0,319.7784423828125,453.206298828125,-51.25357437133789,810.0,810.0,0.0,0.010731692186099701,0.010731692186099701,0.0,0.00029642935503568896,0.00029642935503568896,0.0,0.0007390084929168911,0.0007390084929168911,0.0,0.0003,0.0003,0.0,-3.0,-3.0,0.0,0.0,0.2857142857142857,21.557142857142853,50.64285714285715,5147.363,205,Hopper-v5,6198,Trial_1
1115.5910918712616,207,847872,506.2245567586482,656.5490524797826,338.2563974517894,168.5,810,0.010731692186099701,-3.0,0.99,0.00029642935503568896,0.0007390084929168911,0.0003,-329.35113525390625,1.238086462020874,-655.64013671875,0.0170424971729517,-4.07204532623291,-3.0,326.8992919921875,452.8514099121094,-37.469905853271484,3.386404037475586,35.7417049407959,1.0,-329.35113525390625,1.238086462020874,-655.64013671875,0.0170424971729517,-4.07204532623291,-3.0,326.8992919921875,452.8514099121094,-37.469905853271484,810.0,810.0,0.0,0.010731692186099701,0.010731692186099701,0.0,0.00029642935503568896,0.00029642935503568896,0.0,0.0007390084929168911,0.0007390084929168911,0.0,0.0003,0.0003,0.0,-3.0,-3.0,0.0,0.0,0.215,21.625,50.6875,5215.618,206,Hopper-v5,6198,Trial_1
1120.7646465301514,208,851968,513.3623816408327,656.5490524797826,238.54462897752984,168.86,810,0.010731692186099701,-3.0,0.99,0.00029642935503568896,0.0007390084929168911,0.0003,-308.447265625,0.8070722222328186,-675.3134765625,0.01660069264471531,-4.098310947418213,-3.0,305.3843994140625,469.0711975097656,-46.65020751953125,3.182790756225586,30.816970825195312,1.0,-308.447265625,0.8070722222328186,-675.3134765625,0.01660069264471531,-4.098310947418213,-3.0,305.3843994140625,469.0711975097656,-46.65020751953125,810.0,810.0,0.0,0.010731692186099701,0.010731692186099701,0.0,0.00029642935503568896,0.00029642935503568896,0.0,0.0007390084929168911,0.0007390084929168911,0.0,0.0003,0.0003,0.0,-3.0,-3.0,0.0,0.0,0.2071428571428571,21.685714285714287,50.67142857142857,5234.255,207,Hopper-v5,6198,Trial_1
1126.050151348114,209,856064,525.0969043013761,656.5490524797826,238.54462897752984,170.73,810,0.010731692186099701,-3.0,0.99,0.00029642935503568896,0.0007390084929168911,0.0003,-322.7893371582031,1.0566551685333252,-675.6294555664062,0.016171572729945183,-4.124500274658203,-3.0,321.00518798828125,437.4050598144531,-35.78343963623047,2.8836021423339844,37.03553581237793,1.0,-322.7893371582031,1.0566551685333252,-675.6294555664062,0.016171572729945183,-4.124500274658203,-3.0,321.00518798828125,437.4050598144531,-35.78343963623047,810.0,810.0,0.0,0.010731692186099701,0.010731692186099701,0.0,0.00029642935503568896,0.00029642935503568896,0.0,0.0007390084929168911,0.0007390084929168911,0.0,0.0003,0.0003,0.0,-3.0,-3.0,0.0,0.0,0.2071428571428571,22.585714285714285,50.47142857142858,5246.127,208,Hopper-v5,6198,Trial_1
1131.216125011444,210,860160,531.08297569322,656.5490524797826,233.52440776804593,172.2,810,0.010731692186099701,-3.0,0.99,0.00029642935503568896,0.0007390084929168911,0.0003,-324.7007141113281,0.8685909509658813,-674.7406616210938,0.01575871929526329,-4.15036153793335,-3.0,322.45025634765625,460.5371398925781,-52.10240936279297,3.0757217407226562,32.0806884765625,1.0,-324.7007141113281,0.8685909509658813,-674.7406616210938,0.01575871929526329,-4.15036153793335,-3.0,322.45025634765625,460.5371398925781,-52.10240936279297,810.0,810.0,0.0,0.010731692186099701,0.010731692186099701,0.0,0.00029642935503568896,0.00029642935503568896,0.0,0.0007390084929168911,0.0007390084929168911,0.0,0.0003,0.0003,0.0,-3.0,-3.0,0.0,0.0,0.19714285714285712,21.785714285714285,50.65714285714286,5199.768,209,Hopper-v5,6198,Trial_1
1136.4389235973358,211,864256,527.2425100304048,656.5490524797826,233.52440776804593,173.3,810,0.010731692186099701,-3.0,0.99,0.00029642935503568896,0.0007390084929168911,0.0003,-318.8135681152344,0.7801792621612549,-685.889404296875,0.015358328819274902,-4.176097393035889,-3.0,317.6192932128906,473.58795166015625,0.43159350752830505,3.0249061584472656,31.014975547790527,1.0,-318.8135681152344,0.7801792621612549,-685.889404296875,0.015358328819274902,-4.176097393035889,-3.0,317.6192932128906,473.58795166015625,0.43159350752830505,810.0,810.0,0.0,0.010731692186099701,0.010731692186099701,0.0,0.00029642935503568896,0.00029642935503568896,0.0,0.0007390084929168911,0.0007390084929168911,0.0,0.0003,0.0003,0.0,-3.0,-3.0,0.0,0.0,0.23571428571428574,21.414285714285715,50.74285714285715,5203.995,210,Hopper-v5,6198,Trial_1
1141.606330871582,212,868352,529.2851731069136,657.940898843465,221.6701412529149,175.25,810,0.010731692186099701,-3.0,0.99,0.00029642935503568896,0.0007390084929168911,0.0003,-326.1637878417969,0.6187829375267029,-664.5928955078125,0.01497267372906208,-4.201528549194336,-3.0,325.1268005371094,483.295166015625,-47.65957260131836,2.8061676025390625,19.950157165527344,1.0,-326.1637878417969,0.6187829375267029,-664.5928955078125,0.01497267372906208,-4.201528549194336,-3.0,325.1268005371094,483.295166015625,-47.65957260131836,810.0,810.0,0.0,0.010731692186099701,0.010731692186099701,0.0,0.00029642935503568896,0.00029642935503568896,0.0,0.0007390084929168911,0.0007390084929168911,0.0,0.0003,0.0003,0.0,-3.0,-3.0,0.0,0.0,0.2414285714285714,21.571428571428573,50.7,5200.435,211,Hopper-v5,6198,Trial_1
1146.7345402240753,213,872448,529.0109202806955,730.9408928058464,221.6701412529149,175.72,810,0.010731692186099701,-3.0,0.99,0.00029642935503568896,0.0007390084929168911,0.0003,-311.8485412597656,0.9061141014099121,-667.5436401367188,0.014596722088754177,-4.226958274841309,-3.0,309.86041259765625,468.2427062988281,-15.925025939941406,3.10369873046875,31.342992782592773,1.0,-311.8485412597656,0.9061141014099121,-667.5436401367188,0.014596722088754177,-4.226958274841309,-3.0,309.86041259765625,468.2427062988281,-15.925025939941406,810.0,810.0,0.0,0.010731692186099701,0.010731692186099701,0.0,0.00029642935503568896,0.00029642935503568896,0.0,0.0007390084929168911,0.0007390084929168911,0.0,0.0003,0.0003,0.0,-3.0,-3.0,0.0,0.0,0.25,21.4,50.67142857142857,5196.262,212,Hopper-v5,6198,Trial_1
1152.4979615211487,214,876544,531.2209083460675,730.9408928058464,220.04405995898549,174.93,810,0.010731692186099701,-3.0,0.99,0.00029642935503568896,0.0007390084929168911,0.0003,-317.6457214355469,0.7729907035827637,-685.9808959960938,0.01423243060708046,-4.252232074737549,-3.0,315.9461669921875,464.4681701660156,-45.47467803955078,2.5592041015625,25.600074768066406,1.0,-317.6457214355469,0.7729907035827637,-685.9808959960938,0.01423243060708046,-4.252232074737549,-3.0,315.9461669921875,464.4681701660156,-45.47467803955078,810.0,810.0,0.0,0.010731692186099701,0.010731692186099701,0.0,0.00029642935503568896,0.00029642935503568896,0.0,0.0007390084929168911,0.0007390084929168911,0.0,0.0003,0.0003,0.0,-3.0,-3.0,0.0,0.0,0.26999999999999996,22.37142857142857,50.628571428571426,5271.092,213,Hopper-v5,6198,Trial_1
1157.7218720912933,215,880640,538.0818662336582,730.9408928058464,220.04405995898549,173.67,810,0.010731692186099701,-3.0,0.99,0.00029642935503568896,0.0007390084929168911,0.0003,-312.24365234375,0.724894642829895,-661.6156005859375,0.013879957608878613,-4.277309417724609,-3.0,310.5643615722656,484.2485046386719,-24.758865356445312,2.586864471435547,25.46671485900879,1.0,-312.24365234375,0.724894642829895,-661.6156005859375,0.013879957608878613,-4.277309417724609,-3.0,310.5643615722656,484.2485046386719,-24.758865356445312,810.0,810.0,0.0,0.010731692186099701,0.010731692186099701,0.0,0.00029642935503568896,0.00029642935503568896,0.0,0.0007390084929168911,0.0007390084929168911,0.0,0.0003,0.0003,0.0,-3.0,-3.0,0.0,0.0,0.22571428571428573,21.54285714285714,50.72857142857142,5287.343,214,Hopper-v5,6198,Trial_1
1162.85879611969,216,884736,526.3743131759265,730.9408928058464,220.04405995898549,169.95,810,0.010731692186099701,-3.0,0.99,0.00029642935503568896,0.0007390084929168911,0.0003,-316.125,0.6827100515365601,-710.711181640625,0.013536768965423107,-4.3023457527160645,-3.0,315.0067443847656,484.3174743652344,-18.492259979248047,3.0894546508789062,19.13263702392578,1.0,-316.125,0.6827100515365601,-710.711181640625,0.013536768965423107,-4.3023457527160645,-3.0,315.0067443847656,484.3174743652344,-18.492259979248047,810.0,810.0,0.0,0.010731692186099701,0.010731692186099701,0.0,0.00029642935503568896,0.00029642935503568896,0.0,0.0007390084929168911,0.0007390084929168911,0.0,0.0003,0.0003,0.0,-3.0,-3.0,0.0,0.0,0.25285714285714284,21.457142857142856,50.74285714285714,5282.242,215,Hopper-v5,6198,Trial_1
1167.885847568512,217,888832,521.0528319042578,657.5601433465449,220.04405995898549,167.78,810,0.010731692186099701,-3.0,0.99,0.00029642935503568896,0.0007390084929168911,0.0003,-320.05963134765625,0.7599942684173584,-693.028076171875,0.013202247209846973,-4.327368259429932,-3.0,318.8980407714844,483.4350280761719,-37.68572998046875,3.0557479858398438,18.816116333007812,1.0,-320.05963134765625,0.7599942684173584,-693.028076171875,0.013202247209846973,-4.327368259429932,-3.0,318.8980407714844,483.4350280761719,-37.68572998046875,810.0,810.0,0.0,0.010731692186099701,0.010731692186099701,0.0,0.00029642935503568896,0.00029642935503568896,0.0,0.0007390084929168911,0.0007390084929168911,0.0,0.0003,0.0003,0.0,-3.0,-3.0,0.0,0.0,0.23714285714285716,21.657142857142855,50.72857142857142,5218.02,216,Hopper-v5,6198,Trial_1
1172.9285798072815,218,892928,530.2802149301878,703.6401808408491,220.04405995898549,171.24,810,0.010731692186099701,-3.0,0.99,0.00029642935503568896,0.0007390084929168911,0.0003,-310.5946960449219,0.9158758521080017,-703.6234741210938,0.01288012508302927,-4.352069854736328,-3.0,309.3148193359375,493.4732971191406,-23.330183029174805,3.1088333129882812,35.02556800842285,1.0,-310.5946960449219,0.9158758521080017,-703.6234741210938,0.01288012508302927,-4.352069854736328,-3.0,309.3148193359375,493.4732971191406,-23.330183029174805,810.0,810.0,0.0,0.010731692186099701,0.010731692186099701,0.0,0.00029642935503568896,0.00029642935503568896,0.0,0.0007390084929168911,0.0007390084929168911,0.0,0.0003,0.0003,0.0,-3.0,-3.0,0.0,0.0,0.21,21.014285714285712,50.628571428571426,5204.589,217,Hopper-v5,6198,Trial_1
1178.1253798007965,219,897024,533.0468282604714,703.6401808408491,210.41974157213176,173.13,810,0.010731692186099701,-3.0,0.99,0.00029642935503568896,0.0007390084929168911,0.0003,-303.0893859863281,0.8726475238800049,-718.7822875976562,0.0125660365447402,-4.376757621765137,-3.0,301.9494323730469,439.8302307128906,-18.480886459350586,3.0562896728515625,39.3721866607666,1.0,-303.0893859863281,0.8726475238800049,-718.7822875976562,0.0125660365447402,-4.376757621765137,-3.0,301.9494323730469,439.8302307128906,-18.480886459350586,810.0,810.0,0.0,0.010731692186099701,0.010731692186099701,0.0,0.00029642935503568896,0.00029642935503568896,0.0,0.0007390084929168911,0.0007390084929168911,0.0,0.0003,0.0003,0.0,-3.0,-3.0,0.0,0.0,0.28,21.271428571428572,50.714285714285715,5195.964,218,Hopper-v5,6198,Trial_1
1183.4260559082031,220,901120,545.2594031626936,714.6420324833019,210.41974157213176,177.34,810,0.010731692186099701,-3.0,0.99,0.00029642935503568896,0.0007390084929168911,0.0003,-317.86077880859375,0.7900914549827576,-715.9306030273438,0.012260840274393559,-4.4013447761535645,-3.0,316.29827880859375,450.4865417480469,-22.128257751464844,2.7595596313476562,29.590120315551758,1.0,-317.86077880859375,0.7900914549827576,-715.9306030273438,0.012260840274393559,-4.4013447761535645,-3.0,316.29827880859375,450.4865417480469,-22.128257751464844,810.0,810.0,0.0,0.010731692186099701,0.010731692186099701,0.0,0.00029642935503568896,0.00029642935503568896,0.0,0.0007390084929168911,0.0007390084929168911,0.0,0.0003,0.0003,0.0,-3.0,-3.0,0.0,0.0,0.2642857142857143,22.057142857142857,50.67142857142857,5209.636,219,Hopper-v5,6198,Trial_1
1189.1610243320465,221,905216,552.0718675509861,719.5962461157453,210.41974157213176,178.89,810,0.010731692186099701,-3.0,0.99,0.00029642935503568896,0.0007390084929168911,0.0003,-310.1357116699219,0.7032201886177063,-693.3470458984375,0.01196334883570671,-4.425907611846924,-3.0,308.4014587402344,482.68658447265625,-17.987688064575195,2.6055526733398438,21.44159698486328,1.0,-310.1357116699219,0.7032201886177063,-693.3470458984375,0.01196334883570671,-4.425907611846924,-3.0,308.4014587402344,482.68658447265625,-17.987688064575195,810.0,810.0,0.0,0.010731692186099701,0.010731692186099701,0.0,0.00029642935503568896,0.00029642935503568896,0.0,0.0007390084929168911,0.0007390084929168911,0.0,0.0003,0.0003,0.0,-3.0,-3.0,0.0,0.0,0.20750000000000002,20.674999999999997,50.650000000000006,5260.762,220,Hopper-v5,6198,Trial_1
1194.4337348937988,222,909312,563.6160103288255,770.2999626965169,210.41974157213176,182.92,810,0.010731692186099701,-3.0,0.99,0.00029642935503568896,0.0007390084929168911,0.0003,-304.4171142578125,0.8353410959243774,-692.7405395507812,0.011672372929751873,-4.450530529022217,-3.0,303.489013671875,464.5974426269531,-31.777734756469727,3.3893232345581055,30.343953609466553,1.0,-304.4171142578125,0.8353410959243774,-692.7405395507812,0.011672372929751873,-4.450530529022217,-3.0,303.489013671875,464.5974426269531,-31.777734756469727,810.0,810.0,0.0,0.010731692186099701,0.010731692186099701,0.0,0.00029642935503568896,0.00029642935503568896,0.0,0.0007390084929168911,0.0007390084929168911,0.0,0.0003,0.0003,0.0,-3.0,-3.0,0.0,0.0,0.25625000000000003,20.4125,50.7375,5271.19,221,Hopper-v5,6198,Trial_1
1199.5390625,223,913408,566.4593110110221,1033.5201989476343,210.41974157213176,184.09,810,0.010731692186099701,-3.0,0.99,0.00029642935503568896,0.0007390084929168911,0.0003,-312.0750732421875,0.8628645539283752,-740.787841796875,0.01138756237924099,-4.475233554840088,-3.0,309.58746337890625,443.1526184082031,-24.770902633666992,3.174530029296875,28.376464366912842,1.0,-312.0750732421875,0.8628645539283752,-740.787841796875,0.01138756237924099,-4.475233554840088,-3.0,309.58746337890625,443.1526184082031,-24.770902633666992,810.0,810.0,0.0,0.010731692186099701,0.010731692186099701,0.0,0.00029642935503568896,0.00029642935503568896,0.0,0.0007390084929168911,0.0007390084929168911,0.0,0.0003,0.0003,0.0,-3.0,-3.0,0.0,0.0,0.22142857142857145,21.47142857142857,50.74285714285713,5268.995,222,Hopper-v5,6198,Trial_1
1204.6292793750763,224,917504,574.6185467911305,1033.5201989476343,488.12109501614617,186.44,810,0.010731692186099701,-3.0,0.99,0.00029642935503568896,0.0007390084929168911,0.0003,-311.6859436035156,0.7061327695846558,-731.3720092773438,0.011104060336947441,-4.500444412231445,-3.0,310.4424743652344,474.3276062011719,-24.053234100341797,3.0243377685546875,23.756227493286133,1.0,-311.6859436035156,0.7061327695846558,-731.3720092773438,0.011104060336947441,-4.500444412231445,-3.0,310.4424743652344,474.3276062011719,-24.053234100341797,810.0,810.0,0.0,0.010731692186099701,0.010731692186099701,0.0,0.00029642935503568896,0.00029642935503568896,0.0,0.0007390084929168911,0.0007390084929168911,0.0,0.0003,0.0003,0.0,-3.0,-3.0,0.0,0.0,0.22166666666666665,21.333333333333332,50.76666666666667,5201.724,223,Hopper-v5,6198,Trial_1
1209.797060251236,225,921600,575.506277404523,1033.5201989476343,491.6297802489133,187.38,810,0.010731692186099701,-3.0,0.99,0.00029642935503568896,0.0007390084929168911,0.0003,-301.84112548828125,0.9035269021987915,-771.1387329101562,0.010822517797350883,-4.526126384735107,-3.0,299.613037109375,458.67864990234375,-16.35082244873047,2.871673583984375,33.69766616821289,1.0,-301.84112548828125,0.9035269021987915,-771.1387329101562,0.010822517797350883,-4.526126384735107,-3.0,299.613037109375,458.67864990234375,-16.35082244873047,810.0,810.0,0.0,0.010731692186099701,0.010731692186099701,0.0,0.00029642935503568896,0.00029642935503568896,0.0,0.0007390084929168911,0.0007390084929168911,0.0,0.0003,0.0003,0.0,-3.0,-3.0,0.0,0.0,0.2375,21.325,50.8,5195.899,224,Hopper-v5,6198,Trial_1
1214.8551335334778,226,925696,585.2783152225767,1033.5201989476343,491.6297802489133,190.71,810,0.010731692186099701,-3.0,0.99,0.00029642935503568896,0.0007390084929168911,0.0003,-313.355712890625,0.7569242715835571,-789.6770629882812,0.010547725483775139,-4.551845073699951,-3.0,312.93951416015625,442.5886535644531,-18.932790756225586,3.028837203979492,21.133546829223633,1.0,-313.355712890625,0.7569242715835571,-789.6770629882812,0.010547725483775139,-4.551845073699951,-3.0,312.93951416015625,442.5886535644531,-18.932790756225586,810.0,810.0,0.0,0.010731692186099701,0.010731692186099701,0.0,0.00029642935503568896,0.00029642935503568896,0.0,0.0007390084929168911,0.0007390084929168911,0.0,0.0003,0.0003,0.0,-3.0,-3.0,0.0,0.0,0.21833333333333335,22.233333333333334,50.71666666666667,5188.074,225,Hopper-v5,6198,Trial_1
1219.923740386963,227,929792,597.3274312281889,1033.5201989476343,491.6297802489133,193.83,810,0.010731692186099701,-3.0,0.99,0.00029642935503568896,0.0007390084929168911,0.0003,-306.9410095214844,0.8595064878463745,-769.3369140625,0.010279429145157337,-4.577610492706299,-3.0,305.4412536621094,444.53448486328125,-8.132170677185059,2.661543846130371,30.289710998535156,1.0,-306.9410095214844,0.8595064878463745,-769.3369140625,0.010279429145157337,-4.577610492706299,-3.0,305.4412536621094,444.53448486328125,-8.132170677185059,810.0,810.0,0.0,0.010731692186099701,0.010731692186099701,0.0,0.00029642935503568896,0.00029642935503568896,0.0,0.0007390084929168911,0.0007390084929168911,0.0,0.0003,0.0003,0.0,-3.0,-3.0,0.0,0.0,0.2357142857142857,21.714285714285715,50.77142857142858,5192.331,226,Hopper-v5,6198,Trial_1
1225.5890510082245,228,933888,637.4917309966846,1064.0925126855384,491.6297802489133,204.65,810,0.010731692186099701,-3.0,0.99,0.00029642935503568896,0.0007390084929168911,0.0003,-305.017578125,0.9011456966400146,-811.2799072265625,0.010018651373684406,-4.603306770324707,-3.0,305.2398376464844,440.7185363769531,-3.901479959487915,3.182037353515625,29.890491485595703,1.0,-305.017578125,0.9011456966400146,-811.2799072265625,0.010018651373684406,-4.603306770324707,-3.0,305.2398376464844,440.7185363769531,-3.901479959487915,810.0,810.0,0.0,0.010731692186099701,0.010731692186099701,0.0,0.00029642935503568896,0.00029642935503568896,0.0,0.0007390084929168911,0.0007390084929168911,0.0,0.0003,0.0003,0.0,-3.0,-3.0,0.0,0.0,0.22750000000000004,21.237499999999997,50.875,5254.814,227,Hopper-v5,6198,Trial_1
1230.7195525169373,229,937984,679.6432009618534,1064.0925126855384,508.24911201530756,215.91,810,0.010731692186099701,-3.0,0.99,0.00029642935503568896,0.0007390084929168911,0.0003,-311.0617370605469,0.8140291571617126,-805.363525390625,0.009764871560037136,-4.628963947296143,-3.0,309.59393310546875,452.8682556152344,17.84158706665039,2.8424758911132812,28.88484287261963,1.0,-311.0617370605469,0.8140291571617126,-805.363525390625,0.009764871560037136,-4.628963947296143,-3.0,309.59393310546875,452.8682556152344,17.84158706665039,810.0,810.0,0.0,0.010731692186099701,0.010731692186099701,0.0,0.00029642935503568896,0.00029642935503568896,0.0,0.0007390084929168911,0.0007390084929168911,0.0,0.0003,0.0003,0.0,-3.0,-3.0,0.0,0.0,0.22571428571428573,21.999999999999996,50.8,5247.804,228,Hopper-v5,6198,Trial_1
1235.8319358825684,230,942080,728.0793499209566,1064.0925126855384,508.24911201530756,229.64,810,0.010731692186099701,-3.0,0.99,0.00029642935503568896,0.0007390084929168911,0.0003,-297.8800048828125,0.7137207984924316,-814.219970703125,0.009518653154373169,-4.654501914978027,-3.0,295.9954833984375,441.8157043457031,-11.619935035705566,2.715850830078125,24.143661499023438,1.0,-297.8800048828125,0.7137207984924316,-814.219970703125,0.009518653154373169,-4.654501914978027,-3.0,295.9954833984375,441.8157043457031,-11.619935035705566,810.0,810.0,0.0,0.010731692186099701,0.010731692186099701,0.0,0.00029642935503568896,0.00029642935503568896,0.0,0.0007390084929168911,0.0007390084929168911,0.0,0.0003,0.0003,0.0,-3.0,-3.0,0.0,0.0,0.18999999999999997,21.385714285714283,50.74285714285714,5228.987,229,Hopper-v5,6198,Trial_1
1241.054667711258,231,946176,763.7862141081754,1121.1823795398968,508.24911201530756,239.5,810,0.010731692186099701,-3.0,0.99,0.00029642935503568896,0.0007390084929168911,0.0003,-306.55474853515625,0.6322776079177856,-933.0662841796875,0.009265999309718609,-4.681403636932373,-3.0,305.8252868652344,451.71002197265625,21.532249450683594,2.5095443725585938,20.486391067504883,1.0,-306.55474853515625,0.6322776079177856,-933.0662841796875,0.009265999309718609,-4.681403636932373,-3.0,305.8252868652344,451.71002197265625,21.532249450683594,810.0,810.0,0.0,0.010731692186099701,0.010731692186099701,0.0,0.00029642935503568896,0.00029642935503568896,0.0,0.0007390084929168911,0.0007390084929168911,0.0,0.0003,0.0003,0.0,-3.0,-3.0,0.0,0.0,0.18857142857142856,21.599999999999998,50.714285714285715,5177.648,230,Hopper-v5,6198,Trial_1
1246.206021308899,232,950272,838.1743309705597,1121.1823795398968,530.0952089018238,261.24,810,0.010731692186099701,-3.0,0.99,0.00029642935503568896,0.0007390084929168911,0.0003,-302.49639892578125,0.7233902215957642,-933.9653930664062,0.009008809924125671,-4.70955228805542,-3.0,301.38446044921875,426.26519775390625,-28.563962936401367,2.8936076164245605,25.131757736206055,1.0,-302.49639892578125,0.7233902215957642,-933.9653930664062,0.009008809924125671,-4.70955228805542,-3.0,301.38446044921875,426.26519775390625,-28.563962936401367,810.0,810.0,0.0,0.010731692186099701,0.010731692186099701,0.0,0.00029642935503568896,0.00029642935503568896,0.0,0.0007390084929168911,0.0007390084929168911,0.0,0.0003,0.0003,0.0,-3.0,-3.0,0.0,0.0,0.22999999999999998,21.571428571428566,50.74285714285715,5165.892,231,Hopper-v5,6198,Trial_1
1251.4576859474182,233,954368,868.2745782835482,1121.1823795398968,583.719535524926,269.66,810,0.010731692186099701,-3.0,0.99,0.00029642935503568896,0.0007390084929168911,0.0003,-296.3763427734375,0.8392473459243774,-978.7813720703125,0.008758893236517906,-4.737685680389404,-3.0,296.0456848144531,425.43768310546875,11.12678050994873,3.030914306640625,30.721988677978516,1.0,-296.3763427734375,0.8392473459243774,-978.7813720703125,0.008758893236517906,-4.737685680389404,-3.0,296.0456848144531,425.43768310546875,11.12678050994873,810.0,810.0,0.0,0.010731692186099701,0.010731692186099701,0.0,0.00029642935503568896,0.00029642935503568896,0.0,0.0007390084929168911,0.0007390084929168911,0.0,0.0003,0.0003,0.0,-3.0,-3.0,0.0,0.0,0.24857142857142858,21.54285714285714,50.728571428571435,5180.523,232,Hopper-v5,6198,Trial_1
1256.6056163311005,234,958464,881.6361903919172,1121.1823795398968,636.9247944635023,274.26,810,0.010731692186099701,-3.0,0.99,0.00029642935503568896,0.0007390084929168911,0.0003,-292.4828796386719,0.6423397660255432,-955.7890014648438,0.008519561029970646,-4.765390396118164,-3.0,291.88397216796875,455.5386047363281,-9.742420196533203,2.6254501342773438,20.060386657714844,1.0,-292.4828796386719,0.6423397660255432,-955.7890014648438,0.008519561029970646,-4.765390396118164,-3.0,291.88397216796875,455.5386047363281,-9.742420196533203,810.0,810.0,0.0,0.010731692186099701,0.010731692186099701,0.0,0.00029642935503568896,0.00029642935503568896,0.0,0.0007390084929168911,0.0007390084929168911,0.0,0.0003,0.0003,0.0,-3.0,-3.0,0.0,0.0,0.21714285714285714,21.314285714285713,50.64285714285715,5186.214,233,Hopper-v5,6198,Trial_1
1262.443647146225,235,962560,891.5072138234486,1121.1823795398968,300.3674872877312,277.96,810,0.010731692186099701,-3.0,0.99,0.00029642935503568896,0.0007390084929168911,0.0003,-316.37451171875,0.6219203472137451,-939.2854614257812,0.00828878115862608,-4.792852401733398,-3.0,315.47821044921875,454.744384765625,32.28081512451172,2.989288330078125,21.0432071685791,1.0,-316.37451171875,0.6219203472137451,-939.2854614257812,0.00828878115862608,-4.792852401733398,-3.0,315.47821044921875,454.744384765625,32.28081512451172,810.0,810.0,0.0,0.010731692186099701,0.010731692186099701,0.0,0.00029642935503568896,0.00029642935503568896,0.0,0.0007390084929168911,0.0007390084929168911,0.0,0.0003,0.0003,0.0,-3.0,-3.0,0.0,0.0,0.19,21.475,50.724999999999994,5253.361,234,Hopper-v5,6198,Trial_1
1267.6599082946777,236,966656,919.4507619394365,1254.4315960557988,300.3674872877312,287.96,810,0.010731692186099701,-3.0,0.99,0.00029642935503568896,0.0007390084929168911,0.0003,-302.259033203125,0.6160509586334229,-950.98095703125,0.008065931499004364,-4.820106029510498,-3.0,301.58984375,453.00909423828125,21.36548614501953,2.5604629516601562,23.986007690429688,1.0,-302.259033203125,0.6160509586334229,-950.98095703125,0.008065931499004364,-4.820106029510498,-3.0,301.58984375,453.00909423828125,21.36548614501953,810.0,810.0,0.0,0.010731692186099701,0.010731692186099701,0.0,0.00029642935503568896,0.00029642935503568896,0.0,0.0007390084929168911,0.0007390084929168911,0.0,0.0003,0.0003,0.0,-3.0,-3.0,0.0,0.0,0.21857142857142858,22.2,50.58571428571429,5269.231,235,Hopper-v5,6198,Trial_1
1272.7887027263641,237,970752,926.3506672599319,1338.2807081978217,300.3674872877312,291.95,810,0.010731692186099701,-3.0,0.99,0.00029642935503568896,0.0007390084929168911,0.0003,-303.9232482910156,0.691631555557251,-940.0927734375,0.007851110771298409,-4.847100257873535,-3.0,303.32476806640625,456.894775390625,-20.80864715576172,2.6088333129882812,20.838470458984375,1.0,-303.9232482910156,0.691631555557251,-940.0927734375,0.007851110771298409,-4.847100257873535,-3.0,303.32476806640625,456.894775390625,-20.80864715576172,810.0,810.0,0.0,0.010731692186099701,0.010731692186099701,0.0,0.00029642935503568896,0.00029642935503568896,0.0,0.0007390084929168911,0.0007390084929168911,0.0,0.0003,0.0003,0.0,-3.0,-3.0,0.0,0.0,0.23571428571428574,21.87142857142857,50.57142857142857,5275.335,236,Hopper-v5,6198,Trial_1
1278.0437271595001,238,974848,910.6289604237568,1338.2807081978217,285.69607804734625,290.69,810,0.010731692186099701,-3.0,0.99,0.00029642935503568896,0.0007390084929168911,0.0003,-312.55963134765625,0.560107946395874,-958.4486083984375,0.0076449415646493435,-4.873711109161377,-3.0,312.142578125,449.1894226074219,10.716764450073242,2.4022140502929688,17.141618728637695,1.0,-312.55963134765625,0.560107946395874,-958.4486083984375,0.0076449415646493435,-4.873711109161377,-3.0,312.142578125,449.1894226074219,10.716764450073242,810.0,810.0,0.0,0.010731692186099701,0.010731692186099701,0.0,0.00029642935503568896,0.00029642935503568896,0.0,0.0007390084929168911,0.0007390084929168911,0.0,0.0003,0.0003,0.0,-3.0,-3.0,0.0,0.0,0.21999999999999997,22.628571428571426,50.65714285714286,5233.831,237,Hopper-v5,6198,Trial_1
1283.3065087795258,239,978944,865.1401349345551,1338.2807081978217,285.006676741659,280.85,810,0.010731692186099701,-3.0,0.99,0.00029642935503568896,0.0007390084929168911,0.0003,-297.61956787109375,0.7684488892555237,-1000.7285766601562,0.007444118615239859,-4.900331020355225,-3.0,296.9941101074219,450.2174072265625,26.15750503540039,2.57330322265625,30.73798179626465,1.0,-297.61956787109375,0.7684488892555237,-1000.7285766601562,0.007444118615239859,-4.900331020355225,-3.0,296.9941101074219,450.2174072265625,26.15750503540039,810.0,810.0,0.0,0.010731692186099701,0.010731692186099701,0.0,0.00029642935503568896,0.00029642935503568896,0.0,0.0007390084929168911,0.0007390084929168911,0.0,0.0003,0.0003,0.0,-3.0,-3.0,0.0,0.0,0.19999999999999998,21.325,50.725,5247.16,238,Hopper-v5,6198,Trial_1
1288.5537242889404,240,983040,874.2857122593431,1410.4367614603716,285.006676741659,284.88,810,0.010731692186099701,-3.0,0.99,0.00029642935503568896,0.0007390084929168911,0.0003,-308.17041015625,0.6823388934135437,-1002.3451538085938,0.007251813542097807,-4.926503658294678,-3.0,307.3617248535156,439.9410400390625,4.947212219238281,2.8498497009277344,27.346139907836914,1.0,-308.17041015625,0.6823388934135437,-1002.3451538085938,0.007251813542097807,-4.926503658294678,-3.0,307.3617248535156,439.9410400390625,4.947212219238281,810.0,810.0,0.0,0.010731692186099701,0.010731692186099701,0.0,0.00029642935503568896,0.00029642935503568896,0.0,0.0007390084929168911,0.0007390084929168911,0.0,0.0003,0.0003,0.0,-3.0,-3.0,0.0,0.0,0.26142857142857145,21.38571428571429,50.714285714285715,5260.413,239,Hopper-v5,6198,Trial_1
1293.770188331604,241,987136,867.6424886567094,1676.8159547882126,182.19646678323636,287.72,810,0.010731692186099701,-3.0,0.99,0.00029642935503568896,0.0007390084929168911,0.0003,-299.45574951171875,0.5674818754196167,-1030.8328857421875,0.007065325975418091,-4.952556133270264,-3.0,299.00750732421875,446.3140869140625,10.934479713439941,2.218900680541992,18.001697540283203,1.0,-299.45574951171875,0.5674818754196167,-1030.8328857421875,0.007065325975418091,-4.952556133270264,-3.0,299.00750732421875,446.3140869140625,10.934479713439941,810.0,810.0,0.0,0.010731692186099701,0.010731692186099701,0.0,0.00029642935503568896,0.00029642935503568896,0.0,0.0007390084929168911,0.0007390084929168911,0.0,0.0003,0.0003,0.0,-3.0,-3.0,0.0,0.0,0.29000000000000004,21.928571428571423,50.77142857142858,5259.89,240,Hopper-v5,6198,Trial_1
1299.6377153396606,242,991232,878.659625911215,1676.8159547882126,179.68562928023468,295.54,810,0.010731692186099701,-3.0,0.99,0.00029642935503568896,0.0007390084929168911,0.0003,-309.863037109375,0.7386194467544556,-980.4899291992188,0.006886811461299658,-4.978147029876709,-3.0,309.36798095703125,436.4740905761719,6.634452819824219,3.129302978515625,21.43023681640625,1.0,-309.863037109375,0.7386194467544556,-980.4899291992188,0.006886811461299658,-4.978147029876709,-3.0,309.36798095703125,436.4740905761719,6.634452819824219,810.0,810.0,0.0,0.010731692186099701,0.010731692186099701,0.0,0.00029642935503568896,0.00029642935503568896,0.0,0.0007390084929168911,0.0007390084929168911,0.0,0.0003,0.0003,0.0,-3.0,-3.0,0.0,0.0,0.24428571428571427,21.24285714285714,50.714285714285715,5331.495,241,Hopper-v5,6198,Trial_1
1304.8009958267212,243,995328,804.0251193232053,1736.0385201938723,174.32065273844864,275.96,810,0.010731692186099701,-3.0,0.99,0.00029642935503568896,0.0007390084929168911,0.0003,-304.1278076171875,0.5837366580963135,-977.61181640625,0.006713720038533211,-5.003602027893066,-3.0,303.1542053222656,431.5931396484375,25.162769317626953,2.8469696044921875,13.465097427368164,1.0,-304.1278076171875,0.5837366580963135,-977.61181640625,0.006713720038533211,-5.003602027893066,-3.0,303.1542053222656,431.5931396484375,25.162769317626953,810.0,810.0,0.0,0.010731692186099701,0.010731692186099701,0.0,0.00029642935503568896,0.00029642935503568896,0.0,0.0007390084929168911,0.0007390084929168911,0.0,0.0003,0.0003,0.0,-3.0,-3.0,0.0,0.0,0.23285714285714285,21.82857142857143,50.57142857142857,5322.445,242,Hopper-v5,6198,Trial_1
1310.0685775279999,244,999424,805.1137024651921,2347.6806655559108,174.32065273844864,277.23,810,0.010731692186099701,-3.0,0.99,0.00029642935503568896,0.0007390084929168911,0.0003,-308.983642578125,0.6876525282859802,-987.609375,0.006545594427734613,-5.028963088989258,-3.0,308.2466125488281,428.19293212890625,8.219359397888184,3.132282257080078,23.313398838043213,1.0,-308.983642578125,0.6876525282859802,-987.609375,0.006545594427734613,-5.028963088989258,-3.0,308.2466125488281,428.19293212890625,8.219359397888184,810.0,810.0,0.0,0.010731692186099701,0.010731692186099701,0.0,0.00029642935503568896,0.00029642935503568896,0.0,0.0007390084929168911,0.0007390084929168911,0.0,0.0003,0.0003,0.0,-3.0,-3.0,0.0,0.0,0.2342857142857143,21.842857142857145,50.628571428571426,5334.122,243,Hopper-v5,6198,Trial_1
1315.2990367412567,245,1003520,816.3755976930789,2347.6806655559108,174.32065273844864,281.79,810,0.010731692186099701,-3.0,0.99,0.00029642935503568896,0.0007390084929168911,0.0003,-317.68817138671875,0.6418172717094421,-1014.5577392578125,0.006382484454661608,-5.054197788238525,-3.0,316.8446350097656,438.03106689453125,1.2532594203948975,2.7345199584960938,19.83868408203125,1.0,-317.68817138671875,0.6418172717094421,-1014.5577392578125,0.006382484454661608,-5.054197788238525,-3.0,316.8446350097656,438.03106689453125,1.2532594203948975,810.0,810.0,0.0,0.010731692186099701,0.010731692186099701,0.0,0.00029642935503568896,0.00029642935503568896,0.0,0.0007390084929168911,0.0007390084929168911,0.0,0.0003,0.0003,0.0,-3.0,-3.0,0.0,0.0,0.22714285714285715,21.342857142857145,50.67142857142857,5273.299,244,Hopper-v5,6198,Trial_1
3.8859000205993652,1,4096,14.768330197517429,122.98463860606282,4.001335442254314,19.46875,1222,0.0019099156566430495,-3.0,0.99,1.7038729418812482e-05,0.00029926973712305797,0.0003,-4.512793064117432,0.17569303512573242,-0.08231794834136963,0.9836161732673645,-0.016519494354724884,-3.0,2.565715789794922,8.44395637512207,1.049970030784607,0.8171911239624023,3.073816478252411,1.0,-4.512793064117432,0.17569303512573242,-0.08231794834136963,0.9836161732673645,-0.016519494354724884,-3.0,2.565715789794922,8.44395637512207,1.049970030784607,1222.0,1222.0,0.0,0.0019099156566430495,0.0019099156566430495,0.0,1.7038729418812482e-05,1.7038729418812482e-05,0.0,0.00029926973712305797,0.00029926973712305797,0.0,0.0003,0.0003,0.0,-3.0,-3.0,0.0,0.0,0.18333333333333335,24.55,46.849999999999994,3874.066,0,Hopper-v5,6198,Trial_2
8.962696552276611,2,8192,16.847245782205757,108.89592373985793,4.293154085967424,21.994565217391305,1222,0.0019099156566430495,-3.0,0.99,1.7038729418812482e-05,0.00029926973712305797,0.0003,-4.592366695404053,0.10202858597040176,-0.2031821310520172,0.960240364074707,-0.040571704506874084,-3.0,2.7142529487609863,8.349104881286621,1.0561529397964478,0.5249130129814148,2.7830175161361694,1.0,-4.592366695404053,0.10202858597040176,-0.2031821310520172,0.960240364074707,-0.040571704506874084,-3.0,2.7142529487609863,8.349104881286621,1.0561529397964478,1222.0,1222.0,0.0,0.0019099156566430495,0.0019099156566430495,0.0,1.7038729418812482e-05,1.7038729418812482e-05,0.0,0.00029926973712305797,0.00029926973712305797,0.0,0.0003,0.0003,0.0,-3.0,-3.0,0.0,0.0,0.1842857142857143,27.671428571428574,48.52857142857143,4468.529,1,Hopper-v5,6198,Trial_2
14.008833646774292,3,12288,19.713045976129248,139.27646283753094,3.8833653018413052,23.36,1222,0.0019099156566430495,-3.0,0.99,1.7038729418812482e-05,0.00029926973712305797,0.0003,-4.526916027069092,0.10360102355480194,-0.32538551092147827,0.9374359846115112,-0.06460681557655334,-3.0,2.6622731685638428,7.769170761108398,0.9131954908370972,0.5223399996757507,2.894601583480835,1.0,-4.526916027069092,0.10360102355480194,-0.32538551092147827,0.9374359846115112,-0.06460681557655334,-3.0,2.6622731685638428,7.769170761108398,0.9131954908370972,1222.0,1222.0,0.0,0.0019099156566430495,0.0019099156566430495,0.0,1.7038729418812482e-05,1.7038729418812482e-05,0.0,0.00029926973712305797,0.00029926973712305797,0.0,0.0003,0.0003,0.0,-3.0,-3.0,0.0,0.0,0.2385714285714286,28.95714285714286,49.042857142857144,4656.972,2,Hopper-v5,6198,Trial_2
19.192466020584106,4,16384,19.89676272417404,185.01358621019136,3.562952565435907,23.681818181818183,1222,0.0019099156566430495,-3.0,0.99,1.7038729418812482e-05,0.00029926973712305797,0.0003,-4.697900772094727,0.07679356634616852,-0.44951704144477844,0.9151966571807861,-0.08861629664897919,-3.0,2.8674230575561523,11.086349487304688,0.9709413647651672,0.4917472004890442,3.168868660926819,1.0,-4.697900772094727,0.07679356634616852,-0.44951704144477844,0.9151966571807861,-0.08861629664897919,-3.0,2.8674230575561523,11.086349487304688,0.9709413647651672,1222.0,1222.0,0.0,0.0019099156566430495,0.0019099156566430495,0.0,1.7038729418812482e-05,1.7038729418812482e-05,0.0,0.00029926973712305797,0.00029926973712305797,0.0,0.0003,0.0003,0.0,-3.0,-3.0,0.0,0.0,0.1875,25.1625,48.6625,4785.014,3,Hopper-v5,6198,Trial_2
24.401121377944946,5,20480,21.526009223331954,184.95012204227191,3.594424948297309,24.459627329192546,1222,0.0019099156566430495,-3.0,0.99,1.7038729418812482e-05,0.00029926973712305797,0.0003,-4.748571395874023,0.059167973697185516,-0.5673079490661621,0.8934769034385681,-0.11263485997915268,-3.0,2.9787187576293945,8.0779447555542,1.1321165561676025,0.4301820993423462,2.664617896080017,1.0,-4.748571395874023,0.059167973697185516,-0.5673079490661621,0.8934769034385681,-0.11263485997915268,-3.0,2.9787187576293945,8.0779447555542,1.1321165561676025,1222.0,1222.0,0.0,0.0019099156566430495,0.0019099156566430495,0.0,1.7038729418812482e-05,1.7038729418812482e-05,0.0,0.00029926973712305797,0.00029926973712305797,0.0,0.0003,0.0003,0.0,-3.0,-3.0,0.0,0.0,0.26,27.685714285714287,48.642857142857146,4867.684,4,Hopper-v5,6198,Trial_2
29.329121589660645,6,24576,21.24556064800056,146.8693516971012,4.7567248653172625,24.159763313609467,1222,0.0019099156566430495,-3.0,0.99,1.7038729418812482e-05,0.00029926973712305797,0.0003,-4.747158527374268,0.05225837603211403,-0.6860175132751465,0.8723029494285583,-0.1366184800863266,-3.0,3.0128235816955566,6.08010721206665,1.0315712690353394,0.4296950101852417,2.7150614857673645,1.0,-4.747158527374268,0.05225837603211403,-0.6860175132751465,0.8723029494285583,-0.1366184800863266,-3.0,3.0128235816955566,6.08010721206665,1.0315712690353394,1222.0,1222.0,0.0,0.0019099156566430495,0.0019099156566430495,0.0,1.7038729418812482e-05,1.7038729418812482e-05,0.0,0.00029926973712305797,0.00029926973712305797,0.0,0.0003,0.0003,0.0,-3.0,-3.0,0.0,0.0,0.25,28.12857142857143,48.871428571428574,4875.734,5,Hopper-v5,6198,Trial_2
34.49773597717285,7,28672,20.99756481760688,127.610586344969,5.52944094397446,23.47159090909091,1222,0.0019099156566430495,-3.0,0.99,1.7038729418812482e-05,0.00029926973712305797,0.0003,-4.800893783569336,0.05318048968911171,-0.8084152936935425,0.8516194224357605,-0.16061550378799438,-3.0,3.1077423095703125,7.834178447723389,1.1192398071289062,0.3985145688056946,2.7112367153167725,1.0,-4.800893783569336,0.05318048968911171,-0.8084152936935425,0.8516194224357605,-0.16061550378799438,-3.0,3.1077423095703125,7.834178447723389,1.1192398071289062,1222.0,1222.0,0.0,0.0019099156566430495,0.0019099156566430495,0.0,1.7038729418812482e-05,1.7038729418812482e-05,0.0,0.00029926973712305797,0.00029926973712305797,0.0,0.0003,0.0003,0.0,-3.0,-3.0,0.0,0.0,0.26,27.27142857142857,49.2,4915.988,6,Hopper-v5,6198,Trial_2
39.60974717140198,8,32768,18.035707244734507,153.08997857583495,4.298877311278743,22.758064516129032,1222,0.0019099156566430495,-3.0,0.99,1.7038729418812482e-05,0.00029926973712305797,0.0003,-4.904541969299316,0.0697312206029892,-0.9239832758903503,0.8314557075500488,-0.18457727134227753,-3.0,3.2512686252593994,6.660711288452148,0.9777005910873413,0.40011703968048096,3.072408378124237,1.0,-4.904541969299316,0.0697312206029892,-0.9239832758903503,0.8314557075500488,-0.18457727134227753,-3.0,3.2512686252593994,6.660711288452148,0.9777005910873413,1222.0,1222.0,0.0,0.0019099156566430495,0.0019099156566430495,0.0,1.7038729418812482e-05,1.7038729418812482e-05,0.0,0.00029926973712305797,0.00029926973712305797,0.0,0.0003,0.0003,0.0,-3.0,-3.0,0.0,0.0,0.2057142857142857,27.62857142857143,49.300000000000004,4938.759,7,Hopper-v5,6198,Trial_2
44.95454668998718,9,36864,20.00766073950011,151.42392470601328,2.5562677343406275,24.228915662650603,1222,0.0019099156566430495,-3.0,0.99,1.7038729418812482e-05,0.00029926973712305797,0.0003,-4.949106216430664,0.058103833347558975,-1.0512824058532715,0.8117702603340149,-0.20853795111179352,-3.0,3.301948070526123,6.02576208114624,0.5861796140670776,0.40973401069641113,2.9757177233695984,1.0,-4.949106216430664,0.058103833347558975,-1.0512824058532715,0.8117702603340149,-0.20853795111179352,-3.0,3.301948070526123,6.02576208114624,0.5861796140670776,1222.0,1222.0,0.0,0.0019099156566430495,0.0019099156566430495,0.0,1.7038729418812482e-05,1.7038729418812482e-05,0.0,0.00029926973712305797,0.00029926973712305797,0.0,0.0003,0.0003,0.0,-3.0,-3.0,0.0,0.0,0.21714285714285714,27.24285714285714,49.55714285714286,4982.289,8,Hopper-v5,6198,Trial_2
49.95387506484985,10,40960,19.749239419751955,135.3901864035398,4.442975572758534,24.261904761904763,1222,0.0019099156566430495,-3.0,0.99,1.7038729418812482e-05,0.00029926973712305797,0.0003,-5.134016990661621,0.039498571306467056,-1.1648261547088623,0.7925499677658081,-0.23249967396259308,-3.0,3.5649867057800293,6.671573162078857,0.6486414670944214,0.31765955686569214,2.5946380496025085,1.0,-5.134016990661621,0.039498571306467056,-1.1648261547088623,0.7925499677658081,-0.23249967396259308,-3.0,3.5649867057800293,6.671573162078857,0.6486414670944214,1222.0,1222.0,0.0,0.0019099156566430495,0.0019099156566430495,0.0,1.7038729418812482e-05,1.7038729418812482e-05,0.0,0.00029926973712305797,0.00029926973712305797,0.0,0.0003,0.0003,0.0,-3.0,-3.0,0.0,0.0,0.26,27.114285714285717,49.714285714285715,4982.708,9,Hopper-v5,6198,Trial_2
55.210912466049194,11,45056,22.997975685781473,217.20034755963982,3.411321928564422,24.860759493670887,1222,0.0019099156566430495,-3.0,0.99,1.7038729418812482e-05,0.00029926973712305797,0.0003,-5.235833168029785,0.050004538148641586,-1.280066728591919,0.7737815380096436,-0.2564656734466553,-3.0,3.704023838043213,8.5129976272583,0.7135928869247437,0.39860856533050537,2.643752157688141,1.0,-5.235833168029785,0.050004538148641586,-1.280066728591919,0.7737815380096436,-0.2564656734466553,-3.0,3.704023838043213,8.5129976272583,0.7135928869247437,1222.0,1222.0,0.0,0.0019099156566430495,0.0019099156566430495,0.0,1.7038729418812482e-05,1.7038729418812482e-05,0.0,0.00029926973712305797,0.00029926973712305797,0.0,0.0003,0.0003,0.0,-3.0,-3.0,0.0,0.0,0.2571428571428572,27.728571428571428,50.10000000000001,5119.739,10,Hopper-v5,6198,Trial_2
60.364954471588135,12,49152,22.962532746821186,192.87888056831596,4.433990273248197,25.801242236024844,1222,0.0019099156566430495,-3.0,0.99,1.7038729418812482e-05,0.00029926973712305797,0.0003,-5.386580467224121,0.046400997787714005,-1.4039998054504395,0.7554857134819031,-0.28039437532424927,-3.0,3.8803744316101074,7.784097194671631,0.7512776851654053,0.32919448614120483,2.577556848526001,1.0,-5.386580467224121,0.046400997787714005,-1.4039998054504395,0.7554857134819031,-0.28039437532424927,-3.0,3.8803744316101074,7.784097194671631,0.7512776851654053,1222.0,1222.0,0.0,0.0019099156566430495,0.0019099156566430495,0.0,1.7038729418812482e-05,1.7038729418812482e-05,0.0,0.00029926973712305797,0.00029926973712305797,0.0,0.0003,0.0003,0.0,-3.0,-3.0,0.0,0.0,0.23285714285714285,27.771428571428572,50.2,5127.759,11,Hopper-v5,6198,Trial_2
65.35048246383667,13,53248,21.64785635052598,209.04537892551642,4.19970930217259,24.13450292397661,1222,0.0019099156566430495,-3.0,0.99,1.7038729418812482e-05,0.00029926973712305797,0.0003,-5.664126873016357,0.03780865669250488,-1.521299123764038,0.7376099228858948,-0.3043402135372162,-3.0,4.250319004058838,8.682525634765625,0.7302162647247314,0.2963957190513611,2.385387897491455,1.0,-5.664126873016357,0.03780865669250488,-1.521299123764038,0.7376099228858948,-0.3043402135372162,-3.0,4.250319004058838,8.682525634765625,0.7302162647247314,1222.0,1222.0,0.0,0.0019099156566430495,0.0019099156566430495,0.0,1.7038729418812482e-05,1.7038729418812482e-05,0.0,0.00029926973712305797,0.00029926973712305797,0.0,0.0003,0.0003,0.0,-3.0,-3.0,0.0,0.0,0.21,27.714285714285715,50.48571428571429,5121.723,12,Hopper-v5,6198,Trial_2
70.75991940498352,14,57344,22.827793721513245,181.1692525344564,4.658293709458516,26.266666666666666,1222,0.0019099156566430495,-3.0,0.99,1.7038729418812482e-05,0.00029926973712305797,0.0003,-5.770088195800781,0.048797234892845154,-1.6441411972045898,0.7201738357543945,-0.32826268672943115,-3.0,4.341248512268066,12.160457611083984,0.43383970856666565,0.32010769844055176,2.621389925479889,1.0,-5.770088195800781,0.048797234892845154,-1.6441411972045898,0.7201738357543945,-0.32826268672943115,-3.0,4.341248512268066,12.160457611083984,0.43383970856666565,1222.0,1222.0,0.0,0.0019099156566430495,0.0019099156566430495,0.0,1.7038729418812482e-05,1.7038729418812482e-05,0.0,0.00029926973712305797,0.00029926973712305797,0.0,0.0003,0.0003,0.0,-3.0,-3.0,0.0,0.0,0.2557142857142857,27.871428571428574,50.75714285714286,5144.52,13,Hopper-v5,6198,Trial_2
76.11855888366699,15,61440,28.604795366925025,179.4946910784261,4.379287613940139,29.082758620689656,1222,0.0019099156566430495,-3.0,0.99,1.7038729418812482e-05,0.00029926973712305797,0.0003,-5.775286674499512,0.049954503774642944,-1.7559142112731934,0.703174352645874,-0.35215041041374207,-3.0,4.382865905761719,10.690656661987305,0.43697720766067505,0.2628239393234253,2.9738680124282837,1.0,-5.775286674499512,0.049954503774642944,-1.7559142112731934,0.703174352645874,-0.35215041041374207,-3.0,4.382865905761719,10.690656661987305,0.43697720766067505,1222.0,1222.0,0.0,0.0019099156566430495,0.0019099156566430495,0.0,1.7038729418812482e-05,1.7038729418812482e-05,0.0,0.00029926973712305797,0.00029926973712305797,0.0,0.0003,0.0003,0.0,-3.0,-3.0,0.0,0.0,0.3157142857142857,29.357142857142858,50.97142857142857,5159.293,14,Hopper-v5,6198,Trial_2
81.49866223335266,16,65536,31.65302346141068,156.57810190348658,4.3652923354253055,31.472868217054263,1222,0.0019099156566430495,-3.0,0.99,1.7038729418812482e-05,0.00029926973712305797,0.0003,-5.751082420349121,0.04530957713723183,-1.870299220085144,0.6865977048873901,-0.37600669264793396,-3.0,4.381302833557129,10.08174991607666,0.07982096076011658,0.3196929693222046,2.529643952846527,1.0,-5.751082420349121,0.04530957713723183,-1.870299220085144,0.6865977048873901,-0.37600669264793396,-3.0,4.381302833557129,10.08174991607666,0.07982096076011658,1222.0,1222.0,0.0,0.0019099156566430495,0.0019099156566430495,0.0,1.7038729418812482e-05,1.7038729418812482e-05,0.0,0.00029926973712305797,0.00029926973712305797,0.0,0.0003,0.0003,0.0,-3.0,-3.0,0.0,0.0,0.32999999999999996,31.1375,51.4625,5204.362,15,Hopper-v5,6198,Trial_2
86.83992791175842,17,69632,29.999978915678305,180.91164147071237,5.531807310957281,30.5968992248062,1222,0.0019099156566430495,-3.0,0.99,1.7038729418812482e-05,0.00029926973712305797,0.0003,-6.046492099761963,0.04339511692523956,-1.9899277687072754,0.6704227924346924,-0.39984676241874695,-3.0,4.735058784484863,9.855630874633789,-0.462539941072464,0.2860311269760132,2.7837594151496887,1.0,-6.046492099761963,0.04339511692523956,-1.9899277687072754,0.6704227924346924,-0.39984676241874695,-3.0,4.735058784484863,9.855630874633789,-0.462539941072464,1222.0,1222.0,0.0,0.0019099156566430495,0.0019099156566430495,0.0,1.7038729418812482e-05,1.7038729418812482e-05,0.0,0.00029926973712305797,0.00029926973712305797,0.0,0.0003,0.0003,0.0,-3.0,-3.0,0.0,0.0,0.2185714285714286,28.128571428571426,51.642857142857146,5221.612,16,Hopper-v5,6198,Trial_2
92.07955026626587,18,73728,35.600599369604105,197.37390905274455,3.5207494602525466,35.45614035087719,1222,0.0019099156566430495,-3.0,0.99,1.7038729418812482e-05,0.00029926973712305797,0.0003,-6.10417366027832,0.04246365651488304,-2.0883607864379883,0.6546685695648193,-0.4236261248588562,-3.0,4.753686428070068,11.215349197387695,-0.899181067943573,0.2573719024658203,2.242627501487732,1.0,-6.10417366027832,0.04246365651488304,-2.0883607864379883,0.6546685695648193,-0.4236261248588562,-3.0,4.753686428070068,11.215349197387695,-0.899181067943573,1222.0,1222.0,0.0,0.0019099156566430495,0.0019099156566430495,0.0,1.7038729418812482e-05,1.7038729418812482e-05,0.0,0.00029926973712305797,0.00029926973712305797,0.0,0.0003,0.0003,0.0,-3.0,-3.0,0.0,0.0,0.21999999999999997,27.342857142857145,51.628571428571426,5234.536,17,Hopper-v5,6198,Trial_2
97.42791175842285,19,77824,36.48191684472039,193.10133057822682,5.049277042912282,34.256637168141594,1222,0.0019099156566430495,-3.0,0.99,1.7038729418812482e-05,0.00029926973712305797,0.0003,-6.515811920166016,0.04969701170921326,-2.1978578567504883,0.639323353767395,-0.44734495878219604,-3.0,5.274362564086914,12.076576232910156,-0.742791473865509,0.29214155673980713,2.880192756652832,1.0,-6.515811920166016,0.04969701170921326,-2.1978578567504883,0.639323353767395,-0.44734495878219604,-3.0,5.274362564086914,12.076576232910156,-0.742791473865509,1222.0,1222.0,0.0,0.0019099156566430495,0.0019099156566430495,0.0,1.7038729418812482e-05,1.7038729418812482e-05,0.0,0.00029926973712305797,0.00029926973712305797,0.0,0.0003,0.0003,0.0,-3.0,-3.0,0.0,0.0,0.2557142857142857,27.657142857142855,51.842857142857135,5234.984,18,Hopper-v5,6198,Trial_2
102.8113763332367,20,81920,41.584453581118275,214.1645362643044,4.970467823890882,38.52336448598131,1222,0.0019099156566430495,-3.0,0.99,1.7038729418812482e-05,0.00029926973712305797,0.0003,-6.862934112548828,0.05657321959733963,-2.3093910217285156,0.6243740320205688,-0.47100573778152466,-3.0,5.720335006713867,12.646961212158203,-0.3872431814670563,0.26856398582458496,3.0206072330474854,1.0,-6.862934112548828,0.05657321959733963,-2.3093910217285156,0.6243740320205688,-0.47100573778152466,-3.0,5.720335006713867,12.646961212158203,-0.3872431814670563,1222.0,1222.0,0.0,0.0019099156566430495,0.0019099156566430495,0.0,1.7038729418812482e-05,1.7038729418812482e-05,0.0,0.00029926973712305797,0.00029926973712305797,0.0,0.0003,0.0003,0.0,-3.0,-3.0,0.0,0.0,0.2425,28.3125,52.2375,5273.498,19,Hopper-v5,6198,Trial_2
107.96123671531677,21,86016,48.50555449348751,173.7620151689073,5.806053241549829,41.71,1222,0.0019099156566430495,-3.0,0.99,1.7038729418812482e-05,0.00029926973712305797,0.0003,-6.877165794372559,0.062053076922893524,-2.4133810997009277,0.6097881197929382,-0.4946437478065491,-3.0,5.7024946212768555,15.403229713439941,-1.0712224245071411,0.25931382179260254,3.470824897289276,1.0,-6.877165794372559,0.062053076922893524,-2.4133810997009277,0.6097881197929382,-0.4946437478065491,-3.0,5.7024946212768555,15.403229713439941,-1.0712224245071411,1222.0,1222.0,0.0,0.0019099156566430495,0.0019099156566430495,0.0,1.7038729418812482e-05,1.7038729418812482e-05,0.0,0.00029926973712305797,0.00029926973712305797,0.0,0.0003,0.0003,0.0,-3.0,-3.0,0.0,0.0,0.23714285714285713,29.785714285714285,52.300000000000004,5262.833,20,Hopper-v5,6198,Trial_2
113.46609234809875,22,90112,64.74196360173039,236.48734274359887,5.494256980176045,51.29,1222,0.0019099156566430495,-3.0,0.99,1.7038729418812482e-05,0.00029926973712305797,0.0003,-6.926308631896973,0.06900091469287872,-2.5109004974365234,0.5956042408943176,-0.5181788802146912,-3.0,5.782116889953613,13.072498321533203,0.06778113543987274,0.3010225296020508,4.119554758071899,1.0,-6.926308631896973,0.06900091469287872,-2.5109004974365234,0.5956042408943176,-0.5181788802146912,-3.0,5.782116889953613,13.072498321533203,0.06778113543987274,1222.0,1222.0,0.0,0.0019099156566430495,0.0019099156566430495,0.0,1.7038729418812482e-05,1.7038729418812482e-05,0.0,0.00029926973712305797,0.00029926973712305797,0.0,0.0003,0.0003,0.0,-3.0,-3.0,0.0,0.0,0.2057142857142857,27.985714285714284,52.628571428571426,5297.795,21,Hopper-v5,6198,Trial_2
118.6725525856018,23,94208,75.51886335203079,211.6827146958745,4.5993475148354905,57.66,1222,0.0019099156566430495,-3.0,0.99,1.7038729418812482e-05,0.00029926973712305797,0.0003,-7.042006492614746,0.045913055539131165,-2.598637104034424,0.5818057656288147,-0.5416186451911926,-3.0,5.864681720733643,12.275317192077637,-0.6706355214118958,0.2594482898712158,2.507945418357849,1.0,-7.042006492614746,0.045913055539131165,-2.598637104034424,0.5818057656288147,-0.5416186451911926,-3.0,5.864681720733643,12.275317192077637,-0.6706355214118958,1222.0,1222.0,0.0,0.0019099156566430495,0.0019099156566430495,0.0,1.7038729418812482e-05,1.7038729418812482e-05,0.0,0.00029926973712305797,0.00029926973712305797,0.0,0.0003,0.0003,0.0,-3.0,-3.0,0.0,0.0,0.26625,27.0,53.0,5319.866,22,Hopper-v5,6198,Trial_2
123.82228994369507,24,98304,82.66238638300435,215.9153117654128,4.5993475148354905,61.83,1222,0.0019099156566430495,-3.0,0.99,1.7038729418812482e-05,0.00029926973712305797,0.0003,-7.6261749267578125,0.0860796719789505,-2.701029062271118,0.5683882236480713,-0.5649506449699402,-3.0,6.515462875366211,13.262933731079102,-1.96256422996521,0.3166532516479492,5.846334934234619,1.0,-7.6261749267578125,0.0860796719789505,-2.701029062271118,0.5683882236480713,-0.5649506449699402,-3.0,6.515462875366211,13.262933731079102,-1.96256422996521,1222.0,1222.0,0.0,0.0019099156566430495,0.0019099156566430495,0.0,1.7038729418812482e-05,1.7038729418812482e-05,0.0,0.00029926973712305797,0.00029926973712305797,0.0,0.0003,0.0003,0.0,-3.0,-3.0,0.0,0.0,0.21142857142857144,27.21428571428572,53.17142857142857,5294.177,23,Hopper-v5,6198,Trial_2
129.08099508285522,25,102400,100.51993402279628,246.70953810371526,8.360024689495011,70.68,1222,0.0019099156566430495,-3.0,0.99,1.7038729418812482e-05,0.00029926973712305797,0.0003,-8.049131393432617,0.05442645028233528,-2.8194684982299805,0.5552895069122314,-0.5882656574249268,-3.0,6.889665603637695,14.248425483703613,-0.8284575343132019,0.2477254867553711,3.138449788093567,1.0,-8.049131393432617,0.05442645028233528,-2.8194684982299805,0.5552895069122314,-0.5882656574249268,-3.0,6.889665603637695,14.248425483703613,-0.8284575343132019,1222.0,1222.0,0.0,0.0019099156566430495,0.0019099156566430495,0.0,1.7038729418812482e-05,1.7038729418812482e-05,0.0,0.00029926973712305797,0.00029926973712305797,0.0,0.0003,0.0003,0.0,-3.0,-3.0,0.0,0.0,0.2642857142857143,27.142857142857142,53.39999999999999,5284.23,24,Hopper-v5,6198,Trial_2
134.50108981132507,26,106496,101.72419516078257,253.5453032435007,7.775442662094073,73.32,1222,0.0019099156566430495,-3.0,0.99,1.7038729418812482e-05,0.00029926973712305797,0.0003,-8.33261489868164,0.049222253262996674,-2.949798107147217,0.5425398349761963,-0.6114938259124756,-3.0,7.326659202575684,12.839507102966309,-1.0405299663543701,0.2633936405181885,2.8426156640052795,1.0,-8.33261489868164,0.049222253262996674,-2.949798107147217,0.5425398349761963,-0.6114938259124756,-3.0,7.326659202575684,12.839507102966309,-1.0405299663543701,1222.0,1222.0,0.0,0.0019099156566430495,0.0019099156566430495,0.0,1.7038729418812482e-05,1.7038729418812482e-05,0.0,0.00029926973712305797,0.00029926973712305797,0.0,0.0003,0.0003,0.0,-3.0,-3.0,0.0,0.0,0.24714285714285714,27.342857142857145,53.699999999999996,5288.392,25,Hopper-v5,6198,Trial_2
139.85138940811157,27,110592,98.67428598091008,254.99474050612167,6.744294731924418,71.39,1222,0.0019099156566430495,-3.0,0.99,1.7038729418812482e-05,0.00029926973712305797,0.0003,-8.074668884277344,0.06022745370864868,-2.9502689838409424,0.5301389098167419,-0.6346161961555481,-3.0,7.095314025878906,14.795241355895996,-0.7904560565948486,0.2447184920310974,4.806517481803894,1.0,-8.074668884277344,0.06022745370864868,-2.9502689838409424,0.5301389098167419,-0.6346161961555481,-3.0,7.095314025878906,14.795241355895996,-0.7904560565948486,1222.0,1222.0,0.0,0.0019099156566430495,0.0019099156566430495,0.0,1.7038729418812482e-05,1.7038729418812482e-05,0.0,0.00029926973712305797,0.00029926973712305797,0.0,0.0003,0.0003,0.0,-3.0,-3.0,0.0,0.0,0.265,28.1875,53.75,5289.34,26,Hopper-v5,6198,Trial_2
145.06664752960205,28,114688,100.98774482879138,254.99474050612167,6.744294731924418,71.41,1222,0.0019099156566430495,-3.0,0.99,1.7038729418812482e-05,0.00029926973712305797,0.0003,-8.656622886657715,0.05311658978462219,-3.133330821990967,0.5180357694625854,-0.6577109694480896,-3.0,7.670588493347168,14.950276374816895,-1.7030754089355469,0.2972900867462158,2.7702173590660095,1.0,-8.656622886657715,0.05311658978462219,-3.133330821990967,0.5180357694625854,-0.6577109694480896,-3.0,7.670588493347168,14.950276374816895,-1.7030754089355469,1222.0,1222.0,0.0,0.0019099156566430495,0.0019099156566430495,0.0,1.7038729418812482e-05,1.7038729418812482e-05,0.0,0.00029926973712305797,0.00029926973712305797,0.0,0.0003,0.0003,0.0,-3.0,-3.0,0.0,0.0,0.2928571428571428,28.300000000000004,54.228571428571435,5286.968,27,Hopper-v5,6198,Trial_2
150.64608097076416,29,118784,118.47059213752053,240.6506066500459,10.588056048625493,77.6,1222,0.0019099156566430495,-3.0,0.99,1.7038729418812482e-05,0.00029926973712305797,0.0003,-8.843517303466797,0.07225950062274933,-3.156223773956299,0.5062727928161621,-0.6806796789169312,-3.0,7.855206489562988,15.529560089111328,-1.5419328212738037,0.28991425037384033,5.0336222648620605,1.0,-8.843517303466797,0.07225950062274933,-3.156223773956299,0.5062727928161621,-0.6806796789169312,-3.0,7.855206489562988,15.529560089111328,-1.5419328212738037,1222.0,1222.0,0.0,0.0019099156566430495,0.0019099156566430495,0.0,1.7038729418812482e-05,1.7038729418812482e-05,0.0,0.00029926973712305797,0.00029926973712305797,0.0,0.0003,0.0003,0.0,-3.0,-3.0,0.0,0.0,0.29500000000000004,28.0125,54.4625,5310.057,28,Hopper-v5,6198,Trial_2
156.0338671207428,30,122880,118.01084748051869,305.40028346409855,5.214115269138721,75.7,1222,0.0019099156566430495,-3.0,0.99,1.7038729418812482e-05,0.00029926973712305797,0.0003,-9.307428359985352,0.08933056145906448,-3.3150360584259033,0.4947962462902069,-0.7036092281341553,-3.0,8.186861991882324,16.640134811401367,0.2104109525680542,0.3190789222717285,6.004909515380859,1.0,-9.307428359985352,0.08933056145906448,-3.3150360584259033,0.4947962462902069,-0.7036092281341553,-3.0,8.186861991882324,16.640134811401367,0.2104109525680542,1222.0,1222.0,0.0,0.0019099156566430495,0.0019099156566430495,0.0,1.7038729418812482e-05,1.7038729418812482e-05,0.0,0.00029926973712305797,0.00029926973712305797,0.0,0.0003,0.0003,0.0,-3.0,-3.0,0.0,0.0,0.32285714285714284,27.95714285714286,54.74285714285714,5310.367,29,Hopper-v5,6198,Trial_2
161.26241779327393,31,126976,111.89302352985675,305.40028346409855,13.706757614300884,71.93,1222,0.0019099156566430495,-3.0,0.99,1.7038729418812482e-05,0.00029926973712305797,0.0003,-9.397241592407227,0.07474888116121292,-3.252562999725342,0.4836176037788391,-0.7264607548713684,-3.0,8.379940032958984,15.716973304748535,-1.111450433731079,0.2927159070968628,5.405191659927368,1.0,-9.397241592407227,0.07474888116121292,-3.252562999725342,0.4836176037788391,-0.7264607548713684,-3.0,8.379940032958984,15.716973304748535,-1.111450433731079,1222.0,1222.0,0.0,0.0019099156566430495,0.0019099156566430495,0.0,1.7038729418812482e-05,1.7038729418812482e-05,0.0,0.00029926973712305797,0.00029926973712305797,0.0,0.0003,0.0003,0.0,-3.0,-3.0,0.0,0.0,0.30428571428571427,28.442857142857147,54.94285714285714,5318.294,30,Hopper-v5,6198,Trial_2
3.855192184448242,1,4096,14.768481064885144,122.9588789774504,3.854507307037381,19.476439790575917,1634,0.006331412809024897,-3.0,0.99,3.7462554373632125e-05,0.0003173615400416375,0.0003,-4.587118148803711,0.16722464561462402,-0.08232385665178299,0.9836119413375854,-0.01652381382882595,-3.0,2.6292691230773926,7.699338436126709,1.0684797763824463,0.7780412435531616,2.8795608282089233,1.0,-4.587118148803711,0.16722464561462402,-0.08232385665178299,0.9836119413375854,-0.01652381382882595,-3.0,2.6292691230773926,7.699338436126709,1.0684797763824463,1634.0,1634.0,0.0,0.006331412809024897,0.006331412809024897,0.0,3.7462554373632125e-05,3.7462554373632125e-05,0.0,0.0003173615400416375,0.0003173615400416375,0.0,0.0003,0.0003,0.0,-3.0,-3.0,0.0,0.0,0.18333333333333335,24.45,46.949999999999996,3841.959,0,Hopper-v5,6198,Trial_3
8.875624179840088,2,8192,17.052820963862246,117.60428238147313,4.1486311313665905,22.08108108108108,1634,0.006331412809024897,-3.0,0.99,3.7462554373632125e-05,0.0003173615400416375,0.0003,-4.990527153015137,0.12267914414405823,-0.20328553020954132,0.9602550268173218,-0.04055638611316681,-3.0,3.091642379760742,7.515692234039307,1.2999560832977295,0.5983412265777588,3.4203850626945496,1.0,-4.990527153015137,0.12267914414405823,-0.20328553020954132,0.9602550268173218,-0.04055638611316681,-3.0,3.091642379760742,7.515692234039307,1.2999560832977295,1634.0,1634.0,0.0,0.006331412809024897,0.006331412809024897,0.0,3.7462554373632125e-05,3.7462554373632125e-05,0.0,0.0003173615400416375,0.0003173615400416375,0.0,0.0003,0.0003,0.0,-3.0,-3.0,0.0,0.0,0.1842857142857143,27.64285714285714,48.58571428571428,4423.73,1,Hopper-v5,6198,Trial_3
13.879244804382324,3,12288,18.56227372388522,124.87102761389782,3.7948103330436305,22.882022471910112,1634,0.006331412809024897,-3.0,0.99,3.7462554373632125e-05,0.0003173615400416375,0.0003,-5.532605171203613,0.1533903181552887,-0.3244897723197937,0.9374687075614929,-0.06457194685935974,-3.0,3.6810145378112793,9.047532081604004,1.4860824346542358,0.6246339678764343,3.797352433204651,1.0,-5.532605171203613,0.1533903181552887,-0.3244897723197937,0.9374687075614929,-0.06457194685935974,-3.0,3.6810145378112793,9.047532081604004,1.4860824346542358,1634.0,1634.0,0.0,0.006331412809024897,0.006331412809024897,0.0,3.7462554373632125e-05,3.7462554373632125e-05,0.0,0.0003173615400416375,0.0003173615400416375,0.0,0.0003,0.0003,0.0,-3.0,-3.0,0.0,0.0,0.2366666666666667,28.86666666666667,49.083333333333336,4613.387,2,Hopper-v5,6198,Trial_3
18.979870319366455,4,16384,20.532259423173446,237.3298015179743,3.8566967070546463,24.317365269461078,1634,0.006331412809024897,-3.0,0.99,3.7462554373632125e-05,0.0003173615400416375,0.0003,-6.1440863609313965,0.09787017107009888,-0.44928398728370667,0.9152588248252869,-0.08854838460683823,-3.0,4.290472030639648,10.60223388671875,1.3442302942276,0.6212123036384583,4.236810207366943,1.0,-6.1440863609313965,0.09787017107009888,-0.44928398728370667,0.9152588248252869,-0.08854838460683823,-3.0,4.290472030639648,10.60223388671875,1.3442302942276,1634.0,1634.0,0.0,0.006331412809024897,0.006331412809024897,0.0,3.7462554373632125e-05,3.7462554373632125e-05,0.0,0.0003173615400416375,0.0003173615400416375,0.0,0.0003,0.0003,0.0,-3.0,-3.0,0.0,0.0,0.20375,25.2375,48.725,4732.437,3,Hopper-v5,6198,Trial_3
24.09229040145874,5,20480,23.883833319078402,201.63636628191148,3.765305280658836,25.265822784810126,1634,0.006331412809024897,-3.0,0.99,3.7462554373632125e-05,0.0003173615400416375,0.0003,-7.021642208099365,0.08616841584444046,-0.5644805431365967,0.893585741519928,-0.11251308768987656,-3.0,5.28084135055542,12.827552795410156,1.7653231620788574,0.5231130123138428,4.991353869438171,1.0,-7.021642208099365,0.08616841584444046,-0.5644805431365967,0.893585741519928,-0.11251308768987656,-3.0,5.28084135055542,12.827552795410156,1.7653231620788574,1634.0,1634.0,0.0,0.006331412809024897,0.006331412809024897,0.0,3.7462554373632125e-05,3.7462554373632125e-05,0.0,0.0003173615400416375,0.0003173615400416375,0.0,0.0003,0.0003,0.0,-3.0,-3.0,0.0,0.0,0.2557142857142857,28.199999999999996,48.614285714285714,4806.167,4,Hopper-v5,6198,Trial_3
29.021355152130127,6,24576,26.07172295841525,147.72103515287603,4.576123434262913,26.633333333333333,1634,0.006331412809024897,-3.0,0.99,3.7462554373632125e-05,0.0003173615400416375,0.0003,-7.6857757568359375,0.10381656885147095,-0.678046703338623,0.8725037574768066,-0.1363883763551712,-3.0,5.943714141845703,14.351592063903809,2.0990469455718994,0.5685635805130005,5.175326824188232,1.0,-7.6857757568359375,0.10381656885147095,-0.678046703338623,0.8725037574768066,-0.1363883763551712,-3.0,5.943714141845703,14.351592063903809,2.0990469455718994,1634.0,1634.0,0.0,0.006331412809024897,0.006331412809024897,0.0,3.7462554373632125e-05,3.7462554373632125e-05,0.0,0.0003173615400416375,0.0003173615400416375,0.0,0.0003,0.0003,0.0,-3.0,-3.0,0.0,0.0,0.24428571428571427,28.071428571428573,48.871428571428574,4824.459,5,Hopper-v5,6198,Trial_3
34.178216218948364,7,28672,27.17979780247298,165.6185721968157,2.8450167848203067,26.38125,1634,0.006331412809024897,-3.0,0.99,3.7462554373632125e-05,0.0003173615400416375,0.0003,-8.498941421508789,0.11941492557525635,-0.7943301796913147,0.8519814610481262,-0.16019044816493988,-3.0,6.824067115783691,22.584476470947266,2.168760061264038,0.6700936555862427,6.303711175918579,1.0,-8.498941421508789,0.11941492557525635,-0.7943301796913147,0.8519814610481262,-0.16019044816493988,-3.0,6.824067115783691,22.584476470947266,2.168760061264038,1634.0,1634.0,0.0,0.006331412809024897,0.006331412809024897,0.0,3.7462554373632125e-05,3.7462554373632125e-05,0.0,0.0003173615400416375,0.0003173615400416375,0.0,0.0003,0.0003,0.0,-3.0,-3.0,0.0,0.0,0.26571428571428574,27.24285714285714,49.17142857142858,4869.708,6,Hopper-v5,6198,Trial_3
39.338584423065186,8,32768,31.35003684988487,176.16870650658308,4.637510396003911,29.785714285714285,1634,0.006331412809024897,-3.0,0.99,3.7462554373632125e-05,0.0003173615400416375,0.0003,-9.400146484375,0.11767451465129852,-0.8993401527404785,0.8320780396461487,-0.18382909893989563,-3.0,7.754203796386719,20.781911849975586,1.270404577255249,0.6963884830474854,6.954572677612305,1.0,-9.400146484375,0.11767451465129852,-0.8993401527404785,0.8320780396461487,-0.18382909893989563,-3.0,7.754203796386719,20.781911849975586,1.270404577255249,1634.0,1634.0,0.0,0.006331412809024897,0.006331412809024897,0.0,3.7462554373632125e-05,3.7462554373632125e-05,0.0,0.0003173615400416375,0.0003173615400416375,0.0,0.0003,0.0003,0.0,-3.0,-3.0,0.0,0.0,0.19428571428571426,27.657142857142855,49.300000000000004,4904.819,7,Hopper-v5,6198,Trial_3
44.49557137489319,9,36864,37.74568615936557,183.56372619873383,4.222101526396955,34.201550387596896,1634,0.006331412809024897,-3.0,0.99,3.7462554373632125e-05,0.0003173615400416375,0.0003,-10.66946792602539,0.1457560956478119,-1.0142536163330078,0.812758207321167,-0.20732161402702332,-3.0,9.099798202514648,22.123973846435547,1.4784585237503052,0.6332488059997559,7.74299955368042,1.0,-10.66946792602539,0.1457560956478119,-1.0142536163330078,0.812758207321167,-0.20732161402702332,-3.0,9.099798202514648,22.123973846435547,1.4784585237503052,1634.0,1634.0,0.0,0.006331412809024897,0.006331412809024897,0.0,3.7462554373632125e-05,3.7462554373632125e-05,0.0,0.0003173615400416375,0.0003173615400416375,0.0,0.0003,0.0003,0.0,-3.0,-3.0,0.0,0.0,0.19999999999999998,27.21428571428572,49.51428571428571,4931.54,8,Hopper-v5,6198,Trial_3
49.68320178985596,10,40960,51.59146312108981,170.28717989986237,5.99881206282223,41.42,1634,0.006331412809024897,-3.0,0.99,3.7462554373632125e-05,0.0003173615400416375,0.0003,-11.538545608520508,0.14929327368736267,-1.1164889335632324,0.794135570526123,-0.23050110042095184,-3.0,9.951933860778809,21.03238868713379,1.3599096536636353,0.6508231163024902,7.826660633087158,1.0,-11.538545608520508,0.14929327368736267,-1.1164889335632324,0.794135570526123,-0.23050110042095184,-3.0,9.951933860778809,21.03238868713379,1.3599096536636353,1634.0,1634.0,0.0,0.006331412809024897,0.006331412809024897,0.0,3.7462554373632125e-05,3.7462554373632125e-05,0.0,0.0003173615400416375,0.0003173615400416375,0.0,0.0003,0.0003,0.0,-3.0,-3.0,0.0,0.0,0.26,27.328571428571426,49.71428571428572,4955.656,9,Hopper-v5,6198,Trial_3
54.8929967880249,11,45056,56.06211496933695,143.5449412193619,5.009391349513005,40.56,1634,0.006331412809024897,-3.0,0.99,3.7462554373632125e-05,0.0003173615400416375,0.0003,-13.008903503417969,0.11986098438501358,-1.1620497703552246,0.7760703563690186,-0.25351208448410034,-3.0,11.443868637084961,24.534170150756836,0.6733903288841248,0.6602258682250977,5.799682378768921,1.0,-13.008903503417969,0.11986098438501358,-1.1620497703552246,0.7760703563690186,-0.25351208448410034,-3.0,11.443868637084961,24.534170150756836,0.6733903288841248,1634.0,1634.0,0.0,0.006331412809024897,0.006331412809024897,0.0,3.7462554373632125e-05,3.7462554373632125e-05,0.0,0.0003173615400416375,0.0003173615400416375,0.0,0.0003,0.0003,0.0,-3.0,-3.0,0.0,0.0,0.2671428571428572,27.77142857142857,50.07142857142857,5091.412,10,Hopper-v5,6198,Trial_3
60.02807688713074,12,49152,70.8063212659033,170.28303282106575,3.033962649710484,49.2,1634,0.006331412809024897,-3.0,0.99,3.7462554373632125e-05,0.0003173615400416375,0.0003,-13.787796020507812,0.1669342964887619,-1.249532699584961,0.7586420774459839,-0.27622514963150024,-3.0,12.330775260925293,26.94054412841797,0.9638045430183411,0.6720447540283203,10.356025218963623,1.0,-13.787796020507812,0.1669342964887619,-1.249532699584961,0.7586420774459839,-0.27622514963150024,-3.0,12.330775260925293,26.94054412841797,0.9638045430183411,1634.0,1634.0,0.0,0.006331412809024897,0.006331412809024897,0.0,3.7462554373632125e-05,3.7462554373632125e-05,0.0,0.0003173615400416375,0.0003173615400416375,0.0,0.0003,0.0003,0.0,-3.0,-3.0,0.0,0.0,0.23142857142857146,27.37142857142857,50.2,5103.185,11,Hopper-v5,6198,Trial_3
65.16200423240662,13,53248,79.48114971007551,229.10392749755945,5.868770875957335,57.64,1634,0.006331412809024897,-3.0,0.99,3.7462554373632125e-05,0.0003173615400416375,0.0003,-15.182598114013672,0.17616921663284302,-1.4009689092636108,0.7417953610420227,-0.2986818552017212,-3.0,13.639494895935059,30.078882217407227,0.7395642399787903,0.6788995265960693,15.689518928527832,1.0,-15.182598114013672,0.17616921663284302,-1.4009689092636108,0.7417953610420227,-0.2986818552017212,-3.0,13.639494895935059,30.078882217407227,0.7395642399787903,1634.0,1634.0,0.0,0.006331412809024897,0.006331412809024897,0.0,3.7462554373632125e-05,3.7462554373632125e-05,0.0,0.0003173615400416375,0.0003173615400416375,0.0,0.0003,0.0003,0.0,-3.0,-3.0,0.0,0.0,0.21,27.81428571428572,50.41428571428571,5116.169,12,Hopper-v5,6198,Trial_3
70.53525590896606,14,57344,88.93079939705173,237.52985547208692,6.9982706384581865,61.68,1634,0.006331412809024897,-3.0,0.99,3.7462554373632125e-05,0.0003173615400416375,0.0003,-15.969034194946289,0.14167164266109467,-1.4335448741912842,0.7254510521888733,-0.32096168398857117,-3.0,14.388540267944336,28.553953170776367,0.599309504032135,0.5803248882293701,10.360044479370117,1.0,-15.969034194946289,0.14167164266109467,-1.4335448741912842,0.7254510521888733,-0.32096168398857117,-3.0,14.388540267944336,28.553953170776367,0.599309504032135,1634.0,1634.0,0.0,0.006331412809024897,0.006331412809024897,0.0,3.7462554373632125e-05,3.7462554373632125e-05,0.0,0.0003173615400416375,0.0003173615400416375,0.0,0.0003,0.0003,0.0,-3.0,-3.0,0.0,0.0,0.27571428571428575,27.914285714285715,50.75714285714287,5143.159,13,Hopper-v5,6198,Trial_3
75.81026649475098,15,61440,90.98361609177138,216.7467468555535,8.405966319429975,57.64,1634,0.006331412809024897,-3.0,0.99,3.7462554373632125e-05,0.0003173615400416375,0.0003,-17.137229919433594,0.17000344395637512,-1.4954290390014648,0.7095873951911926,-0.3430716097354889,-3.0,15.673772811889648,31.87195587158203,1.467430591583252,0.6543278694152832,12.312097072601318,1.0,-17.137229919433594,0.17000344395637512,-1.4954290390014648,0.7095873951911926,-0.3430716097354889,-3.0,15.673772811889648,31.87195587158203,1.467430591583252,1634.0,1634.0,0.0,0.006331412809024897,0.006331412809024897,0.0,3.7462554373632125e-05,3.7462554373632125e-05,0.0,0.0003173615400416375,0.0003173615400416375,0.0,0.0003,0.0003,0.0,-3.0,-3.0,0.0,0.0,0.2675,29.3125,50.9625,5159.455,14,Hopper-v5,6198,Trial_3
81.22114706039429,16,65536,88.99875041976047,184.11724948125806,38.464891618381664,53.93,1634,0.006331412809024897,-3.0,0.99,3.7462554373632125e-05,0.0003173615400416375,0.0003,-18.43933868408203,0.15800641477108002,-1.5695298910140991,0.6941360831260681,-0.36508721113204956,-3.0,17.024919509887695,39.65549087524414,0.2971179783344269,0.6192550659179688,11.307710647583008,1.0,-18.43933868408203,0.15800641477108002,-1.5695298910140991,0.6941360831260681,-0.36508721113204956,-3.0,17.024919509887695,39.65549087524414,0.2971179783344269,1634.0,1634.0,0.0,0.006331412809024897,0.006331412809024897,0.0,3.7462554373632125e-05,3.7462554373632125e-05,0.0,0.0003173615400416375,0.0003173615400416375,0.0,0.0003,0.0003,0.0,-3.0,-3.0,0.0,0.0,0.33714285714285713,31.442857142857147,51.457142857142856,5207.89,15,Hopper-v5,6198,Trial_3
86.65584969520569,17,69632,81.9594197322492,165.827993670555,38.464891618381664,49.08,1634,0.006331412809024897,-3.0,0.99,3.7462554373632125e-05,0.0003173615400416375,0.0003,-19.284130096435547,0.1707436442375183,-1.6073272228240967,0.6790672540664673,-0.3870351016521454,-3.0,17.769004821777344,34.920291900634766,1.9973218441009521,0.6820101737976074,12.498422622680664,1.0,-19.284130096435547,0.1707436442375183,-1.6073272228240967,0.6790672540664673,-0.3870351016521454,-3.0,17.769004821777344,34.920291900634766,1.9973218441009521,1634.0,1634.0,0.0,0.006331412809024897,0.006331412809024897,0.0,3.7462554373632125e-05,3.7462554373632125e-05,0.0,0.0003173615400416375,0.0003173615400416375,0.0,0.0003,0.0003,0.0,-3.0,-3.0,0.0,0.0,0.2414285714285714,28.12857142857143,51.699999999999996,5235.948,16,Hopper-v5,6198,Trial_3
92.02785086631775,18,73728,83.40981637399447,156.24596117631748,39.00292626064283,50.42,1634,0.006331412809024897,-3.0,0.99,3.7462554373632125e-05,0.0003173615400416375,0.0003,-21.070960998535156,0.23670101165771484,-1.7059862613677979,0.6643067002296448,-0.4090113341808319,-3.0,19.50963020324707,36.807743072509766,1.0020705461502075,0.6350421905517578,23.45649480819702,1.0,-21.070960998535156,0.23670101165771484,-1.7059862613677979,0.6643067002296448,-0.4090113341808319,-3.0,19.50963020324707,36.807743072509766,1.0020705461502075,1634.0,1634.0,0.0,0.006331412809024897,0.006331412809024897,0.0,3.7462554373632125e-05,3.7462554373632125e-05,0.0,0.0003173615400416375,0.0003173615400416375,0.0,0.0003,0.0003,0.0,-3.0,-3.0,0.0,0.0,0.21428571428571427,27.25714285714286,51.65714285714285,5256.875,17,Hopper-v5,6198,Trial_3
97.39970970153809,19,77824,87.92169009482605,175.90413472895676,42.69903599646816,51.92,1634,0.006331412809024897,-3.0,0.99,3.7462554373632125e-05,0.0003173615400416375,0.0003,-21.8813419342041,0.22495952248573303,-1.8235905170440674,0.6498832702636719,-0.4309625029563904,-3.0,20.315309524536133,39.0590934753418,0.09485079348087311,0.5652966499328613,22.04378652572632,1.0,-21.8813419342041,0.22495952248573303,-1.8235905170440674,0.6498832702636719,-0.4309625029563904,-3.0,20.315309524536133,39.0590934753418,0.09485079348087311,1634.0,1634.0,0.0,0.006331412809024897,0.006331412809024897,0.0,3.7462554373632125e-05,3.7462554373632125e-05,0.0,0.0003173615400416375,0.0003173615400416375,0.0,0.0003,0.0003,0.0,-3.0,-3.0,0.0,0.0,0.245,27.725,51.8625,5278.472,18,Hopper-v5,6198,Trial_3
102.76163387298584,20,81920,79.6392694781981,148.22117149681608,40.61161380021739,45.71,1634,0.006331412809024897,-3.0,0.99,3.7462554373632125e-05,0.0003173615400416375,0.0003,-22.93828010559082,0.31003883481025696,-1.8975034952163696,0.635806679725647,-0.4528607428073883,-3.0,21.450511932373047,34.76079559326172,0.6231433749198914,0.6700787544250488,25.252800464630127,1.0,-22.93828010559082,0.31003883481025696,-1.8975034952163696,0.635806679725647,-0.4528607428073883,-3.0,21.450511932373047,34.76079559326172,0.6231433749198914,1634.0,1634.0,0.0,0.006331412809024897,0.006331412809024897,0.0,3.7462554373632125e-05,3.7462554373632125e-05,0.0,0.0003173615400416375,0.0003173615400416375,0.0,0.0003,0.0003,0.0,-3.0,-3.0,0.0,0.0,0.24714285714285714,28.271428571428572,52.21428571428572,5295.602,19,Hopper-v5,6198,Trial_3
108.13199710845947,21,86016,83.16840730272047,178.40142906995808,39.94459665151499,47.04,1634,0.006331412809024897,-3.0,0.99,3.7462554373632125e-05,0.0003173615400416375,0.0003,-22.859394073486328,0.267302930355072,-1.8599913120269775,0.6219735145568848,-0.47485771775245667,-3.0,21.125900268554688,35.201324462890625,0.6648420095443726,0.7784824371337891,21.91993808746338,1.0,-22.859394073486328,0.267302930355072,-1.8599913120269775,0.6219735145568848,-0.47485771775245667,-3.0,21.125900268554688,35.201324462890625,0.6648420095443726,1634.0,1634.0,0.0,0.006331412809024897,0.006331412809024897,0.0,3.7462554373632125e-05,3.7462554373632125e-05,0.0,0.0003173615400416375,0.0003173615400416375,0.0,0.0003,0.0003,0.0,-3.0,-3.0,0.0,0.0,0.23375,29.5625,52.3125,5311.66,20,Hopper-v5,6198,Trial_3
113.67331171035767,22,90112,87.0072999921842,162.74903065054608,38.94090353868898,49.04,1634,0.006331412809024897,-3.0,0.99,3.7462554373632125e-05,0.0003173615400416375,0.0003,-25.032333374023438,0.30985501408576965,-1.9086034297943115,0.6085300445556641,-0.4967089593410492,-3.0,23.16437530517578,38.371097564697266,1.7640907764434814,0.7654647827148438,26.506826400756836,1.0,-25.032333374023438,0.30985501408576965,-1.9086034297943115,0.6085300445556641,-0.4967089593410492,-3.0,23.16437530517578,38.371097564697266,1.7640907764434814,1634.0,1634.0,0.0,0.006331412809024897,0.006331412809024897,0.0,3.7462554373632125e-05,3.7462554373632125e-05,0.0,0.0003173615400416375,0.0003173615400416375,0.0,0.0003,0.0003,0.0,-3.0,-3.0,0.0,0.0,0.2057142857142857,27.985714285714284,52.60000000000001,5352.263,21,Hopper-v5,6198,Trial_3
118.95527195930481,23,94208,90.59921629027939,168.84892783428035,38.94090353868898,50.05,1634,0.006331412809024897,-3.0,0.99,3.7462554373632125e-05,0.0003173615400416375,0.0003,-25.785903930664062,0.29470527172088623,-2.0401194095611572,0.5954344272613525,-0.5184640288352966,-3.0,23.88941192626953,49.1138916015625,0.4838152825832367,0.7421302795410156,26.06289577484131,1.0,-25.785903930664062,0.29470527172088623,-2.0401194095611572,0.5954344272613525,-0.5184640288352966,-3.0,23.88941192626953,49.1138916015625,0.4838152825832367,1634.0,1634.0,0.0,0.006331412809024897,0.006331412809024897,0.0,3.7462554373632125e-05,3.7462554373632125e-05,0.0,0.0003173615400416375,0.0003173615400416375,0.0,0.0003,0.0003,0.0,-3.0,-3.0,0.0,0.0,0.2914285714285714,27.142857142857142,53.00000000000001,5366.825,22,Hopper-v5,6198,Trial_3
124.15950918197632,24,98304,97.44927939067813,172.60497195470376,38.4942266916146,53.33,1634,0.006331412809024897,-3.0,0.99,3.7462554373632125e-05,0.0003173615400416375,0.0003,-27.03957748413086,0.34540385007858276,-2.1319363117218018,0.5826848745346069,-0.5401087999343872,-3.0,25.36376190185547,42.672874450683594,0.8142275214195251,0.8179254531860352,26.208462715148926,1.0,-27.03957748413086,0.34540385007858276,-2.1319363117218018,0.5826848745346069,-0.5401087999343872,-3.0,25.36376190185547,42.672874450683594,0.8142275214195251,1634.0,1634.0,0.0,0.006331412809024897,0.006331412809024897,0.0,3.7462554373632125e-05,3.7462554373632125e-05,0.0,0.0003173615400416375,0.0003173615400416375,0.0,0.0003,0.0003,0.0,-3.0,-3.0,0.0,0.0,0.22125,27.0125,53.1875,5350.135,23,Hopper-v5,6198,Trial_3
129.46429419517517,25,102400,113.05106446830105,180.59023619760507,38.4942266916146,59.79,1634,0.006331412809024897,-3.0,0.99,3.7462554373632125e-05,0.0003173615400416375,0.0003,-29.010072708129883,0.33127862215042114,-2.2270383834838867,0.5702542066574097,-0.561673104763031,-3.0,27.347808837890625,46.62144470214844,2.979367256164551,0.8120975494384766,29.920695781707764,1.0,-29.010072708129883,0.33127862215042114,-2.2270383834838867,0.5702542066574097,-0.561673104763031,-3.0,27.347808837890625,46.62144470214844,2.979367256164551,1634.0,1634.0,0.0,0.006331412809024897,0.006331412809024897,0.0,3.7462554373632125e-05,3.7462554373632125e-05,0.0,0.0003173615400416375,0.0003173615400416375,0.0,0.0003,0.0003,0.0,-3.0,-3.0,0.0,0.0,0.2642857142857143,27.2,53.41428571428571,5352.959,24,Hopper-v5,6198,Trial_3
134.99225401878357,26,106496,125.85846480557053,174.91280830085,40.17451139948379,64.62,1634,0.006331412809024897,-3.0,0.99,3.7462554373632125e-05,0.0003173615400416375,0.0003,-30.694726943969727,0.28385835886001587,-2.2649006843566895,0.5580913424491882,-0.5832326412200928,-3.0,29.297222137451172,48.92000961303711,1.7916735410690308,0.7851037979125977,27.42923927307129,1.0,-30.694726943969727,0.28385835886001587,-2.2649006843566895,0.5580913424491882,-0.5832326412200928,-3.0,29.297222137451172,48.92000961303711,1.7916735410690308,1634.0,1634.0,0.0,0.006331412809024897,0.006331412809024897,0.0,3.7462554373632125e-05,3.7462554373632125e-05,0.0,0.0003173615400416375,0.0003173615400416375,0.0,0.0003,0.0003,0.0,-3.0,-3.0,0.0,0.0,0.24714285714285714,27.142857142857142,53.65714285714286,5364.596,25,Hopper-v5,6198,Trial_3
140.46433234214783,27,110592,139.04969524606557,219.26757099228868,41.74416551371025,69.61,1634,0.006331412809024897,-3.0,0.99,3.7462554373632125e-05,0.0003173615400416375,0.0003,-30.807649612426758,0.269144207239151,-2.2441494464874268,0.5462278127670288,-0.6047191619873047,-3.0,28.969207763671875,54.894813537597656,1.6656086444854736,0.7564129829406738,27.69665002822876,1.0,-30.807649612426758,0.269144207239151,-2.2441494464874268,0.5462278127670288,-0.6047191619873047,-3.0,28.969207763671875,54.894813537597656,1.6656086444854736,1634.0,1634.0,0.0,0.006331412809024897,0.006331412809024897,0.0,3.7462554373632125e-05,3.7462554373632125e-05,0.0,0.0003173615400416375,0.0003173615400416375,0.0,0.0003,0.0003,0.0,-3.0,-3.0,0.0,0.0,0.265,28.275,53.725,5368.48,26,Hopper-v5,6198,Trial_3
145.70035338401794,28,114688,151.47439315886012,219.26757099228868,42.24848911205686,73.96,1634,0.006331412809024897,-3.0,0.99,3.7462554373632125e-05,0.0003173615400416375,0.0003,-32.4427375793457,0.3861803710460663,-2.4536309242248535,0.5346082448959351,-0.6262210607528687,-3.0,31.074522018432617,50.85856628417969,1.4150822162628174,0.8203248977661133,32.53990364074707,1.0,-32.4427375793457,0.3861803710460663,-2.4536309242248535,0.5346082448959351,-0.6262210607528687,-3.0,31.074522018432617,50.85856628417969,1.4150822162628174,1634.0,1634.0,0.0,0.006331412809024897,0.006331412809024897,0.0,3.7462554373632125e-05,3.7462554373632125e-05,0.0,0.0003173615400416375,0.0003173615400416375,0.0,0.0003,0.0003,0.0,-3.0,-3.0,0.0,0.0,0.2914285714285714,28.214285714285715,54.24285714285715,5355.048,27,Hopper-v5,6198,Trial_3
151.41468048095703,29,118784,155.6874451531568,202.6286716255145,40.380495140253686,75.67,1634,0.006331412809024897,-3.0,0.99,3.7462554373632125e-05,0.0003173615400416375,0.0003,-34.29973602294922,0.34770864248275757,-2.5113797187805176,0.5232454538345337,-0.6477046608924866,-3.0,32.88282012939453,52.828643798828125,4.102403163909912,0.8696098327636719,32.46408939361572,1.0,-34.29973602294922,0.34770864248275757,-2.5113797187805176,0.5232454538345337,-0.6477046608924866,-3.0,32.88282012939453,52.828643798828125,4.102403163909912,1634.0,1634.0,0.0,0.006331412809024897,0.006331412809024897,0.0,3.7462554373632125e-05,3.7462554373632125e-05,0.0,0.0003173615400416375,0.0003173615400416375,0.0,0.0003,0.0003,0.0,-3.0,-3.0,0.0,0.0,0.29500000000000004,28.137500000000003,54.4375,5389.099,28,Hopper-v5,6198,Trial_3
156.6570966243744,30,122880,163.6634752648034,202.6286716255145,40.380495140253686,79.17,1634,0.006331412809024897,-3.0,0.99,3.7462554373632125e-05,0.0003173615400416375,0.0003,-34.89436721801758,0.4010120630264282,-2.4159364700317383,0.5121979713439941,-0.669044017791748,-3.0,33.07240676879883,52.031185150146484,2.1349620819091797,0.9402484893798828,33.81631088256836,1.0,-34.89436721801758,0.4010120630264282,-2.4159364700317383,0.5121979713439941,-0.669044017791748,-3.0,33.07240676879883,52.031185150146484,2.1349620819091797,1634.0,1634.0,0.0,0.006331412809024897,0.006331412809024897,0.0,3.7462554373632125e-05,3.7462554373632125e-05,0.0,0.0003173615400416375,0.0003173615400416375,0.0,0.0003,0.0003,0.0,-3.0,-3.0,0.0,0.0,0.32285714285714284,27.971428571428568,54.74285714285714,5377.825,29,Hopper-v5,6198,Trial_3
161.9410581588745,31,126976,169.997451143837,206.95007109596452,40.344494406510115,81.38,1634,0.006331412809024897,-3.0,0.99,3.7462554373632125e-05,0.0003173615400416375,0.0003,-36.24397277832031,0.3300929665565491,-2.6329851150512695,0.501316487789154,-0.6905176043510437,-3.0,34.580657958984375,55.56167221069336,4.5765767097473145,0.7545413970947266,33.91636085510254,1.0,-36.24397277832031,0.3300929665565491,-2.6329851150512695,0.501316487789154,-0.6905176043510437,-3.0,34.580657958984375,55.56167221069336,4.5765767097473145,1634.0,1634.0,0.0,0.006331412809024897,0.006331412809024897,0.0,3.7462554373632125e-05,3.7462554373632125e-05,0.0,0.0003173615400416375,0.0003173615400416375,0.0,0.0003,0.0003,0.0,-3.0,-3.0,0.0,0.0,0.3157142857142857,28.45714285714286,54.94285714285714,5369.049,30,Hopper-v5,6198,Trial_3
167.25285840034485,32,131072,170.71121711050603,206.95007109596452,40.344494406510115,81.04,1634,0.006331412809024897,-3.0,0.99,3.7462554373632125e-05,0.0003173615400416375,0.0003,-37.03763961791992,0.42316704988479614,-2.5971012115478516,0.490704745054245,-0.7119126915931702,-3.0,35.16246032714844,59.66223907470703,4.452334403991699,0.8521714210510254,37.01375102996826,1.0,-37.03763961791992,0.42316704988479614,-2.5971012115478516,0.490704745054245,-0.7119126915931702,-3.0,35.16246032714844,59.66223907470703,4.452334403991699,1634.0,1634.0,0.0,0.006331412809024897,0.006331412809024897,0.0,3.7462554373632125e-05,3.7462554373632125e-05,0.0,0.0003173615400416375,0.0003173615400416375,0.0,0.0003,0.0003,0.0,-3.0,-3.0,0.0,0.0,0.2325,26.625,56.199999999999996,5346.142,31,Hopper-v5,6198,Trial_3
172.71935534477234,33,135168,166.78690024554416,193.6804169742244,38.22837501204502,79.59,1634,0.006331412809024897,-3.0,0.99,3.7462554373632125e-05,0.0003173615400416375,0.0003,-38.549171447753906,0.3467463254928589,-2.7754247188568115,0.48026302456855774,-0.7334214448928833,-3.0,37.081451416015625,57.8461799621582,6.108916282653809,0.8192596435546875,35.63138771057129,1.0,-38.549171447753906,0.3467463254928589,-2.7754247188568115,0.48026302456855774,-0.7334214448928833,-3.0,37.081451416015625,57.8461799621582,6.108916282653809,1634.0,1634.0,0.0,0.006331412809024897,0.006331412809024897,0.0,3.7462554373632125e-05,3.7462554373632125e-05,0.0,0.0003173615400416375,0.0003173615400416375,0.0,0.0003,0.0003,0.0,-3.0,-3.0,0.0,0.0,0.2442857142857143,25.257142857142856,57.171428571428564,5364.581,32,Hopper-v5,6198,Trial_3
178.7881019115448,34,139264,166.82459405111638,193.42308623448366,38.22837501204502,80.07,1634,0.006331412809024897,-3.0,0.99,3.7462554373632125e-05,0.0003173615400416375,0.0003,-40.17501449584961,0.43404266238212585,-2.6339449882507324,0.4700953960418701,-0.7548196315765381,-3.0,38.47746276855469,63.59513854980469,6.970030784606934,0.8454194068908691,37.758835792541504,1.0,-40.17501449584961,0.43404266238212585,-2.6339449882507324,0.4700953960418701,-0.7548196315765381,-3.0,38.47746276855469,63.59513854980469,6.970030784606934,1634.0,1634.0,0.0,0.006331412809024897,0.006331412809024897,0.0,3.7462554373632125e-05,3.7462554373632125e-05,0.0,0.0003173615400416375,0.0003173615400416375,0.0,0.0003,0.0003,0.0,-3.0,-3.0,0.0,0.0,0.25,32.7875,49.9375,5450.72,33,Hopper-v5,6198,Trial_3
184.07226014137268,35,143360,171.50371952422427,192.17372108207144,43.413638431336544,82.22,1634,0.006331412809024897,-3.0,0.99,3.7462554373632125e-05,0.0003173615400416375,0.0003,-41.152374267578125,0.4145786762237549,-2.8675789833068848,0.46020275354385376,-0.7760881185531616,-3.0,39.420780181884766,63.94084167480469,1.828751564025879,0.9633445739746094,39.97234344482422,1.0,-41.152374267578125,0.4145786762237549,-2.8675789833068848,0.46020275354385376,-0.7760881185531616,-3.0,39.420780181884766,63.94084167480469,1.828751564025879,1634.0,1634.0,0.0,0.006331412809024897,0.006331412809024897,0.0,3.7462554373632125e-05,3.7462554373632125e-05,0.0,0.0003173615400416375,0.0003173615400416375,0.0,0.0003,0.0003,0.0,-3.0,-3.0,0.0,0.0,0.32428571428571423,28.442857142857143,54.31428571428571,5448.884,34,Hopper-v5,6198,Trial_3
189.47535347938538,36,147456,174.22363195835763,193.74066896031258,43.413638431336544,83.33,1634,0.006331412809024897,-3.0,0.99,3.7462554373632125e-05,0.0003173615400416375,0.0003,-42.578861236572266,0.38300085067749023,-2.8733696937561035,0.4504992663860321,-0.7973988652229309,-3.0,40.87401580810547,60.92716598510742,6.360095500946045,0.857879638671875,43.52560234069824,1.0,-42.578861236572266,0.38300085067749023,-2.8733696937561035,0.4504992663860321,-0.7973988652229309,-3.0,40.87401580810547,60.92716598510742,6.360095500946045,1634.0,1634.0,0.0,0.006331412809024897,0.006331412809024897,0.0,3.7462554373632125e-05,3.7462554373632125e-05,0.0,0.0003173615400416375,0.0003173615400416375,0.0,0.0003,0.0003,0.0,-3.0,-3.0,0.0,0.0,0.33499999999999996,28.1625,54.5125,5436.271,35,Hopper-v5,6198,Trial_3
194.86014819145203,37,151552,178.84446740855597,193.74066896031258,165.85124836595574,84.91,1634,0.006331412809024897,-3.0,0.99,3.7462554373632125e-05,0.0003173615400416375,0.0003,-42.79039764404297,0.3964734971523285,-2.824782371520996,0.440986692905426,-0.8187405467033386,-3.0,40.93989944458008,63.916473388671875,5.589209079742432,0.8506698608398438,38.788991928100586,1.0,-42.79039764404297,0.3964734971523285,-2.824782371520996,0.440986692905426,-0.8187405467033386,-3.0,40.93989944458008,63.916473388671875,5.589209079742432,1634.0,1634.0,0.0,0.006331412809024897,0.006331412809024897,0.0,3.7462554373632125e-05,3.7462554373632125e-05,0.0,0.0003173615400416375,0.0003173615400416375,0.0,0.0003,0.0003,0.0,-3.0,-3.0,0.0,0.0,0.2842857142857143,29.11428571428571,54.42857142857143,5427.29,36,Hopper-v5,6198,Trial_3
200.8548378944397,38,155648,178.74944704251993,196.49629177987055,165.85124836595574,84.52,1634,0.006331412809024897,-3.0,0.99,3.7462554373632125e-05,0.0003173615400416375,0.0003,-44.91876983642578,0.5875306129455566,-3.050826072692871,0.431627482175827,-0.8401923775672913,-3.0,43.25739669799805,65.66997528076172,3.6171483993530273,1.0036506652832031,49.59785461425781,1.0,-44.91876983642578,0.5875306129455566,-3.050826072692871,0.431627482175827,-0.8401923775672913,-3.0,43.25739669799805,65.66997528076172,3.6171483993530273,1634.0,1634.0,0.0,0.006331412809024897,0.006331412809024897,0.0,3.7462554373632125e-05,3.7462554373632125e-05,0.0,0.0003173615400416375,0.0003173615400416375,0.0,0.0003,0.0003,0.0,-3.0,-3.0,0.0,0.0,0.305,28.1625,54.6,5502.677,37,Hopper-v5,6198,Trial_3
206.28708672523499,39,159744,178.4014016698285,196.49629177987055,133.3583953959235,84.23,1634,0.006331412809024897,-3.0,0.99,3.7462554373632125e-05,0.0003173615400416375,0.0003,-45.20980453491211,0.5094801187515259,-2.8375043869018555,0.4224410653114319,-0.8617053627967834,-3.0,43.30659866333008,69.26229858398438,5.612647533416748,0.9398622512817383,48.07289409637451,1.0,-45.20980453491211,0.5094801187515259,-2.8375043869018555,0.4224410653114319,-0.8617053627967834,-3.0,43.30659866333008,69.26229858398438,5.612647533416748,1634.0,1634.0,0.0,0.006331412809024897,0.006331412809024897,0.0,3.7462554373632125e-05,3.7462554373632125e-05,0.0,0.0003173615400416375,0.0003173615400416375,0.0,0.0003,0.0003,0.0,-3.0,-3.0,0.0,0.0,0.2771428571428572,28.185714285714283,54.95714285714286,5474.325,38,Hopper-v5,6198,Trial_3
211.61291003227234,40,163840,178.92079366869893,202.39166347544372,133.3583953959235,84.65,1634,0.006331412809024897,-3.0,0.99,3.7462554373632125e-05,0.0003173615400416375,0.0003,-46.6439208984375,0.43133190274238586,-2.9233055114746094,0.4134824275970459,-0.8831402659416199,-3.0,44.508689880371094,68.28598022460938,5.183727741241455,1.0467634201049805,45.528621673583984,1.0,-46.6439208984375,0.43133190274238586,-2.9233055114746094,0.4134824275970459,-0.8831402659416199,-3.0,44.508689880371094,68.28598022460938,5.183727741241455,1634.0,1634.0,0.0,0.006331412809024897,0.006331412809024897,0.0,3.7462554373632125e-05,3.7462554373632125e-05,0.0,0.0003173615400416375,0.0003173615400416375,0.0,0.0003,0.0003,0.0,-3.0,-3.0,0.0,0.0,0.29000000000000004,28.8125,55.2,5482.631,39,Hopper-v5,6198,Trial_3
217.05158257484436,41,167936,180.01802489617842,202.39166347544372,153.01545445574408,84.9,1634,0.006331412809024897,-3.0,0.99,3.7462554373632125e-05,0.0003173615400416375,0.0003,-49.3320198059082,0.5039647817611694,-3.2850656509399414,0.40467512607574463,-0.9046707153320312,-3.0,47.682716369628906,76.10808563232422,0.8795701265335083,0.8885326385498047,55.60148811340332,1.0,-49.3320198059082,0.5039647817611694,-3.2850656509399414,0.40467512607574463,-0.9046707153320312,-3.0,47.682716369628906,76.10808563232422,0.8795701265335083,1634.0,1634.0,0.0,0.006331412809024897,0.006331412809024897,0.0,3.7462554373632125e-05,3.7462554373632125e-05,0.0,0.0003173615400416375,0.0003173615400416375,0.0,0.0003,0.0003,0.0,-3.0,-3.0,0.0,0.0,0.24,28.414285714285715,55.34285714285714,5498.106,40,Hopper-v5,6198,Trial_3
222.6429533958435,42,172032,179.8868290004633,193.26980442744713,169.78842444799002,84.43,1634,0.006331412809024897,-3.0,0.99,3.7462554373632125e-05,0.0003173615400416375,0.0003,-49.530147552490234,0.5464370846748352,-3.185269594192505,0.3959747850894928,-0.9264047741889954,-3.0,48.120758056640625,72.32115936279297,0.07490936666727066,0.9286584854125977,50.8478479385376,1.0,-49.530147552490234,0.5464370846748352,-3.185269594192505,0.3959747850894928,-0.9264047741889954,-3.0,48.120758056640625,72.32115936279297,0.07490936666727066,1634.0,1634.0,0.0,0.006331412809024897,0.006331412809024897,0.0,3.7462554373632125e-05,3.7462554373632125e-05,0.0,0.0003173615400416375,0.0003173615400416375,0.0,0.0003,0.0003,0.0,-3.0,-3.0,0.0,0.0,0.23,28.0375,55.675,5526.145,41,Hopper-v5,6198,Trial_3
228.0894365310669,43,176128,179.73342091032555,197.7914143507088,168.35704175426307,84.23,1634,0.006331412809024897,-3.0,0.99,3.7462554373632125e-05,0.0003173615400416375,0.0003,-50.078651428222656,0.4650556445121765,-3.1875758171081543,0.3874792754650116,-0.9480928778648376,-3.0,48.27181625366211,76.57429504394531,-0.14651909470558167,0.9490747451782227,48.44497871398926,1.0,-50.078651428222656,0.4650556445121765,-3.1875758171081543,0.3874792754650116,-0.9480928778648376,-3.0,48.27181625366211,76.57429504394531,-0.14651909470558167,1634.0,1634.0,0.0,0.006331412809024897,0.006331412809024897,0.0,3.7462554373632125e-05,3.7462554373632125e-05,0.0,0.0003173615400416375,0.0003173615400416375,0.0,0.0003,0.0003,0.0,-3.0,-3.0,0.0,0.0,0.26142857142857145,29.585714285714285,55.68571428571429,5524.347,42,Hopper-v5,6198,Trial_3
233.46272110939026,44,180224,179.84964447959024,197.7914143507088,168.34515701942007,84.38,1634,0.006331412809024897,-3.0,0.99,3.7462554373632125e-05,0.0003173615400416375,0.0003,-52.48482894897461,0.486541211605072,-3.1541261672973633,0.37914416193962097,-0.9698387384414673,-3.0,50.71261978149414,73.89871978759766,6.243995666503906,0.9644889831542969,54.25476932525635,1.0,-52.48482894897461,0.486541211605072,-3.1541261672973633,0.37914416193962097,-0.9698387384414673,-3.0,50.71261978149414,73.89871978759766,6.243995666503906,1634.0,1634.0,0.0,0.006331412809024897,0.006331412809024897,0.0,3.7462554373632125e-05,3.7462554373632125e-05,0.0,0.0003173615400416375,0.0003173615400416375,0.0,0.0003,0.0003,0.0,-3.0,-3.0,0.0,0.0,0.3257142857142857,28.471428571428568,56.10000000000001,5454.838,43,Hopper-v5,6198,Trial_3
238.7861843109131,45,184320,179.12150608557877,192.56350794858278,168.34515701942007,84.34,1634,0.006331412809024897,-3.0,0.99,3.7462554373632125e-05,0.0003173615400416375,0.0003,-52.595584869384766,0.542805552482605,-3.313802480697632,0.37099042534828186,-0.991578996181488,-3.0,50.80467987060547,77.54682159423828,2.3434176445007324,1.1390857696533203,57.74348068237305,1.0,-52.595584869384766,0.542805552482605,-3.313802480697632,0.37099042534828186,-0.991578996181488,-3.0,50.80467987060547,77.54682159423828,2.3434176445007324,1634.0,1634.0,0.0,0.006331412809024897,0.006331412809024897,0.0,3.7462554373632125e-05,3.7462554373632125e-05,0.0,0.0003173615400416375,0.0003173615400416375,0.0,0.0003,0.0003,0.0,-3.0,-3.0,0.0,0.0,0.27499999999999997,28.474999999999998,56.33749999999999,5458.594,44,Hopper-v5,6198,Trial_3
244.29354882240295,46,188416,178.87956867994723,192.56350794858278,170.2503104925799,84.27,1634,0.006331412809024897,-3.0,0.99,3.7462554373632125e-05,0.0003173615400416375,0.0003,-52.83601379394531,0.599593460559845,-3.5066447257995605,0.3629213869571686,-1.0135691165924072,-3.0,51.05061340332031,78.39176177978516,0.6142021417617798,1.1697216033935547,56.75608253479004,1.0,-52.83601379394531,0.599593460559845,-3.5066447257995605,0.3629213869571686,-1.0135691165924072,-3.0,51.05061340332031,78.39176177978516,0.6142021417617798,1634.0,1634.0,0.0,0.006331412809024897,0.006331412809024897,0.0,3.7462554373632125e-05,3.7462554373632125e-05,0.0,0.0003173615400416375,0.0003173615400416375,0.0,0.0003,0.0003,0.0,-3.0,-3.0,0.0,0.0,0.24857142857142858,28.342857142857138,56.5,5469.103,45,Hopper-v5,6198,Trial_3
249.93387246131897,47,192512,178.75539635912017,191.54971527829431,170.2503104925799,84.3,1634,0.006331412809024897,-3.0,0.99,3.7462554373632125e-05,0.0003173615400416375,0.0003,-54.34642028808594,0.5169675350189209,-3.4469316005706787,0.355106920003891,-1.0353363752365112,-3.0,52.61655044555664,80.4292984008789,0.34284019470214844,1.0193233489990234,60.13742733001709,1.0,-54.34642028808594,0.5169675350189209,-3.4469316005706787,0.355106920003891,-1.0353363752365112,-3.0,52.61655044555664,80.4292984008789,0.34284019470214844,1634.0,1634.0,0.0,0.006331412809024897,0.006331412809024897,0.0,3.7462554373632125e-05,3.7462554373632125e-05,0.0,0.0003173615400416375,0.0003173615400416375,0.0,0.0003,0.0003,0.0,-3.0,-3.0,0.0,0.0,0.2925,27.7625,56.712500000000006,5494.733,46,Hopper-v5,6198,Trial_3
255.39910507202148,48,196608,179.34473345912977,193.77668580492374,171.00863111956613,84.3,1634,0.006331412809024897,-3.0,0.99,3.7462554373632125e-05,0.0003173615400416375,0.0003,-57.01151657104492,0.5181639194488525,-3.5488381385803223,0.34734904766082764,-1.0574250221252441,-3.0,55.175804138183594,81.40962219238281,12.314555168151855,0.995915412902832,58.838510513305664,1.0,-57.01151657104492,0.5181639194488525,-3.5488381385803223,0.34734904766082764,-1.0574250221252441,-3.0,55.175804138183594,81.40962219238281,12.314555168151855,1634.0,1634.0,0.0,0.006331412809024897,0.006331412809024897,0.0,3.7462554373632125e-05,3.7462554373632125e-05,0.0,0.0003173615400416375,0.0003173615400416375,0.0,0.0003,0.0003,0.0,-3.0,-3.0,0.0,0.0,0.31,28.557142857142857,56.91428571428571,5441.824,47,Hopper-v5,6198,Trial_3
260.59708976745605,49,200704,179.47754893922732,193.77668580492374,172.20101021632777,84.16,1634,0.006331412809024897,-3.0,0.99,3.7462554373632125e-05,0.0003173615400416375,0.0003,-56.97887420654297,0.5228333473205566,-3.633533239364624,0.33971187472343445,-1.0796574354171753,-3.0,55.44221878051758,87.59173583984375,4.4573283195495605,1.0814619064331055,59.389028549194336,1.0,-56.97887420654297,0.5228333473205566,-3.633533239364624,0.33971187472343445,-1.0796574354171753,-3.0,55.44221878051758,87.59173583984375,4.4573283195495605,1634.0,1634.0,0.0,0.006331412809024897,0.006331412809024897,0.0,3.7462554373632125e-05,3.7462554373632125e-05,0.0,0.0003173615400416375,0.0003173615400416375,0.0,0.0003,0.0003,0.0,-3.0,-3.0,0.0,0.0,0.3225,28.9125,57.2125,5418.764,48,Hopper-v5,6198,Trial_3
265.99160504341125,50,204800,179.1283858358972,191.1214067469149,167.59088145341244,84.05,1634,0.006331412809024897,-3.0,0.99,3.7462554373632125e-05,0.0003173615400416375,0.0003,-57.529876708984375,0.545450747013092,-3.4246630668640137,0.33226722478866577,-1.1018157005310059,-3.0,56.06842803955078,82.38648986816406,1.6002347469329834,0.9368476867675781,58.26009273529053,1.0,-57.529876708984375,0.545450747013092,-3.4246630668640137,0.33226722478866577,-1.1018157005310059,-3.0,56.06842803955078,82.38648986816406,1.6002347469329834,1634.0,1634.0,0.0,0.006331412809024897,0.006331412809024897,0.0,3.7462554373632125e-05,3.7462554373632125e-05,0.0,0.0003173615400416375,0.0003173615400416375,0.0,0.0003,0.0003,0.0,-3.0,-3.0,0.0,0.0,0.35000000000000003,28.357142857142858,57.442857142857136,5425.537,49,Hopper-v5,6198,Trial_3
271.6185824871063,51,208896,179.06730219695635,192.8349553229891,167.59088145341244,83.97,1634,0.006331412809024897,-3.0,0.99,3.7462554373632125e-05,0.0003173615400416375,0.0003,-59.86018371582031,0.6271536946296692,-3.9229443073272705,0.32491937279701233,-1.124178171157837,-3.0,58.73004913330078,85.99308776855469,3.7889139652252197,1.0155582427978516,63.7485408782959,1.0,-59.86018371582031,0.6271536946296692,-3.9229443073272705,0.32491937279701233,-1.124178171157837,-3.0,58.73004913330078,85.99308776855469,3.7889139652252197,1634.0,1634.0,0.0,0.006331412809024897,0.006331412809024897,0.0,3.7462554373632125e-05,3.7462554373632125e-05,0.0,0.0003173615400416375,0.0003173615400416375,0.0,0.0003,0.0003,0.0,-3.0,-3.0,0.0,0.0,0.30875,27.95,57.625,5444.224,50,Hopper-v5,6198,Trial_3
276.92636132240295,52,212992,178.95051335855484,192.8349553229891,168.80307251908548,84.02,1634,0.006331412809024897,-3.0,0.99,3.7462554373632125e-05,0.0003173615400416375,0.0003,-58.990821838378906,0.6141274571418762,-3.7354841232299805,0.3178200125694275,-1.1462700366973877,-3.0,56.959171295166016,85.11568450927734,1.4951764345169067,1.135873794555664,59.80535697937012,1.0,-58.990821838378906,0.6141274571418762,-3.7354841232299805,0.3178200125694275,-1.1462700366973877,-3.0,56.959171295166016,85.11568450927734,1.4951764345169067,1634.0,1634.0,0.0,0.006331412809024897,0.006331412809024897,0.0,3.7462554373632125e-05,3.7462554373632125e-05,0.0,0.0003173615400416375,0.0003173615400416375,0.0,0.0003,0.0003,0.0,-3.0,-3.0,0.0,0.0,0.2957142857142857,28.614285714285717,57.85714285714285,5415.858,51,Hopper-v5,6198,Trial_3
282.7354094982147,53,217088,179.34206406126717,194.851678502202,168.80307251908548,84.18,1634,0.006331412809024897,-3.0,0.99,3.7462554373632125e-05,0.0003173615400416375,0.0003,-60.20567321777344,0.5571975708007812,-3.6558377742767334,0.3107677698135376,-1.1687092781066895,-3.0,58.44844436645508,89.34446716308594,-0.5229460597038269,1.0625495910644531,60.56833267211914,1.0,-60.20567321777344,0.5571975708007812,-3.6558377742767334,0.3107677698135376,-1.1687092781066895,-3.0,58.44844436645508,89.34446716308594,-0.5229460597038269,1634.0,1634.0,0.0,0.006331412809024897,0.006331412809024897,0.0,3.7462554373632125e-05,3.7462554373632125e-05,0.0,0.0003173615400416375,0.0003173615400416375,0.0,0.0003,0.0003,0.0,-3.0,-3.0,0.0,0.0,0.24749999999999997,27.6625,58.1625,5451.884,52,Hopper-v5,6198,Trial_3
288.05683064460754,54,221184,179.88160549710065,195.9962015788078,170.59283254884176,84.4,1634,0.006331412809024897,-3.0,0.99,3.7462554373632125e-05,0.0003173615400416375,0.0003,-61.17682647705078,0.5347363352775574,-3.947078227996826,0.30390557646751404,-1.1910382509231567,-3.0,59.433597564697266,98.17638397216797,0.09217771142721176,1.0314769744873047,62.620009422302246,1.0,-61.17682647705078,0.5347363352775574,-3.947078227996826,0.30390557646751404,-1.1910382509231567,-3.0,59.433597564697266,98.17638397216797,0.09217771142721176,1634.0,1634.0,0.0,0.006331412809024897,0.006331412809024897,0.0,3.7462554373632125e-05,3.7462554373632125e-05,0.0,0.0003173615400416375,0.0003173615400416375,0.0,0.0003,0.0003,0.0,-3.0,-3.0,0.0,0.0,0.3057142857142857,28.599999999999998,58.328571428571436,5446.889,53,Hopper-v5,6198,Trial_3
293.370817899704,55,225280,179.65418906481028,196.6693727983193,171.40858571526306,84.26,1634,0.006331412809024897,-3.0,0.99,3.7462554373632125e-05,0.0003173615400416375,0.0003,-63.43328857421875,0.6216913461685181,-3.9166383743286133,0.2971114218235016,-1.2136480808258057,-3.0,62.049678802490234,100.16297912597656,3.0362894535064697,1.0400876998901367,64.39374542236328,1.0,-63.43328857421875,0.6216913461685181,-3.9166383743286133,0.2971114218235016,-1.2136480808258057,-3.0,62.049678802490234,100.16297912597656,3.0362894535064697,1634.0,1634.0,0.0,0.006331412809024897,0.006331412809024897,0.0,3.7462554373632125e-05,3.7462554373632125e-05,0.0,0.0003173615400416375,0.0003173615400416375,0.0,0.0003,0.0003,0.0,-3.0,-3.0,0.0,0.0,0.36,28.45714285714286,58.58571428571429,5445.903,54,Hopper-v5,6198,Trial_3
298.65275049209595,56,229376,179.12310557405107,196.6693727983193,169.75686893994657,83.96,1634,0.006331412809024897,-3.0,0.99,3.7462554373632125e-05,0.0003173615400416375,0.0003,-63.128211975097656,0.580288827419281,-4.0734992027282715,0.29055243730545044,-1.235971212387085,-3.0,61.268218994140625,91.48518371582031,-0.42944860458374023,1.0761890411376953,65.4052734375,1.0,-63.128211975097656,0.580288827419281,-4.0734992027282715,0.29055243730545044,-1.235971212387085,-3.0,61.268218994140625,91.48518371582031,-0.42944860458374023,1634.0,1634.0,0.0,0.006331412809024897,0.006331412809024897,0.0,3.7462554373632125e-05,3.7462554373632125e-05,0.0,0.0003173615400416375,0.0003173615400416375,0.0,0.0003,0.0003,0.0,-3.0,-3.0,0.0,0.0,0.3485714285714286,28.3,58.75714285714285,5423.035,55,Hopper-v5,6198,Trial_3
303.8612985610962,57,233472,178.6272260512712,196.35909549924335,168.56040198254487,84.04,1634,0.006331412809024897,-3.0,0.99,3.7462554373632125e-05,0.0003173615400416375,0.0003,-65.93232727050781,0.5886807441711426,-4.030677318572998,0.2840219736099243,-1.2587037086486816,-3.0,63.85503387451172,103.71540069580078,0.12985897064208984,1.2087507247924805,62.564273834228516,1.0,-65.93232727050781,0.5886807441711426,-4.030677318572998,0.2840219736099243,-1.2587037086486816,-3.0,63.85503387451172,103.71540069580078,0.12985897064208984,1634.0,1634.0,0.0,0.006331412809024897,0.006331412809024897,0.0,3.7462554373632125e-05,3.7462554373632125e-05,0.0,0.0003173615400416375,0.0003173615400416375,0.0,0.0003,0.0003,0.0,-3.0,-3.0,0.0,0.0,0.3014285714285715,28.385714285714283,59.142857142857146,5379.956,56,Hopper-v5,6198,Trial_3
309.1493947505951,58,237568,178.46008749036181,193.45709019629885,168.56040198254487,84.08,1634,0.006331412809024897,-3.0,0.99,3.7462554373632125e-05,0.0003173615400416375,0.0003,-65.48945617675781,0.5135164856910706,-3.874551773071289,0.27761217951774597,-1.2815301418304443,-3.0,63.582252502441406,105.6119155883789,0.7570972442626953,1.0295305252075195,64.74575424194336,1.0,-65.48945617675781,0.5135164856910706,-3.874551773071289,0.27761217951774597,-1.2815301418304443,-3.0,63.582252502441406,105.6119155883789,0.7570972442626953,1634.0,1634.0,0.0,0.006331412809024897,0.006331412809024897,0.0,3.7462554373632125e-05,3.7462554373632125e-05,0.0,0.0003173615400416375,0.0003173615400416375,0.0,0.0003,0.0003,0.0,-3.0,-3.0,0.0,0.0,0.27375,28.625,59.412499999999994,5362.738,57,Hopper-v5,6198,Trial_3
315.0495238304138,59,241664,180.112627106742,194.952510913036,171.50421405622703,84.26,1634,0.006331412809024897,-3.0,0.99,3.7462554373632125e-05,0.0003173615400416375,0.0003,-65.67389678955078,0.7278597950935364,-3.7631208896636963,0.27136358618736267,-1.3042957782745361,-3.0,63.62001419067383,96.23001861572266,1.824533462524414,1.1136093139648438,70.77162170410156,1.0,-65.67389678955078,0.7278597950935364,-3.7631208896636963,0.27136358618736267,-1.3042957782745361,-3.0,63.62001419067383,96.23001861572266,1.824533462524414,1634.0,1634.0,0.0,0.006331412809024897,0.006331412809024897,0.0,3.7462554373632125e-05,3.7462554373632125e-05,0.0,0.0003173615400416375,0.0003173615400416375,0.0,0.0003,0.0003,0.0,-3.0,-3.0,0.0,0.0,0.28285714285714286,27.885714285714283,59.67142857142857,5432.861,58,Hopper-v5,6198,Trial_3
320.4189763069153,60,245760,179.917013037799,197.69119079094318,168.90976270097738,84.2,1634,0.006331412809024897,-3.0,0.99,3.7462554373632125e-05,0.0003173615400416375,0.0003,-67.52458190917969,0.5094320178031921,-4.374318599700928,0.2652721703052521,-1.3269989490509033,-3.0,65.67066192626953,96.84730529785156,0.5302000641822815,1.1430644989013672,61.09090042114258,1.0,-67.52458190917969,0.5094320178031921,-4.374318599700928,0.2652721703052521,-1.3269989490509033,-3.0,65.67066192626953,96.84730529785156,0.5302000641822815,1634.0,1634.0,0.0,0.006331412809024897,0.006331412809024897,0.0,3.7462554373632125e-05,3.7462554373632125e-05,0.0,0.0003173615400416375,0.0003173615400416375,0.0,0.0003,0.0003,0.0,-3.0,-3.0,0.0,0.0,0.29,28.4125,59.9375,5430.183,59,Hopper-v5,6198,Trial_3
325.75579953193665,61,249856,179.59094015154866,197.69119079094318,166.20469214499445,84.31,1634,0.006331412809024897,-3.0,0.99,3.7462554373632125e-05,0.0003173615400416375,0.0003,-68.2550048828125,0.7051703929901123,-4.122392177581787,0.25928473472595215,-1.3498284816741943,-3.0,66.95507049560547,100.44463348388672,11.54896068572998,1.184591293334961,68.24486541748047,1.0,-68.2550048828125,0.7051703929901123,-4.122392177581787,0.25928473472595215,-1.3498284816741943,-3.0,66.95507049560547,100.44463348388672,11.54896068572998,1634.0,1634.0,0.0,0.006331412809024897,0.006331412809024897,0.0,3.7462554373632125e-05,3.7462554373632125e-05,0.0,0.0003173615400416375,0.0003173615400416375,0.0,0.0003,0.0003,0.0,-3.0,-3.0,0.0,0.0,0.2257142857142857,28.357142857142858,60.22857142857142,5401.447,60,Hopper-v5,6198,Trial_3
331.1256709098816,62,253952,179.73847419531702,195.23561684274563,166.20469214499445,84.19,1634,0.006331412809024897,-3.0,0.99,3.7462554373632125e-05,0.0003173615400416375,0.0003,-68.55311584472656,0.5784732103347778,-4.3807525634765625,0.2533905804157257,-1.3728231191635132,-3.0,67.09571838378906,99.55308532714844,11.388382911682129,1.2020940780639648,66.84959411621094,1.0,-68.55311584472656,0.5784732103347778,-4.3807525634765625,0.2533905804157257,-1.3728231191635132,-3.0,67.09571838378906,99.55308532714844,11.388382911682129,1634.0,1634.0,0.0,0.006331412809024897,0.006331412809024897,0.0,3.7462554373632125e-05,3.7462554373632125e-05,0.0,0.0003173615400416375,0.0003173615400416375,0.0,0.0003,0.0003,0.0,-3.0,-3.0,0.0,0.0,0.2642857142857143,27.84285714285715,60.39999999999999,5407.58,61,Hopper-v5,6198,Trial_3
3.8554205894470215,1,4096,15.573136403219168,188.90560424199822,4.333667727414051,20.07027027027027,1578,0.0054885369646714794,-3.0,0.99,0.00021578417550694774,0.00037152111728689724,0.0003,-4.262512683868408,0.10919321328401566,-0.08216480910778046,0.9836249947547913,-0.016510533168911934,-3.0,2.31534481048584,7.35902738571167,0.9166384339332581,0.8514350056648254,2.5445687770843506,1.0,-4.262512683868408,0.10919321328401566,-0.08216480910778046,0.9836249947547913,-0.016510533168911934,-3.0,2.31534481048584,7.35902738571167,0.9166384339332581,1578.0,1578.0,0.0,0.0054885369646714794,0.0054885369646714794,0.0,0.00021578417550694774,0.00021578417550694774,0.0,0.00037152111728689724,0.00037152111728689724,0.0,0.0003,0.0003,0.0,-3.0,-3.0,0.0,0.0,0.18333333333333335,24.5,46.916666666666664,3843.476,0,Hopper-v5,6198,Trial_4
8.891371250152588,2,8192,17.864100468373692,162.94446323609526,3.1443972299903837,22.633333333333333,1578,0.0054885369646714794,-3.0,0.99,0.00021578417550694774,0.00037152111728689724,0.0003,-4.814563274383545,0.09361934661865234,-0.20361289381980896,0.9602854251861572,-0.04052475839853287,-3.0,2.910923719406128,7.70819616317749,1.3087494373321533,0.5620036125183105,3.144653797149658,1.0,-4.814563274383545,0.09361934661865234,-0.20361289381980896,0.9602854251861572,-0.04052475839853287,-3.0,2.910923719406128,7.70819616317749,1.3087494373321533,1578.0,1578.0,0.0,0.0054885369646714794,0.0054885369646714794,0.0,0.00021578417550694774,0.00021578417550694774,0.0,0.00037152111728689724,0.00037152111728689724,0.0,0.0003,0.0003,0.0,-3.0,-3.0,0.0,0.0,0.1842857142857143,27.685714285714283,48.55714285714286,4433.948,1,Hopper-v5,6198,Trial_4
13.89152455329895,3,12288,19.219207082105118,137.01013068422793,3.3408917805942355,23.430232558139537,1578,0.0054885369646714794,-3.0,0.99,0.00021578417550694774,0.00037152111728689724,0.0003,-5.264235019683838,0.09653384983539581,-0.32455453276634216,0.937510073184967,-0.06452781707048416,-3.0,3.4040284156799316,8.453030586242676,1.4601582288742065,0.6730298399925232,3.7809547781944275,1.0,-5.264235019683838,0.09653384983539581,-0.32455453276634216,0.937510073184967,-0.06452781707048416,-3.0,3.4040284156799316,8.453030586242676,1.4601582288742065,1578.0,1578.0,0.0,0.0054885369646714794,0.0054885369646714794,0.0,0.00021578417550694774,0.00021578417550694774,0.0,0.00037152111728689724,0.00037152111728689724,0.0,0.0003,0.0003,0.0,-3.0,-3.0,0.0,0.0,0.2366666666666667,28.78333333333333,49.06666666666666,4618.402,2,Hopper-v5,6198,Trial_4
18.971402645111084,4,16384,21.154472199943466,218.5393794131567,3.2122084988518482,24.39156626506024,1578,0.0054885369646714794,-3.0,0.99,0.00021578417550694774,0.00037152111728689724,0.0003,-5.906584739685059,0.09525832533836365,-0.44860583543777466,0.9153050780296326,-0.0884978324174881,-3.0,4.098413467407227,10.587272644042969,1.5938565731048584,0.5967959761619568,4.042311370372772,1.0,-5.906584739685059,0.09525832533836365,-0.44860583543777466,0.9153050780296326,-0.0884978324174881,-3.0,4.098413467407227,10.587272644042969,1.5938565731048584,1578.0,1578.0,0.0,0.0054885369646714794,0.0054885369646714794,0.0,0.00021578417550694774,0.00021578417550694774,0.0,0.00037152111728689724,0.00037152111728689724,0.0,0.0003,0.0003,0.0,-3.0,-3.0,0.0,0.0,0.18625,25.175,48.712500000000006,4730.37,3,Hopper-v5,6198,Trial_4
24.081891775131226,5,20480,23.397844833686932,214.10508958277936,4.730493319608855,25.38216560509554,1578,0.0054885369646714794,-3.0,0.99,0.00021578417550694774,0.00037152111728689724,0.0003,-6.547018051147461,0.0868171900510788,-0.5622351765632629,0.8936378359794617,-0.11245467513799667,-3.0,4.742352485656738,11.677620887756348,1.5204720497131348,0.5163701772689819,4.048226952552795,1.0,-6.547018051147461,0.0868171900510788,-0.5622351765632629,0.8936378359794617,-0.11245467513799667,-3.0,4.742352485656738,11.677620887756348,1.5204720497131348,1578.0,1578.0,0.0,0.0054885369646714794,0.0054885369646714794,0.0,0.00021578417550694774,0.00021578417550694774,0.0,0.00037152111728689724,0.00037152111728689724,0.0,0.0003,0.0003,0.0,-3.0,-3.0,0.0,0.0,0.2557142857142857,28.342857142857145,48.642857142857146,4804.029,4,Hopper-v5,6198,Trial_4
29.167591333389282,6,24576,25.243282506847756,208.50512798755338,4.402972447489296,26.38216560509554,1578,0.0054885369646714794,-3.0,0.99,0.00021578417550694774,0.00037152111728689724,0.0003,-7.206687927246094,0.09477853029966354,-0.6792073845863342,0.8725695013999939,-0.13631300628185272,-3.0,5.4597978591918945,13.903450965881348,1.2801125049591064,0.5223400592803955,4.8392192125320435,1.0,-7.206687927246094,0.09477853029966354,-0.6792073845863342,0.8725695013999939,-0.13631300628185272,-3.0,5.4597978591918945,13.903450965881348,1.2801125049591064,1578.0,1578.0,0.0,0.0054885369646714794,0.0054885369646714794,0.0,0.00021578417550694774,0.00021578417550694774,0.0,0.00037152111728689724,0.00037152111728689724,0.0,0.0003,0.0003,0.0,-3.0,-3.0,0.0,0.0,0.24428571428571427,28.085714285714285,48.828571428571436,4848.731,5,Hopper-v5,6198,Trial_4
34.28906202316284,7,28672,25.711002550731546,163.37511700760797,3.4947190808222173,26.596026490066226,1578,0.0054885369646714794,-3.0,0.99,0.00021578417550694774,0.00037152111728689724,0.0003,-7.965267181396484,0.1057216227054596,-0.7960258722305298,0.8520420789718628,-0.16011931002140045,-3.0,6.239768981933594,12.567482948303223,1.7196085453033447,0.5120342969894409,5.6041020154953,1.0,-7.965267181396484,0.1057216227054596,-0.7960258722305298,0.8520420789718628,-0.16011931002140045,-3.0,6.239768981933594,12.567482948303223,1.7196085453033447,1578.0,1578.0,0.0,0.0054885369646714794,0.0054885369646714794,0.0,0.00021578417550694774,0.00021578417550694774,0.0,0.00037152111728689724,0.00037152111728689724,0.0,0.0003,0.0003,0.0,-3.0,-3.0,0.0,0.0,0.26571428571428574,27.17142857142857,49.17142857142857,4885.846,6,Hopper-v5,6198,Trial_4
39.46508598327637,8,32768,31.788780919368595,191.3263475666725,3.9979036967065884,29.53956834532374,1578,0.0054885369646714794,-3.0,0.99,0.00021578417550694774,0.00037152111728689724,0.0003,-8.6724271774292,0.1262812614440918,-0.8993884325027466,0.832089900970459,-0.18381476402282715,-3.0,7.025856018066406,15.69438362121582,1.4340534210205078,0.5830966234207153,5.95132839679718,1.0,-8.6724271774292,0.1262812614440918,-0.8993884325027466,0.832089900970459,-0.18381476402282715,-3.0,7.025856018066406,15.69438362121582,1.4340534210205078,1578.0,1578.0,0.0,0.0054885369646714794,0.0054885369646714794,0.0,0.00021578417550694774,0.00021578417550694774,0.0,0.00037152111728689724,0.00037152111728689724,0.0,0.0003,0.0003,0.0,-3.0,-3.0,0.0,0.0,0.21428571428571427,27.75714285714286,49.300000000000004,4920.152,7,Hopper-v5,6198,Trial_4
44.68068075180054,9,36864,32.345413339073794,180.9322161471175,3.943710567532241,32.064,1578,0.0054885369646714794,-3.0,0.99,0.00021578417550694774,0.00037152111728689724,0.0003,-9.352781295776367,0.115194171667099,-1.0224226713180542,0.8126758337020874,-0.20742300152778625,-3.0,7.704169273376465,17.54098129272461,1.592655062675476,0.5671584606170654,6.1446452140808105,1.0,-9.352781295776367,0.115194171667099,-1.0224226713180542,0.8126758337020874,-0.20742300152778625,-3.0,7.704169273376465,17.54098129272461,1.592655062675476,1578.0,1578.0,0.0,0.0054885369646714794,0.0054885369646714794,0.0,0.00021578417550694774,0.00021578417550694774,0.0,0.00037152111728689724,0.00037152111728689724,0.0,0.0003,0.0003,0.0,-3.0,-3.0,0.0,0.0,0.20285714285714285,27.257142857142856,49.48571428571429,4951.605,8,Hopper-v5,6198,Trial_4
49.86854386329651,10,40960,48.51536469113305,163.64826553412178,4.415175127481547,39.56,1578,0.0054885369646714794,-3.0,0.99,0.00021578417550694774,0.00037152111728689724,0.0003,-9.985929489135742,0.09530801326036453,-1.1243873834609985,0.7938170433044434,-0.23090235888957977,-3.0,8.424257278442383,21.559371948242188,1.1766384840011597,0.543224573135376,4.963555812835693,1.0,-9.985929489135742,0.09530801326036453,-1.1243873834609985,0.7938170433044434,-0.23090235888957977,-3.0,8.424257278442383,21.559371948242188,1.1766384840011597,1578.0,1578.0,0.0,0.0054885369646714794,0.0054885369646714794,0.0,0.00021578417550694774,0.00021578417550694774,0.0,0.00037152111728689724,0.00037152111728689724,0.0,0.0003,0.0003,0.0,-3.0,-3.0,0.0,0.0,0.2671428571428572,27.185714285714283,49.7,4973.969,9,Hopper-v5,6198,Trial_4
55.06181192398071,11,45056,62.78663999071534,236.20150336989343,5.214917447986232,46.49,1578,0.0054885369646714794,-3.0,0.99,0.00021578417550694774,0.00037152111728689724,0.0003,-11.163911819458008,0.09766384959220886,-1.1969350576400757,0.7755110859870911,-0.2542330324649811,-3.0,9.607215881347656,20.499340057373047,1.3949207067489624,0.45650243759155273,5.930875301361084,1.0,-11.163911819458008,0.09766384959220886,-1.1969350576400757,0.7755110859870911,-0.2542330324649811,-3.0,9.607215881347656,20.499340057373047,1.3949207067489624,1578.0,1578.0,0.0,0.0054885369646714794,0.0054885369646714794,0.0,0.00021578417550694774,0.00021578417550694774,0.0,0.00037152111728689724,0.00037152111728689724,0.0,0.0003,0.0003,0.0,-3.0,-3.0,0.0,0.0,0.2642857142857143,27.814285714285713,50.042857142857144,5107.81,10,Hopper-v5,6198,Trial_4
60.29941940307617,12,49152,73.75430710482745,191.57766795839765,5.404512698856728,53.5,1578,0.0054885369646714794,-3.0,0.99,0.00021578417550694774,0.00037152111728689724,0.0003,-12.251976013183594,0.12931790947914124,-1.310410499572754,0.757784903049469,-0.2773556709289551,-3.0,10.715692520141602,24.56595230102539,0.8448665738105774,0.5301675796508789,7.300245523452759,1.0,-12.251976013183594,0.12931790947914124,-1.310410499572754,0.757784903049469,-0.2773556709289551,-3.0,10.715692520141602,24.56595230102539,0.8448665738105774,1578.0,1578.0,0.0,0.0054885369646714794,0.0054885369646714794,0.0,0.00021578417550694774,0.00021578417550694774,0.0,0.00037152111728689724,0.00037152111728689724,0.0,0.0003,0.0003,0.0,-3.0,-3.0,0.0,0.0,0.23714285714285713,27.328571428571426,50.15714285714285,5128.112,11,Hopper-v5,6198,Trial_4
65.41383266448975,13,53248,74.55590396257472,183.5253032412752,4.584487426117937,52.22,1578,0.0054885369646714794,-3.0,0.99,0.00021578417550694774,0.00037152111728689724,0.0003,-13.24653434753418,0.14791223406791687,-1.4105204343795776,0.7405844330787659,-0.30031564831733704,-3.0,11.844171524047852,24.201576232910156,0.7595760822296143,0.4611990451812744,11.833677053451538,1.0,-13.24653434753418,0.14791223406791687,-1.4105204343795776,0.7405844330787659,-0.30031564831733704,-3.0,11.844171524047852,24.201576232910156,0.7595760822296143,1578.0,1578.0,0.0,0.0054885369646714794,0.0054885369646714794,0.0,0.00021578417550694774,0.00021578417550694774,0.0,0.00037152111728689724,0.00037152111728689724,0.0,0.0003,0.0003,0.0,-3.0,-3.0,0.0,0.0,0.18571428571428572,27.814285714285717,50.41428571428572,5139.77,12,Hopper-v5,6198,Trial_4
70.75907230377197,14,57344,87.35901874726076,200.51590720122383,4.584487426117937,58.6,1578,0.0054885369646714794,-3.0,0.99,0.00021578417550694774,0.00037152111728689724,0.0003,-13.809343338012695,0.135516956448555,-1.52597975730896,0.7239207625389099,-0.3230733871459961,-3.0,12.417757034301758,25.39278221130371,2.162851095199585,0.4730668067932129,11.30068850517273,1.0,-13.809343338012695,0.135516956448555,-1.52597975730896,0.7239207625389099,-0.3230733871459961,-3.0,12.417757034301758,25.39278221130371,2.162851095199585,1578.0,1578.0,0.0,0.0054885369646714794,0.0054885369646714794,0.0,0.00021578417550694774,0.00021578417550694774,0.0,0.00037152111728689724,0.00037152111728689724,0.0,0.0003,0.0003,0.0,-3.0,-3.0,0.0,0.0,0.24625,27.8375,50.725,5166.362,13,Hopper-v5,6198,Trial_4
75.95707726478577,15,61440,91.17536477479949,200.51590720122383,8.473242348863794,59.96,1578,0.0054885369646714794,-3.0,0.99,0.00021578417550694774,0.00037152111728689724,0.0003,-14.702568054199219,0.15971192717552185,-1.5648527145385742,0.7077282667160034,-0.34569501876831055,-3.0,13.16018295288086,26.39500617980957,0.22562086582183838,0.4864058494567871,12.6841139793396,1.0,-14.702568054199219,0.15971192717552185,-1.5648527145385742,0.7077282667160034,-0.34569501876831055,-3.0,13.16018295288086,26.39500617980957,0.22562086582183838,1578.0,1578.0,0.0,0.0054885369646714794,0.0054885369646714794,0.0,0.00021578417550694774,0.00021578417550694774,0.0,0.00037152111728689724,0.00037152111728689724,0.0,0.0003,0.0003,0.0,-3.0,-3.0,0.0,0.0,0.2871428571428571,28.985714285714284,50.97142857142857,5175.227,14,Hopper-v5,6198,Trial_4
81.34850192070007,16,65536,88.46264879103715,207.4908997815398,48.279418591822235,54.9,1578,0.0054885369646714794,-3.0,0.99,0.00021578417550694774,0.00037152111728689724,0.0003,-16.044361114501953,0.21352651715278625,-1.6279089450836182,0.6919666528701782,-0.3682175576686859,-3.0,14.677528381347656,30.455263137817383,0.7123605608940125,0.5287795066833496,17.809112548828125,1.0,-16.044361114501953,0.21352651715278625,-1.6279089450836182,0.6919666528701782,-0.3682175576686859,-3.0,14.677528381347656,30.455263137817383,0.7123605608940125,1578.0,1578.0,0.0,0.0054885369646714794,0.0054885369646714794,0.0,0.00021578417550694774,0.00021578417550694774,0.0,0.00037152111728689724,0.00037152111728689724,0.0,0.0003,0.0003,0.0,-3.0,-3.0,0.0,0.0,0.3042857142857143,31.928571428571427,51.41428571428571,5205.965,15,Hopper-v5,6198,Trial_4
86.88103532791138,17,69632,89.32763191311454,187.69478236242318,47.378131347516266,53.5,1578,0.0054885369646714794,-3.0,0.99,0.00021578417550694774,0.00037152111728689724,0.0003,-16.822345733642578,0.16212058067321777,-1.744111180305481,0.676671028137207,-0.39057013392448425,-3.0,15.309795379638672,28.57952308654785,0.10393360257148743,0.4391920566558838,12.385961294174194,1.0,-16.822345733642578,0.16212058067321777,-1.744111180305481,0.676671028137207,-0.39057013392448425,-3.0,15.309795379638672,28.57952308654785,0.10393360257148743,1578.0,1578.0,0.0,0.0054885369646714794,0.0054885369646714794,0.0,0.00021578417550694774,0.00021578417550694774,0.0,0.00037152111728689724,0.00037152111728689724,0.0,0.0003,0.0003,0.0,-3.0,-3.0,0.0,0.0,0.22875,28.0375,51.712500000000006,5247.026,16,Hopper-v5,6198,Trial_4
92.09555912017822,18,73728,85.50193270176618,175.1595747600312,42.404787062648786,50.39,1578,0.0054885369646714794,-3.0,0.99,0.00021578417550694774,0.00037152111728689724,0.0003,-17.61054229736328,0.1373623013496399,-1.7422471046447754,0.661770224571228,-0.41283684968948364,-3.0,16.124542236328125,29.661907196044922,-0.054227933287620544,0.4669513702392578,10.69901156425476,1.0,-17.61054229736328,0.1373623013496399,-1.7422471046447754,0.661770224571228,-0.41283684968948364,-3.0,16.124542236328125,29.661907196044922,-0.054227933287620544,1578.0,1578.0,0.0,0.0054885369646714794,0.0054885369646714794,0.0,0.00021578417550694774,0.00021578417550694774,0.0,0.00037152111728689724,0.00037152111728689724,0.0,0.0003,0.0003,0.0,-3.0,-3.0,0.0,0.0,0.2314285714285714,27.357142857142858,51.62857142857143,5251.334,17,Hopper-v5,6198,Trial_4
97.24025678634644,19,77824,90.53073221770279,221.83592752967232,44.46274782680483,52.42,1578,0.0054885369646714794,-3.0,0.99,0.00021578417550694774,0.00037152111728689724,0.0003,-18.550979614257812,0.16405434906482697,-1.8407785892486572,0.6472502946853638,-0.4350222945213318,-3.0,17.259777069091797,34.14008712768555,-0.08053890615701675,0.5036072731018066,11.88127088546753,1.0,-18.550979614257812,0.16405434906482697,-1.8407785892486572,0.6472502946853638,-0.4350222945213318,-3.0,17.259777069091797,34.14008712768555,-0.08053890615701675,1578.0,1578.0,0.0,0.0054885369646714794,0.0054885369646714794,0.0,0.00021578417550694774,0.00021578417550694774,0.0,0.00037152111728689724,0.00037152111728689724,0.0,0.0003,0.0003,0.0,-3.0,-3.0,0.0,0.0,0.2357142857142857,27.71428571428572,51.84285714285714,5244.048,18,Hopper-v5,6198,Trial_4
102.55163097381592,20,81920,78.47519325131199,175.96992430802,40.977554165888016,45.06,1578,0.0054885369646714794,-3.0,0.99,0.00021578417550694774,0.00037152111728689724,0.0003,-19.969799041748047,0.2119414508342743,-1.9616857767105103,0.6330963373184204,-0.4571326673030853,-3.0,18.705699920654297,33.20903778076172,0.1447824239730835,0.5349369049072266,19.766785144805908,1.0,-19.969799041748047,0.2119414508342743,-1.9616857767105103,0.6330963373184204,-0.4571326673030853,-3.0,18.705699920654297,33.20903778076172,0.1447824239730835,1578.0,1578.0,0.0,0.0054885369646714794,0.0054885369646714794,0.0,0.00021578417550694774,0.00021578417550694774,0.0,0.00037152111728689724,0.00037152111728689724,0.0,0.0003,0.0003,0.0,-3.0,-3.0,0.0,0.0,0.24428571428571427,28.44285714285714,52.15714285714286,5256.481,19,Hopper-v5,6198,Trial_4
107.93267321586609,21,86016,72.50001698578667,166.34135277724806,39.64168486148499,41.59,1578,0.0054885369646714794,-3.0,0.99,0.00021578417550694774,0.00037152111728689724,0.0003,-20.700210571289062,0.25412076711654663,-2.0068933963775635,0.6192782521247864,-0.479200541973114,-3.0,19.246376037597656,32.81634521484375,0.09476297348737717,0.5586135387420654,21.794042587280273,1.0,-20.700210571289062,0.25412076711654663,-2.0068933963775635,0.6192782521247864,-0.479200541973114,-3.0,19.246376037597656,32.81634521484375,0.09476297348737717,1578.0,1578.0,0.0,0.0054885369646714794,0.0054885369646714794,0.0,0.00021578417550694774,0.00021578417550694774,0.0,0.00037152111728689724,0.00037152111728689724,0.0,0.0003,0.0003,0.0,-3.0,-3.0,0.0,0.0,0.2757142857142857,28.385714285714283,52.285714285714285,5275.08,20,Hopper-v5,6198,Trial_4
113.37022590637207,22,90112,81.24685191266967,186.95332607350647,39.90634166972354,45.94,1578,0.0054885369646714794,-3.0,0.99,0.00021578417550694774,0.00037152111728689724,0.0003,-21.83329200744629,0.22913938760757446,-2.0591650009155273,0.6058086156845093,-0.5011911392211914,-3.0,20.45966339111328,37.046329498291016,-0.2471424788236618,0.5701150894165039,20.647677421569824,1.0,-21.83329200744629,0.22913938760757446,-2.0591650009155273,0.6058086156845093,-0.5011911392211914,-3.0,20.45966339111328,37.046329498291016,-0.2471424788236618,1578.0,1578.0,0.0,0.0054885369646714794,0.0054885369646714794,0.0,0.00021578417550694774,0.00021578417550694774,0.0,0.00037152111728689724,0.00037152111728689724,0.0,0.0003,0.0003,0.0,-3.0,-3.0,0.0,0.0,0.23249999999999998,29.1875,52.5625,5294.972,21,Hopper-v5,6198,Trial_4
118.80424737930298,23,94208,87.59785228050254,180.84656833531432,41.56541626747626,48.25,1578,0.0054885369646714794,-3.0,0.99,0.00021578417550694774,0.00037152111728689724,0.0003,-23.494287490844727,0.23798148334026337,-2.2010111808776855,0.5925487875938416,-0.5233220458030701,-3.0,22.066364288330078,34.18458938598633,1.6789157390594482,0.6275935173034668,23.25242853164673,1.0,-23.494287490844727,0.23798148334026337,-2.2010111808776855,0.5925487875938416,-0.5233220458030701,-3.0,22.066364288330078,34.18458938598633,1.6789157390594482,1578.0,1578.0,0.0,0.0054885369646714794,0.0054885369646714794,0.0,0.00021578417550694774,0.00021578417550694774,0.0,0.00037152111728689724,0.00037152111728689724,0.0,0.0003,0.0003,0.0,-3.0,-3.0,0.0,0.0,0.2671428571428572,27.02857142857143,52.95714285714286,5326.906,22,Hopper-v5,6198,Trial_4
123.95608401298523,24,98304,85.6901788934626,180.84656833531432,36.88091644722501,47.3,1578,0.0054885369646714794,-3.0,0.99,0.00021578417550694774,0.00037152111728689724,0.0003,-23.635242462158203,0.24348965287208557,-2.226101875305176,0.5797206163406372,-0.5452089309692383,-3.0,22.129188537597656,37.60801315307617,2.6527907848358154,0.5973091125488281,22.09798574447632,1.0,-23.635242462158203,0.24348965287208557,-2.226101875305176,0.5797206163406372,-0.5452089309692383,-3.0,22.129188537597656,37.60801315307617,2.6527907848358154,1578.0,1578.0,0.0,0.0054885369646714794,0.0054885369646714794,0.0,0.00021578417550694774,0.00021578417550694774,0.0,0.00037152111728689724,0.00037152111728689724,0.0,0.0003,0.0003,0.0,-3.0,-3.0,0.0,0.0,0.22714285714285715,26.942857142857143,53.11428571428572,5307.711,23,Hopper-v5,6198,Trial_4
129.20647192001343,25,102400,94.04973445544718,215.2796464238762,38.62037239745379,50.49,1578,0.0054885369646714794,-3.0,0.99,0.00021578417550694774,0.00037152111728689724,0.0003,-25.328519821166992,0.31217753887176514,-2.2836265563964844,0.5671606063842773,-0.5671127438545227,-3.0,24.103370666503906,38.00153732299805,0.031243663281202316,0.6356935501098633,25.182315349578857,1.0,-25.328519821166992,0.31217753887176514,-2.2836265563964844,0.5671606063842773,-0.5671127438545227,-3.0,24.103370666503906,38.00153732299805,0.031243663281202316,1578.0,1578.0,0.0,0.0054885369646714794,0.0054885369646714794,0.0,0.00021578417550694774,0.00021578417550694774,0.0,0.00037152111728689724,0.00037152111728689724,0.0,0.0003,0.0003,0.0,-3.0,-3.0,0.0,0.0,0.2575,27.2375,53.3625,5312.861,24,Hopper-v5,6198,Trial_4
134.71220064163208,26,106496,112.09643802232469,215.2796464238762,40.16100793298243,57.89,1578,0.0054885369646714794,-3.0,0.99,0.00021578417550694774,0.00037152111728689724,0.0003,-25.940269470214844,0.3482956886291504,-2.416457176208496,0.5548964142799377,-0.5889737606048584,-3.0,24.562171936035156,36.56647491455078,0.845770001411438,0.6680746078491211,25.71947479248047,1.0,-25.940269470214844,0.3482956886291504,-2.416457176208496,0.5548964142799377,-0.5889737606048584,-3.0,24.562171936035156,36.56647491455078,0.845770001411438,1578.0,1578.0,0.0,0.0054885369646714794,0.0054885369646714794,0.0,0.00021578417550694774,0.00021578417550694774,0.0,0.00037152111728689724,0.00037152111728689724,0.0,0.0003,0.0003,0.0,-3.0,-3.0,0.0,0.0,0.27285714285714285,27.12857142857143,53.64285714285715,5324.387,25,Hopper-v5,6198,Trial_4
139.98870515823364,27,110592,135.89067512319642,211.88419850347134,44.547769451605035,67.4,1578,0.0054885369646714794,-3.0,0.99,0.00021578417550694774,0.00037152111728689724,0.0003,-26.77235221862793,0.3078067898750305,-2.328373432159424,0.5429078340530396,-0.610815703868866,-3.0,25.21554946899414,39.98263168334961,2.50962233543396,0.6381778717041016,25.23257350921631,1.0,-26.77235221862793,0.3078067898750305,-2.328373432159424,0.5429078340530396,-0.610815703868866,-3.0,25.21554946899414,39.98263168334961,2.50962233543396,1578.0,1578.0,0.0,0.0054885369646714794,0.0054885369646714794,0.0,0.00021578417550694774,0.00021578417550694774,0.0,0.00037152111728689724,0.00037152111728689724,0.0,0.0003,0.0003,0.0,-3.0,-3.0,0.0,0.0,0.2057142857142857,28.25714285714286,53.7,5299.071,26,Hopper-v5,6198,Trial_4
145.3761100769043,28,114688,150.8392001270371,211.88419850347134,40.330451913834224,72.99,1578,0.0054885369646714794,-3.0,0.99,0.00021578417550694774,0.00037152111728689724,0.0003,-28.499923706054688,0.3719871938228607,-2.5138871669769287,0.5312479734420776,-0.6325264573097229,-3.0,26.983121871948242,42.246826171875,3.3304800987243652,0.6482033729553223,27.70823621749878,1.0,-28.499923706054688,0.3719871938228607,-2.5138871669769287,0.5312479734420776,-0.6325264573097229,-3.0,26.983121871948242,42.246826171875,3.3304800987243652,1578.0,1578.0,0.0,0.0054885369646714794,0.0054885369646714794,0.0,0.00021578417550694774,0.00021578417550694774,0.0,0.00037152111728689724,0.00037152111728689724,0.0,0.0003,0.0003,0.0,-3.0,-3.0,0.0,0.0,0.33125000000000004,28.3,54.1625,5316.421,27,Hopper-v5,6198,Trial_4
150.61427354812622,29,118784,156.63997882062324,206.22788067888055,40.260582849652295,75.53,1578,0.0054885369646714794,-3.0,0.99,0.00021578417550694774,0.00037152111728689724,0.0003,-28.632421493530273,0.34710389375686646,-2.5428593158721924,0.5198977589607239,-0.654123067855835,-3.0,27.13304901123047,45.369693756103516,-0.7885787487030029,0.7534103393554688,28.60347318649292,1.0,-28.632421493530273,0.34710389375686646,-2.5428593158721924,0.5198977589607239,-0.654123067855835,-3.0,27.13304901123047,45.369693756103516,-0.7885787487030029,1578.0,1578.0,0.0,0.0054885369646714794,0.0054885369646714794,0.0,0.00021578417550694774,0.00021578417550694774,0.0,0.00037152111728689724,0.00037152111728689724,0.0,0.0003,0.0003,0.0,-3.0,-3.0,0.0,0.0,0.33714285714285713,28.3,54.42857142857143,5325.934,28,Hopper-v5,6198,Trial_4
155.99022507667542,30,122880,163.63861070516697,208.16122847017317,40.59688435040634,78.58,1578,0.0054885369646714794,-3.0,0.99,0.00021578417550694774,0.00037152111728689724,0.0003,-29.92373275756836,0.21759256720542908,-2.7662241458892822,0.5087482333183289,-0.6758020520210266,-3.0,28.467790603637695,46.49543380737305,3.759829521179199,0.6494312286376953,19.96129846572876,1.0,-29.92373275756836,0.21759256720542908,-2.7662241458892822,0.5087482333183289,-0.6758020520210266,-3.0,28.467790603637695,46.49543380737305,3.759829521179199,1578.0,1578.0,0.0,0.0054885369646714794,0.0054885369646714794,0.0,0.00021578417550694774,0.00021578417550694774,0.0,0.00037152111728689724,0.00037152111728689724,0.0,0.0003,0.0003,0.0,-3.0,-3.0,0.0,0.0,0.27714285714285714,27.757142857142856,54.7,5332.587,29,Hopper-v5,6198,Trial_4
161.18578481674194,31,126976,166.64747094653333,208.16122847017317,38.82637523556539,79.7,1578,0.0054885369646714794,-3.0,0.99,0.00021578417550694774,0.00037152111728689724,0.0003,-30.726943969726562,0.37165746092796326,-2.5528597831726074,0.49790582060813904,-0.6973443031311035,-3.0,29.13934326171875,44.10102462768555,1.6014878749847412,0.7372732162475586,30.181346893310547,1.0,-30.726943969726562,0.37165746092796326,-2.5528597831726074,0.49790582060813904,-0.6973443031311035,-3.0,29.13934326171875,44.10102462768555,1.6014878749847412,1578.0,1578.0,0.0,0.0054885369646714794,0.0054885369646714794,0.0,0.00021578417550694774,0.00021578417550694774,0.0,0.00037152111728689724,0.00037152111728689724,0.0,0.0003,0.0003,0.0,-3.0,-3.0,0.0,0.0,0.3,28.0,54.857142857142854,5313.965,30,Hopper-v5,6198,Trial_4
166.29340720176697,32,131072,168.33184347815597,204.86628078580182,38.82637523556539,80.27,1578,0.0054885369646714794,-3.0,0.99,0.00021578417550694774,0.00037152111728689724,0.0003,-32.61631774902344,0.4426477551460266,-2.706662654876709,0.4872877895832062,-0.7189003825187683,-3.0,30.972721099853516,54.256839752197266,4.321791172027588,0.7387323379516602,33.10499382019043,1.0,-32.61631774902344,0.4426477551460266,-2.706662654876709,0.4872877895832062,-0.7189003825187683,-3.0,30.972721099853516,54.256839752197266,4.321791172027588,1578.0,1578.0,0.0,0.0054885369646714794,0.0054885369646714794,0.0,0.00021578417550694774,0.00021578417550694774,0.0,0.00037152111728689724,0.00037152111728689724,0.0,0.0003,0.0003,0.0,-3.0,-3.0,0.0,0.0,0.2671428571428571,27.185714285714287,55.642857142857146,5280.594,31,Hopper-v5,6198,Trial_4
171.43493843078613,33,135168,170.65938956186363,195.13559065611574,43.171205613062455,81.56,1578,0.0054885369646714794,-3.0,0.99,0.00021578417550694774,0.00037152111728689724,0.0003,-33.241878509521484,0.37396782636642456,-2.826357364654541,0.4768562912940979,-0.7405401468276978,-3.0,31.703609466552734,49.44234848022461,-0.46522337198257446,0.7599020004272461,32.08883285522461,1.0,-33.241878509521484,0.37396782636642456,-2.826357364654541,0.4768562912940979,-0.7405401468276978,-3.0,31.703609466552734,49.44234848022461,-0.46522337198257446,1578.0,1578.0,0.0,0.0054885369646714794,0.0054885369646714794,0.0,0.00021578417550694774,0.00021578417550694774,0.0,0.00037152111728689724,0.00037152111728689724,0.0,0.0003,0.0003,0.0,-3.0,-3.0,0.0,0.0,0.23428571428571426,26.342857142857145,57.54285714285714,5251.392,32,Hopper-v5,6198,Trial_4
177.81140732765198,34,139264,176.53408050696322,195.13559065611574,51.019745495351835,84.36,1578,0.0054885369646714794,-3.0,0.99,0.00021578417550694774,0.00037152111728689724,0.0003,-34.446964263916016,0.3749343156814575,-2.8164896965026855,0.46674811840057373,-0.7619655132293701,-3.0,32.80039596557617,51.311275482177734,2.9890482425689697,0.655024528503418,33.11072540283203,1.0,-34.446964263916016,0.3749343156814575,-2.8164896965026855,0.46674811840057373,-0.7619655132293701,-3.0,32.80039596557617,51.311275482177734,2.9890482425689697,1578.0,1578.0,0.0,0.0054885369646714794,0.0054885369646714794,0.0,0.00021578417550694774,0.00021578417550694774,0.0,0.00037152111728689724,0.00037152111728689724,0.0,0.0003,0.0003,0.0,-3.0,-3.0,0.0,0.0,0.2411111111111111,31.166666666666668,51.84444444444445,5373.974,33,Hopper-v5,6198,Trial_4
183.44692254066467,35,143360,178.7429655090065,203.01872485554566,170.3969644035705,85.43,1578,0.0054885369646714794,-3.0,0.99,0.00021578417550694774,0.00037152111728689724,0.0003,-34.38090896606445,0.4931332468986511,-2.7874867916107178,0.45683205127716064,-0.7834395170211792,-3.0,32.73873519897461,50.039085388183594,-0.6996092200279236,0.7167425155639648,36.64786148071289,1.0,-34.38090896606445,0.4931332468986511,-2.7874867916107178,0.45683205127716064,-0.7834395170211792,-3.0,32.73873519897461,50.039085388183594,-0.6996092200279236,1578.0,1578.0,0.0,0.0054885369646714794,0.0054885369646714794,0.0,0.00021578417550694774,0.00021578417550694774,0.0,0.00037152111728689724,0.00037152111728689724,0.0,0.0003,0.0003,0.0,-3.0,-3.0,0.0,0.0,0.29875,28.1875,53.9625,5412.225,34,Hopper-v5,6198,Trial_4
188.6823332309723,36,147456,177.23520266407792,203.01872485554566,74.98411723687224,84.85,1578,0.0054885369646714794,-3.0,0.99,0.00021578417550694774,0.00037152111728689724,0.0003,-36.80718231201172,0.42628204822540283,-2.941389799118042,0.4471527636051178,-0.8048550486564636,-3.0,35.13396453857422,54.994102478027344,-1.5842435359954834,0.6821489334106445,37.137163162231445,1.0,-36.80718231201172,0.42628204822540283,-2.941389799118042,0.4471527636051178,-0.8048550486564636,-3.0,35.13396453857422,54.994102478027344,-1.5842435359954834,1578.0,1578.0,0.0,0.0054885369646714794,0.0054885369646714794,0.0,0.00021578417550694774,0.00021578417550694774,0.0,0.00037152111728689724,0.00037152111728689724,0.0,0.0003,0.0003,0.0,-3.0,-3.0,0.0,0.0,0.33571428571428574,28.228571428571428,54.51428571428571,5385.249,35,Hopper-v5,6198,Trial_4
194.1259069442749,37,151552,177.25656588154447,191.04560234952825,74.98411723687224,84.4,1578,0.0054885369646714794,-3.0,0.99,0.00021578417550694774,0.00037152111728689724,0.0003,-37.32158660888672,0.386608362197876,-2.850691795349121,0.43766364455223083,-0.8263046741485596,-3.0,35.57929992675781,53.767906188964844,0.001088954508304596,0.7601127624511719,35.38936996459961,1.0,-37.32158660888672,0.386608362197876,-2.850691795349121,0.43766364455223083,-0.8263046741485596,-3.0,35.57929992675781,53.767906188964844,0.001088954508304596,1578.0,1578.0,0.0,0.0054885369646714794,0.0054885369646714794,0.0,0.00021578417550694774,0.00021578417550694774,0.0,0.00037152111728689724,0.00037152111728689724,0.0,0.0003,0.0003,0.0,-3.0,-3.0,0.0,0.0,0.31285714285714283,28.7,54.42857142857144,5401.855,36,Hopper-v5,6198,Trial_4
199.80550122261047,38,155648,177.87794075283836,191.04560234952825,168.24105243784444,84.71,1578,0.0054885369646714794,-3.0,0.99,0.00021578417550694774,0.00037152111728689724,0.0003,-38.76186752319336,0.5201346278190613,-2.9134440422058105,0.42840275168418884,-0.8476914763450623,-3.0,37.04430389404297,55.67322540283203,4.546093463897705,0.8978986740112305,41.52519130706787,1.0,-38.76186752319336,0.5201346278190613,-2.9134440422058105,0.42840275168418884,-0.8476914763450623,-3.0,37.04430389404297,55.67322540283203,4.546093463897705,1578.0,1578.0,0.0,0.0054885369646714794,0.0054885369646714794,0.0,0.00021578417550694774,0.00021578417550694774,0.0,0.00037152111728689724,0.00037152111728689724,0.0,0.0003,0.0003,0.0,-3.0,-3.0,0.0,0.0,0.305,28.375,54.53750000000001,5430.958,37,Hopper-v5,6198,Trial_4
205.2151997089386,39,159744,177.18769600740168,190.54277723132697,132.68345120844478,84.68,1578,0.0054885369646714794,-3.0,0.99,0.00021578417550694774,0.00037152111728689724,0.0003,-39.46653747558594,0.5325409173965454,-2.8961172103881836,0.41938963532447815,-0.8689548969268799,-3.0,37.92108917236328,56.22681427001953,-0.281436026096344,0.9582881927490234,44.81829833984375,1.0,-39.46653747558594,0.5325409173965454,-2.8961172103881836,0.41938963532447815,-0.8689548969268799,-3.0,37.92108917236328,56.22681427001953,-0.281436026096344,1578.0,1578.0,0.0,0.0054885369646714794,0.0054885369646714794,0.0,0.00021578417550694774,0.00021578417550694774,0.0,0.00037152111728689724,0.00037152111728689724,0.0,0.0003,0.0003,0.0,-3.0,-3.0,0.0,0.0,0.25857142857142856,28.357142857142858,54.885714285714286,5448.231,38,Hopper-v5,6198,Trial_4
210.41490149497986,40,163840,177.4568284373829,190.54277723132697,132.68345120844478,84.66,1578,0.0054885369646714794,-3.0,0.99,0.00021578417550694774,0.00037152111728689724,0.0003,-40.60044860839844,0.42481929063796997,-3.1505041122436523,0.4106042981147766,-0.8901253342628479,-3.0,39.09047317504883,57.17384719848633,3.2157509326934814,0.741523265838623,41.25811767578125,1.0,-40.60044860839844,0.42481929063796997,-3.1505041122436523,0.4106042981147766,-0.8901253342628479,-3.0,39.09047317504883,57.17384719848633,3.2157509326934814,1578.0,1578.0,0.0,0.0054885369646714794,0.0054885369646714794,0.0,0.00021578417550694774,0.00021578417550694774,0.0,0.00037152111728689724,0.00037152111728689724,0.0,0.0003,0.0003,0.0,-3.0,-3.0,0.0,0.0,0.27714285714285714,28.785714285714285,55.128571428571426,5430.521,39,Hopper-v5,6198,Trial_4
215.60538840293884,41,167936,178.49874368228924,190.28052090691446,167.9094268297813,84.45,1578,0.0054885369646714794,-3.0,0.99,0.00021578417550694774,0.00037152111728689724,0.0003,-41.9793701171875,0.38938772678375244,-3.418506622314453,0.4018501043319702,-0.9116761088371277,-3.0,40.36839294433594,60.098365783691406,3.9734394550323486,0.7411842346191406,43.332783699035645,1.0,-41.9793701171875,0.38938772678375244,-3.418506622314453,0.4018501043319702,-0.9116761088371277,-3.0,40.36839294433594,60.098365783691406,3.9734394550323486,1578.0,1578.0,0.0,0.0054885369646714794,0.0054885369646714794,0.0,0.00021578417550694774,0.00021578417550694774,0.0,0.00037152111728689724,0.00037152111728689724,0.0,0.0003,0.0003,0.0,-3.0,-3.0,0.0,0.0,0.2885714285714286,28.485714285714288,55.32857142857142,5430.156,40,Hopper-v5,6198,Trial_4
221.01766443252563,42,172032,178.73866587674598,190.28052090691446,168.1383066181334,84.35,1578,0.0054885369646714794,-3.0,0.99,0.00021578417550694774,0.00037152111728689724,0.0003,-43.21216583251953,0.4278751611709595,-3.250242233276367,0.3932727575302124,-0.9332519173622131,-3.0,41.86634826660156,63.331703186035156,-1.5864779949188232,0.7481203079223633,45.665287017822266,1.0,-43.21216583251953,0.4278751611709595,-3.250242233276367,0.3932727575302124,-0.9332519173622131,-3.0,41.86634826660156,63.331703186035156,-1.5864779949188232,1578.0,1578.0,0.0,0.0054885369646714794,0.0054885369646714794,0.0,0.00021578417550694774,0.00021578417550694774,0.0,0.00037152111728689724,0.00037152111728689724,0.0,0.0003,0.0003,0.0,-3.0,-3.0,0.0,0.0,0.255,28.174999999999997,55.537499999999994,5460.84,41,Hopper-v5,6198,Trial_4
226.72701716423035,43,176128,178.52803260017328,190.6117486212784,170.0250054341465,84.33,1578,0.0054885369646714794,-3.0,0.99,0.00021578417550694774,0.00037152111728689724,0.0003,-43.70637130737305,0.5332309007644653,-3.25545072555542,0.38490647077560425,-0.9547548890113831,-3.0,41.872737884521484,62.60141372680664,1.1863209009170532,0.9287137985229492,48.138498306274414,1.0,-43.70637130737305,0.5332309007644653,-3.25545072555542,0.38490647077560425,-0.9547548890113831,-3.0,41.872737884521484,62.60141372680664,1.1863209009170532,1578.0,1578.0,0.0,0.0054885369646714794,0.0054885369646714794,0.0,0.00021578417550694774,0.00021578417550694774,0.0,0.00037152111728689724,0.00037152111728689724,0.0,0.0003,0.0003,0.0,-3.0,-3.0,0.0,0.0,0.25428571428571434,28.742857142857144,55.77142857142858,5517.074,42,Hopper-v5,6198,Trial_4
232.25115323066711,44,180224,178.1357735224042,190.6117486212784,166.97052853784172,84.0,1578,0.0054885369646714794,-3.0,0.99,0.00021578417550694774,0.00037152111728689724,0.0003,-44.761470794677734,0.39740410447120667,-3.442600727081299,0.37665435671806335,-0.9764273166656494,-3.0,43.31982421875,66.1673583984375,-0.6154869794845581,0.7451801300048828,42.50223445892334,1.0,-44.761470794677734,0.39740410447120667,-3.442600727081299,0.37665435671806335,-0.9764273166656494,-3.0,43.31982421875,66.1673583984375,-0.6154869794845581,1578.0,1578.0,0.0,0.0054885369646714794,0.0054885369646714794,0.0,0.00021578417550694774,0.00021578417550694774,0.0,0.00037152111728689724,0.00037152111728689724,0.0,0.0003,0.0003,0.0,-3.0,-3.0,0.0,0.0,0.28875,28.9875,55.9375,5431.769,43,Hopper-v5,6198,Trial_4
237.62041878700256,45,184320,178.74574439674612,191.88820676842676,166.97052853784172,84.12,1578,0.0054885369646714794,-3.0,0.99,0.00021578417550694774,0.00037152111728689724,0.0003,-44.64788818359375,0.4711523652076721,-3.3617515563964844,0.36854788661003113,-0.9981846809387207,-3.0,42.94234848022461,65.57622528076172,-0.12609650194644928,0.7588367462158203,46.28666305541992,1.0,-44.64788818359375,0.4711523652076721,-3.3617515563964844,0.36854788661003113,-0.9981846809387207,-3.0,42.94234848022461,65.57622528076172,-0.12609650194644928,1578.0,1578.0,0.0,0.0054885369646714794,0.0054885369646714794,0.0,0.00021578417550694774,0.00021578417550694774,0.0,0.00037152111728689724,0.00037152111728689724,0.0,0.0003,0.0003,0.0,-3.0,-3.0,0.0,0.0,0.29999999999999993,28.4,56.28571428571428,5405.493,44,Hopper-v5,6198,Trial_4
243.02380394935608,46,188416,178.87100604213373,191.88820676842676,166.97052853784172,84.22,1578,0.0054885369646714794,-3.0,0.99,0.00021578417550694774,0.00037152111728689724,0.0003,-46.93416213989258,0.4650145173072815,-3.795294761657715,0.36061891913414,-1.0199335813522339,-3.0,45.63397216796875,67.9007339477539,2.653231382369995,0.8166484832763672,48.38261127471924,1.0,-46.93416213989258,0.4650145173072815,-3.795294761657715,0.36061891913414,-1.0199335813522339,-3.0,45.63397216796875,67.9007339477539,2.653231382369995,1578.0,1578.0,0.0,0.0054885369646714794,0.0054885369646714794,0.0,0.00021578417550694774,0.00021578417550694774,0.0,0.00037152111728689724,0.00037152111728689724,0.0,0.0003,0.0003,0.0,-3.0,-3.0,0.0,0.0,0.24625000000000002,28.575,56.4375,5422.234,45,Hopper-v5,6198,Trial_4
248.40851044654846,47,192512,178.7702082589718,190.61369923184273,170.2666038017865,84.2,1578,0.0054885369646714794,-3.0,0.99,0.00021578417550694774,0.00037152111728689724,0.0003,-47.07810974121094,0.5778110027313232,-3.3764212131500244,0.35284191370010376,-1.0417351722717285,-3.0,45.22878646850586,67.43006896972656,11.483868598937988,0.7856416702270508,52.37215232849121,1.0,-47.07810974121094,0.5778110027313232,-3.3764212131500244,0.35284191370010376,-1.0417351722717285,-3.0,45.22878646850586,67.43006896972656,11.483868598937988,1578.0,1578.0,0.0,0.0054885369646714794,0.0054885369646714794,0.0,0.00021578417550694774,0.00021578417550694774,0.0,0.00037152111728689724,0.00037152111728689724,0.0,0.0003,0.0003,0.0,-3.0,-3.0,0.0,0.0,0.31000000000000005,27.928571428571427,56.68571428571429,5416.359,46,Hopper-v5,6198,Trial_4
254.159814119339,48,196608,178.65502376092704,191.25205214977714,171.20840497816846,84.22,1578,0.0054885369646714794,-3.0,0.99,0.00021578417550694774,0.00037152111728689724,0.0003,-47.670936584472656,0.4908691942691803,-3.6122546195983887,0.3452114164829254,-1.0635982751846313,-3.0,46.12711715698242,77.99349975585938,1.8172932863235474,0.8327560424804688,47.839138984680176,1.0,-47.670936584472656,0.4908691942691803,-3.6122546195983887,0.3452114164829254,-1.0635982751846313,-3.0,46.12711715698242,77.99349975585938,1.8172932863235474,1578.0,1578.0,0.0,0.0054885369646714794,0.0054885369646714794,0.0,0.00021578417550694774,0.00021578417550694774,0.0,0.00037152111728689724,0.00037152111728689724,0.0,0.0003,0.0003,0.0,-3.0,-3.0,0.0,0.0,0.2625,27.9625,56.8125,5423.76,47,Hopper-v5,6198,Trial_4
259.4251935482025,49,200704,178.62595341728172,191.25205214977714,169.07134917547273,84.42,1578,0.0054885369646714794,-3.0,0.99,0.00021578417550694774,0.00037152111728689724,0.0003,-47.921051025390625,0.6458511352539062,-3.3681328296661377,0.33775269985198975,-1.0854413509368896,-3.0,46.18739318847656,72.31011962890625,6.956793308258057,0.877375602722168,51.67908477783203,1.0,-47.921051025390625,0.6458511352539062,-3.3681328296661377,0.33775269985198975,-1.0854413509368896,-3.0,46.18739318847656,72.31011962890625,6.956793308258057,1578.0,1578.0,0.0,0.0054885369646714794,0.0054885369646714794,0.0,0.00021578417550694774,0.00021578417550694774,0.0,0.00037152111728689724,0.00037152111728689724,0.0,0.0003,0.0003,0.0,-3.0,-3.0,0.0,0.0,0.3157142857142857,29.32857142857143,57.199999999999996,5409.424,48,Hopper-v5,6198,Trial_4
264.7596869468689,50,204800,178.5330798396282,188.50471734036694,169.07134917547273,84.44,1578,0.0054885369646714794,-3.0,0.99,0.00021578417550694774,0.00037152111728689724,0.0003,-49.92359161376953,0.4527161419391632,-3.6649255752563477,0.33044204115867615,-1.1073240041732788,-3.0,48.111942291259766,73.1604995727539,0.07821490615606308,0.7155733108520508,47.85796070098877,1.0,-49.92359161376953,0.4527161419391632,-3.6649255752563477,0.33044204115867615,-1.1073240041732788,-3.0,48.111942291259766,73.1604995727539,0.07821490615606308,1578.0,1578.0,0.0,0.0054885369646714794,0.0054885369646714794,0.0,0.00021578417550694774,0.00021578417550694774,0.0,0.00037152111728689724,0.00037152111728689724,0.0,0.0003,0.0003,0.0,-3.0,-3.0,0.0,0.0,0.3385714285714286,28.41428571428571,57.32857142857143,5422.945,49,Hopper-v5,6198,Trial_4
270.2202904224396,51,208896,178.5065466598608,191.0898556147501,169.7277786389701,84.37,1578,0.0054885369646714794,-3.0,0.99,0.00021578417550694774,0.00037152111728689724,0.0003,-51.79872131347656,0.49347496032714844,-3.747358798980713,0.3232627809047699,-1.1292897462844849,-3.0,50.48888397216797,76.80314636230469,0.009607702493667603,0.8469438552856445,51.75116157531738,1.0,-51.79872131347656,0.49347496032714844,-3.747358798980713,0.3232627809047699,-1.1292897462844849,-3.0,50.48888397216797,76.80314636230469,0.009607702493667603,1578.0,1578.0,0.0,0.0054885369646714794,0.0054885369646714794,0.0,0.00021578417550694774,0.00021578417550694774,0.0,0.00037152111728689724,0.00037152111728689724,0.0,0.0003,0.0003,0.0,-3.0,-3.0,0.0,0.0,0.29875,27.9125,57.625,5450.27,50,Hopper-v5,6198,Trial_4
275.84040927886963,52,212992,178.2758944434188,191.0898556147501,43.0038452219999,84.04,1578,0.0054885369646714794,-3.0,0.99,0.00021578417550694774,0.00037152111728689724,0.0003,-51.90022659301758,0.5731997489929199,-3.9325456619262695,0.3162299692630768,-1.1512855291366577,-3.0,50.34351348876953,75.18798065185547,6.9722394943237305,0.8443794250488281,51.707868576049805,1.0,-51.90022659301758,0.5731997489929199,-3.9325456619262695,0.3162299692630768,-1.1512855291366577,-3.0,50.34351348876953,75.18798065185547,6.9722394943237305,1578.0,1578.0,0.0,0.0054885369646714794,0.0054885369646714794,0.0,0.00021578417550694774,0.00021578417550694774,0.0,0.00037152111728689724,0.00037152111728689724,0.0,0.0003,0.0003,0.0,-3.0,-3.0,0.0,0.0,0.31428571428571433,28.671428571428574,57.771428571428565,5471.152,51,Hopper-v5,6198,Trial_4
281.51156973838806,53,217088,178.36974960385913,193.41557995307545,43.0038452219999,84.03,1578,0.0054885369646714794,-3.0,0.99,0.00021578417550694774,0.00037152111728689724,0.0003,-53.76472854614258,0.5778182148933411,-3.646336078643799,0.30929556488990784,-1.1734579801559448,-3.0,52.124454498291016,76.06777954101562,-0.3124822676181793,0.9173040390014648,56.20393180847168,1.0,-53.76472854614258,0.5778182148933411,-3.646336078643799,0.30929556488990784,-1.1734579801559448,-3.0,52.124454498291016,76.06777954101562,-0.3124822676181793,1578.0,1578.0,0.0,0.0054885369646714794,0.0054885369646714794,0.0,0.00021578417550694774,0.00021578417550694774,0.0,0.00037152111728689724,0.00037152111728689724,0.0,0.0003,0.0003,0.0,-3.0,-3.0,0.0,0.0,0.22625,27.637500000000003,58.1,5467.797,52,Hopper-v5,6198,Trial_4
286.78035163879395,54,221184,179.11832422621956,193.41557995307545,171.21779710800624,84.46,1578,0.0054885369646714794,-3.0,0.99,0.00021578417550694774,0.00037152111728689724,0.0003,-53.648582458496094,0.5302472114562988,-4.150167465209961,0.3025442063808441,-1.1955279111862183,-3.0,52.05431365966797,77.9773178100586,4.646742820739746,0.8017024993896484,55.21335792541504,1.0,-53.648582458496094,0.5302472114562988,-4.150167465209961,0.3025442063808441,-1.1955279111862183,-3.0,52.05431365966797,77.9773178100586,4.646742820739746,1578.0,1578.0,0.0,0.0054885369646714794,0.0054885369646714794,0.0,0.00021578417550694774,0.00021578417550694774,0.0,0.00037152111728689724,0.00037152111728689724,0.0,0.0003,0.0003,0.0,-3.0,-3.0,0.0,0.0,0.2914285714285714,28.14285714285714,58.3,5442.169,53,Hopper-v5,6198,Trial_4
292.18715596199036,55,225280,179.19474532421876,193.15269033104576,169.66073501436907,84.57,1578,0.0054885369646714794,-3.0,0.99,0.00021578417550694774,0.00037152111728689724,0.0003,-55.05885696411133,0.706961989402771,-3.9214892387390137,0.29588624835014343,-1.2177802324295044,-3.0,53.11376953125,80.0455093383789,6.36171817779541,0.9908924102783203,57.43451118469238,1.0,-55.05885696411133,0.706961989402771,-3.9214892387390137,0.29588624835014343,-1.2177802324295044,-3.0,53.11376953125,80.0455093383789,6.36171817779541,1578.0,1578.0,0.0,0.0054885369646714794,0.0054885369646714794,0.0,0.00021578417550694774,0.00021578417550694774,0.0,0.00037152111728689724,0.00037152111728689724,0.0,0.0003,0.0003,0.0,-3.0,-3.0,0.0,0.0,0.31000000000000005,28.762500000000003,58.475,5445.955,54,Hopper-v5,6198,Trial_4
297.55042457580566,56,229376,179.00971072044555,193.15269033104576,169.66073501436907,84.74,1578,0.0054885369646714794,-3.0,0.99,0.00021578417550694774,0.00037152111728689724,0.0003,-55.680301666259766,0.5813577175140381,-4.128936767578125,0.28934499621391296,-1.2401355504989624,-3.0,54.19387435913086,79.36357116699219,6.621325969696045,0.8048849105834961,57.51371765136719,1.0,-55.680301666259766,0.5813577175140381,-4.128936767578125,0.28934499621391296,-1.2401355504989624,-3.0,54.19387435913086,79.36357116699219,6.621325969696045,1578.0,1578.0,0.0,0.0054885369646714794,0.0054885369646714794,0.0,0.00021578417550694774,0.00021578417550694774,0.0,0.00037152111728689724,0.00037152111728689724,0.0,0.0003,0.0003,0.0,-3.0,-3.0,0.0,0.0,0.35000000000000003,28.3,58.685714285714276,5441.919,55,Hopper-v5,6198,Trial_4
302.7683732509613,57,233472,178.49840539865392,191.56192894653452,169.6840366257247,84.46,1578,0.0054885369646714794,-3.0,0.99,0.00021578417550694774,0.00037152111728689724,0.0003,-56.60186767578125,0.4514842629432678,-4.045475006103516,0.282906711101532,-1.2626380920410156,-3.0,54.526153564453125,81.37586212158203,0.24493958055973053,0.7865152359008789,50.94979476928711,1.0,-56.60186767578125,0.4514842629432678,-4.045475006103516,0.282906711101532,-1.2626380920410156,-3.0,54.526153564453125,81.37586212158203,0.24493958055973053,1578.0,1578.0,0.0,0.0054885369646714794,0.0054885369646714794,0.0,0.00021578417550694774,0.00021578417550694774,0.0,0.00037152111728689724,0.00037152111728689724,0.0,0.0003,0.0003,0.0,-3.0,-3.0,0.0,0.0,0.3028571428571429,28.314285714285713,59.028571428571425,5424.862,56,Hopper-v5,6198,Trial_4
307.98761010169983,58,237568,178.33279276448138,190.7879117934379,169.1032061781648,84.19,1578,0.0054885369646714794,-3.0,0.99,0.00021578417550694774,0.00037152111728689724,0.0003,-57.373573303222656,0.6021395325660706,-4.055428504943848,0.2766264081001282,-1.2850873470306396,-3.0,55.55769348144531,80.29407501220703,4.583133697509766,0.9132308959960938,59.786333084106445,1.0,-57.373573303222656,0.6021395325660706,-4.055428504943848,0.2766264081001282,-1.2850873470306396,-3.0,55.55769348144531,80.29407501220703,4.583133697509766,1578.0,1578.0,0.0,0.0054885369646714794,0.0054885369646714794,0.0,0.00021578417550694774,0.00021578417550694774,0.0,0.00037152111728689724,0.00037152111728689724,0.0,0.0003,0.0003,0.0,-3.0,-3.0,0.0,0.0,0.2857142857142857,28.742857142857144,59.35714285714285,5371.247,57,Hopper-v5,6198,Trial_4
313.80002784729004,59,241664,179.31518793818188,193.0469510045991,169.1032061781648,84.64,1578,0.0054885369646714794,-3.0,0.99,0.00021578417550694774,0.00037152111728689724,0.0003,-57.49724197387695,0.4743151366710663,-4.066591262817383,0.2704842984676361,-1.3075412511825562,-3.0,55.653297424316406,86.01625061035156,4.538620471954346,0.9507675170898438,52.93664264678955,1.0,-57.49724197387695,0.4743151366710663,-4.066591262817383,0.2704842984676361,-1.3075412511825562,-3.0,55.653297424316406,86.01625061035156,4.538620471954346,1578.0,1578.0,0.0,0.0054885369646714794,0.0054885369646714794,0.0,0.00021578417550694774,0.00021578417550694774,0.0,0.00037152111728689724,0.00037152111728689724,0.0,0.0003,0.0003,0.0,-3.0,-3.0,0.0,0.0,0.2575,27.625,59.550000000000004,5425.856,58,Hopper-v5,6198,Trial_4
319.4298131465912,60,245760,179.33515471955135,193.0469510045991,169.1760030804115,85.08,1578,0.0054885369646714794,-3.0,0.99,0.00021578417550694774,0.00037152111728689724,0.0003,-57.702999114990234,0.553958535194397,-4.238517761230469,0.26451802253723145,-1.329845905303955,-3.0,56.29320526123047,84.85005950927734,2.0957257747650146,0.8143596649169922,59.97511100769043,1.0,-57.702999114990234,0.553958535194397,-4.238517761230469,0.26451802253723145,-1.329845905303955,-3.0,56.29320526123047,84.85005950927734,2.0957257747650146,1578.0,1578.0,0.0,0.0054885369646714794,0.0054885369646714794,0.0,0.00021578417550694774,0.00021578417550694774,0.0,0.00037152111728689724,0.00037152111728689724,0.0,0.0003,0.0003,0.0,-3.0,-3.0,0.0,0.0,0.3,28.4625,59.775000000000006,5455.052,59,Hopper-v5,6198,Trial_4
324.95808267593384,61,249856,179.0668064127998,195.40676520340222,169.1760030804115,84.97,1578,0.0054885369646714794,-3.0,0.99,0.00021578417550694774,0.00037152111728689724,0.0003,-58.618255615234375,0.7090698480606079,-3.9173598289489746,0.25869235396385193,-1.3521157503128052,-3.0,56.88488006591797,85.13541412353516,-0.12862232327461243,0.8157033920288086,60.91165733337402,1.0,-58.618255615234375,0.7090698480606079,-3.9173598289489746,0.25869235396385193,-1.3521157503128052,-3.0,56.88488006591797,85.13541412353516,-0.12862232327461243,1578.0,1578.0,0.0,0.0054885369646714794,0.0054885369646714794,0.0,0.00021578417550694774,0.00021578417550694774,0.0,0.00037152111728689724,0.00037152111728689724,0.0,0.0003,0.0003,0.0,-3.0,-3.0,0.0,0.0,0.26999999999999996,28.61428571428571,60.228571428571435,5461.299,60,Hopper-v5,6198,Trial_4
330.33704710006714,62,253952,179.78355714920895,195.40676520340222,169.1760030804115,85.1,1578,0.0054885369646714794,-3.0,0.99,0.00021578417550694774,0.00037152111728689724,0.0003,-59.17877197265625,0.5593067407608032,-4.240628719329834,0.252947598695755,-1.3745728731155396,-3.0,57.727020263671875,86.43781280517578,-2.403167247772217,0.9650745391845703,57.00650596618652,1.0,-59.17877197265625,0.5593067407608032,-4.240628719329834,0.252947598695755,-1.3745728731155396,-3.0,57.727020263671875,86.43781280517578,-2.403167247772217,1578.0,1578.0,0.0,0.0054885369646714794,0.0054885369646714794,0.0,0.00021578417550694774,0.00021578417550694774,0.0,0.00037152111728689724,0.00037152111728689724,0.0,0.0003,0.0003,0.0,-3.0,-3.0,0.0,0.0,0.24,28.1125,60.325,5437.125,61,Hopper-v5,6198,Trial_4
4.0106542110443115,1,4096,15.114501694662033,134.73993598787703,4.216377747286311,19.79787234042553,1055,0.01118486590226115,-3.0,0.99,0.0001399326455496045,0.0006342065031900597,0.0003,-4.898438453674316,0.10842309892177582,-0.08209995925426483,0.9836206436157227,-0.01651497185230255,-3.0,2.9618005752563477,9.027594566345215,1.1091700792312622,0.7731753587722778,2.923807680606842,1.0,-4.898438453674316,0.10842309892177582,-0.08209995925426483,0.9836206436157227,-0.01651497185230255,-3.0,2.9618005752563477,9.027594566345215,1.1091700792312622,1055.0,1055.0,0.0,0.01118486590226115,0.01118486590226115,0.0,0.0001399326455496045,0.0001399326455496045,0.0,0.0006342065031900597,0.0006342065031900597,0.0,0.0003,0.0003,0.0,-3.0,-3.0,0.0,0.0,0.3183333333333333,23.733333333333334,54.050000000000004,3996.148,0,Hopper-v5,6198,Trial_5
9.316049098968506,2,8192,17.160991732620985,112.37467678700106,3.9124819537163695,22.0989010989011,1055,0.01118486590226115,-3.0,0.99,0.0001399326455496045,0.0006342065031900597,0.0003,-5.835271835327148,0.10503803193569183,-0.20355036854743958,0.9602859020233154,-0.04052422568202019,-3.0,3.921602725982666,9.731205940246582,1.4936151504516602,0.5514458417892456,3.8345404267311096,1.0,-5.835271835327148,0.10503803193569183,-0.20355036854743958,0.9602859020233154,-0.04052422568202019,-3.0,3.921602725982666,9.731205940246582,1.4936151504516602,1055.0,1055.0,0.0,0.01118486590226115,0.01118486590226115,0.0,0.0001399326455496045,0.0001399326455496045,0.0,0.0006342065031900597,0.0006342065031900597,0.0,0.0003,0.0003,0.0,-3.0,-3.0,0.0,0.0,0.3457142857142857,28.3,54.528571428571425,4643.293,1,Hopper-v5,6198,Trial_5
14.587703704833984,3,12288,23.351452892384156,197.60879281435768,4.45618868411583,25.82389937106918,1055,0.01118486590226115,-3.0,0.99,0.0001399326455496045,0.0006342065031900597,0.0003,-7.285973072052002,0.11581410467624664,-0.3237937092781067,0.9375453591346741,-0.06449015438556671,-3.0,5.418449878692627,14.52373218536377,2.036618709564209,0.5310045480728149,5.230569124221802,1.0,-7.285973072052002,0.11581410467624664,-0.3237937092781067,0.9375453591346741,-0.06449015438556671,-3.0,5.418449878692627,14.52373218536377,2.036618709564209,1055.0,1055.0,0.0,0.01118486590226115,0.01118486590226115,0.0,0.0001399326455496045,0.0001399326455496045,0.0,0.0006342065031900597,0.0006342065031900597,0.0,0.0003,0.0003,0.0,-3.0,-3.0,0.0,0.0,0.3000000000000001,28.38571428571429,54.41428571428571,4848.991,2,Hopper-v5,6198,Trial_5
20.226367712020874,4,16384,27.883370264516028,147.23669021920827,2.4871642043942757,28.16417910447761,1055,0.01118486590226115,-3.0,0.99,0.0001399326455496045,0.0006342065031900597,0.0003,-9.019092559814453,0.12032041698694229,-0.4438360929489136,0.9154571294784546,-0.08833172172307968,-3.0,7.202842712402344,16.172157287597656,2.151322364807129,0.5304629802703857,5.589547276496887,1.0,-9.019092559814453,0.12032041698694229,-0.4438360929489136,0.9154571294784546,-0.08833172172307968,-3.0,7.202842712402344,16.172157287597656,2.151322364807129,1055.0,1055.0,0.0,0.01118486590226115,0.01118486590226115,0.0,0.0001399326455496045,0.0001399326455496045,0.0,0.0006342065031900597,0.0006342065031900597,0.0,0.0003,0.0003,0.0,-3.0,-3.0,0.0,0.0,0.3025,28.6,54.5,5043.321,3,Hopper-v5,6198,Trial_5
25.5119686126709,5,20480,35.530183943409455,175.75257425981556,1.690985480847247,33.45528455284553,1055,0.01118486590226115,-3.0,0.99,0.0001399326455496045,0.0006342065031900597,0.0003,-10.572912216186523,0.1509227156639099,-0.5456028580665588,0.8940622806549072,-0.11197987198829651,-3.0,8.766183853149414,24.751184463500977,1.6540390253067017,0.6102406978607178,6.391322374343872,1.0,-10.572912216186523,0.1509227156639099,-0.5456028580665588,0.8940622806549072,-0.11197987198829651,-3.0,8.766183853149414,24.751184463500977,1.6540390253067017,1055.0,1055.0,0.0,0.01118486590226115,0.01118486590226115,0.0,0.0001399326455496045,0.0001399326455496045,0.0,0.0006342065031900597,0.0006342065031900597,0.0,0.0003,0.0003,0.0,-3.0,-3.0,0.0,0.0,0.25,28.342857142857138,54.81428571428571,5089.327,4,Hopper-v5,6198,Trial_5
30.67133927345276,6,24576,53.970236666808425,196.85403834881163,5.5450836890974236,40.18,1055,0.01118486590226115,-3.0,0.99,0.0001399326455496045,0.0006342065031900597,0.0003,-12.760461807250977,0.21552345156669617,-0.6457547545433044,0.8734188079833984,-0.13534009456634521,-3.0,11.051460266113281,29.294761657714844,2.2735157012939453,0.6161501407623291,10.46100926399231,1.0,-12.760461807250977,0.21552345156669617,-0.6457547545433044,0.8734188079833984,-0.13534009456634521,-3.0,11.051460266113281,29.294761657714844,2.2735157012939453,1055.0,1055.0,0.0,0.01118486590226115,0.01118486590226115,0.0,0.0001399326455496045,0.0001399326455496045,0.0,0.0006342065031900597,0.0006342065031900597,0.0,0.0003,0.0003,0.0,-3.0,-3.0,0.0,0.0,0.2942857142857143,28.400000000000002,55.08571428571428,5099.349,5,Hopper-v5,6198,Trial_5
36.06159067153931,7,28672,60.97995479009167,214.44780606490787,5.3702019154105205,44.39,1055,0.01118486590226115,-3.0,0.99,0.0001399326455496045,0.0006342065031900597,0.0003,-14.466312408447266,0.23270206153392792,-0.7268005013465881,0.8534970283508301,-0.15841320157051086,-3.0,12.834253311157227,30.780216217041016,1.1947317123413086,0.6126470565795898,10.526950359344482,1.0,-14.466312408447266,0.23270206153392792,-0.7268005013465881,0.8534970283508301,-0.15841320157051086,-3.0,12.834253311157227,30.780216217041016,1.1947317123413086,1055.0,1055.0,0.0,0.01118486590226115,0.01118486590226115,0.0,0.0001399326455496045,0.0001399326455496045,0.0,0.0006342065031900597,0.0006342065031900597,0.0,0.0003,0.0003,0.0,-3.0,-3.0,0.0,0.0,0.24571428571428572,28.842857142857138,55.300000000000004,5139.336,6,Hopper-v5,6198,Trial_5
41.21832489967346,8,32768,79.6477092272528,214.44780606490787,3.0048773859322666,54.85,1055,0.01118486590226115,-3.0,0.99,0.0001399326455496045,0.0006342065031900597,0.0003,-16.253997802734375,0.2069387286901474,-0.8286285400390625,0.8343634605407715,-0.18108616769313812,-3.0,14.68854808807373,31.57269287109375,2.6759226322174072,0.6321041584014893,9.319377660751343,1.0,-16.253997802734375,0.2069387286901474,-0.8286285400390625,0.8343634605407715,-0.18108616769313812,-3.0,14.68854808807373,31.57269287109375,2.6759226322174072,1055.0,1055.0,0.0,0.01118486590226115,0.01118486590226115,0.0,0.0001399326455496045,0.0001399326455496045,0.0,0.0006342065031900597,0.0006342065031900597,0.0,0.0003,0.0003,0.0,-3.0,-3.0,0.0,0.0,0.22714285714285712,28.328571428571426,55.41428571428571,5140.208,7,Hopper-v5,6198,Trial_5
46.703163385391235,9,36864,88.74208144840804,211.2929935379146,8.243024452698762,58.69,1055,0.01118486590226115,-3.0,0.99,0.0001399326455496045,0.0006342065031900597,0.0003,-19.046682357788086,0.31705784797668457,-0.927634596824646,0.8158551454544067,-0.20351846516132355,-3.0,17.3734073638916,34.83989334106445,1.006852149963379,0.753671407699585,21.193029403686523,1.0,-19.046682357788086,0.31705784797668457,-0.927634596824646,0.8158551454544067,-0.20351846516132355,-3.0,17.3734073638916,34.83989334106445,1.006852149963379,1055.0,1055.0,0.0,0.01118486590226115,0.01118486590226115,0.0,0.0001399326455496045,0.0001399326455496045,0.0,0.0006342065031900597,0.0006342065031900597,0.0,0.0003,0.0003,0.0,-3.0,-3.0,0.0,0.0,0.24625000000000002,27.8375,55.775,5176.894,8,Hopper-v5,6198,Trial_5
52.14436602592468,10,40960,88.76994147308767,211.2929935379146,15.385125558319784,58.92,1055,0.01118486590226115,-3.0,0.99,0.0001399326455496045,0.0006342065031900597,0.0003,-20.957576751708984,0.26482847332954407,-1.024360179901123,0.7979283332824707,-0.22573648393154144,-3.0,19.199504852294922,40.015342712402344,0.35904890298843384,0.667288064956665,18.32758617401123,1.0,-20.957576751708984,0.26482847332954407,-1.024360179901123,0.7979283332824707,-0.22573648393154144,-3.0,19.199504852294922,40.015342712402344,0.35904890298843384,1055.0,1055.0,0.0,0.01118486590226115,0.01118486590226115,0.0,0.0001399326455496045,0.0001399326455496045,0.0,0.0006342065031900597,0.0006342065031900597,0.0,0.0003,0.0003,0.0,-3.0,-3.0,0.0,0.0,0.3271428571428571,29.785714285714285,55.75714285714286,5201.776,9,Hopper-v5,6198,Trial_5
57.71256470680237,11,45056,80.088532976062,147.65269818781834,44.31059711770755,47.48,1055,0.01118486590226115,-3.0,0.99,0.0001399326455496045,0.0006342065031900597,0.0003,-23.924394607543945,0.35598838329315186,-1.0462079048156738,0.7804235816001892,-0.24791844189167023,-3.0,22.22150421142578,38.15327453613281,3.0711312294006348,0.7067615985870361,24.038277626037598,1.0,-23.924394607543945,0.35598838329315186,-1.0462079048156738,0.7804235816001892,-0.24791844189167023,-3.0,22.22150421142578,38.15327453613281,3.0711312294006348,1055.0,1055.0,0.0,0.01118486590226115,0.01118486590226115,0.0,0.0001399326455496045,0.0001399326455496045,0.0,0.0006342065031900597,0.0006342065031900597,0.0,0.0003,0.0003,0.0,-3.0,-3.0,0.0,0.0,0.27625,28.5625,56.2375,5357.751,10,Hopper-v5,6198,Trial_5
62.98143029212952,12,49152,81.30352002422038,148.47841456398336,43.2446909954238,46.82,1055,0.01118486590226115,-3.0,0.99,0.0001399326455496045,0.0006342065031900597,0.0003,-26.007492065429688,0.29602527618408203,-1.1949474811553955,0.7633842825889587,-0.26999372243881226,-3.0,24.327037811279297,38.366844177246094,3.344233274459839,0.5768284797668457,22.03250789642334,1.0,-26.007492065429688,0.29602527618408203,-1.1949474811553955,0.7633842825889587,-0.26999372243881226,-3.0,24.327037811279297,38.366844177246094,3.344233274459839,1055.0,1055.0,0.0,0.01118486590226115,0.01118486590226115,0.0,0.0001399326455496045,0.0001399326455496045,0.0,0.0006342065031900597,0.0006342065031900597,0.0,0.0003,0.0003,0.0,-3.0,-3.0,0.0,0.0,0.25999999999999995,28.5,56.42857142857143,5354.427,11,Hopper-v5,6198,Trial_5
68.28818011283875,13,53248,89.27471501629151,187.94875836213177,41.43929470782219,50.66,1055,0.01118486590226115,-3.0,0.99,0.0001399326455496045,0.0006342065031900597,0.0003,-27.544336318969727,0.3430025577545166,-1.251011610031128,0.7466670870780945,-0.29213589429855347,-3.0,25.630859375,39.62508773803711,1.865280270576477,0.7428183555603027,27.10771894454956,1.0,-27.544336318969727,0.3430025577545166,-1.251011610031128,0.7466670870780945,-0.29213589429855347,-3.0,25.630859375,39.62508773803711,1.865280270576477,1055.0,1055.0,0.0,0.01118486590226115,0.01118486590226115,0.0,0.0001399326455496045,0.0001399326455496045,0.0,0.0006342065031900597,0.0006342065031900597,0.0,0.0003,0.0003,0.0,-3.0,-3.0,0.0,0.0,0.2857142857142857,28.171428571428574,56.58571428571429,5357.632,12,Hopper-v5,6198,Trial_5
73.6265161037445,14,57344,101.85774505331523,197.72599073277084,43.814329112657326,55.32,1055,0.01118486590226115,-3.0,0.99,0.0001399326455496045,0.0006342065031900597,0.0003,-30.192134857177734,0.40613943338394165,-1.3206602334976196,0.7304087281227112,-0.31415098905563354,-3.0,28.50137710571289,52.053768157958984,0.34852135181427,0.8003954887390137,29.433255195617676,1.0,-30.192134857177734,0.40613943338394165,-1.3206602334976196,0.7304087281227112,-0.31415098905563354,-3.0,28.50137710571289,52.053768157958984,0.34852135181427,1055.0,1055.0,0.0,0.01118486590226115,0.01118486590226115,0.0,0.0001399326455496045,0.0001399326455496045,0.0,0.0006342065031900597,0.0006342065031900597,0.0,0.0003,0.0003,0.0,-3.0,-3.0,0.0,0.0,0.26857142857142857,27.757142857142856,56.77142857142858,5327.486,13,Hopper-v5,6198,Trial_5
78.75473165512085,15,61440,125.59661890108399,205.08798698063248,41.17495634283061,64.1,1055,0.01118486590226115,-3.0,0.99,0.0001399326455496045,0.0006342065031900597,0.0003,-32.22528839111328,0.4193592071533203,-1.365754246711731,0.7147345542907715,-0.3358440697193146,-3.0,30.325759887695312,46.553611755371094,2.605527400970459,0.7800159454345703,29.594100952148438,1.0,-32.22528839111328,0.4193592071533203,-1.365754246711731,0.7147345542907715,-0.3358440697193146,-3.0,30.325759887695312,46.553611755371094,2.605527400970459,1055.0,1055.0,0.0,0.01118486590226115,0.01118486590226115,0.0,0.0001399326455496045,0.0001399326455496045,0.0,0.0006342065031900597,0.0006342065031900597,0.0,0.0003,0.0003,0.0,-3.0,-3.0,0.0,0.0,0.33285714285714285,28.71428571428571,57.05714285714286,5311.69,14,Hopper-v5,6198,Trial_5
83.91212677955627,16,65536,138.77464339041344,217.82639368932703,41.17495634283061,68.42,1055,0.01118486590226115,-3.0,0.99,0.0001399326455496045,0.0006342065031900597,0.0003,-34.76362228393555,0.48079362511634827,-1.4519894123077393,0.6994003057479858,-0.35753199458122253,-3.0,32.908477783203125,53.9443359375,7.099075794219971,0.7536554336547852,34.33621311187744,1.0,-34.76362228393555,0.48079362511634827,-1.4519894123077393,0.6994003057479858,-0.35753199458122253,-3.0,32.908477783203125,53.9443359375,7.099075794219971,1055.0,1055.0,0.0,0.01118486590226115,0.01118486590226115,0.0,0.0001399326455496045,0.0001399326455496045,0.0,0.0006342065031900597,0.0006342065031900597,0.0,0.0003,0.0003,0.0,-3.0,-3.0,0.0,0.0,0.32,29.042857142857144,57.228571428571435,5311.284,15,Hopper-v5,6198,Trial_5
89.44818782806396,17,69632,159.6545118592366,217.82639368932703,43.43209337820071,77.11,1055,0.01118486590226115,-3.0,0.99,0.0001399326455496045,0.0006342065031900597,0.0003,-36.400691986083984,0.46259966492652893,-1.521683931350708,0.6844334006309509,-0.3791639506816864,-3.0,34.359962463378906,58.8268928527832,1.5378245115280151,0.857417106628418,35.79187774658203,1.0,-36.400691986083984,0.46259966492652893,-1.521683931350708,0.6844334006309509,-0.3791639506816864,-3.0,34.359962463378906,58.8268928527832,1.5378245115280151,1055.0,1055.0,0.0,0.01118486590226115,0.01118486590226115,0.0,0.0001399326455496045,0.0001399326455496045,0.0,0.0006342065031900597,0.0006342065031900597,0.0,0.0003,0.0003,0.0,-3.0,-3.0,0.0,0.0,0.32625000000000004,28.200000000000003,57.525,5325.946,16,Hopper-v5,6198,Trial_5
94.89402532577515,18,73728,170.13509307405394,219.06931572882155,43.38035850251112,80.94,1055,0.01118486590226115,-3.0,0.99,0.0001399326455496045,0.0006342065031900597,0.0003,-38.60849380493164,0.5059647560119629,-1.5526928901672363,0.6698542833328247,-0.40069514513015747,-3.0,36.390525817871094,60.629154205322266,7.211124420166016,0.8648653030395508,36.57704734802246,1.0,-38.60849380493164,0.5059647560119629,-1.5526928901672363,0.6698542833328247,-0.40069514513015747,-3.0,36.390525817871094,60.629154205322266,7.211124420166016,1055.0,1055.0,0.0,0.01118486590226115,0.01118486590226115,0.0,0.0001399326455496045,0.0001399326455496045,0.0,0.0006342065031900597,0.0006342065031900597,0.0,0.0003,0.0003,0.0,-3.0,-3.0,0.0,0.0,0.31714285714285717,28.028571428571432,57.642857142857146,5354.739,17,Hopper-v5,6198,Trial_5
100.61258220672607,19,77824,175.2529752099998,219.06931572882155,43.00076568875644,82.69,1055,0.01118486590226115,-3.0,0.99,0.0001399326455496045,0.0006342065031900597,0.0003,-41.378475189208984,0.5489745140075684,-1.5516140460968018,0.6556692123413086,-0.42209893465042114,-3.0,39.44394302368164,62.81282043457031,6.736917495727539,1.1415715217590332,38.279513359069824,1.0,-41.378475189208984,0.5489745140075684,-1.5516140460968018,0.6556692123413086,-0.42209893465042114,-3.0,39.44394302368164,62.81282043457031,6.736917495727539,1055.0,1055.0,0.0,0.01118486590226115,0.01118486590226115,0.0,0.0001399326455496045,0.0001399326455496045,0.0,0.0006342065031900597,0.0006342065031900597,0.0,0.0003,0.0003,0.0,-3.0,-3.0,0.0,0.0,0.25625,28.1,57.95,5378.405,18,Hopper-v5,6198,Trial_5
105.81468653678894,20,81920,180.05499532273174,219.06931572882155,43.00076568875644,84.54,1055,0.01118486590226115,-3.0,0.99,0.0001399326455496045,0.0006342065031900597,0.0003,-43.80216598510742,0.47085893154144287,-1.7384436130523682,0.6417344212532043,-0.4435807764530182,-3.0,42.03416442871094,65.91722106933594,3.7084250450134277,0.8854141235351562,37.97189235687256,1.0,-43.80216598510742,0.47085893154144287,-1.7384436130523682,0.6417344212532043,-0.4435807764530182,-3.0,42.03416442871094,65.91722106933594,3.7084250450134277,1055.0,1055.0,0.0,0.01118486590226115,0.01118486590226115,0.0,0.0001399326455496045,0.0001399326455496045,0.0,0.0006342065031900597,0.0006342065031900597,0.0,0.0003,0.0003,0.0,-3.0,-3.0,0.0,0.0,0.2628571428571429,27.9,58.24285714285715,5354.616,19,Hopper-v5,6198,Trial_5
110.99414157867432,21,86016,180.17900953773162,205.6650289209661,44.109624242624335,84.59,1055,0.01118486590226115,-3.0,0.99,0.0001399326455496045,0.0006342065031900597,0.0003,-45.52140808105469,0.5639383792877197,-1.612391710281372,0.6280848383903503,-0.4650800824165344,-3.0,42.84666442871094,67.08506774902344,2.0895657539367676,1.0000085830688477,41.28383255004883,1.0,-45.52140808105469,0.5639383792877197,-1.612391710281372,0.6280848383903503,-0.4650800824165344,-3.0,42.84666442871094,67.08506774902344,2.0895657539367676,1055.0,1055.0,0.0,0.01118486590226115,0.01118486590226115,0.0,0.0001399326455496045,0.0001399326455496045,0.0,0.0006342065031900597,0.0006342065031900597,0.0,0.0003,0.0003,0.0,-3.0,-3.0,0.0,0.0,0.3028571428571429,28.914285714285715,58.385714285714286,5315.713,20,Hopper-v5,6198,Trial_5
116.23893189430237,22,90112,184.47414935981837,212.60667336962337,53.062444210091165,86.55,1055,0.01118486590226115,-3.0,0.99,0.0001399326455496045,0.0006342065031900597,0.0003,-47.424476623535156,0.6995651721954346,-1.802128791809082,0.6147663593292236,-0.4865129888057709,-3.0,45.06751251220703,69.29676818847656,5.535361289978027,0.8684701919555664,46.716078758239746,1.0,-47.424476623535156,0.6995651721954346,-1.802128791809082,0.6147663593292236,-0.4865129888057709,-3.0,45.06751251220703,69.29676818847656,5.535361289978027,1055.0,1055.0,0.0,0.01118486590226115,0.01118486590226115,0.0,0.0001399326455496045,0.0001399326455496045,0.0,0.0006342065031900597,0.0006342065031900597,0.0,0.0003,0.0003,0.0,-3.0,-3.0,0.0,0.0,0.35428571428571426,28.200000000000006,58.58571428571429,5313.432,21,Hopper-v5,6198,Trial_5
121.67905974388123,23,94208,181.89673616687497,215.8536902181246,47.61345956674339,85.57,1055,0.01118486590226115,-3.0,0.99,0.0001399326455496045,0.0006342065031900597,0.0003,-50.9291877746582,0.5988825559616089,-1.8126012086868286,0.6017045378684998,-0.507988691329956,-3.0,48.65311813354492,73.40293884277344,1.9488773345947266,1.0203208923339844,50.4767541885376,1.0,-50.9291877746582,0.5988825559616089,-1.8126012086868286,0.6017045378684998,-0.507988691329956,-3.0,48.65311813354492,73.40293884277344,1.9488773345947266,1055.0,1055.0,0.0,0.01118486590226115,0.01118486590226115,0.0,0.0001399326455496045,0.0001399326455496045,0.0,0.0006342065031900597,0.0006342065031900597,0.0,0.0003,0.0003,0.0,-3.0,-3.0,0.0,0.0,0.3385714285714285,28.400000000000002,58.81428571428571,5326.78,22,Hopper-v5,6198,Trial_5
126.84068274497986,24,98304,179.37318072266416,215.8536902181246,43.47203992645046,83.88,1055,0.01118486590226115,-3.0,0.99,0.0001399326455496045,0.0006342065031900597,0.0003,-52.40513610839844,0.6942859292030334,-1.8253083229064941,0.5889879465103149,-0.5293495059013367,-3.0,49.941932678222656,74.17488861083984,-1.3298125267028809,1.079270362854004,50.23099899291992,1.0,-52.40513610839844,0.6942859292030334,-1.8253083229064941,0.5889879465103149,-0.5293495059013367,-3.0,49.941932678222656,74.17488861083984,-1.3298125267028809,1055.0,1055.0,0.0,0.01118486590226115,0.01118486590226115,0.0,0.0001399326455496045,0.0001399326455496045,0.0,0.0006342065031900597,0.0006342065031900597,0.0,0.0003,0.0003,0.0,-3.0,-3.0,0.0,0.0,0.2871428571428572,28.328571428571426,59.228571428571435,5309.159,23,Hopper-v5,6198,Trial_5
132.2498664855957,25,102400,181.84717863630559,201.0600192810305,43.47203992645046,84.54,1055,0.01118486590226115,-3.0,0.99,0.0001399326455496045,0.0006342065031900597,0.0003,-55.26417922973633,0.7777057886123657,-1.998680591583252,0.5764729380607605,-0.5508268475532532,-3.0,53.02635955810547,76.43628692626953,10.897109031677246,0.8806447982788086,58.091142654418945,1.0,-55.26417922973633,0.7777057886123657,-1.998680591583252,0.5764729380607605,-0.5508268475532532,-3.0,53.02635955810547,76.43628692626953,10.897109031677246,1055.0,1055.0,0.0,0.01118486590226115,0.01118486590226115,0.0,0.0001399326455496045,0.0001399326455496045,0.0,0.0006342065031900597,0.0006342065031900597,0.0,0.0003,0.0003,0.0,-3.0,-3.0,0.0,0.0,0.23,28.3125,59.475,5337.528,24,Hopper-v5,6198,Trial_5
137.898540019989,26,106496,184.3339631580577,211.29359845228157,171.20833767590764,85.78,1055,0.01118486590226115,-3.0,0.99,0.0001399326455496045,0.0006342065031900597,0.0003,-57.652687072753906,0.6815086603164673,-2.08467960357666,0.564253568649292,-0.572251558303833,-3.0,55.53968048095703,81.3438491821289,13.577613830566406,0.9557199478149414,59.42091941833496,1.0,-57.652687072753906,0.6815086603164673,-2.08467960357666,0.564253568649292,-0.572251558303833,-3.0,55.53968048095703,81.3438491821289,13.577613830566406,1055.0,1055.0,0.0,0.01118486590226115,0.01118486590226115,0.0,0.0001399326455496045,0.0001399326455496045,0.0,0.0006342065031900597,0.0006342065031900597,0.0,0.0003,0.0003,0.0,-3.0,-3.0,0.0,0.0,0.29714285714285715,28.057142857142857,59.65714285714285,5386.877,25,Hopper-v5,6198,Trial_5
143.39467096328735,27,110592,185.25395739846917,211.29359845228157,172.36856342301954,86.07,1055,0.01118486590226115,-3.0,0.99,0.0001399326455496045,0.0006342065031900597,0.0003,-58.68983459472656,0.5729914903640747,-2.023817777633667,0.552304744720459,-0.5936552286148071,-3.0,56.76287078857422,82.48584747314453,3.915830135345459,1.013838768005371,63.48921012878418,1.0,-58.68983459472656,0.5729914903640747,-2.023817777633667,0.552304744720459,-0.5936552286148071,-3.0,56.76287078857422,82.48584747314453,3.915830135345459,1055.0,1055.0,0.0,0.01118486590226115,0.01118486590226115,0.0,0.0001399326455496045,0.0001399326455496045,0.0,0.0006342065031900597,0.0006342065031900597,0.0,0.0003,0.0003,0.0,-3.0,-3.0,0.0,0.0,0.2625,28.55,60.0125,5382.405,26,Hopper-v5,6198,Trial_5
148.64861726760864,28,114688,185.3385092599934,203.76267750237315,174.08991201782666,85.64,1055,0.01118486590226115,-3.0,0.99,0.0001399326455496045,0.0006342065031900597,0.0003,-62.690330505371094,0.5712149143218994,-2.248462200164795,0.5404718518257141,-0.6153127551078796,-3.0,60.72108459472656,92.60425567626953,13.544008255004883,1.1015033721923828,64.81755065917969,1.0,-62.690330505371094,0.5712149143218994,-2.248462200164795,0.5404718518257141,-0.6153127551078796,-3.0,60.72108459472656,92.60425567626953,13.544008255004883,1055.0,1055.0,0.0,0.01118486590226115,0.01118486590226115,0.0,0.0001399326455496045,0.0001399326455496045,0.0,0.0006342065031900597,0.0006342065031900597,0.0,0.0003,0.0003,0.0,-3.0,-3.0,0.0,0.0,0.21,28.3,60.25714285714285,5362.949,27,Hopper-v5,6198,Trial_5
154.03186750411987,29,118784,184.8849487814411,204.32617570559742,174.35954181936958,85.25,1055,0.01118486590226115,-3.0,0.99,0.0001399326455496045,0.0006342065031900597,0.0003,-62.741722106933594,0.5724742412567139,-2.3072662353515625,0.5288620591163635,-0.6370276212692261,-3.0,60.824378967285156,89.36363983154297,7.55164098739624,1.0295562744140625,62.668538093566895,1.0,-62.741722106933594,0.5724742412567139,-2.3072662353515625,0.5288620591163635,-0.6370276212692261,-3.0,60.824378967285156,89.36363983154297,7.55164098739624,1055.0,1055.0,0.0,0.01118486590226115,0.01118486590226115,0.0,0.0001399326455496045,0.0001399326455496045,0.0,0.0006342065031900597,0.0006342065031900597,0.0,0.0003,0.0003,0.0,-3.0,-3.0,0.0,0.0,0.26285714285714284,27.357142857142858,60.48571428571429,5329.347,28,Hopper-v5,6198,Trial_5
159.27108001708984,30,122880,184.05329145843993,204.32617570559742,170.9561080635252,85.15,1055,0.01118486590226115,-3.0,0.99,0.0001399326455496045,0.0006342065031900597,0.0003,-65.66038513183594,0.890052855014801,-2.23923397064209,0.5174359083175659,-0.6588695645332336,-3.0,63.30113220214844,92.14520263671875,6.876204013824463,1.289703369140625,72.51430892944336,1.0,-65.66038513183594,0.890052855014801,-2.23923397064209,0.5174359083175659,-0.6588695645332336,-3.0,63.30113220214844,92.14520263671875,6.876204013824463,1055.0,1055.0,0.0,0.01118486590226115,0.01118486590226115,0.0,0.0001399326455496045,0.0001399326455496045,0.0,0.0006342065031900597,0.0006342065031900597,0.0,0.0003,0.0003,0.0,-3.0,-3.0,0.0,0.0,0.1471428571428572,24.342857142857145,62.74285714285713,5333.464,29,Hopper-v5,6198,Trial_5
164.32431077957153,31,126976,182.92238851944876,205.70461567822468,170.9561080635252,85.11,1055,0.01118486590226115,-3.0,0.99,0.0001399326455496045,0.0006342065031900597,0.0003,-68.6834945678711,0.6576110124588013,-2.3239893913269043,0.5061150193214417,-0.6809913516044617,-3.0,66.34690856933594,99.11741638183594,-2.863377809524536,1.242940902709961,71.2618350982666,1.0,-68.6834945678711,0.6576110124588013,-2.3239893913269043,0.5061150193214417,-0.6809913516044617,-3.0,66.34690856933594,99.11741638183594,-2.863377809524536,1055.0,1055.0,0.0,0.01118486590226115,0.01118486590226115,0.0,0.0001399326455496045,0.0001399326455496045,0.0,0.0006342065031900597,0.0006342065031900597,0.0,0.0003,0.0003,0.0,-3.0,-3.0,0.0,0.0,0.13714285714285715,24.314285714285717,66.07142857142857,5320.738,30,Hopper-v5,6198,Trial_5
169.40094566345215,32,131072,181.66404557947087,205.70461567822468,171.0265792341629,84.73,1055,0.01118486590226115,-3.0,0.99,0.0001399326455496045,0.0006342065031900597,0.0003,-68.61882019042969,0.6835017204284668,-2.4586150646209717,0.49511316418647766,-0.7029688954353333,-3.0,66.16632080078125,97.05072021484375,7.0199408531188965,1.1340713500976562,71.11259841918945,1.0,-68.61882019042969,0.6835017204284668,-2.4586150646209717,0.49511316418647766,-0.7029688954353333,-3.0,66.16632080078125,97.05072021484375,7.0199408531188965,1055.0,1055.0,0.0,0.01118486590226115,0.01118486590226115,0.0,0.0001399326455496045,0.0001399326455496045,0.0,0.0006342065031900597,0.0006342065031900597,0.0,0.0003,0.0003,0.0,-3.0,-3.0,0.0,0.0,0.13714285714285712,24.242857142857144,69.2,5304.065,31,Hopper-v5,6198,Trial_5
175.1713662147522,33,135168,182.5543356834086,200.18870655321274,171.0265792341629,84.86,1055,0.01118486590226115,-3.0,0.99,0.0001399326455496045,0.0006342065031900597,0.0003,-71.71830749511719,0.6793162822723389,-2.612264394760132,0.484230637550354,-0.725193977355957,-3.0,69.44059753417969,103.0022201538086,4.374973773956299,1.200063705444336,71.94929122924805,1.0,-71.71830749511719,0.6793162822723389,-2.612264394760132,0.484230637550354,-0.725193977355957,-3.0,69.44059753417969,103.0022201538086,4.374973773956299,1055.0,1055.0,0.0,0.01118486590226115,0.01118486590226115,0.0,0.0001399326455496045,0.0001399326455496045,0.0,0.0006342065031900597,0.0006342065031900597,0.0,0.0003,0.0003,0.0,-3.0,-3.0,0.0,0.0,0.13375,28.9625,57.3,5337.196,32,Hopper-v5,6198,Trial_5
180.97139811515808,34,139264,182.89376313150294,200.18870655321274,171.31308476801638,84.72,1055,0.01118486590226115,-3.0,0.99,0.0001399326455496045,0.0006342065031900597,0.0003,-74.39286804199219,0.709511399269104,-2.663109302520752,0.4735921323299408,-0.7474087476730347,-3.0,72.30699157714844,101.66766357421875,4.712934494018555,1.0968589782714844,77.39848136901855,1.0,-74.39286804199219,0.709511399269104,-2.663109302520752,0.4735921323299408,-0.7474087476730347,-3.0,72.30699157714844,101.66766357421875,4.712934494018555,1055.0,1055.0,0.0,0.01118486590226115,0.01118486590226115,0.0,0.0001399326455496045,0.0001399326455496045,0.0,0.0006342065031900597,0.0006342065031900597,0.0,0.0003,0.0003,0.0,-3.0,-3.0,0.0,0.0,0.20625,33.725,50.3125,5401.465,33,Hopper-v5,6198,Trial_5
186.58735966682434,35,143360,181.35512828718313,199.9334571857397,170.6790380563258,84.51,1055,0.01118486590226115,-3.0,0.99,0.0001399326455496045,0.0006342065031900597,0.0003,-73.28387451171875,0.6394691467285156,-2.6970393657684326,0.4632048010826111,-0.7695859670639038,-3.0,70.8272476196289,104.48173522949219,5.045346260070801,1.230855941772461,72.40667915344238,1.0,-73.28387451171875,0.6394691467285156,-2.6970393657684326,0.4632048010826111,-0.7695859670639038,-3.0,70.8272476196289,104.48173522949219,5.045346260070801,1055.0,1055.0,0.0,0.01118486590226115,0.01118486590226115,0.0,0.0001399326455496045,0.0001399326455496045,0.0,0.0006342065031900597,0.0006342065031900597,0.0,0.0003,0.0003,0.0,-3.0,-3.0,0.0,0.0,0.31,28.38571428571429,54.1857142857143,5421.944,34,Hopper-v5,6198,Trial_5
192.03506350517273,36,147456,181.37543464724652,199.50838774664092,170.6790380563258,84.57,1055,0.01118486590226115,-3.0,0.99,0.0001399326455496045,0.0006342065031900597,0.0003,-76.57716369628906,0.514716386795044,-2.9323086738586426,0.4529412090778351,-0.7919929623603821,-3.0,74.84170532226562,110.9811782836914,3.095170497894287,0.9680519104003906,72.81221580505371,1.0,-76.57716369628906,0.514716386795044,-2.9323086738586426,0.4529412090778351,-0.7919929623603821,-3.0,74.84170532226562,110.9811782836914,3.095170497894287,1055.0,1055.0,0.0,0.01118486590226115,0.01118486590226115,0.0,0.0001399326455496045,0.0001399326455496045,0.0,0.0006342065031900597,0.0006342065031900597,0.0,0.0003,0.0003,0.0,-3.0,-3.0,0.0,0.0,0.32,28.575000000000003,54.3125,5401.589,35,Hopper-v5,6198,Trial_5
197.3360424041748,37,151552,182.24115816644684,204.55341706875063,172.75276428551823,84.4,1055,0.01118486590226115,-3.0,0.99,0.0001399326455496045,0.0006342065031900597,0.0003,-78.31791687011719,0.5604804158210754,-2.848410129547119,0.44283151626586914,-0.814565896987915,-3.0,76.19485473632812,112.25381469726562,15.259381294250488,1.1339054107666016,75.94455337524414,1.0,-78.31791687011719,0.5604804158210754,-2.848410129547119,0.44283151626586914,-0.814565896987915,-3.0,76.19485473632812,112.25381469726562,15.259381294250488,1055.0,1055.0,0.0,0.01118486590226115,0.01118486590226115,0.0,0.0001399326455496045,0.0001399326455496045,0.0,0.0006342065031900597,0.0006342065031900597,0.0,0.0003,0.0003,0.0,-3.0,-3.0,0.0,0.0,0.27714285714285714,29.0,54.18571428571429,5382.008,36,Hopper-v5,6198,Trial_5
203.00507426261902,38,155648,180.55211302586318,203.29169138058154,171.15062482876058,84.11,1055,0.01118486590226115,-3.0,0.99,0.0001399326455496045,0.0006342065031900597,0.0003,-80.53925323486328,0.6217638254165649,-3.1270079612731934,0.4329652190208435,-0.8370979428291321,-3.0,78.81477355957031,123.67268371582031,13.687989234924316,1.1418514251708984,76.2679615020752,1.0,-80.53925323486328,0.6217638254165649,-3.1270079612731934,0.4329652190208435,-0.8370979428291321,-3.0,78.81477355957031,123.67268371582031,13.687989234924316,1055.0,1055.0,0.0,0.01118486590226115,0.01118486590226115,0.0,0.0001399326455496045,0.0001399326455496045,0.0,0.0006342065031900597,0.0006342065031900597,0.0,0.0003,0.0003,0.0,-3.0,-3.0,0.0,0.0,0.2175,28.5125,54.2625,5423.899,37,Hopper-v5,6198,Trial_5
208.3124692440033,39,159744,180.2064417562797,192.99580077718494,171.15062482876058,84.08,1055,0.01118486590226115,-3.0,0.99,0.0001399326455496045,0.0006342065031900597,0.0003,-80.55458068847656,0.7094628214836121,-2.8226826190948486,0.42340776324272156,-0.859419584274292,-3.0,77.35054016113281,118.68761444091797,13.64114761352539,1.3016853332519531,77.62419319152832,1.0,-80.55458068847656,0.7094628214836121,-2.8226826190948486,0.42340776324272156,-0.859419584274292,-3.0,77.35054016113281,118.68761444091797,13.64114761352539,1055.0,1055.0,0.0,0.01118486590226115,0.01118486590226115,0.0,0.0001399326455496045,0.0001399326455496045,0.0,0.0006342065031900597,0.0006342065031900597,0.0,0.0003,0.0003,0.0,-3.0,-3.0,0.0,0.0,0.25142857142857145,28.557142857142857,54.47142857142858,5416.295,38,Hopper-v5,6198,Trial_5
213.55746841430664,40,163840,181.82137982853786,195.07941800046103,171.80015230471085,84.41,1055,0.01118486590226115,-3.0,0.99,0.0001399326455496045,0.0006342065031900597,0.0003,-84.15302276611328,0.8228534460067749,-3.110778331756592,0.4140540659427643,-0.8817588090896606,-3.0,81.3198013305664,117.16473388671875,20.347742080688477,1.366804599761963,80.6391830444336,1.0,-84.15302276611328,0.8228534460067749,-3.110778331756592,0.4140540659427643,-0.8817588090896606,-3.0,81.3198013305664,117.16473388671875,20.347742080688477,1055.0,1055.0,0.0,0.01118486590226115,0.01118486590226115,0.0,0.0001399326455496045,0.0001399326455496045,0.0,0.0006342065031900597,0.0006342065031900597,0.0,0.0003,0.0003,0.0,-3.0,-3.0,0.0,0.0,0.26142857142857145,28.728571428571428,54.642857142857146,5416.742,39,Hopper-v5,6198,Trial_5
218.99580574035645,41,167936,182.5719366241077,199.75906018852558,170.03240566811587,84.42,1055,0.01118486590226115,-3.0,0.99,0.0001399326455496045,0.0006342065031900597,0.0003,-85.42350006103516,0.5605963468551636,-3.309635639190674,0.40488556027412415,-0.9041508436203003,-3.0,83.49676513671875,122.42218017578125,5.11071252822876,0.9280300140380859,79.19696235656738,1.0,-85.42350006103516,0.5605963468551636,-3.309635639190674,0.40488556027412415,-0.9041508436203003,-3.0,83.49676513671875,122.42218017578125,5.11071252822876,1055.0,1055.0,0.0,0.01118486590226115,0.01118486590226115,0.0,0.0001399326455496045,0.0001399326455496045,0.0,0.0006342065031900597,0.0006342065031900597,0.0,0.0003,0.0003,0.0,-3.0,-3.0,0.0,0.0,0.26875000000000004,28.25,54.7375,5455.447,40,Hopper-v5,6198,Trial_5
224.57654237747192,42,172032,182.1972115194026,199.75906018852558,168.87043425019297,84.35,1055,0.01118486590226115,-3.0,0.99,0.0001399326455496045,0.0006342065031900597,0.0003,-88.03202819824219,0.731258749961853,-3.358409881591797,0.3959265649318695,-0.9265266060829163,-3.0,86.04113006591797,138.7070770263672,18.537059783935547,1.3976154327392578,82.43100166320801,1.0,-88.03202819824219,0.731258749961853,-3.358409881591797,0.3959265649318695,-0.9265266060829163,-3.0,86.04113006591797,138.7070770263672,18.537059783935547,1055.0,1055.0,0.0,0.01118486590226115,0.01118486590226115,0.0,0.0001399326455496045,0.0001399326455496045,0.0,0.0006342065031900597,0.0006342065031900597,0.0,0.0003,0.0003,0.0,-3.0,-3.0,0.0,0.0,0.2714285714285714,28.942857142857143,54.91428571428571,5505.492,41,Hopper-v5,6198,Trial_5
229.93208765983582,43,176128,181.55667262283026,200.24436459878294,168.87043425019297,84.3,1055,0.01118486590226115,-3.0,0.99,0.0001399326455496045,0.0006342065031900597,0.0003,-86.85325622558594,0.7165289521217346,-3.2824442386627197,0.38716205954551697,-0.9489119052886963,-3.0,84.3925552368164,127.6520004272461,0.12602871656417847,1.2441139221191406,78.42721748352051,1.0,-86.85325622558594,0.7165289521217346,-3.2824442386627197,0.38716205954551697,-0.9489119052886963,-3.0,84.3925552368164,127.6520004272461,0.12602871656417847,1055.0,1055.0,0.0,0.01118486590226115,0.01118486590226115,0.0,0.0001399326455496045,0.0001399326455496045,0.0,0.0006342065031900597,0.0006342065031900597,0.0,0.0003,0.0003,0.0,-3.0,-3.0,0.0,0.0,0.2871428571428572,28.785714285714285,55.028571428571425,5464.205,42,Hopper-v5,6198,Trial_5
235.4596426486969,44,180224,181.0880071201384,200.24436459878294,170.37918191952963,84.17,1055,0.01118486590226115,-3.0,0.99,0.0001399326455496045,0.0006342065031900597,0.0003,-88.0172119140625,0.6163079142570496,-3.36629056930542,0.3786507844924927,-0.9711409211158752,-3.0,86.39753723144531,134.6945343017578,-5.174765110015869,1.2445011138916016,78.39248275756836,1.0,-88.0172119140625,0.6163079142570496,-3.36629056930542,0.3786507844924927,-0.9711409211158752,-3.0,86.39753723144531,134.6945343017578,-5.174765110015869,1055.0,1055.0,0.0,0.01118486590226115,0.01118486590226115,0.0,0.0001399326455496045,0.0001399326455496045,0.0,0.0006342065031900597,0.0006342065031900597,0.0,0.0003,0.0003,0.0,-3.0,-3.0,0.0,0.0,0.3,28.3,55.0875,5436.533,43,Hopper-v5,6198,Trial_5
240.66808986663818,45,184320,182.85072830794925,202.83061351453367,170.37918191952963,84.43,1055,0.01118486590226115,-3.0,0.99,0.0001399326455496045,0.0006342065031900597,0.0003,-89.52576446533203,0.47824832797050476,-3.194521903991699,0.3703880310058594,-0.9932041168212891,-3.0,86.96806335449219,128.84738159179688,3.9992685317993164,1.177199363708496,70.9305191040039,1.0,-89.52576446533203,0.47824832797050476,-3.194521903991699,0.3703880310058594,-0.9932041168212891,-3.0,86.96806335449219,128.84738159179688,3.9992685317993164,1055.0,1055.0,0.0,0.01118486590226115,0.01118486590226115,0.0,0.0001399326455496045,0.0001399326455496045,0.0,0.0006342065031900597,0.0006342065031900597,0.0,0.0003,0.0003,0.0,-3.0,-3.0,0.0,0.0,0.34714285714285714,28.8,55.27142857142858,5395.887,44,Hopper-v5,6198,Trial_5
245.86673998832703,46,188416,183.95947317432913,202.83061351453367,171.10009759992434,84.66,1055,0.01118486590226115,-3.0,0.99,0.0001399326455496045,0.0006342065031900597,0.0003,-91.52555084228516,0.6399174928665161,-3.3109381198883057,0.3623345196247101,-1.0151875019073486,-3.0,89.12195587158203,129.0109405517578,2.1259493827819824,1.4066658020019531,78.97817802429199,1.0,-91.52555084228516,0.6399174928665161,-3.3109381198883057,0.3623345196247101,-1.0151875019073486,-3.0,89.12195587158203,129.0109405517578,2.1259493827819824,1055.0,1055.0,0.0,0.01118486590226115,0.01118486590226115,0.0,0.0001399326455496045,0.0001399326455496045,0.0,0.0006342065031900597,0.0006342065031900597,0.0,0.0003,0.0003,0.0,-3.0,-3.0,0.0,0.0,0.2914285714285714,28.414285714285715,55.44285714285714,5371.155,45,Hopper-v5,6198,Trial_5
251.38850021362305,47,192512,184.63026244261528,206.61117490037648,170.50021573940037,85.04,1055,0.01118486590226115,-3.0,0.99,0.0001399326455496045,0.0006342065031900597,0.0003,-91.18512725830078,0.7223613262176514,-3.150546073913574,0.3545117676258087,-1.0370137691497803,-3.0,88.53872680664062,140.11508178710938,-2.964724540710449,1.434152603149414,78.52904891967773,1.0,-91.18512725830078,0.7223613262176514,-3.150546073913574,0.3545117676258087,-1.0370137691497803,-3.0,88.53872680664062,140.11508178710938,-2.964724540710449,1055.0,1055.0,0.0,0.01118486590226115,0.01118486590226115,0.0,0.0001399326455496045,0.0001399326455496045,0.0,0.0006342065031900597,0.0006342065031900597,0.0,0.0003,0.0003,0.0,-3.0,-3.0,0.0,0.0,0.27749999999999997,27.85,55.6625,5393.771,46,Hopper-v5,6198,Trial_5
256.73279309272766,48,196608,185.12832280547767,206.61117490037648,170.50021573940037,85.14,1055,0.01118486590226115,-3.0,0.99,0.0001399326455496045,0.0006342065031900597,0.0003,-95.50372314453125,0.6421718597412109,-3.546403646469116,0.3467872738838196,-1.0590437650680542,-3.0,93.14607238769531,129.5577392578125,23.102195739746094,1.3519706726074219,78.09312438964844,1.0,-95.50372314453125,0.6421718597412109,-3.546403646469116,0.3467872738838196,-1.0590437650680542,-3.0,93.14607238769531,129.5577392578125,23.102195739746094,1055.0,1055.0,0.0,0.01118486590226115,0.01118486590226115,0.0,0.0001399326455496045,0.0001399326455496045,0.0,0.0006342065031900597,0.0006342065031900597,0.0,0.0003,0.0003,0.0,-3.0,-3.0,0.0,0.0,0.3271428571428571,29.157142857142855,55.89999999999999,5361.072,47,Hopper-v5,6198,Trial_5
262.0064709186554,49,200704,185.50488625871927,204.8329571627161,170.71446806389298,85.18,1055,0.01118486590226115,-3.0,0.99,0.0001399326455496045,0.0006342065031900597,0.0003,-93.96974182128906,0.8011904954910278,-3.6214678287506104,0.3392634093761444,-1.0809783935546875,-3.0,91.99691772460938,142.6061248779297,-5.196156978607178,1.383204460144043,78.80382919311523,1.0,-93.96974182128906,0.8011904954910278,-3.6214678287506104,0.3392634093761444,-1.0809783935546875,-3.0,91.99691772460938,142.6061248779297,-5.196156978607178,1055.0,1055.0,0.0,0.01118486590226115,0.01118486590226115,0.0,0.0001399326455496045,0.0001399326455496045,0.0,0.0006342065031900597,0.0006342065031900597,0.0,0.0003,0.0003,0.0,-3.0,-3.0,0.0,0.0,0.33,28.528571428571432,55.98571428571428,5357.979,48,Hopper-v5,6198,Trial_5
267.3860812187195,50,204800,186.58863142848125,205.5930713558225,167.18933695824833,85.33,1055,0.01118486590226115,-3.0,0.99,0.0001399326455496045,0.0006342065031900597,0.0003,-95.37399291992188,0.6335875988006592,-3.8010644912719727,0.3318377733230591,-1.1031090021133423,-3.0,93.05843353271484,148.0948028564453,4.610956192016602,1.181386947631836,74.56414794921875,1.0,-95.37399291992188,0.6335875988006592,-3.8010644912719727,0.3318377733230591,-1.1031090021133423,-3.0,93.05843353271484,148.0948028564453,4.610956192016602,1055.0,1055.0,0.0,0.01118486590226115,0.01118486590226115,0.0,0.0001399326455496045,0.0001399326455496045,0.0,0.0006342065031900597,0.0006342065031900597,0.0,0.0003,0.0003,0.0,-3.0,-3.0,0.0,0.0,0.2842857142857143,28.47142857142857,56.142857142857146,5371.105,49,Hopper-v5,6198,Trial_5
272.6227321624756,51,208896,187.15849189202396,207.44240608504182,167.18933695824833,85.42,1055,0.01118486590226115,-3.0,0.99,0.0001399326455496045,0.0006342065031900597,0.0003,-96.88005828857422,0.8037917017936707,-3.5683789253234863,0.32459843158721924,-1.125166416168213,-3.0,94.82334899902344,133.0403594970703,0.710192084312439,1.463287353515625,82.02366065979004,1.0,-96.88005828857422,0.8037917017936707,-3.5683789253234863,0.32459843158721924,-1.125166416168213,-3.0,94.82334899902344,133.0403594970703,0.710192084312439,1055.0,1055.0,0.0,0.01118486590226115,0.01118486590226115,0.0,0.0001399326455496045,0.0001399326455496045,0.0,0.0006342065031900597,0.0006342065031900597,0.0,0.0003,0.0003,0.0,-3.0,-3.0,0.0,0.0,0.3528571428571428,28.75714285714286,56.371428571428574,5350.957,50,Hopper-v5,6198,Trial_5
277.7245304584503,52,212992,187.72954698118093,207.44240608504182,171.77714890731986,85.72,1055,0.01118486590226115,-3.0,0.99,0.0001399326455496045,0.0006342065031900597,0.0003,-97.92124938964844,0.6683579683303833,-3.496201515197754,0.3175215721130371,-1.1472095251083374,-3.0,95.98774719238281,167.5187225341797,-15.418618202209473,1.42218017578125,78.80683326721191,1.0,-97.92124938964844,0.6683579683303833,-3.496201515197754,0.3175215721130371,-1.1472095251083374,-3.0,95.98774719238281,167.5187225341797,-15.418618202209473,1055.0,1055.0,0.0,0.01118486590226115,0.01118486590226115,0.0,0.0001399326455496045,0.0001399326455496045,0.0,0.0006342065031900597,0.0006342065031900597,0.0,0.0003,0.0003,0.0,-3.0,-3.0,0.0,0.0,0.3128571428571429,28.342857142857145,56.5,5303.244,51,Hopper-v5,6198,Trial_5
283.49191999435425,53,217088,185.88385163647473,206.59624315268164,171.52326190467335,85.36,1055,0.01118486590226115,-3.0,0.99,0.0001399326455496045,0.0006342065031900597,0.0003,-99.5845947265625,0.5952031016349792,-3.44299054145813,0.31064626574516296,-1.1691004037857056,-3.0,97.24961853027344,151.99029541015625,-5.21944522857666,1.3152217864990234,72.89594650268555,1.0,-99.5845947265625,0.5952031016349792,-3.44299054145813,0.31064626574516296,-1.1691004037857056,-3.0,97.24961853027344,151.99029541015625,-5.21944522857666,1055.0,1055.0,0.0,0.01118486590226115,0.01118486590226115,0.0,0.0001399326455496045,0.0001399326455496045,0.0,0.0006342065031900597,0.0006342065031900597,0.0,0.0003,0.0003,0.0,-3.0,-3.0,0.0,0.0,0.3,28.0375,56.7375,5344.11,52,Hopper-v5,6198,Trial_5
289.03611755371094,54,221184,187.10929125831615,202.96197687025966,171.52326190467335,85.47,1055,0.01118486590226115,-3.0,0.99,0.0001399326455496045,0.0006342065031900597,0.0003,-99.143310546875,0.6607388257980347,-3.5578012466430664,0.30398643016815186,-1.1907721757888794,-3.0,96.93026733398438,164.36288452148438,-4.6653900146484375,1.502878189086914,72.06009483337402,1.0,-99.143310546875,0.6607388257980347,-3.5578012466430664,0.30398643016815186,-1.1907721757888794,-3.0,96.93026733398438,164.36288452148438,-4.6653900146484375,1055.0,1055.0,0.0,0.01118486590226115,0.01118486590226115,0.0,0.0001399326455496045,0.0001399326455496045,0.0,0.0006342065031900597,0.0006342065031900597,0.0,0.0003,0.0003,0.0,-3.0,-3.0,0.0,0.0,0.315,28.4375,56.849999999999994,5346.025,53,Hopper-v5,6198,Trial_5
294.51890754699707,55,225280,189.0484012554456,210.21942684853522,173.50513409869419,85.86,1055,0.01118486590226115,-3.0,0.99,0.0001399326455496045,0.0006342065031900597,0.0003,-100.4830322265625,0.5133917927742004,-3.6041746139526367,0.29752060770988464,-1.212271809577942,-3.0,98.03099060058594,139.34323120117188,0.053799599409103394,1.2704658508300781,66.16450309753418,1.0,-100.4830322265625,0.5133917927742004,-3.6041746139526367,0.29752060770988464,-1.212271809577942,-3.0,98.03099060058594,139.34323120117188,0.053799599409103394,1055.0,1055.0,0.0,0.01118486590226115,0.01118486590226115,0.0,0.0001399326455496045,0.0001399326455496045,0.0,0.0006342065031900597,0.0006342065031900597,0.0,0.0003,0.0003,0.0,-3.0,-3.0,0.0,0.0,0.3157142857142857,28.228571428571428,57.02857142857143,5373.403,54,Hopper-v5,6198,Trial_5
299.88677644729614,56,229376,189.34286430002882,210.21942684853522,172.78173196670707,86.02,1055,0.01118486590226115,-3.0,0.99,0.0001399326455496045,0.0006342065031900597,0.0003,-100.34211730957031,0.5354151129722595,-3.6750621795654297,0.29129308462142944,-1.2334253787994385,-3.0,98.41361236572266,144.04263305664062,2.372210741043091,1.4338150024414062,66.1265869140625,1.0,-100.34211730957031,0.5354151129722595,-3.6750621795654297,0.29129308462142944,-1.2334253787994385,-3.0,98.41361236572266,144.04263305664062,2.372210741043091,1055.0,1055.0,0.0,0.01118486590226115,0.01118486590226115,0.0,0.0001399326455496045,0.0001399326455496045,0.0,0.0006342065031900597,0.0006342065031900597,0.0,0.0003,0.0003,0.0,-3.0,-3.0,0.0,0.0,0.34875,28.2,57.224999999999994,5389.851,55,Hopper-v5,6198,Trial_5
305.2261040210724,57,233472,192.04124331536127,227.89261746425674,171.75528644952433,86.76,1055,0.01118486590226115,-3.0,0.99,0.0001399326455496045,0.0006342065031900597,0.0003,-101.5046157836914,0.576006293296814,-3.713991165161133,0.2851596474647522,-1.2547061443328857,-3.0,99.60112762451172,145.62225341796875,-1.7550222873687744,1.3952579498291016,65.14328956604004,1.0,-101.5046157836914,0.576006293296814,-3.713991165161133,0.2851596474647522,-1.2547061443328857,-3.0,99.60112762451172,145.62225341796875,-1.7550222873687744,1055.0,1055.0,0.0,0.01118486590226115,0.01118486590226115,0.0,0.0001399326455496045,0.0001399326455496045,0.0,0.0006342065031900597,0.0006342065031900597,0.0,0.0003,0.0003,0.0,-3.0,-3.0,0.0,0.0,0.23857142857142857,28.61428571428571,57.471428571428575,5371.317,56,Hopper-v5,6198,Trial_5
310.3397493362427,58,237568,198.10333638189397,239.35118836842312,171.75528644952433,88.45,1055,0.01118486590226115,-3.0,0.99,0.0001399326455496045,0.0006342065031900597,0.0003,-102.24817657470703,0.6538277268409729,-3.0365805625915527,0.27923837304115295,-1.2756894826889038,-3.0,99.04464721679688,179.50413513183594,-4.981874465942383,1.5176639556884766,65.41509819030762,1.0,-102.24817657470703,0.6538277268409729,-3.0365805625915527,0.27923837304115295,-1.2756894826889038,-3.0,99.04464721679688,179.50413513183594,-4.981874465942383,1055.0,1055.0,0.0,0.01118486590226115,0.01118486590226115,0.0,0.0001399326455496045,0.0001399326455496045,0.0,0.0006342065031900597,0.0006342065031900597,0.0,0.0003,0.0003,0.0,-3.0,-3.0,0.0,0.0,0.31714285714285717,28.12857142857143,57.57142857142858,5348.226,57,Hopper-v5,6198,Trial_5
316.01835465431213,59,241664,203.8965341290501,239.35118836842312,176.67284508456405,89.84,1055,0.01118486590226115,-3.0,0.99,0.0001399326455496045,0.0006342065031900597,0.0003,-104.55645751953125,0.4991750121116638,-3.4285683631896973,0.27354538440704346,-1.2962877750396729,-3.0,102.23480987548828,168.84246826171875,-12.220412254333496,1.508676528930664,60.63018035888672,1.0,-104.55645751953125,0.4991750121116638,-3.4285683631896973,0.27354538440704346,-1.2962877750396729,-3.0,102.23480987548828,168.84246826171875,-12.220412254333496,1055.0,1055.0,0.0,0.01118486590226115,0.01118486590226115,0.0,0.0001399326455496045,0.0001399326455496045,0.0,0.0006342065031900597,0.0006342065031900597,0.0,0.0003,0.0003,0.0,-3.0,-3.0,0.0,0.0,0.27714285714285714,28.271428571428572,57.71428571428571,5388.477,58,Hopper-v5,6198,Trial_5
321.4769732952118,60,245760,206.02947404250727,242.86878910576235,178.02111550692413,90.39,1055,0.01118486590226115,-3.0,0.99,0.0001399326455496045,0.0006342065031900597,0.0003,-103.88899230957031,0.5239647626876831,-3.7759816646575928,0.2681022882461548,-1.3163866996765137,-3.0,101.38688659667969,153.53529357910156,6.954702377319336,1.6394052505493164,58.5321044921875,1.0,-103.88899230957031,0.5239647626876831,-3.7759816646575928,0.2681022882461548,-1.3163866996765137,-3.0,101.38688659667969,153.53529357910156,6.954702377319336,1055.0,1055.0,0.0,0.01118486590226115,0.01118486590226115,0.0,0.0001399326455496045,0.0001399326455496045,0.0,0.0006342065031900597,0.0006342065031900597,0.0,0.0003,0.0003,0.0,-3.0,-3.0,0.0,0.0,0.26,28.974999999999998,58.0,5396.951,59,Hopper-v5,6198,Trial_5
327.0233037471771,61,249856,209.77225078554645,242.86878910576235,178.02111550692413,91.58,1055,0.01118486590226115,-3.0,0.99,0.0001399326455496045,0.0006342065031900597,0.0003,-103.656494140625,0.5091890096664429,-3.4041922092437744,0.2627461552619934,-1.3365669250488281,-3.0,102.21466064453125,172.3470916748047,-4.080533504486084,1.5144367218017578,56.047367095947266,1.0,-103.656494140625,0.5091890096664429,-3.4041922092437744,0.2627461552619934,-1.3365669250488281,-3.0,102.21466064453125,172.3470916748047,-4.080533504486084,1055.0,1055.0,0.0,0.01118486590226115,0.01118486590226115,0.0,0.0001399326455496045,0.0001399326455496045,0.0,0.0006342065031900597,0.0006342065031900597,0.0,0.0003,0.0003,0.0,-3.0,-3.0,0.0,0.0,0.31,28.171428571428574,58.185714285714276,5427.879,60,Hopper-v5,6198,Trial_5
332.30475759506226,62,253952,215.45762798430357,247.78769208984028,181.95848271553018,93.19,1055,0.01118486590226115,-3.0,0.99,0.0001399326455496045,0.0006342065031900597,0.0003,-104.93315124511719,0.572226345539093,-3.591958999633789,0.2575654685497284,-1.3564813137054443,-3.0,103.39936065673828,151.66082763671875,-10.38211727142334,1.3064231872558594,54.69287109375,1.0,-104.93315124511719,0.572226345539093,-3.591958999633789,0.2575654685497284,-1.3564813137054443,-3.0,103.39936065673828,151.66082763671875,-10.38211727142334,1055.0,1055.0,0.0,0.01118486590226115,0.01118486590226115,0.0,0.0001399326455496045,0.0001399326455496045,0.0,0.0006342065031900597,0.0006342065031900597,0.0,0.0003,0.0003,0.0,-3.0,-3.0,0.0,0.0,0.28375,27.9,58.325,5445.928,61,Hopper-v5,6198,Trial_5
337.5478515625,63,258048,220.27845858219916,247.78769208984028,186.9274264892619,94.65,1055,0.01118486590226115,-3.0,0.99,0.0001399326455496045,0.0006342065031900597,0.0003,-107.94752502441406,0.5010027289390564,-3.6562647819519043,0.25239241123199463,-1.376770257949829,-3.0,105.66090393066406,161.45648193359375,-14.210192680358887,1.47113037109375,52.77036190032959,1.0,-107.94752502441406,0.5010027289390564,-3.6562647819519043,0.25239241123199463,-1.376770257949829,-3.0,105.66090393066406,161.45648193359375,-14.210192680358887,1055.0,1055.0,0.0,0.01118486590226115,0.01118486590226115,0.0,0.0001399326455496045,0.0001399326455496045,0.0,0.0006342065031900597,0.0006342065031900597,0.0,0.0003,0.0003,0.0,-3.0,-3.0,0.0,0.0,0.35285714285714287,28.557142857142853,58.60000000000001,5393.871,62,Hopper-v5,6198,Trial_5
342.9699168205261,64,262144,226.77972381273617,268.47566397017187,183.4375719002102,96.42,1055,0.01118486590226115,-3.0,0.99,0.0001399326455496045,0.0006342065031900597,0.0003,-106.24456787109375,0.4528994858264923,-3.8570566177368164,0.2472255676984787,-1.3974541425704956,-3.0,104.75492858886719,148.44944763183594,13.713284492492676,1.4406375885009766,46.03581714630127,1.0,-106.24456787109375,0.4528994858264923,-3.8570566177368164,0.2472255676984787,-1.3974541425704956,-3.0,104.75492858886719,148.44944763183594,13.713284492492676,1055.0,1055.0,0.0,0.01118486590226115,0.01118486590226115,0.0,0.0001399326455496045,0.0001399326455496045,0.0,0.0006342065031900597,0.0006342065031900597,0.0,0.0003,0.0003,0.0,-3.0,-3.0,0.0,0.0,0.27142857142857146,27.9,58.61428571428571,5381.739,63,Hopper-v5,6198,Trial_5
348.3568124771118,65,266240,231.59864994396855,268.47566397017187,183.4375719002102,97.95,1055,0.01118486590226115,-3.0,0.99,0.0001399326455496045,0.0006342065031900597,0.0003,-111.15398406982422,0.47136279940605164,-3.4841654300689697,0.24231718480587006,-1.4175077676773071,-3.0,109.45979309082031,169.45729064941406,1.226762294769287,1.384552001953125,56.483110427856445,1.0,-111.15398406982422,0.47136279940605164,-3.4841654300689697,0.24231718480587006,-1.4175077676773071,-3.0,109.45979309082031,169.45729064941406,1.226762294769287,1055.0,1055.0,0.0,0.01118486590226115,0.01118486590226115,0.0,0.0001399326455496045,0.0001399326455496045,0.0,0.0006342065031900597,0.0006342065031900597,0.0,0.0003,0.0003,0.0,-3.0,-3.0,0.0,0.0,0.23125,26.325,60.224999999999994,5372.26,64,Hopper-v5,6198,Trial_5
354.00613355636597,66,270336,231.5169636014098,266.60421906350825,183.4375719002102,98.06,1055,0.01118486590226115,-3.0,0.99,0.0001399326455496045,0.0006342065031900597,0.0003,-108.07025146484375,0.547333300113678,-3.8808753490448,0.23756682872772217,-1.43730628490448,-3.0,106.50303649902344,147.1249237060547,28.19540023803711,1.2711849212646484,59.544114112854004,1.0,-108.07025146484375,0.547333300113678,-3.8808753490448,0.23756682872772217,-1.43730628490448,-3.0,106.50303649902344,147.1249237060547,28.19540023803711,1055.0,1055.0,0.0,0.01118486590226115,0.01118486590226115,0.0,0.0001399326455496045,0.0001399326455496045,0.0,0.0006342065031900597,0.0006342065031900597,0.0,0.0003,0.0003,0.0,-3.0,-3.0,0.0,0.0,0.21428571428571425,26.900000000000002,58.92857142857143,5400.798,65,Hopper-v5,6198,Trial_5
359.880083322525,67,274432,237.12387804776478,274.192006253332,192.4387347754437,99.28,1055,0.01118486590226115,-3.0,0.99,0.0001399326455496045,0.0006342065031900597,0.0003,-111.16441345214844,0.4995073676109314,-3.821093797683716,0.23297518491744995,-1.4568233489990234,-3.0,110.5721206665039,171.51043701171875,7.10365104675293,1.5069465637207031,50.527557373046875,1.0,-111.16441345214844,0.4995073676109314,-3.821093797683716,0.23297518491744995,-1.4568233489990234,-3.0,110.5721206665039,171.51043701171875,7.10365104675293,1055.0,1055.0,0.0,0.01118486590226115,0.01118486590226115,0.0,0.0001399326455496045,0.0001399326455496045,0.0,0.0006342065031900597,0.0006342065031900597,0.0,0.0003,0.0003,0.0,-3.0,-3.0,0.0,0.0,0.18625,32.4625,54.425000000000004,5454.43,66,Hopper-v5,6198,Trial_5
365.1003386974335,68,278528,243.79176503647287,280.20201071826335,198.2560667924836,101.06,1055,0.01118486590226115,-3.0,0.99,0.0001399326455496045,0.0006342065031900597,0.0003,-112.50296020507812,0.5640112161636353,-3.443673849105835,0.22860030829906464,-1.4757802486419678,-3.0,111.032958984375,160.7718505859375,19.65742301940918,1.302591323852539,83.73021697998047,1.0,-112.50296020507812,0.5640112161636353,-3.443673849105835,0.22860030829906464,-1.4757802486419678,-3.0,111.032958984375,160.7718505859375,19.65742301940918,1055.0,1055.0,0.0,0.01118486590226115,0.01118486590226115,0.0,0.0001399326455496045,0.0001399326455496045,0.0,0.0006342065031900597,0.0006342065031900597,0.0,0.0003,0.0003,0.0,-3.0,-3.0,0.0,0.0,0.26285714285714284,28.25714285714286,57.44285714285714,5465.293,67,Hopper-v5,6198,Trial_5
370.42786622047424,69,282624,248.4245465975382,280.20201071826335,198.2560667924836,102.7,1055,0.01118486590226115,-3.0,0.99,0.0001399326455496045,0.0006342065031900597,0.0003,-113.3181381225586,0.46428585052490234,-3.3507614135742188,0.2243088185787201,-1.4947315454483032,-3.0,111.99771118164062,161.18983459472656,8.791875839233398,1.3362293243408203,44.43575572967529,1.0,-113.3181381225586,0.46428585052490234,-3.3507614135742188,0.2243088185787201,-1.4947315454483032,-3.0,111.99771118164062,161.18983459472656,8.791875839233398,1055.0,1055.0,0.0,0.01118486590226115,0.01118486590226115,0.0,0.0001399326455496045,0.0001399326455496045,0.0,0.0006342065031900597,0.0006342065031900597,0.0,0.0003,0.0003,0.0,-3.0,-3.0,0.0,0.0,0.33142857142857146,28.557142857142853,57.52857142857143,5430.192,68,Hopper-v5,6198,Trial_5
375.83869314193726,70,286720,247.68280603216502,280.2542420957746,198.2560667924836,103.9,1055,0.01118486590226115,-3.0,0.99,0.0001399326455496045,0.0006342065031900597,0.0003,-111.50967407226562,0.457012414932251,-2.7264633178710938,0.22040246427059174,-1.5123000144958496,-3.0,109.93569946289062,171.36390686035156,26.802770614624023,1.4781208038330078,46.5306396484375,1.0,-111.50967407226562,0.457012414932251,-2.7264633178710938,0.22040246427059174,-1.5123000144958496,-3.0,109.93569946289062,171.36390686035156,26.802770614624023,1055.0,1055.0,0.0,0.01118486590226115,0.01118486590226115,0.0,0.0001399326455496045,0.0001399326455496045,0.0,0.0006342065031900597,0.0006342065031900597,0.0,0.0003,0.0003,0.0,-3.0,-3.0,0.0,0.0,0.25,28.5375,57.2625,5425.046,69,Hopper-v5,6198,Trial_5
381.4011890888214,71,290816,249.72573552459934,280.2542420957746,214.23391208020473,104.94,1055,0.01118486590226115,-3.0,0.99,0.0001399326455496045,0.0006342065031900597,0.0003,-115.97793579101562,0.5932292938232422,-3.1121740341186523,0.21661722660064697,-1.5296235084533691,-3.0,114.47123718261719,188.56471252441406,19.973735809326172,1.553262710571289,54.107266426086426,1.0,-115.97793579101562,0.5932292938232422,-3.1121740341186523,0.21661722660064697,-1.5296235084533691,-3.0,114.47123718261719,188.56471252441406,19.973735809326172,1055.0,1055.0,0.0,0.01118486590226115,0.01118486590226115,0.0,0.0001399326455496045,0.0001399326455496045,0.0,0.0006342065031900597,0.0006342065031900597,0.0,0.0003,0.0003,0.0,-3.0,-3.0,0.0,0.0,0.2985714285714286,28.514285714285712,57.2,5426.885,70,Hopper-v5,6198,Trial_5
386.94746589660645,72,294912,249.5266264396189,280.2542420957746,209.99652235357453,105.11,1055,0.01118486590226115,-3.0,0.99,0.0001399326455496045,0.0006342065031900597,0.0003,-115.69403839111328,0.5007038116455078,-2.8410797119140625,0.2128748595714569,-1.5470508337020874,-3.0,114.1590576171875,184.0343780517578,3.90960431098938,1.3910255432128906,44.67445468902588,1.0,-115.69403839111328,0.5007038116455078,-2.8410797119140625,0.2128748595714569,-1.5470508337020874,-3.0,114.1590576171875,184.0343780517578,3.90960431098938,1055.0,1055.0,0.0,0.01118486590226115,0.01118486590226115,0.0,0.0001399326455496045,0.0001399326455496045,0.0,0.0006342065031900597,0.0006342065031900597,0.0,0.0003,0.0003,0.0,-3.0,-3.0,0.0,0.0,0.3225,28.5,57.55,5452.925,71,Hopper-v5,6198,Trial_5
392.7461576461792,73,299008,250.2468915691456,291.2847346382633,209.99652235357453,105.87,1055,0.01118486590226115,-3.0,0.99,0.0001399326455496045,0.0006342065031900597,0.0003,-118.56683349609375,0.5079663991928101,-2.7737927436828613,0.20924536883831024,-1.564247727394104,-3.0,117.54337310791016,187.212646484375,14.892654418945312,1.3740901947021484,47.461012840270996,1.0,-118.56683349609375,0.5079663991928101,-2.7737927436828613,0.20924536883831024,-1.564247727394104,-3.0,117.54337310791016,187.212646484375,14.892654418945312,1055.0,1055.0,0.0,0.01118486590226115,0.01118486590226115,0.0,0.0001399326455496045,0.0001399326455496045,0.0,0.0006342065031900597,0.0006342065031900597,0.0,0.0003,0.0003,0.0,-3.0,-3.0,0.0,0.0,0.22125,28.15,57.525,5508.081,72,Hopper-v5,6198,Trial_5
398.07397747039795,74,303104,252.23828608251418,291.2847346382633,209.99652235357453,107.61,1055,0.01118486590226115,-3.0,0.99,0.0001399326455496045,0.0006342065031900597,0.0003,-118.9515609741211,0.39127638936042786,-3.1268060207366943,0.2057325690984726,-1.5811781883239746,-3.0,117.47319030761719,186.41098022460938,15.267233848571777,1.3977279663085938,39.00468826293945,1.0,-118.9515609741211,0.39127638936042786,-3.1268060207366943,0.2057325690984726,-1.5811781883239746,-3.0,117.47319030761719,186.41098022460938,15.267233848571777,1055.0,1055.0,0.0,0.01118486590226115,0.01118486590226115,0.0,0.0001399326455496045,0.0001399326455496045,0.0,0.0006342065031900597,0.0006342065031900597,0.0,0.0003,0.0003,0.0,-3.0,-3.0,0.0,0.0,0.2542857142857143,28.685714285714283,57.58571428571429,5498.511,73,Hopper-v5,6198,Trial_5
403.5665748119354,75,307200,257.51626305341966,293.15243809396515,216.69982121525385,110.26,1055,0.01118486590226115,-3.0,0.99,0.0001399326455496045,0.0006342065031900597,0.0003,-118.84555053710938,0.47509604692459106,-3.205195426940918,0.20209281146526337,-1.59902822971344,-3.0,117.19308471679688,187.66371154785156,23.193336486816406,1.6144657135009766,34.613813400268555,1.0,-118.84555053710938,0.47509604692459106,-3.205195426940918,0.20209281146526337,-1.59902822971344,-3.0,117.19308471679688,187.66371154785156,23.193336486816406,1055.0,1055.0,0.0,0.01118486590226115,0.01118486590226115,0.0,0.0001399326455496045,0.0001399326455496045,0.0,0.0006342065031900597,0.0006342065031900597,0.0,0.0003,0.0003,0.0,-3.0,-3.0,0.0,0.0,0.2625,27.987499999999997,57.824999999999996,5509.011,74,Hopper-v5,6198,Trial_5
408.9639136791229,76,311296,265.4200348411787,300.12142759864753,216.69982121525385,113.35,1055,0.01118486590226115,-3.0,0.99,0.0001399326455496045,0.0006342065031900597,0.0003,-121.07920837402344,0.33161208033561707,-3.1062498092651367,0.1984836757183075,-1.6170483827590942,-3.0,119.83087158203125,192.49851989746094,12.648682594299316,1.4564628601074219,16.902252197265625,1.0,-121.07920837402344,0.33161208033561707,-3.1062498092651367,0.1984836757183075,-1.6170483827590942,-3.0,119.83087158203125,192.49851989746094,12.648682594299316,1055.0,1055.0,0.0,0.01118486590226115,0.01118486590226115,0.0,0.0001399326455496045,0.0001399326455496045,0.0,0.0006342065031900597,0.0006342065031900597,0.0,0.0003,0.0003,0.0,-3.0,-3.0,0.0,0.0,0.26857142857142857,28.714285714285715,57.97142857142857,5483.747,75,Hopper-v5,6198,Trial_5
414.4003562927246,77,315392,282.4036431181943,328.83285932527224,216.73674122910114,118.11,1055,0.01118486590226115,-3.0,0.99,0.0001399326455496045,0.0006342065031900597,0.0003,-120.79627990722656,0.44446074962615967,-3.0858495235443115,0.19479189813137054,-1.6358234882354736,-3.0,119.59336853027344,184.05352783203125,-7.399632453918457,1.5984878540039062,46.9212646484375,1.0,-120.79627990722656,0.44446074962615967,-3.0858495235443115,0.19479189813137054,-1.6358234882354736,-3.0,119.59336853027344,184.05352783203125,-7.399632453918457,1055.0,1055.0,0.0,0.01118486590226115,0.01118486590226115,0.0,0.0001399326455496045,0.0001399326455496045,0.0,0.0006342065031900597,0.0006342065031900597,0.0,0.0003,0.0003,0.0,-3.0,-3.0,0.0,0.0,0.31428571428571433,28.77142857142857,58.02857142857143,5439.96,76,Hopper-v5,6198,Trial_5
419.9569432735443,78,319488,298.8607807971934,336.4063188849401,234.5180076450201,122.44,1055,0.01118486590226115,-3.0,0.99,0.0001399326455496045,0.0006342065031900597,0.0003,-127.40911865234375,0.3503943383693695,-2.59287428855896,0.19124992191791534,-1.6541742086410522,-3.0,125.9208984375,208.90725708007812,14.49013900756836,1.2436408996582031,27.32676410675049,1.0,-127.40911865234375,0.3503943383693695,-2.59287428855896,0.19124992191791534,-1.6541742086410522,-3.0,125.9208984375,208.90725708007812,14.49013900756836,1055.0,1055.0,0.0,0.01118486590226115,0.01118486590226115,0.0,0.0001399326455496045,0.0001399326455496045,0.0,0.0006342065031900597,0.0006342065031900597,0.0,0.0003,0.0003,0.0,-3.0,-3.0,0.0,0.0,0.32875,28.1625,58.212500000000006,5473.512,77,Hopper-v5,6198,Trial_5
425.34297943115234,79,323584,316.64253533193255,342.5599164961705,258.7092864433317,126.3,1055,0.01118486590226115,-3.0,0.99,0.0001399326455496045,0.0006342065031900597,0.0003,-126.43730163574219,0.5756996870040894,-2.6276822090148926,0.18815144896507263,-1.6705080270767212,-3.0,124.84712219238281,210.85980224609375,-5.972324371337891,1.6738014221191406,64.13966751098633,1.0,-126.43730163574219,0.5756996870040894,-2.6276822090148926,0.18815144896507263,-1.6705080270767212,-3.0,124.84712219238281,210.85980224609375,-5.972324371337891,1055.0,1055.0,0.0,0.01118486590226115,0.01118486590226115,0.0,0.0001399326455496045,0.0001399326455496045,0.0,0.0006342065031900597,0.0006342065031900597,0.0,0.0003,0.0003,0.0,-3.0,-3.0,0.0,0.0,0.31000000000000005,28.45714285714286,58.15714285714285,5479.228,78,Hopper-v5,6198,Trial_5
430.7666823863983,80,327680,324.7883692592726,349.9050238831481,259.0906832076461,128.07,1055,0.01118486590226115,-3.0,0.99,0.0001399326455496045,0.0006342065031900597,0.0003,-128.46714782714844,0.4329507648944855,-2.563652992248535,0.18511813879013062,-1.6867610216140747,-3.0,126.76325988769531,212.01153564453125,13.321386337280273,1.5823726654052734,38.058061599731445,1.0,-128.46714782714844,0.4329507648944855,-2.563652992248535,0.18511813879013062,-1.6867610216140747,-3.0,126.76325988769531,212.01153564453125,13.321386337280273,1055.0,1055.0,0.0,0.01118486590226115,0.01118486590226115,0.0,0.0001399326455496045,0.0001399326455496045,0.0,0.0006342065031900597,0.0006342065031900597,0.0,0.0003,0.0003,0.0,-3.0,-3.0,0.0,0.0,0.29125,28.3875,58.425,5480.43,79,Hopper-v5,6198,Trial_5
436.52034974098206,81,331776,333.0570542162114,358.5662202782518,292.86464477867065,129.68,1055,0.01118486590226115,-3.0,0.99,0.0001399326455496045,0.0006342065031900597,0.0003,-128.12071228027344,0.3746032416820526,-2.8559272289276123,0.18226812779903412,-1.7022764682769775,-3.0,126.76411437988281,212.9201202392578,6.1312336921691895,1.4641075134277344,34.99174118041992,1.0,-128.12071228027344,0.3746032416820526,-2.8559272289276123,0.18226812779903412,-1.7022764682769775,-3.0,126.76411437988281,212.9201202392578,6.1312336921691895,1055.0,1055.0,0.0,0.01118486590226115,0.01118486590226115,0.0,0.0001399326455496045,0.0001399326455496045,0.0,0.0006342065031900597,0.0006342065031900597,0.0,0.0003,0.0003,0.0,-3.0,-3.0,0.0,0.0,0.23999999999999996,28.671428571428574,58.557142857142864,5499.396,80,Hopper-v5,6198,Trial_5
441.9992814064026,82,335872,339.616638893796,359.1580118661021,302.62513725551963,131.2,1055,0.01118486590226115,-3.0,0.99,0.0001399326455496045,0.0006342065031900597,0.0003,-133.77688598632812,0.4186582863330841,-2.7592945098876953,0.17934657633304596,-1.7184351682662964,-3.0,131.84434509277344,216.73403930664062,11.24793529510498,1.4726219177246094,36.51130771636963,1.0,-133.77688598632812,0.4186582863330841,-2.7592945098876953,0.17934657633304596,-1.7184351682662964,-3.0,131.84434509277344,216.73403930664062,11.24793529510498,1055.0,1055.0,0.0,0.01118486590226115,0.01118486590226115,0.0,0.0001399326455496045,0.0001399326455496045,0.0,0.0006342065031900597,0.0006342065031900597,0.0,0.0003,0.0003,0.0,-3.0,-3.0,0.0,0.0,0.2975,28.4375,58.575,5492.991,81,Hopper-v5,6198,Trial_5
447.48499584198,83,339968,347.89010878055996,370.4415182083963,302.62513725551963,132.87,1055,0.01118486590226115,-3.0,0.99,0.0001399326455496045,0.0006342065031900597,0.0003,-136.1453399658203,0.357482373714447,-3.1044554710388184,0.17664366960525513,-1.7336207628250122,-3.0,135.09005737304688,219.2606964111328,13.63901138305664,1.5769081115722656,12.319816589355469,1.0,-136.1453399658203,0.357482373714447,-3.1044554710388184,0.17664366960525513,-1.7336207628250122,-3.0,135.09005737304688,219.2606964111328,13.63901138305664,1055.0,1055.0,0.0,0.01118486590226115,0.01118486590226115,0.0,0.0001399326455496045,0.0001399326455496045,0.0,0.0006342065031900597,0.0006342065031900597,0.0,0.0003,0.0003,0.0,-3.0,-3.0,0.0,0.0,0.2757142857142857,28.742857142857144,58.74285714285714,5461.949,82,Hopper-v5,6198,Trial_5
452.9121129512787,84,344064,353.5521493028298,405.3650866091426,309.69738307184014,133.79,1055,0.01118486590226115,-3.0,0.99,0.0001399326455496045,0.0006342065031900597,0.0003,-134.5187530517578,0.6158894300460815,-1.7862845659255981,0.17406152188777924,-1.7483464479446411,-3.0,132.5294952392578,229.54270935058594,7.194648742675781,1.7849617004394531,25.4769926071167,1.0,-134.5187530517578,0.6158894300460815,-1.7862845659255981,0.17406152188777924,-1.7483464479446411,-3.0,132.5294952392578,229.54270935058594,7.194648742675781,1055.0,1055.0,0.0,0.01118486590226115,0.01118486590226115,0.0,0.0001399326455496045,0.0001399326455496045,0.0,0.0006342065031900597,0.0006342065031900597,0.0,0.0003,0.0003,0.0,-3.0,-3.0,0.0,0.0,0.28375000000000006,28.25,58.875,5471.859,83,Hopper-v5,6198,Trial_5
458.221608877182,85,348160,357.74073502353053,405.3650866091426,309.69738307184014,134.48,1055,0.01118486590226115,-3.0,0.99,0.0001399326455496045,0.0006342065031900597,0.0003,-133.57138061523438,0.4564775228500366,-1.646179437637329,0.17153918743133545,-1.7629435062408447,-3.0,131.85446166992188,227.4937286376953,1.019391417503357,1.4520454406738281,30.98753833770752,1.0,-133.57138061523438,0.4564775228500366,-1.646179437637329,0.17153918743133545,-1.7629435062408447,-3.0,131.85446166992188,227.4937286376953,1.019391417503357,1055.0,1055.0,0.0,0.01118486590226115,0.01118486590226115,0.0,0.0001399326455496045,0.0001399326455496045,0.0,0.0006342065031900597,0.0006342065031900597,0.0,0.0003,0.0003,0.0,-3.0,-3.0,0.0,0.0,0.23428571428571426,28.285714285714285,58.8,5453.689,84,Hopper-v5,6198,Trial_5
463.7030110359192,86,352256,365.41047219735924,463.68800322172865,309.69738307184014,136.45,1055,0.01118486590226115,-3.0,0.99,0.0001399326455496045,0.0006342065031900597,0.0003,-142.43130493164062,0.45686715841293335,-3.13700008392334,0.16905374825000763,-1.7775386571884155,-3.0,142.16552734375,239.38278198242188,-8.648103713989258,1.5552291870117188,10.59888744354248,1.0,-142.43130493164062,0.45686715841293335,-3.13700008392334,0.16905374825000763,-1.7775386571884155,-3.0,142.16552734375,239.38278198242188,-8.648103713989258,1055.0,1055.0,0.0,0.01118486590226115,0.01118486590226115,0.0,0.0001399326455496045,0.0001399326455496045,0.0,0.0006342065031900597,0.0006342065031900597,0.0,0.0003,0.0003,0.0,-3.0,-3.0,0.0,0.0,0.2871428571428572,28.728571428571428,58.98571428571428,5462.12,85,Hopper-v5,6198,Trial_5
469.027672290802,87,356352,378.1460637706914,502.32691257240833,314.4988362591524,140.76,1055,0.01118486590226115,-3.0,0.99,0.0001399326455496045,0.0006342065031900597,0.0003,-139.1060791015625,0.5523728132247925,-1.695862889289856,0.16661576926708221,-1.792064905166626,-3.0,137.9270782470703,237.42430114746094,14.861543655395508,1.5917911529541016,28.14114475250244,1.0,-139.1060791015625,0.5523728132247925,-1.695862889289856,0.16661576926708221,-1.792064905166626,-3.0,137.9270782470703,237.42430114746094,14.861543655395508,1055.0,1055.0,0.0,0.01118486590226115,0.01118486590226115,0.0,0.0001399326455496045,0.0001399326455496045,0.0,0.0006342065031900597,0.0006342065031900597,0.0,0.0003,0.0003,0.0,-3.0,-3.0,0.0,0.0,0.22625,28.3625,59.150000000000006,5450.961,86,Hopper-v5,6198,Trial_5
474.98120737075806,88,360448,395.7443662084497,545.3185126181237,277.0165300243036,147.11,1055,0.01118486590226115,-3.0,0.99,0.0001399326455496045,0.0006342065031900597,0.0003,-139.009521484375,0.5276579856872559,-2.3644347190856934,0.16426697373390198,-1.8062622547149658,-3.0,138.41961669921875,243.89820861816406,-0.0323825478553772,1.7370834350585938,15.01043701171875,1.0,-139.009521484375,0.5276579856872559,-2.3644347190856934,0.16426697373390198,-1.8062622547149658,-3.0,138.41961669921875,243.89820861816406,-0.0323825478553772,1055.0,1055.0,0.0,0.01118486590226115,0.01118486590226115,0.0,0.0001399326455496045,0.0001399326455496045,0.0,0.0006342065031900597,0.0006342065031900597,0.0,0.0003,0.0003,0.0,-3.0,-3.0,0.0,0.0,0.24875,28.224999999999998,59.375,5490.473,87,Hopper-v5,6198,Trial_5
480.5072252750397,89,364544,402.73665598941176,545.3185126181237,277.0165300243036,150.88,1055,0.01118486590226115,-3.0,0.99,0.0001399326455496045,0.0006342065031900597,0.0003,-145.8236846923828,0.45458412170410156,-2.5064311027526855,0.16194982826709747,-1.8204686641693115,-3.0,143.3731689453125,240.85617065429688,-17.005373001098633,1.477325439453125,15.680987358093262,1.0,-145.8236846923828,0.45458412170410156,-2.5064311027526855,0.16194982826709747,-1.8204686641693115,-3.0,143.3731689453125,240.85617065429688,-17.005373001098633,1055.0,1055.0,0.0,0.01118486590226115,0.01118486590226115,0.0,0.0001399326455496045,0.0001399326455496045,0.0,0.0006342065031900597,0.0006342065031900597,0.0,0.0003,0.0003,0.0,-3.0,-3.0,0.0,0.0,0.27571428571428575,28.2,59.45714285714286,5504.759,88,Hopper-v5,6198,Trial_5
485.98719096183777,90,368640,392.43377277925725,545.3185126181237,277.0165300243036,149.58,1055,0.01118486590226115,-3.0,0.99,0.0001399326455496045,0.0006342065031900597,0.0003,-147.1697998046875,0.5353100299835205,-2.3384621143341064,0.15971459448337555,-1.8343669176101685,-3.0,145.8677978515625,228.38003540039062,-15.239823341369629,1.6159820556640625,28.6918888092041,1.0,-147.1697998046875,0.5353100299835205,-2.3384621143341064,0.15971459448337555,-1.8343669176101685,-3.0,145.8677978515625,228.38003540039062,-15.239823341369629,1055.0,1055.0,0.0,0.01118486590226115,0.01118486590226115,0.0,0.0001399326455496045,0.0001399326455496045,0.0,0.0006342065031900597,0.0006342065031900597,0.0,0.0003,0.0003,0.0,-3.0,-3.0,0.0,0.0,0.27249999999999996,28.0875,59.587500000000006,5510.505,89,Hopper-v5,6198,Trial_5
491.3832378387451,91,372736,375.92329496720265,545.3185126181237,277.0165300243036,145.13,1055,0.01118486590226115,-3.0,0.99,0.0001399326455496045,0.0006342065031900597,0.0003,-147.04766845703125,0.5279337167739868,-2.478199005126953,0.15715718269348145,-1.8505088090896606,-3.0,145.91847229003906,249.88987731933594,-4.393211364746094,1.5643501281738281,17.949708461761475,1.0,-147.04766845703125,0.5279337167739868,-2.478199005126953,0.15715718269348145,-1.8505088090896606,-3.0,145.91847229003906,249.88987731933594,-4.393211364746094,1055.0,1055.0,0.0,0.01118486590226115,0.01118486590226115,0.0,0.0001399326455496045,0.0001399326455496045,0.0,0.0006342065031900597,0.0006342065031900597,0.0,0.0003,0.0003,0.0,-3.0,-3.0,0.0,0.0,0.2871428571428572,28.01428571428571,59.800000000000004,5474.554,90,Hopper-v5,6198,Trial_5
497.0068802833557,92,376832,360.6047495519924,517.6087459378559,293.6556258644785,139.09,1055,0.01118486590226115,-3.0,0.99,0.0001399326455496045,0.0006342065031900597,0.0003,-149.41336059570312,0.8503246307373047,-2.2351267337799072,0.15471214056015015,-1.8661890029907227,-3.0,147.59925842285156,237.81005859375,3.8296024799346924,1.7276229858398438,44.87536430358887,1.0,-149.41336059570312,0.8503246307373047,-2.2351267337799072,0.15471214056015015,-1.8661890029907227,-3.0,147.59925842285156,237.81005859375,3.8296024799346924,1055.0,1055.0,0.0,0.01118486590226115,0.01118486590226115,0.0,0.0001399326455496045,0.0001399326455496045,0.0,0.0006342065031900597,0.0006342065031900597,0.0,0.0003,0.0003,0.0,-3.0,-3.0,0.0,0.0,0.28500000000000003,28.6625,59.825,5488.618,91,Hopper-v5,6198,Trial_5
502.40737438201904,93,380928,351.6944044870152,464.3464903052086,293.6556258644785,134.92,1055,0.01118486590226115,-3.0,0.99,0.0001399326455496045,0.0006342065031900597,0.0003,-151.62200927734375,0.5765926837921143,-1.8686554431915283,0.15237820148468018,-1.8813897371292114,-3.0,149.97096252441406,245.31912231445312,-0.08377048373222351,2.0022430419921875,11.92703890800476,1.0,-151.62200927734375,0.5765926837921143,-1.8686554431915283,0.15237820148468018,-1.8813897371292114,-3.0,149.97096252441406,245.31912231445312,-0.08377048373222351,1055.0,1055.0,0.0,0.01118486590226115,0.01118486590226115,0.0,0.0001399326455496045,0.0001399326455496045,0.0,0.0006342065031900597,0.0006342065031900597,0.0,0.0003,0.0003,0.0,-3.0,-3.0,0.0,0.0,0.2671428571428572,28.58571428571429,59.971428571428575,5480.334,92,Hopper-v5,6198,Trial_5
507.8730158805847,94,385024,348.13439145552957,387.9587337365103,301.7912870318163,131.58,1055,0.01118486590226115,-3.0,0.99,0.0001399326455496045,0.0006342065031900597,0.0003,-150.28338623046875,0.6638050079345703,-2.1359076499938965,0.15023939311504364,-1.895525336265564,-3.0,148.50906372070312,238.9333953857422,-9.789212226867676,1.9317893981933594,35.717153549194336,1.0,-150.28338623046875,0.6638050079345703,-2.1359076499938965,0.15023939311504364,-1.895525336265564,-3.0,148.50906372070312,238.9333953857422,-9.789212226867676,1055.0,1055.0,0.0,0.01118486590226115,0.01118486590226115,0.0,0.0001399326455496045,0.0001399326455496045,0.0,0.0006342065031900597,0.0006342065031900597,0.0,0.0003,0.0003,0.0,-3.0,-3.0,0.0,0.0,0.25125,28.099999999999998,59.9875,5484.295,93,Hopper-v5,6198,Trial_5
513.9284942150116,95,389120,345.68748669199266,387.9587337365103,301.7912870318163,129.14,1055,0.01118486590226115,-3.0,0.99,0.0001399326455496045,0.0006342065031900597,0.0003,-162.29302978515625,0.6784554719924927,-0.873087465763092,0.1483093798160553,-1.9084547758102417,-3.0,161.12513732910156,247.75999450683594,4.618326187133789,1.811197280883789,27.297534942626953,1.0,-162.29302978515625,0.6784554719924927,-0.873087465763092,0.1483093798160553,-1.9084547758102417,-3.0,161.12513732910156,247.75999450683594,4.618326187133789,1055.0,1055.0,0.0,0.01118486590226115,0.01118486590226115,0.0,0.0001399326455496045,0.0001399326455496045,0.0,0.0006342065031900597,0.0006342065031900597,0.0,0.0003,0.0003,0.0,-3.0,-3.0,0.0,0.0,0.25125,28.362499999999997,60.150000000000006,5558.531,94,Hopper-v5,6198,Trial_5
519.2354295253754,96,393216,343.6133864490581,366.93449027611126,315.2694018259113,126.62,1055,0.01118486590226115,-3.0,0.99,0.0001399326455496045,0.0006342065031900597,0.0003,-157.23533630371094,0.7987706661224365,-1.191133975982666,0.14638002216815948,-1.9215490818023682,-3.0,155.61764526367188,241.34066772460938,-7.854281902313232,1.8910865783691406,49.49968433380127,1.0,-157.23533630371094,0.7987706661224365,-1.191133975982666,0.14638002216815948,-1.9215490818023682,-3.0,155.61764526367188,241.34066772460938,-7.854281902313232,1055.0,1055.0,0.0,0.01118486590226115,0.01118486590226115,0.0,0.0001399326455496045,0.0001399326455496045,0.0,0.0006342065031900597,0.0006342065031900597,0.0,0.0003,0.0003,0.0,-3.0,-3.0,0.0,0.0,0.32142857142857145,27.87142857142857,60.12857142857143,5541.207,95,Hopper-v5,6198,Trial_5
524.6704533100128,97,397312,340.7713286158441,366.93449027611126,315.2694018259113,124.83,1055,0.01118486590226115,-3.0,0.99,0.0001399326455496045,0.0006342065031900597,0.0003,-161.08395385742188,0.6088818311691284,-2.0883095264434814,0.1444944143295288,-1.9345144033432007,-3.0,158.79324340820312,254.0609130859375,7.489858150482178,1.8947067260742188,12.668560028076172,1.0,-161.08395385742188,0.6088818311691284,-2.0883095264434814,0.1444944143295288,-1.9345144033432007,-3.0,158.79324340820312,254.0609130859375,7.489858150482178,1055.0,1055.0,0.0,0.01118486590226115,0.01118486590226115,0.0,0.0001399326455496045,0.0001399326455496045,0.0,0.0006342065031900597,0.0006342065031900597,0.0,0.0003,0.0003,0.0,-3.0,-3.0,0.0,0.0,0.27999999999999997,28.54285714285714,60.24285714285715,5552.27,96,Hopper-v5,6198,Trial_5
530.2807567119598,98,401408,339.58622835789157,364.73994936038235,310.8154155354559,124.55,1055,0.01118486590226115,-3.0,0.99,0.0001399326455496045,0.0006342065031900597,0.0003,-161.027587890625,0.8073428273200989,-1.8872593641281128,0.1426619440317154,-1.9472774267196655,-3.0,159.51425170898438,244.62060546875,-18.843669891357422,1.7895774841308594,42.375515937805176,1.0,-161.027587890625,0.8073428273200989,-1.8872593641281128,0.1426619440317154,-1.9472774267196655,-3.0,159.51425170898438,244.62060546875,-18.843669891357422,1055.0,1055.0,0.0,0.01118486590226115,0.01118486590226115,0.0,0.0001399326455496045,0.0001399326455496045,0.0,0.0006342065031900597,0.0006342065031900597,0.0,0.0003,0.0003,0.0,-3.0,-3.0,0.0,0.0,0.36000000000000004,28.3625,60.324999999999996,5518.063,97,Hopper-v5,6198,Trial_5
535.6142303943634,99,405504,340.70130822584576,358.30170022441,310.8154155354559,124.9,1055,0.01118486590226115,-3.0,0.99,0.0001399326455496045,0.0006342065031900597,0.0003,-156.2242889404297,0.5754827260971069,-1.2245187759399414,0.14059770107269287,-1.9618526697158813,-3.0,154.02081298828125,246.87306213378906,-15.538357734680176,1.8414840698242188,15.562042236328125,1.0,-156.2242889404297,0.5754827260971069,-1.2245187759399414,0.14059770107269287,-1.9618526697158813,-3.0,154.02081298828125,246.87306213378906,-15.538357734680176,1055.0,1055.0,0.0,0.01118486590226115,0.01118486590226115,0.0,0.0001399326455496045,0.0001399326455496045,0.0,0.0006342065031900597,0.0006342065031900597,0.0,0.0003,0.0003,0.0,-3.0,-3.0,0.0,0.0,0.32142857142857145,28.142857142857142,60.371428571428574,5498.837,98,Hopper-v5,6198,Trial_5
540.8235514163971,100,409600,341.2181049306042,360.5031234083936,275.53389633770763,125.34,1055,0.01118486590226115,-3.0,0.99,0.0001399326455496045,0.0006342065031900597,0.0003,-163.8447265625,0.6284860968589783,-1.402895450592041,0.13888230919837952,-1.9741284847259521,-3.0,162.87142944335938,250.08514404296875,-21.4681339263916,1.8680729866027832,16.97746229171753,1.0,-163.8447265625,0.6284860968589783,-1.402895450592041,0.13888230919837952,-1.9741284847259521,-3.0,162.87142944335938,250.08514404296875,-21.4681339263916,1055.0,1055.0,0.0,0.01118486590226115,0.01118486590226115,0.0,0.0001399326455496045,0.0001399326455496045,0.0,0.0006342065031900597,0.0006342065031900597,0.0,0.0003,0.0003,0.0,-3.0,-3.0,0.0,0.0,0.25999999999999995,28.685714285714287,60.44285714285714,5471.726,99,Hopper-v5,6198,Trial_5
546.1695907115936,101,413696,342.13256558295217,365.71096165061135,275.53389633770763,125.8,1055,0.01118486590226115,-3.0,0.99,0.0001399326455496045,0.0006342065031900597,0.0003,-156.87791442871094,0.7760375142097473,-0.777072548866272,0.13743485510349274,-1.9846051931381226,-3.0,155.06658935546875,249.64224243164062,-17.076841354370117,1.87335205078125,39.86233901977539,1.0,-156.87791442871094,0.7760375142097473,-0.777072548866272,0.13743485510349274,-1.9846051931381226,-3.0,155.06658935546875,249.64224243164062,-17.076841354370117,1055.0,1055.0,0.0,0.01118486590226115,0.01118486590226115,0.0,0.0001399326455496045,0.0001399326455496045,0.0,0.0006342065031900597,0.0006342065031900597,0.0,0.0003,0.0003,0.0,-3.0,-3.0,0.0,0.0,0.26285714285714284,28.17142857142857,60.614285714285714,5466.753,100,Hopper-v5,6198,Trial_5
552.2099204063416,102,417792,345.6028513110668,372.7726432167166,275.53389633770763,127.0,1055,0.01118486590226115,-3.0,0.99,0.0001399326455496045,0.0006342065031900597,0.0003,-162.34426879882812,0.7456445693969727,-1.7733293771743774,0.13629268109798431,-1.992950677871704,-3.0,161.46804809570312,251.9293212890625,-22.191810607910156,1.736297607421875,19.81596612930298,1.0,-162.34426879882812,0.7456445693969727,-1.7733293771743774,0.13629268109798431,-1.992950677871704,-3.0,161.46804809570312,251.9293212890625,-22.191810607910156,1055.0,1055.0,0.0,0.01118486590226115,0.01118486590226115,0.0,0.0001399326455496045,0.0001399326455496045,0.0,0.0006342065031900597,0.0006342065031900597,0.0,0.0003,0.0003,0.0,-3.0,-3.0,0.0,0.0,0.28875,28.0875,60.5125,5508.685,101,Hopper-v5,6198,Trial_5
557.8556110858917,103,421888,348.25713771688453,372.7726432167166,295.8873776035479,128.34,1055,0.01118486590226115,-3.0,0.99,0.0001399326455496045,0.0006342065031900597,0.0003,-170.8544921875,0.705079197883606,-1.2998729944229126,0.13516999781131744,-2.0012221336364746,-3.0,169.14361572265625,253.75421142578125,10.150049209594727,1.7530136108398438,32.93540000915527,1.0,-170.8544921875,0.705079197883606,-1.2998729944229126,0.13516999781131744,-2.0012221336364746,-3.0,169.14361572265625,253.75421142578125,10.150049209594727,1055.0,1055.0,0.0,0.01118486590226115,0.01118486590226115,0.0,0.0001399326455496045,0.0001399326455496045,0.0,0.0006342065031900597,0.0006342065031900597,0.0,0.0003,0.0003,0.0,-3.0,-3.0,0.0,0.0,0.2975,28.8125,60.5375,5532.942,102,Hopper-v5,6198,Trial_5
563.499175786972,104,425984,352.14421381120394,372.7726432167166,301.5676659245786,129.4,1055,0.01118486590226115,-3.0,0.99,0.0001399326455496045,0.0006342065031900597,0.0003,-172.28546142578125,0.9216972589492798,-0.6507129073143005,0.13428299129009247,-2.007805824279785,-3.0,170.97921752929688,263.0345458984375,-0.8642746806144714,2.1212692260742188,47.52316951751709,1.0,-172.28546142578125,0.9216972589492798,-0.6507129073143005,0.13428299129009247,-2.007805824279785,-3.0,170.97921752929688,263.0345458984375,-0.8642746806144714,1055.0,1055.0,0.0,0.01118486590226115,0.01118486590226115,0.0,0.0001399326455496045,0.0001399326455496045,0.0,0.0006342065031900597,0.0006342065031900597,0.0,0.0003,0.0003,0.0,-3.0,-3.0,0.0,0.0,0.29375,27.75,60.65,5550.471,103,Hopper-v5,6198,Trial_5
568.8487441539764,105,430080,354.3755371064661,372.7726432167166,302.89748802724245,130.38,1055,0.01118486590226115,-3.0,0.99,0.0001399326455496045,0.0006342065031900597,0.0003,-163.9365997314453,0.8457731008529663,-0.11262020468711853,0.13363121449947357,-2.01267147064209,-3.0,161.92019653320312,259.73895263671875,-19.7940731048584,1.6855964660644531,61.36359405517578,1.0,-163.9365997314453,0.8457731008529663,-0.11262020468711853,0.13363121449947357,-2.01267147064209,-3.0,161.92019653320312,259.73895263671875,-19.7940731048584,1055.0,1055.0,0.0,0.01118486590226115,0.01118486590226115,0.0,0.0001399326455496045,0.0001399326455496045,0.0,0.0006342065031900597,0.0006342065031900597,0.0,0.0003,0.0003,0.0,-3.0,-3.0,0.0,0.0,0.26285714285714284,27.971428571428568,60.81428571428571,5479.922,104,Hopper-v5,6198,Trial_5
574.15003490448,106,434176,352.44099613580556,374.2668016950194,157.79869823154493,129.89,1055,0.01118486590226115,-3.0,0.99,0.0001399326455496045,0.0006342065031900597,0.0003,-171.19384765625,0.8222887516021729,-0.5774222612380981,0.13322046399116516,-2.015749931335449,-3.0,169.63290405273438,261.8067626953125,-5.687946319580078,2.0259437561035156,37.065070152282715,1.0,-171.19384765625,0.8222887516021729,-0.5774222612380981,0.13322046399116516,-2.015749931335449,-3.0,169.63290405273438,261.8067626953125,-5.687946319580078,1055.0,1055.0,0.0,0.01118486590226115,0.01118486590226115,0.0,0.0001399326455496045,0.0001399326455496045,0.0,0.0006342065031900597,0.0006342065031900597,0.0,0.0003,0.0003,0.0,-3.0,-3.0,0.0,0.0,0.31625000000000003,28.2125,60.8625,5479.268,105,Hopper-v5,6198,Trial_5
579.6926934719086,107,438272,352.5702221181655,374.9060532008399,157.79869823154493,129.9,1055,0.01118486590226115,-3.0,0.99,0.0001399326455496045,0.0006342065031900597,0.0003,-159.9149169921875,0.9516856670379639,0.01172512024641037,0.1325380951166153,-2.0208852291107178,-3.0,158.20545959472656,256.95733642578125,-19.556720733642578,1.9642448425292969,75.48414039611816,1.0,-159.9149169921875,0.9516856670379639,0.01172512024641037,0.1325380951166153,-2.0208852291107178,-3.0,158.20545959472656,256.95733642578125,-19.556720733642578,1055.0,1055.0,0.0,0.01118486590226115,0.01118486590226115,0.0,0.0001399326455496045,0.0001399326455496045,0.0,0.0006342065031900597,0.0006342065031900597,0.0,0.0003,0.0003,0.0,-3.0,-3.0,0.0,0.0,0.3157142857142857,27.914285714285715,60.942857142857136,5489.965,106,Hopper-v5,6198,Trial_5
585.0403344631195,108,442368,352.4950236616368,374.9060532008399,157.79869823154493,129.35,1055,0.01118486590226115,-3.0,0.99,0.0001399326455496045,0.0006342065031900597,0.0003,-174.38961791992188,0.8875091671943665,-1.0715601444244385,0.13196375966072083,-2.0252280235290527,-3.0,173.12750244140625,256.957275390625,-10.239641189575195,1.7204742431640625,28.591733932495117,1.0,-174.38961791992188,0.8875091671943665,-1.0715601444244385,0.13196375966072083,-2.0252280235290527,-3.0,173.12750244140625,256.957275390625,-10.239641189575195,1055.0,1055.0,0.0,0.01118486590226115,0.01118486590226115,0.0,0.0001399326455496045,0.0001399326455496045,0.0,0.0006342065031900597,0.0006342065031900597,0.0,0.0003,0.0003,0.0,-3.0,-3.0,0.0,0.0,0.26375000000000004,27.799999999999997,60.9375,5463.868,107,Hopper-v5,6198,Trial_5
591.0616779327393,109,446464,354.2597198630485,379.2830467675157,157.79869823154493,129.41,1055,0.01118486590226115,-3.0,0.99,0.0001399326455496045,0.0006342065031900597,0.0003,-176.98822021484375,0.6440172791481018,-1.0484837293624878,0.13152067363262177,-2.0285911560058594,-3.0,175.73587036132812,270.4312438964844,2.461564302444458,1.7282333374023438,17.86193084716797,1.0,-176.98822021484375,0.6440172791481018,-1.0484837293624878,0.13152067363262177,-2.0285911560058594,-3.0,175.73587036132812,270.4312438964844,2.461564302444458,1055.0,1055.0,0.0,0.01118486590226115,0.01118486590226115,0.0,0.0001399326455496045,0.0001399326455496045,0.0,0.0006342065031900597,0.0006342065031900597,0.0,0.0003,0.0003,0.0,-3.0,-3.0,0.0,0.0,0.2814285714285715,28.699999999999996,61.15714285714285,5532.385,108,Hopper-v5,6198,Trial_5
596.4452583789825,110,450560,356.52533464115373,379.2830467675157,294.1136677239039,129.78,1055,0.01118486590226115,-3.0,0.99,0.0001399326455496045,0.0006342065031900597,0.0003,-179.9788360595703,0.7624610662460327,-0.3637353181838989,0.13110525906085968,-2.031754732131958,-3.0,178.9966583251953,256.6405029296875,-22.917558670043945,1.8287391662597656,60.36778450012207,1.0,-179.9788360595703,0.7624610662460327,-0.3637353181838989,0.13110525906085968,-2.031754732131958,-3.0,178.9966583251953,256.6405029296875,-22.917558670043945,1055.0,1055.0,0.0,0.01118486590226115,0.01118486590226115,0.0,0.0001399326455496045,0.0001399326455496045,0.0,0.0006342065031900597,0.0006342065031900597,0.0,0.0003,0.0003,0.0,-3.0,-3.0,0.0,0.0,0.21875,28.174999999999997,61.175,5549.926,109,Hopper-v5,6198,Trial_5
601.7300524711609,111,454656,357.2016869647528,379.2957575571544,301.2351160870012,130.38,1055,0.01118486590226115,-3.0,0.99,0.0001399326455496045,0.0006342065031900597,0.0003,-174.91989135742188,0.7042495012283325,-0.19246304035186768,0.13072331249713898,-2.034672260284424,-3.0,173.4503631591797,261.6996154785156,-4.686695098876953,1.6791572570800781,32.44678783416748,1.0,-174.91989135742188,0.7042495012283325,-0.19246304035186768,0.13072331249713898,-2.034672260284424,-3.0,173.4503631591797,261.6996154785156,-4.686695098876953,1055.0,1055.0,0.0,0.01118486590226115,0.01118486590226115,0.0,0.0001399326455496045,0.0001399326455496045,0.0,0.0006342065031900597,0.0006342065031900597,0.0,0.0003,0.0003,0.0,-3.0,-3.0,0.0,0.0,0.20142857142857143,27.942857142857143,61.2,5543.786,110,Hopper-v5,6198,Trial_5
606.9473302364349,112,458752,357.8740978188904,379.2957575571544,300.7556182505622,130.65,1055,0.01118486590226115,-3.0,0.99,0.0001399326455496045,0.0006342065031900597,0.0003,-178.83758544921875,0.82514888048172,0.10783141851425171,0.13048042356967926,-2.036532163619995,-3.0,177.15850830078125,267.99591064453125,-4.884657382965088,1.9021873474121094,46.27972412109375,1.0,-178.83758544921875,0.82514888048172,0.10783141851425171,0.13048042356967926,-2.036532163619995,-3.0,177.15850830078125,267.99591064453125,-4.884657382965088,1055.0,1055.0,0.0,0.01118486590226115,0.01118486590226115,0.0,0.0001399326455496045,0.0001399326455496045,0.0,0.0006342065031900597,0.0006342065031900597,0.0,0.0003,0.0003,0.0,-3.0,-3.0,0.0,0.0,0.2928571428571428,28.64285714285714,61.27142857142858,5461.472,111,Hopper-v5,6198,Trial_5
612.1689021587372,113,462848,354.92446630264857,379.2957575571544,281.25736682841426,130.31,1055,0.01118486590226115,-3.0,0.99,0.0001399326455496045,0.0006342065031900597,0.0003,-177.07470703125,0.7991458177566528,0.19981858134269714,0.13019604980945587,-2.0387139320373535,-3.0,176.8770751953125,258.8955078125,-14.697247505187988,2.295867919921875,47.57802677154541,1.0,-177.07470703125,0.7991458177566528,0.19981858134269714,0.13019604980945587,-2.0387139320373535,-3.0,176.8770751953125,258.8955078125,-14.697247505187988,1055.0,1055.0,0.0,0.01118486590226115,0.01118486590226115,0.0,0.0001399326455496045,0.0001399326455496045,0.0,0.0006342065031900597,0.0006342065031900597,0.0,0.0003,0.0003,0.0,-3.0,-3.0,0.0,0.0,0.32857142857142857,27.8,61.24285714285714,5419.266,112,Hopper-v5,6198,Trial_5
617.7728490829468,114,466944,358.8656730788832,383.6141294450897,281.25736682841426,131.57,1055,0.01118486590226115,-3.0,0.99,0.0001399326455496045,0.0006342065031900597,0.0003,-176.18072509765625,0.932655930519104,0.5530828237533569,0.1298873871564865,-2.0410873889923096,-3.0,174.73419189453125,272.46624755859375,-29.098169326782227,1.9767532348632812,71.80034065246582,1.0,-176.18072509765625,0.932655930519104,0.5530828237533569,0.1298873871564865,-2.0410873889923096,-3.0,174.73419189453125,272.46624755859375,-29.098169326782227,1055.0,1055.0,0.0,0.01118486590226115,0.01118486590226115,0.0,0.0001399326455496045,0.0001399326455496045,0.0,0.0006342065031900597,0.0006342065031900597,0.0,0.0003,0.0003,0.0,-3.0,-3.0,0.0,0.0,0.3025,28.925,61.3125,5415.568,113,Hopper-v5,6198,Trial_5
623.204187631607,115,471040,357.9043600308262,383.6141294450897,280.0426808683538,131.89,1055,0.01118486590226115,-3.0,0.99,0.0001399326455496045,0.0006342065031900597,0.0003,-188.73928833007812,0.6854395866394043,-0.13962489366531372,0.12930931150913239,-2.0455479621887207,-3.0,187.36508178710938,273.0144958496094,-14.541934967041016,1.90203857421875,19.455320358276367,1.0,-188.73928833007812,0.6854395866394043,-0.13962489366531372,0.12930931150913239,-2.0455479621887207,-3.0,187.36508178710938,273.0144958496094,-14.541934967041016,1055.0,1055.0,0.0,0.01118486590226115,0.01118486590226115,0.0,0.0001399326455496045,0.0001399326455496045,0.0,0.0006342065031900597,0.0006342065031900597,0.0,0.0003,0.0003,0.0,-3.0,-3.0,0.0,0.0,0.22285714285714286,28.24285714285714,61.39999999999999,5423.835,114,Hopper-v5,6198,Trial_5
628.9878191947937,116,475136,359.74427777503445,383.6141294450897,280.0426808683538,132.5,1055,0.01118486590226115,-3.0,0.99,0.0001399326455496045,0.0006342065031900597,0.0003,-180.5655517578125,0.793117880821228,0.3522467017173767,0.12912453711032867,-2.046977996826172,-3.0,179.1309051513672,268.27093505859375,-24.717979431152344,1.9321708679199219,53.803510665893555,1.0,-180.5655517578125,0.793117880821228,0.3522467017173767,0.12912453711032867,-2.046977996826172,-3.0,179.1309051513672,268.27093505859375,-24.717979431152344,1055.0,1055.0,0.0,0.01118486590226115,0.01118486590226115,0.0,0.0001399326455496045,0.0001399326455496045,0.0,0.0006342065031900597,0.0006342065031900597,0.0,0.0003,0.0003,0.0,-3.0,-3.0,0.0,0.0,0.24571428571428572,28.071428571428577,61.442857142857136,5472.013,115,Hopper-v5,6198,Trial_5
634.2716286182404,117,479232,358.6684247371987,378.27852478296256,280.0426808683538,132.28,1055,0.01118486590226115,-3.0,0.99,0.0001399326455496045,0.0006342065031900597,0.0003,-184.78253173828125,0.8860663175582886,0.5676212906837463,0.1287630796432495,-2.049781084060669,-3.0,183.3243408203125,276.4734191894531,2.537559986114502,2.1132278442382812,67.79640579223633,1.0,-184.78253173828125,0.8860663175582886,0.5676212906837463,0.1287630796432495,-2.049781084060669,-3.0,183.3243408203125,276.4734191894531,2.537559986114502,1055.0,1055.0,0.0,0.01118486590226115,0.01118486590226115,0.0,0.0001399326455496045,0.0001399326455496045,0.0,0.0006342065031900597,0.0006342065031900597,0.0,0.0003,0.0003,0.0,-3.0,-3.0,0.0,0.0,0.305,28.4125,61.5,5446.21,116,Hopper-v5,6198,Trial_5
639.9461653232574,118,483328,360.214831983541,384.5792940954714,302.3806020347758,132.75,1055,0.01118486590226115,-3.0,0.99,0.0001399326455496045,0.0006342065031900597,0.0003,-185.238525390625,0.8108252286911011,-0.3335597515106201,0.12838852405548096,-2.052694320678711,-3.0,183.6192626953125,265.99407958984375,-8.016530990600586,2.054553985595703,25.19274139404297,1.0,-185.238525390625,0.8108252286911011,-0.3335597515106201,0.12838852405548096,-2.052694320678711,-3.0,183.6192626953125,265.99407958984375,-8.016530990600586,1055.0,1055.0,0.0,0.01118486590226115,0.01118486590226115,0.0,0.0001399326455496045,0.0001399326455496045,0.0,0.0006342065031900597,0.0006342065031900597,0.0,0.0003,0.0003,0.0,-3.0,-3.0,0.0,0.0,0.3157142857142857,29.028571428571432,61.3,5478.824,117,Hopper-v5,6198,Trial_5
645.6915593147278,119,487424,359.2790688449423,390.4586718347932,302.3806020347758,132.43,1055,0.01118486590226115,-3.0,0.99,0.0001399326455496045,0.0006342065031900597,0.0003,-183.02581787109375,0.7317970991134644,-0.9399797320365906,0.12770982086658478,-2.0579946041107178,-3.0,181.7523651123047,274.63067626953125,-1.090380072593689,1.9262886047363281,35.48312759399414,1.0,-183.02581787109375,0.7317970991134644,-0.9399797320365906,0.12770982086658478,-2.0579946041107178,-3.0,181.7523651123047,274.63067626953125,-1.090380072593689,1055.0,1055.0,0.0,0.01118486590226115,0.01118486590226115,0.0,0.0001399326455496045,0.0001399326455496045,0.0,0.0006342065031900597,0.0006342065031900597,0.0,0.0003,0.0003,0.0,-3.0,-3.0,0.0,0.0,0.29125,28.424999999999997,61.5125,5451.314,118,Hopper-v5,6198,Trial_5
650.9840259552002,120,491520,358.96981725870404,390.4586718347932,298.9726552527789,132.48,1055,0.01118486590226115,-3.0,0.99,0.0001399326455496045,0.0006342065031900597,0.0003,-181.2362518310547,0.6077864170074463,-0.27585476636886597,0.12745682895183563,-2.0599775314331055,-3.0,180.25436401367188,272.9382629394531,-20.86989402770996,1.8364982604980469,52.99901485443115,1.0,-181.2362518310547,0.6077864170074463,-0.27585476636886597,0.12745682895183563,-2.0599775314331055,-3.0,180.25436401367188,272.9382629394531,-20.86989402770996,1055.0,1055.0,0.0,0.01118486590226115,0.01118486590226115,0.0,0.0001399326455496045,0.0001399326455496045,0.0,0.0006342065031900597,0.0006342065031900597,0.0,0.0003,0.0003,0.0,-3.0,-3.0,0.0,0.0,0.32142857142857145,28.571428571428566,61.785714285714285,5442.317,119,Hopper-v5,6198,Trial_5
656.3306152820587,121,495616,362.55703318893956,415.13329087606036,298.9726552527789,133.8,1055,0.01118486590226115,-3.0,0.99,0.0001399326455496045,0.0006342065031900597,0.0003,-182.6420440673828,0.5468106865882874,-0.4038350582122803,0.12726080417633057,-2.061516761779785,-3.0,181.8968048095703,284.67633056640625,-22.67720603942871,1.8652915954589844,22.900646209716797,1.0,-182.6420440673828,0.5468106865882874,-0.4038350582122803,0.12726080417633057,-2.061516761779785,-3.0,181.8968048095703,284.67633056640625,-22.67720603942871,1055.0,1055.0,0.0,0.01118486590226115,0.01118486590226115,0.0,0.0001399326455496045,0.0001399326455496045,0.0,0.0006342065031900597,0.0006342065031900597,0.0,0.0003,0.0003,0.0,-3.0,-3.0,0.0,0.0,0.28,28.337500000000002,61.875,5448.694,120,Hopper-v5,6198,Trial_5
662.2837672233582,122,499712,365.87175115608375,434.48804992193845,298.9726552527789,134.74,1055,0.01118486590226115,-3.0,0.99,0.0001399326455496045,0.0006342065031900597,0.0003,-186.43194580078125,0.47724851965904236,-0.4303417503833771,0.12674176692962646,-2.065603494644165,-3.0,185.57589721679688,285.6622619628906,-25.81675910949707,1.7816543579101562,14.758994102478027,1.0,-186.43194580078125,0.47724851965904236,-0.4303417503833771,0.12674176692962646,-2.065603494644165,-3.0,185.57589721679688,285.6622619628906,-25.81675910949707,1055.0,1055.0,0.0,0.01118486590226115,0.01118486590226115,0.0,0.0001399326455496045,0.0001399326455496045,0.0,0.0006342065031900597,0.0006342065031900597,0.0,0.0003,0.0003,0.0,-3.0,-3.0,0.0,0.0,0.26857142857142857,28.0,61.97142857142857,5522.325,121,Hopper-v5,6198,Trial_5
667.5874109268188,123,503808,368.23593936694584,434.48804992193845,335.0653068004903,135.42,1055,0.01118486590226115,-3.0,0.99,0.0001399326455496045,0.0006342065031900597,0.0003,-188.30422973632812,0.5562260150909424,0.07696625590324402,0.12662260234355927,-2.0665442943573,-3.0,187.09463500976562,272.072998046875,-0.7124258279800415,2.0555038452148438,44.40805530548096,1.0,-188.30422973632812,0.5562260150909424,0.07696625590324402,0.12662260234355927,-2.0665442943573,-3.0,187.09463500976562,272.072998046875,-0.7124258279800415,1055.0,1055.0,0.0,0.01118486590226115,0.01118486590226115,0.0,0.0001399326455496045,0.0001399326455496045,0.0,0.0006342065031900597,0.0006342065031900597,0.0,0.0003,0.0003,0.0,-3.0,-3.0,0.0,0.0,0.2825,28.9125,61.8875,5530.602,122,Hopper-v5,6198,Trial_5
673.3191251754761,124,507904,372.92806643596,439.171517009449,335.0653068004903,136.12,1055,0.01118486590226115,-3.0,0.99,0.0001399326455496045,0.0006342065031900597,0.0003,-192.05101013183594,0.4881677031517029,-0.3445686399936676,0.1263992041349411,-2.068310022354126,-3.0,190.66461181640625,279.4761657714844,18.00370216369629,1.8999404907226562,19.023613929748535,1.0,-192.05101013183594,0.4881677031517029,-0.3445686399936676,0.1263992041349411,-2.068310022354126,-3.0,190.66461181640625,279.4761657714844,18.00370216369629,1055.0,1055.0,0.0,0.01118486590226115,0.01118486590226115,0.0,0.0001399326455496045,0.0001399326455496045,0.0,0.0006342065031900597,0.0006342065031900597,0.0,0.0003,0.0003,0.0,-3.0,-3.0,0.0,0.0,0.2485714285714286,28.185714285714283,61.98571428571428,5543.205,123,Hopper-v5,6198,Trial_5
678.9079248905182,125,512000,379.9116550329416,439.6671446346794,324.48084812999025,137.14,1055,0.01118486590226115,-3.0,0.99,0.0001399326455496045,0.0006342065031900597,0.0003,-184.11817932128906,0.5125089883804321,-0.21211782097816467,0.12589031457901,-2.0723443031311035,-3.0,182.47320556640625,279.19818115234375,-17.442005157470703,1.9274139404296875,24.64761257171631,1.0,-184.11817932128906,0.5125089883804321,-0.21211782097816467,0.12589031457901,-2.0723443031311035,-3.0,182.47320556640625,279.19818115234375,-17.442005157470703,1055.0,1055.0,0.0,0.01118486590226115,0.01118486590226115,0.0,0.0001399326455496045,0.0001399326455496045,0.0,0.0006342065031900597,0.0006342065031900597,0.0,0.0003,0.0003,0.0,-3.0,-3.0,0.0,0.0,0.33499999999999996,28.2125,61.949999999999996,5559.077,124,Hopper-v5,6198,Trial_5
684.3165900707245,126,516096,388.0994803295764,444.93278919539824,324.48084812999025,138.48,1055,0.01118486590226115,-3.0,0.99,0.0001399326455496045,0.0006342065031900597,0.0003,-184.836181640625,0.4535225033760071,-0.574001669883728,0.12505941092967987,-2.0789663791656494,-3.0,184.08981323242188,285.8939208984375,17.692298889160156,1.610504150390625,28.829856872558594,1.0,-184.836181640625,0.4535225033760071,-0.574001669883728,0.12505941092967987,-2.0789663791656494,-3.0,184.08981323242188,285.8939208984375,17.692298889160156,1055.0,1055.0,0.0,0.01118486590226115,0.01118486590226115,0.0,0.0001399326455496045,0.0001399326455496045,0.0,0.0006342065031900597,0.0006342065031900597,0.0,0.0003,0.0003,0.0,-3.0,-3.0,0.0,0.0,0.21285714285714286,28.585714285714285,62.01428571428571,5521.733,125,Hopper-v5,6198,Trial_5
689.8142910003662,127,520192,395.10215901695983,450.4561527078944,324.48084812999025,139.41,1055,0.01118486590226115,-3.0,0.99,0.0001399326455496045,0.0006342065031900597,0.0003,-185.40380859375,0.4318896532058716,-0.46834850311279297,0.12441708147525787,-2.084115743637085,-3.0,184.78668212890625,283.7201232910156,-4.324489593505859,1.8430747985839844,20.60869789123535,1.0,-185.40380859375,0.4318896532058716,-0.46834850311279297,0.12441708147525787,-2.084115743637085,-3.0,184.78668212890625,283.7201232910156,-4.324489593505859,1055.0,1055.0,0.0,0.01118486590226115,0.01118486590226115,0.0,0.0001399326455496045,0.0001399326455496045,0.0,0.0006342065031900597,0.0006342065031900597,0.0,0.0003,0.0003,0.0,-3.0,-3.0,0.0,0.0,0.28250000000000003,27.875,62.175000000000004,5543.238,126,Hopper-v5,6198,Trial_5
695.2768223285675,128,524288,403.68318092611264,501.3241541413614,324.48084812999025,140.95,1055,0.01118486590226115,-3.0,0.99,0.0001399326455496045,0.0006342065031900597,0.0003,-193.39105224609375,0.39000362157821655,-0.47890132665634155,0.12313568592071533,-2.094468355178833,-3.0,192.58340454101562,282.6922912597656,-2.562037944793701,1.862823486328125,14.724539279937744,1.0,-193.39105224609375,0.39000362157821655,-0.47890132665634155,0.12313568592071533,-2.094468355178833,-3.0,192.58340454101562,282.6922912597656,-2.562037944793701,1055.0,1055.0,0.0,0.01118486590226115,0.01118486590226115,0.0,0.0001399326455496045,0.0001399326455496045,0.0,0.0006342065031900597,0.0006342065031900597,0.0,0.0003,0.0003,0.0,-3.0,-3.0,0.0,0.0,0.24857142857142858,26.742857142857144,62.628571428571426,5522.0,127,Hopper-v5,6198,Trial_5
701.2327053546906,129,528384,383.8305885856053,501.3241541413614,15.532384365731518,136.48,1055,0.01118486590226115,-3.0,0.99,0.0001399326455496045,0.0006342065031900597,0.0003,-195.27108764648438,0.38970136642456055,-0.8518768548965454,0.12171297520399094,-2.1060895919799805,-3.0,194.81065368652344,279.856201171875,-19.344200134277344,1.845855712890625,16.241003036499023,1.0,-195.27108764648438,0.38970136642456055,-0.8518768548965454,0.12171297520399094,-2.1060895919799805,-3.0,194.81065368652344,279.856201171875,-19.344200134277344,1055.0,1055.0,0.0,0.01118486590226115,0.01118486590226115,0.0,0.0001399326455496045,0.0001399326455496045,0.0,0.0006342065031900597,0.0006342065031900597,0.0,0.0003,0.0003,0.0,-3.0,-3.0,0.0,0.0,0.22875,26.1875,64.625,5543.075,128,Hopper-v5,6198,Trial_5
706.6595294475555,130,532480,313.7675031735339,583.6028413486233,2.545140677394681,124.52,1055,0.01118486590226115,-3.0,0.99,0.0001399326455496045,0.0006342065031900597,0.0003,-187.0570068359375,0.4800525903701782,-0.3354273736476898,0.12038074433803558,-2.117095708847046,-3.0,186.05270385742188,287.987548828125,-27.99594497680664,1.9886054992675781,23.95757484436035,1.0,-187.0570068359375,0.4800525903701782,-0.3354273736476898,0.12038074433803558,-2.117095708847046,-3.0,186.05270385742188,287.987548828125,-27.99594497680664,1055.0,1055.0,0.0,0.01118486590226115,0.01118486590226115,0.0,0.0001399326455496045,0.0001399326455496045,0.0,0.0006342065031900597,0.0006342065031900597,0.0,0.0003,0.0003,0.0,-3.0,-3.0,0.0,0.0,0.2175,26.387500000000003,66.38749999999999,5556.31,129,Hopper-v5,6198,Trial_5
712.0609369277954,131,536576,252.13036286646468,583.6028413486233,2.545140677394681,113.88,1055,0.01118486590226115,-3.0,0.99,0.0001399326455496045,0.0006342065031900597,0.0003,-188.3062744140625,0.4234817326068878,-0.459408164024353,0.11985434591770172,-2.1214780807495117,-3.0,187.35369873046875,282.0745849609375,-16.48764991760254,1.9513816833496094,14.831521987915039,1.0,-188.3062744140625,0.4234817326068878,-0.459408164024353,0.11985434591770172,-2.1214780807495117,-3.0,187.35369873046875,282.0745849609375,-16.48764991760254,1055.0,1055.0,0.0,0.01118486590226115,0.01118486590226115,0.0,0.0001399326455496045,0.0001399326455496045,0.0,0.0006342065031900597,0.0006342065031900597,0.0,0.0003,0.0003,0.0,-3.0,-3.0,0.0,0.0,0.27285714285714285,25.414285714285715,63.714285714285715,5561.46,130,Hopper-v5,6198,Trial_5
717.2183454036713,132,540672,296.0926030838554,595.8812933112057,2.545140677394681,131.61,1055,0.01118486590226115,-3.0,0.99,0.0001399326455496045,0.0006342065031900597,0.0003,-189.39901733398438,0.3804898262023926,-1.1776151657104492,0.11950445920228958,-2.124401569366455,-3.0,188.97666931152344,290.8140563964844,-12.705883979797363,1.6631126403808594,12.052575826644897,1.0,-189.39901733398438,0.3804898262023926,-1.1776151657104492,0.11950445920228958,-2.124401569366455,-3.0,188.97666931152344,290.8140563964844,-12.705883979797363,1055.0,1055.0,0.0,0.01118486590226115,0.01118486590226115,0.0,0.0001399326455496045,0.0001399326455496045,0.0,0.0006342065031900597,0.0006342065031900597,0.0,0.0003,0.0003,0.0,-3.0,-3.0,0.0,0.0,0.23285714285714285,21.91428571428571,50.58571428571429,5481.917,131,Hopper-v5,6198,Trial_5
722.2983872890472,133,544768,360.66755808814395,595.8812933112057,6.099097469846646,146.94,1055,0.01118486590226115,-3.0,0.99,0.0001399326455496045,0.0006342065031900597,0.0003,-185.65750122070312,0.6868100166320801,-1.5844433307647705,0.11816085875034332,-2.1357083320617676,-3.0,185.11805725097656,276.114990234375,-8.619486808776855,2.078521728515625,20.57835578918457,1.0,-185.65750122070312,0.6868100166320801,-1.5844433307647705,0.11816085875034332,-2.1357083320617676,-3.0,185.11805725097656,276.114990234375,-8.619486808776855,1055.0,1055.0,0.0,0.01118486590226115,0.01118486590226115,0.0,0.0001399326455496045,0.0001399326455496045,0.0,0.0006342065031900597,0.0006342065031900597,0.0,0.0003,0.0003,0.0,-3.0,-3.0,0.0,0.0,0.24285714285714285,21.599999999999998,50.5,5459.457,132,Hopper-v5,6198,Trial_5
727.4948077201843,134,548864,404.0094988460813,595.8812933112057,7.002533507124782,153.05,1055,0.01118486590226115,-3.0,0.99,0.0001399326455496045,0.0006342065031900597,0.0003,-190.31655883789062,0.4696902930736542,1.0281128883361816,0.11708199232816696,-2.144880771636963,-3.0,189.39407348632812,279.09613037109375,-11.761651039123535,1.8747100830078125,11.760671615600586,1.0,-190.31655883789062,0.4696902930736542,1.0281128883361816,0.11708199232816696,-2.144880771636963,-3.0,189.39407348632812,279.09613037109375,-11.761651039123535,1055.0,1055.0,0.0,0.01118486590226115,0.01118486590226115,0.0,0.0001399326455496045,0.0001399326455496045,0.0,0.0006342065031900597,0.0006342065031900597,0.0,0.0003,0.0003,0.0,-3.0,-3.0,0.0,0.0,0.2414285714285714,21.3,50.51428571428572,5405.786,133,Hopper-v5,6198,Trial_5
732.7915034294128,135,552960,485.47637794628076,613.3316786976949,341.2096132225962,168.11,1055,0.01118486590226115,-3.0,0.99,0.0001399326455496045,0.0006342065031900597,0.0003,-193.07305908203125,0.4389984607696533,-0.1879671812057495,0.11458606272935867,-2.166429042816162,-3.0,192.2093963623047,293.55712890625,-4.798983573913574,1.8178253173828125,13.035426139831543,1.0,-193.07305908203125,0.4389984607696533,-0.1879671812057495,0.11458606272935867,-2.166429042816162,-3.0,192.2093963623047,293.55712890625,-4.798983573913574,1055.0,1055.0,0.0,0.01118486590226115,0.01118486590226115,0.0,0.0001399326455496045,0.0001399326455496045,0.0,0.0006342065031900597,0.0006342065031900597,0.0,0.0003,0.0003,0.0,-3.0,-3.0,0.0,0.0,0.25285714285714284,22.27142857142857,50.41428571428571,5376.692,134,Hopper-v5,6198,Trial_5
738.521787405014,136,557056,491.41213059307074,613.3316786976949,316.4947748248866,161.2,1055,0.01118486590226115,-3.0,0.99,0.0001399326455496045,0.0006342065031900597,0.0003,-180.32403564453125,0.47908663749694824,-3.4279725551605225,0.11279473453760147,-2.182185649871826,-3.0,179.5137481689453,278.9258117675781,-7.284060001373291,2.0778064727783203,11.923202753067017,1.0,-180.32403564453125,0.47908663749694824,-3.4279725551605225,0.11279473453760147,-2.182185649871826,-3.0,179.5137481689453,278.9258117675781,-7.284060001373291,1055.0,1055.0,0.0,0.01118486590226115,0.01118486590226115,0.0,0.0001399326455496045,0.0001399326455496045,0.0,0.0006342065031900597,0.0006342065031900597,0.0,0.0003,0.0003,0.0,-3.0,-3.0,0.0,0.0,0.22625,21.5125,50.4625,5408.603,135,Hopper-v5,6198,Trial_5
743.7708249092102,137,561152,505.37462590281325,627.8480009175563,316.4947748248866,162.05,1055,0.01118486590226115,-3.0,0.99,0.0001399326455496045,0.0006342065031900597,0.0003,-196.27194213867188,0.45443999767303467,-1.5780143737792969,0.11097391694784164,-2.198460102081299,-3.0,195.78623962402344,289.8414001464844,-4.200711250305176,1.6053962707519531,14.580942153930664,1.0,-196.27194213867188,0.45443999767303467,-1.5780143737792969,0.11097391694784164,-2.198460102081299,-3.0,195.78623962402344,289.8414001464844,-4.200711250305176,1055.0,1055.0,0.0,0.01118486590226115,0.01118486590226115,0.0,0.0001399326455496045,0.0001399326455496045,0.0,0.0006342065031900597,0.0006342065031900597,0.0,0.0003,0.0003,0.0,-3.0,-3.0,0.0,0.0,0.23714285714285713,21.785714285714285,50.41428571428571,5383.553,136,Hopper-v5,6198,Trial_5
748.9990832805634,138,565248,511.7738104100535,627.8480009175563,316.4947748248866,163.69,1055,0.01118486590226115,-3.0,0.99,0.0001399326455496045,0.0006342065031900597,0.0003,-189.29489135742188,0.4788467288017273,-0.29395678639411926,0.10923777520656586,-2.214228391647339,-3.0,188.95111083984375,275.872314453125,-3.747704029083252,1.8700180053710938,12.067155838012695,1.0,-189.29489135742188,0.4788467288017273,-0.29395678639411926,0.10923777520656586,-2.214228391647339,-3.0,188.95111083984375,275.872314453125,-3.747704029083252,1055.0,1055.0,0.0,0.01118486590226115,0.01118486590226115,0.0,0.0001399326455496045,0.0001399326455496045,0.0,0.0006342065031900597,0.0006342065031900597,0.0,0.0003,0.0003,0.0,-3.0,-3.0,0.0,0.0,0.1985714285714286,21.74285714285714,50.371428571428574,5360.341,137,Hopper-v5,6198,Trial_5
754.1309006214142,139,569344,508.1093693775186,627.8480009175563,316.4947748248866,162.58,1055,0.01118486590226115,-3.0,0.99,0.0001399326455496045,0.0006342065031900597,0.0003,-192.72201538085938,0.4179738163948059,-3.249589443206787,0.10613676905632019,-2.2430267333984375,-3.0,192.25515747070312,279.4634094238281,-55.15904998779297,1.6355667114257812,10.530128479003906,1.0,-192.72201538085938,0.4179738163948059,-3.249589443206787,0.10613676905632019,-2.2430267333984375,-3.0,192.25515747070312,279.4634094238281,-55.15904998779297,1055.0,1055.0,0.0,0.01118486590226115,0.01118486590226115,0.0,0.0001399326455496045,0.0001399326455496045,0.0,0.0006342065031900597,0.0006342065031900597,0.0,0.0003,0.0003,0.0,-3.0,-3.0,0.0,0.0,0.27571428571428575,21.071428571428573,50.52857142857143,5277.912,138,Hopper-v5,6198,Trial_5
759.1704788208008,140,573440,492.4254153635318,627.8480009175563,316.34912695845736,159.61,1055,0.01118486590226115,-3.0,0.99,0.0001399326455496045,0.0006342065031900597,0.0003,-184.32427978515625,0.5359329581260681,-6.6180009841918945,0.1036960631608963,-2.2662911415100098,-3.0,183.88925170898438,266.57421875,-23.70185661315918,1.998199462890625,13.21951961517334,1.0,-184.32427978515625,0.5359329581260681,-6.6180009841918945,0.1036960631608963,-2.2662911415100098,-3.0,183.88925170898438,266.57421875,-23.70185661315918,1055.0,1055.0,0.0,0.01118486590226115,0.01118486590226115,0.0,0.0001399326455496045,0.0001399326455496045,0.0,0.0006342065031900597,0.0006342065031900597,0.0,0.0003,0.0003,0.0,-3.0,-3.0,0.0,0.0,0.19857142857142857,21.314285714285713,50.57142857142857,5239.415,139,Hopper-v5,6198,Trial_5
764.2173066139221,141,577536,475.5491348094024,590.5769626184223,316.34912695845736,156.26,1055,0.01118486590226115,-3.0,0.99,0.0001399326455496045,0.0006342065031900597,0.0003,-195.6513671875,0.48473870754241943,-5.968891620635986,0.10091104358434677,-2.293515920639038,-3.0,194.9931640625,295.98004150390625,-3.9115419387817383,1.6584663391113281,11.049853324890137,1.0,-195.6513671875,0.48473870754241943,-5.968891620635986,0.10091104358434677,-2.293515920639038,-3.0,194.9931640625,295.98004150390625,-3.9115419387817383,1055.0,1055.0,0.0,0.01118486590226115,0.01118486590226115,0.0,0.0001399326455496045,0.0001399326455496045,0.0,0.0006342065031900597,0.0006342065031900597,0.0,0.0003,0.0003,0.0,-3.0,-3.0,0.0,0.0,0.19999999999999998,21.47142857142857,50.5,5204.32,140,Hopper-v5,6198,Trial_5
769.2566154003143,142,581632,458.29476926161004,577.9758677565594,316.34912695845736,153.43,1055,0.01118486590226115,-3.0,0.99,0.0001399326455496045,0.0006342065031900597,0.0003,-191.10659790039062,0.4035307466983795,-2.9886155128479004,0.09856615215539932,-2.3170273303985596,-3.0,190.1863250732422,297.8283996582031,-19.14594078063965,1.7861518859863281,7.740917205810547,1.0,-191.10659790039062,0.4035307466983795,-2.9886155128479004,0.09856615215539932,-2.3170273303985596,-3.0,190.1863250732422,297.8283996582031,-19.14594078063965,1055.0,1055.0,0.0,0.01118486590226115,0.01118486590226115,0.0,0.0001399326455496045,0.0001399326455496045,0.0,0.0006342065031900597,0.0006342065031900597,0.0,0.0003,0.0003,0.0,-3.0,-3.0,0.0,0.0,0.2285714285714286,21.642857142857142,50.44285714285714,5192.385,141,Hopper-v5,6198,Trial_5
774.8413417339325,143,585728,440.3377231615795,560.9819770380477,316.34912695845736,150.21,1055,0.01118486590226115,-3.0,0.99,0.0001399326455496045,0.0006342065031900597,0.0003,-183.76727294921875,0.4097958207130432,-0.060164809226989746,0.09698478877544403,-2.3332011699676514,-3.0,183.5335693359375,280.6131896972656,-13.106922149658203,1.7457847595214844,11.232821941375732,1.0,-183.76727294921875,0.4097958207130432,-0.060164809226989746,0.09698478877544403,-2.3332011699676514,-3.0,183.5335693359375,280.6131896972656,-13.106922149658203,1055.0,1055.0,0.0,0.01118486590226115,0.01118486590226115,0.0,0.0001399326455496045,0.0001399326455496045,0.0,0.0006342065031900597,0.0006342065031900597,0.0,0.0003,0.0003,0.0,-3.0,-3.0,0.0,0.0,0.21,21.042857142857144,50.5,5242.445,142,Hopper-v5,6198,Trial_5
779.9147980213165,144,589824,419.1488903432409,532.2107068499738,337.5993269941713,145.87,1055,0.01118486590226115,-3.0,0.99,0.0001399326455496045,0.0006342065031900597,0.0003,-193.99794006347656,0.4666212201118469,-2.9693970680236816,0.0945877954363823,-2.358226776123047,-3.0,193.16433715820312,296.6381530761719,-12.776598930358887,1.6217231750488281,10.831155776977539,1.0,-193.99794006347656,0.4666212201118469,-2.9693970680236816,0.0945877954363823,-2.358226776123047,-3.0,193.16433715820312,296.6381530761719,-12.776598930358887,1055.0,1055.0,0.0,0.01118486590226115,0.01118486590226115,0.0,0.0001399326455496045,0.0001399326455496045,0.0,0.0006342065031900597,0.0006342065031900597,0.0,0.0003,0.0003,0.0,-3.0,-3.0,0.0,0.0,0.2571428571428572,21.800000000000004,50.542857142857144,5230.388,143,Hopper-v5,6198,Trial_5
785.2074127197266,145,593920,398.13328875227654,532.2107068499738,339.484188249857,141.57,1055,0.01118486590226115,-3.0,0.99,0.0001399326455496045,0.0006342065031900597,0.0003,-200.2921905517578,0.4375767707824707,-5.300176620483398,0.09244528412818909,-2.381138324737549,-3.0,199.34292602539062,284.14013671875,8.105477333068848,1.8663749694824219,10.827048778533936,1.0,-200.2921905517578,0.4375767707824707,-5.300176620483398,0.09244528412818909,-2.381138324737549,-3.0,199.34292602539062,284.14013671875,8.105477333068848,1055.0,1055.0,0.0,0.01118486590226115,0.01118486590226115,0.0,0.0001399326455496045,0.0001399326455496045,0.0,0.0006342065031900597,0.0006342065031900597,0.0,0.0003,0.0003,0.0,-3.0,-3.0,0.0,0.0,0.20857142857142857,21.442857142857147,50.52857142857143,5229.778,144,Hopper-v5,6198,Trial_5
790.3079788684845,146,598016,382.8783951376744,491.20590337913717,339.484188249857,138.32,1055,0.01118486590226115,-3.0,0.99,0.0001399326455496045,0.0006342065031900597,0.0003,-186.35733032226562,0.4193916916847229,1.8958072662353516,0.09068746864795685,-2.4003360271453857,-3.0,186.1207275390625,282.88336181640625,-25.929311752319336,2.1158065795898438,9.087011337280273,1.0,-186.35733032226562,0.4193916916847229,1.8958072662353516,0.09068746864795685,-2.4003360271453857,-3.0,186.1207275390625,282.88336181640625,-25.929311752319336,1055.0,1055.0,0.0,0.01118486590226115,0.01118486590226115,0.0,0.0001399326455496045,0.0001399326455496045,0.0,0.0006342065031900597,0.0006342065031900597,0.0,0.0003,0.0003,0.0,-3.0,-3.0,0.0,0.0,0.23857142857142857,21.12857142857143,50.557142857142864,5167.105,145,Hopper-v5,6198,Trial_5
795.392688035965,147,602112,376.35551946359305,398.7811277000083,339.484188249857,136.99,1055,0.01118486590226115,-3.0,0.99,0.0001399326455496045,0.0006342065031900597,0.0003,-187.99581909179688,0.5175482034683228,-6.316674709320068,0.08896465599536896,-2.419516086578369,-3.0,187.341064453125,300.03961181640625,-5.709250450134277,1.9345130920410156,13.306283950805664,1.0,-187.99581909179688,0.5175482034683228,-6.316674709320068,0.08896465599536896,-2.419516086578369,-3.0,187.341064453125,300.03961181640625,-5.709250450134277,1055.0,1055.0,0.0,0.01118486590226115,0.01118486590226115,0.0,0.0001399326455496045,0.0001399326455496045,0.0,0.0006342065031900597,0.0006342065031900597,0.0,0.0003,0.0003,0.0,-3.0,-3.0,0.0,0.0,0.2357142857142857,22.099999999999998,50.52857142857143,5150.878,146,Hopper-v5,6198,Trial_5
800.4957001209259,148,606208,376.9884102182097,399.6490217942484,338.60773247116794,137.23,1055,0.01118486590226115,-3.0,0.99,0.0001399326455496045,0.0006342065031900597,0.0003,-183.37533569335938,0.44590631127357483,-4.96256160736084,0.0868881344795227,-2.44313383102417,-3.0,182.5354461669922,277.8730163574219,-9.33834457397461,1.5955276489257812,9.93387222290039,1.0,-183.37533569335938,0.44590631127357483,-4.96256160736084,0.0868881344795227,-2.44313383102417,-3.0,182.5354461669922,277.8730163574219,-9.33834457397461,1055.0,1055.0,0.0,0.01118486590226115,0.01118486590226115,0.0,0.0001399326455496045,0.0001399326455496045,0.0,0.0006342065031900597,0.0006342065031900597,0.0,0.0003,0.0003,0.0,-3.0,-3.0,0.0,0.0,0.21142857142857144,21.757142857142856,50.47142857142857,5138.202,147,Hopper-v5,6198,Trial_5
805.6242876052856,149,610304,377.93089230388847,402.7134163937352,338.60773247116794,137.58,1055,0.01118486590226115,-3.0,0.99,0.0001399326455496045,0.0006342065031900597,0.0003,-193.6559600830078,0.4093267321586609,1.7965441942214966,0.08485780656337738,-2.46677827835083,-3.0,193.33099365234375,289.81793212890625,-71.90684509277344,1.69134521484375,8.265744686126709,1.0,-193.6559600830078,0.4093267321586609,1.7965441942214966,0.08485780656337738,-2.46677827835083,-3.0,193.33099365234375,289.81793212890625,-71.90684509277344,1055.0,1055.0,0.0,0.01118486590226115,0.01118486590226115,0.0,0.0001399326455496045,0.0001399326455496045,0.0,0.0006342065031900597,0.0006342065031900597,0.0,0.0003,0.0003,0.0,-3.0,-3.0,0.0,0.0,0.27142857142857146,21.47142857142857,50.5,5138.136,148,Hopper-v5,6198,Trial_5
811.2220504283905,150,614400,378.97972147432245,402.7134163937352,338.60773247116794,137.79,1055,0.01118486590226115,-3.0,0.99,0.0001399326455496045,0.0006342065031900597,0.0003,-182.2784881591797,0.4568735361099243,-2.860069513320923,0.08289873600006104,-2.490135431289673,-3.0,181.31875610351562,268.17578125,-24.39034080505371,1.758544921875,10.221135377883911,1.0,-182.2784881591797,0.4568735361099243,-2.860069513320923,0.08289873600006104,-2.490135431289673,-3.0,181.31875610351562,268.17578125,-24.39034080505371,1055.0,1055.0,0.0,0.01118486590226115,0.01118486590226115,0.0,0.0001399326455496045,0.0001399326455496045,0.0,0.0006342065031900597,0.0006342065031900597,0.0,0.0003,0.0003,0.0,-3.0,-3.0,0.0,0.0,0.21125,21.337500000000002,50.462500000000006,5193.65,149,Hopper-v5,6198,Trial_5
816.3349144458771,151,618496,379.3429795777893,402.7134163937352,348.7543085369382,137.63,1055,0.01118486590226115,-3.0,0.99,0.0001399326455496045,0.0006342065031900597,0.0003,-182.70291137695312,0.5022937655448914,-10.606887817382812,0.07893343269824982,-2.5391504764556885,-3.0,181.6623992919922,271.8504638671875,-16.587556838989258,1.9311332702636719,11.028383255004883,1.0,-182.70291137695312,0.5022937655448914,-10.606887817382812,0.07893343269824982,-2.5391504764556885,-3.0,181.6623992919922,271.8504638671875,-16.587556838989258,1055.0,1055.0,0.0,0.01118486590226115,0.01118486590226115,0.0,0.0001399326455496045,0.0001399326455496045,0.0,0.0006342065031900597,0.0006342065031900597,0.0,0.0003,0.0003,0.0,-3.0,-3.0,0.0,0.0,0.2285714285714286,21.442857142857147,50.52857142857142,5200.186,150,Hopper-v5,6198,Trial_5
821.461484670639,152,622592,378.8086779389855,423.95714578493755,348.7543085369382,137.2,1055,0.01118486590226115,-3.0,0.99,0.0001399326455496045,0.0006342065031900597,0.0003,-192.05300903320312,0.4390726685523987,-8.8631591796875,0.07368474453687668,-2.607959508895874,-3.0,191.94630432128906,279.5125427246094,-46.836368560791016,1.671224594116211,7.697977066040039,1.0,-192.05300903320312,0.4390726685523987,-8.8631591796875,0.07368474453687668,-2.607959508895874,-3.0,191.94630432128906,279.5125427246094,-46.836368560791016,1055.0,1055.0,0.0,0.01118486590226115,0.01118486590226115,0.0,0.0001399326455496045,0.0001399326455496045,0.0,0.0006342065031900597,0.0006342065031900597,0.0,0.0003,0.0003,0.0,-3.0,-3.0,0.0,0.0,0.24285714285714285,21.5,50.39999999999999,5208.986,151,Hopper-v5,6198,Trial_5
826.6054623126984,153,626688,378.85538119440366,423.95714578493755,345.9891070571099,137.08,1055,0.01118486590226115,-3.0,0.99,0.0001399326455496045,0.0006342065031900597,0.0003,-193.48709106445312,0.3697388470172882,-18.22984504699707,0.06878793984651566,-2.676726818084717,-3.0,192.34494018554688,268.0237121582031,-25.9411563873291,1.6247787475585938,7.954606533050537,1.0,-193.48709106445312,0.3697388470172882,-18.22984504699707,0.06878793984651566,-2.676726818084717,-3.0,192.34494018554688,268.0237121582031,-25.9411563873291,1055.0,1055.0,0.0,0.01118486590226115,0.01118486590226115,0.0,0.0001399326455496045,0.0001399326455496045,0.0,0.0006342065031900597,0.0006342065031900597,0.0,0.0003,0.0003,0.0,-3.0,-3.0,0.0,0.0,0.20428571428571426,21.928571428571427,50.4,5165.279,152,Hopper-v5,6198,Trial_5
831.8292291164398,154,630784,378.942953689502,423.95714578493755,345.9891070571099,136.31,1055,0.01118486590226115,-3.0,0.99,0.0001399326455496045,0.0006342065031900597,0.0003,-190.75344848632812,0.3507178723812103,-29.39322280883789,0.0642375573515892,-2.7451672554016113,-3.0,190.08740234375,281.22076416015625,2.952089786529541,1.3173828125,6.571231365203857,1.0,-190.75344848632812,0.3507178723812103,-29.39322280883789,0.0642375573515892,-2.7451672554016113,-3.0,190.08740234375,281.22076416015625,2.952089786529541,1055.0,1055.0,0.0,0.01118486590226115,0.01118486590226115,0.0,0.0001399326455496045,0.0001399326455496045,0.0,0.0006342065031900597,0.0006342065031900597,0.0,0.0003,0.0003,0.0,-3.0,-3.0,0.0,0.0,0.20857142857142857,21.599999999999998,50.58571428571429,5180.156,153,Hopper-v5,6198,Trial_5
837.1659059524536,155,634880,378.96389988953973,418.0242831092747,345.9891070571099,135.71,1055,0.01118486590226115,-3.0,0.99,0.0001399326455496045,0.0006342065031900597,0.0003,-195.29403686523438,0.35326412320137024,-38.64535140991211,0.06030526012182236,-2.808336019515991,-3.0,194.1559600830078,275.25665283203125,-25.706806182861328,1.6210289001464844,6.635380506515503,1.0,-195.29403686523438,0.35326412320137024,-38.64535140991211,0.06030526012182236,-2.808336019515991,-3.0,194.1559600830078,275.25665283203125,-25.706806182861328,1055.0,1055.0,0.0,0.01118486590226115,0.01118486590226115,0.0,0.0001399326455496045,0.0001399326455496045,0.0,0.0006342065031900597,0.0006342065031900597,0.0,0.0003,0.0003,0.0,-3.0,-3.0,0.0,0.0,0.21142857142857144,21.3,50.614285714285714,5184.471,154,Hopper-v5,6198,Trial_5
842.3886179924011,156,638976,377.683374713268,405.604061085694,359.4654007229789,135.0,1055,0.01118486590226115,-3.0,0.99,0.0001399326455496045,0.0006342065031900597,0.0003,-198.38697814941406,0.4453733265399933,-68.50849914550781,0.056330617517232895,-2.8765170574188232,-3.0,197.08383178710938,276.63714599609375,-10.988065719604492,1.650634765625,8.356294631958008,1.0,-198.38697814941406,0.4453733265399933,-68.50849914550781,0.056330617517232895,-2.8765170574188232,-3.0,197.08383178710938,276.63714599609375,-10.988065719604492,1055.0,1055.0,0.0,0.01118486590226115,0.01118486590226115,0.0,0.0001399326455496045,0.0001399326455496045,0.0,0.0006342065031900597,0.0006342065031900597,0.0,0.0003,0.0003,0.0,-3.0,-3.0,0.0,0.0,0.1757142857142857,21.485714285714284,50.51428571428572,5196.707,155,Hopper-v5,6198,Trial_5
847.9970266819,157,643072,376.185371799024,402.55799335296024,361.52925375304346,134.73,1055,0.01118486590226115,-3.0,0.99,0.0001399326455496045,0.0006342065031900597,0.0003,-195.40858459472656,0.4984661936759949,-81.80325317382812,0.0526227205991745,-2.9446072578430176,-3.0,193.87669372558594,280.08941650390625,-23.11483383178711,1.846405029296875,9.653173208236694,1.0,-195.40858459472656,0.4984661936759949,-81.80325317382812,0.0526227205991745,-2.9446072578430176,-3.0,193.87669372558594,280.08941650390625,-23.11483383178711,1055.0,1055.0,0.0,0.01118486590226115,0.01118486590226115,0.0,0.0001399326455496045,0.0001399326455496045,0.0,0.0006342065031900597,0.0006342065031900597,0.0,0.0003,0.0003,0.0,-3.0,-3.0,0.0,0.0,0.17875,21.387500000000003,50.6,5248.984,156,Hopper-v5,6198,Trial_5
853.2635960578918,158,647168,376.5747449094313,397.6960814404437,361.52925375304346,134.82,1055,0.01118486590226115,-3.0,0.99,0.0001399326455496045,0.0006342065031900597,0.0003,-210.22596740722656,0.39700740575790405,-98.94913482666016,0.04925500229001045,-3.010744333267212,-3.0,208.68942260742188,299.1069641113281,-46.941802978515625,1.485762596130371,6.701896667480469,1.0,-210.22596740722656,0.39700740575790405,-98.94913482666016,0.04925500229001045,-3.010744333267212,-3.0,208.68942260742188,299.1069641113281,-46.941802978515625,1055.0,1055.0,0.0,0.01118486590226115,0.01118486590226115,0.0,0.0001399326455496045,0.0001399326455496045,0.0,0.0006342065031900597,0.0006342065031900597,0.0,0.0003,0.0003,0.0,-3.0,-3.0,0.0,0.0,0.20428571428571426,21.95714285714286,50.48571428571428,5265.034,157,Hopper-v5,6198,Trial_5
858.535040140152,159,651264,379.89051333533234,416.7051283577131,361.52925375304346,135.35,1055,0.01118486590226115,-3.0,0.99,0.0001399326455496045,0.0006342065031900597,0.0003,-196.03909301757812,0.41897398233413696,-91.1533203125,0.046392180025577545,-3.070624351501465,-3.0,194.65206909179688,273.0199279785156,-61.62472152709961,1.6550178527832031,7.915327310562134,1.0,-196.03909301757812,0.41897398233413696,-91.1533203125,0.046392180025577545,-3.070624351501465,-3.0,194.65206909179688,273.0199279785156,-61.62472152709961,1055.0,1055.0,0.0,0.01118486590226115,0.01118486590226115,0.0,0.0001399326455496045,0.0001399326455496045,0.0,0.0006342065031900597,0.0006342065031900597,0.0,0.0003,0.0003,0.0,-3.0,-3.0,0.0,0.0,0.21857142857142858,21.942857142857143,50.471428571428575,5278.986,158,Hopper-v5,6198,Trial_5
863.6305215358734,160,655360,380.5483953202227,427.7623002054438,267.2653073328887,135.87,1055,0.01118486590226115,-3.0,0.99,0.0001399326455496045,0.0006342065031900597,0.0003,-202.55044555664062,0.45192766189575195,-115.03692626953125,0.0439971387386322,-3.1236307621002197,-3.0,200.41343688964844,294.0646057128906,-29.76473045349121,1.5176773071289062,9.67296552658081,1.0,-202.55044555664062,0.45192766189575195,-115.03692626953125,0.0439971387386322,-3.1236307621002197,-3.0,200.41343688964844,294.0646057128906,-29.76473045349121,1055.0,1055.0,0.0,0.01118486590226115,0.01118486590226115,0.0,0.0001399326455496045,0.0001399326455496045,0.0,0.0006342065031900597,0.0006342065031900597,0.0,0.0003,0.0003,0.0,-3.0,-3.0,0.0,0.0,0.1942857142857143,21.471428571428568,50.45714285714286,5228.952,159,Hopper-v5,6198,Trial_5
868.7687883377075,161,659456,390.6633080505189,549.471942987105,267.2653073328887,138.84,1055,0.01118486590226115,-3.0,0.99,0.0001399326455496045,0.0006342065031900597,0.0003,-210.88812255859375,0.39833563566207886,-124.44880676269531,0.04191236197948456,-3.1721744537353516,-3.0,209.71524047851562,289.7837829589844,-20.743728637695312,1.6731195449829102,8.591778755187988,1.0,-210.88812255859375,0.39833563566207886,-124.44880676269531,0.04191236197948456,-3.1721744537353516,-3.0,209.71524047851562,289.7837829589844,-20.743728637695312,1055.0,1055.0,0.0,0.01118486590226115,0.01118486590226115,0.0,0.0001399326455496045,0.0001399326455496045,0.0,0.0006342065031900597,0.0006342065031900597,0.0,0.0003,0.0003,0.0,-3.0,-3.0,0.0,0.0,0.2414285714285714,21.471428571428568,50.57142857142857,5231.474,160,Hopper-v5,6198,Trial_5
874.0056066513062,162,663552,399.5636188292737,714.9099789006931,267.2653073328887,142.88,1055,0.01118486590226115,-3.0,0.99,0.0001399326455496045,0.0006342065031900597,0.0003,-197.88987731933594,0.4779120087623596,-141.3843994140625,0.040031854063272476,-3.2180798053741455,-3.0,196.2002716064453,286.685546875,-34.935340881347656,1.6406619548797607,9.815238952636719,1.0,-197.88987731933594,0.4779120087623596,-141.3843994140625,0.040031854063272476,-3.2180798053741455,-3.0,196.2002716064453,286.685546875,-34.935340881347656,1055.0,1055.0,0.0,0.01118486590226115,0.01118486590226115,0.0,0.0001399326455496045,0.0001399326455496045,0.0,0.0006342065031900597,0.0006342065031900597,0.0,0.0003,0.0003,0.0,-3.0,-3.0,0.0,0.0,0.17285714285714285,21.428571428571427,50.542857142857144,5242.777,161,Hopper-v5,6198,Trial_5
879.1199064254761,163,667648,423.4692419766629,1432.8333562823448,267.2653073328887,151.53,1055,0.01118486590226115,-3.0,0.99,0.0001399326455496045,0.0006342065031900597,0.0003,-206.53848266601562,0.38835376501083374,-154.72659301757812,0.038273680955171585,-3.2629928588867188,-3.0,206.18991088867188,284.3731994628906,-25.363357543945312,1.6602897644042969,6.881435394287109,1.0,-206.53848266601562,0.38835376501083374,-154.72659301757812,0.038273680955171585,-3.2629928588867188,-3.0,206.18991088867188,284.3731994628906,-25.363357543945312,1055.0,1055.0,0.0,0.01118486590226115,0.01118486590226115,0.0,0.0001399326455496045,0.0001399326455496045,0.0,0.0006342065031900597,0.0006342065031900597,0.0,0.0003,0.0003,0.0,-3.0,-3.0,0.0,0.0,0.1742857142857143,21.685714285714287,50.74285714285715,5239.868,162,Hopper-v5,6198,Trial_5
884.777462720871,164,671744,493.62886379666213,1432.8333562823448,267.2653073328887,177.71,1055,0.01118486590226115,-3.0,0.99,0.0001399326455496045,0.0006342065031900597,0.0003,-221.5894012451172,0.37175819277763367,-189.259765625,0.03662621229887009,-3.3069911003112793,-3.0,220.3323974609375,305.7349548339844,-23.367568969726562,1.4908409118652344,6.863109588623047,1.0,-221.5894012451172,0.37175819277763367,-189.259765625,0.03662621229887009,-3.3069911003112793,-3.0,220.3323974609375,305.7349548339844,-23.367568969726562,1055.0,1055.0,0.0,0.01118486590226115,0.01118486590226115,0.0,0.0001399326455496045,0.0001399326455496045,0.0,0.0006342065031900597,0.0006342065031900597,0.0,0.0003,0.0003,0.0,-3.0,-3.0,0.0,0.0,0.2257142857142857,21.1,50.6,5283.345,163,Hopper-v5,6198,Trial_5
889.8725831508636,165,675840,589.348300437568,1461.0623297670502,271.30487715458924,216.17,1055,0.01118486590226115,-3.0,0.99,0.0001399326455496045,0.0006342065031900597,0.0003,-207.039794921875,0.4081419110298157,-206.4325408935547,0.03507348522543907,-3.3503098487854004,-3.0,205.41038513183594,290.2757873535156,-37.02559280395508,1.6825027465820312,7.550962448120117,1.0,-207.039794921875,0.4081419110298157,-206.4325408935547,0.03507348522543907,-3.3503098487854004,-3.0,205.41038513183594,290.2757873535156,-37.02559280395508,1055.0,1055.0,0.0,0.01118486590226115,0.01118486590226115,0.0,0.0001399326455496045,0.0001399326455496045,0.0,0.0006342065031900597,0.0006342065031900597,0.0,0.0003,0.0003,0.0,-3.0,-3.0,0.0,0.0,0.22285714285714284,21.857142857142858,50.42857142857143,5259.388,164,Hopper-v5,6198,Trial_5
894.8386270999908,166,679936,640.6741557492652,1461.0623297670502,292.6372108615876,235.23,1055,0.01118486590226115,-3.0,0.99,0.0001399326455496045,0.0006342065031900597,0.0003,-208.183837890625,0.5178473591804504,-207.04736328125,0.033610716462135315,-3.3929102420806885,-3.0,206.21041870117188,312.098876953125,-34.89885330200195,1.7609710693359375,11.607049942016602,1.0,-208.183837890625,0.5178473591804504,-207.04736328125,0.033610716462135315,-3.3929102420806885,-3.0,206.21041870117188,312.098876953125,-34.89885330200195,1055.0,1055.0,0.0,0.01118486590226115,0.01118486590226115,0.0,0.0001399326455496045,0.0001399326455496045,0.0,0.0006342065031900597,0.0006342065031900597,0.0,0.0003,0.0003,0.0,-3.0,-3.0,0.0,0.0,0.22428571428571428,21.857142857142858,50.60000000000001,5233.805,165,Hopper-v5,6198,Trial_5
899.7895538806915,167,684032,675.952105543087,1461.0623297670502,186.85470559783496,250.3,1055,0.01118486590226115,-3.0,0.99,0.0001399326455496045,0.0006342065031900597,0.0003,-212.099853515625,0.4251246154308319,-233.35964965820312,0.032176531851291656,-3.4365179538726807,-3.0,210.7228240966797,302.18798828125,-14.676006317138672,1.9394187927246094,6.413319110870361,1.0,-212.099853515625,0.4251246154308319,-233.35964965820312,0.032176531851291656,-3.4365179538726807,-3.0,210.7228240966797,302.18798828125,-14.676006317138672,1055.0,1055.0,0.0,0.01118486590226115,0.01118486590226115,0.0,0.0001399326455496045,0.0001399326455496045,0.0,0.0006342065031900597,0.0006342065031900597,0.0,0.0003,0.0003,0.0,-3.0,-3.0,0.0,0.0,0.21499999999999997,21.066666666666666,50.61666666666667,5168.029,166,Hopper-v5,6198,Trial_5
904.886177778244,168,688128,710.1999544164761,1461.0623297670502,186.85470559783496,269.1,1055,0.01118486590226115,-3.0,0.99,0.0001399326455496045,0.0006342065031900597,0.0003,-213.69515991210938,0.5303215980529785,-262.40081787109375,0.03078622743487358,-3.4806878566741943,-3.0,212.1419677734375,311.710205078125,-53.24545669555664,1.9537951946258545,11.651533126831055,1.0,-213.69515991210938,0.5303215980529785,-262.40081787109375,0.03078622743487358,-3.4806878566741943,-3.0,212.1419677734375,311.710205078125,-53.24545669555664,1055.0,1055.0,0.0,0.01118486590226115,0.01118486590226115,0.0,0.0001399326455496045,0.0001399326455496045,0.0,0.0006342065031900597,0.0006342065031900597,0.0,0.0003,0.0003,0.0,-3.0,-3.0,0.0,0.0,0.24428571428571427,21.54285714285714,50.457142857142856,5151.438,167,Hopper-v5,6198,Trial_5
910.0698006153107,169,692224,714.3468670776139,1461.0623297670502,186.85470559783496,273.19,1055,0.01118486590226115,-3.0,0.99,0.0001399326455496045,0.0006342065031900597,0.0003,-208.46493530273438,0.46370255947113037,-279.09625244140625,0.029512979090213776,-3.5229251384735107,-3.0,206.81686401367188,335.4879150390625,-19.73705291748047,1.8793373107910156,10.113496780395508,1.0,-208.46493530273438,0.46370255947113037,-279.09625244140625,0.029512979090213776,-3.5229251384735107,-3.0,206.81686401367188,335.4879150390625,-19.73705291748047,1055.0,1055.0,0.0,0.01118486590226115,0.01118486590226115,0.0,0.0001399326455496045,0.0001399326455496045,0.0,0.0006342065031900597,0.0006342065031900597,0.0,0.0003,0.0003,0.0,-3.0,-3.0,0.0,0.0,0.215,21.4625,50.5,5142.521,168,Hopper-v5,6198,Trial_5
915.2931623458862,170,696320,719.2346579590517,1461.0623297670502,186.85470559783496,274.92,1055,0.01118486590226115,-3.0,0.99,0.0001399326455496045,0.0006342065031900597,0.0003,-215.08270263671875,0.445375919342041,-292.52197265625,0.028343120589852333,-3.563370943069458,-3.0,213.1344757080078,343.73150634765625,-13.470516204833984,1.6494903564453125,9.703861236572266,1.0,-215.08270263671875,0.445375919342041,-292.52197265625,0.028343120589852333,-3.563370943069458,-3.0,213.1344757080078,343.73150634765625,-13.470516204833984,1055.0,1055.0,0.0,0.01118486590226115,0.01118486590226115,0.0,0.0001399326455496045,0.0001399326455496045,0.0,0.0006342065031900597,0.0006342065031900597,0.0,0.0003,0.0003,0.0,-3.0,-3.0,0.0,0.0,0.24857142857142858,22.271428571428572,50.642857142857146,5155.434,169,Hopper-v5,6198,Trial_5
920.929425239563,171,700416,737.0537742206095,1641.812320014693,186.85470559783496,281.75,1055,0.01118486590226115,-3.0,0.99,0.0001399326455496045,0.0006342065031900597,0.0003,-205.28038024902344,0.4693146049976349,-296.43115234375,0.027302542701363564,-3.6007754802703857,-3.0,203.65834045410156,331.62982177734375,-30.851680755615234,1.9069747924804688,8.76249885559082,1.0,-205.28038024902344,0.4693146049976349,-296.43115234375,0.027302542701363564,-3.6007754802703857,-3.0,203.65834045410156,331.62982177734375,-30.851680755615234,1055.0,1055.0,0.0,0.01118486590226115,0.01118486590226115,0.0,0.0001399326455496045,0.0001399326455496045,0.0,0.0006342065031900597,0.0006342065031900597,0.0,0.0003,0.0003,0.0,-3.0,-3.0,0.0,0.0,0.20857142857142857,21.3,50.62857142857143,5205.234,170,Hopper-v5,6198,Trial_5
926.0789902210236,172,704512,867.3949310661645,2186.007626500404,186.85470559783496,337.69,1055,0.01118486590226115,-3.0,0.99,0.0001399326455496045,0.0006342065031900597,0.0003,-222.36032104492188,0.5296280384063721,-283.2640686035156,0.026336515322327614,-3.636798858642578,-3.0,220.6414337158203,333.36041259765625,-19.802196502685547,1.9094276428222656,10.141481637954712,1.0,-222.36032104492188,0.5296280384063721,-283.2640686035156,0.026336515322327614,-3.636798858642578,-3.0,220.6414337158203,333.36041259765625,-19.802196502685547,1055.0,1055.0,0.0,0.01118486590226115,0.01118486590226115,0.0,0.0001399326455496045,0.0001399326455496045,0.0,0.0006342065031900597,0.0006342065031900597,0.0,0.0003,0.0003,0.0,-3.0,-3.0,0.0,0.0,0.24428571428571427,21.87142857142857,50.81428571428571,5196.338,171,Hopper-v5,6198,Trial_5
931.2161107063293,173,708608,994.3307472715854,2186.007626500404,186.85470559783496,391.81,1055,0.01118486590226115,-3.0,0.99,0.0001399326455496045,0.0006342065031900597,0.0003,-213.26919555664062,0.5299381017684937,-284.7019958496094,0.025440122932195663,-3.6714277267456055,-3.0,211.59788513183594,304.38128662109375,-28.2403564453125,1.8924751281738281,10.791942596435547,1.0,-213.26919555664062,0.5299381017684937,-284.7019958496094,0.025440122932195663,-3.6714277267456055,-3.0,211.59788513183594,304.38128662109375,-28.2403564453125,1055.0,1055.0,0.0,0.01118486590226115,0.01118486590226115,0.0,0.0001399326455496045,0.0001399326455496045,0.0,0.0006342065031900597,0.0006342065031900597,0.0,0.0003,0.0003,0.0,-3.0,-3.0,0.0,0.0,0.2742857142857143,21.599999999999998,50.7,5198.405,172,Hopper-v5,6198,Trial_5
936.4104058742523,174,712704,1065.9757243555064,2217.756104078934,186.85470559783496,422.55,1055,0.01118486590226115,-3.0,0.99,0.0001399326455496045,0.0006342065031900597,0.0003,-219.96060180664062,0.45370346307754517,-295.604248046875,0.024606091901659966,-3.704761266708374,-3.0,218.53465270996094,323.0515441894531,-26.336565017700195,1.8538742065429688,8.329459190368652,1.0,-219.96060180664062,0.45370346307754517,-295.604248046875,0.024606091901659966,-3.704761266708374,-3.0,218.53465270996094,323.0515441894531,-26.336565017700195,1055.0,1055.0,0.0,0.01118486590226115,0.01118486590226115,0.0,0.0001399326455496045,0.0001399326455496045,0.0,0.0006342065031900597,0.0006342065031900597,0.0,0.0003,0.0003,0.0,-3.0,-3.0,0.0,0.0,0.2357142857142857,21.385714285714283,50.65714285714286,5152.115,173,Hopper-v5,6198,Trial_5
941.5441181659698,175,716800,1139.8045688826796,2372.5761265543733,186.85470559783496,452.2,1055,0.01118486590226115,-3.0,0.99,0.0001399326455496045,0.0006342065031900597,0.0003,-219.99325561523438,0.5045570135116577,-307.9428405761719,0.023821378126740456,-3.7371718883514404,-3.0,218.79312133789062,337.431640625,-42.81761169433594,1.8298797607421875,9.010553359985352,1.0,-219.99325561523438,0.5045570135116577,-307.9428405761719,0.023821378126740456,-3.7371718883514404,-3.0,218.79312133789062,337.431640625,-42.81761169433594,1055.0,1055.0,0.0,0.01118486590226115,0.01118486590226115,0.0,0.0001399326455496045,0.0001399326455496045,0.0,0.0006342065031900597,0.0006342065031900597,0.0,0.0003,0.0003,0.0,-3.0,-3.0,0.0,0.0,0.23428571428571426,21.657142857142855,50.75714285714286,5155.944,174,Hopper-v5,6198,Trial_5
946.7260189056396,176,720896,1166.6529525955764,2395.3558020783917,116.86451040881396,463.77,1055,0.01118486590226115,-3.0,0.99,0.0001399326455496045,0.0006342065031900597,0.0003,-222.1667022705078,0.49695688486099243,-292.8817443847656,0.023075340315699577,-3.7689907550811768,-3.0,220.34323120117188,316.70001220703125,-42.25252914428711,1.969024658203125,9.776777267456055,1.0,-222.1667022705078,0.49695688486099243,-292.8817443847656,0.023075340315699577,-3.7689907550811768,-3.0,220.34323120117188,316.70001220703125,-42.25252914428711,1055.0,1055.0,0.0,0.01118486590226115,0.01118486590226115,0.0,0.0001399326455496045,0.0001399326455496045,0.0,0.0006342065031900597,0.0006342065031900597,0.0,0.0003,0.0003,0.0,-3.0,-3.0,0.0,0.0,0.19857142857142857,22.585714285714285,50.5,5177.479,175,Hopper-v5,6198,Trial_5
951.8887302875519,177,724992,1201.9814632634777,2395.3558020783917,87.03475432547567,473.26,1055,0.01118486590226115,-3.0,0.99,0.0001399326455496045,0.0006342065031900597,0.0003,-224.85182189941406,0.4595017433166504,-314.95263671875,0.022374631837010384,-3.7998275756835938,-3.0,223.14212036132812,318.6415100097656,-29.279579162597656,1.5420502424240112,9.504558563232422,1.0,-224.85182189941406,0.4595017433166504,-314.95263671875,0.022374631837010384,-3.7998275756835938,-3.0,223.14212036132812,318.6415100097656,-29.279579162597656,1055.0,1055.0,0.0,0.01118486590226115,0.01118486590226115,0.0,0.0001399326455496045,0.0001399326455496045,0.0,0.0006342065031900597,0.0006342065031900597,0.0,0.0003,0.0003,0.0,-3.0,-3.0,0.0,0.0,0.1942857142857143,21.942857142857143,50.61428571428572,5198.51,176,Hopper-v5,6198,Trial_5
957.5295979976654,178,729088,1139.2731477169239,2395.3558020783917,58.01822837698266,452.62,1055,0.01118486590226115,-3.0,0.99,0.0001399326455496045,0.0006342065031900597,0.0003,-231.52162170410156,0.45486313104629517,-311.05780029296875,0.02170773223042488,-3.8300867080688477,-3.0,229.66580200195312,316.7332763671875,-32.497982025146484,1.5455284118652344,8.824149131774902,1.0,-231.52162170410156,0.45486313104629517,-311.05780029296875,0.02170773223042488,-3.8300867080688477,-3.0,229.66580200195312,316.7332763671875,-32.497982025146484,1055.0,1055.0,0.0,0.01118486590226115,0.01118486590226115,0.0,0.0001399326455496045,0.0001399326455496045,0.0,0.0006342065031900597,0.0006342065031900597,0.0,0.0003,0.0003,0.0,-3.0,-3.0,0.0,0.0,0.20375,21.4625,50.6625,5252.796,177,Hopper-v5,6198,Trial_5
962.627468585968,179,733184,1085.3898378243496,2395.3558020783917,48.717982435775895,428.52,1055,0.01118486590226115,-3.0,0.99,0.0001399326455496045,0.0006342065031900597,0.0003,-230.5326385498047,0.572716236114502,-321.40142822265625,0.021067872643470764,-3.860006093978882,-3.0,228.2265625,329.4508056640625,-20.656299591064453,2.0350112915039062,10.915449142456055,1.0,-230.5326385498047,0.572716236114502,-321.40142822265625,0.021067872643470764,-3.860006093978882,-3.0,228.2265625,329.4508056640625,-20.656299591064453,1055.0,1055.0,0.0,0.01118486590226115,0.01118486590226115,0.0,0.0001399326455496045,0.0001399326455496045,0.0,0.0006342065031900597,0.0006342065031900597,0.0,0.0003,0.0003,0.0,-3.0,-3.0,0.0,0.0,0.25142857142857145,21.6,50.728571428571435,5244.652,178,Hopper-v5,6198,Trial_5
967.7124049663544,180,737280,529.5025779557416,1920.9621642962502,41.59006876936766,210.04,1055,0.01118486590226115,-3.0,0.99,0.0001399326455496045,0.0006342065031900597,0.0003,-229.25692749023438,0.5161603689193726,-340.20703125,0.020446158945560455,-3.889960289001465,-3.0,227.7220916748047,327.8969421386719,-26.45848846435547,1.9899520874023438,9.090655326843262,1.0,-229.25692749023438,0.5161603689193726,-340.20703125,0.020446158945560455,-3.889960289001465,-3.0,227.7220916748047,327.8969421386719,-26.45848846435547,1055.0,1055.0,0.0,0.01118486590226115,0.01118486590226115,0.0,0.0001399326455496045,0.0001399326455496045,0.0,0.0006342065031900597,0.0006342065031900597,0.0,0.0003,0.0003,0.0,-3.0,-3.0,0.0,0.0,0.23571428571428574,21.400000000000002,50.65714285714286,5230.891,179,Hopper-v5,6198,Trial_5
972.7885522842407,181,741376,181.76448510740877,1962.0055172295092,38.92745286204525,79.24,1055,0.01118486590226115,-3.0,0.99,0.0001399326455496045,0.0006342065031900597,0.0003,-239.06517028808594,0.49186640977859497,-338.9970703125,0.01984640583395958,-3.9197323322296143,-3.0,237.32427978515625,336.0137634277344,-6.9315032958984375,1.9504547119140625,7.899604797363281,1.0,-239.06517028808594,0.49186640977859497,-338.9970703125,0.01984640583395958,-3.9197323322296143,-3.0,237.32427978515625,336.0137634277344,-6.9315032958984375,1055.0,1055.0,0.0,0.01118486590226115,0.01118486590226115,0.0,0.0001399326455496045,0.0001399326455496045,0.0,0.0006342065031900597,0.0006342065031900597,0.0,0.0003,0.0003,0.0,-3.0,-3.0,0.0,0.0,0.2816666666666667,22.350000000000005,50.68333333333334,5174.742,180,Hopper-v5,6198,Trial_5
977.949550151825,182,745472,82.23444187072555,1403.7130247388818,38.8529028922586,39.58490566037736,1055,0.01118486590226115,-3.0,0.99,0.0001399326455496045,0.0006342065031900597,0.0003,-238.82215881347656,1.0333309173583984,-348.1035461425781,0.019276108592748642,-3.9488887786865234,-3.0,237.2467498779297,322.4256286621094,-17.512521743774414,1.8199844360351562,11.047966003417969,1.0,-238.82215881347656,1.0333309173583984,-348.1035461425781,0.019276108592748642,-3.9488887786865234,-3.0,237.2467498779297,322.4256286621094,-17.512521743774414,1055.0,1055.0,0.0,0.01118486590226115,0.01118486590226115,0.0,0.0001399326455496045,0.0001399326455496045,0.0,0.0006342065031900597,0.0006342065031900597,0.0,0.0003,0.0003,0.0,-3.0,-3.0,0.0,0.0,0.20571428571428568,21.47142857142857,50.65714285714286,5175.706,181,Hopper-v5,6198,Trial_5
983.2324848175049,183,749568,88.69463005546271,1080.1707085348476,38.50425681915373,40.26,1055,0.01118486590226115,-3.0,0.99,0.0001399326455496045,0.0006342065031900597,0.0003,-229.72494506835938,0.6904963850975037,-342.5770568847656,0.01873856410384178,-3.9771716594696045,-3.0,227.79856872558594,334.1033630371094,-26.199050903320312,2.0965194702148438,13.241448402404785,1.0,-229.72494506835938,0.6904963850975037,-342.5770568847656,0.01873856410384178,-3.9771716594696045,-3.0,227.79856872558594,334.1033630371094,-26.199050903320312,1055.0,1055.0,0.0,0.01118486590226115,0.01118486590226115,0.0,0.0001399326455496045,0.0001399326455496045,0.0,0.0006342065031900597,0.0006342065031900597,0.0,0.0003,0.0003,0.0,-3.0,-3.0,0.0,0.0,0.2625,21.6375,50.775,5190.54,182,Hopper-v5,6198,Trial_5
988.3692100048065,184,753664,174.10531403466186,1080.1707085348476,38.7558105525973,67.84,1055,0.01118486590226115,-3.0,0.99,0.0001399326455496045,0.0006342065031900597,0.0003,-225.03016662597656,0.5492761135101318,-345.6331787109375,0.018229162320494652,-4.004732608795166,-3.0,223.3250732421875,329.1767578125,-20.550640106201172,1.77520751953125,13.365327835083008,1.0,-225.03016662597656,0.5492761135101318,-345.6331787109375,0.018229162320494652,-4.004732608795166,-3.0,223.3250732421875,329.1767578125,-20.550640106201172,1055.0,1055.0,0.0,0.01118486590226115,0.01118486590226115,0.0,0.0001399326455496045,0.0001399326455496045,0.0,0.0006342065031900597,0.0006342065031900597,0.0,0.0003,0.0003,0.0,-3.0,-3.0,0.0,0.0,0.23285714285714285,21.714285714285715,50.714285714285715,5184.826,183,Hopper-v5,6198,Trial_5
994.0026428699493,185,757760,231.10811405284275,2632.370298392479,38.7558105525973,89.23,1055,0.01118486590226115,-3.0,0.99,0.0001399326455496045,0.0006342065031900597,0.0003,-250.47003173828125,0.6885130405426025,-357.6939697265625,0.017722785472869873,-4.032904148101807,-3.0,248.63040161132812,330.91107177734375,-12.395795822143555,1.844268798828125,11.062484741210938,1.0,-250.47003173828125,0.6885130405426025,-357.6939697265625,0.017722785472869873,-4.032904148101807,-3.0,248.63040161132812,330.91107177734375,-12.395795822143555,1055.0,1055.0,0.0,0.01118486590226115,0.01118486590226115,0.0,0.0001399326455496045,0.0001399326455496045,0.0,0.0006342065031900597,0.0006342065031900597,0.0,0.0003,0.0003,0.0,-3.0,-3.0,0.0,0.0,0.21142857142857138,21.185714285714287,50.65714285714286,5234.707,184,Hopper-v5,6198,Trial_5
999.1116197109222,186,761856,402.09257353307817,2632.370298392479,39.10284987382946,147.87,1055,0.01118486590226115,-3.0,0.99,0.0001399326455496045,0.0006342065031900597,0.0003,-235.90643310546875,0.6120127439498901,-412.4364013671875,0.01719236932694912,-4.063289642333984,-3.0,234.0794677734375,339.1269226074219,-13.99817180633545,2.077880859375,10.144855499267578,1.0,-235.90643310546875,0.6120127439498901,-412.4364013671875,0.01719236932694912,-4.063289642333984,-3.0,234.0794677734375,339.1269226074219,-13.99817180633545,1055.0,1055.0,0.0,0.01118486590226115,0.01118486590226115,0.0,0.0001399326455496045,0.0001399326455496045,0.0,0.0006342065031900597,0.0006342065031900597,0.0,0.0003,0.0003,0.0,-3.0,-3.0,0.0,0.0,0.26,21.2,50.74285714285715,5227.417,185,Hopper-v5,6198,Trial_5
1004.1918075084686,187,765952,505.8658189469912,2632.370298392479,39.10284987382946,181.3,1055,0.01118486590226115,-3.0,0.99,0.0001399326455496045,0.0006342065031900597,0.0003,-244.09715270996094,0.701298713684082,-442.2400207519531,0.016662755981087685,-4.094579219818115,-3.0,241.73338317871094,331.80303955078125,8.486029624938965,2.0323638916015625,15.871892929077148,1.0,-244.09715270996094,0.701298713684082,-442.2400207519531,0.016662755981087685,-4.094579219818115,-3.0,241.73338317871094,331.80303955078125,8.486029624938965,1055.0,1055.0,0.0,0.01118486590226115,0.01118486590226115,0.0,0.0001399326455496045,0.0001399326455496045,0.0,0.0006342065031900597,0.0006342065031900597,0.0,0.0003,0.0003,0.0,-3.0,-3.0,0.0,0.0,0.2642857142857143,21.657142857142855,50.75714285714287,5219.223,186,Hopper-v5,6198,Trial_5
1009.2997560501099,188,770048,560.0160105174068,2632.370298392479,39.10284987382946,201.46,1055,0.01118486590226115,-3.0,0.99,0.0001399326455496045,0.0006342065031900597,0.0003,-249.7565155029297,0.7973414659500122,-432.73699951171875,0.016150396317243576,-4.125810623168945,-3.0,247.53692626953125,335.1850280761719,18.294797897338867,2.2111129760742188,11.529043197631836,1.0,-249.7565155029297,0.7973414659500122,-432.73699951171875,0.016150396317243576,-4.125810623168945,-3.0,247.53692626953125,335.1850280761719,18.294797897338867,1055.0,1055.0,0.0,0.01118486590226115,0.01118486590226115,0.0,0.0001399326455496045,0.0001399326455496045,0.0,0.0006342065031900597,0.0006342065031900597,0.0,0.0003,0.0003,0.0,-3.0,-3.0,0.0,0.0,0.24142857142857146,21.514285714285712,50.64285714285713,5165.98,187,Hopper-v5,6198,Trial_5
1014.5081534385681,189,774144,652.0483651104823,2632.370298392479,42.144230180407746,232.33,1055,0.01118486590226115,-3.0,0.99,0.0001399326455496045,0.0006342065031900597,0.0003,-242.8558349609375,0.9166123867034912,-443.231689453125,0.015658346936106682,-4.1567511558532715,-3.0,240.57322692871094,348.8883972167969,-5.450649261474609,1.927459716796875,19.096359252929688,1.0,-242.8558349609375,0.9166123867034912,-443.231689453125,0.015658346936106682,-4.1567511558532715,-3.0,240.57322692871094,348.8883972167969,-5.450649261474609,1055.0,1055.0,0.0,0.01118486590226115,0.01118486590226115,0.0,0.0001399326455496045,0.0001399326455496045,0.0,0.0006342065031900597,0.0006342065031900597,0.0,0.0003,0.0003,0.0,-3.0,-3.0,0.0,0.0,0.1985714285714286,19.385714285714283,50.7,5177.068,188,Hopper-v5,6198,Trial_5
1019.6275384426117,190,778240,692.2515913107314,2632.370298392479,388.779548925665,246.88,1055,0.01118486590226115,-3.0,0.99,0.0001399326455496045,0.0006342065031900597,0.0003,-245.369140625,0.6070594787597656,-481.3365173339844,0.015184908173978329,-4.187453269958496,-3.0,243.59185791015625,349.5467224121094,-19.503087997436523,1.9490127563476562,16.267148971557617,1.0,-245.369140625,0.6070594787597656,-481.3365173339844,0.015184908173978329,-4.187453269958496,-3.0,243.59185791015625,349.5467224121094,-19.503087997436523,1055.0,1055.0,0.0,0.01118486590226115,0.01118486590226115,0.0,0.0001399326455496045,0.0001399326455496045,0.0,0.0006342065031900597,0.0006342065031900597,0.0,0.0003,0.0003,0.0,-3.0,-3.0,0.0,0.0,0.25857142857142856,21.61428571428571,50.75714285714286,5180.367,189,Hopper-v5,6198,Trial_5
1024.719562292099,191,782336,729.3650974788833,2632.370298392479,388.779548925665,262.46,1055,0.01118486590226115,-3.0,0.99,0.0001399326455496045,0.0006342065031900597,0.0003,-246.005126953125,1.027440071105957,-471.9225158691406,0.014738927595317364,-4.217263221740723,-3.0,243.875244140625,330.3160705566406,8.785426139831543,2.0525894165039062,13.457401752471924,1.0,-246.005126953125,1.027440071105957,-471.9225158691406,0.014738927595317364,-4.217263221740723,-3.0,243.875244140625,330.3160705566406,8.785426139831543,1055.0,1055.0,0.0,0.01118486590226115,0.01118486590226115,0.0,0.0001399326455496045,0.0001399326455496045,0.0,0.0006342065031900597,0.0006342065031900597,0.0,0.0003,0.0003,0.0,-3.0,-3.0,0.0,0.0,0.23428571428571426,21.400000000000002,50.699999999999996,5182.1,190,Hopper-v5,6198,Trial_5
1030.3522803783417,192,786432,697.7044643551287,2613.3413103273942,388.779548925665,250.58,1055,0.01118486590226115,-3.0,0.99,0.0001399326455496045,0.0006342065031900597,0.0003,-244.12583923339844,0.6180291175842285,-487.75909423828125,0.014307872392237186,-4.246945381164551,-3.0,242.1902618408203,360.5578308105469,-27.301366806030273,2.0994720458984375,19.241539001464844,1.0,-244.12583923339844,0.6180291175842285,-487.75909423828125,0.014307872392237186,-4.246945381164551,-3.0,242.1902618408203,360.5578308105469,-27.301366806030273,1055.0,1055.0,0.0,0.01118486590226115,0.01118486590226115,0.0,0.0001399326455496045,0.0001399326455496045,0.0,0.0006342065031900597,0.0006342065031900597,0.0,0.0003,0.0003,0.0,-3.0,-3.0,0.0,0.0,0.2157142857142857,21.12857142857143,50.785714285714285,5229.42,191,Hopper-v5,6198,Trial_5
1035.6789968013763,193,790528,658.5860835417396,2423.710256798081,388.779548925665,236.17,1055,0.01118486590226115,-3.0,0.99,0.0001399326455496045,0.0006342065031900597,0.0003,-247.43484497070312,0.741997480392456,-464.76739501953125,0.01389169692993164,-4.276463985443115,-3.0,245.5347900390625,349.84442138671875,-31.437496185302734,1.7821731567382812,21.38562774658203,1.0,-247.43484497070312,0.741997480392456,-464.76739501953125,0.01389169692993164,-4.276463985443115,-3.0,245.5347900390625,349.84442138671875,-31.437496185302734,1055.0,1055.0,0.0,0.01118486590226115,0.01118486590226115,0.0,0.0001399326455496045,0.0001399326455496045,0.0,0.0006342065031900597,0.0006342065031900597,0.0,0.0003,0.0003,0.0,-3.0,-3.0,0.0,0.0,0.22428571428571425,22.442857142857147,50.728571428571435,5233.649,192,Hopper-v5,6198,Trial_5
1040.8543164730072,194,794624,701.5600962659773,2423.710256798081,388.779548925665,256.06,1055,0.01118486590226115,-3.0,0.99,0.0001399326455496045,0.0006342065031900597,0.0003,-241.74566650390625,0.6222806572914124,-493.3470458984375,0.013494599610567093,-4.3054656982421875,-3.0,239.46548461914062,344.0321350097656,-30.688095092773438,1.9275627136230469,12.282633304595947,1.0,-241.74566650390625,0.6222806572914124,-493.3470458984375,0.013494599610567093,-4.3054656982421875,-3.0,239.46548461914062,344.0321350097656,-30.688095092773438,1055.0,1055.0,0.0,0.01118486590226115,0.01118486590226115,0.0,0.0001399326455496045,0.0001399326455496045,0.0,0.0006342065031900597,0.0006342065031900597,0.0,0.0003,0.0003,0.0,-3.0,-3.0,0.0,0.0,0.24571428571428572,21.471428571428568,50.8,5237.496,193,Hopper-v5,6198,Trial_5
1045.8925392627716,195,798720,789.073375714145,2423.710256798081,388.779548925665,298.57,1055,0.01118486590226115,-3.0,0.99,0.0001399326455496045,0.0006342065031900597,0.0003,-256.33502197265625,0.5552411079406738,-503.87298583984375,0.013111654669046402,-4.334253787994385,-3.0,254.00283813476562,362.5744323730469,-22.104591369628906,1.9585943222045898,13.992546081542969,1.0,-256.33502197265625,0.5552411079406738,-503.87298583984375,0.013111654669046402,-4.334253787994385,-3.0,254.00283813476562,362.5744323730469,-22.104591369628906,1055.0,1055.0,0.0,0.01118486590226115,0.01118486590226115,0.0,0.0001399326455496045,0.0001399326455496045,0.0,0.0006342065031900597,0.0006342065031900597,0.0,0.0003,0.0003,0.0,-3.0,-3.0,0.0,0.0,0.22428571428571428,21.642857142857142,50.871428571428574,5177.992,194,Hopper-v5,6198,Trial_5
1051.0488562583923,196,802816,801.0120276779003,2423.710256798081,393.48051360473147,308.12,1055,0.01118486590226115,-3.0,0.99,0.0001399326455496045,0.0006342065031900597,0.0003,-252.93023681640625,0.7820173501968384,-491.30767822265625,0.01274486817419529,-4.362626552581787,-3.0,250.83151245117188,344.83575439453125,16.67416000366211,2.2849502563476562,18.164627075195312,1.0,-252.93023681640625,0.7820173501968384,-491.30767822265625,0.01274486817419529,-4.362626552581787,-3.0,250.83151245117188,344.83575439453125,16.67416000366211,1055.0,1055.0,0.0,0.01118486590226115,0.01118486590226115,0.0,0.0001399326455496045,0.0001399326455496045,0.0,0.0006342065031900597,0.0006342065031900597,0.0,0.0003,0.0003,0.0,-3.0,-3.0,0.0,0.0,0.18,21.571428571428573,50.88571428571428,5182.542,195,Hopper-v5,6198,Trial_5
1056.20884847641,197,806912,806.9944970612128,2423.710256798081,393.48051360473147,312.79,1055,0.01118486590226115,-3.0,0.99,0.0001399326455496045,0.0006342065031900597,0.0003,-252.9444122314453,0.7199862003326416,-512.9606323242188,0.012387529015541077,-4.3910651206970215,-3.0,250.99034118652344,355.27203369140625,-37.067691802978516,2.1242446899414062,19.384398460388184,1.0,-252.9444122314453,0.7199862003326416,-512.9606323242188,0.012387529015541077,-4.3910651206970215,-3.0,250.99034118652344,355.27203369140625,-37.067691802978516,1055.0,1055.0,0.0,0.01118486590226115,0.01118486590226115,0.0,0.0001399326455496045,0.0001399326455496045,0.0,0.0006342065031900597,0.0006342065031900597,0.0,0.0003,0.0003,0.0,-3.0,-3.0,0.0,0.0,0.22714285714285712,21.62857142857143,50.75714285714287,5190.358,196,Hopper-v5,6198,Trial_5
1061.434743642807,198,811008,811.5293142367511,2423.710256798081,393.48051360473147,315.26,1055,0.01118486590226115,-3.0,0.99,0.0001399326455496045,0.0006342065031900597,0.0003,-256.767578125,1.0279237031936646,-516.5906982421875,0.012038369663059711,-4.419656276702881,-3.0,253.99526977539062,356.5065002441406,-32.49142837524414,2.3280906677246094,25.74468231201172,1.0,-256.767578125,1.0279237031936646,-516.5906982421875,0.012038369663059711,-4.419656276702881,-3.0,253.99526977539062,356.5065002441406,-32.49142837524414,1055.0,1055.0,0.0,0.01118486590226115,0.01118486590226115,0.0,0.0001399326455496045,0.0001399326455496045,0.0,0.0006342065031900597,0.0006342065031900597,0.0,0.0003,0.0003,0.0,-3.0,-3.0,0.0,0.0,0.2,21.585714285714285,50.67142857142857,5202.328,197,Hopper-v5,6198,Trial_5
1067.318433046341,199,815104,830.4795826349285,2423.710256798081,240.08364986192097,326.77,1055,0.01118486590226115,-3.0,0.99,0.0001399326455496045,0.0006342065031900597,0.0003,-254.89755249023438,1.0455459356307983,-545.3311767578125,0.011698863469064236,-4.448263645172119,-3.0,251.63543701171875,371.249755859375,-30.749759674072266,2.4399337768554688,40.88942337036133,1.0,-254.89755249023438,1.0455459356307983,-545.3311767578125,0.011698863469064236,-4.448263645172119,-3.0,251.63543701171875,371.249755859375,-30.749759674072266,1055.0,1055.0,0.0,0.01118486590226115,0.01118486590226115,0.0,0.0001399326455496045,0.0001399326455496045,0.0,0.0006342065031900597,0.0006342065031900597,0.0,0.0003,0.0003,0.0,-3.0,-3.0,0.0,0.0,0.20500000000000002,21.724999999999998,50.725,5269.547,198,Hopper-v5,6198,Trial_5
1072.4802503585815,200,819200,858.0142872083981,2423.710256798081,231.04816195363063,347.71,1055,0.01118486590226115,-3.0,0.99,0.0001399326455496045,0.0006342065031900597,0.0003,-261.38592529296875,0.7669923305511475,-544.7347412109375,0.011364389210939407,-4.477270603179932,-3.0,258.9365234375,368.1455993652344,-33.306968688964844,2.146087646484375,19.919822692871094,1.0,-261.38592529296875,0.7669923305511475,-544.7347412109375,0.011364389210939407,-4.477270603179932,-3.0,258.9365234375,368.1455993652344,-33.306968688964844,1055.0,1055.0,0.0,0.01118486590226115,0.01118486590226115,0.0,0.0001399326455496045,0.0001399326455496045,0.0,0.0006342065031900597,0.0006342065031900597,0.0,0.0003,0.0003,0.0,-3.0,-3.0,0.0,0.0,0.25285714285714284,21.485714285714288,50.77142857142858,5273.775,199,Hopper-v5,6198,Trial_5
1077.6158728599548,201,823296,922.6673670051829,2423.710256798081,231.04816195363063,385.71,1055,0.01118486590226115,-3.0,0.99,0.0001399326455496045,0.0006342065031900597,0.0003,-263.80926513671875,0.6446260213851929,-609.7244873046875,0.01103595644235611,-4.506596565246582,-3.0,261.45074462890625,367.95184326171875,-39.656211853027344,2.4852066040039062,17.76641082763672,1.0,-263.80926513671875,0.6446260213851929,-609.7244873046875,0.01103595644235611,-4.506596565246582,-3.0,261.45074462890625,367.95184326171875,-39.656211853027344,1055.0,1055.0,0.0,0.01118486590226115,0.01118486590226115,0.0,0.0001399326455496045,0.0001399326455496045,0.0,0.0006342065031900597,0.0006342065031900597,0.0,0.0003,0.0003,0.0,-3.0,-3.0,0.0,0.0,0.22285714285714284,21.385714285714283,50.67142857142858,5278.176,200,Hopper-v5,6198,Trial_5
1082.7764863967896,202,827392,1007.8585929387023,2423.710256798081,231.04816195363063,443.15,1055,0.01118486590226115,-3.0,0.99,0.0001399326455496045,0.0006342065031900597,0.0003,-259.9233703613281,0.913219690322876,-596.68408203125,0.01070887316018343,-4.536682605743408,-3.0,257.455078125,361.8949890136719,-42.36863708496094,2.0675888061523438,20.785419464111328,1.0,-259.9233703613281,0.913219690322876,-596.68408203125,0.01070887316018343,-4.536682605743408,-3.0,257.455078125,361.8949890136719,-42.36863708496094,1055.0,1055.0,0.0,0.01118486590226115,0.01118486590226115,0.0,0.0001399326455496045,0.0001399326455496045,0.0,0.0006342065031900597,0.0006342065031900597,0.0,0.0003,0.0003,0.0,-3.0,-3.0,0.0,0.0,0.22714285714285712,21.457142857142856,50.728571428571435,5231.127,201,Hopper-v5,6198,Trial_5
1087.9914619922638,203,831488,1002.1362504665154,2423.710256798081,162.96139627114079,444.84,1055,0.01118486590226115,-3.0,0.99,0.0001399326455496045,0.0006342065031900597,0.0003,-261.11724853515625,0.94307541847229,-638.9246826171875,0.010396519675850868,-4.5662841796875,-3.0,259.848876953125,349.34027099609375,-0.11863596737384796,2.1986160278320312,19.652942657470703,1.0,-261.11724853515625,0.94307541847229,-638.9246826171875,0.010396519675850868,-4.5662841796875,-3.0,259.848876953125,349.34027099609375,-0.11863596737384796,1055.0,1055.0,0.0,0.01118486590226115,0.01118486590226115,0.0,0.0001399326455496045,0.0001399326455496045,0.0,0.0006342065031900597,0.0006342065031900597,0.0,0.0003,0.0003,0.0,-3.0,-3.0,0.0,0.0,0.19,21.3,50.62857142857143,5219.659,202,Hopper-v5,6198,Trial_5
1093.102620601654,204,835584,998.2260226043,2403.3476556324767,162.96139627114079,466.64,1055,0.01118486590226115,-3.0,0.99,0.0001399326455496045,0.0006342065031900597,0.0003,-264.4361572265625,0.7101728320121765,-648.172119140625,0.010092569515109062,-4.595955848693848,-3.0,262.258056640625,368.8138732910156,-41.80198287963867,2.2388229370117188,28.923898696899414,1.0,-264.4361572265625,0.7101728320121765,-648.172119140625,0.010092569515109062,-4.595955848693848,-3.0,262.258056640625,368.8138732910156,-41.80198287963867,1055.0,1055.0,0.0,0.01118486590226115,0.01118486590226115,0.0,0.0001399326455496045,0.0001399326455496045,0.0,0.0006342065031900597,0.0006342065031900597,0.0,0.0003,0.0003,0.0,-3.0,-3.0,0.0,0.0,0.2214285714285714,22.2,50.471428571428575,5213.099,203,Hopper-v5,6198,Trial_5
1098.2719419002533,205,839680,856.7901806256207,2400.9215714780257,162.96139627114079,411.31,1055,0.01118486590226115,-3.0,0.99,0.0001399326455496045,0.0006342065031900597,0.0003,-264.887451171875,0.629315972328186,-655.9752197265625,0.00980110839009285,-4.625259876251221,-3.0,262.76068115234375,376.5852355957031,-38.19670486450195,2.3010497093200684,22.415740966796875,1.0,-264.887451171875,0.629315972328186,-655.9752197265625,0.00980110839009285,-4.625259876251221,-3.0,262.76068115234375,376.5852355957031,-38.19670486450195,1055.0,1055.0,0.0,0.01118486590226115,0.01118486590226115,0.0,0.0001399326455496045,0.0001399326455496045,0.0,0.0006342065031900597,0.0006342065031900597,0.0,0.0003,0.0003,0.0,-3.0,-3.0,0.0,0.0,0.2671428571428572,22.599999999999998,50.628571428571426,5226.36,204,Hopper-v5,6198,Trial_5
1104.1839644908905,206,843776,802.7640242602251,2257.7923289408664,162.96139627114079,392.5,1055,0.01118486590226115,-3.0,0.99,0.0001399326455496045,0.0006342065031900597,0.0003,-267.19775390625,0.6758422255516052,-612.1412963867188,0.009518240578472614,-4.654545307159424,-3.0,264.92889404296875,371.9117126464844,-34.2257080078125,2.1756591796875,22.864611625671387,1.0,-267.19775390625,0.6758422255516052,-612.1412963867188,0.009518240578472614,-4.654545307159424,-3.0,264.92889404296875,371.9117126464844,-34.2257080078125,1055.0,1055.0,0.0,0.01118486590226115,0.01118486590226115,0.0,0.0001399326455496045,0.0001399326455496045,0.0,0.0006342065031900597,0.0006342065031900597,0.0,0.0003,0.0003,0.0,-3.0,-3.0,0.0,0.0,0.18875,21.925,50.6,5301.763,205,Hopper-v5,6198,Trial_5
1109.3812520503998,207,847872,791.9910477111952,2257.7923289408664,162.96139627114079,389.67,1055,0.01118486590226115,-3.0,0.99,0.0001399326455496045,0.0006342065031900597,0.0003,-268.40289306640625,0.8825660943984985,-719.64892578125,0.009240081533789635,-4.684204578399658,-3.0,265.9781799316406,381.738037109375,-43.15174865722656,2.1382827758789062,30.51380729675293,1.0,-268.40289306640625,0.8825660943984985,-719.64892578125,0.009240081533789635,-4.684204578399658,-3.0,265.9781799316406,381.738037109375,-43.15174865722656,1055.0,1055.0,0.0,0.01118486590226115,0.01118486590226115,0.0,0.0001399326455496045,0.0001399326455496045,0.0,0.0006342065031900597,0.0006342065031900597,0.0,0.0003,0.0003,0.0,-3.0,-3.0,0.0,0.0,0.24714285714285714,21.285714285714285,50.71428571428572,5305.366,206,Hopper-v5,6198,Trial_5
1114.654368877411,208,851968,831.2428865848717,2178.4101336570698,162.96139627114079,423.21,1055,0.01118486590226115,-3.0,0.99,0.0001399326455496045,0.0006342065031900597,0.0003,-268.44000244140625,0.692122220993042,-806.1998291015625,0.008950671181082726,-4.716026782989502,-3.0,265.77020263671875,381.1222839355469,17.942983627319336,2.2614822387695312,25.015048027038574,1.0,-268.44000244140625,0.692122220993042,-806.1998291015625,0.008950671181082726,-4.716026782989502,-3.0,265.77020263671875,381.1222839355469,17.942983627319336,1055.0,1055.0,0.0,0.01118486590226115,0.01118486590226115,0.0,0.0001399326455496045,0.0001399326455496045,0.0,0.0006342065031900597,0.0006342065031900597,0.0,0.0003,0.0003,0.0,-3.0,-3.0,0.0,0.0,0.28285714285714286,21.857142857142858,50.77142857142858,5309.985,207,Hopper-v5,6198,Trial_5
1119.9940011501312,209,856064,794.3901014822993,2178.4101336570698,162.96139627114079,405.03,1055,0.01118486590226115,-3.0,0.99,0.0001399326455496045,0.0006342065031900597,0.0003,-279.2154541015625,0.9978861808776855,-798.4769287109375,0.008670019917190075,-4.747884273529053,-3.0,275.91290283203125,375.35986328125,17.524585723876953,2.319244384765625,66.16384506225586,1.0,-279.2154541015625,0.9978861808776855,-798.4769287109375,0.008670019917190075,-4.747884273529053,-3.0,275.91290283203125,375.35986328125,17.524585723876953,1055.0,1055.0,0.0,0.01118486590226115,0.01118486590226115,0.0,0.0001399326455496045,0.0001399326455496045,0.0,0.0006342065031900597,0.0006342065031900597,0.0,0.0003,0.0003,0.0,-3.0,-3.0,0.0,0.0,0.25125000000000003,21.375,50.7,5255.779,208,Hopper-v5,6198,Trial_5
1125.094188451767,210,860160,746.1390351127166,2047.6343498268714,162.96139627114079,373.78,1055,0.01118486590226115,-3.0,0.99,0.0001399326455496045,0.0006342065031900597,0.0003,-266.7161865234375,0.8432645797729492,-824.4932861328125,0.008400434628129005,-4.7794718742370605,-3.0,265.2971496582031,358.45733642578125,-14.266792297363281,2.315704345703125,26.498087406158447,1.0,-266.7161865234375,0.8432645797729492,-824.4932861328125,0.008400434628129005,-4.7794718742370605,-3.0,265.2971496582031,358.45733642578125,-14.266792297363281,1055.0,1055.0,0.0,0.01118486590226115,0.01118486590226115,0.0,0.0001399326455496045,0.0001399326455496045,0.0,0.0006342065031900597,0.0006342065031900597,0.0,0.0003,0.0003,0.0,-3.0,-3.0,0.0,0.0,0.2571428571428572,21.8,50.642857142857146,5249.666,209,Hopper-v5,6198,Trial_5
1130.312674999237,211,864256,719.1118498279346,2047.2496828107949,162.96139627114079,353.94,1055,0.01118486590226115,-3.0,0.99,0.0001399326455496045,0.0006342065031900597,0.0003,-274.17437744140625,0.7829318046569824,-812.9915771484375,0.008141452446579933,-4.810786724090576,-3.0,271.78326416015625,359.45965576171875,-32.15626907348633,2.2049522399902344,32.16423797607422,1.0,-274.17437744140625,0.7829318046569824,-812.9915771484375,0.008141452446579933,-4.810786724090576,-3.0,271.78326416015625,359.45965576171875,-32.15626907348633,1055.0,1055.0,0.0,0.01118486590226115,0.01118486590226115,0.0,0.0001399326455496045,0.0001399326455496045,0.0,0.0006342065031900597,0.0006342065031900597,0.0,0.0003,0.0003,0.0,-3.0,-3.0,0.0,0.0,0.21714285714285714,21.814285714285713,50.614285714285714,5257.995,210,Hopper-v5,6198,Trial_5
1135.4390580654144,212,868352,782.5316124451982,2193.2851968893524,163.35072075411532,362.5,1055,0.01118486590226115,-3.0,0.99,0.0001399326455496045,0.0006342065031900597,0.0003,-262.9324035644531,0.8900246620178223,-826.0821533203125,0.0078961793333292,-4.841376304626465,-3.0,259.685546875,362.1328430175781,-24.33245277404785,2.4947967529296875,39.37791442871094,1.0,-262.9324035644531,0.8900246620178223,-826.0821533203125,0.0078961793333292,-4.841376304626465,-3.0,259.685546875,362.1328430175781,-24.33245277404785,1055.0,1055.0,0.0,0.01118486590226115,0.01118486590226115,0.0,0.0001399326455496045,0.0001399326455496045,0.0,0.0006342065031900597,0.0006342065031900597,0.0,0.0003,0.0003,0.0,-3.0,-3.0,0.0,0.0,0.2557142857142857,21.357142857142858,50.67142857142857,5254.43,211,Hopper-v5,6198,Trial_5
1140.4623041152954,213,872448,864.0196246548023,2481.6863430202848,163.35072075411532,369.62,1055,0.01118486590226115,-3.0,0.99,0.0001399326455496045,0.0006342065031900597,0.0003,-273.38726806640625,0.8191817402839661,-830.0718383789062,0.007665817625820637,-4.870984077453613,-3.0,270.5135498046875,375.23944091796875,-25.359882354736328,2.3263092041015625,35.790321350097656,1.0,-273.38726806640625,0.8191817402839661,-830.0718383789062,0.007665817625820637,-4.870984077453613,-3.0,270.5135498046875,375.23944091796875,-25.359882354736328,1055.0,1055.0,0.0,0.01118486590226115,0.01118486590226115,0.0,0.0001399326455496045,0.0001399326455496045,0.0,0.0006342065031900597,0.0006342065031900597,0.0,0.0003,0.0003,0.0,-3.0,-3.0,0.0,0.0,0.20428571428571426,20.2,50.885714285714286,5235.297,212,Hopper-v5,6198,Trial_5
1146.0499522686005,214,876544,961.2133631601811,2481.6863430202848,166.69924422396613,396.11,1055,0.01118486590226115,-3.0,0.99,0.0001399326455496045,0.0006342065031900597,0.0003,-271.63922119140625,0.9769861698150635,-895.120849609375,0.007442979142069817,-4.900484085083008,-3.0,269.5852355957031,380.03399658203125,-33.036617279052734,2.5392990112304688,51.40734672546387,1.0,-271.63922119140625,0.9769861698150635,-895.120849609375,0.007442979142069817,-4.900484085083008,-3.0,269.5852355957031,380.03399658203125,-33.036617279052734,1055.0,1055.0,0.0,0.01118486590226115,0.01118486590226115,0.0,0.0001399326455496045,0.0001399326455496045,0.0,0.0006342065031900597,0.0006342065031900597,0.0,0.0003,0.0003,0.0,-3.0,-3.0,0.0,0.0,0.16428571428571428,19.457142857142856,52.50000000000001,5282.726,213,Hopper-v5,6198,Trial_5
1151.1015222072601,215,880640,1049.6006208978101,2624.5857663333777,229.84386357016393,401.33,1055,0.01118486590226115,-3.0,0.99,0.0001399326455496045,0.0006342065031900597,0.0003,-277.330810546875,0.7885856628417969,-886.31884765625,0.00723009230569005,-4.929503440856934,-3.0,275.14898681640625,370.6930847167969,5.518963813781738,2.2806520462036133,23.91421890258789,1.0,-277.330810546875,0.7885856628417969,-886.31884765625,0.00723009230569005,-4.929503440856934,-3.0,275.14898681640625,370.6930847167969,5.518963813781738,1055.0,1055.0,0.0,0.01118486590226115,0.01118486590226115,0.0,0.0001399326455496045,0.0001399326455496045,0.0,0.0006342065031900597,0.0006342065031900597,0.0,0.0003,0.0003,0.0,-3.0,-3.0,0.0,0.0,0.14857142857142855,19.757142857142856,54.17142857142857,5270.553,214,Hopper-v5,6198,Trial_5
1156.0880637168884,216,884736,1024.1558463289925,2624.5857663333777,402.94271871438923,374.44,1055,0.01118486590226115,-3.0,0.99,0.0001399326455496045,0.0006342065031900597,0.0003,-269.81219482421875,0.7928382754325867,-840.197265625,0.007025422062724829,-4.9582200050354,-3.0,267.16314697265625,386.1922302246094,-33.24034118652344,2.2676963806152344,28.8520565032959,1.0,-269.81219482421875,0.7928382754325867,-840.197265625,0.007025422062724829,-4.9582200050354,-3.0,267.16314697265625,386.1922302246094,-33.24034118652344,1055.0,1055.0,0.0,0.01118486590226115,0.01118486590226115,0.0,0.0001399326455496045,0.0001399326455496045,0.0,0.0006342065031900597,0.0006342065031900597,0.0,0.0003,0.0003,0.0,-3.0,-3.0,0.0,0.0,0.16000000000000003,19.78333333333333,55.31666666666666,5178.069,215,Hopper-v5,6198,Trial_5
1161.1085846424103,217,888832,1014.925660789495,2624.5857663333777,596.910511556543,343.47,1055,0.01118486590226115,-3.0,0.99,0.0001399326455496045,0.0006342065031900597,0.0003,-275.1292724609375,0.8341680765151978,-893.010986328125,0.006828788202255964,-4.986608028411865,-3.0,272.8081359863281,384.05047607421875,-30.588769912719727,2.3672027587890625,41.67510223388672,1.0,-275.1292724609375,0.8341680765151978,-893.010986328125,0.006828788202255964,-4.986608028411865,-3.0,272.8081359863281,384.05047607421875,-30.588769912719727,1055.0,1055.0,0.0,0.01118486590226115,0.01118486590226115,0.0,0.0001399326455496045,0.0001399326455496045,0.0,0.0006342065031900597,0.0006342065031900597,0.0,0.0003,0.0003,0.0,-3.0,-3.0,0.0,0.0,0.18285714285714286,18.87142857142857,49.92857142857144,5160.396,216,Hopper-v5,6198,Trial_5
1165.868390083313,218,892928,994.226678653678,2624.5857663333777,596.910511556543,330.76,1055,0.01118486590226115,-3.0,0.99,0.0001399326455496045,0.0006342065031900597,0.0003,-276.5133361816406,0.6913850903511047,-880.6196899414062,0.006639212369918823,-5.014761924743652,-3.0,273.61962890625,378.94989013671875,-4.58586311340332,2.299468994140625,28.539548873901367,1.0,-276.5133361816406,0.6913850903511047,-880.6196899414062,0.006639212369918823,-5.014761924743652,-3.0,273.61962890625,378.94989013671875,-4.58586311340332,1055.0,1055.0,0.0,0.01118486590226115,0.01118486590226115,0.0,0.0001399326455496045,0.0001399326455496045,0.0,0.0006342065031900597,0.0006342065031900597,0.0,0.0003,0.0003,0.0,-3.0,-3.0,0.0,0.0,0.17142857142857143,15.042857142857143,39.028571428571425,5109.169,217,Hopper-v5,6198,Trial_5
1170.790644645691,219,897024,912.4026078096601,2624.5857663333777,596.910511556543,297.54,1055,0.01118486590226115,-3.0,0.99,0.0001399326455496045,0.0006342065031900597,0.0003,-276.046875,0.9341248273849487,-933.729248046875,0.006456543225795031,-5.042661190032959,-3.0,273.0771484375,384.06982421875,12.581177711486816,2.271636962890625,44.74070739746094,1.0,-276.046875,0.9341248273849487,-933.729248046875,0.006456543225795031,-5.042661190032959,-3.0,273.0771484375,384.06982421875,12.581177711486816,1055.0,1055.0,0.0,0.01118486590226115,0.01118486590226115,0.0,0.0001399326455496045,0.0001399326455496045,0.0,0.0006342065031900597,0.0006342065031900597,0.0,0.0003,0.0003,0.0,-3.0,-3.0,0.0,0.0,0.17333333333333334,14.65,38.75,5067.573,218,Hopper-v5,6198,Trial_5
1175.6399290561676,220,901120,827.8170385859881,2624.5857663333777,596.910511556543,265.85,1055,0.01118486590226115,-3.0,0.99,0.0001399326455496045,0.0006342065031900597,0.0003,-275.744384765625,1.1902706623077393,-951.936279296875,0.006280394271016121,-5.070322513580322,-3.0,272.40753173828125,374.3277893066406,-20.649118423461914,2.4083023071289062,94.90192794799805,1.0,-275.744384765625,1.1902706623077393,-951.936279296875,0.006280394271016121,-5.070322513580322,-3.0,272.40753173828125,374.3277893066406,-20.649118423461914,1055.0,1055.0,0.0,0.01118486590226115,0.01118486590226115,0.0,0.0001399326455496045,0.0001399326455496045,0.0,0.0006342065031900597,0.0006342065031900597,0.0,0.0003,0.0003,0.0,-3.0,-3.0,0.0,0.0,0.15,14.442857142857145,38.77142857142858,5042.679,219,Hopper-v5,6198,Trial_5
1180.946195602417,221,905216,823.4502510174036,2624.5857663333777,596.910511556543,263.06,1055,0.01118486590226115,-3.0,0.99,0.0001399326455496045,0.0006342065031900597,0.0003,-280.41778564453125,0.9104764461517334,-925.073486328125,0.006110962014645338,-5.097671031951904,-3.0,277.88079833984375,396.42877197265625,-21.52561378479004,2.2923126220703125,38.470224380493164,1.0,-280.41778564453125,0.9104764461517334,-925.073486328125,0.006110962014645338,-5.097671031951904,-3.0,277.88079833984375,396.42877197265625,-21.52561378479004,1055.0,1055.0,0.0,0.01118486590226115,0.01118486590226115,0.0,0.0001399326455496045,0.0001399326455496045,0.0,0.0006342065031900597,0.0006342065031900597,0.0,0.0003,0.0003,0.0,-3.0,-3.0,0.0,0.0,0.14142857142857143,14.842857142857143,38.728571428571435,5051.362,220,Hopper-v5,6198,Trial_5
1185.850499868393,222,909312,797.9698705662763,1293.384834519414,611.5527799573531,253.2,1055,0.01118486590226115,-3.0,0.99,0.0001399326455496045,0.0006342065031900597,0.0003,-280.9014587402344,0.6427476406097412,-953.3268432617188,0.005947110243141651,-5.124849796295166,-3.0,278.2971496582031,373.73162841796875,-52.33110427856445,1.948707103729248,29.581368446350098,1.0,-280.9014587402344,0.6427476406097412,-953.3268432617188,0.005947110243141651,-5.124849796295166,-3.0,278.2971496582031,373.73162841796875,-52.33110427856445,1055.0,1055.0,0.0,0.01118486590226115,0.01118486590226115,0.0,0.0001399326455496045,0.0001399326455496045,0.0,0.0006342065031900597,0.0006342065031900597,0.0,0.0003,0.0003,0.0,-3.0,-3.0,0.0,0.0,0.165,15.066666666666665,38.70000000000001,5029.079,221,Hopper-v5,6198,Trial_5
1190.7416634559631,223,913408,809.9828573470272,1293.384834519414,611.5527799573531,255.24,1055,0.01118486590226115,-3.0,0.99,0.0001399326455496045,0.0006342065031900597,0.0003,-278.48785400390625,0.8435465097427368,-976.1469116210938,0.005788987968116999,-5.151797771453857,-3.0,275.7485656738281,377.7417907714844,-26.46807098388672,2.2261428833007812,46.75882625579834,1.0,-278.48785400390625,0.8435465097427368,-976.1469116210938,0.005788987968116999,-5.151797771453857,-3.0,275.7485656738281,377.7417907714844,-26.46807098388672,1055.0,1055.0,0.0,0.01118486590226115,0.01118486590226115,0.0,0.0001399326455496045,0.0001399326455496045,0.0,0.0006342065031900597,0.0006342065031900597,0.0,0.0003,0.0003,0.0,-3.0,-3.0,0.0,0.0,0.15857142857142859,14.971428571428572,38.857142857142854,5016.305,222,Hopper-v5,6198,Trial_5
1195.6712756156921,224,917504,808.2738900308707,975.6773864940764,611.5527799573531,253.98,1055,0.01118486590226115,-3.0,0.99,0.0001399326455496045,0.0006342065031900597,0.0003,-278.41839599609375,0.8248754143714905,-955.248779296875,0.005636945366859436,-5.178412914276123,-3.0,275.48760986328125,381.8667297363281,-5.890873908996582,2.3667144775390625,26.335474014282227,1.0,-278.41839599609375,0.8248754143714905,-955.248779296875,0.005636945366859436,-5.178412914276123,-3.0,275.48760986328125,381.8667297363281,-5.890873908996582,1055.0,1055.0,0.0,0.01118486590226115,0.01118486590226115,0.0,0.0001399326455496045,0.0001399326455496045,0.0,0.0006342065031900597,0.0006342065031900597,0.0,0.0003,0.0003,0.0,-3.0,-3.0,0.0,0.0,0.17428571428571432,15.085714285714287,38.871428571428574,4950.811,223,Hopper-v5,6198,Trial_5
1200.600558757782,225,921600,805.9968841324203,958.2708683893856,611.5527799573531,252.77,1055,0.01118486590226115,-3.0,0.99,0.0001399326455496045,0.0006342065031900597,0.0003,-275.895263671875,0.9574929475784302,-987.40966796875,0.005490364972501993,-5.204760551452637,-3.0,273.0447998046875,375.2027893066406,-40.532814025878906,2.412750244140625,45.10850811004639,1.0,-275.895263671875,0.9574929475784302,-987.40966796875,0.005490364972501993,-5.204760551452637,-3.0,273.0447998046875,375.2027893066406,-40.532814025878906,1055.0,1055.0,0.0,0.01118486590226115,0.01118486590226115,0.0,0.0001399326455496045,0.0001399326455496045,0.0,0.0006342065031900597,0.0006342065031900597,0.0,0.0003,0.0003,0.0,-3.0,-3.0,0.0,0.0,0.14857142857142858,14.771428571428572,38.67142857142857,4939.092,224,Hopper-v5,6198,Trial_5
1205.501923084259,226,925696,826.636326979882,1038.4405346834603,618.2705228252044,258.41,1055,0.01118486590226115,-3.0,0.99,0.0001399326455496045,0.0006342065031900597,0.0003,-279.19256591796875,0.8142372369766235,-943.5755004882812,0.00534845283254981,-5.230947971343994,-3.0,276.85791015625,370.76702880859375,-38.13568878173828,2.342010498046875,29.774723052978516,1.0,-279.19256591796875,0.8142372369766235,-943.5755004882812,0.00534845283254981,-5.230947971343994,-3.0,276.85791015625,370.76702880859375,-38.13568878173828,1055.0,1055.0,0.0,0.01118486590226115,0.01118486590226115,0.0,0.0001399326455496045,0.0001399326455496045,0.0,0.0006342065031900597,0.0006342065031900597,0.0,0.0003,0.0003,0.0,-3.0,-3.0,0.0,0.0,0.14833333333333334,14.600000000000001,38.71666666666667,4930.746,225,Hopper-v5,6198,Trial_5
1210.3725981712341,227,929792,842.5790046800654,1179.6429351900515,618.2705228252044,262.22,1055,0.01118486590226115,-3.0,0.99,0.0001399326455496045,0.0006342065031900597,0.0003,-269.499267578125,0.8971952199935913,-930.3963623046875,0.0052116792649030685,-5.256853103637695,-3.0,266.6662902832031,377.7579040527344,-35.365909576416016,2.3304519653320312,32.80551528930664,1.0,-269.499267578125,0.8971952199935913,-930.3963623046875,0.0052116792649030685,-5.256853103637695,-3.0,266.6662902832031,377.7579040527344,-35.365909576416016,1055.0,1055.0,0.0,0.01118486590226115,0.01118486590226115,0.0,0.0001399326455496045,0.0001399326455496045,0.0,0.0006342065031900597,0.0006342065031900597,0.0,0.0003,0.0003,0.0,-3.0,-3.0,0.0,0.0,0.20142857142857146,15.542857142857143,38.81428571428571,4915.894,226,Hopper-v5,6198,Trial_5
1215.8660461902618,228,933888,855.6950553343939,1179.6429351900515,620.720035696869,265.94,1055,0.01118486590226115,-3.0,0.99,0.0001399326455496045,0.0006342065031900597,0.0003,-272.541259765625,0.7755938768386841,-971.9439697265625,0.005080768372863531,-5.28229284286499,-3.0,269.93499755859375,368.4526062011719,-23.05756187438965,2.0084381103515625,28.08024501800537,1.0,-272.541259765625,0.7755938768386841,-971.9439697265625,0.005080768372863531,-5.28229284286499,-3.0,269.93499755859375,368.4526062011719,-23.05756187438965,1055.0,1055.0,0.0,0.01118486590226115,0.01118486590226115,0.0,0.0001399326455496045,0.0001399326455496045,0.0,0.0006342065031900597,0.0006342065031900597,0.0,0.0003,0.0003,0.0,-3.0,-3.0,0.0,0.0,0.16,14.742857142857142,38.8,4989.121,227,Hopper-v5,6198,Trial_5
1220.776388168335,229,937984,882.1836575263015,1192.9438612084698,630.3591075113102,273.28,1055,0.01118486590226115,-3.0,0.99,0.0001399326455496045,0.0006342065031900597,0.0003,-271.77349853515625,1.0410710573196411,-1005.9212036132812,0.004953742492944002,-5.30761194229126,-3.0,268.9834899902344,370.7230529785156,-3.3930044174194336,2.5282211303710938,51.697696685791016,1.0,-271.77349853515625,1.0410710573196411,-1005.9212036132812,0.004953742492944002,-5.30761194229126,-3.0,268.9834899902344,370.7230529785156,-3.3930044174194336,1055.0,1055.0,0.0,0.01118486590226115,0.01118486590226115,0.0,0.0001399326455496045,0.0001399326455496045,0.0,0.0006342065031900597,0.0006342065031900597,0.0,0.0003,0.0003,0.0,-3.0,-3.0,0.0,0.0,0.15,14.742857142857142,38.72857142857142,4987.987,228,Hopper-v5,6198,Trial_5
1225.7213280200958,230,942080,914.5895239150856,1279.935796540668,630.3591075113102,283.21,1055,0.01118486590226115,-3.0,0.99,0.0001399326455496045,0.0006342065031900597,0.0003,-273.88165283203125,0.8306074142456055,-988.896240234375,0.004830657504498959,-5.332772731781006,-3.0,271.8521728515625,375.66241455078125,-43.06748580932617,2.00799560546875,43.71925354003906,1.0,-273.88165283203125,0.8306074142456055,-988.896240234375,0.004830657504498959,-5.332772731781006,-3.0,271.8521728515625,375.66241455078125,-43.06748580932617,1055.0,1055.0,0.0,0.01118486590226115,0.01118486590226115,0.0,0.0001399326455496045,0.0001399326455496045,0.0,0.0006342065031900597,0.0006342065031900597,0.0,0.0003,0.0003,0.0,-3.0,-3.0,0.0,0.0,0.18142857142857144,14.985714285714284,38.785714285714285,4997.41,229,Hopper-v5,6198,Trial_5
1230.7105934619904,231,946176,928.7993007383369,1279.935796540668,630.3591075113102,287.4,1055,0.01118486590226115,-3.0,0.99,0.0001399326455496045,0.0006342065031900597,0.0003,-268.64080810546875,0.7696014642715454,-944.1100463867188,0.004711324814707041,-5.357786178588867,-3.0,268.003662109375,370.9693603515625,-55.154335021972656,2.3440780639648438,23.909732818603516,1.0,-268.64080810546875,0.7696014642715454,-944.1100463867188,0.004711324814707041,-5.357786178588867,-3.0,268.003662109375,370.9693603515625,-55.154335021972656,1055.0,1055.0,0.0,0.01118486590226115,0.01118486590226115,0.0,0.0001399326455496045,0.0001399326455496045,0.0,0.0006342065031900597,0.0006342065031900597,0.0,0.0003,0.0003,0.0,-3.0,-3.0,0.0,0.0,0.15285714285714286,14.742857142857144,38.771428571428565,4965.793,230,Hopper-v5,6198,Trial_5
1235.589150428772,232,950272,950.4428834805308,1279.935796540668,631.9238994966843,294.31,1055,0.01118486590226115,-3.0,0.99,0.0001399326455496045,0.0006342065031900597,0.0003,-267.5395812988281,1.0270565748214722,-984.2427978515625,0.004596009384840727,-5.382566928863525,-3.0,263.09295654296875,374.7181396484375,-62.080596923828125,2.528606414794922,57.854193687438965,1.0,-267.5395812988281,1.0270565748214722,-984.2427978515625,0.004596009384840727,-5.382566928863525,-3.0,263.09295654296875,374.7181396484375,-62.080596923828125,1055.0,1055.0,0.0,0.01118486590226115,0.01118486590226115,0.0,0.0001399326455496045,0.0001399326455496045,0.0,0.0006342065031900597,0.0006342065031900597,0.0,0.0003,0.0003,0.0,-3.0,-3.0,0.0,0.0,0.18000000000000002,14.700000000000001,38.699999999999996,4963.446,231,Hopper-v5,6198,Trial_5
1240.5930643081665,233,954368,979.6157970679534,1467.6854731507538,634.2669149537776,302.98,1055,0.01118486590226115,-3.0,0.99,0.0001399326455496045,0.0006342065031900597,0.0003,-273.11895751953125,0.7593762874603271,-984.5347290039062,0.004483905620872974,-5.407260894775391,-3.0,272.2768249511719,363.5486755371094,-55.18130874633789,1.9919509887695312,34.32061195373535,1.0,-273.11895751953125,0.7593762874603271,-984.5347290039062,0.004483905620872974,-5.407260894775391,-3.0,272.2768249511719,363.5486755371094,-55.18130874633789,1055.0,1055.0,0.0,0.01118486590226115,0.01118486590226115,0.0,0.0001399326455496045,0.0001399326455496045,0.0,0.0006342065031900597,0.0006342065031900597,0.0,0.0003,0.0003,0.0,-3.0,-3.0,0.0,0.0,0.18714285714285714,15.357142857142858,38.84285714285714,4974.621,232,Hopper-v5,6198,Trial_5
1245.4983668327332,234,958464,985.3520310060151,1467.6854731507538,634.2669149537776,305.31,1055,0.01118486590226115,-3.0,0.99,0.0001399326455496045,0.0006342065031900597,0.0003,-270.58721923828125,1.0448002815246582,-962.6744995117188,0.00437447102740407,-5.43196964263916,-3.0,268.98968505859375,370.9881896972656,-30.0938777923584,2.4111175537109375,71.88696670532227,1.0,-270.58721923828125,1.0448002815246582,-962.6744995117188,0.00437447102740407,-5.43196964263916,-3.0,268.98968505859375,370.9881896972656,-30.0938777923584,1055.0,1055.0,0.0,0.01118486590226115,0.01118486590226115,0.0,0.0001399326455496045,0.0001399326455496045,0.0,0.0006342065031900597,0.0006342065031900597,0.0,0.0003,0.0003,0.0,-3.0,-3.0,0.0,0.0,0.15857142857142859,14.92857142857143,38.82857142857143,4972.249,233,Hopper-v5,6198,Trial_5
1250.4295899868011,235,962560,1004.1501053441227,1467.6854731507538,653.1373328651696,311.33,1055,0.01118486590226115,-3.0,0.99,0.0001399326455496045,0.0006342065031900597,0.0003,-253.2650146484375,0.9803345203399658,-992.8939208984375,0.0042680008336901665,-5.456609725952148,-3.0,251.15267944335938,360.3348083496094,-60.905460357666016,1.9041862487792969,77.56537437438965,1.0,-253.2650146484375,0.9803345203399658,-992.8939208984375,0.0042680008336901665,-5.456609725952148,-3.0,251.15267944335938,360.3348083496094,-60.905460357666016,1055.0,1055.0,0.0,0.01118486590226115,0.01118486590226115,0.0,0.0001399326455496045,0.0001399326455496045,0.0,0.0006342065031900597,0.0006342065031900597,0.0,0.0003,0.0003,0.0,-3.0,-3.0,0.0,0.0,0.17999999999999997,14.816666666666665,38.78333333333333,4972.357,234,Hopper-v5,6198,Trial_5
1255.9452285766602,236,966656,1040.6969646331424,1499.5681702430697,653.1373328651696,322.54,1055,0.01118486590226115,-3.0,0.99,0.0001399326455496045,0.0006342065031900597,0.0003,-269.05206298828125,0.7059437036514282,-1012.0425415039062,0.0041646165773272514,-5.481131076812744,-3.0,267.9376220703125,365.8597412109375,-36.29531478881836,1.9239578247070312,26.628215789794922,1.0,-269.05206298828125,0.7059437036514282,-1012.0425415039062,0.0041646165773272514,-5.481131076812744,-3.0,267.9376220703125,365.8597412109375,-36.29531478881836,1055.0,1055.0,0.0,0.01118486590226115,0.01118486590226115,0.0,0.0001399326455496045,0.0001399326455496045,0.0,0.0006342065031900597,0.0006342065031900597,0.0,0.0003,0.0003,0.0,-3.0,-3.0,0.0,0.0,0.15625,14.775,38.849999999999994,5033.596,235,Hopper-v5,6198,Trial_5
1260.838308095932,237,970752,1057.5800667131696,1499.5681702430697,653.1373328651696,328.37,1055,0.01118486590226115,-3.0,0.99,0.0001399326455496045,0.0006342065031900597,0.0003,-260.1444396972656,0.7101380228996277,-938.4867553710938,0.004063874017447233,-5.505618572235107,-3.0,259.2265625,362.1732177734375,-96.48336029052734,2.2847156524658203,24.459497451782227,1.0,-260.1444396972656,0.7101380228996277,-938.4867553710938,0.004063874017447233,-5.505618572235107,-3.0,259.2265625,362.1732177734375,-96.48336029052734,1055.0,1055.0,0.0,0.01118486590226115,0.01118486590226115,0.0,0.0001399326455496045,0.0001399326455496045,0.0,0.0006342065031900597,0.0006342065031900597,0.0,0.0003,0.0003,0.0,-3.0,-3.0,0.0,0.0,0.16666666666666666,14.9,38.800000000000004,5036.268,236,Hopper-v5,6198,Trial_5
1265.6885950565338,238,974848,1065.6194072770495,1499.5681702430697,653.1373328651696,331.31,1055,0.01118486590226115,-3.0,0.99,0.0001399326455496045,0.0006342065031900597,0.0003,-256.708251953125,0.8763834238052368,-1032.82275390625,0.003966339863836765,-5.529911518096924,-3.0,252.171875,366.5708923339844,-41.780784606933594,1.8345108032226562,43.12838172912598,1.0,-256.708251953125,0.8763834238052368,-1032.82275390625,0.003966339863836765,-5.529911518096924,-3.0,252.171875,366.5708923339844,-41.780784606933594,1055.0,1055.0,0.0,0.01118486590226115,0.01118486590226115,0.0,0.0001399326455496045,0.0001399326455496045,0.0,0.0006342065031900597,0.0006342065031900597,0.0,0.0003,0.0003,0.0,-3.0,-3.0,0.0,0.0,0.18,14.700000000000001,38.84285714285714,4972.066,237,Hopper-v5,6198,Trial_5
1270.479326248169,239,978944,1076.2952596015843,1499.5681702430697,653.1373328651696,335.37,1055,0.01118486590226115,-3.0,0.99,0.0001399326455496045,0.0006342065031900597,0.0003,-258.2647705078125,0.6741267442703247,-957.0000610351562,0.0038709291256964207,-5.554260730743408,-3.0,256.895263671875,357.3237609863281,-76.41204833984375,1.8837356567382812,33.47814655303955,1.0,-258.2647705078125,0.6741267442703247,-957.0000610351562,0.0038709291256964207,-5.554260730743408,-3.0,256.895263671875,357.3237609863281,-76.41204833984375,1055.0,1055.0,0.0,0.01118486590226115,0.01118486590226115,0.0,0.0001399326455496045,0.0001399326455496045,0.0,0.0006342065031900597,0.0006342065031900597,0.0,0.0003,0.0003,0.0,-3.0,-3.0,0.0,0.0,0.13999999999999999,15.183333333333332,38.916666666666664,4959.908,238,Hopper-v5,6198,Trial_5
1275.3189074993134,240,983040,1089.028785303949,1508.5489541583897,636.7637729361793,339.54,1055,0.01118486590226115,-3.0,0.99,0.0001399326455496045,0.0006342065031900597,0.0003,-261.05096435546875,0.7247527241706848,-1026.5989990234375,0.003778842044994235,-5.578337669372559,-3.0,259.1302490234375,356.55047607421875,-27.482404708862305,1.8941993713378906,27.424165725708008,1.0,-261.05096435546875,0.7247527241706848,-1026.5989990234375,0.003778842044994235,-5.578337669372559,-3.0,259.1302490234375,356.55047607421875,-27.482404708862305,1055.0,1055.0,0.0,0.01118486590226115,0.01118486590226115,0.0,0.0001399326455496045,0.0001399326455496045,0.0,0.0006342065031900597,0.0006342065031900597,0.0,0.0003,0.0003,0.0,-3.0,-3.0,0.0,0.0,0.15428571428571428,15.485714285714284,38.95714285714286,4949.09,239,Hopper-v5,6198,Trial_5
1280.196609735489,241,987136,1113.416454581837,1808.7229598597776,636.7637729361793,346.89,1055,0.01118486590226115,-3.0,0.99,0.0001399326455496045,0.0006342065031900597,0.0003,-261.69989013671875,0.9543402194976807,-983.9564208984375,0.0036890441551804543,-5.60238790512085,-3.0,259.3729553222656,355.5005187988281,-29.29030990600586,2.0078048706054688,45.811964988708496,1.0,-261.69989013671875,0.9543402194976807,-983.9564208984375,0.0036890441551804543,-5.60238790512085,-3.0,259.3729553222656,355.5005187988281,-29.29030990600586,1055.0,1055.0,0.0,0.01118486590226115,0.01118486590226115,0.0,0.0001399326455496045,0.0001399326455496045,0.0,0.0006342065031900597,0.0006342065031900597,0.0,0.0003,0.0003,0.0,-3.0,-3.0,0.0,0.0,0.1442857142857143,14.514285714285714,38.94285714285714,4938.115,240,Hopper-v5,6198,Trial_5
1285.1086490154266,242,991232,1133.9622447134298,1808.7229598597776,636.7637729361793,354.4,1055,0.01118486590226115,-3.0,0.99,0.0001399326455496045,0.0006342065031900597,0.0003,-259.4373779296875,0.8135240077972412,-980.0435791015625,0.00360184907913208,-5.626307964324951,-3.0,257.019775390625,358.9983215332031,-42.339168548583984,1.8868436813354492,40.77160835266113,1.0,-259.4373779296875,0.8135240077972412,-980.0435791015625,0.00360184907913208,-5.626307964324951,-3.0,257.019775390625,358.9983215332031,-42.339168548583984,1055.0,1055.0,0.0,0.01118486590226115,0.01118486590226115,0.0,0.0001399326455496045,0.0001399326455496045,0.0,0.0006342065031900597,0.0006342065031900597,0.0,0.0003,0.0003,0.0,-3.0,-3.0,0.0,0.0,0.15666666666666668,14.299999999999999,38.88333333333333,4941.468,241,Hopper-v5,6198,Trial_5
1290.558158159256,243,995328,1147.665389815856,1808.7229598597776,636.7637729361793,359.04,1055,0.01118486590226115,-3.0,0.99,0.0001399326455496045,0.0006342065031900597,0.0003,-262.7567443847656,0.5868596434593201,-990.46728515625,0.0035167266614735126,-5.650224685668945,-3.0,262.1815185546875,364.737548828125,-26.45374298095703,2.1126861572265625,28.338953971862793,1.0,-262.7567443847656,0.5868596434593201,-990.46728515625,0.0035167266614735126,-5.650224685668945,-3.0,262.1815185546875,364.737548828125,-26.45374298095703,1055.0,1055.0,0.0,0.01118486590226115,0.01118486590226115,0.0,0.0001399326455496045,0.0001399326455496045,0.0,0.0006342065031900597,0.0006342065031900597,0.0,0.0003,0.0003,0.0,-3.0,-3.0,0.0,0.0,0.17625,14.85,38.7875,4986.042,242,Hopper-v5,6198,Trial_5
1295.3426775932312,244,999424,1143.9148718345614,1808.7229598597776,636.7637729361793,358.0,1055,0.01118486590226115,-3.0,0.99,0.0001399326455496045,0.0006342065031900597,0.0003,-260.68017578125,0.50572669506073,-992.8700561523438,0.003434031503275037,-5.674020290374756,-3.0,260.52923583984375,367.41778564453125,-9.044447898864746,2.019012451171875,19.135863304138184,1.0,-260.68017578125,0.50572669506073,-992.8700561523438,0.003434031503275037,-5.674020290374756,-3.0,260.52923583984375,367.41778564453125,-9.044447898864746,1055.0,1055.0,0.0,0.01118486590226115,0.01118486590226115,0.0,0.0001399326455496045,0.0001399326455496045,0.0,0.0006342065031900597,0.0006342065031900597,0.0,0.0003,0.0003,0.0,-3.0,-3.0,0.0,0.0,0.16666666666666666,14.683333333333335,38.86666666666667,4973.855,243,Hopper-v5,6198,Trial_5
1300.1965663433075,245,1003520,1146.3052227588653,2084.4605632609328,636.7637729361793,361.07,1055,0.01118486590226115,-3.0,0.99,0.0001399326455496045,0.0006342065031900597,0.0003,-261.0042419433594,0.6332385540008545,-987.2886962890625,0.003353631589561701,-5.69771146774292,-3.0,260.74169921875,349.20819091796875,-2.5565052032470703,1.8352584838867188,24.668182373046875,1.0,-261.0042419433594,0.6332385540008545,-987.2886962890625,0.003353631589561701,-5.69771146774292,-3.0,260.74169921875,349.20819091796875,-2.5565052032470703,1055.0,1055.0,0.0,0.01118486590226115,0.01118486590226115,0.0,0.0001399326455496045,0.0001399326455496045,0.0,0.0006342065031900597,0.0006342065031900597,0.0,0.0003,0.0003,0.0,-3.0,-3.0,0.0,0.0,0.15999999999999998,14.657142857142858,38.771428571428565,4966.103,244,Hopper-v5,6198,Trial_5
4.332310438156128,1,4096,14.78743504632474,122.91579836275336,3.928926533270161,19.46875,675,0.00594249241560624,-3.0,0.99,1.3360471433895444e-05,0.00010947495337284196,0.0003,-2.8842954635620117,0.40986257791519165,-0.08228178322315216,0.9836186170578003,-0.01651705615222454,-3.0,0.9255330562591553,2.8437561988830566,0.3163948953151703,2.128251552581787,2.6959344148635864,1.0,-2.8842954635620117,0.40986257791519165,-0.08228178322315216,0.9836186170578003,-0.01651705615222454,-3.0,0.9255330562591553,2.8437561988830566,0.3163948953151703,675.0,675.0,0.0,0.00594249241560624,0.00594249241560624,0.0,1.3360471433895444e-05,1.3360471433895444e-05,0.0,0.00010947495337284196,0.00010947495337284196,0.0,0.0003,0.0003,0.0,-3.0,-3.0,0.0,0.0,0.19499999999999998,26.0,51.73333333333334,4316.462,0,Hopper-v5,6198,Trial_6
9.757652282714844,2,8192,16.26717679304733,124.00658185188037,4.488290617893254,21.743169398907103,675,0.00594249241560624,-3.0,0.99,1.3360471433895444e-05,0.00010947495337284196,0.0003,-4.572016716003418,0.14589816331863403,-0.20360462367534637,0.9602413773536682,-0.04057064279913902,-3.0,2.706580638885498,7.5443806648254395,1.1410282850265503,0.7831251323223114,3.225680887699127,1.0,-4.572016716003418,0.14589816331863403,-0.20360462367534637,0.9602413773536682,-0.04057064279913902,-3.0,2.706580638885498,7.5443806648254395,1.1410282850265503,675.0,675.0,0.0,0.00594249241560624,0.00594249241560624,0.0,1.3360471433895444e-05,1.3360471433895444e-05,0.0,0.00010947495337284196,0.00010947495337284196,0.0,0.0003,0.0003,0.0,-3.0,-3.0,0.0,0.0,0.29375,28.3125,54.15,4863.772,1,Hopper-v5,6198,Trial_6
15.039686679840088,3,12288,18.658225234201144,156.11680754485224,2.812009064054454,22.698924731182796,675,0.00594249241560624,-3.0,0.99,1.3360471433895444e-05,0.00010947495337284196,0.0003,-5.010599136352539,0.09577718377113342,-0.3248765468597412,0.9374263286590576,-0.06461714208126068,-3.0,3.1869306564331055,7.966406345367432,1.6403570175170898,0.6323916912078857,3.3884888291358948,1.0,-5.010599136352539,0.09577718377113342,-0.3248765468597412,0.9374263286590576,-0.06461714208126068,-3.0,3.1869306564331055,7.966406345367432,1.6403570175170898,675.0,675.0,0.0,0.00594249241560624,0.00594249241560624,0.0,1.3360471433895444e-05,1.3360471433895444e-05,0.0,0.00010947495337284196,0.00010947495337284196,0.0,0.0003,0.0003,0.0,-3.0,-3.0,0.0,0.0,0.3628571428571429,28.599999999999998,54.34285714285714,4998.525,2,Hopper-v5,6198,Trial_6
20.302440404891968,4,16384,18.023625026995987,119.40388483953282,3.544091778071334,22.488888888888887,675,0.00594249241560624,-3.0,0.99,1.3360471433895444e-05,0.00010947495337284196,0.0003,-5.896392822265625,0.1465839445590973,-0.45002442598342896,0.9151806235313416,-0.08863385766744614,-3.0,4.086366653442383,15.522745132446289,1.4631444215774536,0.6738898754119873,4.89150071144104,1.0,-5.896392822265625,0.1465839445590973,-0.45002442598342896,0.9151806235313416,-0.08863385766744614,-3.0,4.086366653442383,15.522745132446289,1.4631444215774536,675.0,675.0,0.0,0.00594249241560624,0.00594249241560624,0.0,1.3360471433895444e-05,1.3360471433895444e-05,0.0,0.00010947495337284196,0.00010947495337284196,0.0,0.0003,0.0003,0.0,-3.0,-3.0,0.0,0.0,0.27285714285714285,29.0,54.2,5061.943,3,Hopper-v5,6198,Trial_6
25.500239372253418,5,20480,21.01008538795551,163.7428564350465,3.6999753251769922,24.242236024844722,675,0.00594249241560624,-3.0,0.99,1.3360471433895444e-05,0.00010947495337284196,0.0003,-6.381731033325195,0.13973644375801086,-0.5665180087089539,0.893455982208252,-0.11265826225280762,-3.0,4.659910202026367,13.419665336608887,2.0534398555755615,0.6996779441833496,5.073291182518005,1.0,-6.381731033325195,0.13973644375801086,-0.5665180087089539,0.893455982208252,-0.11265826225280762,-3.0,4.659910202026367,13.419665336608887,2.0534398555755615,675.0,675.0,0.0,0.00594249241560624,0.00594249241560624,0.0,1.3360471433895444e-05,1.3360471433895444e-05,0.0,0.00010947495337284196,0.00010947495337284196,0.0,0.0003,0.0003,0.0,-3.0,-3.0,0.0,0.0,0.2214285714285714,28.785714285714285,54.15714285714285,5086.798,4,Hopper-v5,6198,Trial_6
30.70576000213623,6,24576,26.335977260502375,208.7199821610755,4.041631419268348,26.70198675496689,675,0.00594249241560624,-3.0,0.99,1.3360471433895444e-05,0.00010947495337284196,0.0003,-7.30070686340332,0.14714300632476807,-0.6857304573059082,0.8723044991493225,-0.1366167664527893,-3.0,5.602385520935059,19.830671310424805,1.8207712173461914,0.6838992834091187,5.226410269737244,1.0,-7.30070686340332,0.14714300632476807,-0.6857304573059082,0.8723044991493225,-0.1366167664527893,-3.0,5.602385520935059,19.830671310424805,1.8207712173461914,675.0,675.0,0.0,0.00594249241560624,0.00594249241560624,0.0,1.3360471433895444e-05,1.3360471433895444e-05,0.0,0.00010947495337284196,0.00010947495337284196,0.0,0.0003,0.0003,0.0,-3.0,-3.0,0.0,0.0,0.255,28.4,54.45,5104.492,5,Hopper-v5,6198,Trial_6
36.11223292350769,7,28672,25.257251834123313,202.38699250574032,4.983293402134822,25.371951219512194,675,0.00594249241560624,-3.0,0.99,1.3360471433895444e-05,0.00010947495337284196,0.0003,-7.90560245513916,0.12294194847345352,-0.8051509857177734,0.8516717553138733,-0.16055408120155334,-3.0,6.305550575256348,13.45779800415039,2.0876431465148926,0.6439814567565918,5.010748982429504,1.0,-7.90560245513916,0.12294194847345352,-0.8051509857177734,0.8516717553138733,-0.16055408120155334,-3.0,6.305550575256348,13.45779800415039,2.0876431465148926,675.0,675.0,0.0,0.00594249241560624,0.00594249241560624,0.0,1.3360471433895444e-05,1.3360471433895444e-05,0.0,0.00010947495337284196,0.00010947495337284196,0.0,0.0003,0.0003,0.0,-3.0,-3.0,0.0,0.0,0.24250000000000002,28.5125,54.625,5145.841,6,Hopper-v5,6198,Trial_6
41.23734164237976,8,32768,25.508496309436868,148.7417171253441,4.4487991175118475,26.986206896551725,675,0.00594249241560624,-3.0,0.99,1.3360471433895444e-05,0.00010947495337284196,0.0003,-9.340705871582031,0.1585913449525833,-0.9144260287284851,0.8316043615341187,-0.18439848721027374,-3.0,7.785822868347168,26.553674697875977,1.9159969091415405,0.7160967588424683,6.290892124176025,1.0,-9.340705871582031,0.1585913449525833,-0.9144260287284851,0.8316043615341187,-0.18439848721027374,-3.0,7.785822868347168,26.553674697875977,1.9159969091415405,675.0,675.0,0.0,0.00594249241560624,0.00594249241560624,0.0,1.3360471433895444e-05,1.3360471433895444e-05,0.0,0.00010947495337284196,0.00010947495337284196,0.0,0.0003,0.0003,0.0,-3.0,-3.0,0.0,0.0,0.25857142857142856,28.428571428571423,54.74285714285713,5141.659,7,Hopper-v5,6198,Trial_6
46.577372312545776,9,36864,33.909348198473154,204.37302656897407,4.967536719813072,30.50354609929078,675,0.00594249241560624,-3.0,0.99,1.3360471433895444e-05,0.00010947495337284196,0.0003,-10.093117713928223,0.20959244668483734,-1.0384656190872192,0.81208735704422,-0.20814737677574158,-3.0,8.510473251342773,26.223350524902344,1.487640619277954,0.772874653339386,8.44287109375,1.0,-10.093117713928223,0.20959244668483734,-1.0384656190872192,0.81208735704422,-0.20814737677574158,-3.0,8.510473251342773,26.223350524902344,1.487640619277954,675.0,675.0,0.0,0.00594249241560624,0.00594249241560624,0.0,1.3360471433895444e-05,1.3360471433895444e-05,0.0,0.00010947495337284196,0.00010947495337284196,0.0,0.0003,0.0003,0.0,-3.0,-3.0,0.0,0.0,0.27999999999999997,29.014285714285716,54.9,5162.351,8,Hopper-v5,6198,Trial_6
51.80147361755371,10,40960,39.454650689891956,146.90574436738098,4.7233295819252765,34.625,675,0.00594249241560624,-3.0,0.99,1.3360471433895444e-05,0.00010947495337284196,0.0003,-10.655717849731445,0.1777428686618805,-1.1414895057678223,0.7931450009346008,-0.23174931108951569,-3.0,9.131682395935059,20.702619552612305,1.613466501235962,0.7191739082336426,7.269098520278931,1.0,-10.655717849731445,0.1777428686618805,-1.1414895057678223,0.7931450009346008,-0.23174931108951569,-3.0,9.131682395935059,20.702619552612305,1.613466501235962,675.0,675.0,0.0,0.00594249241560624,0.00594249241560624,0.0,1.3360471433895444e-05,1.3360471433895444e-05,0.0,0.00010947495337284196,0.00010947495337284196,0.0,0.0003,0.0003,0.0,-3.0,-3.0,0.0,0.0,0.2914285714285714,28.64285714285714,54.98571428571429,5167.405,9,Hopper-v5,6198,Trial_6
57.35563349723816,11,45056,41.651464427593716,173.6004153812796,5.323564628201662,33.85123966942149,675,0.00594249241560624,-3.0,0.99,1.3360471433895444e-05,0.00010947495337284196,0.0003,-11.76734733581543,0.18224270641803741,-1.2152085304260254,0.7748036980628967,-0.2551455795764923,-3.0,10.261759757995605,29.06546401977539,1.749808430671692,0.8371219635009766,8.088958740234375,1.0,-11.76734733581543,0.18224270641803741,-1.2152085304260254,0.7748036980628967,-0.2551455795764923,-3.0,10.261759757995605,29.06546401977539,1.749808430671692,675.0,675.0,0.0,0.00594249241560624,0.00594249241560624,0.0,1.3360471433895444e-05,1.3360471433895444e-05,0.0,0.00010947495337284196,0.00010947495337284196,0.0,0.0003,0.0003,0.0,-3.0,-3.0,0.0,0.0,0.295,28.3,55.087500000000006,5289.938,10,Hopper-v5,6198,Trial_6
62.710516929626465,12,49152,47.932292102841515,160.42074165845773,3.652124043406668,38.31132075471698,675,0.00594249241560624,-3.0,0.99,1.3360471433895444e-05,0.00010947495337284196,0.0003,-12.78774642944336,0.20862852036952972,-1.3135844469070435,0.7571320533752441,-0.2782175838947296,-3.0,11.250682830810547,29.80660629272461,1.6677285432815552,0.8951125144958496,7.648621559143066,1.0,-12.78774642944336,0.20862852036952972,-1.3135844469070435,0.7571320533752441,-0.2782175838947296,-3.0,11.250682830810547,29.80660629272461,1.6677285432815552,675.0,675.0,0.0,0.00594249241560624,0.00594249241560624,0.0,1.3360471433895444e-05,1.3360471433895444e-05,0.0,0.00010947495337284196,0.00010947495337284196,0.0,0.0003,0.0003,0.0,-3.0,-3.0,0.0,0.0,0.3242857142857143,28.742857142857144,55.300000000000004,5282.989,11,Hopper-v5,6198,Trial_6
67.8757746219635,13,53248,51.00669145478582,136.7905985922967,4.537868656415913,40.33,675,0.00594249241560624,-3.0,0.99,1.3360471433895444e-05,0.00010947495337284196,0.0003,-13.549221992492676,0.22479815781116486,-1.4172968864440918,0.740075945854187,-0.30100247263908386,-3.0,12.039198875427246,29.348134994506836,1.662389874458313,0.9368940591812134,8.921114921569824,1.0,-13.549221992492676,0.22479815781116486,-1.4172968864440918,0.740075945854187,-0.30100247263908386,-3.0,12.039198875427246,29.348134994506836,1.662389874458313,675.0,675.0,0.0,0.00594249241560624,0.00594249241560624,0.0,1.3360471433895444e-05,1.3360471433895444e-05,0.0,0.00010947495337284196,0.00010947495337284196,0.0,0.0003,0.0003,0.0,-3.0,-3.0,0.0,0.0,0.2928571428571428,28.428571428571427,55.44285714285714,5271.701,12,Hopper-v5,6198,Trial_6
73.30158972740173,14,57344,63.40392937494815,152.51846788543477,5.197892050298563,47.13,675,0.00594249241560624,-3.0,0.99,1.3360471433895444e-05,0.00010947495337284196,0.0003,-15.286014556884766,0.2530503273010254,-1.4693291187286377,0.7236765623092651,-0.3234107494354248,-3.0,13.68487548828125,52.43257141113281,0.817500114440918,0.9156262874603271,9.926263809204102,1.0,-15.286014556884766,0.2530503273010254,-1.4693291187286377,0.7236765623092651,-0.3234107494354248,-3.0,13.68487548828125,52.43257141113281,0.817500114440918,675.0,675.0,0.0,0.00594249241560624,0.00594249241560624,0.0,1.3360471433895444e-05,1.3360471433895444e-05,0.0,0.00010947495337284196,0.00010947495337284196,0.0,0.0003,0.0003,0.0,-3.0,-3.0,0.0,0.0,0.2757142857142857,27.97142857142858,55.6,5287.751,13,Hopper-v5,6198,Trial_6
78.56268000602722,15,61440,65.62086073764095,146.6245724724443,7.188202313989362,47.23,675,0.00594249241560624,-3.0,0.99,1.3360471433895444e-05,0.00010947495337284196,0.0003,-15.860493659973145,0.2706940770149231,-1.5204014778137207,0.7079030275344849,-0.3454481363296509,-3.0,14.400566101074219,38.318077087402344,3.4440994262695312,0.9910311698913574,11.812851905822754,1.0,-15.860493659973145,0.2706940770149231,-1.5204014778137207,0.7079030275344849,-0.3454481363296509,-3.0,14.400566101074219,38.318077087402344,3.4440994262695312,675.0,675.0,0.0,0.00594249241560624,0.00594249241560624,0.0,1.3360471433895444e-05,1.3360471433895444e-05,0.0,0.00010947495337284196,0.00010947495337284196,0.0,0.0003,0.0003,0.0,-3.0,-3.0,0.0,0.0,0.33999999999999997,28.924999999999997,55.875,5294.062,14,Hopper-v5,6198,Trial_6
83.77393960952759,16,65536,65.58577253094646,146.88113550461912,8.251471902702225,45.33,675,0.00594249241560624,-3.0,0.99,1.3360471433895444e-05,0.00010947495337284196,0.0003,-16.889896392822266,0.2942748963832855,-1.5523180961608887,0.6927635669708252,-0.36706650257110596,-3.0,15.532958030700684,44.14069747924805,1.1598843336105347,1.0513300895690918,10.943482160568237,1.0,-16.889896392822266,0.2942748963832855,-1.5523180961608887,0.6927635669708252,-0.36706650257110596,-3.0,15.532958030700684,44.14069747924805,1.1598843336105347,675.0,675.0,0.0,0.00594249241560624,0.00594249241560624,0.0,1.3360471433895444e-05,1.3360471433895444e-05,0.0,0.00010947495337284196,0.00010947495337284196,0.0,0.0003,0.0003,0.0,-3.0,-3.0,0.0,0.0,0.3442857142857143,28.61428571428571,55.957142857142856,5294.827,15,Hopper-v5,6198,Trial_6
89.19874596595764,17,69632,68.59187967537059,145.08928291099815,3.328232782250605,46.17,675,0.00594249241560624,-3.0,0.99,1.3360471433895444e-05,0.00010947495337284196,0.0003,-18.399105072021484,0.31372565031051636,-1.5842151641845703,0.6782182455062866,-0.38828617334365845,-3.0,16.994327545166016,45.72484588623047,1.0558629035949707,1.1333651542663574,14.439357995986938,1.0,-18.399105072021484,0.31372565031051636,-1.5842151641845703,0.6782182455062866,-0.38828617334365845,-3.0,16.994327545166016,45.72484588623047,1.0558629035949707,675.0,675.0,0.0,0.00594249241560624,0.00594249241560624,0.0,1.3360471433895444e-05,1.3360471433895444e-05,0.0,0.00010947495337284196,0.00010947495337284196,0.0,0.0003,0.0003,0.0,-3.0,-3.0,0.0,0.0,0.27285714285714285,28.242857142857144,56.15714285714286,5296.529,16,Hopper-v5,6198,Trial_6
94.47631430625916,18,73728,67.79346784362198,155.94608702243434,3.328232782250605,45.25,675,0.00594249241560624,-3.0,0.99,1.3360471433895444e-05,0.00010947495337284196,0.0003,-19.492908477783203,0.4114369750022888,-1.5621938705444336,0.6643175482749939,-0.40899503231048584,-3.0,18.129276275634766,40.98749923706055,1.188339352607727,1.2668519020080566,24.883339881896973,1.0,-19.492908477783203,0.4114369750022888,-1.5621938705444336,0.6643175482749939,-0.40899503231048584,-3.0,18.129276275634766,40.98749923706055,1.188339352607727,675.0,675.0,0.0,0.00594249241560624,0.00594249241560624,0.0,1.3360471433895444e-05,1.3360471433895444e-05,0.0,0.00010947495337284196,0.00010947495337284196,0.0,0.0003,0.0003,0.0,-3.0,-3.0,0.0,0.0,0.3571428571428571,29.057142857142857,56.3,5312.037,17,Hopper-v5,6198,Trial_6
99.81924104690552,19,77824,70.67323939527337,266.50387799449754,33.39376772655134,46.64,675,0.00594249241560624,-3.0,0.99,1.3360471433895444e-05,0.00010947495337284196,0.0003,-21.214698791503906,0.37844911217689514,-1.657012701034546,0.6507068872451782,-0.4296959638595581,-3.0,19.679615020751953,63.136085510253906,4.256615161895752,1.0976190567016602,24.65882921218872,1.0,-21.214698791503906,0.37844911217689514,-1.657012701034546,0.6507068872451782,-0.4296959638595581,-3.0,19.679615020751953,63.136085510253906,4.256615161895752,675.0,675.0,0.0,0.00594249241560624,0.00594249241560624,0.0,1.3360471433895444e-05,1.3360471433895444e-05,0.0,0.00010947495337284196,0.00010947495337284196,0.0,0.0003,0.0003,0.0,-3.0,-3.0,0.0,0.0,0.29250000000000004,28.2375,56.525,5312.291,18,Hopper-v5,6198,Trial_6
105.09120321273804,20,81920,68.26428087784596,174.55494318352618,35.771931220499944,43.17,675,0.00594249241560624,-3.0,0.99,1.3360471433895444e-05,0.00010947495337284196,0.0003,-21.215795516967773,0.45074403285980225,-1.6629605293273926,0.6375842690467834,-0.4500688910484314,-3.0,19.691396713256836,45.13197708129883,1.8510187864303589,1.2639620304107666,22.73043441772461,1.0,-21.215795516967773,0.45074403285980225,-1.6629605293273926,0.6375842690467834,-0.4500688910484314,-3.0,19.691396713256836,45.13197708129883,1.8510187864303589,675.0,675.0,0.0,0.00594249241560624,0.00594249241560624,0.0,1.3360471433895444e-05,1.3360471433895444e-05,0.0,0.00010947495337284196,0.00010947495337284196,0.0,0.0003,0.0003,0.0,-3.0,-3.0,0.0,0.0,0.2957142857142857,28.085714285714285,56.714285714285715,5316.842,19,Hopper-v5,6198,Trial_6
110.28711485862732,21,86016,65.27869847464659,136.29696484661918,32.33204233173925,40.39047619047619,675,0.00594249241560624,-3.0,0.99,1.3360471433895444e-05,0.00010947495337284196,0.0003,-22.501354217529297,0.43880870938301086,-1.7400898933410645,0.6248552203178406,-0.4702353775501251,-3.0,20.84331512451172,48.417667388916016,0.740412712097168,1.3113741874694824,27.24541425704956,1.0,-22.501354217529297,0.43880870938301086,-1.7400898933410645,0.6248552203178406,-0.4702353775501251,-3.0,20.84331512451172,48.417667388916016,0.740412712097168,675.0,675.0,0.0,0.00594249241560624,0.00594249241560624,0.0,1.3360471433895444e-05,1.3360471433895444e-05,0.0,0.00010947495337284196,0.00010947495337284196,0.0,0.0003,0.0003,0.0,-3.0,-3.0,0.0,0.0,0.31285714285714283,28.142857142857142,56.87142857142856,5281.121,20,Hopper-v5,6198,Trial_6
115.69886684417725,22,90112,61.41358931569008,202.4143832971845,35.487855374317675,37.160714285714285,675,0.00594249241560624,-3.0,0.99,1.3360471433895444e-05,0.00010947495337284196,0.0003,-23.36191177368164,0.46744173765182495,-1.6935079097747803,0.6124858260154724,-0.4902294874191284,-3.0,21.53205108642578,48.148067474365234,0.760058581829071,1.3713040351867676,26.801350116729736,1.0,-23.36191177368164,0.46744173765182495,-1.6935079097747803,0.6124858260154724,-0.4902294874191284,-3.0,21.53205108642578,48.148067474365234,0.760058581829071,675.0,675.0,0.0,0.00594249241560624,0.00594249241560624,0.0,1.3360471433895444e-05,1.3360471433895444e-05,0.0,0.00010947495337284196,0.00010947495337284196,0.0,0.0003,0.0003,0.0,-3.0,-3.0,0.0,0.0,0.32999999999999996,28.571428571428573,56.92857142857143,5286.866,21,Hopper-v5,6198,Trial_6
120.94031357765198,23,94208,56.22735889961607,124.49711967101912,36.92576378136908,33.7007874015748,675,0.00594249241560624,-3.0,0.99,1.3360471433895444e-05,0.00010947495337284196,0.0003,-25.49005889892578,0.5202615857124329,-1.8985280990600586,0.6003906726837158,-0.5101747512817383,-3.0,24.123733520507812,55.17949676513672,1.6879420280456543,1.4049081802368164,31.627562522888184,1.0,-25.49005889892578,0.5202615857124329,-1.8985280990600586,0.6003906726837158,-0.5101747512817383,-3.0,24.123733520507812,55.17949676513672,1.6879420280456543,675.0,675.0,0.0,0.00594249241560624,0.00594249241560624,0.0,1.3360471433895444e-05,1.3360471433895444e-05,0.0,0.00010947495337284196,0.00010947495337284196,0.0,0.0003,0.0003,0.0,-3.0,-3.0,0.0,0.0,0.3,28.085714285714285,57.15714285714286,5293.978,22,Hopper-v5,6198,Trial_6
126.33957481384277,24,98304,56.99637562632253,93.82741123959366,32.17467538559777,33.58974358974359,675,0.00594249241560624,-3.0,0.99,1.3360471433895444e-05,0.00010947495337284196,0.0003,-26.317522048950195,0.511296272277832,-1.8986520767211914,0.5885503888130188,-0.5300927758216858,-3.0,24.951873779296875,44.520565032958984,4.644357204437256,1.3315553665161133,29.98148488998413,1.0,-26.317522048950195,0.511296272277832,-1.8986520767211914,0.5885503888130188,-0.5300927758216858,-3.0,24.951873779296875,44.520565032958984,4.644357204437256,675.0,675.0,0.0,0.00594249241560624,0.00594249241560624,0.0,1.3360471433895444e-05,1.3360471433895444e-05,0.0,0.00010947495337284196,0.00010947495337284196,0.0,0.0003,0.0003,0.0,-3.0,-3.0,0.0,0.0,0.3025,28.5875,57.4,5291.562,23,Hopper-v5,6198,Trial_6
131.47663974761963,25,102400,55.5195994833819,104.5448225153578,34.80314197679006,32.44444444444444,675,0.00594249241560624,-3.0,0.99,1.3360471433895444e-05,0.00010947495337284196,0.0003,-26.78827667236328,0.47236424684524536,-1.890267252922058,0.5769609212875366,-0.5499807596206665,-3.0,25.411151885986328,44.03965759277344,3.325183153152466,1.395599603652954,29.682512283325195,1.0,-26.78827667236328,0.47236424684524536,-1.890267252922058,0.5769609212875366,-0.5499807596206665,-3.0,25.411151885986328,44.03965759277344,3.325183153152466,675.0,675.0,0.0,0.00594249241560624,0.00594249241560624,0.0,1.3360471433895444e-05,1.3360471433895444e-05,0.0,0.00010947495337284196,0.00010947495337284196,0.0,0.0003,0.0003,0.0,-3.0,-3.0,0.0,0.0,0.2742857142857143,28.21428571428571,57.542857142857144,5279.059,24,Hopper-v5,6198,Trial_6
136.85275053977966,26,106496,54.983813537343224,119.67107049259722,36.717208622257225,31.94736842105263,675,0.00594249241560624,-3.0,0.99,1.3360471433895444e-05,0.00010947495337284196,0.0003,-28.941471099853516,0.49892860651016235,-1.905766248703003,0.5656130313873291,-0.5698450207710266,-3.0,27.38284683227539,55.13707733154297,5.385914325714111,1.1915979385375977,30.158936500549316,1.0,-28.941471099853516,0.49892860651016235,-1.905766248703003,0.5656130313873291,-0.5698450207710266,-3.0,27.38284683227539,55.13707733154297,5.385914325714111,675.0,675.0,0.0,0.00594249241560624,0.00594249241560624,0.0,1.3360471433895444e-05,1.3360471433895444e-05,0.0,0.00010947495337284196,0.00010947495337284196,0.0,0.0003,0.0003,0.0,-3.0,-3.0,0.0,0.0,0.3157142857142857,27.78571428571429,57.64285714285715,5295.563,25,Hopper-v5,6198,Trial_6
142.22041511535645,27,110592,57.36494282801586,103.90096365995873,38.09178208813533,33.220338983050844,675,0.00594249241560624,-3.0,0.99,1.3360471433895444e-05,0.00010947495337284196,0.0003,-29.67353057861328,0.4631029963493347,-2.015399694442749,0.5544783473014832,-0.589727520942688,-3.0,28.224029541015625,49.75306701660156,6.670419692993164,1.1641788482666016,29.248900413513184,1.0,-29.67353057861328,0.4631029963493347,-2.015399694442749,0.5544783473014832,-0.589727520942688,-3.0,28.224029541015625,49.75306701660156,6.670419692993164,675.0,675.0,0.0,0.00594249241560624,0.00594249241560624,0.0,1.3360471433895444e-05,1.3360471433895444e-05,0.0,0.00010947495337284196,0.00010947495337284196,0.0,0.0003,0.0003,0.0,-3.0,-3.0,0.0,0.0,0.22375,29.5,57.925,5290.089,26,Hopper-v5,6198,Trial_6
147.74361968040466,28,114688,60.227082494906064,160.2273355542311,36.34601514793978,34.63559322033898,675,0.00594249241560624,-3.0,0.99,1.3360471433895444e-05,0.00010947495337284196,0.0003,-30.561599731445312,0.5489742755889893,-2.147810935974121,0.5436341166496277,-0.6094788908958435,-3.0,28.947195053100586,83.64222717285156,6.688808441162109,1.2713003158569336,34.15879440307617,1.0,-30.561599731445312,0.5489742755889893,-2.147810935974121,0.5436341166496277,-0.6094788908958435,-3.0,28.947195053100586,83.64222717285156,6.688808441162109,675.0,675.0,0.0,0.00594249241560624,0.00594249241560624,0.0,1.3360471433895444e-05,1.3360471433895444e-05,0.0,0.00010947495337284196,0.00010947495337284196,0.0,0.0003,0.0003,0.0,-3.0,-3.0,0.0,0.0,0.3228571428571429,28.057142857142857,58.14285714285715,5314.467,27,Hopper-v5,6198,Trial_6
153.18452548980713,29,118784,60.21071618045428,86.38684868550403,35.72377202583439,34.66942148760331,675,0.00594249241560624,-3.0,0.99,1.3360471433895444e-05,0.00010947495337284196,0.0003,-31.184823989868164,0.5377453565597534,-1.9652011394500732,0.5329428911209106,-0.6293410062789917,-3.0,29.700359344482422,53.0052604675293,11.344562530517578,1.3705739974975586,32.40478992462158,1.0,-31.184823989868164,0.5377453565597534,-1.9652011394500732,0.5329428911209106,-0.6293410062789917,-3.0,29.700359344482422,53.0052604675293,11.344562530517578,675.0,675.0,0.0,0.00594249241560624,0.00594249241560624,0.0,1.3360471433895444e-05,1.3360471433895444e-05,0.0,0.00010947495337284196,0.00010947495337284196,0.0,0.0003,0.0003,0.0,-3.0,-3.0,0.0,0.0,0.27875,27.824999999999996,58.325,5324.403,28,Hopper-v5,6198,Trial_6
158.51222944259644,30,122880,63.592981987754584,102.25079221161924,39.71490279226725,36.583333333333336,675,0.00594249241560624,-3.0,0.99,1.3360471433895444e-05,0.00010947495337284196,0.0003,-33.1569709777832,0.5609663128852844,-2.2423219680786133,0.5223841071128845,-0.6493521332740784,-3.0,31.354278564453125,53.83300018310547,10.504544258117676,1.452505111694336,34.390005111694336,1.0,-33.1569709777832,0.5609663128852844,-2.2423219680786133,0.5223841071128845,-0.6493521332740784,-3.0,31.354278564453125,53.83300018310547,10.504544258117676,675.0,675.0,0.0,0.00594249241560624,0.00594249241560624,0.0,1.3360471433895444e-05,1.3360471433895444e-05,0.0,0.00010947495337284196,0.00010947495337284196,0.0,0.0003,0.0003,0.0,-3.0,-3.0,0.0,0.0,0.3514285714285714,28.71428571428571,58.48571428571429,5329.876,29,Hopper-v5,6198,Trial_6
163.93561506271362,31,126976,63.97986240931251,100.66875021498566,38.86676182410085,36.732142857142854,675,0.00594249241560624,-3.0,0.99,1.3360471433895444e-05,0.00010947495337284196,0.0003,-33.29710388183594,0.6757027506828308,-2.2070908546447754,0.5119943022727966,-0.6694417595863342,-3.0,31.807388305664062,61.42583084106445,8.542491912841797,1.407994270324707,35.37008190155029,1.0,-33.29710388183594,0.6757027506828308,-2.2070908546447754,0.5119943022727966,-0.6694417595863342,-3.0,31.807388305664062,61.42583084106445,8.542491912841797,675.0,675.0,0.0,0.00594249241560624,0.00594249241560624,0.0,1.3360471433895444e-05,1.3360471433895444e-05,0.0,0.00010947495337284196,0.00010947495337284196,0.0,0.0003,0.0003,0.0,-3.0,-3.0,0.0,0.0,0.30142857142857143,28.042857142857144,58.51428571428572,5352.77,30,Hopper-v5,6198,Trial_6
4.1661622524261475,1,4096,14.784098781638955,122.99042045876553,4.083596433189153,19.49738219895288,346,0.014859191013651967,-3.0,0.99,4.711170237900359e-05,0.000344169920488444,0.0003,-4.617727279663086,0.14442305266857147,-0.08239754289388657,0.9836124777793884,-0.01652321219444275,-3.0,2.665879726409912,8.988017082214355,0.9604623913764954,0.7582497596740723,2.3802438974380493,1.0,-4.617727279663086,0.14442305266857147,-0.08239754289388657,0.9836124777793884,-0.01652321219444275,-3.0,2.665879726409912,8.988017082214355,0.9604623913764954,346.0,346.0,0.0,0.014859191013651967,0.014859191013651967,0.0,4.711170237900359e-05,4.711170237900359e-05,0.0,0.000344169920488444,0.000344169920488444,0.0,0.0003,0.0003,0.0,-3.0,-3.0,0.0,0.0,0.26333333333333336,23.799999999999997,53.63333333333333,4149.609,0,Hopper-v5,6198,Trial_7
9.436984777450562,2,8192,17.16851191623116,114.77858437544786,4.168789601870812,22.24175824175824,346,0.014859191013651967,-3.0,0.99,4.711170237900359e-05,0.000344169920488444,0.0003,-6.464994430541992,0.2064310759305954,-0.20329616963863373,0.9602643847465515,-0.04054664447903633,-3.0,4.550954818725586,11.255629539489746,2.0102291107177734,0.6594283580780029,4.967850685119629,1.0,-6.464994430541992,0.2064310759305954,-0.20329616963863373,0.9602643847465515,-0.04054664447903633,-3.0,4.550954818725586,11.255629539489746,2.0102291107177734,346.0,346.0,0.0,0.014859191013651967,0.014859191013651967,0.0,4.711170237900359e-05,4.711170237900359e-05,0.0,0.000344169920488444,0.000344169920488444,0.0,0.0003,0.0003,0.0,-3.0,-3.0,0.0,0.0,0.32285714285714284,28.257142857142856,54.31428571428571,4703.382,1,Hopper-v5,6198,Trial_7
14.610769271850586,3,12288,24.985263601265768,189.47097742079697,4.870731782154939,26.78767123287671,346,0.014859191013651967,-3.0,0.99,4.711170237900359e-05,0.000344169920488444,0.0003,-8.591861724853516,0.1903448849916458,-0.32272660732269287,0.9375274777412415,-0.06450919806957245,-3.0,6.821177005767822,30.577686309814453,2.1861135959625244,0.6545003652572632,6.291674852371216,1.0,-8.591861724853516,0.1903448849916458,-0.32272660732269287,0.9375274777412415,-0.06450919806957245,-3.0,6.821177005767822,30.577686309814453,2.1861135959625244,346.0,346.0,0.0,0.014859191013651967,0.014859191013651967,0.0,4.711170237900359e-05,4.711170237900359e-05,0.0,0.000344169920488444,0.000344169920488444,0.0,0.0003,0.0003,0.0,-3.0,-3.0,0.0,0.0,0.32,28.642857142857146,54.25714285714285,4856.735,2,Hopper-v5,6198,Trial_7
19.786099195480347,4,16384,31.237938083793427,185.93096111513768,4.726636196957741,30.333333333333332,346,0.014859191013651967,-3.0,0.99,4.711170237900359e-05,0.000344169920488444,0.0003,-11.427480697631836,0.15825623273849487,-0.4384668171405792,0.9154961109161377,-0.08828916400671005,-3.0,9.628589630126953,35.85677719116211,2.709398031234741,0.8339536190032959,8.2158203125,1.0,-11.427480697631836,0.15825623273849487,-0.4384668171405792,0.9154961109161377,-0.08828916400671005,-3.0,9.628589630126953,35.85677719116211,2.709398031234741,346.0,346.0,0.0,0.014859191013651967,0.014859191013651967,0.0,4.711170237900359e-05,4.711170237900359e-05,0.0,0.000344169920488444,0.000344169920488444,0.0,0.0003,0.0003,0.0,-3.0,-3.0,0.0,0.0,0.3075,29.0625,54.1375,4933.303,3,Hopper-v5,6198,Trial_7
25.05803942680359,5,20480,41.35453305886168,186.0802200308276,5.213319648705644,35.723214285714285,346,0.014859191013651967,-3.0,0.99,4.711170237900359e-05,0.000344169920488444,0.0003,-13.807191848754883,0.19672229886054993,-0.5278036594390869,0.8942524790763855,-0.11176712810993195,-3.0,11.911420822143555,31.70052719116211,3.2722268104553223,0.945780873298645,12.767780542373657,1.0,-13.807191848754883,0.19672229886054993,-0.5278036594390869,0.8942524790763855,-0.11176712810993195,-3.0,11.911420822143555,31.70052719116211,3.2722268104553223,346.0,346.0,0.0,0.014859191013651967,0.014859191013651967,0.0,4.711170237900359e-05,4.711170237900359e-05,0.0,0.000344169920488444,0.000344169920488444,0.0,0.0003,0.0003,0.0,-3.0,-3.0,0.0,0.0,0.18857142857142858,28.5,54.3,4998.239,4,Hopper-v5,6198,Trial_7
30.274133920669556,6,24576,57.11946733914263,173.67438612523478,5.292461410610733,41.44,346,0.014859191013651967,-3.0,0.99,4.711170237900359e-05,0.000344169920488444,0.0003,-16.522247314453125,0.23966842889785767,-0.615170955657959,0.8740684390068054,-0.13459664583206177,-3.0,14.629087448120117,39.10049819946289,1.9818583726882935,1.1462657451629639,12.940385103225708,1.0,-16.522247314453125,0.23966842889785767,-0.615170955657959,0.8740684390068054,-0.13459664583206177,-3.0,14.629087448120117,39.10049819946289,1.9818583726882935,346.0,346.0,0.0,0.014859191013651967,0.014859191013651967,0.0,4.711170237900359e-05,4.711170237900359e-05,0.0,0.000344169920488444,0.000344169920488444,0.0,0.0003,0.0003,0.0,-3.0,-3.0,0.0,0.0,0.26571428571428574,28.657142857142855,54.48571428571429,5032.452,5,Hopper-v5,6198,Trial_7
35.68807244300842,7,28672,63.887433015133965,166.12851904288988,3.9742582739644265,45.96,346,0.014859191013651967,-3.0,0.99,4.711170237900359e-05,0.000344169920488444,0.0003,-19.743440628051758,0.22308671474456787,-0.7014219760894775,0.8548858761787415,-0.15678729116916656,-3.0,17.86972427368164,38.1282958984375,3.3596343994140625,1.12886381149292,14.014746189117432,1.0,-19.743440628051758,0.22308671474456787,-0.7014219760894775,0.8548858761787415,-0.15678729116916656,-3.0,17.86972427368164,38.1282958984375,3.3596343994140625,346.0,346.0,0.0,0.014859191013651967,0.014859191013651967,0.0,4.711170237900359e-05,4.711170237900359e-05,0.0,0.000344169920488444,0.000344169920488444,0.0,0.0003,0.0003,0.0,-3.0,-3.0,0.0,0.0,0.24571428571428572,28.542857142857144,54.699999999999996,5085.494,6,Hopper-v5,6198,Trial_7
40.90258288383484,8,32768,75.66155064115873,194.37995618179195,9.127456494612304,51.26,346,0.014859191013651967,-3.0,0.99,4.711170237900359e-05,0.000344169920488444,0.0003,-23.176551818847656,0.2640393376350403,-0.7430800199508667,0.8366520404815674,-0.17834699153900146,-3.0,21.510944366455078,46.15642166137695,3.4360408782958984,1.1361651420593262,25.239681243896484,1.0,-23.176551818847656,0.2640393376350403,-0.7430800199508667,0.8366520404815674,-0.17834699153900146,-3.0,21.510944366455078,46.15642166137695,3.4360408782958984,346.0,346.0,0.0,0.014859191013651967,0.014859191013651967,0.0,4.711170237900359e-05,4.711170237900359e-05,0.0,0.000344169920488444,0.000344169920488444,0.0,0.0003,0.0003,0.0,-3.0,-3.0,0.0,0.0,0.2857142857142857,28.38571428571429,54.728571428571435,5100.192,7,Hopper-v5,6198,Trial_7
46.36354303359985,9,36864,69.79767812373046,187.49488618028175,10.771422329092305,48.25,346,0.014859191013651967,-3.0,0.99,4.711170237900359e-05,0.000344169920488444,0.0003,-26.491832733154297,0.2905462384223938,-0.8309614658355713,0.8192880749702454,-0.199319526553154,-3.0,24.733570098876953,58.66187286376953,5.330555438995361,1.306976318359375,29.171405792236328,1.0,-26.491832733154297,0.2905462384223938,-0.8309614658355713,0.8192880749702454,-0.199319526553154,-3.0,24.733570098876953,58.66187286376953,5.330555438995361,346.0,346.0,0.0,0.014859191013651967,0.014859191013651967,0.0,4.711170237900359e-05,4.711170237900359e-05,0.0,0.000344169920488444,0.000344169920488444,0.0,0.0003,0.0003,0.0,-3.0,-3.0,0.0,0.0,0.26375,28.75,54.925,5138.66,8,Hopper-v5,6198,Trial_7
51.68284893035889,10,40960,73.74676223080611,198.46386210503408,7.745452492202603,45.42,346,0.014859191013651967,-3.0,0.99,4.711170237900359e-05,0.000344169920488444,0.0003,-28.466276168823242,0.27957892417907715,-0.8883513808250427,0.8024088740348816,-0.22013697028160095,-3.0,26.62616729736328,52.285064697265625,2.3838157653808594,1.2187414169311523,26.273273468017578,1.0,-28.466276168823242,0.27957892417907715,-0.8883513808250427,0.8024088740348816,-0.22013697028160095,-3.0,26.62616729736328,52.285064697265625,2.3838157653808594,346.0,346.0,0.0,0.014859191013651967,0.014859191013651967,0.0,4.711170237900359e-05,4.711170237900359e-05,0.0,0.000344169920488444,0.000344169920488444,0.0,0.0003,0.0003,0.0,-3.0,-3.0,0.0,0.0,0.32142857142857145,28.82857142857143,55.07142857142857,5155.546,9,Hopper-v5,6198,Trial_7
57.19863724708557,11,45056,65.59765213937591,142.85701332430068,35.587658610120606,38.904761904761905,346,0.014859191013651967,-3.0,0.99,4.711170237900359e-05,0.000344169920488444,0.0003,-32.383338928222656,0.47294068336486816,-0.8923808336257935,0.7860641479492188,-0.24071691930294037,-3.0,30.718223571777344,72.0499038696289,8.088092803955078,1.3323516845703125,37.79150581359863,1.0,-32.383338928222656,0.47294068336486816,-0.8923808336257935,0.7860641479492188,-0.24071691930294037,-3.0,30.718223571777344,72.0499038696289,8.088092803955078,346.0,346.0,0.0,0.014859191013651967,0.014859191013651967,0.0,4.711170237900359e-05,4.711170237900359e-05,0.0,0.000344169920488444,0.000344169920488444,0.0,0.0003,0.0003,0.0,-3.0,-3.0,0.0,0.0,0.3085714285714286,28.242857142857144,55.142857142857146,5290.759,10,Hopper-v5,6198,Trial_7
62.54693913459778,12,49152,71.85079040798077,145.12165504953356,38.99022764991631,40.98039215686274,346,0.014859191013651967,-3.0,0.99,4.711170237900359e-05,0.000344169920488444,0.0003,-33.95728302001953,0.32648319005966187,-1.0188932418823242,0.7699014544487,-0.2614927887916565,-3.0,32.15949630737305,56.703853607177734,3.912307024002075,1.250314712524414,34.064127922058105,1.0,-33.95728302001953,0.32648319005966187,-1.0188932418823242,0.7699014544487,-0.2614927887916565,-3.0,32.15949630737305,56.703853607177734,3.912307024002075,346.0,346.0,0.0,0.014859191013651967,0.014859191013651967,0.0,4.711170237900359e-05,4.711170237900359e-05,0.0,0.000344169920488444,0.000344169920488444,0.0,0.0003,0.0003,0.0,-3.0,-3.0,0.0,0.0,0.3314285714285714,28.82857142857143,55.300000000000004,5298.584,11,Hopper-v5,6198,Trial_7
67.76141381263733,13,53248,77.56556739797726,212.1798087170677,38.305987406183505,44.4,346,0.014859191013651967,-3.0,0.99,4.711170237900359e-05,0.000344169920488444,0.0003,-37.35932540893555,0.44640570878982544,-1.0885207653045654,0.7540072202682495,-0.28235337138175964,-3.0,35.22285461425781,86.81419372558594,10.605079650878906,1.4327983856201172,39.157809257507324,1.0,-37.35932540893555,0.44640570878982544,-1.0885207653045654,0.7540072202682495,-0.28235337138175964,-3.0,35.22285461425781,86.81419372558594,10.605079650878906,346.0,346.0,0.0,0.014859191013651967,0.014859191013651967,0.0,4.711170237900359e-05,4.711170237900359e-05,0.0,0.000344169920488444,0.000344169920488444,0.0,0.0003,0.0003,0.0,-3.0,-3.0,0.0,0.0,0.30625,28.25,55.5125,5302.43,12,Hopper-v5,6198,Trial_7
73.29344058036804,14,57344,87.4088838363755,168.84476581366008,40.0318853210901,49.47,346,0.014859191013651967,-3.0,0.99,4.711170237900359e-05,0.000344169920488444,0.0003,-39.288719177246094,0.4339524805545807,-1.1672283411026,0.738264262676239,-0.3034534156322479,-3.0,37.391212463378906,66.18130493164062,11.18271541595459,1.4685382843017578,37.40832710266113,1.0,-39.288719177246094,0.4339524805545807,-1.1672283411026,0.738264262676239,-0.3034534156322479,-3.0,37.391212463378906,66.18130493164062,11.18271541595459,346.0,346.0,0.0,0.014859191013651967,0.014859191013651967,0.0,4.711170237900359e-05,4.711170237900359e-05,0.0,0.000344169920488444,0.000344169920488444,0.0,0.0003,0.0003,0.0,-3.0,-3.0,0.0,0.0,0.27571428571428575,27.928571428571427,55.7,5338.259,13,Hopper-v5,6198,Trial_7
78.68802642822266,15,61440,97.68435706104513,170.50934988701297,40.32152059727061,54.09,346,0.014859191013651967,-3.0,0.99,4.711170237900359e-05,0.000344169920488444,0.0003,-41.586326599121094,0.49988481402397156,-1.1259206533432007,0.7227649092674255,-0.32467126846313477,-3.0,39.610130310058594,63.815521240234375,8.372506141662598,1.3845500946044922,42.81121826171875,1.0,-41.586326599121094,0.49988481402397156,-1.1259206533432007,0.7227649092674255,-0.32467126846313477,-3.0,39.610130310058594,63.815521240234375,8.372506141662598,346.0,346.0,0.0,0.014859191013651967,0.014859191013651967,0.0,4.711170237900359e-05,4.711170237900359e-05,0.0,0.000344169920488444,0.000344169920488444,0.0,0.0003,0.0003,0.0,-3.0,-3.0,0.0,0.0,0.3425,29.1875,55.9125,5350.384,14,Hopper-v5,6198,Trial_7
84.10045433044434,16,65536,124.13574562250047,231.13194247969102,41.88902749506441,65.86,346,0.014859191013651967,-3.0,0.99,4.711170237900359e-05,0.000344169920488444,0.0003,-45.34174346923828,0.5372875928878784,-1.2685699462890625,0.7076123356819153,-0.3458588719367981,-3.0,43.47917556762695,69.20634460449219,16.50876808166504,1.3597068786621094,44.34622287750244,1.0,-45.34174346923828,0.5372875928878784,-1.2685699462890625,0.7076123356819153,-0.3458588719367981,-3.0,43.47917556762695,69.20634460449219,16.50876808166504,346.0,346.0,0.0,0.014859191013651967,0.014859191013651967,0.0,4.711170237900359e-05,4.711170237900359e-05,0.0,0.000344169920488444,0.000344169920488444,0.0,0.0003,0.0003,0.0,-3.0,-3.0,0.0,0.0,0.3242857142857143,28.428571428571427,56.00000000000001,5370.079,15,Hopper-v5,6198,Trial_7
89.21557521820068,17,69632,154.15889666031362,231.13194247969102,41.88902749506441,78.65,346,0.014859191013651967,-3.0,0.99,4.711170237900359e-05,0.000344169920488444,0.0003,-46.58695602416992,0.5971943140029907,-1.2194936275482178,0.692817747592926,-0.36698824167251587,-3.0,44.991859436035156,84.11994934082031,5.667843341827393,1.5780649185180664,47.854308128356934,1.0,-46.58695602416992,0.5971943140029907,-1.2194936275482178,0.692817747592926,-0.36698824167251587,-3.0,44.991859436035156,84.11994934082031,5.667843341827393,346.0,346.0,0.0,0.014859191013651967,0.014859191013651967,0.0,4.711170237900359e-05,4.711170237900359e-05,0.0,0.000344169920488444,0.000344169920488444,0.0,0.0003,0.0003,0.0,-3.0,-3.0,0.0,0.0,0.29857142857142854,28.499999999999996,56.17142857142858,5340.082,16,Hopper-v5,6198,Trial_7
94.45604276657104,18,73728,167.44476266822724,207.41939563270446,35.77530675620707,83.83,346,0.014859191013651967,-3.0,0.99,4.711170237900359e-05,0.000344169920488444,0.0003,-50.645389556884766,0.4644647538661957,-1.3420546054840088,0.6785061359405518,-0.38786178827285767,-3.0,48.48963928222656,91.66191864013672,12.482674598693848,1.3609027862548828,48.269103050231934,1.0,-50.645389556884766,0.4644647538661957,-1.3420546054840088,0.6785061359405518,-0.38786178827285767,-3.0,48.48963928222656,91.66191864013672,12.482674598693848,346.0,346.0,0.0,0.014859191013651967,0.014859191013651967,0.0,4.711170237900359e-05,4.711170237900359e-05,0.0,0.000344169920488444,0.000344169920488444,0.0,0.0003,0.0003,0.0,-3.0,-3.0,0.0,0.0,0.3442857142857143,28.71428571428572,56.45714285714286,5342.468,17,Hopper-v5,6198,Trial_7
99.87825179100037,19,77824,172.20872312305343,205.41322449925184,35.77530675620707,84.99,346,0.014859191013651967,-3.0,0.99,4.711170237900359e-05,0.000344169920488444,0.0003,-53.18310546875,0.5298668742179871,-1.3693835735321045,0.664257824420929,-0.4090849459171295,-3.0,50.97727584838867,90.4427261352539,11.34714412689209,1.2488574981689453,48.25545597076416,1.0,-53.18310546875,0.5298668742179871,-1.3693835735321045,0.664257824420929,-0.4090849459171295,-3.0,50.97727584838867,90.4427261352539,11.34714412689209,346.0,346.0,0.0,0.014859191013651967,0.014859191013651967,0.0,4.711170237900359e-05,4.711170237900359e-05,0.0,0.000344169920488444,0.000344169920488444,0.0,0.0003,0.0003,0.0,-3.0,-3.0,0.0,0.0,0.275,28.299999999999997,56.55,5338.926,18,Hopper-v5,6198,Trial_7
105.09629535675049,20,81920,178.6378503005691,207.3330972610884,42.32572425035289,86.28,346,0.014859191013651967,-3.0,0.99,4.711170237900359e-05,0.000344169920488444,0.0003,-54.96947479248047,0.5551493167877197,-1.5019747018814087,0.6502321362495422,-0.4304257929325104,-3.0,52.7425537109375,92.22960662841797,17.6606388092041,1.725539207458496,50.86078929901123,1.0,-54.96947479248047,0.5551493167877197,-1.5019747018814087,0.6502321362495422,-0.4304257929325104,-3.0,52.7425537109375,92.22960662841797,17.6606388092041,346.0,346.0,0.0,0.014859191013651967,0.014859191013651967,0.0,4.711170237900359e-05,4.711170237900359e-05,0.0,0.000344169920488444,0.000344169920488444,0.0,0.0003,0.0003,0.0,-3.0,-3.0,0.0,0.0,0.3228571428571429,28.0,56.800000000000004,5328.424,19,Hopper-v5,6198,Trial_7
110.40131425857544,21,86016,179.970166260835,207.3330972610884,42.32572425035289,85.57,346,0.014859191013651967,-3.0,0.99,4.711170237900359e-05,0.000344169920488444,0.0003,-57.22673416137695,0.43968868255615234,-1.5448846817016602,0.6364175081253052,-0.4519004821777344,-3.0,55.26316452026367,93.55996704101562,19.65658950805664,1.345982551574707,47.7580509185791,1.0,-57.22673416137695,0.43968868255615234,-1.5448846817016602,0.6364175081253052,-0.4519004821777344,-3.0,55.26316452026367,93.55996704101562,19.65658950805664,346.0,346.0,0.0,0.014859191013651967,0.014859191013651967,0.0,4.711170237900359e-05,4.711170237900359e-05,0.0,0.000344169920488444,0.000344169920488444,0.0,0.0003,0.0003,0.0,-3.0,-3.0,0.0,0.0,0.31,28.442857142857143,56.857142857142854,5307.568,20,Hopper-v5,6198,Trial_7
115.96819233894348,22,90112,182.87609073952228,207.80520494068926,57.37539563073958,85.77,346,0.014859191013651967,-3.0,0.99,4.711170237900359e-05,0.000344169920488444,0.0003,-61.153907775878906,0.6050941944122314,-1.6506280899047852,0.6229247450828552,-0.4733295440673828,-3.0,58.55672073364258,96.53915405273438,13.220098495483398,1.6998329162597656,59.280762672424316,1.0,-61.153907775878906,0.6050941944122314,-1.6506280899047852,0.6229247450828552,-0.4733295440673828,-3.0,58.55672073364258,96.53915405273438,13.220098495483398,346.0,346.0,0.0,0.014859191013651967,0.014859191013651967,0.0,4.711170237900359e-05,4.711170237900359e-05,0.0,0.000344169920488444,0.000344169920488444,0.0,0.0003,0.0003,0.0,-3.0,-3.0,0.0,0.0,0.2925,28.275,57.0125,5329.57,21,Hopper-v5,6198,Trial_7
121.33331799507141,23,94208,184.0242945701456,207.80520494068926,167.9569854349724,85.91,346,0.014859191013651967,-3.0,0.99,4.711170237900359e-05,0.000344169920488444,0.0003,-64.95581817626953,0.7463765144348145,-1.6580979824066162,0.609470784664154,-0.49516424536705017,-3.0,62.74082946777344,96.74056243896484,13.210387229919434,1.8592596054077148,64.55317783355713,1.0,-64.95581817626953,0.7463765144348145,-1.6580979824066162,0.609470784664154,-0.49516424536705017,-3.0,62.74082946777344,96.74056243896484,13.210387229919434,346.0,346.0,0.0,0.014859191013651967,0.014859191013651967,0.0,4.711170237900359e-05,4.711170237900359e-05,0.0,0.000344169920488444,0.000344169920488444,0.0,0.0003,0.0003,0.0,-3.0,-3.0,0.0,0.0,0.3685714285714285,28.14285714285714,57.25714285714287,5344.705,22,Hopper-v5,6198,Trial_7
126.6444525718689,24,98304,183.19498687293594,206.64399012687792,167.9569854349724,85.73,346,0.014859191013651967,-3.0,0.99,4.711170237900359e-05,0.000344169920488444,0.0003,-66.9772720336914,0.7065416574478149,-1.752854824066162,0.5962601900100708,-0.5170781016349792,-3.0,64.84402465820312,103.17845916748047,10.198108673095703,1.6022710800170898,66.3328971862793,1.0,-66.9772720336914,0.7065416574478149,-1.752854824066162,0.5962601900100708,-0.5170781016349792,-3.0,64.84402465820312,103.17845916748047,10.198108673095703,346.0,346.0,0.0,0.014859191013651967,0.014859191013651967,0.0,4.711170237900359e-05,4.711170237900359e-05,0.0,0.000344169920488444,0.000344169920488444,0.0,0.0003,0.0003,0.0,-3.0,-3.0,0.0,0.0,0.23428571428571426,28.62857142857143,57.48571428571428,5322.491,23,Hopper-v5,6198,Trial_7
131.71669101715088,25,102400,181.8576166228851,206.64399012687792,168.36456316544002,85.04,346,0.014859191013651967,-3.0,0.99,4.711170237900359e-05,0.000344169920488444,0.0003,-70.40631103515625,0.6269790530204773,-1.9557925462722778,0.5833106637001038,-0.5390353798866272,-3.0,68.55316162109375,106.56277465820312,22.428693771362305,1.7543907165527344,72.71439552307129,1.0,-70.40631103515625,0.6269790530204773,-1.9557925462722778,0.5833106637001038,-0.5390353798866272,-3.0,68.55316162109375,106.56277465820312,22.428693771362305,346.0,346.0,0.0,0.014859191013651967,0.014859191013651967,0.0,4.711170237900359e-05,4.711170237900359e-05,0.0,0.000344169920488444,0.000344169920488444,0.0,0.0003,0.0003,0.0,-3.0,-3.0,0.0,0.0,0.3085714285714286,28.157142857142855,57.58571428571429,5290.625,24,Hopper-v5,6198,Trial_7
137.15710544586182,26,106496,179.9888085677055,210.45006999740164,45.95218502950151,83.97,346,0.014859191013651967,-3.0,0.99,4.711170237900359e-05,0.000344169920488444,0.0003,-72.86334228515625,0.6769372224807739,-1.9451119899749756,0.570542573928833,-0.5611674189567566,-3.0,71.38615417480469,110.22819519042969,22.313617706298828,1.719482421875,73.19085693359375,1.0,-72.86334228515625,0.6769372224807739,-1.9451119899749756,0.570542573928833,-0.5611674189567566,-3.0,71.38615417480469,110.22819519042969,22.313617706298828,346.0,346.0,0.0,0.014859191013651967,0.014859191013651967,0.0,4.711170237900359e-05,4.711170237900359e-05,0.0,0.000344169920488444,0.000344169920488444,0.0,0.0003,0.0003,0.0,-3.0,-3.0,0.0,0.0,0.27375,28.3125,57.7625,5293.445,25,Hopper-v5,6198,Trial_7
142.4960172176361,27,110592,181.166043662711,210.45006999740164,45.95218502950151,84.2,346,0.014859191013651967,-3.0,0.99,4.711170237900359e-05,0.000344169920488444,0.0003,-74.25047302246094,0.6080256700515747,-2.050853967666626,0.5581434369087219,-0.5831392407417297,-3.0,72.693603515625,111.82654571533203,26.786651611328125,1.6304540634155273,70.2292709350586,1.0,-74.25047302246094,0.6080256700515747,-2.050853967666626,0.5581434369087219,-0.5831392407417297,-3.0,72.693603515625,111.82654571533203,26.786651611328125,346.0,346.0,0.0,0.014859191013651967,0.014859191013651967,0.0,4.711170237900359e-05,4.711170237900359e-05,0.0,0.000344169920488444,0.000344169920488444,0.0,0.0003,0.0003,0.0,-3.0,-3.0,0.0,0.0,0.26,29.12857142857143,58.01428571428571,5315.931,26,Hopper-v5,6198,Trial_7
147.79365921020508,28,114688,183.5296430037593,202.52179020788853,170.2897778058487,85.13,346,0.014859191013651967,-3.0,0.99,4.711170237900359e-05,0.000344169920488444,0.0003,-78.35041809082031,0.6437143087387085,-2.1775004863739014,0.5460314750671387,-0.6050786375999451,-3.0,76.0378646850586,121.54145050048828,36.24596405029297,1.7633914947509766,73.27869033813477,1.0,-78.35041809082031,0.6437143087387085,-2.1775004863739014,0.5460314750671387,-0.6050786375999451,-3.0,76.0378646850586,121.54145050048828,36.24596405029297,346.0,346.0,0.0,0.014859191013651967,0.014859191013651967,0.0,4.711170237900359e-05,4.711170237900359e-05,0.0,0.000344169920488444,0.000344169920488444,0.0,0.0003,0.0003,0.0,-3.0,-3.0,0.0,0.0,0.30428571428571427,28.071428571428573,58.15714285714286,5321.822,27,Hopper-v5,6198,Trial_7
153.36789631843567,29,118784,183.62691385912152,207.37194113357432,167.47531592683765,85.11,346,0.014859191013651967,-3.0,0.99,4.711170237900359e-05,0.000344169920488444,0.0003,-80.79086303710938,0.671511173248291,-2.1206982135772705,0.5342041850090027,-0.6269771456718445,-3.0,78.9208984375,117.06876373291016,22.281404495239258,1.6871623992919922,80.91108322143555,1.0,-80.79086303710938,0.671511173248291,-2.1206982135772705,0.5342041850090027,-0.6269771456718445,-3.0,78.9208984375,117.06876373291016,22.281404495239258,346.0,346.0,0.0,0.014859191013651967,0.014859191013651967,0.0,4.711170237900359e-05,4.711170237900359e-05,0.0,0.000344169920488444,0.000344169920488444,0.0,0.0003,0.0003,0.0,-3.0,-3.0,0.0,0.0,0.28125,27.9875,58.3625,5336.669,28,Hopper-v5,6198,Trial_7
158.7477011680603,30,122880,184.01067800569487,207.37194113357432,165.45030316610752,85.14,346,0.014859191013651967,-3.0,0.99,4.711170237900359e-05,0.000344169920488444,0.0003,-83.66581726074219,0.8199255466461182,-2.295696258544922,0.5227826833724976,-0.6485894322395325,-3.0,81.23240661621094,126.29910278320312,29.288162231445312,1.9246501922607422,84.36270904541016,1.0,-83.66581726074219,0.8199255466461182,-2.295696258544922,0.5227826833724976,-0.6485894322395325,-3.0,81.23240661621094,126.29910278320312,29.288162231445312,346.0,346.0,0.0,0.014859191013651967,0.014859191013651967,0.0,4.711170237900359e-05,4.711170237900359e-05,0.0,0.000344169920488444,0.000344169920488444,0.0,0.0003,0.0003,0.0,-3.0,-3.0,0.0,0.0,0.34714285714285714,28.67142857142857,58.60000000000001,5353.251,29,Hopper-v5,6198,Trial_7
163.9322748184204,31,126976,183.98120285802113,207.37194113357432,165.45030316610752,85.08,346,0.014859191013651967,-3.0,0.99,4.711170237900359e-05,0.000344169920488444,0.0003,-84.24250793457031,0.6054381132125854,-2.1670825481414795,0.5114683508872986,-0.6704696416854858,-3.0,82.2733154296875,123.69595336914062,25.374252319335938,1.7119197845458984,80.22311973571777,1.0,-84.24250793457031,0.6054381132125854,-2.1670825481414795,0.5114683508872986,-0.6704696416854858,-3.0,82.2733154296875,123.69595336914062,25.374252319335938,346.0,346.0,0.0,0.014859191013651967,0.014859191013651967,0.0,4.711170237900359e-05,4.711170237900359e-05,0.0,0.000344169920488444,0.000344169920488444,0.0,0.0003,0.0003,0.0,-3.0,-3.0,0.0,0.0,0.2671428571428572,27.714285714285715,58.642857142857146,5341.079,30,Hopper-v5,6198,Trial_7
169.25468230247498,32,131072,182.24970071980152,201.6471400925787,164.64892347591422,84.38,346,0.014859191013651967,-3.0,0.99,4.711170237900359e-05,0.000344169920488444,0.0003,-87.70246887207031,0.7098191976547241,-2.195955276489258,0.5004435181617737,-0.6922605037689209,-3.0,86.03948974609375,131.41152954101562,7.197417736053467,1.6790122985839844,87.08722877502441,1.0,-87.70246887207031,0.7098191976547241,-2.195955276489258,0.5004435181617737,-0.6922605037689209,-3.0,86.03948974609375,131.41152954101562,7.197417736053467,346.0,346.0,0.0,0.014859191013651967,0.014859191013651967,0.0,4.711170237900359e-05,4.711170237900359e-05,0.0,0.000344169920488444,0.000344169920488444,0.0,0.0003,0.0003,0.0,-3.0,-3.0,0.0,0.0,0.2314285714285714,26.442857142857143,60.08571428571429,5316.584,31,Hopper-v5,6198,Trial_7
174.71772980690002,33,135168,182.3506250613423,206.00073646828656,164.64892347591422,84.43,346,0.014859191013651967,-3.0,0.99,4.711170237900359e-05,0.000344169920488444,0.0003,-88.52253723144531,0.7452369332313538,-2.453873872756958,0.489594042301178,-0.7141786813735962,-3.0,87.00820922851562,130.11907958984375,9.612565040588379,1.850992202758789,87.7374439239502,1.0,-88.52253723144531,0.7452369332313538,-2.453873872756958,0.489594042301178,-0.7141786813735962,-3.0,87.00820922851562,130.11907958984375,9.612565040588379,346.0,346.0,0.0,0.014859191013651967,0.014859191013651967,0.0,4.711170237900359e-05,4.711170237900359e-05,0.0,0.000344169920488444,0.000344169920488444,0.0,0.0003,0.0003,0.0,-3.0,-3.0,0.0,0.0,0.22625,26.8,58.475,5326.278,32,Hopper-v5,6198,Trial_7
180.45372486114502,34,139264,185.5533842005333,207.45427640969157,170.62395953463184,85.25,346,0.014859191013651967,-3.0,0.99,4.711170237900359e-05,0.000344169920488444,0.0003,-92.73866271972656,0.7806724309921265,-2.4588186740875244,0.4790404140949249,-0.7359703779220581,-3.0,90.88123321533203,148.8236846923828,25.215539932250977,1.9105815887451172,97.15094375610352,1.0,-92.73866271972656,0.7806724309921265,-2.4588186740875244,0.4790404140949249,-0.7359703779220581,-3.0,90.88123321533203,148.8236846923828,25.215539932250977,346.0,346.0,0.0,0.014859191013651967,0.014859191013651967,0.0,4.711170237900359e-05,4.711170237900359e-05,0.0,0.000344169920488444,0.000344169920488444,0.0,0.0003,0.0003,0.0,-3.0,-3.0,0.0,0.0,0.18000000000000002,33.31428571428572,54.27142857142858,5368.802,33,Hopper-v5,6198,Trial_7
185.6584095954895,35,143360,185.94060039205635,207.45427640969157,170.62395953463184,85.27,346,0.014859191013651967,-3.0,0.99,4.711170237900359e-05,0.000344169920488444,0.0003,-95.96640014648438,0.8381305932998657,-2.489081859588623,0.46886953711509705,-0.7574307322502136,-3.0,93.30274200439453,138.96307373046875,35.0489501953125,2.067575454711914,101.20018196105957,1.0,-95.96640014648438,0.8381305932998657,-2.489081859588623,0.46886953711509705,-0.7574307322502136,-3.0,93.30274200439453,138.96307373046875,35.0489501953125,346.0,346.0,0.0,0.014859191013651967,0.014859191013651967,0.0,4.711170237900359e-05,4.711170237900359e-05,0.0,0.000344169920488444,0.000344169920488444,0.0,0.0003,0.0003,0.0,-3.0,-3.0,0.0,0.0,0.2542857142857143,28.199999999999996,57.41428571428572,5382.028,34,Hopper-v5,6198,Trial_7
190.96845602989197,36,147456,184.75737882241978,203.40443159998634,169.18949111580045,85.02,346,0.014859191013651967,-3.0,0.99,4.711170237900359e-05,0.000344169920488444,0.0003,-98.83917999267578,0.696757435798645,-2.5576653480529785,0.4589605927467346,-0.7787909507751465,-3.0,97.11943054199219,142.0507354736328,25.70578384399414,1.6163349151611328,96.9266414642334,1.0,-98.83917999267578,0.696757435798645,-2.5576653480529785,0.4589605927467346,-0.7787909507751465,-3.0,97.11943054199219,142.0507354736328,25.70578384399414,346.0,346.0,0.0,0.014859191013651967,0.014859191013651967,0.0,4.711170237900359e-05,4.711170237900359e-05,0.0,0.000344169920488444,0.000344169920488444,0.0,0.0003,0.0003,0.0,-3.0,-3.0,0.0,0.0,0.32999999999999996,28.6,57.525000000000006,5368.949,35,Hopper-v5,6198,Trial_7
196.6127574443817,37,151552,185.1877592626058,207.988850614668,166.7838870027894,85.14,346,0.014859191013651967,-3.0,0.99,4.711170237900359e-05,0.000344169920488444,0.0003,-99.498046875,0.769845724105835,-2.4600462913513184,0.4492758810520172,-0.8001182079315186,-3.0,97.33300018310547,145.52902221679688,30.65652084350586,2.104215621948242,99.29855346679688,1.0,-99.498046875,0.769845724105835,-2.4600462913513184,0.4492758810520172,-0.8001182079315186,-3.0,97.33300018310547,145.52902221679688,30.65652084350586,346.0,346.0,0.0,0.014859191013651967,0.014859191013651967,0.0,4.711170237900359e-05,4.711170237900359e-05,0.0,0.000344169920488444,0.000344169920488444,0.0,0.0003,0.0003,0.0,-3.0,-3.0,0.0,0.0,0.25,28.614285714285717,57.285714285714285,5399.326,36,Hopper-v5,6198,Trial_7
202.2152979373932,38,155648,184.63764739775658,207.988850614668,166.7838870027894,84.83,346,0.014859191013651967,-3.0,0.99,4.711170237900359e-05,0.000344169920488444,0.0003,-100.12157440185547,0.8267911672592163,-2.7420077323913574,0.43977418541908264,-0.821493923664093,-3.0,97.89462280273438,141.52740478515625,21.68190574645996,1.7684364318847656,99.71750068664551,1.0,-100.12157440185547,0.8267911672592163,-2.7420077323913574,0.43977418541908264,-0.821493923664093,-3.0,97.89462280273438,141.52740478515625,21.68190574645996,346.0,346.0,0.0,0.014859191013651967,0.014859191013651967,0.0,4.711170237900359e-05,4.711170237900359e-05,0.0,0.000344169920488444,0.000344169920488444,0.0,0.0003,0.0003,0.0,-3.0,-3.0,0.0,0.0,0.29750000000000004,28.5,57.2375,5429.796,37,Hopper-v5,6198,Trial_7
207.6262879371643,39,159744,184.02854676093517,203.6012149797869,168.2093922368524,84.66,346,0.014859191013651967,-3.0,0.99,4.711170237900359e-05,0.000344169920488444,0.0003,-101.44279479980469,0.7358689308166504,-2.4617791175842285,0.4304109811782837,-0.8430147767066956,-3.0,99.14472198486328,175.9897918701172,17.671077728271484,1.7416038513183594,98.7963752746582,1.0,-101.44279479980469,0.7358689308166504,-2.4617791175842285,0.4304109811782837,-0.8430147767066956,-3.0,99.14472198486328,175.9897918701172,17.671077728271484,346.0,346.0,0.0,0.014859191013651967,0.014859191013651967,0.0,4.711170237900359e-05,4.711170237900359e-05,0.0,0.000344169920488444,0.000344169920488444,0.0,0.0003,0.0003,0.0,-3.0,-3.0,0.0,0.0,0.3357142857142857,28.457142857142856,57.57142857142857,5413.654,38,Hopper-v5,6198,Trial_7
213.01907539367676,40,163840,184.15739079582966,208.7625247707621,168.2093922368524,84.92,346,0.014859191013651967,-3.0,0.99,4.711170237900359e-05,0.000344169920488444,0.0003,-103.61204528808594,0.8704012632369995,-2.722855806350708,0.42130520939826965,-0.8643977046012878,-3.0,101.20689392089844,149.05328369140625,25.48691749572754,1.7192630767822266,101.74645614624023,1.0,-103.61204528808594,0.8704012632369995,-2.722855806350708,0.42130520939826965,-0.8643977046012878,-3.0,101.20689392089844,149.05328369140625,25.48691749572754,346.0,346.0,0.0,0.014859191013651967,0.014859191013651967,0.0,4.711170237900359e-05,4.711170237900359e-05,0.0,0.000344169920488444,0.000344169920488444,0.0,0.0003,0.0003,0.0,-3.0,-3.0,0.0,0.0,0.245,28.025,57.5125,5414.807,39,Hopper-v5,6198,Trial_7
218.2940878868103,41,167936,185.74594825424967,208.7625247707621,169.53266509913848,85.24,346,0.014859191013651967,-3.0,0.99,4.711170237900359e-05,0.000344169920488444,0.0003,-107.01121520996094,0.831282913684845,-2.614884376525879,0.41242051124572754,-0.8857117891311646,-3.0,105.34001922607422,151.0506134033203,22.06395149230957,1.5668048858642578,105.03084182739258,1.0,-107.01121520996094,0.831282913684845,-2.614884376525879,0.41242051124572754,-0.8857117891311646,-3.0,105.34001922607422,151.0506134033203,22.06395149230957,346.0,346.0,0.0,0.014859191013651967,0.014859191013651967,0.0,4.711170237900359e-05,4.711170237900359e-05,0.0,0.000344169920488444,0.000344169920488444,0.0,0.0003,0.0003,0.0,-3.0,-3.0,0.0,0.0,0.25142857142857145,28.74285714285714,57.614285714285714,5424.074,40,Hopper-v5,6198,Trial_7
223.95405197143555,42,172032,186.56137080940738,206.12142571590815,169.15720758218956,85.3,346,0.014859191013651967,-3.0,0.99,4.711170237900359e-05,0.000344169920488444,0.0003,-107.70491027832031,0.7910405397415161,-2.460012674331665,0.4038641154766083,-0.9066767692565918,-3.0,106.08148956298828,167.23690795898438,20.703889846801758,1.8092193603515625,98.20698165893555,1.0,-107.70491027832031,0.7910405397415161,-2.460012674331665,0.4038641154766083,-0.9066767692565918,-3.0,106.08148956298828,167.23690795898438,20.703889846801758,346.0,346.0,0.0,0.014859191013651967,0.014859191013651967,0.0,4.711170237900359e-05,4.711170237900359e-05,0.0,0.000344169920488444,0.000344169920488444,0.0,0.0003,0.0003,0.0,-3.0,-3.0,0.0,0.0,0.255,27.9625,57.8,5457.818,41,Hopper-v5,6198,Trial_7
229.2863438129425,43,176128,186.84529382340662,212.21077773459066,169.15720758218956,85.31,346,0.014859191013651967,-3.0,0.99,4.711170237900359e-05,0.000344169920488444,0.0003,-110.3476333618164,0.6674342155456543,-2.7066097259521484,0.39549171924591064,-0.9276254773139954,-3.0,108.0926513671875,174.97801208496094,19.658971786499023,1.9703102111816406,96.86967086791992,1.0,-110.3476333618164,0.6674342155456543,-2.7066097259521484,0.39549171924591064,-0.9276254773139954,-3.0,108.0926513671875,174.97801208496094,19.658971786499023,346.0,346.0,0.0,0.014859191013651967,0.014859191013651967,0.0,4.711170237900359e-05,4.711170237900359e-05,0.0,0.000344169920488444,0.000344169920488444,0.0,0.0003,0.0003,0.0,-3.0,-3.0,0.0,0.0,0.2814285714285714,28.828571428571433,57.957142857142856,5444.899,42,Hopper-v5,6198,Trial_7
234.69425463676453,44,180224,186.28709645641405,212.21077773459066,171.10949724757597,85.42,346,0.014859191013651967,-3.0,0.99,4.711170237900359e-05,0.000344169920488444,0.0003,-112.04167175292969,0.8814094662666321,-2.7525815963745117,0.38737428188323975,-0.9483639001846313,-3.0,109.62319946289062,171.8446044921875,23.945741653442383,1.8463783264160156,100.43069458007812,1.0,-112.04167175292969,0.8814094662666321,-2.7525815963745117,0.38737428188323975,-0.9483639001846313,-3.0,109.62319946289062,171.8446044921875,23.945741653442383,346.0,346.0,0.0,0.014859191013651967,0.014859191013651967,0.0,4.711170237900359e-05,4.711170237900359e-05,0.0,0.000344169920488444,0.000344169920488444,0.0,0.0003,0.0003,0.0,-3.0,-3.0,0.0,0.0,0.3071428571428571,28.657142857142862,58.0,5412.343,43,Hopper-v5,6198,Trial_7
240.1639301776886,45,184320,185.9658482191914,208.62219938744846,168.82279420390483,85.53,346,0.014859191013651967,-3.0,0.99,4.711170237900359e-05,0.000344169920488444,0.0003,-114.63532257080078,0.6498886346817017,-2.541536808013916,0.3795780539512634,-0.9686949849128723,-3.0,112.48635864257812,157.5787811279297,27.6066837310791,1.8281192779541016,90.11574935913086,1.0,-114.63532257080078,0.6498886346817017,-2.541536808013916,0.3795780539512634,-0.9686949849128723,-3.0,112.48635864257812,157.5787811279297,27.6066837310791,346.0,346.0,0.0,0.014859191013651967,0.014859191013651967,0.0,4.711170237900359e-05,4.711170237900359e-05,0.0,0.000344169920488444,0.000344169920488444,0.0,0.0003,0.0003,0.0,-3.0,-3.0,0.0,0.0,0.3375,28.1125,58.225,5438.877,44,Hopper-v5,6198,Trial_7
245.70764875411987,46,188416,185.8509482420187,208.62219938744846,168.82279420390483,85.35,346,0.014859191013651967,-3.0,0.99,4.711170237900359e-05,0.000344169920488444,0.0003,-114.3218994140625,0.9559984803199768,-2.8521981239318848,0.37189653515815735,-0.9891396164894104,-3.0,111.78727722167969,174.2264404296875,40.28923797607422,2.249666213989258,98.81468200683594,1.0,-114.3218994140625,0.9559984803199768,-2.8521981239318848,0.37189653515815735,-0.9891396164894104,-3.0,111.78727722167969,174.2264404296875,40.28923797607422,346.0,346.0,0.0,0.014859191013651967,0.014859191013651967,0.0,4.711170237900359e-05,4.711170237900359e-05,0.0,0.000344169920488444,0.000344169920488444,0.0,0.0003,0.0003,0.0,-3.0,-3.0,0.0,0.0,0.2942857142857144,28.514285714285712,58.12857142857143,5462.323,45,Hopper-v5,6198,Trial_7
251.4805884361267,47,192512,186.92968883861823,208.7943043027811,171.32036364796983,85.59,346,0.014859191013651967,-3.0,0.99,4.711170237900359e-05,0.000344169920488444,0.0003,-117.11933898925781,0.7853492498397827,-2.6218833923339844,0.36457404494285583,-1.0090255737304688,-3.0,115.23704528808594,162.62257385253906,7.823519706726074,1.8128604888916016,97.94003868103027,1.0,-117.11933898925781,0.7853492498397827,-2.6218833923339844,0.36457404494285583,-1.0090255737304688,-3.0,115.23704528808594,162.62257385253906,7.823519706726074,346.0,346.0,0.0,0.014859191013651967,0.014859191013651967,0.0,4.711170237900359e-05,4.711170237900359e-05,0.0,0.000344169920488444,0.000344169920488444,0.0,0.0003,0.0003,0.0,-3.0,-3.0,0.0,0.0,0.2675,28.3375,58.412499999999994,5475.353,46,Hopper-v5,6198,Trial_7
256.7356803417206,48,196608,188.15949697465115,212.4379433108261,171.1762591191398,85.94,346,0.014859191013651967,-3.0,0.99,4.711170237900359e-05,0.000344169920488444,0.0003,-117.953125,0.8677211403846741,-2.660909652709961,0.35731232166290283,-1.0291451215744019,-3.0,116.01713562011719,163.83668518066406,19.63413429260254,1.7836780548095703,99.22881889343262,1.0,-117.953125,0.8677211403846741,-2.660909652709961,0.35731232166290283,-1.0291451215744019,-3.0,116.01713562011719,163.83668518066406,19.63413429260254,346.0,346.0,0.0,0.014859191013651967,0.014859191013651967,0.0,4.711170237900359e-05,4.711170237900359e-05,0.0,0.000344169920488444,0.000344169920488444,0.0,0.0003,0.0003,0.0,-3.0,-3.0,0.0,0.0,0.2457142857142857,28.74285714285714,58.58571428571429,5440.639,47,Hopper-v5,6198,Trial_7
262.3071105480194,49,200704,189.22201612272667,212.4379433108261,171.1762591191398,86.17,346,0.014859191013651967,-3.0,0.99,4.711170237900359e-05,0.000344169920488444,0.0003,-115.4957275390625,0.6577885746955872,-2.3293943405151367,0.3503144383430481,-1.0489240884780884,-3.0,113.00508117675781,165.46255493164062,6.829875946044922,2.2894973754882812,86.08259582519531,1.0,-115.4957275390625,0.6577885746955872,-2.3293943405151367,0.3503144383430481,-1.0489240884780884,-3.0,113.00508117675781,165.46255493164062,6.829875946044922,346.0,346.0,0.0,0.014859191013651967,0.014859191013651967,0.0,4.711170237900359e-05,4.711170237900359e-05,0.0,0.000344169920488444,0.000344169920488444,0.0,0.0003,0.0003,0.0,-3.0,-3.0,0.0,0.0,0.29000000000000004,28.362499999999997,58.625,5456.891,48,Hopper-v5,6198,Trial_7
267.76197838783264,50,204800,190.06519705991792,212.4379433108261,174.3771138878272,86.32,346,0.014859191013651967,-3.0,0.99,4.711170237900359e-05,0.000344169920488444,0.0003,-119.97127532958984,0.7075607180595398,-2.737387180328369,0.34342440962791443,-1.0687882900238037,-3.0,117.2235336303711,173.97506713867188,20.8547420501709,2.149211883544922,88.67512512207031,1.0,-119.97127532958984,0.7075607180595398,-2.737387180328369,0.34342440962791443,-1.0687882900238037,-3.0,117.2235336303711,173.97506713867188,20.8547420501709,346.0,346.0,0.0,0.014859191013651967,0.014859191013651967,0.0,4.711170237900359e-05,4.711170237900359e-05,0.0,0.000344169920488444,0.000344169920488444,0.0,0.0003,0.0003,0.0,-3.0,-3.0,0.0,0.0,0.2771428571428572,28.857142857142858,58.74285714285714,5462.941,49,Hopper-v5,6198,Trial_7
273.14546823501587,51,208896,188.77386528680955,208.08244038146404,174.3771138878272,86.1,346,0.014859191013651967,-3.0,0.99,4.711170237900359e-05,0.000344169920488444,0.0003,-122.18751525878906,0.8160696029663086,-2.84135365486145,0.33672165870666504,-1.088498592376709,-3.0,120.75393676757812,184.04281616210938,27.826976776123047,1.9704475402832031,93.93493270874023,1.0,-122.18751525878906,0.8160696029663086,-2.84135365486145,0.33672165870666504,-1.088498592376709,-3.0,120.75393676757812,184.04281616210938,27.826976776123047,346.0,346.0,0.0,0.014859191013651967,0.014859191013651967,0.0,4.711170237900359e-05,4.711170237900359e-05,0.0,0.000344169920488444,0.000344169920488444,0.0,0.0003,0.0003,0.0,-3.0,-3.0,0.0,0.0,0.2785714285714286,28.071428571428573,58.88571428571428,5473.513,50,Hopper-v5,6198,Trial_7
278.54127740859985,52,212992,186.64877671713018,205.81950237571516,173.82189272982308,85.71,346,0.014859191013651967,-3.0,0.99,4.711170237900359e-05,0.000344169920488444,0.0003,-122.30337524414062,0.7597628235816956,-2.8273673057556152,0.33006227016448975,-1.1084738969802856,-3.0,119.7194595336914,180.5951385498047,47.648590087890625,2.174795150756836,85.51776885986328,1.0,-122.30337524414062,0.7597628235816956,-2.8273673057556152,0.33006227016448975,-1.1084738969802856,-3.0,119.7194595336914,180.5951385498047,47.648590087890625,346.0,346.0,0.0,0.014859191013651967,0.014859191013651967,0.0,4.711170237900359e-05,4.711170237900359e-05,0.0,0.000344169920488444,0.000344169920488444,0.0,0.0003,0.0003,0.0,-3.0,-3.0,0.0,0.0,0.2375,28.3125,58.849999999999994,5447.241,51,Hopper-v5,6198,Trial_7
284.369868516922,53,217088,183.97004304002178,200.14752097780746,173.6020940250976,85.28,346,0.014859191013651967,-3.0,0.99,4.711170237900359e-05,0.000344169920488444,0.0003,-120.61288452148438,0.7294030785560608,-2.318943977355957,0.32360708713531494,-1.1282252073287964,-3.0,117.65115356445312,191.83201599121094,30.06163215637207,1.9834651947021484,85.60749053955078,1.0,-120.61288452148438,0.7294030785560608,-2.318943977355957,0.32360708713531494,-1.1282252073287964,-3.0,117.65115356445312,191.83201599121094,30.06163215637207,346.0,346.0,0.0,0.014859191013651967,0.014859191013651967,0.0,4.711170237900359e-05,4.711170237900359e-05,0.0,0.000344169920488444,0.000344169920488444,0.0,0.0003,0.0003,0.0,-3.0,-3.0,0.0,0.0,0.29625,28.725,59.0,5497.041,52,Hopper-v5,6198,Trial_7
289.9008297920227,54,221184,183.97822314455527,199.16406396224139,173.6020940250976,85.32,346,0.014859191013651967,-3.0,0.99,4.711170237900359e-05,0.000344169920488444,0.0003,-122.70848083496094,0.845277726650238,-3.0945940017700195,0.3172007203102112,-1.1482205390930176,-3.0,121.24674987792969,171.50421142578125,34.519222259521484,2.362415313720703,91.720703125,1.0,-122.70848083496094,0.845277726650238,-3.0945940017700195,0.3172007203102112,-1.1482205390930176,-3.0,121.24674987792969,171.50421142578125,34.519222259521484,346.0,346.0,0.0,0.014859191013651967,0.014859191013651967,0.0,4.711170237900359e-05,4.711170237900359e-05,0.0,0.000344169920488444,0.000344169920488444,0.0,0.0003,0.0003,0.0,-3.0,-3.0,0.0,0.0,0.22857142857142856,28.385714285714283,59.15714285714286,5509.224,53,Hopper-v5,6198,Trial_7
295.37887144088745,55,225280,184.7073843492649,205.32570269957893,174.46653256772484,85.43,346,0.014859191013651967,-3.0,0.99,4.711170237900359e-05,0.000344169920488444,0.0003,-124.42386627197266,0.827070951461792,-2.6658012866973877,0.3109632134437561,-1.1680806875228882,-3.0,121.75057220458984,182.30194091796875,24.17894744873047,2.2087879180908203,90.14431381225586,1.0,-124.42386627197266,0.827070951461792,-2.6658012866973877,0.3109632134437561,-1.1680806875228882,-3.0,121.75057220458984,182.30194091796875,24.17894744873047,346.0,346.0,0.0,0.014859191013651967,0.014859191013651967,0.0,4.711170237900359e-05,4.711170237900359e-05,0.0,0.000344169920488444,0.000344169920488444,0.0,0.0003,0.0003,0.0,-3.0,-3.0,0.0,0.0,0.22249999999999998,28.15,59.3375,5510.242,54,Hopper-v5,6198,Trial_7
300.7532584667206,56,229376,185.71889681755158,205.32570269957893,173.32158983453112,85.7,346,0.014859191013651967,-3.0,0.99,4.711170237900359e-05,0.000344169920488444,0.0003,-127.30998229980469,0.6490570902824402,-2.8847765922546387,0.3049330711364746,-1.187662959098816,-3.0,125.3846206665039,191.71568298339844,35.02955627441406,1.8370399475097656,78.79396438598633,1.0,-127.30998229980469,0.6490570902824402,-2.8847765922546387,0.3049330711364746,-1.187662959098816,-3.0,125.3846206665039,191.71568298339844,35.02955627441406,346.0,346.0,0.0,0.014859191013651967,0.014859191013651967,0.0,4.711170237900359e-05,4.711170237900359e-05,0.0,0.000344169920488444,0.000344169920488444,0.0,0.0003,0.0003,0.0,-3.0,-3.0,0.0,0.0,0.2871428571428572,28.27142857142857,59.47142857142858,5493.006,55,Hopper-v5,6198,Trial_7
306.5184714794159,57,233472,184.7171047008121,205.32570269957893,173.32158983453112,85.48,346,0.014859191013651967,-3.0,0.99,4.711170237900359e-05,0.000344169920488444,0.0003,-125.32376098632812,0.8319503664970398,-2.5755531787872314,0.298965185880661,-1.2074280977249146,-3.0,123.23577880859375,179.715087890625,33.798194885253906,2.146839141845703,93.39785194396973,1.0,-125.32376098632812,0.8319503664970398,-2.5755531787872314,0.298965185880661,-1.2074280977249146,-3.0,123.23577880859375,179.715087890625,33.798194885253906,346.0,346.0,0.0,0.014859191013651967,0.014859191013651967,0.0,4.711170237900359e-05,4.711170237900359e-05,0.0,0.000344169920488444,0.000344169920488444,0.0,0.0003,0.0003,0.0,-3.0,-3.0,0.0,0.0,0.29000000000000004,28.05,59.625,5492.238,56,Hopper-v5,6198,Trial_7
311.9116723537445,58,237568,184.53735368718066,205.33531241577953,174.05416400399517,85.4,346,0.014859191013651967,-3.0,0.99,4.711170237900359e-05,0.000344169920488444,0.0003,-126.99867248535156,0.9070202112197876,-2.807478666305542,0.29306522011756897,-1.2273600101470947,-3.0,125.25450134277344,225.5199737548828,28.5866756439209,2.3240280151367188,110.4204273223877,1.0,-126.99867248535156,0.9070202112197876,-2.807478666305542,0.29306522011756897,-1.2273600101470947,-3.0,125.25450134277344,225.5199737548828,28.5866756439209,346.0,346.0,0.0,0.014859191013651967,0.014859191013651967,0.0,4.711170237900359e-05,4.711170237900359e-05,0.0,0.000344169920488444,0.000344169920488444,0.0,0.0003,0.0003,0.0,-3.0,-3.0,0.0,0.0,0.27285714285714285,27.999999999999996,59.77142857142858,5505.842,57,Hopper-v5,6198,Trial_7
317.99975967407227,59,241664,185.70135068824067,205.33531241577953,174.00802570854748,85.59,346,0.014859191013651967,-3.0,0.99,4.711170237900359e-05,0.000344169920488444,0.0003,-125.20767974853516,0.8077594041824341,-2.402470350265503,0.28720948100090027,-1.247543454170227,-3.0,121.90194702148438,179.83963012695312,6.303464889526367,2.104543685913086,93.81037139892578,1.0,-125.20767974853516,0.8077594041824341,-2.402470350265503,0.28720948100090027,-1.247543454170227,-3.0,121.90194702148438,179.83963012695312,6.303464889526367,346.0,346.0,0.0,0.014859191013651967,0.014859191013651967,0.0,4.711170237900359e-05,4.711170237900359e-05,0.0,0.000344169920488444,0.000344169920488444,0.0,0.0003,0.0003,0.0,-3.0,-3.0,0.0,0.0,0.28875,28.8625,59.849999999999994,5557.509,58,Hopper-v5,6198,Trial_7
323.25163412094116,60,245760,186.52721805679582,204.32448742759178,174.00802570854748,85.78,346,0.014859191013651967,-3.0,0.99,4.711170237900359e-05,0.000344169920488444,0.0003,-129.5332489013672,0.7871953845024109,-2.618474006652832,0.2815173864364624,-1.2675610780715942,-3.0,128.12930297851562,191.938232421875,15.45432186126709,2.244537353515625,96.73276329040527,1.0,-129.5332489013672,0.7871953845024109,-2.618474006652832,0.2815173864364624,-1.2675610780715942,-3.0,128.12930297851562,191.938232421875,15.45432186126709,346.0,346.0,0.0,0.014859191013651967,0.014859191013651967,0.0,4.711170237900359e-05,4.711170237900359e-05,0.0,0.000344169920488444,0.000344169920488444,0.0,0.0003,0.0003,0.0,-3.0,-3.0,0.0,0.0,0.26571428571428574,28.485714285714288,59.97142857142858,5537.496,59,Hopper-v5,6198,Trial_7
328.6760296821594,61,249856,186.99551723505283,204.32448742759178,175.01436439905237,85.99,346,0.014859191013651967,-3.0,0.99,4.711170237900359e-05,0.000344169920488444,0.0003,-127.00112915039062,0.6791611909866333,-2.794320583343506,0.27605071663856506,-1.287170648574829,-3.0,125.0865478515625,176.84939575195312,5.491158962249756,2.3598461151123047,71.29170227050781,1.0,-127.00112915039062,0.6791611909866333,-2.794320583343506,0.27605071663856506,-1.287170648574829,-3.0,125.0865478515625,176.84939575195312,5.491158962249756,346.0,346.0,0.0,0.014859191013651967,0.014859191013651967,0.0,4.711170237900359e-05,4.711170237900359e-05,0.0,0.000344169920488444,0.000344169920488444,0.0,0.0003,0.0003,0.0,-3.0,-3.0,0.0,0.0,0.24428571428571427,28.228571428571428,60.01428571428572,5541.741,60,Hopper-v5,6198,Trial_7
334.2434461116791,62,253952,187.38132265092142,220.1407699503172,174.6143726653645,86.15,346,0.014859191013651967,-3.0,0.99,4.711170237900359e-05,0.000344169920488444,0.0003,-126.330078125,1.046863079071045,-3.1856231689453125,0.2705077528953552,-1.3074545860290527,-3.0,124.13630676269531,174.3397979736328,25.414247512817383,2.1738128662109375,105.82185363769531,1.0,-126.330078125,1.046863079071045,-3.1856231689453125,0.2705077528953552,-1.3074545860290527,-3.0,124.13630676269531,174.3397979736328,25.414247512817383,346.0,346.0,0.0,0.014859191013651967,0.014859191013651967,0.0,4.711170237900359e-05,4.711170237900359e-05,0.0,0.000344169920488444,0.000344169920488444,0.0,0.0003,0.0003,0.0,-3.0,-3.0,0.0,0.0,0.25125,28.2375,60.1625,5558.863,61,Hopper-v5,6198,Trial_7
339.7040078639984,63,258048,190.222283293785,220.1407699503172,174.6143726653645,87.01,346,0.014859191013651967,-3.0,0.99,4.711170237900359e-05,0.000344169920488444,0.0003,-125.50260925292969,0.8621044158935547,-2.858677387237549,0.26487237215042114,-1.3285071849822998,-3.0,123.87936401367188,213.5399627685547,12.567439079284668,2.252274990081787,82.00278282165527,1.0,-125.50260925292969,0.8621044158935547,-2.858677387237549,0.26487237215042114,-1.3285071849822998,-3.0,123.87936401367188,213.5399627685547,12.567439079284668,346.0,346.0,0.0,0.014859191013651967,0.014859191013651967,0.0,4.711170237900359e-05,4.711170237900359e-05,0.0,0.000344169920488444,0.000344169920488444,0.0,0.0003,0.0003,0.0,-3.0,-3.0,0.0,0.0,0.3271428571428571,27.82857142857143,60.114285714285714,5521.982,62,Hopper-v5,6198,Trial_7
345.1674551963806,64,262144,194.4280314190663,220.1407699503172,174.6143726653645,88.41,346,0.014859191013651967,-3.0,0.99,4.711170237900359e-05,0.000344169920488444,0.0003,-130.53228759765625,0.6683013439178467,-3.551685333251953,0.25910684466362,-1.3505147695541382,-3.0,128.96383666992188,180.09756469726562,12.041049003601074,1.9107742309570312,61.016201972961426,1.0,-130.53228759765625,0.6683013439178467,-3.551685333251953,0.25910684466362,-1.3505147695541382,-3.0,128.96383666992188,180.09756469726562,12.041049003601074,346.0,346.0,0.0,0.014859191013651967,0.014859191013651967,0.0,4.711170237900359e-05,4.711170237900359e-05,0.0,0.000344169920488444,0.000344169920488444,0.0,0.0003,0.0003,0.0,-3.0,-3.0,0.0,0.0,0.2825,28.5,60.225,5515.094,63,Hopper-v5,6198,Trial_7
351.1279537677765,65,266240,196.26439043085352,221.54662763976646,179.9960726396688,89.08,346,0.014859191013651967,-3.0,0.99,4.711170237900359e-05,0.000344169920488444,0.0003,-128.13607788085938,0.8100954294204712,-3.0751118659973145,0.25325995683670044,-1.3733388185501099,-3.0,126.4747314453125,177.8996124267578,15.931963920593262,2.253314971923828,90.8261833190918,1.0,-128.13607788085938,0.8100954294204712,-3.0751118659973145,0.25325995683670044,-1.3733388185501099,-3.0,126.4747314453125,177.8996124267578,15.931963920593262,346.0,346.0,0.0,0.014859191013651967,0.014859191013651967,0.0,4.711170237900359e-05,4.711170237900359e-05,0.0,0.000344169920488444,0.000344169920488444,0.0,0.0003,0.0003,0.0,-3.0,-3.0,0.0,0.0,0.35428571428571426,28.471428571428568,60.31428571428571,5563.295,64,Hopper-v5,6198,Trial_7
356.60042548179626,66,270336,199.04927938203662,223.45211597414885,179.9960726396688,90.19,346,0.014859191013651967,-3.0,0.99,4.711170237900359e-05,0.000344169920488444,0.0003,-126.2046890258789,0.714570164680481,-3.20285701751709,0.24773356318473816,-1.3954014778137207,-3.0,125.4981689453125,186.1334686279297,23.653188705444336,1.8256855010986328,64.5911979675293,1.0,-126.2046890258789,0.714570164680481,-3.20285701751709,0.24773356318473816,-1.3954014778137207,-3.0,125.4981689453125,186.1334686279297,23.653188705444336,346.0,346.0,0.0,0.014859191013651967,0.014859191013651967,0.0,4.711170237900359e-05,4.711170237900359e-05,0.0,0.000344169920488444,0.000344169920488444,0.0,0.0003,0.0003,0.0,-3.0,-3.0,0.0,0.0,0.3025,28.075,60.375,5573.437,65,Hopper-v5,6198,Trial_7
362.0217068195343,67,274432,200.56931627445996,223.45211597414885,182.26959745274402,91.22,346,0.014859191013651967,-3.0,0.99,4.711170237900359e-05,0.000344169920488444,0.0003,-128.71299743652344,1.029238224029541,-3.6037771701812744,0.24206681549549103,-1.4185415506362915,-3.0,127.58172607421875,177.70216369628906,27.34114646911621,1.8941783905029297,57.70590782165527,1.0,-128.71299743652344,1.029238224029541,-3.6037771701812744,0.24206681549549103,-1.4185415506362915,-3.0,127.58172607421875,177.70216369628906,27.34114646911621,346.0,346.0,0.0,0.014859191013651967,0.014859191013651967,0.0,4.711170237900359e-05,4.711170237900359e-05,0.0,0.000344169920488444,0.000344169920488444,0.0,0.0003,0.0003,0.0,-3.0,-3.0,0.0,0.0,0.25142857142857145,28.785714285714285,60.48571428571429,5538.822,66,Hopper-v5,6198,Trial_7
367.5393931865692,68,278528,200.62178291142433,222.4855156548843,182.2095681778988,92.0,346,0.014859191013651967,-3.0,0.99,4.711170237900359e-05,0.000344169920488444,0.0003,-126.31908416748047,0.9251692295074463,-3.3905773162841797,0.23657704889774323,-1.441481351852417,-3.0,125.18164825439453,188.41925048828125,6.739385604858398,1.8424453735351562,54.247737884521484,1.0,-126.31908416748047,0.9251692295074463,-3.3905773162841797,0.23657704889774323,-1.441481351852417,-3.0,125.18164825439453,188.41925048828125,6.739385604858398,346.0,346.0,0.0,0.014859191013651967,0.014859191013651967,0.0,4.711170237900359e-05,4.711170237900359e-05,0.0,0.000344169920488444,0.000344169920488444,0.0,0.0003,0.0003,0.0,-3.0,-3.0,0.0,0.0,0.2557142857142857,28.214285714285715,60.628571428571426,5551.458,67,Hopper-v5,6198,Trial_7
372.9856381416321,69,282624,200.6768848920882,222.4855156548843,181.70349436704205,92.96,346,0.014859191013651967,-3.0,0.99,4.711170237900359e-05,0.000344169920488444,0.0003,-123.91154479980469,0.9491422772407532,-3.281724691390991,0.23132802546024323,-1.4639185667037964,-3.0,122.24739074707031,182.42176818847656,22.437480926513672,1.7739391326904297,52.5238094329834,1.0,-123.91154479980469,0.9491422772407532,-3.281724691390991,0.23132802546024323,-1.4639185667037964,-3.0,122.24739074707031,182.42176818847656,22.437480926513672,346.0,346.0,0.0,0.014859191013651967,0.014859191013651967,0.0,4.711170237900359e-05,4.711170237900359e-05,0.0,0.000344169920488444,0.000344169920488444,0.0,0.0003,0.0003,0.0,-3.0,-3.0,0.0,0.0,0.29874999999999996,27.974999999999998,60.474999999999994,5487.17,68,Hopper-v5,6198,Trial_7
378.5865566730499,70,286720,200.41603544095133,222.4855156548843,181.11730185950574,93.63,346,0.014859191013651967,-3.0,0.99,4.711170237900359e-05,0.000344169920488444,0.0003,-128.68109130859375,0.7030028104782104,-3.6770615577697754,0.22617077827453613,-1.4864649772644043,-3.0,127.06465148925781,181.65419006347656,16.660608291625977,1.8667068481445312,44.34327507019043,1.0,-128.68109130859375,0.7030028104782104,-3.6770615577697754,0.22617077827453613,-1.4864649772644043,-3.0,127.06465148925781,181.65419006347656,16.660608291625977,346.0,346.0,0.0,0.014859191013651967,0.014859191013651967,0.0,4.711170237900359e-05,4.711170237900359e-05,0.0,0.000344169920488444,0.000344169920488444,0.0,0.0003,0.0003,0.0,-3.0,-3.0,0.0,0.0,0.28375,28.8125,60.55,5522.173,69,Hopper-v5,6198,Trial_7
384.0538136959076,71,290816,203.05180399195586,228.11215090327227,180.999912191256,94.25,346,0.014859191013651967,-3.0,0.99,4.711170237900359e-05,0.000344169920488444,0.0003,-128.42578125,0.8212407827377319,-2.8976078033447266,0.22130097448825836,-1.5082316398620605,-3.0,128.13687133789062,186.2770538330078,23.1998348236084,1.9286766052246094,42.73198223114014,1.0,-128.42578125,0.8212407827377319,-2.8976078033447266,0.22130097448825836,-1.5082316398620605,-3.0,128.13687133789062,186.2770538330078,23.1998348236084,346.0,346.0,0.0,0.014859191013651967,0.014859191013651967,0.0,4.711170237900359e-05,4.711170237900359e-05,0.0,0.000344169920488444,0.000344169920488444,0.0,0.0003,0.0003,0.0,-3.0,-3.0,0.0,0.0,0.2942857142857143,27.77142857142857,60.614285714285714,5526.548,70,Hopper-v5,6198,Trial_7
389.48122787475586,72,294912,206.2013575485313,228.11215090327227,180.999912191256,94.32,346,0.014859191013651967,-3.0,0.99,4.711170237900359e-05,0.000344169920488444,0.0003,-126.64054870605469,0.7596079111099243,-3.2515976428985596,0.21682623028755188,-1.5286591053009033,-3.0,125.53304290771484,186.30801391601562,10.662493705749512,1.8549003601074219,43.3906307220459,1.0,-126.64054870605469,0.7596079111099243,-3.2515976428985596,0.21682623028755188,-1.5286591053009033,-3.0,125.53304290771484,186.30801391601562,10.662493705749512,346.0,346.0,0.0,0.014859191013651967,0.014859191013651967,0.0,4.711170237900359e-05,4.711170237900359e-05,0.0,0.000344169920488444,0.000344169920488444,0.0,0.0003,0.0003,0.0,-3.0,-3.0,0.0,0.0,0.265,28.075,60.8125,5512.405,71,Hopper-v5,6198,Trial_7
395.41276717185974,73,299008,208.43722938431154,231.92382226112866,191.67888476679065,94.4,346,0.014859191013651967,-3.0,0.99,4.711170237900359e-05,0.000344169920488444,0.0003,-125.13432312011719,0.7125583291053772,-2.699932098388672,0.2125469148159027,-1.5485925674438477,-3.0,123.90556335449219,184.42739868164062,7.657868385314941,1.6770706176757812,38.419949531555176,1.0,-125.13432312011719,0.7125583291053772,-2.699932098388672,0.2125469148159027,-1.5485925674438477,-3.0,123.90556335449219,184.42739868164062,7.657868385314941,346.0,346.0,0.0,0.014859191013651967,0.014859191013651967,0.0,4.711170237900359e-05,4.711170237900359e-05,0.0,0.000344169920488444,0.000344169920488444,0.0,0.0003,0.0003,0.0,-3.0,-3.0,0.0,0.0,0.29875,27.9875,60.8625,5559.2,72,Hopper-v5,6198,Trial_7
400.7480797767639,74,303104,206.69839696417537,233.69917797327537,191.19408668522996,93.53,346,0.014859191013651967,-3.0,0.99,4.711170237900359e-05,0.000344169920488444,0.0003,-127.02253723144531,0.5771111249923706,-2.744594097137451,0.20827342569828033,-1.5689034461975098,-3.0,125.98515319824219,183.04762268066406,14.698002815246582,1.6172676086425781,32.73853874206543,1.0,-127.02253723144531,0.5771111249923706,-2.744594097137451,0.20827342569828033,-1.5689034461975098,-3.0,125.98515319824219,183.04762268066406,14.698002815246582,346.0,346.0,0.0,0.014859191013651967,0.014859191013651967,0.0,4.711170237900359e-05,4.711170237900359e-05,0.0,0.000344169920488444,0.000344169920488444,0.0,0.0003,0.0003,0.0,-3.0,-3.0,0.0,0.0,0.29714285714285715,28.099999999999998,60.92857142857142,5546.387,73,Hopper-v5,6198,Trial_7
406.22556018829346,75,307200,202.41454231406723,233.69917797327537,185.80891530686094,91.95,346,0.014859191013651967,-3.0,0.99,4.711170237900359e-05,0.000344169920488444,0.0003,-121.85540771484375,0.6549633741378784,-3.2842512130737305,0.2041221708059311,-1.5890365839004517,-3.0,120.31031036376953,181.9615020751953,4.095215797424316,2.1343994140625,31.41666269302368,1.0,-121.85540771484375,0.6549633741378784,-3.2842512130737305,0.2041221708059311,-1.5890365839004517,-3.0,120.31031036376953,181.9615020751953,4.095215797424316,346.0,346.0,0.0,0.014859191013651967,0.014859191013651967,0.0,4.711170237900359e-05,4.711170237900359e-05,0.0,0.000344169920488444,0.000344169920488444,0.0,0.0003,0.0003,0.0,-3.0,-3.0,0.0,0.0,0.2785714285714286,27.714285714285715,60.91428571428571,5497.636,74,Hopper-v5,6198,Trial_7
411.7682681083679,76,311296,200.93741979181624,233.69917797327537,185.80891530686094,91.35,346,0.014859191013651967,-3.0,0.99,4.711170237900359e-05,0.000344169920488444,0.0003,-123.53279113769531,0.5575512647628784,-3.095370292663574,0.199986070394516,-1.6095075607299805,-3.0,123.19097900390625,189.3668975830078,2.5507380962371826,1.7856979370117188,32.56329917907715,1.0,-123.53279113769531,0.5575512647628784,-3.095370292663574,0.199986070394516,-1.6095075607299805,-3.0,123.19097900390625,189.3668975830078,2.5507380962371826,346.0,346.0,0.0,0.014859191013651967,0.014859191013651967,0.0,4.711170237900359e-05,4.711170237900359e-05,0.0,0.000344169920488444,0.000344169920488444,0.0,0.0003,0.0003,0.0,-3.0,-3.0,0.0,0.0,0.28,28.474999999999998,61.075,5504.741,75,Hopper-v5,6198,Trial_7
417.16822695732117,77,315392,198.48963054144085,220.20210147650994,184.7697194127813,90.37,346,0.014859191013651967,-3.0,0.99,4.711170237900359e-05,0.000344169920488444,0.0003,-127.3389892578125,0.4817902147769928,-3.6521196365356445,0.19573469460010529,-1.6309950351715088,-3.0,126.90150451660156,188.62069702148438,24.269506454467773,1.8831024169921875,14.011041641235352,1.0,-127.3389892578125,0.4817902147769928,-3.6521196365356445,0.19573469460010529,-1.6309950351715088,-3.0,126.90150451660156,188.62069702148438,24.269506454467773,346.0,346.0,0.0,0.014859191013651967,0.014859191013651967,0.0,4.711170237900359e-05,4.711170237900359e-05,0.0,0.000344169920488444,0.000344169920488444,0.0,0.0003,0.0003,0.0,-3.0,-3.0,0.0,0.0,0.22,28.3,61.15714285714286,5502.698,76,Hopper-v5,6198,Trial_7
422.5774474143982,78,319488,195.0421058051013,220.20210147650994,181.40205192754235,89.18,346,0.014859191013651967,-3.0,0.99,4.711170237900359e-05,0.000344169920488444,0.0003,-128.82400512695312,0.49272865056991577,-3.917461395263672,0.19141250848770142,-1.6533244848251343,-3.0,128.65145874023438,187.644287109375,8.917141914367676,1.7274131774902344,24.23043966293335,1.0,-128.82400512695312,0.49272865056991577,-3.917461395263672,0.19141250848770142,-1.6533244848251343,-3.0,128.65145874023438,187.644287109375,8.917141914367676,346.0,346.0,0.0,0.014859191013651967,0.014859191013651967,0.0,4.711170237900359e-05,4.711170237900359e-05,0.0,0.000344169920488444,0.000344169920488444,0.0,0.0003,0.0003,0.0,-3.0,-3.0,0.0,0.0,0.1975,27.9375,61.225,5491.671,77,Hopper-v5,6198,Trial_7
428.22241044044495,79,323584,190.26028521755043,216.0223174872128,173.35461610578486,87.76,346,0.014859191013651967,-3.0,0.99,4.711170237900359e-05,0.000344169920488444,0.0003,-128.92832946777344,0.40539616346359253,-4.356064319610596,0.18699249625205994,-1.6766867637634277,-3.0,128.57598876953125,185.36795043945312,11.69738483428955,1.8157463073730469,11.094475269317627,1.0,-128.92832946777344,0.40539616346359253,-4.356064319610596,0.18699249625205994,-1.6766867637634277,-3.0,128.57598876953125,185.36795043945312,11.69738483428955,346.0,346.0,0.0,0.014859191013651967,0.014859191013651967,0.0,4.711170237900359e-05,4.711170237900359e-05,0.0,0.000344169920488444,0.000344169920488444,0.0,0.0003,0.0003,0.0,-3.0,-3.0,0.0,0.0,0.2928571428571428,28.599999999999998,61.285714285714285,5511.381,78,Hopper-v5,6198,Trial_7
434.17615365982056,80,327680,187.02250743986,208.32408305437625,173.35461610578486,86.86,346,0.014859191013651967,-3.0,0.99,4.711170237900359e-05,0.000344169920488444,0.0003,-124.17892456054688,0.5067038536071777,-4.2574920654296875,0.18238773941993713,-1.70162034034729,-3.0,123.73472595214844,185.1420440673828,3.1980531215667725,1.8591804504394531,20.553922653198242,1.0,-124.17892456054688,0.5067038536071777,-4.2574920654296875,0.18238773941993713,-1.70162034034729,-3.0,123.73472595214844,185.1420440673828,3.1980531215667725,346.0,346.0,0.0,0.014859191013651967,0.014859191013651967,0.0,4.711170237900359e-05,4.711170237900359e-05,0.0,0.000344169920488444,0.000344169920488444,0.0,0.0003,0.0003,0.0,-3.0,-3.0,0.0,0.0,0.31875,28.4,61.2625,5546.387,79,Hopper-v5,6198,Trial_7
439.664306640625,81,331776,183.94525158307974,197.33862231165025,171.6808565549562,86.12,346,0.014859191013651967,-3.0,0.99,4.711170237900359e-05,0.000344169920488444,0.0003,-127.23448944091797,0.41819459199905396,-4.4062347412109375,0.17771373689174652,-1.727581262588501,-3.0,127.21102905273438,182.55575561523438,1.4007046222686768,1.8056373596191406,12.865153312683105,1.0,-127.23448944091797,0.41819459199905396,-4.4062347412109375,0.17771373689174652,-1.727581262588501,-3.0,127.21102905273438,182.55575561523438,1.4007046222686768,346.0,346.0,0.0,0.014859191013651967,0.014859191013651967,0.0,4.711170237900359e-05,4.711170237900359e-05,0.0,0.000344169920488444,0.000344169920488444,0.0,0.0003,0.0003,0.0,-3.0,-3.0,0.0,0.0,0.32142857142857145,28.557142857142857,61.32857142857143,5548.529,80,Hopper-v5,6198,Trial_7
445.01533126831055,82,335872,183.34321194679455,202.2567192640727,171.6808565549562,85.95,346,0.014859191013651967,-3.0,0.99,4.711170237900359e-05,0.000344169920488444,0.0003,-130.04690551757812,0.4043067395687103,-4.4773335456848145,0.1730526238679886,-1.7541595697402954,-3.0,130.17401123046875,187.1996612548828,1.6119102239608765,1.8386783599853516,8.153032302856445,1.0,-130.04690551757812,0.4043067395687103,-4.4773335456848145,0.1730526238679886,-1.7541595697402954,-3.0,130.17401123046875,187.1996612548828,1.6119102239608765,346.0,346.0,0.0,0.014859191013651967,0.014859191013651967,0.0,4.711170237900359e-05,4.711170237900359e-05,0.0,0.000344169920488444,0.000344169920488444,0.0,0.0003,0.0003,0.0,-3.0,-3.0,0.0,0.0,0.2425,28.15,61.425,5540.794,81,Hopper-v5,6198,Trial_7
450.3930313587189,83,339968,186.83169653605924,210.38478047572127,174.31369699484011,86.99,346,0.014859191013651967,-3.0,0.99,4.711170237900359e-05,0.000344169920488444,0.0003,-124.88015747070312,0.35589635372161865,-4.648046493530273,0.1687617003917694,-1.77926766872406,-3.0,124.98310089111328,188.50286865234375,1.5732207298278809,1.6664085388183594,9.613091468811035,1.0,-124.88015747070312,0.35589635372161865,-4.648046493530273,0.1687617003917694,-1.77926766872406,-3.0,124.98310089111328,188.50286865234375,1.5732207298278809,346.0,346.0,0.0,0.014859191013651967,0.014859191013651967,0.0,4.711170237900359e-05,4.711170237900359e-05,0.0,0.000344169920488444,0.000344169920488444,0.0,0.0003,0.0003,0.0,-3.0,-3.0,0.0,0.0,0.23714285714285713,28.028571428571432,61.42857142857143,5485.16,82,Hopper-v5,6198,Trial_7
455.71053314208984,84,344064,193.8825254324511,249.09287198343,176.90024259438286,89.19,346,0.014859191013651967,-3.0,0.99,4.711170237900359e-05,0.000344169920488444,0.0003,-128.07888793945312,0.32311075925827026,-3.9885013103485107,0.1648145467042923,-1.8029344081878662,-3.0,127.75444793701172,184.0482940673828,2.332070827484131,1.5226058959960938,7.567190647125244,1.0,-128.07888793945312,0.32311075925827026,-3.9885013103485107,0.1648145467042923,-1.8029344081878662,-3.0,127.75444793701172,184.0482940673828,2.332070827484131,346.0,346.0,0.0,0.014859191013651967,0.014859191013651967,0.0,4.711170237900359e-05,4.711170237900359e-05,0.0,0.000344169920488444,0.000344169920488444,0.0,0.0003,0.0003,0.0,-3.0,-3.0,0.0,0.0,0.3357142857142858,28.500000000000004,61.47142857142857,5483.161,83,Hopper-v5,6198,Trial_7
461.55334877967834,85,348160,205.4510844546638,258.7857399887803,179.76911139962203,92.62,346,0.014859191013651967,-3.0,0.99,4.711170237900359e-05,0.000344169920488444,0.0003,-126.45726013183594,0.3615947365760803,-3.6780519485473633,0.16130228340625763,-1.8244751691818237,-3.0,126.12875366210938,181.6822967529297,3.2685115337371826,1.7810455560684204,8.43489933013916,1.0,-126.45726013183594,0.3615947365760803,-3.6780519485473633,0.16130228340625763,-1.8244751691818237,-3.0,126.12875366210938,181.6822967529297,3.2685115337371826,346.0,346.0,0.0,0.014859191013651967,0.014859191013651967,0.0,4.711170237900359e-05,4.711170237900359e-05,0.0,0.000344169920488444,0.000344169920488444,0.0,0.0003,0.0003,0.0,-3.0,-3.0,0.0,0.0,0.305,29.0,61.225,5519.828,84,Hopper-v5,6198,Trial_7
467.1494565010071,86,352256,213.64305691136866,258.7857399887803,181.3082666912562,95.17,346,0.014859191013651967,-3.0,0.99,4.711170237900359e-05,0.000344169920488444,0.0003,-128.6227569580078,0.33727526664733887,-4.0146589279174805,0.15790824592113495,-1.8457411527633667,-3.0,128.365966796875,183.53880310058594,0.7013406753540039,1.5463066101074219,7.477228164672852,1.0,-128.6227569580078,0.33727526664733887,-4.0146589279174805,0.15790824592113495,-1.8457411527633667,-3.0,128.365966796875,183.53880310058594,0.7013406753540039,346.0,346.0,0.0,0.014859191013651967,0.014859191013651967,0.0,4.711170237900359e-05,4.711170237900359e-05,0.0,0.000344169920488444,0.000344169920488444,0.0,0.0003,0.0003,0.0,-3.0,-3.0,0.0,0.0,0.30625,28.3125,61.575,5524.901,85,Hopper-v5,6198,Trial_7
472.6206843852997,87,356352,220.38186472171205,274.2715509358087,181.3082666912562,97.32,346,0.014859191013651967,-3.0,0.99,4.711170237900359e-05,0.000344169920488444,0.0003,-129.88182067871094,0.40705233812332153,-3.3398613929748535,0.15479539334774017,-1.8656511306762695,-3.0,129.37779235839844,182.8692169189453,0.9553332924842834,1.7617811560630798,7.022594928741455,1.0,-129.88182067871094,0.40705233812332153,-3.3398613929748535,0.15479539334774017,-1.8656511306762695,-3.0,129.37779235839844,182.8692169189453,0.9553332924842834,346.0,346.0,0.0,0.014859191013651967,0.014859191013651967,0.0,4.711170237900359e-05,4.711170237900359e-05,0.0,0.000344169920488444,0.000344169920488444,0.0,0.0003,0.0003,0.0,-3.0,-3.0,0.0,0.0,0.3157142857142857,28.557142857142857,61.77142857142858,5532.167,86,Hopper-v5,6198,Trial_7
478.48385095596313,88,360448,227.29200591684202,286.8914468115024,189.69822432366044,100.09,346,0.014859191013651967,-3.0,0.99,4.711170237900359e-05,0.000344169920488444,0.0003,-129.04266357421875,0.2966744005680084,-3.87650728225708,0.1519557535648346,-1.88416588306427,-3.0,128.5146026611328,178.14974975585938,2.9724960327148438,1.55413818359375,6.828127861022949,1.0,-129.04266357421875,0.2966744005680084,-3.87650728225708,0.1519557535648346,-1.88416588306427,-3.0,128.5146026611328,178.14974975585938,2.9724960327148438,346.0,346.0,0.0,0.014859191013651967,0.014859191013651967,0.0,4.711170237900359e-05,4.711170237900359e-05,0.0,0.000344169920488444,0.000344169920488444,0.0,0.0003,0.0003,0.0,-3.0,-3.0,0.0,0.0,0.295,28.3875,61.887499999999996,5577.946,87,Hopper-v5,6198,Trial_7
483.8794493675232,89,364544,230.72663860586437,286.8914468115024,189.69822432366044,101.87,346,0.014859191013651967,-3.0,0.99,4.711170237900359e-05,0.000344169920488444,0.0003,-125.18224334716797,0.33023902773857117,-2.83831787109375,0.14916382730007172,-1.9027100801467896,-3.0,124.47888946533203,172.50489807128906,2.218677520751953,1.6079063415527344,6.322060585021973,1.0,-125.18224334716797,0.33023902773857117,-2.83831787109375,0.14916382730007172,-1.9027100801467896,-3.0,124.47888946533203,172.50489807128906,2.218677520751953,346.0,346.0,0.0,0.014859191013651967,0.014859191013651967,0.0,4.711170237900359e-05,4.711170237900359e-05,0.0,0.000344169920488444,0.000344169920488444,0.0,0.0003,0.0003,0.0,-3.0,-3.0,0.0,0.0,0.24571428571428572,28.071428571428573,61.942857142857136,5553.133,88,Hopper-v5,6198,Trial_7
489.1781232357025,90,368640,238.94149337952405,305.5588114349594,196.093469807657,104.52,346,0.014859191013651967,-3.0,0.99,4.711170237900359e-05,0.000344169920488444,0.0003,-129.87796020507812,0.33331531286239624,-3.5129857063293457,0.14659999310970306,-1.9200475215911865,-3.0,128.7627410888672,178.96202087402344,1.5210145711898804,1.3982486724853516,7.521366119384766,1.0,-129.87796020507812,0.33331531286239624,-3.5129857063293457,0.14659999310970306,-1.9200475215911865,-3.0,128.7627410888672,178.96202087402344,1.5210145711898804,346.0,346.0,0.0,0.014859191013651967,0.014859191013651967,0.0,4.711170237900359e-05,4.711170237900359e-05,0.0,0.000344169920488444,0.000344169920488444,0.0,0.0003,0.0003,0.0,-3.0,-3.0,0.0,0.0,0.29714285714285715,28.757142857142856,61.9,5487.739,89,Hopper-v5,6198,Trial_7
494.47660660743713,91,372736,243.6098077655812,305.5588114349594,196.093469807657,105.9,346,0.014859191013651967,-3.0,0.99,4.711170237900359e-05,0.000344169920488444,0.0003,-130.82298278808594,0.29518067836761475,-3.0704689025878906,0.14406758546829224,-1.9374727010726929,-3.0,129.6448974609375,183.64158630371094,3.553788661956787,1.5074386596679688,6.1483354568481445,1.0,-130.82298278808594,0.29518067836761475,-3.0704689025878906,0.14406758546829224,-1.9374727010726929,-3.0,129.6448974609375,183.64158630371094,3.553788661956787,346.0,346.0,0.0,0.014859191013651967,0.014859191013651967,0.0,4.711170237900359e-05,4.711170237900359e-05,0.0,0.000344169920488444,0.000344169920488444,0.0,0.0003,0.0003,0.0,-3.0,-3.0,0.0,0.0,0.2485714285714286,28.21428571428571,61.98571428571428,5468.743,90,Hopper-v5,6198,Trial_7
500.01423239707947,92,376832,244.39860097813263,305.5588114349594,200.9283722235188,106.29,346,0.014859191013651967,-3.0,0.99,4.711170237900359e-05,0.000344169920488444,0.0003,-123.93551635742188,0.3705294728279114,-3.1600887775421143,0.14167441427707672,-1.9542237520217896,-3.0,123.43890380859375,183.03294372558594,2.3335678577423096,1.7543601989746094,8.983476638793945,1.0,-123.93551635742188,0.3705294728279114,-3.1600887775421143,0.14167441427707672,-1.9542237520217896,-3.0,123.43890380859375,183.03294372558594,2.3335678577423096,346.0,346.0,0.0,0.014859191013651967,0.014859191013651967,0.0,4.711170237900359e-05,4.711170237900359e-05,0.0,0.000344169920488444,0.000344169920488444,0.0,0.0003,0.0003,0.0,-3.0,-3.0,0.0,0.0,0.33499999999999996,28.275,61.95,5487.525,91,Hopper-v5,6198,Trial_7
505.54507756233215,93,380928,244.6829300486947,290.98568761979874,211.3302605107522,106.61,346,0.014859191013651967,-3.0,0.99,4.711170237900359e-05,0.000344169920488444,0.0003,-124.74542999267578,0.33635765314102173,-2.7874505519866943,0.13926883041858673,-1.9713492393493652,-3.0,124.3912353515625,188.50169372558594,1.4943479299545288,1.6419878005981445,8.081254959106445,1.0,-124.74542999267578,0.33635765314102173,-2.7874505519866943,0.13926883041858673,-1.9713492393493652,-3.0,124.3912353515625,188.50169372558594,1.4943479299545288,346.0,346.0,0.0,0.014859191013651967,0.014859191013651967,0.0,4.711170237900359e-05,4.711170237900359e-05,0.0,0.000344169920488444,0.000344169920488444,0.0,0.0003,0.0003,0.0,-3.0,-3.0,0.0,0.0,0.21285714285714286,28.54285714285714,62.02857142857143,5503.293,92,Hopper-v5,6198,Trial_7
511.01535844802856,94,385024,251.82103529217795,307.97916765813966,211.42063106529866,109.29,346,0.014859191013651967,-3.0,0.99,4.711170237900359e-05,0.000344169920488444,0.0003,-125.32679748535156,0.2779873013496399,-2.4315273761749268,0.13692426681518555,-1.9883272647857666,-3.0,124.42375183105469,189.68405151367188,0.5247758626937866,1.4031410217285156,6.699768543243408,1.0,-125.32679748535156,0.2779873013496399,-2.4315273761749268,0.13692426681518555,-1.9883272647857666,-3.0,124.42375183105469,189.68405151367188,0.5247758626937866,346.0,346.0,0.0,0.014859191013651967,0.014859191013651967,0.0,4.711170237900359e-05,4.711170237900359e-05,0.0,0.000344169920488444,0.000344169920488444,0.0,0.0003,0.0003,0.0,-3.0,-3.0,0.0,0.0,0.28250000000000003,27.9,62.1625,5518.592,93,Hopper-v5,6198,Trial_7
516.906503200531,95,389120,263.088093269903,341.1385249981495,211.42063106529866,113.26,346,0.014859191013651967,-3.0,0.99,4.711170237900359e-05,0.000344169920488444,0.0003,-128.41465759277344,0.3400578200817108,-3.1739461421966553,0.13461174070835114,-2.0053606033325195,-3.0,127.6965103149414,189.25765991210938,1.9169590473175049,1.6644535064697266,8.337917804718018,1.0,-128.41465759277344,0.3400578200817108,-3.1739461421966553,0.13461174070835114,-2.0053606033325195,-3.0,127.6965103149414,189.25765991210938,1.9169590473175049,346.0,346.0,0.0,0.014859191013651967,0.014859191013651967,0.0,4.711170237900359e-05,4.711170237900359e-05,0.0,0.000344169920488444,0.000344169920488444,0.0,0.0003,0.0003,0.0,-3.0,-3.0,0.0,0.0,0.2557142857142857,26.74285714285714,62.728571428571435,5523.634,94,Hopper-v5,6198,Trial_7
522.2947626113892,96,393216,277.8970579554645,341.39118548276565,223.298674657026,118.19,346,0.014859191013651967,-3.0,0.99,4.711170237900359e-05,0.000344169920488444,0.0003,-130.34317016601562,0.3176146149635315,-2.1284515857696533,0.13261449337005615,-2.0203089714050293,-3.0,129.9028778076172,189.01348876953125,2.9422552585601807,1.5615143775939941,7.615130424499512,1.0,-130.34317016601562,0.3176146149635315,-2.1284515857696533,0.13261449337005615,-2.0203089714050293,-3.0,129.9028778076172,189.01348876953125,2.9422552585601807,346.0,346.0,0.0,0.014859191013651967,0.014859191013651967,0.0,4.711170237900359e-05,4.711170237900359e-05,0.0,0.000344169920488444,0.000344169920488444,0.0,0.0003,0.0003,0.0,-3.0,-3.0,0.0,0.0,0.23375,26.1625,64.825,5502.673,95,Hopper-v5,6198,Trial_7
527.6859002113342,97,397312,293.66381976191985,377.1523305222776,243.80458268002047,123.09,346,0.014859191013651967,-3.0,0.99,4.711170237900359e-05,0.000344169920488444,0.0003,-123.87525177001953,0.3190074563026428,-1.4335300922393799,0.13099808990955353,-2.0325725078582764,-3.0,122.90679168701172,194.30706787109375,0.4244861900806427,1.7421188354492188,7.211324691772461,1.0,-123.87525177001953,0.3190074563026428,-1.4335300922393799,0.13099808990955353,-2.0325725078582764,-3.0,122.90679168701172,194.30706787109375,0.4244861900806427,346.0,346.0,0.0,0.014859191013651967,0.014859191013651967,0.0,4.711170237900359e-05,4.711170237900359e-05,0.0,0.000344169920488444,0.000344169920488444,0.0,0.0003,0.0003,0.0,-3.0,-3.0,0.0,0.0,0.2385714285714286,26.471428571428568,66.58571428571429,5494.504,96,Hopper-v5,6198,Trial_7
533.0071558952332,98,401408,305.16941010907385,377.1523305222776,243.80458268002047,126.84,346,0.014859191013651967,-3.0,0.99,4.711170237900359e-05,0.000344169920488444,0.0003,-126.12899780273438,0.3344390392303467,-1.5398626327514648,0.12962347269058228,-2.043121337890625,-3.0,125.71786499023438,193.5712890625,0.8364835977554321,1.7876625061035156,7.4535322189331055,1.0,-126.12899780273438,0.3344390392303467,-1.5398626327514648,0.12962347269058228,-2.043121337890625,-3.0,125.71786499023438,193.5712890625,0.8364835977554321,346.0,346.0,0.0,0.014859191013651967,0.014859191013651967,0.0,4.711170237900359e-05,4.711170237900359e-05,0.0,0.000344169920488444,0.000344169920488444,0.0,0.0003,0.0003,0.0,-3.0,-3.0,0.0,0.0,0.2571428571428572,25.428571428571434,65.02857142857142,5440.2,97,Hopper-v5,6198,Trial_7
538.1470339298248,99,405504,314.16090790538567,397.9219690526714,244.2915291186611,129.79,346,0.014859191013651967,-3.0,0.99,4.711170237900359e-05,0.000344169920488444,0.0003,-125.642333984375,0.3399750888347626,-1.6072673797607422,0.12817718088626862,-2.0543417930603027,-3.0,124.53197479248047,192.85690307617188,0.2606317698955536,1.7623214721679688,7.5614471435546875,1.0,-125.642333984375,0.3399750888347626,-1.6072673797607422,0.12817718088626862,-2.0543417930603027,-3.0,124.53197479248047,192.85690307617188,0.2606317698955536,346.0,346.0,0.0,0.014859191013651967,0.014859191013651967,0.0,4.711170237900359e-05,4.711170237900359e-05,0.0,0.000344169920488444,0.000344169920488444,0.0,0.0003,0.0003,0.0,-3.0,-3.0,0.0,0.0,0.24,22.214285714285715,51.27142857142858,5414.685,98,Hopper-v5,6198,Trial_7
543.1797440052032,100,409600,327.3240364763098,421.1152007092335,244.82356054952834,133.85,346,0.014859191013651967,-3.0,0.99,4.711170237900359e-05,0.000344169920488444,0.0003,-122.9686279296875,0.3470463454723358,-1.3780262470245361,0.12698647379875183,-2.0636746883392334,-3.0,122.24079895019531,191.30296325683594,2.890148878097534,1.5399913787841797,7.866329193115234,1.0,-122.9686279296875,0.3470463454723358,-1.3780262470245361,0.12698647379875183,-2.0636746883392334,-3.0,122.24079895019531,191.30296325683594,2.890148878097534,346.0,346.0,0.0,0.014859191013651967,0.014859191013651967,0.0,4.711170237900359e-05,4.711170237900359e-05,0.0,0.000344169920488444,0.000344169920488444,0.0,0.0003,0.0003,0.0,-3.0,-3.0,0.0,0.0,0.23428571428571426,21.585714285714285,50.542857142857144,5388.253,99,Hopper-v5,6198,Trial_7
548.3835859298706,101,413696,336.41276302323496,447.92533346074777,244.82356054952834,137.11,346,0.014859191013651967,-3.0,0.99,4.711170237900359e-05,0.000344169920488444,0.0003,-127.85677337646484,0.3244505524635315,-0.9810053110122681,0.12575256824493408,-2.073439121246338,-3.0,126.64212799072266,195.41073608398438,3.470064878463745,1.5186643600463867,7.461156845092773,1.0,-127.85677337646484,0.3244505524635315,-0.9810053110122681,0.12575256824493408,-2.073439121246338,-3.0,126.64212799072266,195.41073608398438,3.470064878463745,346.0,346.0,0.0,0.014859191013651967,0.014859191013651967,0.0,4.711170237900359e-05,4.711170237900359e-05,0.0,0.000344169920488444,0.000344169920488444,0.0,0.0003,0.0003,0.0,-3.0,-3.0,0.0,0.0,0.2314285714285714,21.385714285714283,50.5,5378.835,100,Hopper-v5,6198,Trial_7
554.1106131076813,102,417792,349.1986160955271,492.39198579591084,271.51662060649096,141.45,346,0.014859191013651967,-3.0,0.99,4.711170237900359e-05,0.000344169920488444,0.0003,-131.22280883789062,0.31052345037460327,-1.4548313617706299,0.12464594095945358,-2.08227801322937,-3.0,130.204833984375,195.06552124023438,3.4015235900878906,1.555267333984375,6.187174320220947,1.0,-131.22280883789062,0.31052345037460327,-1.4548313617706299,0.12464594095945358,-2.08227801322937,-3.0,130.204833984375,195.06552124023438,3.4015235900878906,346.0,346.0,0.0,0.014859191013651967,0.014859191013651967,0.0,4.711170237900359e-05,4.711170237900359e-05,0.0,0.000344169920488444,0.000344169920488444,0.0,0.0003,0.0003,0.0,-3.0,-3.0,0.0,0.0,0.25285714285714284,22.11428571428571,50.44285714285714,5397.866,101,Hopper-v5,6198,Trial_7
559.2784307003021,103,421888,356.37652383349837,492.39198579591084,274.9280119373495,144.27,346,0.014859191013651967,-3.0,0.99,4.711170237900359e-05,0.000344169920488444,0.0003,-130.99981689453125,0.33823251724243164,-0.892929196357727,0.1236438900232315,-2.0903496742248535,-3.0,130.1927490234375,189.88763427734375,4.947512626647949,1.7801742553710938,8.15009593963623,1.0,-130.99981689453125,0.33823251724243164,-0.892929196357727,0.1236438900232315,-2.0903496742248535,-3.0,130.1927490234375,189.88763427734375,4.947512626647949,346.0,346.0,0.0,0.014859191013651967,0.014859191013651967,0.0,4.711170237900359e-05,4.711170237900359e-05,0.0,0.000344169920488444,0.000344169920488444,0.0,0.0003,0.0003,0.0,-3.0,-3.0,0.0,0.0,0.22571428571428573,21.58571428571429,50.48571428571428,5361.537,102,Hopper-v5,6198,Trial_7
564.4204592704773,104,425984,370.13060361402916,682.7356124130778,277.40757137731407,149.25,346,0.014859191013651967,-3.0,0.99,4.711170237900359e-05,0.000344169920488444,0.0003,-129.81594848632812,0.31510332226753235,-1.5050580501556396,0.1225510984659195,-2.0992271900177,-3.0,128.7586669921875,191.16587829589844,3.007948160171509,1.5348167419433594,8.518875122070312,1.0,-129.81594848632812,0.31510332226753235,-1.5050580501556396,0.1225510984659195,-2.0992271900177,-3.0,128.7586669921875,191.16587829589844,3.007948160171509,346.0,346.0,0.0,0.014859191013651967,0.014859191013651967,0.0,4.711170237900359e-05,4.711170237900359e-05,0.0,0.000344169920488444,0.000344169920488444,0.0,0.0003,0.0003,0.0,-3.0,-3.0,0.0,0.0,0.23714285714285716,21.74285714285714,50.42857142857143,5329.103,103,Hopper-v5,6198,Trial_7
569.6543109416962,105,430080,401.0535663136132,773.4021174516638,278.1010442543097,158.44,346,0.014859191013651967,-3.0,0.99,4.711170237900359e-05,0.000344169920488444,0.0003,-131.40834045410156,0.3419535756111145,-1.140030026435852,0.12151821702718735,-2.1076910495758057,-3.0,130.15318298339844,222.44776916503906,2.5433380603790283,1.5423927307128906,8.51234245300293,1.0,-131.40834045410156,0.3419535756111145,-1.140030026435852,0.12151821702718735,-2.1076910495758057,-3.0,130.15318298339844,222.44776916503906,2.5433380603790283,346.0,346.0,0.0,0.014859191013651967,0.014859191013651967,0.0,4.711170237900359e-05,4.711170237900359e-05,0.0,0.000344169920488444,0.000344169920488444,0.0,0.0003,0.0003,0.0,-3.0,-3.0,0.0,0.0,0.20875000000000002,21.7125,50.3625,5263.515,104,Hopper-v5,6198,Trial_7
574.8057069778442,106,434176,441.8741919330228,896.2033386232541,308.7790570568508,169.84,346,0.014859191013651967,-3.0,0.99,4.711170237900359e-05,0.000344169920488444,0.0003,-132.45355224609375,0.325420081615448,-0.9172093868255615,0.12051714956760406,-2.1159632205963135,-3.0,131.38108825683594,193.146728515625,6.324570655822754,1.465240478515625,7.3996875286102295,1.0,-132.45355224609375,0.325420081615448,-0.9172093868255615,0.12051714956760406,-2.1159632205963135,-3.0,131.38108825683594,193.146728515625,6.324570655822754,346.0,346.0,0.0,0.014859191013651967,0.014859191013651967,0.0,4.711170237900359e-05,4.711170237900359e-05,0.0,0.000344169920488444,0.000344169920488444,0.0,0.0003,0.0003,0.0,-3.0,-3.0,0.0,0.0,0.27571428571428575,21.057142857142853,50.52857142857143,5240.232,105,Hopper-v5,6198,Trial_7
580.003448009491,107,438272,479.8614223038475,929.201932230287,311.9210576788241,181.57,346,0.014859191013651967,-3.0,0.99,4.711170237900359e-05,0.000344169920488444,0.0003,-130.98861694335938,0.3788672089576721,-0.9255610108375549,0.11949098110198975,-2.12451434135437,-3.0,129.5939178466797,204.20379638671875,5.365396976470947,1.8068304061889648,7.977006912231445,1.0,-130.98861694335938,0.3788672089576721,-0.9255610108375549,0.11949098110198975,-2.12451434135437,-3.0,129.5939178466797,204.20379638671875,5.365396976470947,346.0,346.0,0.0,0.014859191013651967,0.014859191013651967,0.0,4.711170237900359e-05,4.711170237900359e-05,0.0,0.000344169920488444,0.000344169920488444,0.0,0.0003,0.0003,0.0,-3.0,-3.0,0.0,0.0,0.19857142857142857,21.314285714285713,50.57142857142857,5221.091,106,Hopper-v5,6198,Trial_7
585.180730342865,108,442368,515.381851323427,1273.7395784625403,312.8978243658038,192.61,346,0.014859191013651967,-3.0,0.99,4.711170237900359e-05,0.000344169920488444,0.0003,-135.1971893310547,0.3157840967178345,-0.7590550184249878,0.11865458637475967,-2.1315386295318604,-3.0,134.67935180664062,209.91693115234375,2.0836188793182373,1.6470146179199219,7.3548219203948975,1.0,-135.1971893310547,0.3157840967178345,-0.7590550184249878,0.11865458637475967,-2.1315386295318604,-3.0,134.67935180664062,209.91693115234375,2.0836188793182373,346.0,346.0,0.0,0.014859191013651967,0.014859191013651967,0.0,4.711170237900359e-05,4.711170237900359e-05,0.0,0.000344169920488444,0.000344169920488444,0.0,0.0003,0.0003,0.0,-3.0,-3.0,0.0,0.0,0.20142857142857143,21.628571428571426,50.5,5206.856,107,Hopper-v5,6198,Trial_7
590.1550724506378,109,446464,531.9913965191625,1273.7395784625403,312.8978243658038,198.16,346,0.014859191013651967,-3.0,0.99,4.711170237900359e-05,0.000344169920488444,0.0003,-133.37322998046875,0.323994517326355,-1.2001311779022217,0.11768282949924469,-2.1397621631622314,-3.0,132.11880493164062,204.77346801757812,1.941956639289856,1.5672798156738281,8.312981605529785,1.0,-133.37322998046875,0.323994517326355,-1.2001311779022217,0.11768282949924469,-2.1397621631622314,-3.0,132.11880493164062,204.77346801757812,1.941956639289856,346.0,346.0,0.0,0.014859191013651967,0.014859191013651967,0.0,4.711170237900359e-05,4.711170237900359e-05,0.0,0.000344169920488444,0.000344169920488444,0.0,0.0003,0.0003,0.0,-3.0,-3.0,0.0,0.0,0.22142857142857145,21.58571428571429,50.457142857142856,5190.344,108,Hopper-v5,6198,Trial_7
595.8193256855011,110,450560,555.1344227536672,1273.7395784625403,326.64910159416644,207.14,346,0.014859191013651967,-3.0,0.99,4.711170237900359e-05,0.000344169920488444,0.0003,-142.95025634765625,0.34874168038368225,-1.4437358379364014,0.11667231470346451,-2.148386001586914,-3.0,142.27728271484375,207.85296630859375,4.272375583648682,1.6835365295410156,7.780184984207153,1.0,-142.95025634765625,0.34874168038368225,-1.4437358379364014,0.11667231470346451,-2.148386001586914,-3.0,142.27728271484375,207.85296630859375,4.272375583648682,346.0,346.0,0.0,0.014859191013651967,0.014859191013651967,0.0,4.711170237900359e-05,4.711170237900359e-05,0.0,0.000344169920488444,0.000344169920488444,0.0,0.0003,0.0003,0.0,-3.0,-3.0,0.0,0.0,0.1957142857142857,21.057142857142857,50.48571428571429,5253.347,109,Hopper-v5,6198,Trial_7
600.9096462726593,111,454656,614.6206210558468,1366.2519067895726,326.64910159416644,229.98,346,0.014859191013651967,-3.0,0.99,4.711170237900359e-05,0.000344169920488444,0.0003,-138.7138671875,0.3890185058116913,-0.6848958730697632,0.1156572625041008,-2.1571240425109863,-3.0,137.90451049804688,229.0183868408203,1.220401406288147,1.8190269470214844,7.356008768081665,1.0,-138.7138671875,0.3890185058116913,-0.6848958730697632,0.1156572625041008,-2.1571240425109863,-3.0,137.90451049804688,229.0183868408203,1.220401406288147,346.0,346.0,0.0,0.014859191013651967,0.014859191013651967,0.0,4.711170237900359e-05,4.711170237900359e-05,0.0,0.000344169920488444,0.000344169920488444,0.0,0.0003,0.0003,0.0,-3.0,-3.0,0.0,0.0,0.24571428571428575,21.82857142857143,50.51428571428572,5241.86,110,Hopper-v5,6198,Trial_7
606.1697795391083,112,458752,729.9978982837392,2315.806616915454,326.64910159416644,272.85,346,0.014859191013651967,-3.0,0.99,4.711170237900359e-05,0.000344169920488444,0.0003,-141.13485717773438,0.38054320216178894,-0.21482165157794952,0.11472474783658981,-2.16521954536438,-3.0,140.1199493408203,229.6429443359375,6.2162370681762695,1.6430282592773438,8.469346046447754,1.0,-141.13485717773438,0.38054320216178894,-0.21482165157794952,0.11472474783658981,-2.16521954536438,-3.0,140.1199493408203,229.6429443359375,6.2162370681762695,346.0,346.0,0.0,0.014859191013651967,0.014859191013651967,0.0,4.711170237900359e-05,4.711170237900359e-05,0.0,0.000344169920488444,0.000344169920488444,0.0,0.0003,0.0003,0.0,-3.0,-3.0,0.0,0.0,0.21857142857142858,21.457142857142856,50.542857142857144,5195.207,111,Hopper-v5,6198,Trial_7
611.2879521846771,113,462848,807.2448055731902,2323.9080268830767,326.64910159416644,299.95,346,0.014859191013651967,-3.0,0.99,4.711170237900359e-05,0.000344169920488444,0.0003,-140.23330688476562,0.36828678846359253,-0.6247419118881226,0.11400800198316574,-2.1714866161346436,-3.0,138.86056518554688,205.73898315429688,8.320938110351562,1.790670394897461,8.851611375808716,1.0,-140.23330688476562,0.36828678846359253,-0.6247419118881226,0.11400800198316574,-2.1714866161346436,-3.0,138.86056518554688,205.73898315429688,8.320938110351562,346.0,346.0,0.0,0.014859191013651967,0.014859191013651967,0.0,4.711170237900359e-05,4.711170237900359e-05,0.0,0.000344169920488444,0.000344169920488444,0.0,0.0003,0.0003,0.0,-3.0,-3.0,0.0,0.0,0.25142857142857145,21.114285714285717,50.57142857142857,5190.407,112,Hopper-v5,6198,Trial_7
616.4902412891388,114,466944,933.7475456833978,2777.928681215659,373.77653292693435,345.77,346,0.014859191013651967,-3.0,0.99,4.711170237900359e-05,0.000344169920488444,0.0003,-145.57608032226562,0.3942929208278656,-1.3348785638809204,0.11329185217618942,-2.177788019180298,-3.0,144.48117065429688,229.652099609375,6.001019477844238,1.6495685577392578,8.652620315551758,1.0,-145.57608032226562,0.3942929208278656,-1.3348785638809204,0.11329185217618942,-2.177788019180298,-3.0,144.48117065429688,229.652099609375,6.001019477844238,346.0,346.0,0.0,0.014859191013651967,0.014859191013651967,0.0,4.711170237900359e-05,4.711170237900359e-05,0.0,0.000344169920488444,0.000344169920488444,0.0,0.0003,0.0003,0.0,-3.0,-3.0,0.0,0.0,0.21571428571428572,22.2,50.557142857142864,5196.226,113,Hopper-v5,6198,Trial_7
621.7351791858673,115,471040,984.2488464703837,2777.928681215659,383.0424425459977,366.3,346,0.014859191013651967,-3.0,0.99,4.711170237900359e-05,0.000344169920488444,0.0003,-147.09596252441406,0.4170551896095276,-0.7535098791122437,0.11202480643987656,-2.189034938812256,-3.0,146.24766540527344,214.33172607421875,2.332759141921997,1.8969192504882812,9.928799629211426,1.0,-147.09596252441406,0.4170551896095276,-0.7535098791122437,0.11202480643987656,-2.189034938812256,-3.0,146.24766540527344,214.33172607421875,2.332759141921997,346.0,346.0,0.0,0.014859191013651967,0.014859191013651967,0.0,4.711170237900359e-05,4.711170237900359e-05,0.0,0.000344169920488444,0.000344169920488444,0.0,0.0003,0.0003,0.0,-3.0,-3.0,0.0,0.0,0.1985714285714286,21.657142857142855,50.48571428571428,5196.99,114,Hopper-v5,6198,Trial_7
626.8929131031036,116,475136,973.8115494885594,2777.928681215659,265.5770737292473,363.59,346,0.014859191013651967,-3.0,0.99,4.711170237900359e-05,0.000344169920488444,0.0003,-145.49806213378906,0.38904452323913574,-1.6018561124801636,0.11068998277187347,-2.201021909713745,-3.0,144.91793823242188,234.40098571777344,7.986499786376953,1.8402557373046875,8.594769716262817,1.0,-145.49806213378906,0.38904452323913574,-1.6018561124801636,0.11068998277187347,-2.201021909713745,-3.0,144.91793823242188,234.40098571777344,7.986499786376953,346.0,346.0,0.0,0.014859191013651967,0.014859191013651967,0.0,4.711170237900359e-05,4.711170237900359e-05,0.0,0.000344169920488444,0.000344169920488444,0.0,0.0003,0.0003,0.0,-3.0,-3.0,0.0,0.0,0.2871428571428572,21.514285714285712,50.528571428571425,5197.65,115,Hopper-v5,6198,Trial_7
632.4999794960022,117,479232,849.67070136446,2777.928681215659,253.4176800729264,316.18,346,0.014859191013651967,-3.0,0.99,4.711170237900359e-05,0.000344169920488444,0.0003,-144.3155517578125,0.38145750761032104,-1.3511422872543335,0.10935099422931671,-2.2131924629211426,-3.0,143.76992797851562,250.62310791015625,1.1966044902801514,1.9336414337158203,9.243430137634277,1.0,-144.3155517578125,0.38145750761032104,-1.3511422872543335,0.10935099422931671,-2.2131924629211426,-3.0,143.76992797851562,250.62310791015625,1.1966044902801514,346.0,346.0,0.0,0.014859191013651967,0.014859191013651967,0.0,4.711170237900359e-05,4.711170237900359e-05,0.0,0.000344169920488444,0.000344169920488444,0.0,0.0003,0.0003,0.0,-3.0,-3.0,0.0,0.0,0.20500000000000002,21.4,50.5125,5238.291,116,Hopper-v5,6198,Trial_7
637.7612066268921,118,483328,681.8321052958541,2777.928681215659,253.4176800729264,254.1,346,0.014859191013651967,-3.0,0.99,4.711170237900359e-05,0.000344169920488444,0.0003,-148.9721221923828,0.3669756054878235,-1.2211928367614746,0.10764329135417938,-2.2289323806762695,-3.0,148.64767456054688,241.63038635253906,3.4102234840393066,1.9132118225097656,9.04641056060791,1.0,-148.9721221923828,0.3669756054878235,-1.2211928367614746,0.10764329135417938,-2.2289323806762695,-3.0,148.64767456054688,241.63038635253906,3.4102234840393066,346.0,346.0,0.0,0.014859191013651967,0.014859191013651967,0.0,4.711170237900359e-05,4.711170237900359e-05,0.0,0.000344169920488444,0.000344169920488444,0.0,0.0003,0.0003,0.0,-3.0,-3.0,0.0,0.0,0.2285714285714286,21.41428571428571,50.528571428571425,5246.344,117,Hopper-v5,6198,Trial_7
643.0270593166351,119,487424,528.1802875597814,2019.3257748791507,253.4176800729264,198.91,346,0.014859191013651967,-3.0,0.99,4.711170237900359e-05,0.000344169920488444,0.0003,-140.40371704101562,0.4093106985092163,-1.101182460784912,0.10585804283618927,-2.2456562519073486,-3.0,139.3665771484375,259.196044921875,3.53993558883667,2.162278652191162,9.567744255065918,1.0,-140.40371704101562,0.4093106985092163,-1.101182460784912,0.10585804283618927,-2.2456562519073486,-3.0,139.3665771484375,259.196044921875,3.53993558883667,346.0,346.0,0.0,0.014859191013651967,0.014859191013651967,0.0,4.711170237900359e-05,4.711170237900359e-05,0.0,0.000344169920488444,0.000344169920488444,0.0,0.0003,0.0003,0.0,-3.0,-3.0,0.0,0.0,0.2157142857142857,21.314285714285713,50.42857142857143,5275.289,118,Hopper-v5,6198,Trial_7
648.2430865764618,120,491520,484.5086492636663,754.3991921140588,253.4176800729264,184.91,346,0.014859191013651967,-3.0,0.99,4.711170237900359e-05,0.000344169920488444,0.0003,-148.9791259765625,0.377717524766922,-1.215394377708435,0.10418576747179031,-2.261579751968384,-3.0,147.36927795410156,230.45506286621094,3.4949958324432373,1.8607673645019531,9.544864654541016,1.0,-148.9791259765625,0.377717524766922,-1.215394377708435,0.10418576747179031,-2.261579751968384,-3.0,147.36927795410156,230.45506286621094,3.4949958324432373,346.0,346.0,0.0,0.014859191013651967,0.014859191013651967,0.0,4.711170237900359e-05,4.711170237900359e-05,0.0,0.000344169920488444,0.000344169920488444,0.0,0.0003,0.0003,0.0,-3.0,-3.0,0.0,0.0,0.21714285714285714,22.27142857142857,50.4,5230.6,119,Hopper-v5,6198,Trial_7
653.5617008209229,121,495616,479.0795886960209,726.4122983373933,391.0712365106919,184.74,346,0.014859191013651967,-3.0,0.99,4.711170237900359e-05,0.000344169920488444,0.0003,-148.34686279296875,0.4036722779273987,-0.5951956510543823,0.10232889652252197,-2.2795631885528564,-3.0,147.87213134765625,240.71868896484375,1.9169292449951172,1.7706489562988281,10.641167402267456,1.0,-148.34686279296875,0.4036722779273987,-0.5951956510543823,0.10232889652252197,-2.2795631885528564,-3.0,147.87213134765625,240.71868896484375,1.9169292449951172,346.0,346.0,0.0,0.014859191013651967,0.014859191013651967,0.0,4.711170237900359e-05,4.711170237900359e-05,0.0,0.000344169920488444,0.000344169920488444,0.0,0.0003,0.0003,0.0,-3.0,-3.0,0.0,0.0,0.21285714285714286,21.357142857142858,50.60000000000001,5253.667,120,Hopper-v5,6198,Trial_7
658.7084674835205,122,499712,471.3406729075944,637.8820253426832,393.3210445887882,186.15,346,0.014859191013651967,-3.0,0.99,4.711170237900359e-05,0.000344169920488444,0.0003,-148.663330078125,0.36277514696121216,-1.9386680126190186,0.10028868913650513,-2.2997024059295654,-3.0,147.75692749023438,268.78271484375,6.309677600860596,1.8220329284667969,9.519109725952148,1.0,-148.663330078125,0.36277514696121216,-1.9386680126190186,0.10028868913650513,-2.2997024059295654,-3.0,147.75692749023438,268.78271484375,6.309677600860596,346.0,346.0,0.0,0.014859191013651967,0.014859191013651967,0.0,4.711170237900359e-05,4.711170237900359e-05,0.0,0.000344169920488444,0.000344169920488444,0.0,0.0003,0.0003,0.0,-3.0,-3.0,0.0,0.0,0.21428571428571427,21.442857142857147,50.614285714285714,5242.293,121,Hopper-v5,6198,Trial_7
664.0444238185883,123,503808,468.01263501168984,629.7720365842129,393.3210445887882,187.37,346,0.014859191013651967,-3.0,0.99,4.711170237900359e-05,0.000344169920488444,0.0003,-147.80523681640625,0.41890454292297363,-3.062368392944336,0.09851865470409393,-2.317509412765503,-3.0,147.19515991210938,253.8874053955078,2.931959629058838,1.89385986328125,10.630895376205444,1.0,-147.80523681640625,0.41890454292297363,-3.062368392944336,0.09851865470409393,-2.317509412765503,-3.0,147.19515991210938,253.8874053955078,2.931959629058838,346.0,346.0,0.0,0.014859191013651967,0.014859191013651967,0.0,4.711170237900359e-05,4.711170237900359e-05,0.0,0.000344169920488444,0.000344169920488444,0.0,0.0003,0.0003,0.0,-3.0,-3.0,0.0,0.0,0.1875,21.625,50.537499999999994,5263.903,122,Hopper-v5,6198,Trial_7
669.7181677818298,124,507904,481.76998937105293,680.5756892457892,407.5438091748976,196.53,346,0.014859191013651967,-3.0,0.99,4.711170237900359e-05,0.000344169920488444,0.0003,-151.42239379882812,0.43366608023643494,-3.2655556201934814,0.09657088667154312,-2.337477922439575,-3.0,150.71469116210938,255.418701171875,4.737966060638428,1.9638519287109375,11.68752670288086,1.0,-151.42239379882812,0.43366608023643494,-3.2655556201934814,0.09657088667154312,-2.337477922439575,-3.0,150.71469116210938,255.418701171875,4.737966060638428,346.0,346.0,0.0,0.014859191013651967,0.014859191013651967,0.0,4.711170237900359e-05,4.711170237900359e-05,0.0,0.000344169920488444,0.000344169920488444,0.0,0.0003,0.0003,0.0,-3.0,-3.0,0.0,0.0,0.19285714285714284,21.114285714285717,50.614285714285714,5311.05,123,Hopper-v5,6198,Trial_7
674.9877276420593,125,512000,494.5608223868934,762.5411213625015,119.448456699329,207.11,346,0.014859191013651967,-3.0,0.99,4.711170237900359e-05,0.000344169920488444,0.0003,-148.10231018066406,0.429347425699234,-1.296515941619873,0.0945935994386673,-2.3581655025482178,-3.0,147.61566162109375,262.4148864746094,3.5918757915496826,1.9828720092773438,8.327936172485352,1.0,-148.10231018066406,0.429347425699234,-1.296515941619873,0.0945935994386673,-2.3581655025482178,-3.0,147.61566162109375,262.4148864746094,3.5918757915496826,346.0,346.0,0.0,0.014859191013651967,0.014859191013651967,0.0,4.711170237900359e-05,4.711170237900359e-05,0.0,0.000344169920488444,0.000344169920488444,0.0,0.0003,0.0003,0.0,-3.0,-3.0,0.0,0.0,0.19428571428571426,21.857142857142858,50.471428571428575,5313.931,124,Hopper-v5,6198,Trial_7
680.3565361499786,126,516096,477.92244301090864,762.5411213625015,39.04178802235637,212.19,346,0.014859191013651967,-3.0,0.99,4.711170237900359e-05,0.000344169920488444,0.0003,-156.375732421875,0.40421730279922485,-2.1351048946380615,0.0926252231001854,-2.3791937828063965,-3.0,155.71530151367188,278.5174560546875,3.57936429977417,1.8082637786865234,8.103392124176025,1.0,-156.375732421875,0.40421730279922485,-2.1351048946380615,0.0926252231001854,-2.3791937828063965,-3.0,155.71530151367188,278.5174560546875,3.57936429977417,346.0,346.0,0.0,0.014859191013651967,0.014859191013651967,0.0,4.711170237900359e-05,4.711170237900359e-05,0.0,0.000344169920488444,0.000344169920488444,0.0,0.0003,0.0003,0.0,-3.0,-3.0,0.0,0.0,0.215,21.924999999999997,50.4625,5335.066,125,Hopper-v5,6198,Trial_7
685.48619556427,127,520192,476.70596431780353,762.5411213625015,39.04178802235637,226.9,346,0.014859191013651967,-3.0,0.99,4.711170237900359e-05,0.000344169920488444,0.0003,-156.54367065429688,0.5588779449462891,-1.3985337018966675,0.0907929465174675,-2.3991737365722656,-3.0,156.1259765625,277.3189697265625,3.456296443939209,1.8904609680175781,8.80706787109375,1.0,-156.54367065429688,0.5588779449462891,-1.3985337018966675,0.0907929465174675,-2.3991737365722656,-3.0,156.1259765625,277.3189697265625,3.456296443939209,346.0,346.0,0.0,0.014859191013651967,0.014859191013651967,0.0,4.711170237900359e-05,4.711170237900359e-05,0.0,0.000344169920488444,0.000344169920488444,0.0,0.0003,0.0003,0.0,-3.0,-3.0,0.0,0.0,0.1985714285714286,21.442857142857143,50.542857142857144,5287.607,126,Hopper-v5,6198,Trial_7
690.533317565918,128,524288,479.73362634640034,864.5959350990415,39.04178802235637,238.59,346,0.014859191013651967,-3.0,0.99,4.711170237900359e-05,0.000344169920488444,0.0003,-154.84283447265625,0.4901297390460968,-0.7781335115432739,0.0892462283372879,-2.416356086730957,-3.0,154.34539794921875,283.0947265625,4.397907733917236,2.1020965576171875,10.783600568771362,1.0,-154.84283447265625,0.4901297390460968,-0.7781335115432739,0.0892462283372879,-2.416356086730957,-3.0,154.34539794921875,283.0947265625,4.397907733917236,346.0,346.0,0.0,0.014859191013651967,0.014859191013651967,0.0,4.711170237900359e-05,4.711170237900359e-05,0.0,0.000344169920488444,0.000344169920488444,0.0,0.0003,0.0003,0.0,-3.0,-3.0,0.0,0.0,0.23714285714285713,21.47142857142857,50.62857142857143,5266.361,127,Hopper-v5,6198,Trial_7
695.8401212692261,129,528384,519.1004442216934,1029.3756333255524,39.04178802235637,265.55,346,0.014859191013651967,-3.0,0.99,4.711170237900359e-05,0.000344169920488444,0.0003,-156.43930053710938,0.4996733069419861,-3.0392837524414062,0.08828295767307281,-2.427208185195923,-3.0,155.89352416992188,303.43212890625,1.3973393440246582,2.220294952392578,11.926554203033447,1.0,-156.43930053710938,0.4996733069419861,-3.0392837524414062,0.08828295767307281,-2.427208185195923,-3.0,155.89352416992188,303.43212890625,1.3973393440246582,346.0,346.0,0.0,0.014859191013651967,0.014859191013651967,0.0,4.711170237900359e-05,4.711170237900359e-05,0.0,0.000344169920488444,0.000344169920488444,0.0,0.0003,0.0003,0.0,-3.0,-3.0,0.0,0.0,0.16857142857142857,21.842857142857145,50.55714285714286,5270.65,128,Hopper-v5,6198,Trial_7
700.9975724220276,130,532480,527.2550955587391,1040.6930482777457,39.04178802235637,267.48,346,0.014859191013651967,-3.0,0.99,4.711170237900359e-05,0.000344169920488444,0.0003,-159.72593688964844,0.439760684967041,-0.8889337778091431,0.08718612045049667,-2.4397101402282715,-3.0,158.98175048828125,322.35052490234375,3.0986287593841553,2.1198959350585938,7.173565864562988,1.0,-159.72593688964844,0.439760684967041,-0.8889337778091431,0.08718612045049667,-2.4397101402282715,-3.0,158.98175048828125,322.35052490234375,3.0986287593841553,346.0,346.0,0.0,0.014859191013651967,0.014859191013651967,0.0,4.711170237900359e-05,4.711170237900359e-05,0.0,0.000344169920488444,0.000344169920488444,0.0,0.0003,0.0003,0.0,-3.0,-3.0,0.0,0.0,0.1814285714285714,21.357142857142858,50.71428571428572,5264.726,129,Hopper-v5,6198,Trial_7
706.6414186954498,131,536576,520.2314862166654,1040.6930482777457,39.04178802235637,251.39,346,0.014859191013651967,-3.0,0.99,4.711170237900359e-05,0.000344169920488444,0.0003,-156.03765869140625,0.5021339654922485,0.8853664398193359,0.08609607070684433,-2.452291488647461,-3.0,154.961181640625,336.4075622558594,6.22169303894043,2.0528182983398438,13.183260917663574,1.0,-156.03765869140625,0.5021339654922485,0.8853664398193359,0.08609607070684433,-2.452291488647461,-3.0,154.961181640625,336.4075622558594,6.22169303894043,346.0,346.0,0.0,0.014859191013651967,0.014859191013651967,0.0,4.711170237900359e-05,4.711170237900359e-05,0.0,0.000344169920488444,0.000344169920488444,0.0,0.0003,0.0003,0.0,-3.0,-3.0,0.0,0.0,0.2314285714285714,21.6,50.58571428571428,5297.055,130,Hopper-v5,6198,Trial_7
711.6820731163025,132,540672,555.7507886734917,1040.6930482777457,62.3355778034665,232.13,346,0.014859191013651967,-3.0,0.99,4.711170237900359e-05,0.000344169920488444,0.0003,-154.75863647460938,0.555986225605011,-0.265280544757843,0.08470252901315689,-2.4686098098754883,-3.0,154.2040252685547,297.3082580566406,3.7659597396850586,2.01763916015625,11.80562686920166,1.0,-154.75863647460938,0.555986225605011,-0.265280544757843,0.08470252901315689,-2.4686098098754883,-3.0,154.2040252685547,297.3082580566406,3.7659597396850586,346.0,346.0,0.0,0.014859191013651967,0.014859191013651967,0.0,4.711170237900359e-05,4.711170237900359e-05,0.0,0.000344169920488444,0.000344169920488444,0.0,0.0003,0.0003,0.0,-3.0,-3.0,0.0,0.0,0.20999999999999996,21.814285714285717,50.5,5286.607,131,Hopper-v5,6198,Trial_7
716.7912378311157,133,544768,557.1530872308139,1040.6930482777457,411.7695721268755,211.0,346,0.014859191013651967,-3.0,0.99,4.711170237900359e-05,0.000344169920488444,0.0003,-168.82791137695312,0.40870869159698486,-0.7387972474098206,0.08336377888917923,-2.484541416168213,-3.0,168.112060546875,316.5651550292969,9.714837074279785,1.9953346252441406,7.914429187774658,1.0,-168.82791137695312,0.40870869159698486,-0.7387972474098206,0.08336377888917923,-2.484541416168213,-3.0,168.112060546875,316.5651550292969,9.714837074279785,346.0,346.0,0.0,0.014859191013651967,0.014859191013651967,0.0,4.711170237900359e-05,4.711170237900359e-05,0.0,0.000344169920488444,0.000344169920488444,0.0,0.0003,0.0003,0.0,-3.0,-3.0,0.0,0.0,0.22714285714285715,21.47142857142857,50.614285714285714,5264.021,132,Hopper-v5,6198,Trial_7
721.8681843280792,134,548864,534.5901131745528,837.4205687664821,411.7695721268755,185.03,346,0.014859191013651967,-3.0,0.99,4.711170237900359e-05,0.000344169920488444,0.0003,-161.27294921875,0.5714682340621948,-1.3253990411758423,0.08211610466241837,-2.4996211528778076,-3.0,160.5449676513672,298.51678466796875,6.7082414627075195,2.08013916015625,9.061361312866211,1.0,-161.27294921875,0.5714682340621948,-1.3253990411758423,0.08211610466241837,-2.4996211528778076,-3.0,160.5449676513672,298.51678466796875,6.7082414627075195,346.0,346.0,0.0,0.014859191013651967,0.014859191013651967,0.0,4.711170237900359e-05,4.711170237900359e-05,0.0,0.000344169920488444,0.000344169920488444,0.0,0.0003,0.0003,0.0,-3.0,-3.0,0.0,0.0,0.21285714285714286,21.257142857142856,50.58571428571429,5204.388,133,Hopper-v5,6198,Trial_7
726.9827008247375,135,552960,536.4227996696376,657.3017835693881,440.3750639752587,181.62,346,0.014859191013651967,-3.0,0.99,4.711170237900359e-05,0.000344169920488444,0.0003,-164.30313110351562,0.4467378556728363,0.14308321475982666,0.08101749420166016,-2.513090133666992,-3.0,163.58206176757812,341.3719787597656,1.5136151313781738,2.017131805419922,7.8515777587890625,1.0,-164.30313110351562,0.4467378556728363,0.14308321475982666,0.08101749420166016,-2.513090133666992,-3.0,163.58206176757812,341.3719787597656,1.5136151313781738,346.0,346.0,0.0,0.014859191013651967,0.014859191013651967,0.0,4.711170237900359e-05,4.711170237900359e-05,0.0,0.000344169920488444,0.000344169920488444,0.0,0.0003,0.0003,0.0,-3.0,-3.0,0.0,0.0,0.2557142857142857,21.3,50.45714285714286,5188.644,134,Hopper-v5,6198,Trial_7
732.1652665138245,136,557056,528.2333925500903,657.3017835693881,452.2352457736167,178.95,346,0.014859191013651967,-3.0,0.99,4.711170237900359e-05,0.000344169920488444,0.0003,-162.17864990234375,0.4336114525794983,-0.5998402833938599,0.07980914413928986,-2.5281171798706055,-3.0,161.22283935546875,302.2786865234375,3.9208881855010986,1.9521408081054688,8.498106002807617,1.0,-162.17864990234375,0.4336114525794983,-0.5998402833938599,0.07980914413928986,-2.5281171798706055,-3.0,161.22283935546875,302.2786865234375,3.9208881855010986,346.0,346.0,0.0,0.014859191013651967,0.014859191013651967,0.0,4.711170237900359e-05,4.711170237900359e-05,0.0,0.000344169920488444,0.000344169920488444,0.0,0.0003,0.0003,0.0,-3.0,-3.0,0.0,0.0,0.21428571428571427,21.8,50.5,5170.068,135,Hopper-v5,6198,Trial_7
737.5439541339874,137,561152,523.2701023484136,624.3974317593251,452.2352457736167,176.98,346,0.014859191013651967,-3.0,0.99,4.711170237900359e-05,0.000344169920488444,0.0003,-174.41607666015625,0.5617011785507202,-0.07247072458267212,0.0786760076880455,-2.542417049407959,-3.0,173.66436767578125,358.4062194824219,4.160259246826172,1.9766578674316406,10.668420791625977,1.0,-174.41607666015625,0.5617011785507202,-0.07247072458267212,0.0786760076880455,-2.542417049407959,-3.0,173.66436767578125,358.4062194824219,4.160259246826172,346.0,346.0,0.0,0.014859191013651967,0.014859191013651967,0.0,4.711170237900359e-05,4.711170237900359e-05,0.0,0.000344169920488444,0.000344169920488444,0.0,0.0003,0.0003,0.0,-3.0,-3.0,0.0,0.0,0.24571428571428575,22.157142857142855,50.61428571428572,5194.846,136,Hopper-v5,6198,Trial_7
743.1561563014984,138,565248,524.096583331225,624.3974317593251,452.2352457736167,176.71,346,0.014859191013651967,-3.0,0.99,4.711170237900359e-05,0.000344169920488444,0.0003,-167.2916717529297,0.5690228939056396,-0.5175707340240479,0.077752485871315,-2.554224729537964,-3.0,165.89947509765625,365.4558410644531,5.780086040496826,2.0316696166992188,18.304683685302734,1.0,-167.2916717529297,0.5690228939056396,-0.5175707340240479,0.077752485871315,-2.554224729537964,-3.0,165.89947509765625,365.4558410644531,5.780086040496826,346.0,346.0,0.0,0.014859191013651967,0.014859191013651967,0.0,4.711170237900359e-05,4.711170237900359e-05,0.0,0.000344169920488444,0.000344169920488444,0.0,0.0003,0.0003,0.0,-3.0,-3.0,0.0,0.0,0.23571428571428574,21.285714285714285,50.614285714285714,5251.384,137,Hopper-v5,6198,Trial_7
748.2179312705994,139,569344,534.0059776009779,599.2278873312697,452.2352457736167,179.11,346,0.014859191013651967,-3.0,0.99,4.711170237900359e-05,0.000344169920488444,0.0003,-175.39199829101562,0.5951629877090454,-1.065123438835144,0.07689963281154633,-2.5652542114257812,-3.0,174.18136596679688,289.5404052734375,7.490243434906006,1.8582611083984375,26.46491050720215,1.0,-175.39199829101562,0.5951629877090454,-1.065123438835144,0.07689963281154633,-2.5652542114257812,-3.0,174.18136596679688,289.5404052734375,7.490243434906006,346.0,346.0,0.0,0.014859191013651967,0.014859191013651967,0.0,4.711170237900359e-05,4.711170237900359e-05,0.0,0.000344169920488444,0.000344169920488444,0.0,0.0003,0.0003,0.0,-3.0,-3.0,0.0,0.0,0.22857142857142856,21.9,50.84285714285715,5226.983,138,Hopper-v5,6198,Trial_7
753.346334695816,140,573440,550.8486279038194,609.5403090117454,452.2352457736167,183.39,346,0.014859191013651967,-3.0,0.99,4.711170237900359e-05,0.000344169920488444,0.0003,-171.08489990234375,0.5386168956756592,-3.1120564937591553,0.07587529718875885,-2.5786640644073486,-3.0,170.24217224121094,375.2076416015625,1.0937154293060303,2.110210418701172,16.623746871948242,1.0,-171.08489990234375,0.5386168956756592,-3.1120564937591553,0.07587529718875885,-2.5786640644073486,-3.0,170.24217224121094,375.2076416015625,1.0937154293060303,346.0,346.0,0.0,0.014859191013651967,0.014859191013651967,0.0,4.711170237900359e-05,4.711170237900359e-05,0.0,0.000344169920488444,0.000344169920488444,0.0,0.0003,0.0003,0.0,-3.0,-3.0,0.0,0.0,0.2885714285714286,21.62857142857143,50.64285714285715,5224.176,139,Hopper-v5,6198,Trial_7
758.4664134979248,141,577536,567.47455581016,609.5403090117454,474.07180679660206,187.52,346,0.014859191013651967,-3.0,0.99,4.711170237900359e-05,0.000344169920488444,0.0003,-175.8812255859375,0.5532692670822144,-3.662081718444824,0.0747612863779068,-2.5934550762176514,-3.0,175.3917236328125,336.6353454589844,6.294087886810303,1.9610366821289062,15.620437622070312,1.0,-175.8812255859375,0.5532692670822144,-3.662081718444824,0.0747612863779068,-2.5934550762176514,-3.0,175.3917236328125,336.6353454589844,6.294087886810303,346.0,346.0,0.0,0.014859191013651967,0.014859191013651967,0.0,4.711170237900359e-05,4.711170237900359e-05,0.0,0.000344169920488444,0.000344169920488444,0.0,0.0003,0.0003,0.0,-3.0,-3.0,0.0,0.0,0.22142857142857145,21.214285714285715,50.67142857142857,5171.917,140,Hopper-v5,6198,Trial_7
763.6176097393036,142,581632,572.3006282635941,609.5403090117454,478.8651401988548,188.67,346,0.014859191013651967,-3.0,0.99,4.711170237900359e-05,0.000344169920488444,0.0003,-182.49293518066406,0.49424129724502563,0.5270143747329712,0.07346680760383606,-2.610921621322632,-3.0,181.97073364257812,382.8411560058594,11.962106704711914,1.9698333740234375,12.4622163772583,1.0,-182.49293518066406,0.49424129724502563,0.5270143747329712,0.07346680760383606,-2.610921621322632,-3.0,181.97073364257812,382.8411560058594,11.962106704711914,346.0,346.0,0.0,0.014859191013651967,0.014859191013651967,0.0,4.711170237900359e-05,4.711170237900359e-05,0.0,0.000344169920488444,0.000344169920488444,0.0,0.0003,0.0003,0.0,-3.0,-3.0,0.0,0.0,0.21285714285714286,21.9,50.71428571428571,5182.999,141,Hopper-v5,6198,Trial_7
768.8576817512512,143,585728,570.6568694293907,609.5403090117454,525.3718214970768,188.25,346,0.014859191013651967,-3.0,0.99,4.711170237900359e-05,0.000344169920488444,0.0003,-169.21286010742188,0.6009699702262878,-1.4555567502975464,0.07257277518510818,-2.6231653690338135,-3.0,169.039794921875,345.1188659667969,7.856485366821289,2.1000289916992188,20.830387115478516,1.0,-169.21286010742188,0.6009699702262878,-1.4555567502975464,0.07257277518510818,-2.6231653690338135,-3.0,169.039794921875,345.1188659667969,7.856485366821289,346.0,346.0,0.0,0.014859191013651967,0.014859191013651967,0.0,4.711170237900359e-05,4.711170237900359e-05,0.0,0.000344169920488444,0.000344169920488444,0.0,0.0003,0.0003,0.0,-3.0,-3.0,0.0,0.0,0.20999999999999996,22.685714285714287,50.44285714285714,5196.128,142,Hopper-v5,6198,Trial_7
774.1271378993988,144,589824,562.9642402342485,609.5403090117454,521.9187853230203,186.44,346,0.014859191013651967,-3.0,0.99,4.711170237900359e-05,0.000344169920488444,0.0003,-174.38543701171875,0.7053595781326294,-1.2970104217529297,0.0712592750787735,-2.641430377960205,-3.0,173.4711151123047,363.59515380859375,3.881411552429199,2.0876522064208984,32.901817321777344,1.0,-174.38543701171875,0.7053595781326294,-1.2970104217529297,0.0712592750787735,-2.641430377960205,-3.0,173.4711151123047,363.59515380859375,3.881411552429199,346.0,346.0,0.0,0.014859191013651967,0.014859191013651967,0.0,4.711170237900359e-05,4.711170237900359e-05,0.0,0.000344169920488444,0.000344169920488444,0.0,0.0003,0.0003,0.0,-3.0,-3.0,0.0,0.0,0.1957142857142857,21.77142857142857,50.65714285714285,5215.478,143,Hopper-v5,6198,Trial_7
779.7970554828644,145,593920,552.6532285077528,603.3410082939503,521.9187853230203,184.6,346,0.014859191013651967,-3.0,0.99,4.711170237900359e-05,0.000344169920488444,0.0003,-183.28585815429688,0.7614713907241821,1.8020753860473633,0.06973063945770264,-2.6631155014038086,-3.0,182.9729461669922,366.7898864746094,18.664518356323242,1.92333984375,42.096933364868164,1.0,-183.28585815429688,0.7614713907241821,1.8020753860473633,0.06973063945770264,-2.6631155014038086,-3.0,182.9729461669922,366.7898864746094,18.664518356323242,346.0,346.0,0.0,0.014859191013651967,0.014859191013651967,0.0,4.711170237900359e-05,4.711170237900359e-05,0.0,0.000344169920488444,0.000344169920488444,0.0,0.0003,0.0003,0.0,-3.0,-3.0,0.0,0.0,0.2275,21.5,50.725,5271.154,144,Hopper-v5,6198,Trial_7
785.0167934894562,146,598016,546.653489127527,591.9173755737629,521.9187853230203,184.4,346,0.014859191013651967,-3.0,0.99,4.711170237900359e-05,0.000344169920488444,0.0003,-176.14060974121094,0.7742999196052551,-4.673460006713867,0.0681627169251442,-2.6858575344085693,-3.0,175.72357177734375,365.7989196777344,12.738786697387695,1.9175186157226562,42.351898193359375,1.0,-176.14060974121094,0.7742999196052551,-4.673460006713867,0.0681627169251442,-2.6858575344085693,-3.0,175.72357177734375,365.7989196777344,12.738786697387695,346.0,346.0,0.0,0.014859191013651967,0.014859191013651967,0.0,4.711170237900359e-05,4.711170237900359e-05,0.0,0.000344169920488444,0.000344169920488444,0.0,0.0003,0.0003,0.0,-3.0,-3.0,0.0,0.0,0.2414285714285714,21.585714285714285,50.68571428571429,5274.829,145,Hopper-v5,6198,Trial_7
790.1178946495056,147,602112,546.7580077116734,574.1960502078508,521.9187853230203,184.88,346,0.014859191013651967,-3.0,0.99,4.711170237900359e-05,0.000344169920488444,0.0003,-188.2292022705078,0.7046006321907043,-2.8379504680633545,0.06698788702487946,-2.7032434940338135,-3.0,187.75160217285156,378.7601318359375,1.7823399305343628,2.0659751892089844,36.77150630950928,1.0,-188.2292022705078,0.7046006321907043,-2.8379504680633545,0.06698788702487946,-2.7032434940338135,-3.0,187.75160217285156,378.7601318359375,1.7823399305343628,346.0,346.0,0.0,0.014859191013651967,0.014859191013651967,0.0,4.711170237900359e-05,4.711170237900359e-05,0.0,0.000344169920488444,0.000344169920488444,0.0,0.0003,0.0003,0.0,-3.0,-3.0,0.0,0.0,0.2542857142857143,21.385714285714283,50.67142857142857,5247.027,146,Hopper-v5,6198,Trial_7
795.3452925682068,148,606208,551.5260285327587,601.5473956689112,521.9187853230203,186.5,346,0.014859191013651967,-3.0,0.99,4.711170237900359e-05,0.000344169920488444,0.0003,-183.822265625,0.6869617700576782,1.4755785465240479,0.06562543660402298,-2.7237918376922607,-3.0,183.53460693359375,373.6896667480469,7.420777797698975,2.128690719604492,34.085561752319336,1.0,-183.822265625,0.6869617700576782,1.4755785465240479,0.06562543660402298,-2.7237918376922607,-3.0,183.53460693359375,373.6896667480469,7.420777797698975,346.0,346.0,0.0,0.014859191013651967,0.014859191013651967,0.0,4.711170237900359e-05,4.711170237900359e-05,0.0,0.000344169920488444,0.000344169920488444,0.0,0.0003,0.0003,0.0,-3.0,-3.0,0.0,0.0,0.27571428571428575,22.071428571428573,50.62857142857143,5208.671,147,Hopper-v5,6198,Trial_7
800.4879996776581,149,610304,561.9720581519373,603.5509735308068,532.5789786784298,189.17,346,0.014859191013651967,-3.0,0.99,4.711170237900359e-05,0.000344169920488444,0.0003,-191.256591796875,0.6409972906112671,0.4091440439224243,0.06424058973789215,-2.745120048522949,-3.0,190.70416259765625,333.7235412597656,3.91573166847229,2.1863479614257812,23.738183975219727,1.0,-191.256591796875,0.6409972906112671,0.4091440439224243,0.06424058973789215,-2.745120048522949,-3.0,190.70416259765625,333.7235412597656,3.91573166847229,346.0,346.0,0.0,0.014859191013651967,0.014859191013651967,0.0,4.711170237900359e-05,4.711170237900359e-05,0.0,0.000344169920488444,0.000344169920488444,0.0,0.0003,0.0003,0.0,-3.0,-3.0,0.0,0.0,0.24857142857142858,21.757142857142856,50.71428571428572,5216.267,148,Hopper-v5,6198,Trial_7
805.6541275978088,150,614400,568.0370848450447,603.5509735308068,540.1752675462424,190.38,346,0.014859191013651967,-3.0,0.99,4.711170237900359e-05,0.000344169920488444,0.0003,-192.43966674804688,0.7821404933929443,-4.1576948165893555,0.06331130117177963,-2.7596914768218994,-3.0,191.86407470703125,361.1713562011719,6.132992267608643,2.0752601623535156,38.64280319213867,1.0,-192.43966674804688,0.7821404933929443,-4.1576948165893555,0.06331130117177963,-2.7596914768218994,-3.0,191.86407470703125,361.1713562011719,6.132992267608643,346.0,346.0,0.0,0.014859191013651967,0.014859191013651967,0.0,4.711170237900359e-05,4.711170237900359e-05,0.0,0.000344169920488444,0.000344169920488444,0.0,0.0003,0.0003,0.0,-3.0,-3.0,0.0,0.0,0.24857142857142858,21.45714285714286,50.75714285714286,5219.878,149,Hopper-v5,6198,Trial_7
810.7338283061981,151,618496,575.480704445804,603.5509735308068,545.7264683809381,191.86,346,0.014859191013651967,-3.0,0.99,4.711170237900359e-05,0.000344169920488444,0.0003,-183.7568817138672,0.6400054097175598,-7.865347862243652,0.06245787441730499,-2.7732629776000977,-3.0,183.43296813964844,353.9526672363281,18.9486083984375,2.088451385498047,28.565321922302246,1.0,-183.7568817138672,0.6400054097175598,-7.865347862243652,0.06245787441730499,-2.7732629776000977,-3.0,183.43296813964844,353.9526672363281,18.9486083984375,346.0,346.0,0.0,0.014859191013651967,0.014859191013651967,0.0,4.711170237900359e-05,4.711170237900359e-05,0.0,0.000344169920488444,0.000344169920488444,0.0,0.0003,0.0003,0.0,-3.0,-3.0,0.0,0.0,0.22428571428571425,21.8,50.699999999999996,5215.921,150,Hopper-v5,6198,Trial_7
816.356791973114,152,622592,580.7142615455315,603.5509735308068,553.6649037039127,193.9,346,0.014859191013651967,-3.0,0.99,4.711170237900359e-05,0.000344169920488444,0.0003,-199.18124389648438,0.753666341304779,-1.6629225015640259,0.061655204743146896,-2.7861976623535156,-3.0,198.46224975585938,366.4375,19.54743766784668,1.8879165649414062,35.79779815673828,1.0,-199.18124389648438,0.753666341304779,-1.6629225015640259,0.061655204743146896,-2.7861976623535156,-3.0,198.46224975585938,366.4375,19.54743766784668,346.0,346.0,0.0,0.014859191013651967,0.014859191013651967,0.0,4.711170237900359e-05,4.711170237900359e-05,0.0,0.000344169920488444,0.000344169920488444,0.0,0.0003,0.0003,0.0,-3.0,-3.0,0.0,0.0,0.21125,21.025,50.650000000000006,5263.003,151,Hopper-v5,6198,Trial_7
821.6380338668823,153,626688,582.9002894036523,603.5509735308068,573.5027479862069,195.15,346,0.014859191013651967,-3.0,0.99,4.711170237900359e-05,0.000344169920488444,0.0003,-191.18414306640625,0.9021070003509521,1.3825812339782715,0.06098128482699394,-2.7971882820129395,-3.0,190.66140747070312,367.72064208984375,0.9682327508926392,2.132396697998047,50.848172187805176,1.0,-191.18414306640625,0.9021070003509521,1.3825812339782715,0.06098128482699394,-2.7971882820129395,-3.0,190.66140747070312,367.72064208984375,0.9682327508926392,346.0,346.0,0.0,0.014859191013651967,0.014859191013651967,0.0,4.711170237900359e-05,4.711170237900359e-05,0.0,0.000344169920488444,0.000344169920488444,0.0,0.0003,0.0003,0.0,-3.0,-3.0,0.0,0.0,0.28,21.24285714285714,50.71428571428571,5266.742,152,Hopper-v5,6198,Trial_7
826.8389105796814,154,630784,582.625249247202,600.0703849882783,572.9021576809513,196.24,346,0.014859191013651967,-3.0,0.99,4.711170237900359e-05,0.000344169920488444,0.0003,-204.08123779296875,0.679994523525238,-0.10933423042297363,0.060477301478385925,-2.8054871559143066,-3.0,203.33563232421875,364.73876953125,34.57984161376953,1.7760181427001953,20.674452781677246,1.0,-204.08123779296875,0.679994523525238,-0.10933423042297363,0.060477301478385925,-2.8054871559143066,-3.0,203.33563232421875,364.73876953125,34.57984161376953,346.0,346.0,0.0,0.014859191013651967,0.014859191013651967,0.0,4.711170237900359e-05,4.711170237900359e-05,0.0,0.000344169920488444,0.000344169920488444,0.0,0.0003,0.0003,0.0,-3.0,-3.0,0.0,0.0,0.25142857142857145,22.028571428571432,50.68571428571429,5259.577,153,Hopper-v5,6198,Trial_7
832.0573697090149,155,634880,582.5046091857159,600.0703849882783,572.9021576809513,197.11,346,0.014859191013651967,-3.0,0.99,4.711170237900359e-05,0.000344169920488444,0.0003,-198.04673767089844,0.6027694940567017,-2.068619728088379,0.06008562073111534,-2.8119847774505615,-3.0,197.30162048339844,342.36383056640625,9.9532470703125,2.0893287658691406,26.882003784179688,1.0,-198.04673767089844,0.6027694940567017,-2.068619728088379,0.06008562073111534,-2.8119847774505615,-3.0,197.30162048339844,342.36383056640625,9.9532470703125,346.0,346.0,0.0,0.014859191013651967,0.014859191013651967,0.0,4.711170237900359e-05,4.711170237900359e-05,0.0,0.000344169920488444,0.000344169920488444,0.0,0.0003,0.0003,0.0,-3.0,-3.0,0.0,0.0,0.22714285714285712,21.17142857142857,50.64285714285715,5214.212,154,Hopper-v5,6198,Trial_7
837.2516305446625,156,638976,583.4572601975458,601.4276214518608,572.9021576809513,198.01,346,0.014859191013651967,-3.0,0.99,4.711170237900359e-05,0.000344169920488444,0.0003,-199.96630859375,0.5465526580810547,2.8224058151245117,0.06004294380545616,-2.812695264816284,-3.0,198.96942138671875,324.9378356933594,10.595489501953125,1.8655319213867188,34.30743980407715,1.0,-199.96630859375,0.5465526580810547,2.8224058151245117,0.06004294380545616,-2.812695264816284,-3.0,198.96942138671875,324.9378356933594,10.595489501953125,346.0,346.0,0.0,0.014859191013651967,0.014859191013651967,0.0,4.711170237900359e-05,4.711170237900359e-05,0.0,0.000344169920488444,0.000344169920488444,0.0,0.0003,0.0003,0.0,-3.0,-3.0,0.0,0.0,0.25111111111111106,19.877777777777776,50.711111111111116,5211.629,155,Hopper-v5,6198,Trial_7
842.420823097229,157,643072,585.3916685277128,601.4276214518608,572.9021576809513,199.29,346,0.014859191013651967,-3.0,0.99,4.711170237900359e-05,0.000344169920488444,0.0003,-196.9290008544922,0.545299768447876,-3.5711793899536133,0.059857215732336044,-2.81579327583313,-3.0,196.27842712402344,351.1146240234375,2.7604737281799316,2.0412216186523438,35.367807388305664,1.0,-196.9290008544922,0.545299768447876,-3.5711793899536133,0.059857215732336044,-2.81579327583313,-3.0,196.27842712402344,351.1146240234375,2.7604737281799316,346.0,346.0,0.0,0.014859191013651967,0.014859191013651967,0.0,4.711170237900359e-05,4.711170237900359e-05,0.0,0.000344169920488444,0.000344169920488444,0.0,0.0003,0.0003,0.0,-3.0,-3.0,0.0,0.0,0.22571428571428573,21.61428571428572,50.74285714285714,5218.562,156,Hopper-v5,6198,Trial_7
847.4923806190491,158,647168,587.0040472200036,612.1994371534719,572.9021576809513,200.17,346,0.014859191013651967,-3.0,0.99,4.711170237900359e-05,0.000344169920488444,0.0003,-201.75823974609375,0.639555811882019,-0.4145220220088959,0.05963761731982231,-2.8194687366485596,-3.0,201.01051330566406,350.06610107421875,12.372360229492188,2.4521636962890625,28.671850204467773,1.0,-201.75823974609375,0.639555811882019,-0.4145220220088959,0.05963761731982231,-2.8194687366485596,-3.0,201.01051330566406,350.06610107421875,12.372360229492188,346.0,346.0,0.0,0.014859191013651967,0.014859191013651967,0.0,4.711170237900359e-05,4.711170237900359e-05,0.0,0.000344169920488444,0.000344169920488444,0.0,0.0003,0.0003,0.0,-3.0,-3.0,0.0,0.0,0.2214285714285714,21.32857142857143,50.728571428571435,5202.626,157,Hopper-v5,6198,Trial_7
853.2794134616852,159,651264,590.4689842288363,620.4722154185379,575.5042097496842,201.83,346,0.014859191013651967,-3.0,0.99,4.711170237900359e-05,0.000344169920488444,0.0003,-206.01513671875,0.5333667993545532,3.1686320304870605,0.059644412249326706,-2.819354772567749,-3.0,204.9815673828125,353.4654846191406,36.30725860595703,2.170604705810547,20.74284076690674,1.0,-206.01513671875,0.5333667993545532,3.1686320304870605,0.059644412249326706,-2.819354772567749,-3.0,204.9815673828125,353.4654846191406,36.30725860595703,346.0,346.0,0.0,0.014859191013651967,0.014859191013651967,0.0,4.711170237900359e-05,4.711170237900359e-05,0.0,0.000344169920488444,0.000344169920488444,0.0,0.0003,0.0003,0.0,-3.0,-3.0,0.0,0.0,0.20285714285714285,21.485714285714288,50.785714285714285,5267.569,158,Hopper-v5,6198,Trial_7
858.529402256012,160,655360,595.7846954760977,620.4722154185379,583.2373872316888,204.24,346,0.014859191013651967,-3.0,0.99,4.711170237900359e-05,0.000344169920488444,0.0003,-205.795654296875,0.6008296012878418,-1.8773236274719238,0.05935453996062279,-2.8242266178131104,-3.0,204.6092529296875,346.0706787109375,18.230579376220703,2.181224822998047,29.764623641967773,1.0,-205.795654296875,0.6008296012878418,-1.8773236274719238,0.05935453996062279,-2.8242266178131104,-3.0,204.6092529296875,346.0706787109375,18.230579376220703,346.0,346.0,0.0,0.014859191013651967,0.014859191013651967,0.0,4.711170237900359e-05,4.711170237900359e-05,0.0,0.000344169920488444,0.000344169920488444,0.0,0.0003,0.0003,0.0,-3.0,-3.0,0.0,0.0,0.21857142857142858,22.071428571428573,50.7,5275.833,159,Hopper-v5,6198,Trial_7
863.5447509288788,161,659456,596.9101519873216,620.4722154185379,583.2373872316888,204.69,346,0.014859191013651967,-3.0,0.99,4.711170237900359e-05,0.000344169920488444,0.0003,-208.9220733642578,0.4647599160671234,-1.9943066835403442,0.059237461537122726,-2.8262012004852295,-3.0,207.82232666015625,340.55145263671875,7.797326564788818,1.9821243286132812,16.324451446533203,1.0,-208.9220733642578,0.4647599160671234,-1.9943066835403442,0.059237461537122726,-2.8262012004852295,-3.0,207.82232666015625,340.55145263671875,7.797326564788818,346.0,346.0,0.0,0.014859191013651967,0.014859191013651967,0.0,4.711170237900359e-05,4.711170237900359e-05,0.0,0.000344169920488444,0.000344169920488444,0.0,0.0003,0.0003,0.0,-3.0,-3.0,0.0,0.0,0.22999999999999998,21.642857142857142,50.785714285714285,5269.199,160,Hopper-v5,6198,Trial_7
868.7193403244019,162,663552,597.507063565236,620.4722154185379,583.2373872316888,204.17,346,0.014859191013651967,-3.0,0.99,4.711170237900359e-05,0.000344169920488444,0.0003,-207.4485321044922,0.5189022421836853,0.6177862882614136,0.05905664712190628,-2.8292582035064697,-3.0,206.77377319335938,335.81182861328125,26.768491744995117,1.7826652526855469,30.979110717773438,1.0,-207.4485321044922,0.5189022421836853,0.6177862882614136,0.05905664712190628,-2.8292582035064697,-3.0,206.77377319335938,335.81182861328125,26.768491744995117,346.0,346.0,0.0,0.014859191013651967,0.014859191013651967,0.0,4.711170237900359e-05,4.711170237900359e-05,0.0,0.000344169920488444,0.000344169920488444,0.0,0.0003,0.0003,0.0,-3.0,-3.0,0.0,0.0,0.2357142857142857,21.28571428571429,50.88571428571429,5224.484,161,Hopper-v5,6198,Trial_7
873.9314653873444,163,667648,598.4470163264288,620.4722154185379,585.2162190637245,203.52,346,0.014859191013651967,-3.0,0.99,4.711170237900359e-05,0.000344169920488444,0.0003,-213.80345153808594,0.5103240609169006,-2.3406312465667725,0.05851692706346512,-2.8384392261505127,-3.0,212.99273681640625,335.3951110839844,7.5716023445129395,1.7930641174316406,24.14377212524414,1.0,-213.80345153808594,0.5103240609169006,-2.3406312465667725,0.05851692706346512,-2.8384392261505127,-3.0,212.99273681640625,335.3951110839844,7.5716023445129395,346.0,346.0,0.0,0.014859191013651967,0.014859191013651967,0.0,4.711170237900359e-05,4.711170237900359e-05,0.0,0.000344169920488444,0.000344169920488444,0.0,0.0003,0.0003,0.0,-3.0,-3.0,0.0,0.0,0.22571428571428573,21.985714285714288,50.81428571428571,5217.84,162,Hopper-v5,6198,Trial_7
879.188127040863,164,671744,597.5186333321858,610.2924787459269,585.2162190637245,202.23,346,0.014859191013651967,-3.0,0.99,4.711170237900359e-05,0.000344169920488444,0.0003,-211.92555236816406,0.6027737855911255,2.5626015663146973,0.05780641362071037,-2.8506555557250977,-3.0,211.17393493652344,328.28955078125,10.777216911315918,2.172882080078125,30.902933597564697,1.0,-211.92555236816406,0.6027737855911255,2.5626015663146973,0.05780641362071037,-2.8506555557250977,-3.0,211.17393493652344,328.28955078125,10.777216911315918,346.0,346.0,0.0,0.014859191013651967,0.014859191013651967,0.0,4.711170237900359e-05,4.711170237900359e-05,0.0,0.000344169920488444,0.000344169920488444,0.0,0.0003,0.0003,0.0,-3.0,-3.0,0.0,0.0,0.19142857142857142,21.41428571428571,50.72857142857142,5223.714,163,Hopper-v5,6198,Trial_7
884.4889998435974,165,675840,596.6982241718396,620.3702878973259,585.2162190637245,200.67,346,0.014859191013651967,-3.0,0.99,4.711170237900359e-05,0.000344169920488444,0.0003,-216.8516082763672,0.6170755624771118,-2.903933048248291,0.05722865089774132,-2.8607006072998047,-3.0,216.62872314453125,337.1043395996094,14.544633865356445,1.882110595703125,31.69733715057373,1.0,-216.8516082763672,0.6170755624771118,-2.903933048248291,0.05722865089774132,-2.8607006072998047,-3.0,216.62872314453125,337.1043395996094,14.544633865356445,346.0,346.0,0.0,0.014859191013651967,0.014859191013651967,0.0,4.711170237900359e-05,4.711170237900359e-05,0.0,0.000344169920488444,0.000344169920488444,0.0,0.0003,0.0003,0.0,-3.0,-3.0,0.0,0.0,0.1925,21.8625,50.7,5231.864,164,Hopper-v5,6198,Trial_7
890.2936110496521,166,679936,597.2233299555796,620.3702878973259,586.6850583375887,200.19,346,0.014859191013651967,-3.0,0.99,4.711170237900359e-05,0.000344169920488444,0.0003,-207.56280517578125,0.6031489968299866,-7.380281448364258,0.05644836276769638,-2.8744289875030518,-3.0,206.50030517578125,343.419189453125,10.16955280303955,1.9189376831054688,27.51633358001709,1.0,-207.56280517578125,0.6031489968299866,-7.380281448364258,0.05644836276769638,-2.8744289875030518,-3.0,206.50030517578125,343.419189453125,10.16955280303955,346.0,346.0,0.0,0.014859191013651967,0.014859191013651967,0.0,4.711170237900359e-05,4.711170237900359e-05,0.0,0.000344169920488444,0.000344169920488444,0.0,0.0003,0.0003,0.0,-3.0,-3.0,0.0,0.0,0.23,21.32857142857143,50.77142857142858,5292.42,165,Hopper-v5,6198,Trial_7
895.4768619537354,167,684032,599.6812844812745,633.0116850575715,586.6850583375887,200.26,346,0.014859191013651967,-3.0,0.99,4.711170237900359e-05,0.000344169920488444,0.0003,-215.89297485351562,0.37779557704925537,0.38731276988983154,0.055373936891555786,-2.893646240234375,-3.0,215.54666137695312,336.2979431152344,13.565598487854004,1.7219018936157227,13.33706283569336,1.0,-215.89297485351562,0.37779557704925537,0.38731276988983154,0.055373936891555786,-2.893646240234375,-3.0,215.54666137695312,336.2979431152344,13.565598487854004,346.0,346.0,0.0,0.014859191013651967,0.014859191013651967,0.0,4.711170237900359e-05,4.711170237900359e-05,0.0,0.000344169920488444,0.000344169920488444,0.0,0.0003,0.0003,0.0,-3.0,-3.0,0.0,0.0,0.2414285714285714,21.342857142857138,50.74285714285714,5293.912,166,Hopper-v5,6198,Trial_7
900.6086828708649,168,688128,603.9618198280517,643.408411285072,549.173093015556,200.74,346,0.014859191013651967,-3.0,0.99,4.711170237900359e-05,0.000344169920488444,0.0003,-211.94088745117188,0.44405922293663025,-2.29111385345459,0.05480216443538666,-2.9040255546569824,-3.0,211.34707641601562,325.3199462890625,13.515556335449219,1.764638900756836,23.18613052368164,1.0,-211.94088745117188,0.44405922293663025,-2.29111385345459,0.05480216443538666,-2.9040255546569824,-3.0,211.34707641601562,325.3199462890625,13.515556335449219,346.0,346.0,0.0,0.014859191013651967,0.014859191013651967,0.0,4.711170237900359e-05,4.711170237900359e-05,0.0,0.000344169920488444,0.000344169920488444,0.0,0.0003,0.0003,0.0,-3.0,-3.0,0.0,0.0,0.22,21.285714285714285,50.67142857142858,5300.255,167,Hopper-v5,6198,Trial_7
905.7567102909088,169,692224,600.338608435755,644.9374004618876,441.8348062874101,199.33,346,0.014859191013651967,-3.0,0.99,4.711170237900359e-05,0.000344169920488444,0.0003,-217.54226684570312,0.45065316557884216,-1.07632577419281,0.05399825796484947,-2.9188034534454346,-3.0,217.18222045898438,332.3283996582031,21.37557601928711,1.7722091674804688,19.471513748168945,1.0,-217.54226684570312,0.45065316557884216,-1.07632577419281,0.05399825796484947,-2.9188034534454346,-3.0,217.18222045898438,332.3283996582031,21.37557601928711,346.0,346.0,0.0,0.014859191013651967,0.014859191013651967,0.0,4.711170237900359e-05,4.711170237900359e-05,0.0,0.000344169920488444,0.000344169920488444,0.0,0.0003,0.0003,0.0,-3.0,-3.0,0.0,0.0,0.1842857142857143,21.542857142857144,50.74285714285714,5236.336,168,Hopper-v5,6198,Trial_7
910.9106812477112,170,696320,596.1650304878626,652.6058793247211,441.8348062874101,198.16,346,0.014859191013651967,-3.0,0.99,4.711170237900359e-05,0.000344169920488444,0.0003,-215.39093017578125,0.46841225028038025,-1.167482852935791,0.05309915542602539,-2.935594320297241,-3.0,215.14120483398438,330.4459228515625,19.677927017211914,1.8337326049804688,16.49451446533203,1.0,-215.39093017578125,0.46841225028038025,-1.167482852935791,0.05309915542602539,-2.935594320297241,-3.0,215.14120483398438,330.4459228515625,19.677927017211914,346.0,346.0,0.0,0.014859191013651967,0.014859191013651967,0.0,4.711170237900359e-05,4.711170237900359e-05,0.0,0.000344169920488444,0.000344169920488444,0.0,0.0003,0.0003,0.0,-3.0,-3.0,0.0,0.0,0.21857142857142858,22.228571428571428,50.614285714285714,5226.953,169,Hopper-v5,6198,Trial_7
916.0431916713715,171,700416,602.5299456560388,714.7732978025954,441.8348062874101,201.44,346,0.014859191013651967,-3.0,0.99,4.711170237900359e-05,0.000344169920488444,0.0003,-208.9488067626953,0.44493550062179565,0.9798777103424072,0.05210552737116814,-2.954484224319458,-3.0,208.546142578125,323.5558166503906,19.724979400634766,1.7149391174316406,23.023329734802246,1.0,-208.9488067626953,0.44493550062179565,0.9798777103424072,0.05210552737116814,-2.954484224319458,-3.0,208.546142578125,323.5558166503906,19.724979400634766,346.0,346.0,0.0,0.014859191013651967,0.014859191013651967,0.0,4.711170237900359e-05,4.711170237900359e-05,0.0,0.000344169920488444,0.000344169920488444,0.0,0.0003,0.0003,0.0,-3.0,-3.0,0.0,0.0,0.21250000000000002,21.8125,50.5875,5238.463,170,Hopper-v5,6198,Trial_7
921.4038238525391,172,704512,593.862630308022,765.4634324328882,441.8348062874101,200.2,346,0.014859191013651967,-3.0,0.99,4.711170237900359e-05,0.000344169920488444,0.0003,-214.86416625976562,0.48073336482048035,-1.9661024808883667,0.051298774778842926,-2.970088481903076,-3.0,214.81472778320312,321.62286376953125,9.058106422424316,1.7900009155273438,26.371886730194092,1.0,-214.86416625976562,0.48073336482048035,-1.9661024808883667,0.051298774778842926,-2.970088481903076,-3.0,214.81472778320312,321.62286376953125,9.058106422424316,346.0,346.0,0.0,0.014859191013651967,0.014859191013651967,0.0,4.711170237900359e-05,4.711170237900359e-05,0.0,0.000344169920488444,0.000344169920488444,0.0,0.0003,0.0003,0.0,-3.0,-3.0,0.0,0.0,0.2171428571428571,22.957142857142852,50.61428571428572,5256.922,171,Hopper-v5,6198,Trial_7
927.2326276302338,173,708608,562.9041017661634,765.4634324328882,416.02983680142086,192.3,346,0.014859191013651967,-3.0,0.99,4.711170237900359e-05,0.000344169920488444,0.0003,-213.75656127929688,0.41822952032089233,-0.05272853374481201,0.0503605417907238,-2.9885473251342773,-3.0,213.21466064453125,315.8759460449219,5.956664085388184,1.5154075622558594,20.571029663085938,1.0,-213.75656127929688,0.41822952032089233,-0.05272853374481201,0.0503605417907238,-2.9885473251342773,-3.0,213.21466064453125,315.8759460449219,5.956664085388184,346.0,346.0,0.0,0.014859191013651967,0.014859191013651967,0.0,4.711170237900359e-05,4.711170237900359e-05,0.0,0.000344169920488444,0.000344169920488444,0.0,0.0003,0.0003,0.0,-3.0,-3.0,0.0,0.0,0.1957142857142857,21.142857142857142,50.75714285714286,5318.728,172,Hopper-v5,6198,Trial_7
932.5766160488129,174,712704,547.8832173117744,765.4634324328882,410.1119415260542,189.14,346,0.014859191013651967,-3.0,0.99,4.711170237900359e-05,0.000344169920488444,0.0003,-212.0908966064453,0.4463340640068054,1.2436559200286865,0.04949084296822548,-3.005967617034912,-3.0,211.45199584960938,321.0768737792969,6.586551189422607,1.7014999389648438,18.68460464477539,1.0,-212.0908966064453,0.4463340640068054,1.2436559200286865,0.04949084296822548,-3.005967617034912,-3.0,211.45199584960938,321.0768737792969,6.586551189422607,346.0,346.0,0.0,0.014859191013651967,0.014859191013651967,0.0,4.711170237900359e-05,4.711170237900359e-05,0.0,0.000344169920488444,0.000344169920488444,0.0,0.0003,0.0003,0.0,-3.0,-3.0,0.0,0.0,0.26285714285714284,21.4,50.728571428571435,5327.196,173,Hopper-v5,6198,Trial_7
937.8949482440948,175,716800,531.0303420153036,765.4634324328882,410.1119415260542,186.87,346,0.014859191013651967,-3.0,0.99,4.711170237900359e-05,0.000344169920488444,0.0003,-213.1728057861328,0.3915879726409912,-3.201415538787842,0.0487583763897419,-3.020878314971924,-3.0,212.37167358398438,320.90631103515625,4.586087226867676,1.5038070678710938,17.91441249847412,1.0,-213.1728057861328,0.3915879726409912,-3.201415538787842,0.0487583763897419,-3.020878314971924,-3.0,212.37167358398438,320.90631103515625,4.586087226867676,346.0,346.0,0.0,0.014859191013651967,0.014859191013651967,0.0,4.711170237900359e-05,4.711170237900359e-05,0.0,0.000344169920488444,0.000344169920488444,0.0,0.0003,0.0003,0.0,-3.0,-3.0,0.0,0.0,0.29375,21.75,50.725,5329.032,174,Hopper-v5,6198,Trial_7
943.156628370285,176,720896,512.9421972289065,712.5610106335523,395.4687672641346,187.17,346,0.014859191013651967,-3.0,0.99,4.711170237900359e-05,0.000344169920488444,0.0003,-214.99368286132812,0.49598562717437744,-3.2474007606506348,0.04850015044212341,-3.026188373565674,-3.0,213.80523681640625,316.8531799316406,5.9550065994262695,1.6971397399902344,18.93407440185547,1.0,-214.99368286132812,0.49598562717437744,-3.2474007606506348,0.04850015044212341,-3.026188373565674,-3.0,213.80523681640625,316.8531799316406,5.9550065994262695,346.0,346.0,0.0,0.014859191013651967,0.014859191013651967,0.0,4.711170237900359e-05,4.711170237900359e-05,0.0,0.000344169920488444,0.000344169920488444,0.0,0.0003,0.0003,0.0,-3.0,-3.0,0.0,0.0,0.23,21.328571428571426,50.699999999999996,5275.146,175,Hopper-v5,6198,Trial_7
948.377580165863,177,724992,517.9534464396098,1001.7554912689504,395.4687672641346,194.29,346,0.014859191013651967,-3.0,0.99,4.711170237900359e-05,0.000344169920488444,0.0003,-219.72264099121094,0.4190748333930969,-5.461773872375488,0.048571329563856125,-3.02472186088562,-3.0,218.69760131835938,317.31390380859375,10.994905471801758,1.5425949096679688,16.454608917236328,1.0,-219.72264099121094,0.4190748333930969,-5.461773872375488,0.048571329563856125,-3.02472186088562,-3.0,218.69760131835938,317.31390380859375,10.994905471801758,346.0,346.0,0.0,0.014859191013651967,0.014859191013651967,0.0,4.711170237900359e-05,4.711170237900359e-05,0.0,0.000344169920488444,0.000344169920488444,0.0,0.0003,0.0003,0.0,-3.0,-3.0,0.0,0.0,0.22999999999999998,21.757142857142856,50.557142857142864,5278.751,176,Hopper-v5,6198,Trial_7
953.6014022827148,178,729088,533.1082440626355,1011.241986023613,395.4687672641346,202.96,346,0.014859191013651967,-3.0,0.99,4.711170237900359e-05,0.000344169920488444,0.0003,-221.19305419921875,0.3546094596385956,0.250438928604126,0.048970919102430344,-3.016528606414795,-3.0,219.82260131835938,318.38238525390625,5.69126033782959,1.7397079467773438,13.264552116394043,1.0,-221.19305419921875,0.3546094596385956,0.250438928604126,0.048970919102430344,-3.016528606414795,-3.0,219.82260131835938,318.38238525390625,5.69126033782959,346.0,346.0,0.0,0.014859191013651967,0.014859191013651967,0.0,4.711170237900359e-05,4.711170237900359e-05,0.0,0.000344169920488444,0.000344169920488444,0.0,0.0003,0.0003,0.0,-3.0,-3.0,0.0,0.0,0.22571428571428573,21.800000000000004,50.642857142857146,5287.752,177,Hopper-v5,6198,Trial_7
959.3597483634949,179,733184,541.8655231362986,1011.241986023613,395.4687672641346,209.14,346,0.014859191013651967,-3.0,0.99,4.711170237900359e-05,0.000344169920488444,0.0003,-217.86141967773438,0.43591511249542236,1.2549740076065063,0.04957476258277893,-3.0042734146118164,-3.0,216.87814331054688,318.88897705078125,12.971531867980957,1.8480339050292969,19.2483491897583,1.0,-217.86141967773438,0.43591511249542236,1.2549740076065063,0.04957476258277893,-3.0042734146118164,-3.0,216.87814331054688,318.88897705078125,12.971531867980957,346.0,346.0,0.0,0.014859191013651967,0.014859191013651967,0.0,4.711170237900359e-05,4.711170237900359e-05,0.0,0.000344169920488444,0.000344169920488444,0.0,0.0003,0.0003,0.0,-3.0,-3.0,0.0,0.0,0.22875,20.9875,50.6875,5348.74,178,Hopper-v5,6198,Trial_7
964.3332009315491,180,737280,544.6885703008015,1011.241986023613,395.4687672641346,216.76,346,0.014859191013651967,-3.0,0.99,4.711170237900359e-05,0.000344169920488444,0.0003,-226.30145263671875,0.50867760181427,-1.2920974493026733,0.0497322715818882,-3.00110125541687,-3.0,225.10220336914062,321.0299377441406,12.84506893157959,1.7305145263671875,15.956624984741211,1.0,-226.30145263671875,0.50867760181427,-1.2920974493026733,0.0497322715818882,-3.00110125541687,-3.0,225.10220336914062,321.0299377441406,12.84506893157959,346.0,346.0,0.0,0.014859191013651967,0.014859191013651967,0.0,4.711170237900359e-05,4.711170237900359e-05,0.0,0.000344169920488444,0.000344169920488444,0.0,0.0003,0.0003,0.0,-3.0,-3.0,0.0,0.0,0.16166666666666665,19.183333333333334,51.78333333333333,5330.653,179,Hopper-v5,6198,Trial_7
969.3700442314148,181,741376,537.8349186224056,1011.241986023613,304.3557143769432,214.08,346,0.014859191013651967,-3.0,0.99,4.711170237900359e-05,0.000344169920488444,0.0003,-224.57150268554688,0.435986191034317,-0.7698419094085693,0.04924962669610977,-3.0108535289764404,-3.0,223.497802734375,323.7398986816406,19.97332000732422,1.911834716796875,16.48306703567505,1.0,-224.57150268554688,0.435986191034317,-0.7698419094085693,0.04924962669610977,-3.0108535289764404,-3.0,223.497802734375,323.7398986816406,19.97332000732422,346.0,346.0,0.0,0.014859191013651967,0.014859191013651967,0.0,4.711170237900359e-05,4.711170237900359e-05,0.0,0.000344169920488444,0.000344169920488444,0.0,0.0003,0.0003,0.0,-3.0,-3.0,0.0,0.0,0.14714285714285716,19.599999999999998,53.28571428571429,5321.416,180,Hopper-v5,6198,Trial_7
974.4563939571381,182,745472,534.3516922653719,1011.241986023613,304.3557143769432,210.71,346,0.014859191013651967,-3.0,0.99,4.711170237900359e-05,0.000344169920488444,0.0003,-221.51275634765625,0.4259127974510193,-1.2103384733200073,0.048639386892318726,-3.0233216285705566,-3.0,219.99356079101562,318.5517578125,4.9769134521484375,1.8033370971679688,18.49585723876953,1.0,-221.51275634765625,0.4259127974510193,-1.2103384733200073,0.048639386892318726,-3.0233216285705566,-3.0,219.99356079101562,318.5517578125,4.9769134521484375,346.0,346.0,0.0,0.014859191013651967,0.014859191013651967,0.0,4.711170237900359e-05,4.711170237900359e-05,0.0,0.000344169920488444,0.000344169920488444,0.0,0.0003,0.0003,0.0,-3.0,-3.0,0.0,0.0,0.16,20.157142857142855,55.1,5293.783,181,Hopper-v5,6198,Trial_7
979.4436702728271,183,749568,537.076334863987,858.3933654932156,304.3557143769432,207.62,346,0.014859191013651967,-3.0,0.99,4.711170237900359e-05,0.000344169920488444,0.0003,-231.3673095703125,0.4392048418521881,0.448077917098999,0.047990065068006516,-3.0367612838745117,-3.0,229.547607421875,322.73638916015625,8.429686546325684,1.83929443359375,13.965139389038086,1.0,-231.3673095703125,0.4392048418521881,0.448077917098999,0.047990065068006516,-3.0367612838745117,-3.0,229.547607421875,322.73638916015625,8.429686546325684,346.0,346.0,0.0,0.014859191013651967,0.014859191013651967,0.0,4.711170237900359e-05,4.711170237900359e-05,0.0,0.000344169920488444,0.000344169920488444,0.0,0.0003,0.0003,0.0,-3.0,-3.0,0.0,0.0,0.16285714285714284,18.67142857142857,53.685714285714276,5209.554,182,Hopper-v5,6198,Trial_7
984.3139297962189,184,753664,543.0398377819328,858.3933654932156,304.3557143769432,208.26,346,0.014859191013651967,-3.0,0.99,4.711170237900359e-05,0.000344169920488444,0.0003,-224.61697387695312,0.3686034679412842,-1.477960228919983,0.04678661376237869,-3.0621581077575684,-3.0,223.26571655273438,319.51092529296875,9.434821128845215,1.5970344543457031,12.760665893554688,1.0,-224.61697387695312,0.3686034679412842,-1.477960228919983,0.04678661376237869,-3.0621581077575684,-3.0,223.26571655273438,319.51092529296875,9.434821128845215,346.0,346.0,0.0,0.014859191013651967,0.014859191013651967,0.0,4.711170237900359e-05,4.711170237900359e-05,0.0,0.000344169920488444,0.000344169920488444,0.0,0.0003,0.0003,0.0,-3.0,-3.0,0.0,0.0,0.17285714285714285,16.685714285714283,40.214285714285715,5162.513,183,Hopper-v5,6198,Trial_7
989.2184817790985,185,757760,557.7874476298024,850.7739449856304,304.3557143769432,208.5,346,0.014859191013651967,-3.0,0.99,4.711170237900359e-05,0.000344169920488444,0.0003,-235.009033203125,0.37103718519210815,-15.770853042602539,0.04527764767408371,-3.0949418544769287,-3.0,233.27255249023438,325.40655517578125,3.3621981143951416,1.6673469543457031,10.959596633911133,1.0,-235.009033203125,0.37103718519210815,-15.770853042602539,0.04527764767408371,-3.0949418544769287,-3.0,233.27255249023438,325.40655517578125,3.3621981143951416,346.0,346.0,0.0,0.014859191013651967,0.014859191013651967,0.0,4.711170237900359e-05,4.711170237900359e-05,0.0,0.000344169920488444,0.000344169920488444,0.0,0.0003,0.0003,0.0,-3.0,-3.0,0.0,0.0,0.16333333333333333,14.699999999999998,38.85,5121.164,184,Hopper-v5,6198,Trial_7
994.7211730480194,186,761856,583.9966085033755,1005.1537061523411,226.7232670630932,215.21,346,0.014859191013651967,-3.0,0.99,4.711170237900359e-05,0.000344169920488444,0.0003,-235.37283325195312,0.37570393085479736,-10.148616790771484,0.043467145413160324,-3.1357498168945312,-3.0,233.83689880371094,323.2977294921875,6.365225315093994,1.74444580078125,10.767036437988281,1.0,-235.37283325195312,0.37570393085479736,-10.148616790771484,0.043467145413160324,-3.1357498168945312,-3.0,233.83689880371094,323.2977294921875,6.365225315093994,346.0,346.0,0.0,0.014859191013651967,0.014859191013651967,0.0,4.711170237900359e-05,4.711170237900359e-05,0.0,0.000344169920488444,0.000344169920488444,0.0,0.0003,0.0003,0.0,-3.0,-3.0,0.0,0.0,0.16125,14.5375,38.7375,5145.421,185,Hopper-v5,6198,Trial_7
999.7727537155151,187,765952,647.3423247095864,1005.1537061523411,215.38077061608732,233.84,346,0.014859191013651967,-3.0,0.99,4.711170237900359e-05,0.000344169920488444,0.0003,-238.85903930664062,0.4912601113319397,-12.304750442504883,0.04147785156965256,-3.182595729827881,-3.0,237.15611267089844,330.5467834472656,5.805023670196533,2.0356063842773438,13.982070922851562,1.0,-238.85903930664062,0.4912601113319397,-12.304750442504883,0.04147785156965256,-3.182595729827881,-3.0,237.15611267089844,330.5467834472656,5.805023670196533,346.0,346.0,0.0,0.014859191013651967,0.014859191013651967,0.0,4.711170237900359e-05,4.711170237900359e-05,0.0,0.000344169920488444,0.000344169920488444,0.0,0.0003,0.0003,0.0,-3.0,-3.0,0.0,0.0,0.14333333333333334,14.683333333333332,38.699999999999996,5128.491,186,Hopper-v5,6198,Trial_7
1004.7242531776428,188,770048,639.9733761521152,1005.1537061523411,200.173364499028,235.7,346,0.014859191013651967,-3.0,0.99,4.711170237900359e-05,0.000344169920488444,0.0003,-230.71156311035156,0.380837619304657,-13.551745414733887,0.03953685984015465,-3.2305219173431396,-3.0,229.32769775390625,335.2849426269531,7.0695648193359375,1.8666038513183594,12.171091079711914,1.0,-230.71156311035156,0.380837619304657,-13.551745414733887,0.03953685984015465,-3.2305219173431396,-3.0,229.32769775390625,335.2849426269531,7.0695648193359375,346.0,346.0,0.0,0.014859191013651967,0.014859191013651967,0.0,4.711170237900359e-05,4.711170237900359e-05,0.0,0.000344169920488444,0.000344169920488444,0.0,0.0003,0.0003,0.0,-3.0,-3.0,0.0,0.0,0.17428571428571432,15.042857142857144,38.72857142857142,5101.39,187,Hopper-v5,6198,Trial_7
1009.6427874565125,189,774144,563.901899931712,1005.1537061523411,190.83741950938344,218.47,346,0.014859191013651967,-3.0,0.99,4.711170237900359e-05,0.000344169920488444,0.0003,-229.11337280273438,0.46333378553390503,-7.937872886657715,0.03760321065783501,-3.280665874481201,-3.0,227.60482788085938,350.2169494628906,4.418422698974609,1.8862991333007812,16.14724349975586,1.0,-229.11337280273438,0.46333378553390503,-7.937872886657715,0.03760321065783501,-3.280665874481201,-3.0,227.60482788085938,350.2169494628906,4.418422698974609,346.0,346.0,0.0,0.014859191013651967,0.014859191013651967,0.0,4.711170237900359e-05,4.711170237900359e-05,0.0,0.000344169920488444,0.000344169920488444,0.0,0.0003,0.0003,0.0,-3.0,-3.0,0.0,0.0,0.16142857142857145,14.885714285714284,38.81428571428571,5017.435,188,Hopper-v5,6198,Trial_7
1014.6744482517242,190,778240,427.9813652060275,977.6297529541839,190.83741950938344,179.61,346,0.014859191013651967,-3.0,0.99,4.711170237900359e-05,0.000344169920488444,0.0003,-247.82655334472656,0.3823298215866089,-29.259387969970703,0.035737544298172,-3.3315534591674805,-3.0,246.11874389648438,346.0227355957031,12.264083862304688,1.771942138671875,10.827049255371094,1.0,-247.82655334472656,0.3823298215866089,-29.259387969970703,0.035737544298172,-3.3315534591674805,-3.0,246.11874389648438,346.0227355957031,12.264083862304688,346.0,346.0,0.0,0.014859191013651967,0.014859191013651967,0.0,4.711170237900359e-05,4.711170237900359e-05,0.0,0.000344169920488444,0.000344169920488444,0.0,0.0003,0.0003,0.0,-3.0,-3.0,0.0,0.0,0.15857142857142856,15.085714285714287,38.857142857142854,5023.311,189,Hopper-v5,6198,Trial_7
1019.660581111908,191,782336,294.9971825793626,898.6390139846411,184.04019206859084,139.72,346,0.014859191013651967,-3.0,0.99,4.711170237900359e-05,0.000344169920488444,0.0003,-237.53643798828125,0.4141088128089905,-16.20388412475586,0.03376564010977745,-3.3883116245269775,-3.0,236.14739990234375,348.2261657714844,9.845516204833984,1.734222412109375,12.82867169380188,1.0,-237.53643798828125,0.4141088128089905,-16.20388412475586,0.03376564010977745,-3.3883116245269775,-3.0,236.14739990234375,348.2261657714844,9.845516204833984,346.0,346.0,0.0,0.014859191013651967,0.014859191013651967,0.0,4.711170237900359e-05,4.711170237900359e-05,0.0,0.000344169920488444,0.000344169920488444,0.0,0.0003,0.0003,0.0,-3.0,-3.0,0.0,0.0,0.14428571428571432,14.700000000000001,38.67142857142857,5018.369,190,Hopper-v5,6198,Trial_7
1024.6035289764404,192,786432,210.01061581379182,898.6390139846411,41.16663501097241,108.71,346,0.014859191013651967,-3.0,0.99,4.711170237900359e-05,0.000344169920488444,0.0003,-236.5465087890625,0.4378599226474762,-80.91734313964844,0.03094065934419632,-3.47568416595459,-3.0,234.63047790527344,382.0712585449219,4.3289947509765625,1.9894142150878906,12.094279289245605,1.0,-236.5465087890625,0.4378599226474762,-80.91734313964844,0.03094065934419632,-3.47568416595459,-3.0,234.63047790527344,382.0712585449219,4.3289947509765625,346.0,346.0,0.0,0.014859191013651967,0.014859191013651967,0.0,4.711170237900359e-05,4.711170237900359e-05,0.0,0.000344169920488444,0.000344169920488444,0.0,0.0003,0.0003,0.0,-3.0,-3.0,0.0,0.0,0.15333333333333335,14.733333333333334,38.71666666666667,5004.238,191,Hopper-v5,6198,Trial_7
1029.6670701503754,193,790528,78.93226301763683,1168.5831878877962,39.98701727324392,51.41,346,0.014859191013651967,-3.0,0.99,4.711170237900359e-05,0.000344169920488444,0.0003,-252.21263122558594,0.39800897240638733,-102.70657348632812,0.02857322432100773,-3.5552852153778076,-3.0,250.16896057128906,381.89984130859375,4.6551032066345215,1.7754898071289062,13.180792808532715,1.0,-252.21263122558594,0.39800897240638733,-102.70657348632812,0.02857322432100773,-3.5552852153778076,-3.0,250.16896057128906,381.89984130859375,4.6551032066345215,346.0,346.0,0.0,0.014859191013651967,0.014859191013651967,0.0,4.711170237900359e-05,4.711170237900359e-05,0.0,0.000344169920488444,0.000344169920488444,0.0,0.0003,0.0003,0.0,-3.0,-3.0,0.0,0.0,0.16999999999999998,15.12857142857143,38.771428571428565,5011.881,192,Hopper-v5,6198,Trial_7
1035.1181366443634,194,794624,61.356208437789064,1171.5473244503846,40.191489791637956,47.59,346,0.014859191013651967,-3.0,0.99,4.711170237900359e-05,0.000344169920488444,0.0003,-252.8618927001953,0.41396552324295044,-118.93397521972656,0.026745932176709175,-3.621372938156128,-3.0,251.31442260742188,396.7448425292969,2.56699275970459,1.7466161251068115,13.811573028564453,1.0,-252.8618927001953,0.41396552324295044,-118.93397521972656,0.026745932176709175,-3.621372938156128,-3.0,251.31442260742188,396.7448425292969,2.56699275970459,346.0,346.0,0.0,0.014859191013651967,0.014859191013651967,0.0,4.711170237900359e-05,4.711170237900359e-05,0.0,0.000344169920488444,0.000344169920488444,0.0,0.0003,0.0003,0.0,-3.0,-3.0,0.0,0.0,0.16625,15.1375,38.825,5069.764,193,Hopper-v5,6198,Trial_7
1040.032059431076,195,798720,69.80079946974547,1171.5473244503846,40.191489791637956,54.13,346,0.014859191013651967,-3.0,0.99,4.711170237900359e-05,0.000344169920488444,0.0003,-247.9046630859375,0.4909975528717041,-122.52256774902344,0.02524842880666256,-3.6789913177490234,-3.0,245.93736267089844,365.78192138671875,3.72217059135437,2.0666184425354004,11.089576721191406,1.0,-247.9046630859375,0.4909975528717041,-122.52256774902344,0.02524842880666256,-3.6789913177490234,-3.0,245.93736267089844,365.78192138671875,3.72217059135437,346.0,346.0,0.0,0.014859191013651967,0.014859191013651967,0.0,4.711170237900359e-05,4.711170237900359e-05,0.0,0.000344169920488444,0.000344169920488444,0.0,0.0003,0.0003,0.0,-3.0,-3.0,0.0,0.0,0.155,14.533333333333331,38.76666666666666,5070.998,194,Hopper-v5,6198,Trial_7
1044.9899196624756,196,802816,69.80079946974547,1171.5473244503846,40.191489791637956,54.13,346,0.014859191013651967,-3.0,0.99,4.711170237900359e-05,0.000344169920488444,0.0003,-266.3570556640625,0.4264233112335205,-145.65701293945312,0.023961931467056274,-3.7312889099121094,-3.0,264.0387268066406,365.0225830078125,8.65304946899414,1.8635330200195312,7.439313888549805,1.0,-266.3570556640625,0.4264233112335205,-145.65701293945312,0.023961931467056274,-3.7312889099121094,-3.0,264.0387268066406,365.0225830078125,8.65304946899414,346.0,346.0,0.0,0.014859191013651967,0.014859191013651967,0.0,4.711170237900359e-05,4.711170237900359e-05,0.0,0.000344169920488444,0.000344169920488444,0.0,0.0003,0.0003,0.0,-3.0,-3.0,0.0,0.0,0.16571428571428573,15.171428571428574,38.74285714285714,5016.344,195,Hopper-v5,6198,Trial_7
1049.8970739841461,197,806912,91.55447122755187,1171.5473244503846,40.191489791637956,61.97,346,0.014859191013651967,-3.0,0.99,4.711170237900359e-05,0.000344169920488444,0.0003,-265.17889404296875,0.4342823922634125,-147.8502197265625,0.022851577028632164,-3.7787351608276367,-3.0,263.0677490234375,378.1062316894531,6.073885917663574,1.8322181701660156,8.963935852050781,1.0,-265.17889404296875,0.4342823922634125,-147.8502197265625,0.022851577028632164,-3.7787351608276367,-3.0,263.0677490234375,378.1062316894531,6.073885917663574,346.0,346.0,0.0,0.014859191013651967,0.014859191013651967,0.0,4.711170237900359e-05,4.711170237900359e-05,0.0,0.000344169920488444,0.000344169920488444,0.0,0.0003,0.0003,0.0,-3.0,-3.0,0.0,0.0,0.14142857142857143,14.685714285714285,38.785714285714285,5002.008,196,Hopper-v5,6198,Trial_7
1054.8235502243042,198,811008,265.3368250116584,1528.2629282605185,40.191489791637956,123.63,346,0.014859191013651967,-3.0,0.99,4.711170237900359e-05,0.000344169920488444,0.0003,-256.89166259765625,0.6465062499046326,-156.92779541015625,0.02185162529349327,-3.8234798908233643,-3.0,254.89859008789062,398.51971435546875,11.289411544799805,2.2095565795898438,18.46474838256836,1.0,-256.89166259765625,0.6465062499046326,-156.92779541015625,0.02185162529349327,-3.8234798908233643,-3.0,254.89859008789062,398.51971435546875,11.289411544799805,346.0,346.0,0.0,0.014859191013651967,0.014859191013651967,0.0,4.711170237900359e-05,4.711170237900359e-05,0.0,0.000344169920488444,0.000344169920488444,0.0,0.0003,0.0003,0.0,-3.0,-3.0,0.0,0.0,0.1557142857142857,14.671428571428569,38.714285714285715,4999.495,197,Hopper-v5,6198,Trial_7
1059.7656211853027,199,815104,356.9640142394751,1967.5829548652828,35.11943858293303,160.6,346,0.014859191013651967,-3.0,0.99,4.711170237900359e-05,0.000344169920488444,0.0003,-261.2956237792969,0.5697948336601257,-145.4559326171875,0.020975446328520775,-3.8644027709960938,-3.0,259.6659240722656,395.5858154296875,11.085505485534668,2.1851959228515625,11.581117630004883,1.0,-261.2956237792969,0.5697948336601257,-145.4559326171875,0.020975446328520775,-3.8644027709960938,-3.0,259.6659240722656,395.5858154296875,11.085505485534668,346.0,346.0,0.0,0.014859191013651967,0.014859191013651967,0.0,4.711170237900359e-05,4.711170237900359e-05,0.0,0.000344169920488444,0.000344169920488444,0.0,0.0003,0.0003,0.0,-3.0,-3.0,0.0,0.0,0.19833333333333336,15.066666666666668,38.78333333333333,5001.791,198,Hopper-v5,6198,Trial_7
1064.6995840072632,200,819200,229.8401145072088,2092.90980845923,31.180598738710195,117.51,346,0.014859191013651967,-3.0,0.99,4.711170237900359e-05,0.000344169920488444,0.0003,-258.85986328125,0.7831319570541382,-141.34176635742188,0.020136019214987755,-3.905245065689087,-3.0,256.84259033203125,387.0794372558594,8.339499473571777,2.4570159912109375,18.913585662841797,1.0,-258.85986328125,0.7831319570541382,-141.34176635742188,0.020136019214987755,-3.905245065689087,-3.0,256.84259033203125,387.0794372558594,8.339499473571777,346.0,346.0,0.0,0.014859191013651967,0.014859191013651967,0.0,4.711170237900359e-05,4.711170237900359e-05,0.0,0.000344169920488444,0.000344169920488444,0.0,0.0003,0.0003,0.0,-3.0,-3.0,0.0,0.0,0.16999999999999998,15.400000000000002,38.857142857142854,4992.063,199,Hopper-v5,6198,Trial_7
1070.1774830818176,201,823296,71.5414828330713,1894.7706225246231,31.98220513385881,62.49,346,0.014859191013651967,-3.0,0.99,4.711170237900359e-05,0.000344169920488444,0.0003,-266.3368835449219,0.5248197913169861,-176.7310791015625,0.0193816889077425,-3.9434266090393066,-3.0,263.8143310546875,416.2840576171875,5.126865863800049,2.0277099609375,14.33150863647461,1.0,-266.3368835449219,0.5248197913169861,-176.7310791015625,0.0193816889077425,-3.9434266090393066,-3.0,263.8143310546875,416.2840576171875,5.126865863800049,346.0,346.0,0.0,0.014859191013651967,0.014859191013651967,0.0,4.711170237900359e-05,4.711170237900359e-05,0.0,0.000344169920488444,0.000344169920488444,0.0,0.0003,0.0003,0.0,-3.0,-3.0,0.0,0.0,0.1657142857142857,14.757142857142858,38.771428571428565,5041.166,200,Hopper-v5,6198,Trial_7
1075.19580245018,202,827392,61.213504636769976,2870.622366806889,27.918300505767625,54.99,346,0.014859191013651967,-3.0,0.99,4.711170237900359e-05,0.000344169920488444,0.0003,-277.4324645996094,0.7808941006660461,-190.63345336914062,0.018652882426977158,-3.9817545413970947,-3.0,276.0514221191406,402.8260192871094,8.791800498962402,2.3471221923828125,22.958324432373047,1.0,-277.4324645996094,0.7808941006660461,-190.63345336914062,0.018652882426977158,-3.9817545413970947,-3.0,276.0514221191406,402.8260192871094,8.791800498962402,346.0,346.0,0.0,0.014859191013651967,0.014859191013651967,0.0,4.711170237900359e-05,4.711170237900359e-05,0.0,0.000344169920488444,0.000344169920488444,0.0,0.0003,0.0003,0.0,-3.0,-3.0,0.0,0.0,0.1657142857142857,14.471428571428572,38.857142857142854,5048.781,201,Hopper-v5,6198,Trial_7
1080.1204042434692,203,831488,30.346608815981163,35.71895641340865,25.537244573364347,43.97,346,0.014859191013651967,-3.0,0.99,4.711170237900359e-05,0.000344169920488444,0.0003,-265.00640869140625,0.7813475131988525,-175.7559814453125,0.017959825694561005,-4.019618034362793,-3.0,263.87738037109375,399.0311584472656,10.378211975097656,2.5199203491210938,17.224143981933594,1.0,-265.00640869140625,0.7813475131988525,-175.7559814453125,0.017959825694561005,-4.019618034362793,-3.0,263.87738037109375,399.0311584472656,10.378211975097656,346.0,346.0,0.0,0.014859191013651967,0.014859191013651967,0.0,4.711170237900359e-05,4.711170237900359e-05,0.0,0.000344169920488444,0.000344169920488444,0.0,0.0003,0.0003,0.0,-3.0,-3.0,0.0,0.0,0.16285714285714284,15.085714285714287,38.82857142857142,5034.702,202,Hopper-v5,6198,Trial_7
1085.057297706604,204,835584,29.318375650344837,34.22678149424467,26.15337529391956,43.15,346,0.014859191013651967,-3.0,0.99,4.711170237900359e-05,0.000344169920488444,0.0003,-265.50408935546875,1.0579588413238525,-179.45460510253906,0.017303653061389923,-4.056837558746338,-3.0,263.5439453125,405.92584228515625,7.587549209594727,2.3741989135742188,29.91535758972168,1.0,-265.50408935546875,1.0579588413238525,-179.45460510253906,0.017303653061389923,-4.056837558746338,-3.0,263.5439453125,405.92584228515625,7.587549209594727,346.0,346.0,0.0,0.014859191013651967,0.014859191013651967,0.0,4.711170237900359e-05,4.711170237900359e-05,0.0,0.000344169920488444,0.000344169920488444,0.0,0.0003,0.0003,0.0,-3.0,-3.0,0.0,0.0,0.18285714285714283,14.7,38.885714285714286,4983.267,203,Hopper-v5,6198,Trial_7
1090.0857195854187,205,839680,29.528453912427654,44.79758315111874,27.04307675319608,41.94174757281554,346,0.014859191013651967,-3.0,0.99,4.711170237900359e-05,0.000344169920488444,0.0003,-272.11572265625,0.8181905746459961,-203.1556396484375,0.016674797981977463,-4.0938568115234375,-3.0,270.8697509765625,396.37298583984375,17.634952545166016,2.5556640625,20.968303680419922,1.0,-272.11572265625,0.8181905746459961,-203.1556396484375,0.016674797981977463,-4.0938568115234375,-3.0,270.8697509765625,396.37298583984375,17.634952545166016,346.0,346.0,0.0,0.014859191013651967,0.014859191013651967,0.0,4.711170237900359e-05,4.711170237900359e-05,0.0,0.000344169920488444,0.000344169920488444,0.0,0.0003,0.0003,0.0,-3.0,-3.0,0.0,0.0,0.1416666666666667,15.200000000000001,38.916666666666664,4994.42,204,Hopper-v5,6198,Trial_7
1095.0990297794342,206,843776,28.241323353094952,35.04936381441416,25.61087030787313,37.56603773584906,346,0.014859191013651967,-3.0,0.99,4.711170237900359e-05,0.000344169920488444,0.0003,-280.0423583984375,1.4162706136703491,-234.7684326171875,0.016082869842648506,-4.130000591278076,-3.0,278.4268798828125,412.0392761230469,14.912141799926758,2.6111907958984375,40.147281646728516,1.0,-280.0423583984375,1.4162706136703491,-234.7684326171875,0.016082869842648506,-4.130000591278076,-3.0,278.4268798828125,412.0392761230469,14.912141799926758,346.0,346.0,0.0,0.014859191013651967,0.014859191013651967,0.0,4.711170237900359e-05,4.711170237900359e-05,0.0,0.000344169920488444,0.000344169920488444,0.0,0.0003,0.0003,0.0,-3.0,-3.0,0.0,0.0,0.16,15.428571428571429,38.91428571428571,5000.066,205,Hopper-v5,6198,Trial_7
1100.0646510124207,207,847872,28.7978955976043,32.389392753352304,26.075096968336062,35.607142857142854,346,0.014859191013651967,-3.0,0.99,4.711170237900359e-05,0.000344169920488444,0.0003,-270.95257568359375,1.0411169528961182,-223.5525665283203,0.015517708845436573,-4.165773391723633,-3.0,269.3720703125,414.21453857421875,12.977535247802734,2.7271432876586914,23.4964599609375,1.0,-270.95257568359375,1.0411169528961182,-223.5525665283203,0.015517708845436573,-4.165773391723633,-3.0,269.3720703125,414.21453857421875,12.977535247802734,346.0,346.0,0.0,0.014859191013651967,0.014859191013651967,0.0,4.711170237900359e-05,4.711170237900359e-05,0.0,0.000344169920488444,0.000344169920488444,0.0,0.0003,0.0003,0.0,-3.0,-3.0,0.0,0.0,0.14857142857142858,14.914285714285715,38.92857142857143,5005.868,206,Hopper-v5,6198,Trial_7
1105.5143702030182,208,851968,32.477731166346935,37.3508538500423,28.498791584595253,36.26086956521739,346,0.014859191013651967,-3.0,0.99,4.711170237900359e-05,0.000344169920488444,0.0003,-267.5178527832031,1.1363139152526855,-224.7911376953125,0.014987602829933167,-4.200531959533691,-3.0,266.2187194824219,411.5686340332031,11.111590385437012,2.6848831176757812,20.420658111572266,1.0,-267.5178527832031,1.1363139152526855,-224.7911376953125,0.014987602829933167,-4.200531959533691,-3.0,266.2187194824219,411.5686340332031,11.111590385437012,346.0,346.0,0.0,0.014859191013651967,0.014859191013651967,0.0,4.711170237900359e-05,4.711170237900359e-05,0.0,0.000344169920488444,0.000344169920488444,0.0,0.0003,0.0003,0.0,-3.0,-3.0,0.0,0.0,0.155,14.1625,38.849999999999994,5058.162,207,Hopper-v5,6198,Trial_7
1110.4365184307098,209,856064,40.15116459302954,50.79909839329472,29.479135033657883,45.82,346,0.014859191013651967,-3.0,0.99,4.711170237900359e-05,0.000344169920488444,0.0003,-274.186279296875,1.8075002431869507,-272.84423828125,0.014487059786915779,-4.234499454498291,-3.0,272.40301513671875,421.90155029296875,29.269868850708008,3.2308425903320312,231.6107406616211,1.0,-274.186279296875,1.8075002431869507,-272.84423828125,0.014487059786915779,-4.234499454498291,-3.0,272.40301513671875,421.90155029296875,29.269868850708008,346.0,346.0,0.0,0.014859191013651967,0.014859191013651967,0.0,4.711170237900359e-05,4.711170237900359e-05,0.0,0.000344169920488444,0.000344169920488444,0.0,0.0003,0.0003,0.0,-3.0,-3.0,0.0,0.0,0.18166666666666667,14.916666666666666,38.800000000000004,5056.301,208,Hopper-v5,6198,Trial_7
1115.349634885788,210,860160,44.19797446578881,56.303544557977624,34.51898068295963,50.69,346,0.014859191013651967,-3.0,0.99,4.711170237900359e-05,0.000344169920488444,0.0003,-274.20941162109375,1.3361244201660156,-278.50299072265625,0.014007428660988808,-4.268167495727539,-3.0,272.8002014160156,414.8656311035156,21.950441360473633,2.8867034912109375,43.8695764541626,1.0,-274.20941162109375,1.3361244201660156,-278.50299072265625,0.014007428660988808,-4.268167495727539,-3.0,272.8002014160156,414.8656311035156,21.950441360473633,346.0,346.0,0.0,0.014859191013651967,0.014859191013651967,0.0,4.711170237900359e-05,4.711170237900359e-05,0.0,0.000344169920488444,0.000344169920488444,0.0,0.0003,0.0003,0.0,-3.0,-3.0,0.0,0.0,0.17999999999999997,14.64285714285714,38.9,5054.179,209,Hopper-v5,6198,Trial_7
1120.2377500534058,211,864256,49.44898486739459,64.88733337949813,34.51898068295963,57.01,346,0.014859191013651967,-3.0,0.99,4.711170237900359e-05,0.000344169920488444,0.0003,-269.5091247558594,1.4710358381271362,-272.4054260253906,0.013528489507734776,-4.302957534790039,-3.0,267.2593994140625,408.3036193847656,15.186927795410156,2.8890304565429688,35.82318115234375,1.0,-269.5091247558594,1.4710358381271362,-272.4054260253906,0.013528489507734776,-4.302957534790039,-3.0,267.2593994140625,408.3036193847656,15.186927795410156,346.0,346.0,0.0,0.014859191013651967,0.014859191013651967,0.0,4.711170237900359e-05,4.711170237900359e-05,0.0,0.000344169920488444,0.000344169920488444,0.0,0.0003,0.0003,0.0,-3.0,-3.0,0.0,0.0,0.16714285714285712,14.614285714285714,38.771428571428565,4995.167,210,Hopper-v5,6198,Trial_7
1125.1149587631226,212,868352,47.82204348073505,64.88733337949813,40.493595291014046,56.47,346,0.014859191013651967,-3.0,0.99,4.711170237900359e-05,0.000344169920488444,0.0003,-269.6904296875,1.5569368600845337,-267.244384765625,0.01306682825088501,-4.3376784324646,-3.0,267.8421936035156,401.3567199707031,17.623374938964844,2.7281723022460938,29.422584533691406,1.0,-269.6904296875,1.5569368600845337,-267.244384765625,0.01306682825088501,-4.3376784324646,-3.0,267.8421936035156,401.3567199707031,17.623374938964844,346.0,346.0,0.0,0.014859191013651967,0.014859191013651967,0.0,4.711170237900359e-05,4.711170237900359e-05,0.0,0.000344169920488444,0.000344169920488444,0.0,0.0003,0.0003,0.0,-3.0,-3.0,0.0,0.0,0.10333333333333333,13.116666666666665,39.699999999999996,4981.124,211,Hopper-v5,6198,Trial_7
1129.9443383216858,213,872448,46.271809019612505,57.325489116848516,40.4325039484964,56.12,346,0.014859191013651967,-3.0,0.99,4.711170237900359e-05,0.000344169920488444,0.0003,-283.9268798828125,1.7666711807250977,-375.0632629394531,0.012600633315742016,-4.3740081787109375,-3.0,281.13037109375,402.8598327636719,37.45259475708008,2.604543685913086,128.04787063598633,1.0,-283.9268798828125,1.7666711807250977,-375.0632629394531,0.012600633315742016,-4.3740081787109375,-3.0,281.13037109375,402.8598327636719,37.45259475708008,346.0,346.0,0.0,0.014859191013651967,0.014859191013651967,0.0,4.711170237900359e-05,4.711170237900359e-05,0.0,0.000344169920488444,0.000344169920488444,0.0,0.0003,0.0003,0.0,-3.0,-3.0,0.0,0.0,0.10428571428571429,12.457142857142856,41.542857142857144,4971.636,212,Hopper-v5,6198,Trial_7
1134.794713973999,214,876544,46.19605027476691,63.415721962108435,37.98130938200981,56.95,346,0.014859191013651967,-3.0,0.99,4.711170237900359e-05,0.000344169920488444,0.0003,-279.53619384765625,1.6700448989868164,-369.455078125,0.012125692330300808,-4.412428855895996,-3.0,276.6617126464844,412.7282409667969,19.986295700073242,2.7078857421875,46.68570423126221,1.0,-279.53619384765625,1.6700448989868164,-369.455078125,0.012125692330300808,-4.412428855895996,-3.0,276.6617126464844,412.7282409667969,19.986295700073242,346.0,346.0,0.0,0.014859191013651967,0.014859191013651967,0.0,4.711170237900359e-05,4.711170237900359e-05,0.0,0.000344169920488444,0.000344169920488444,0.0,0.0003,0.0003,0.0,-3.0,-3.0,0.0,0.0,0.11333333333333333,12.466666666666667,43.31666666666667,4963.209,213,Hopper-v5,6198,Trial_7
1140.2232053279877,215,880640,42.22171977467857,62.4092972138704,30.116923924626576,54.52,346,0.014859191013651967,-3.0,0.99,4.711170237900359e-05,0.000344169920488444,0.0003,-284.49761962890625,1.7953150272369385,-395.8018493652344,0.011662670411169529,-4.451362133026123,-3.0,281.1907653808594,410.2423095703125,32.26236343383789,3.0769882202148438,49.88772010803223,1.0,-284.49761962890625,1.7953150272369385,-395.8018493652344,0.011662670411169529,-4.451362133026123,-3.0,281.1907653808594,410.2423095703125,32.26236343383789,346.0,346.0,0.0,0.014859191013651967,0.014859191013651967,0.0,4.711170237900359e-05,4.711170237900359e-05,0.0,0.000344169920488444,0.000344169920488444,0.0,0.0003,0.0003,0.0,-3.0,-3.0,0.0,0.0,0.09875,12.225000000000001,42.95,5003.284,214,Hopper-v5,6198,Trial_7
1145.0637800693512,216,884736,38.40995787655093,61.83286218342026,13.649896033493679,51.89,346,0.014859191013651967,-3.0,0.99,4.711170237900359e-05,0.000344169920488444,0.0003,-273.2329406738281,2.112748622894287,-437.9557800292969,0.011220887303352356,-4.489978313446045,-3.0,269.3780822753906,407.68701171875,17.253816604614258,2.966644287109375,184.9805679321289,1.0,-273.2329406738281,2.112748622894287,-437.9557800292969,0.011220887303352356,-4.489978313446045,-3.0,269.3780822753906,407.68701171875,17.253816604614258,346.0,346.0,0.0,0.014859191013651967,0.014859191013651967,0.0,4.711170237900359e-05,4.711170237900359e-05,0.0,0.000344169920488444,0.000344169920488444,0.0,0.0003,0.0003,0.0,-3.0,-3.0,0.0,0.0,0.11499999999999999,9.966666666666667,29.683333333333337,4985.933,215,Hopper-v5,6198,Trial_7
1149.8635656833649,217,888832,50.273484903937714,84.28196246300507,15.194398115991936,60.9,346,0.014859191013651967,-3.0,0.99,4.711170237900359e-05,0.000344169920488444,0.0003,-281.384765625,1.5024688243865967,-435.6794738769531,0.010803068988025188,-4.52792501449585,-3.0,277.99493408203125,416.0899658203125,23.24120330810547,2.83868408203125,34.452938079833984,1.0,-281.384765625,1.5024688243865967,-435.6794738769531,0.010803068988025188,-4.52792501449585,-3.0,277.99493408203125,416.0899658203125,23.24120330810547,346.0,346.0,0.0,0.014859191013651967,0.014859191013651967,0.0,4.711170237900359e-05,4.711170237900359e-05,0.0,0.000344169920488444,0.000344169920488444,0.0,0.0003,0.0003,0.0,-3.0,-3.0,0.0,0.0,0.10142857142857144,8.457142857142857,26.885714285714283,4969.237,216,Hopper-v5,6198,Trial_7
1154.5881736278534,218,892928,68.79911311234244,189.62433374402295,17.30952782364973,74.88,346,0.014859191013651967,-3.0,0.99,4.711170237900359e-05,0.000344169920488444,0.0003,-282.2760009765625,1.9404985904693604,-455.6644287109375,0.010401507839560509,-4.565804481506348,-3.0,278.8155822753906,403.20257568359375,28.309284210205078,2.991241455078125,159.66851043701172,1.0,-282.2760009765625,1.9404985904693604,-455.6644287109375,0.010401507839560509,-4.565804481506348,-3.0,278.8155822753906,403.20257568359375,28.309284210205078,346.0,346.0,0.0,0.014859191013651967,0.014859191013651967,0.0,4.711170237900359e-05,4.711170237900359e-05,0.0,0.000344169920488444,0.000344169920488444,0.0,0.0003,0.0003,0.0,-3.0,-3.0,0.0,0.0,0.10833333333333334,8.5,26.900000000000002,4896.744,217,Hopper-v5,6198,Trial_7
1159.28373503685,219,897024,93.27839052430953,284.7704887589297,32.43113698513656,92.83,346,0.014859191013651967,-3.0,0.99,4.711170237900359e-05,0.000344169920488444,0.0003,-285.902587890625,1.8952291011810303,-507.4573974609375,0.010023066774010658,-4.602866172790527,-3.0,281.6170654296875,396.1285705566406,23.26906394958496,3.6312942504882812,164.49040985107422,1.0,-285.902587890625,1.8952291011810303,-507.4573974609375,0.010023066774010658,-4.602866172790527,-3.0,281.6170654296875,396.1285705566406,23.26906394958496,346.0,346.0,0.0,0.014859191013651967,0.014859191013651967,0.0,4.711170237900359e-05,4.711170237900359e-05,0.0,0.000344169920488444,0.000344169920488444,0.0,0.0003,0.0003,0.0,-3.0,-3.0,0.0,0.0,0.10571428571428572,8.314285714285715,27.0,4874.064,218,Hopper-v5,6198,Trial_7
1164.1499457359314,220,901120,137.6560990820004,432.15597706585623,38.190837098243534,123.53,346,0.014859191013651967,-3.0,0.99,4.711170237900359e-05,0.000344169920488444,0.0003,-293.4417724609375,2.167668342590332,-549.6802978515625,0.009664760902523994,-4.63926887512207,-3.0,289.84930419921875,411.5811462402344,66.72416687011719,3.4235153198242188,160.42556762695312,1.0,-293.4417724609375,2.167668342590332,-549.6802978515625,0.009664760902523994,-4.63926887512207,-3.0,289.84930419921875,411.5811462402344,66.72416687011719,346.0,346.0,0.0,0.014859191013651967,0.014859191013651967,0.0,4.711170237900359e-05,4.711170237900359e-05,0.0,0.000344169920488444,0.000344169920488444,0.0,0.0003,0.0003,0.0,-3.0,-3.0,0.0,0.0,0.09999999999999999,8.216666666666667,26.950000000000003,4869.342,219,Hopper-v5,6198,Trial_7
1168.9190618991852,221,905216,160.7372831271279,432.15597706585623,57.8656862781222,140.42,346,0.014859191013651967,-3.0,0.99,4.711170237900359e-05,0.000344169920488444,0.0003,-287.839111328125,1.9539616107940674,-536.8263549804688,0.009329530410468578,-4.674570560455322,-3.0,285.40814208984375,411.39105224609375,22.9476318359375,3.1119537353515625,141.84082794189453,1.0,-287.839111328125,1.9539616107940674,-536.8263549804688,0.009329530410468578,-4.674570560455322,-3.0,285.40814208984375,411.39105224609375,22.9476318359375,346.0,346.0,0.0,0.014859191013651967,0.014859191013651967,0.0,4.711170237900359e-05,4.711170237900359e-05,0.0,0.000344169920488444,0.000344169920488444,0.0,0.0003,0.0003,0.0,-3.0,-3.0,0.0,0.0,0.11428571428571428,7.971428571428571,26.871428571428574,4857.276,220,Hopper-v5,6198,Trial_7
1174.272551059723,222,909312,137.0015098013868,412.3307933148901,44.45253559626355,121.25,346,0.014859191013651967,-3.0,0.99,4.711170237900359e-05,0.000344169920488444,0.0003,-279.36407470703125,1.9237935543060303,-507.56732177734375,0.009014083072543144,-4.708967208862305,-3.0,276.17095947265625,418.7789001464844,26.173324584960938,3.65087890625,124.27673721313477,1.0,-279.36407470703125,1.9237935543060303,-507.56732177734375,0.009014083072543144,-4.708967208862305,-3.0,276.17095947265625,418.7789001464844,26.173324584960938,346.0,346.0,0.0,0.014859191013651967,0.014859191013651967,0.0,4.711170237900359e-05,4.711170237900359e-05,0.0,0.000344169920488444,0.000344169920488444,0.0,0.0003,0.0003,0.0,-3.0,-3.0,0.0,0.0,0.10571428571428572,8.114285714285712,26.88571428571429,4904.655,221,Hopper-v5,6198,Trial_7
1179.1686747074127,223,913408,83.89069923319454,457.0047021344507,44.45253559626355,85.95,346,0.014859191013651967,-3.0,0.99,4.711170237900359e-05,0.000344169920488444,0.0003,-272.64453125,2.4637184143066406,-559.25341796875,0.008721667341887951,-4.741944789886475,-3.0,270.51287841796875,425.2507629394531,19.76332664489746,4.059967041015625,143.9339942932129,1.0,-272.64453125,2.4637184143066406,-559.25341796875,0.008721667341887951,-4.741944789886475,-3.0,270.51287841796875,425.2507629394531,19.76332664489746,346.0,346.0,0.0,0.014859191013651967,0.014859191013651967,0.0,4.711170237900359e-05,4.711170237900359e-05,0.0,0.000344169920488444,0.000344169920488444,0.0,0.0003,0.0003,0.0,-3.0,-3.0,0.0,0.0,0.10250000000000001,7.362500000000001,26.837500000000002,4911.6,222,Hopper-v5,6198,Trial_7
1183.943076133728,224,917504,74.26701198463473,457.0047021344507,44.71859967299467,83.17,346,0.014859191013651967,-3.0,0.99,4.711170237900359e-05,0.000344169920488444,0.0003,-286.478759765625,1.980616807937622,-536.7639770507812,0.00844990462064743,-4.773600101470947,-3.0,283.9428405761719,397.3787536621094,37.91317367553711,3.8761215209960938,114.78262329101562,1.0,-286.478759765625,1.980616807937622,-536.7639770507812,0.00844990462064743,-4.773600101470947,-3.0,283.9428405761719,397.3787536621094,37.91317367553711,346.0,346.0,0.0,0.014859191013651967,0.014859191013651967,0.0,4.711170237900359e-05,4.711170237900359e-05,0.0,0.000344169920488444,0.000344169920488444,0.0,0.0003,0.0003,0.0,-3.0,-3.0,0.0,0.0,0.10571428571428572,8.200000000000001,26.87142857142857,4903.895,223,Hopper-v5,6198,Trial_7
1188.6613807678223,225,921600,83.94298762640425,120.48917211876498,44.71859967299467,90.84,346,0.014859191013651967,-3.0,0.99,4.711170237900359e-05,0.000344169920488444,0.0003,-284.4463195800781,1.971024990081787,-553.2659912109375,0.008196281269192696,-4.804074764251709,-3.0,282.3002014160156,411.1604309082031,45.498023986816406,3.6058883666992188,117.73437309265137,1.0,-284.4463195800781,1.971024990081787,-553.2659912109375,0.008196281269192696,-4.804074764251709,-3.0,282.3002014160156,411.1604309082031,45.498023986816406,346.0,346.0,0.0,0.014859191013651967,0.014859191013651967,0.0,4.711170237900359e-05,4.711170237900359e-05,0.0,0.000344169920488444,0.000344169920488444,0.0,0.0003,0.0003,0.0,-3.0,-3.0,0.0,0.0,0.10999999999999999,8.483333333333333,26.916666666666668,4833.124,224,Hopper-v5,6198,Trial_7
1193.4075167179108,226,925696,97.53364055559717,136.04815963138873,46.46863343293146,99.59,346,0.014859191013651967,-3.0,0.99,4.711170237900359e-05,0.000344169920488444,0.0003,-284.0806884765625,1.8877720832824707,-563.9189453125,0.007957502268254757,-4.833640098571777,-3.0,282.402099609375,395.2270812988281,30.986064910888672,3.720012664794922,102.59318161010742,1.0,-284.0806884765625,1.8877720832824707,-563.9189453125,0.007957502268254757,-4.833640098571777,-3.0,282.402099609375,395.2270812988281,30.986064910888672,346.0,346.0,0.0,0.014859191013651967,0.014859191013651967,0.0,4.711170237900359e-05,4.711170237900359e-05,0.0,0.000344169920488444,0.000344169920488444,0.0,0.0003,0.0003,0.0,-3.0,-3.0,0.0,0.0,0.10571428571428572,7.885714285714285,27.04285714285714,4823.682,225,Hopper-v5,6198,Trial_7
1198.1276128292084,227,929792,105.78817399385689,382.9175948815982,68.59309450689622,101.91,346,0.014859191013651967,-3.0,0.99,4.711170237900359e-05,0.000344169920488444,0.0003,-279.46917724609375,1.8516130447387695,-518.478515625,0.007735127583146095,-4.861983299255371,-3.0,278.79736328125,414.6582946777344,48.51216506958008,3.6171798706054688,72.97021102905273,1.0,-279.46917724609375,1.8516130447387695,-518.478515625,0.007735127583146095,-4.861983299255371,-3.0,278.79736328125,414.6582946777344,48.51216506958008,346.0,346.0,0.0,0.014859191013651967,0.014859191013651967,0.0,4.711170237900359e-05,4.711170237900359e-05,0.0,0.000344169920488444,0.000344169920488444,0.0,0.0003,0.0003,0.0,-3.0,-3.0,0.0,0.0,0.105,8.016666666666666,26.950000000000003,4815.902,226,Hopper-v5,6198,Trial_7
1202.8899884223938,228,933888,88.12372350065752,382.9175948815982,63.34427057996792,86.51,346,0.014859191013651967,-3.0,0.99,4.711170237900359e-05,0.000344169920488444,0.0003,-265.7770080566406,2.3949966430664062,-558.6138916015625,0.007523429114371538,-4.88973331451416,-3.0,263.0306396484375,387.8506164550781,41.94528579711914,4.6977996826171875,99.51267623901367,1.0,-265.7770080566406,2.3949966430664062,-558.6138916015625,0.007523429114371538,-4.88973331451416,-3.0,263.0306396484375,387.8506164550781,41.94528579711914,346.0,346.0,0.0,0.014859191013651967,0.014859191013651967,0.0,4.711170237900359e-05,4.711170237900359e-05,0.0,0.000344169920488444,0.000344169920488444,0.0,0.0003,0.0003,0.0,-3.0,-3.0,0.0,0.0,0.11285714285714286,8.557142857142857,26.88571428571429,4819.626,227,Hopper-v5,6198,Trial_7
1208.1553649902344,229,937984,73.88258721970453,104.05282493355045,63.34427057996792,75.33,346,0.014859191013651967,-3.0,0.99,4.711170237900359e-05,0.000344169920488444,0.0003,-272.33306884765625,1.7450025081634521,-542.4595947265625,0.007322937715798616,-4.916743755340576,-3.0,270.8095703125,404.6861877441406,44.04597854614258,3.978281021118164,68.36674880981445,1.0,-272.33306884765625,1.7450025081634521,-542.4595947265625,0.007322937715798616,-4.916743755340576,-3.0,270.8095703125,404.6861877441406,44.04597854614258,346.0,346.0,0.0,0.014859191013651967,0.014859191013651967,0.0,4.711170237900359e-05,4.711170237900359e-05,0.0,0.000344169920488444,0.000344169920488444,0.0,0.0003,0.0003,0.0,-3.0,-3.0,0.0,0.0,0.10714285714285714,8.085714285714285,26.957142857142856,4876.446,228,Hopper-v5,6198,Trial_7
1212.9404237270355,230,942080,75.60934272871162,97.40905027626516,64.36005651848085,75.51,346,0.014859191013651967,-3.0,0.99,4.711170237900359e-05,0.000344169920488444,0.0003,-271.8987731933594,2.129100799560547,-515.1437377929688,0.00712639931589365,-4.943949222564697,-3.0,269.42584228515625,402.25140380859375,33.437042236328125,3.851287841796875,84.5709228515625,1.0,-271.8987731933594,2.129100799560547,-515.1437377929688,0.00712639931589365,-4.943949222564697,-3.0,269.42584228515625,402.25140380859375,33.437042236328125,346.0,346.0,0.0,0.014859191013651967,0.014859191013651967,0.0,4.711170237900359e-05,4.711170237900359e-05,0.0,0.000344169920488444,0.000344169920488444,0.0,0.0003,0.0003,0.0,-3.0,-3.0,0.0,0.0,0.11166666666666668,8.466666666666667,26.883333333333336,4868.53,229,Hopper-v5,6198,Trial_7
1217.6194219589233,231,946176,78.99139549887663,104.7476516866695,64.58387884469464,77.35,346,0.014859191013651967,-3.0,0.99,4.711170237900359e-05,0.000344169920488444,0.0003,-272.81219482421875,1.425969123840332,-538.711669921875,0.006939558312296867,-4.970517158508301,-3.0,270.85430908203125,386.6069641113281,32.83488464355469,3.6739730834960938,66.18561553955078,1.0,-272.81219482421875,1.425969123840332,-538.711669921875,0.006939558312296867,-4.970517158508301,-3.0,270.85430908203125,386.6069641113281,32.83488464355469,346.0,346.0,0.0,0.014859191013651967,0.014859191013651967,0.0,4.711170237900359e-05,4.711170237900359e-05,0.0,0.000344169920488444,0.000344169920488444,0.0,0.0003,0.0003,0.0,-3.0,-3.0,0.0,0.0,0.10857142857142857,8.0,26.900000000000002,4859.804,230,Hopper-v5,6198,Trial_7
1222.3814384937286,232,950272,88.68112238222778,114.82345399792389,66.36764987155794,83.73,346,0.014859191013651967,-3.0,0.99,4.711170237900359e-05,0.000344169920488444,0.0003,-263.69366455078125,1.6957478523254395,-526.9733276367188,0.006759189069271088,-4.996852397918701,-3.0,262.31085205078125,403.5986633300781,7.161403179168701,4.043087005615234,51.42288589477539,1.0,-263.69366455078125,1.6957478523254395,-526.9733276367188,0.006759189069271088,-4.996852397918701,-3.0,262.31085205078125,403.5986633300781,7.161403179168701,346.0,346.0,0.0,0.014859191013651967,0.014859191013651967,0.0,4.711170237900359e-05,4.711170237900359e-05,0.0,0.000344169920488444,0.000344169920488444,0.0,0.0003,0.0003,0.0,-3.0,-3.0,0.0,0.0,0.10833333333333334,8.366666666666667,26.916666666666668,4800.963,231,Hopper-v5,6198,Trial_7
1227.1731073856354,233,954368,100.95123940446018,189.76177205690212,69.14845230521057,91.79,346,0.014859191013651967,-3.0,0.99,4.711170237900359e-05,0.000344169920488444,0.0003,-256.64862060546875,1.9135088920593262,-560.0101318359375,0.0065821451134979725,-5.023394584655762,-3.0,254.13929748535156,378.0890808105469,9.537432670593262,4.071098327636719,94.84963035583496,1.0,-256.64862060546875,1.9135088920593262,-560.0101318359375,0.0065821451134979725,-5.023394584655762,-3.0,254.13929748535156,378.0890808105469,9.537432670593262,346.0,346.0,0.0,0.014859191013651967,0.014859191013651967,0.0,4.711170237900359e-05,4.711170237900359e-05,0.0,0.000344169920488444,0.000344169920488444,0.0,0.0003,0.0003,0.0,-3.0,-3.0,0.0,0.0,0.09999999999999999,8.6,26.850000000000005,4790.435,232,Hopper-v5,6198,Trial_7
1231.9804973602295,234,958464,108.69789909419853,189.76177205690212,82.9949022931929,96.83,346,0.014859191013651967,-3.0,0.99,4.711170237900359e-05,0.000344169920488444,0.0003,-260.28521728515625,1.3130477666854858,-544.041748046875,0.006410194095224142,-5.04986572265625,-3.0,258.5542907714844,411.7281799316406,8.98772144317627,3.3903656005859375,46.54628944396973,1.0,-260.28521728515625,1.3130477666854858,-544.041748046875,0.006410194095224142,-5.04986572265625,-3.0,258.5542907714844,411.7281799316406,8.98772144317627,346.0,346.0,0.0,0.014859191013651967,0.014859191013651967,0.0,4.711170237900359e-05,4.711170237900359e-05,0.0,0.000344169920488444,0.000344169920488444,0.0,0.0003,0.0003,0.0,-3.0,-3.0,0.0,0.0,0.11142857142857143,8.285714285714286,26.842857142857145,4793.76,233,Hopper-v5,6198,Trial_7
1236.7753863334656,235,962560,120.28216034614839,1207.0526697966013,82.9949022931929,101.28,346,0.014859191013651967,-3.0,0.99,4.711170237900359e-05,0.000344169920488444,0.0003,-257.5174865722656,1.816030502319336,-579.5072021484375,0.006243938114494085,-5.076144218444824,-3.0,256.1983337402344,391.8299865722656,3.051138401031494,4.14837646484375,112.81164169311523,1.0,-257.5174865722656,1.816030502319336,-579.5072021484375,0.006243938114494085,-5.076144218444824,-3.0,256.1983337402344,391.8299865722656,3.051138401031494,346.0,346.0,0.0,0.014859191013651967,0.014859191013651967,0.0,4.711170237900359e-05,4.711170237900359e-05,0.0,0.000344169920488444,0.000344169920488444,0.0,0.0003,0.0003,0.0,-3.0,-3.0,0.0,0.0,0.09999999999999998,8.285714285714286,26.97142857142857,4801.436,234,Hopper-v5,6198,Trial_7
1241.5818927288055,236,966656,177.7553424368265,1246.0968342426734,40.44389655050691,122.23,346,0.014859191013651967,-3.0,0.99,4.711170237900359e-05,0.000344169920488444,0.0003,-257.37896728515625,1.3480310440063477,-550.9718017578125,0.006084511522203684,-5.102008819580078,-3.0,255.2509765625,385.69482421875,1.0319279432296753,4.178733825683594,43.42525005340576,1.0,-257.37896728515625,1.3480310440063477,-550.9718017578125,0.006084511522203684,-5.102008819580078,-3.0,255.2509765625,385.69482421875,1.0319279432296753,346.0,346.0,0.0,0.014859191013651967,0.014859191013651967,0.0,4.711170237900359e-05,4.711170237900359e-05,0.0,0.000344169920488444,0.000344169920488444,0.0,0.0003,0.0003,0.0,-3.0,-3.0,0.0,0.0,0.08,8.266666666666667,26.833333333333332,4807.567,235,Hopper-v5,6198,Trial_7
1246.8252980709076,237,970752,295.9273289438645,1246.0968342426734,40.44389655050691,165.71,346,0.014859191013651967,-3.0,0.99,4.711170237900359e-05,0.000344169920488444,0.0003,-258.77825927734375,1.4646689891815186,-537.1337280273438,0.005928697995841503,-5.127950668334961,-3.0,256.2382507324219,385.8121032714844,0.5653801560401917,4.240242004394531,39.775315284729004,1.0,-258.77825927734375,1.4646689891815186,-537.1337280273438,0.005928697995841503,-5.127950668334961,-3.0,256.2382507324219,385.8121032714844,0.5653801560401917,346.0,346.0,0.0,0.014859191013651967,0.014859191013651967,0.0,4.711170237900359e-05,4.711170237900359e-05,0.0,0.000344169920488444,0.000344169920488444,0.0,0.0003,0.0003,0.0,-3.0,-3.0,0.0,0.0,0.06,7.8428571428571425,26.88571428571429,4859.964,236,Hopper-v5,6198,Trial_7
1251.6321606636047,238,974848,402.6804694884187,1246.0968342426734,40.44389655050691,206.09,346,0.014859191013651967,-3.0,0.99,4.711170237900359e-05,0.000344169920488444,0.0003,-253.54306030273438,1.649606704711914,-529.6110229492188,0.005780472885817289,-5.1532697677612305,-3.0,251.25738525390625,419.76861572265625,5.629227161407471,4.362827301025391,51.576300621032715,1.0,-253.54306030273438,1.649606704711914,-529.6110229492188,0.005780472885817289,-5.1532697677612305,-3.0,251.25738525390625,419.76861572265625,5.629227161407471,346.0,346.0,0.0,0.014859191013651967,0.014859191013651967,0.0,4.711170237900359e-05,4.711170237900359e-05,0.0,0.000344169920488444,0.000344169920488444,0.0,0.0003,0.0003,0.0,-3.0,-3.0,0.0,0.0,0.05714285714285715,8.042857142857143,26.999999999999996,4864.306,237,Hopper-v5,6198,Trial_7
1256.4010491371155,239,978944,457.15301307960823,1246.0968342426734,39.01796265817755,226.79,346,0.014859191013651967,-3.0,0.99,4.711170237900359e-05,0.000344169920488444,0.0003,-249.60775756835938,1.6406878232955933,-586.862060546875,0.005636794958263636,-5.178439617156982,-3.0,247.22149658203125,399.7140197753906,1.0626788139343262,4.124534606933594,67.76672744750977,1.0,-249.60775756835938,1.6406878232955933,-586.862060546875,0.005636794958263636,-5.178439617156982,-3.0,247.22149658203125,399.7140197753906,1.0626788139343262,346.0,346.0,0.0,0.014859191013651967,0.014859191013651967,0.0,4.711170237900359e-05,4.711170237900359e-05,0.0,0.000344169920488444,0.000344169920488444,0.0,0.0003,0.0003,0.0,-3.0,-3.0,0.0,0.0,0.06,7.600000000000001,27.099999999999998,4814.894,238,Hopper-v5,6198,Trial_7
1261.1140587329865,240,983040,486.89523674549724,1246.0968342426734,38.565913648067706,234.57,346,0.014859191013651967,-3.0,0.99,4.711170237900359e-05,0.000344169920488444,0.0003,-243.30809020996094,1.7163209915161133,-528.3353881835938,0.005501002073287964,-5.20282506942749,-3.0,240.04954528808594,405.72100830078125,1.5975130796432495,4.672229766845703,38.35697078704834,1.0,-243.30809020996094,1.7163209915161133,-528.3353881835938,0.005501002073287964,-5.20282506942749,-3.0,240.04954528808594,405.72100830078125,1.5975130796432495,346.0,346.0,0.0,0.014859191013651967,0.014859191013651967,0.0,4.711170237900359e-05,4.711170237900359e-05,0.0,0.000344169920488444,0.000344169920488444,0.0,0.0003,0.0003,0.0,-3.0,-3.0,0.0,0.0,0.05857142857142857,7.8,27.0,4807.585,239,Hopper-v5,6198,Trial_7
1265.8173608779907,241,987136,527.1041459728237,1278.256661324631,38.565913648067706,251.76,346,0.014859191013651967,-3.0,0.99,4.711170237900359e-05,0.000344169920488444,0.0003,-245.07968139648438,1.5438356399536133,-503.0762023925781,0.005375501234084368,-5.225903511047363,-3.0,243.22686767578125,411.88104248046875,0.37177324295043945,3.9417457580566406,47.64090538024902,1.0,-245.07968139648438,1.5438356399536133,-503.0762023925781,0.005375501234084368,-5.225903511047363,-3.0,243.22686767578125,411.88104248046875,0.37177324295043945,346.0,346.0,0.0,0.014859191013651967,0.014859191013651967,0.0,4.711170237900359e-05,4.711170237900359e-05,0.0,0.000344169920488444,0.000344169920488444,0.0,0.0003,0.0003,0.0,-3.0,-3.0,0.0,0.0,0.065,8.066666666666668,26.899999999999995,4810.008,240,Hopper-v5,6198,Trial_7
1270.5752375125885,242,991232,521.7028854155183,1562.874691799531,38.565913648067706,255.24,346,0.014859191013651967,-3.0,0.99,4.711170237900359e-05,0.000344169920488444,0.0003,-247.64947509765625,1.4477685689926147,-564.708251953125,0.005247946362942457,-5.249918460845947,-3.0,245.28472900390625,400.9697265625,0.3502197861671448,4.4711456298828125,41.84102249145508,1.0,-247.64947509765625,1.4477685689926147,-564.708251953125,0.005247946362942457,-5.249918460845947,-3.0,245.28472900390625,400.9697265625,0.3502197861671448,346.0,346.0,0.0,0.014859191013651967,0.014859191013651967,0.0,4.711170237900359e-05,4.711170237900359e-05,0.0,0.000344169920488444,0.000344169920488444,0.0,0.0003,0.0003,0.0,-3.0,-3.0,0.0,0.0,0.05166666666666667,8.200000000000001,27.066666666666666,4809.481,241,Hopper-v5,6198,Trial_7
1275.3093478679657,243,995328,452.67736569082723,1562.874691799531,38.565913648067706,227.43,346,0.014859191013651967,-3.0,0.99,4.711170237900359e-05,0.000344169920488444,0.0003,-237.81912231445312,1.580780267715454,-560.3239135742188,0.005122214090079069,-5.274168491363525,-3.0,235.1964874267578,394.6107482910156,0.31061750650405884,3.920747756958008,47.61038017272949,1.0,-237.81912231445312,1.580780267715454,-560.3239135742188,0.005122214090079069,-5.274168491363525,-3.0,235.1964874267578,394.6107482910156,0.31061750650405884,346.0,346.0,0.0,0.014859191013651967,0.014859191013651967,0.0,4.711170237900359e-05,4.711170237900359e-05,0.0,0.000344169920488444,0.000344169920488444,0.0,0.0003,0.0003,0.0,-3.0,-3.0,0.0,0.0,0.05428571428571428,8.1,27.04285714285714,4803.77,242,Hopper-v5,6198,Trial_7
1280.588794708252,244,999424,432.44921484511394,1562.874691799531,38.565913648067706,215.14,346,0.014859191013651967,-3.0,0.99,4.711170237900359e-05,0.000344169920488444,0.0003,-235.08413696289062,1.4750430583953857,-527.2024536132812,0.0049993013963103294,-5.298457145690918,-3.0,232.54949951171875,406.4663391113281,0.26765042543411255,4.586181640625,48.23764133453369,1.0,-235.08413696289062,1.4750430583953857,-527.2024536132812,0.0049993013963103294,-5.298457145690918,-3.0,232.54949951171875,406.4663391113281,0.26765042543411255,346.0,346.0,0.0,0.014859191013651967,0.014859191013651967,0.0,4.711170237900359e-05,4.711170237900359e-05,0.0,0.000344169920488444,0.000344169920488444,0.0,0.0003,0.0003,0.0,-3.0,-3.0,0.0,0.0,0.05714285714285714,7.6000000000000005,26.900000000000006,4851.11,243,Hopper-v5,6198,Trial_7
1285.398989200592,245,1003520,471.10159071513505,2072.910898185784,38.90609823361694,230.36,346,0.014859191013651967,-3.0,0.99,4.711170237900359e-05,0.000344169920488444,0.0003,-241.83531188964844,1.931864857673645,-574.1771240234375,0.004879646934568882,-5.3226823806762695,-3.0,239.27880859375,404.5194396972656,0.23429501056671143,4.128269195556641,76.7551212310791,1.0,-241.83531188964844,1.931864857673645,-574.1771240234375,0.004879646934568882,-5.3226823806762695,-3.0,239.27880859375,404.5194396972656,0.23429501056671143,346.0,346.0,0.0,0.014859191013651967,0.014859191013651967,0.0,4.711170237900359e-05,4.711170237900359e-05,0.0,0.000344169920488444,0.000344169920488444,0.0,0.0003,0.0003,0.0,-3.0,-3.0,0.0,0.0,0.05666666666666667,8.116666666666667,26.916666666666668,4852.404,244,Hopper-v5,6198,Trial_7
4.05729341506958,1,4096,14.776899829243142,125.91676735610072,3.822491701623137,19.523560209424083,1069,0.01272578435686593,-3.0,0.99,5.233978754385365e-05,0.00023959637295543142,0.0003,-5.026896953582764,0.19651931524276733,-0.08232743293046951,0.9836121797561646,-0.016523558646440506,-3.0,3.14140248298645,7.604804039001465,0.9620861411094666,0.688437283039093,4.288073897361755,1.0,-5.026896953582764,0.19651931524276733,-0.08232743293046951,0.9836121797561646,-0.016523558646440506,-3.0,3.14140248298645,7.604804039001465,0.9620861411094666,1069.0,1069.0,0.0,0.01272578435686593,0.01272578435686593,0.0,5.233978754385365e-05,5.233978754385365e-05,0.0,0.00023959637295543142,0.00023959637295543142,0.0,0.0003,0.0003,0.0,-3.0,-3.0,0.0,0.0,0.20666666666666667,24.083333333333332,57.01666666666666,4039.704,0,Hopper-v5,6198,Trial_8
9.124906301498413,2,8192,17.058348174439782,107.30817520325732,3.6002264760627947,22.483695652173914,1069,0.01272578435686593,-3.0,0.99,5.233978754385365e-05,0.00023959637295543142,0.0003,-5.808531761169434,0.15564975142478943,-0.20359057188034058,0.9602648019790649,-0.04054621234536171,-3.0,3.9493560791015625,13.381823539733887,1.4769288301467896,0.6078935265541077,4.577833533287048,1.0,-5.808531761169434,0.15564975142478943,-0.20359057188034058,0.9602648019790649,-0.04054621234536171,-3.0,3.9493560791015625,13.381823539733887,1.4769288301467896,1069.0,1069.0,0.0,0.01272578435686593,0.01272578435686593,0.0,5.233978754385365e-05,5.233978754385365e-05,0.0,0.00023959637295543142,0.00023959637295543142,0.0,0.0003,0.0003,0.0,-3.0,-3.0,0.0,0.0,0.2985714285714286,28.528571428571432,57.48571428571428,4547.125,1,Hopper-v5,6198,Trial_8
14.303697347640991,3,12288,18.456207892398723,95.75338964739977,4.667038127137307,23.362573099415204,1069,0.01272578435686593,-3.0,0.99,5.233978754385365e-05,0.00023959637295543142,0.0003,-7.425363540649414,0.1667073369026184,-0.3241459131240845,0.9374951720237732,-0.0645436942577362,-3.0,5.571207046508789,14.086508750915527,1.9099149703979492,0.6069099307060242,6.0737305879592896,1.0,-7.425363540649414,0.1667073369026184,-0.3241459131240845,0.9374951720237732,-0.0645436942577362,-3.0,5.571207046508789,14.086508750915527,1.9099149703979492,1069.0,1069.0,0.0,0.01272578435686593,0.01272578435686593,0.0,5.233978754385365e-05,5.233978754385365e-05,0.0,0.00023959637295543142,0.00023959637295543142,0.0,0.0003,0.0003,0.0,-3.0,-3.0,0.0,0.0,0.3071428571428572,28.342857142857145,57.51428571428571,4752.757,2,Hopper-v5,6198,Trial_8
19.573960542678833,4,16384,25.147141531338203,160.6288316902557,3.9169394606137864,27.49655172413793,1069,0.01272578435686593,-3.0,0.99,5.233978754385365e-05,0.00023959637295543142,0.0003,-9.645586967468262,0.2303103655576706,-0.4452369809150696,0.9153618812561035,-0.08843579888343811,-3.0,7.8245978355407715,29.655227661132812,2.4325733184814453,0.8340387344360352,7.233953952789307,1.0,-9.645586967468262,0.2303103655576706,-0.4452369809150696,0.9153618812561035,-0.08843579888343811,-3.0,7.8245978355407715,29.655227661132812,2.4325733184814453,1069.0,1069.0,0.0,0.01272578435686593,0.01272578435686593,0.0,5.233978754385365e-05,5.233978754385365e-05,0.0,0.00023959637295543142,0.00023959637295543142,0.0,0.0003,0.0003,0.0,-3.0,-3.0,0.0,0.0,0.27571428571428575,28.342857142857145,57.22857142857142,4879.325,3,Hopper-v5,6198,Trial_8
25.006680250167847,5,20480,34.19940952961808,156.64870750466778,3.3596281330624755,32.23728813559322,1069,0.01272578435686593,-3.0,0.99,5.233978754385365e-05,0.00023959637295543142,0.0003,-11.360170364379883,0.25188806653022766,-0.5471069812774658,0.8939071297645569,-0.11215347796678543,-3.0,9.562734603881836,31.667835235595703,2.204761028289795,0.9745817184448242,8.38375735282898,1.0,-11.360170364379883,0.25188806653022766,-0.5471069812774658,0.8939071297645569,-0.11215347796678543,-3.0,9.562734603881836,31.667835235595703,2.204761028289795,1069.0,1069.0,0.0,0.01272578435686593,0.01272578435686593,0.0,5.233978754385365e-05,5.233978754385365e-05,0.0,0.00023959637295543142,0.00023959637295543142,0.0,0.0003,0.0003,0.0,-3.0,-3.0,0.0,0.0,0.30500000000000005,28.887500000000003,57.3625,4987.198,4,Hopper-v5,6198,Trial_8
30.395917892456055,6,24576,45.76965571152683,167.72792692946723,4.373923458026242,36.8974358974359,1069,0.01272578435686593,-3.0,0.99,5.233978754385365e-05,0.00023959637295543142,0.0003,-14.432450294494629,0.2971596121788025,-0.6478546857833862,0.8733611702919006,-0.13540613651275635,-3.0,12.623071670532227,37.045345306396484,3.3998537063598633,0.9375735521316528,11.29550576210022,1.0,-14.432450294494629,0.2971596121788025,-0.6478546857833862,0.8733611702919006,-0.13540613651275635,-3.0,12.623071670532227,37.045345306396484,3.3998537063598633,1069.0,1069.0,0.0,0.01272578435686593,0.01272578435686593,0.0,5.233978754385365e-05,5.233978754385365e-05,0.0,0.00023959637295543142,0.00023959637295543142,0.0,0.0003,0.0003,0.0,-3.0,-3.0,0.0,0.0,0.31857142857142856,28.157142857142855,57.58571428571429,5051.938,5,Hopper-v5,6198,Trial_8
35.73455834388733,7,28672,45.68059537340492,165.326271249749,5.223083775218236,36.5377358490566,1069,0.01272578435686593,-3.0,0.99,5.233978754385365e-05,0.00023959637295543142,0.0003,-16.423080444335938,0.3665377199649811,-0.7169042825698853,0.8537561893463135,-0.1581096202135086,-3.0,14.634779930114746,37.216766357421875,3.4229564666748047,0.9709014892578125,14.35082221031189,1.0,-16.423080444335938,0.3665377199649811,-0.7169042825698853,0.8537561893463135,-0.1581096202135086,-3.0,14.634779930114746,37.216766357421875,3.4229564666748047,1069.0,1069.0,0.0,0.01272578435686593,0.01272578435686593,0.0,5.233978754385365e-05,5.233978754385365e-05,0.0,0.00023959637295543142,0.00023959637295543142,0.0,0.0003,0.0003,0.0,-3.0,-3.0,0.0,0.0,0.23857142857142857,28.099999999999998,57.51428571428571,5091.048,6,Hopper-v5,6198,Trial_8
40.82032775878906,8,32768,57.50430554832178,169.29827179827566,6.002300306588631,43.23,1069,0.01272578435686593,-3.0,0.99,5.233978754385365e-05,0.00023959637295543142,0.0003,-19.3181095123291,0.42352551221847534,-0.783132791519165,0.8351252675056458,-0.18017351627349854,-3.0,17.55948257446289,44.71247100830078,4.3975629806518555,1.317875862121582,18.215631008148193,1.0,-19.3181095123291,0.42352551221847534,-0.783132791519165,0.8351252675056458,-0.18017351627349854,-3.0,17.55948257446289,44.71247100830078,4.3975629806518555,1069.0,1069.0,0.0,0.01272578435686593,0.01272578435686593,0.0,5.233978754385365e-05,5.233978754385365e-05,0.0,0.00023959637295543142,0.00023959637295543142,0.0,0.0003,0.0003,0.0,-3.0,-3.0,0.0,0.0,0.27142857142857146,28.857142857142858,57.642857142857146,5089.01,7,Hopper-v5,6198,Trial_8
46.25254940986633,9,36864,61.97102774056043,169.48053745066088,6.498053525458531,46.05,1069,0.01272578435686593,-3.0,0.99,5.233978754385365e-05,0.00023959637295543142,0.0003,-21.87717628479004,0.44546887278556824,-0.8362818360328674,0.8174325227737427,-0.20158687233924866,-3.0,20.229564666748047,69.3764419555664,4.4006171226501465,1.2251033782958984,21.67768907546997,1.0,-21.87717628479004,0.44546887278556824,-0.8362818360328674,0.8174325227737427,-0.20158687233924866,-3.0,20.229564666748047,69.3764419555664,4.4006171226501465,1069.0,1069.0,0.0,0.01272578435686593,0.01272578435686593,0.0,5.233978754385365e-05,5.233978754385365e-05,0.0,0.00023959637295543142,0.00023959637295543142,0.0,0.0003,0.0003,0.0,-3.0,-3.0,0.0,0.0,0.27125,27.925,57.825,5125.724,8,Hopper-v5,6198,Trial_8
51.43877863883972,10,40960,68.27501059708848,144.22502868594964,7.856823425149522,45.07,1069,0.01272578435686593,-3.0,0.99,5.233978754385365e-05,0.00023959637295543142,0.0003,-24.582658767700195,0.516610860824585,-0.9241503477096558,0.8005867004394531,-0.22241048514842987,-3.0,22.961505889892578,68.37629699707031,3.600980520248413,1.4134140014648438,28.976787090301514,1.0,-24.582658767700195,0.516610860824585,-0.9241503477096558,0.8005867004394531,-0.22241048514842987,-3.0,22.961505889892578,68.37629699707031,3.600980520248413,1069.0,1069.0,0.0,0.01272578435686593,0.01272578435686593,0.0,5.233978754385365e-05,5.233978754385365e-05,0.0,0.00023959637295543142,0.00023959637295543142,0.0,0.0003,0.0003,0.0,-3.0,-3.0,0.0,0.0,0.27714285714285714,28.7,57.98571428571428,5130.82,9,Hopper-v5,6198,Trial_8
57.05973267555237,11,45056,63.75809884674762,150.8482370075429,6.871058326114474,40.97222222222222,1069,0.01272578435686593,-3.0,0.99,5.233978754385365e-05,0.00023959637295543142,0.0003,-27.041383743286133,0.49450165033340454,-0.9124619364738464,0.7843348383903503,-0.24291923642158508,-3.0,25.161779403686523,51.17276382446289,2.3327887058258057,1.2416024208068848,30.59046745300293,1.0,-27.041383743286133,0.49450165033340454,-0.9124619364738464,0.7843348383903503,-0.24291923642158508,-3.0,25.161779403686523,51.17276382446289,2.3327887058258057,1069.0,1069.0,0.0,0.01272578435686593,0.01272578435686593,0.0,5.233978754385365e-05,5.233978754385365e-05,0.0,0.00023959637295543142,0.00023959637295543142,0.0,0.0003,0.0003,0.0,-3.0,-3.0,0.0,0.0,0.3228571428571429,28.785714285714285,58.028571428571425,5287.799,10,Hopper-v5,6198,Trial_8
62.54086256027222,12,49152,63.14376079751835,120.16032220843955,4.353881753723741,38.745098039215684,1069,0.01272578435686593,-3.0,0.99,5.233978754385365e-05,0.00023959637295543142,0.0003,-29.315372467041016,0.5157946348190308,-0.9823089838027954,0.7685444355010986,-0.26325690746307373,-3.0,27.685070037841797,60.287113189697266,2.6955416202545166,1.3202643394470215,31.43779945373535,1.0,-29.315372467041016,0.5157946348190308,-0.9823089838027954,0.7685444355010986,-0.26325690746307373,-3.0,27.685070037841797,60.287113189697266,2.6955416202545166,1069.0,1069.0,0.0,0.01272578435686593,0.01272578435686593,0.0,5.233978754385365e-05,5.233978754385365e-05,0.0,0.00023959637295543142,0.00023959637295543142,0.0,0.0003,0.0003,0.0,-3.0,-3.0,0.0,0.0,0.30625,28.125,58.1875,5329.511,11,Hopper-v5,6198,Trial_8
67.7937331199646,13,53248,64.72099571717048,174.41316709466676,37.51816053426499,38.98148148148148,1069,0.01272578435686593,-3.0,0.99,5.233978754385365e-05,0.00023959637295543142,0.0003,-32.397491455078125,0.6201711893081665,-1.1042371988296509,0.7530537843704224,-0.283618688583374,-3.0,30.87407684326172,61.25520324707031,5.041039943695068,1.3936233520507812,34.973052978515625,1.0,-32.397491455078125,0.6201711893081665,-1.1042371988296509,0.7530537843704224,-0.283618688583374,-3.0,30.87407684326172,61.25520324707031,5.041039943695068,1069.0,1069.0,0.0,0.01272578435686593,0.01272578435686593,0.0,5.233978754385365e-05,5.233978754385365e-05,0.0,0.00023959637295543142,0.00023959637295543142,0.0,0.0003,0.0003,0.0,-3.0,-3.0,0.0,0.0,0.31142857142857144,28.428571428571427,58.199999999999996,5336.992,12,Hopper-v5,6198,Trial_8
73.20408225059509,14,57344,65.87780446036207,116.7573775581363,38.33629735371656,38.425925925925924,1069,0.01272578435686593,-3.0,0.99,5.233978754385365e-05,0.00023959637295543142,0.0003,-33.43415451049805,0.685004472732544,-1.1533753871917725,0.73789381980896,-0.30395540595054626,-3.0,31.676145553588867,56.84450149536133,6.877090930938721,1.3540868759155273,37.339903831481934,1.0,-33.43415451049805,0.685004472732544,-1.1533753871917725,0.73789381980896,-0.30395540595054626,-3.0,31.676145553588867,56.84450149536133,6.877090930938721,1069.0,1069.0,0.0,0.01272578435686593,0.01272578435686593,0.0,5.233978754385365e-05,5.233978754385365e-05,0.0,0.00023959637295543142,0.00023959637295543142,0.0,0.0003,0.0003,0.0,-3.0,-3.0,0.0,0.0,0.25285714285714284,28.428571428571427,58.385714285714286,5350.809,13,Hopper-v5,6198,Trial_8
78.27312564849854,15,61440,68.95332546548653,153.14196064468857,39.58462353569719,39.48039215686274,1069,0.01272578435686593,-3.0,0.99,5.233978754385365e-05,0.00023959637295543142,0.0003,-36.306640625,0.7816842794418335,-1.094149112701416,0.7231960892677307,-0.3240748941898346,-3.0,34.460662841796875,67.0986328125,9.032641410827637,1.625352382659912,40.39134979248047,1.0,-36.306640625,0.7816842794418335,-1.094149112701416,0.7231960892677307,-0.3240748941898346,-3.0,34.460662841796875,67.0986328125,9.032641410827637,1069.0,1069.0,0.0,0.01272578435686593,0.01272578435686593,0.0,5.233978754385365e-05,5.233978754385365e-05,0.0,0.00023959637295543142,0.00023959637295543142,0.0,0.0003,0.0003,0.0,-3.0,-3.0,0.0,0.0,0.2457142857142857,28.61428571428571,58.57142857142857,5314.787,14,Hopper-v5,6198,Trial_8
83.39320874214172,16,65536,73.63216315275874,121.99991722265942,36.646820732213875,41.95,1069,0.01272578435686593,-3.0,0.99,5.233978754385365e-05,0.00023959637295543142,0.0003,-39.01854705810547,0.8297712802886963,-1.2363722324371338,0.7086300253868103,-0.34442177414894104,-3.0,37.08054733276367,64.4416732788086,6.749647617340088,1.6456055641174316,42.21111297607422,1.0,-39.01854705810547,0.8297712802886963,-1.2363722324371338,0.7086300253868103,-0.34442177414894104,-3.0,37.08054733276367,64.4416732788086,6.749647617340088,1069.0,1069.0,0.0,0.01272578435686593,0.01272578435686593,0.0,5.233978754385365e-05,5.233978754385365e-05,0.0,0.00023959637295543142,0.00023959637295543142,0.0,0.0003,0.0003,0.0,-3.0,-3.0,0.0,0.0,0.26142857142857145,28.52857142857143,58.57142857142857,5288.186,15,Hopper-v5,6198,Trial_8
88.98092699050903,17,69632,85.50228572439958,128.82222361287288,37.11703612840717,48.26,1069,0.01272578435686593,-3.0,0.99,5.233978754385365e-05,0.00023959637295543142,0.0003,-40.79801559448242,0.7359966039657593,-1.2633248567581177,0.6940788626670837,-0.3651696443557739,-3.0,38.84393310546875,79.85596466064453,7.299640655517578,1.3654489517211914,42.57844161987305,1.0,-40.79801559448242,0.7359966039657593,-1.2633248567581177,0.6940788626670837,-0.3651696443557739,-3.0,38.84393310546875,79.85596466064453,7.299640655517578,1069.0,1069.0,0.0,0.01272578435686593,0.01272578435686593,0.0,5.233978754385365e-05,5.233978754385365e-05,0.0,0.00023959637295543142,0.00023959637295543142,0.0,0.0003,0.0003,0.0,-3.0,-3.0,0.0,0.0,0.27999999999999997,28.900000000000006,58.699999999999996,5313.169,16,Hopper-v5,6198,Trial_8
94.2623884677887,18,73728,93.87857683251258,148.6073042939997,36.29009877193685,52.46,1069,0.01272578435686593,-3.0,0.99,5.233978754385365e-05,0.00023959637295543142,0.0003,-43.77756118774414,0.7738760709762573,-1.316080927848816,0.6798183917999268,-0.38592952489852905,-3.0,42.20030212402344,81.19136810302734,10.612932205200195,1.3593769073486328,46.604872703552246,1.0,-43.77756118774414,0.7738760709762573,-1.316080927848816,0.6798183917999268,-0.38592952489852905,-3.0,42.20030212402344,81.19136810302734,10.612932205200195,1069.0,1069.0,0.0,0.01272578435686593,0.01272578435686593,0.0,5.233978754385365e-05,5.233978754385365e-05,0.0,0.00023959637295543142,0.00023959637295543142,0.0,0.0003,0.0003,0.0,-3.0,-3.0,0.0,0.0,0.26857142857142857,28.085714285714285,58.84285714285714,5332.676,17,Hopper-v5,6198,Trial_8
99.73695230484009,19,77824,114.30704403873257,161.3476290743047,36.29009877193685,61.23,1069,0.01272578435686593,-3.0,0.99,5.233978754385365e-05,0.00023959637295543142,0.0003,-45.12476348876953,0.8584909439086914,-1.3777987957000732,0.6658703088760376,-0.40666040778160095,-3.0,43.214752197265625,72.80358123779297,19.098962783813477,1.3740291595458984,47.667409896850586,1.0,-45.12476348876953,0.8584909439086914,-1.3777987957000732,0.6658703088760376,-0.40666040778160095,-3.0,43.214752197265625,72.80358123779297,19.098962783813477,1069.0,1069.0,0.0,0.01272578435686593,0.01272578435686593,0.0,5.233978754385365e-05,5.233978754385365e-05,0.0,0.00023959637295543142,0.00023959637295543142,0.0,0.0003,0.0003,0.0,-3.0,-3.0,0.0,0.0,0.2475,28.325,58.8875,5337.02,18,Hopper-v5,6198,Trial_8
105.11446380615234,20,81920,147.5269307898857,188.38599689296933,47.02399112751025,74.47,1069,0.01272578435686593,-3.0,0.99,5.233978754385365e-05,0.00023959637295543142,0.0003,-50.55673599243164,1.0197125673294067,-1.4478856325149536,0.6521428823471069,-0.42749160528182983,-3.0,48.82853317260742,94.58613586425781,10.095133781433105,1.660313606262207,51.71267127990723,1.0,-50.55673599243164,1.0197125673294067,-1.4478856325149536,0.6521428823471069,-0.42749160528182983,-3.0,48.82853317260742,94.58613586425781,10.095133781433105,1069.0,1069.0,0.0,0.01272578435686593,0.01272578435686593,0.0,5.233978754385365e-05,5.233978754385365e-05,0.0,0.00023959637295543142,0.00023959637295543142,0.0,0.0003,0.0003,0.0,-3.0,-3.0,0.0,0.0,0.2942857142857143,28.414285714285715,58.94285714285716,5355.746,19,Hopper-v5,6198,Trial_8
110.44629836082458,21,86016,166.847315036119,199.65341381262243,38.791071506780355,81.39,1069,0.01272578435686593,-3.0,0.99,5.233978754385365e-05,0.00023959637295543142,0.0003,-49.42626190185547,0.9991210699081421,-1.379544734954834,0.6388094425201416,-0.44814908504486084,-3.0,47.32329177856445,88.25747680664062,4.625897407531738,1.5908937454223633,51.67952537536621,1.0,-49.42626190185547,0.9991210699081421,-1.379544734954834,0.6388094425201416,-0.44814908504486084,-3.0,47.32329177856445,88.25747680664062,4.625897407531738,1069.0,1069.0,0.0,0.01272578435686593,0.01272578435686593,0.0,5.233978754385365e-05,5.233978754385365e-05,0.0,0.00023959637295543142,0.00023959637295543142,0.0,0.0003,0.0003,0.0,-3.0,-3.0,0.0,0.0,0.24857142857142858,28.67142857142857,59.142857142857146,5326.872,20,Hopper-v5,6198,Trial_8
116.0446355342865,22,90112,167.89123956264135,199.65341381262243,38.791071506780355,81.85,1069,0.01272578435686593,-3.0,0.99,5.233978754385365e-05,0.00023959637295543142,0.0003,-53.76274871826172,0.8420593738555908,-1.4830772876739502,0.6258801817893982,-0.4685963988304138,-3.0,51.713096618652344,103.80465698242188,16.36709976196289,1.4060087203979492,52.28848934173584,1.0,-53.76274871826172,0.8420593738555908,-1.4830772876739502,0.6258801817893982,-0.4685963988304138,-3.0,51.713096618652344,103.80465698242188,16.36709976196289,1069.0,1069.0,0.0,0.01272578435686593,0.01272578435686593,0.0,5.233978754385365e-05,5.233978754385365e-05,0.0,0.00023959637295543142,0.00023959637295543142,0.0,0.0003,0.0003,0.0,-3.0,-3.0,0.0,0.0,0.21625,28.262500000000003,59.3,5338.562,21,Hopper-v5,6198,Trial_8
121.40035581588745,23,94208,167.38268806172036,198.92912896531607,42.040216727603536,81.95,1069,0.01272578435686593,-3.0,0.99,5.233978754385365e-05,0.00023959637295543142,0.0003,-56.0965690612793,1.0633866786956787,-1.442713737487793,0.6130695939064026,-0.48927685618400574,-3.0,54.35064697265625,105.24517822265625,18.5758113861084,1.6137475967407227,57.2052059173584,1.0,-56.0965690612793,1.0633866786956787,-1.442713737487793,0.6130695939064026,-0.48927685618400574,-3.0,54.35064697265625,105.24517822265625,18.5758113861084,1069.0,1069.0,0.0,0.01272578435686593,0.01272578435686593,0.0,5.233978754385365e-05,5.233978754385365e-05,0.0,0.00023959637295543142,0.00023959637295543142,0.0,0.0003,0.0003,0.0,-3.0,-3.0,0.0,0.0,0.27142857142857146,28.228571428571428,59.39999999999999,5348.78,22,Hopper-v5,6198,Trial_8
126.86713981628418,24,98304,170.9274870573217,199.11180550888034,42.040216727603536,82.0,1069,0.01272578435686593,-3.0,0.99,5.233978754385365e-05,0.00023959637295543142,0.0003,-59.25211715698242,0.8588480949401855,-1.7302799224853516,0.6004850268363953,-0.5100176334381104,-3.0,57.41646194458008,103.28001403808594,17.6113224029541,1.7575864791870117,57.65514373779297,1.0,-59.25211715698242,0.8588480949401855,-1.7302799224853516,0.6004850268363953,-0.5100176334381104,-3.0,57.41646194458008,103.28001403808594,17.6113224029541,1069.0,1069.0,0.0,0.01272578435686593,0.01272578435686593,0.0,5.233978754385365e-05,5.233978754385365e-05,0.0,0.00023959637295543142,0.00023959637295543142,0.0,0.0003,0.0003,0.0,-3.0,-3.0,0.0,0.0,0.26749999999999996,28.0625,59.537499999999994,5354.523,23,Hopper-v5,6198,Trial_8
132.17593479156494,25,102400,176.35799379339795,199.28258299724496,43.73753951767603,83.56,1069,0.01272578435686593,-3.0,0.99,5.233978754385365e-05,0.00023959637295543142,0.0003,-60.714263916015625,0.8754963278770447,-1.6953778266906738,0.5881777405738831,-0.5307260155677795,-3.0,58.80301284790039,104.49357604980469,11.453348159790039,1.483260154724121,59.59914684295654,1.0,-60.714263916015625,0.8754963278770447,-1.6953778266906738,0.5881777405738831,-0.5307260155677795,-3.0,58.80301284790039,104.49357604980469,11.453348159790039,1069.0,1069.0,0.0,0.01272578435686593,0.01272578435686593,0.0,5.233978754385365e-05,5.233978754385365e-05,0.0,0.00023959637295543142,0.00023959637295543142,0.0,0.0003,0.0003,0.0,-3.0,-3.0,0.0,0.0,0.2857142857142857,28.171428571428574,59.771428571428565,5378.643,24,Hopper-v5,6198,Trial_8
137.99185276031494,26,106496,178.12280521006363,199.28258299724496,160.74356156578656,84.33,1069,0.01272578435686593,-3.0,0.99,5.233978754385365e-05,0.00023959637295543142,0.0003,-63.56004333496094,0.829423725605011,-1.8880447149276733,0.5760928988456726,-0.5514863729476929,-3.0,61.7621955871582,110.31169128417969,15.23757553100586,1.5389423370361328,60.86625099182129,1.0,-63.56004333496094,0.829423725605011,-1.8880447149276733,0.5760928988456726,-0.5514863729476929,-3.0,61.7621955871582,110.31169128417969,15.23757553100586,1069.0,1069.0,0.0,0.01272578435686593,0.01272578435686593,0.0,5.233978754385365e-05,5.233978754385365e-05,0.0,0.00023959637295543142,0.00023959637295543142,0.0,0.0003,0.0003,0.0,-3.0,-3.0,0.0,0.0,0.29000000000000004,28.5125,59.824999999999996,5447.816,25,Hopper-v5,6198,Trial_8
143.28344774246216,27,110592,178.46025941895275,196.37373298070517,164.47667087412663,84.14,1069,0.01272578435686593,-3.0,0.99,5.233978754385365e-05,0.00023959637295543142,0.0003,-65.37321472167969,1.0135023593902588,-1.800997257232666,0.5641208291053772,-0.5724867582321167,-3.0,63.43296813964844,111.84912872314453,10.760747909545898,1.403365135192871,69.32063674926758,1.0,-65.37321472167969,1.0135023593902588,-1.800997257232666,0.5641208291053772,-0.5724867582321167,-3.0,63.43296813964844,111.84912872314453,10.760747909545898,1069.0,1069.0,0.0,0.01272578435686593,0.01272578435686593,0.0,5.233978754385365e-05,5.233978754385365e-05,0.0,0.00023959637295543142,0.00023959637295543142,0.0,0.0003,0.0003,0.0,-3.0,-3.0,0.0,0.0,0.2742857142857143,28.828571428571426,59.95714285714286,5418.059,26,Hopper-v5,6198,Trial_8
148.55977511405945,28,114688,180.25749753278993,207.72337623982412,163.66056702261955,84.37,1069,0.01272578435686593,-3.0,0.99,5.233978754385365e-05,0.00023959637295543142,0.0003,-69.11859130859375,1.3791790008544922,-1.9212288856506348,0.5524071455001831,-0.5934699177742004,-3.0,67.32185363769531,117.70108032226562,15.335065841674805,1.9895458221435547,70.95166778564453,1.0,-69.11859130859375,1.3791790008544922,-1.9212288856506348,0.5524071455001831,-0.5934699177742004,-3.0,67.32185363769531,117.70108032226562,15.335065841674805,1069.0,1069.0,0.0,0.01272578435686593,0.01272578435686593,0.0,5.233978754385365e-05,5.233978754385365e-05,0.0,0.00023959637295543142,0.00023959637295543142,0.0,0.0003,0.0003,0.0,-3.0,-3.0,0.0,0.0,0.2642857142857143,28.171428571428574,60.057142857142864,5417.303,27,Hopper-v5,6198,Trial_8
154.0189163684845,29,118784,180.63840515921333,207.72337623982412,163.66056702261955,84.49,1069,0.01272578435686593,-3.0,0.99,5.233978754385365e-05,0.00023959637295543142,0.0003,-70.59115600585938,1.0831481218338013,-2.0596704483032227,0.540805995464325,-0.6146947145462036,-3.0,68.46660614013672,110.280517578125,10.92861270904541,1.6971549987792969,71.47016525268555,1.0,-70.59115600585938,1.0831481218338013,-2.0596704483032227,0.540805995464325,-0.6146947145462036,-3.0,68.46660614013672,110.280517578125,10.92861270904541,1069.0,1069.0,0.0,0.01272578435686593,0.01272578435686593,0.0,5.233978754385365e-05,5.233978754385365e-05,0.0,0.00023959637295543142,0.00023959637295543142,0.0,0.0003,0.0003,0.0,-3.0,-3.0,0.0,0.0,0.23714285714285716,28.228571428571428,60.114285714285714,5415.795,28,Hopper-v5,6198,Trial_8
159.38318490982056,30,122880,179.7956483082413,201.61808084321808,165.9666474118413,84.19,1069,0.01272578435686593,-3.0,0.99,5.233978754385365e-05,0.00023959637295543142,0.0003,-73.2069091796875,1.03739333152771,-2.120983123779297,0.5292962789535522,-0.6362069249153137,-3.0,71.28939819335938,114.84766387939453,18.907087326049805,1.7027549743652344,70.99602508544922,1.0,-73.2069091796875,1.03739333152771,-2.120983123779297,0.5292962789535522,-0.6362069249153137,-3.0,71.28939819335938,114.84766387939453,18.907087326049805,1069.0,1069.0,0.0,0.01272578435686593,0.01272578435686593,0.0,5.233978754385365e-05,5.233978754385365e-05,0.0,0.00023959637295543142,0.00023959637295543142,0.0,0.0003,0.0003,0.0,-3.0,-3.0,0.0,0.0,0.3,27.887500000000003,60.1125,5414.837,29,Hopper-v5,6198,Trial_8
164.59679412841797,31,126976,178.50387819725245,200.67087047105957,165.33266269491668,83.97,1069,0.01272578435686593,-3.0,0.99,5.233978754385365e-05,0.00023959637295543142,0.0003,-74.40546417236328,1.3236926794052124,-2.0193681716918945,0.5179316401481628,-0.6579119563102722,-3.0,71.87837982177734,122.31123352050781,4.167533874511719,1.8278884887695312,74.85140800476074,1.0,-74.40546417236328,1.3236926794052124,-2.0193681716918945,0.5179316401481628,-0.6579119563102722,-3.0,71.87837982177734,122.31123352050781,4.167533874511719,1069.0,1069.0,0.0,0.01272578435686593,0.01272578435686593,0.0,5.233978754385365e-05,5.233978754385365e-05,0.0,0.00023959637295543142,0.00023959637295543142,0.0,0.0003,0.0003,0.0,-3.0,-3.0,0.0,0.0,0.3085714285714286,28.342857142857145,60.1857142857143,5402.774,30,Hopper-v5,6198,Trial_8
170.05045247077942,32,131072,178.179720524861,200.67087047105957,160.93329913629037,83.73,1069,0.01272578435686593,-3.0,0.99,5.233978754385365e-05,0.00023959637295543142,0.0003,-78.44923400878906,1.2546870708465576,-2.019282579421997,0.506740152835846,-0.6797569394111633,-3.0,76.52299499511719,125.80411529541016,32.33197021484375,1.602914810180664,88.67451477050781,1.0,-78.44923400878906,1.2546870708465576,-2.019282579421997,0.506740152835846,-0.6797569394111633,-3.0,76.52299499511719,125.80411529541016,32.33197021484375,1069.0,1069.0,0.0,0.01272578435686593,0.01272578435686593,0.0,5.233978754385365e-05,5.233978754385365e-05,0.0,0.00023959637295543142,0.00023959637295543142,0.0,0.0003,0.0003,0.0,-3.0,-3.0,0.0,0.0,0.3271428571428571,28.714285714285715,60.31428571428571,5387.833,31,Hopper-v5,6198,Trial_8
176.04796934127808,33,135168,180.2075084153407,209.8156790987995,160.93329913629037,84.15,1069,0.01272578435686593,-3.0,0.99,5.233978754385365e-05,0.00023959637295543142,0.0003,-79.59100341796875,1.1285268068313599,-2.2324507236480713,0.49575313925743103,-0.7016772031784058,-3.0,77.15386962890625,121.80472564697266,16.43943977355957,1.8887863159179688,80.75368309020996,1.0,-79.59100341796875,1.1285268068313599,-2.2324507236480713,0.49575313925743103,-0.7016772031784058,-3.0,77.15386962890625,121.80472564697266,16.43943977355957,1069.0,1069.0,0.0,0.01272578435686593,0.01272578435686593,0.0,5.233978754385365e-05,5.233978754385365e-05,0.0,0.00023959637295543142,0.00023959637295543142,0.0,0.0003,0.0003,0.0,-3.0,-3.0,0.0,0.0,0.33875,28.025,60.3625,5452.419,32,Hopper-v5,6198,Trial_8
181.46226859092712,34,139264,179.24988401142508,209.8156790987995,61.3083370459081,83.82,1069,0.01272578435686593,-3.0,0.99,5.233978754385365e-05,0.00023959637295543142,0.0003,-81.83364868164062,0.9803107976913452,-2.3563148975372314,0.4851127862930298,-0.7233738899230957,-3.0,80.19050598144531,128.8444366455078,29.354217529296875,1.6411781311035156,77.352783203125,1.0,-81.83364868164062,0.9803107976913452,-2.3563148975372314,0.4851127862930298,-0.7233738899230957,-3.0,80.19050598144531,128.8444366455078,29.354217529296875,1069.0,1069.0,0.0,0.01272578435686593,0.01272578435686593,0.0,5.233978754385365e-05,5.233978754385365e-05,0.0,0.00023959637295543142,0.00023959637295543142,0.0,0.0003,0.0003,0.0,-3.0,-3.0,0.0,0.0,0.2785714285714286,28.38571428571429,60.38571428571429,5447.187,33,Hopper-v5,6198,Trial_8
186.94198346138,35,143360,176.65763100453646,197.13151401776085,61.3083370459081,83.18,1069,0.01272578435686593,-3.0,0.99,5.233978754385365e-05,0.00023959637295543142,0.0003,-83.26753234863281,1.3569555282592773,-2.262357473373413,0.4748346209526062,-0.744788646697998,-3.0,81.29476165771484,126.44084167480469,9.763506889343262,1.860774040222168,109.3873462677002,1.0,-83.26753234863281,1.3569555282592773,-2.262357473373413,0.4748346209526062,-0.744788646697998,-3.0,81.29476165771484,126.44084167480469,9.763506889343262,1069.0,1069.0,0.0,0.01272578435686593,0.01272578435686593,0.0,5.233978754385365e-05,5.233978754385365e-05,0.0,0.00023959637295543142,0.00023959637295543142,0.0,0.0003,0.0003,0.0,-3.0,-3.0,0.0,0.0,0.22875,28.5,60.5625,5463.748,34,Hopper-v5,6198,Trial_8
192.36470437049866,36,147456,177.5938268181887,203.17744094184653,161.58577391334336,83.5,1069,0.01272578435686593,-3.0,0.99,5.233978754385365e-05,0.00023959637295543142,0.0003,-85.9134521484375,1.0490081310272217,-2.5533547401428223,0.4647214710712433,-0.7663170695304871,-3.0,83.79657745361328,125.87950897216797,1.7466261386871338,1.8298015594482422,81.71955871582031,1.0,-85.9134521484375,1.0490081310272217,-2.5533547401428223,0.4647214710712433,-0.7663170695304871,-3.0,83.79657745361328,125.87950897216797,1.7466261386871338,1069.0,1069.0,0.0,0.01272578435686593,0.01272578435686593,0.0,5.233978754385365e-05,5.233978754385365e-05,0.0,0.00023959637295543142,0.00023959637295543142,0.0,0.0003,0.0003,0.0,-3.0,-3.0,0.0,0.0,0.3085714285714286,27.97142857142857,60.528571428571425,5424.925,35,Hopper-v5,6198,Trial_8
197.83916807174683,37,151552,178.65320041483457,206.61308313010437,161.3239063055991,83.89,1069,0.01272578435686593,-3.0,0.99,5.233978754385365e-05,0.00023959637295543142,0.0003,-87.47091674804688,1.2606968879699707,-2.313197612762451,0.4548889994621277,-0.7877018451690674,-3.0,85.00658416748047,132.6739501953125,29.504905700683594,1.8483257293701172,87.11028480529785,1.0,-87.47091674804688,1.2606968879699707,-2.313197612762451,0.4548889994621277,-0.7877018451690674,-3.0,85.00658416748047,132.6739501953125,29.504905700683594,1069.0,1069.0,0.0,0.01272578435686593,0.01272578435686593,0.0,5.233978754385365e-05,5.233978754385365e-05,0.0,0.00023959637295543142,0.00023959637295543142,0.0,0.0003,0.0003,0.0,-3.0,-3.0,0.0,0.0,0.27125,28.5625,60.55,5443.417,36,Hopper-v5,6198,Trial_8
203.8714780807495,38,155648,179.17431343602624,206.61308313010437,160.6464857816771,84.37,1069,0.01272578435686593,-3.0,0.99,5.233978754385365e-05,0.00023959637295543142,0.0003,-92.44479370117188,1.0303714275360107,-2.5008301734924316,0.445359468460083,-0.8088735342025757,-3.0,90.48352813720703,135.54739379882812,4.357396602630615,1.8651752471923828,102.33425521850586,1.0,-92.44479370117188,1.0303714275360107,-2.5008301734924316,0.445359468460083,-0.8088735342025757,-3.0,90.48352813720703,135.54739379882812,4.357396602630615,1069.0,1069.0,0.0,0.01272578435686593,0.01272578435686593,0.0,5.233978754385365e-05,5.233978754385365e-05,0.0,0.00023959637295543142,0.00023959637295543142,0.0,0.0003,0.0003,0.0,-3.0,-3.0,0.0,0.0,0.29125,27.8125,60.5375,5519.065,37,Hopper-v5,6198,Trial_8
209.27613425254822,39,159744,177.88192833217008,196.6299361993053,160.6464857816771,84.15,1069,0.01272578435686593,-3.0,0.99,5.233978754385365e-05,0.00023959637295543142,0.0003,-91.12335205078125,1.414743423461914,-2.3803043365478516,0.436068594455719,-0.8299556970596313,-3.0,88.26046752929688,135.18174743652344,14.771587371826172,1.8952388763427734,101.86935806274414,1.0,-91.12335205078125,1.414743423461914,-2.3803043365478516,0.436068594455719,-0.8299556970596313,-3.0,88.26046752929688,135.18174743652344,14.771587371826172,1069.0,1069.0,0.0,0.01272578435686593,0.01272578435686593,0.0,5.233978754385365e-05,5.233978754385365e-05,0.0,0.00023959637295543142,0.00023959637295543142,0.0,0.0003,0.0003,0.0,-3.0,-3.0,0.0,0.0,0.3185714285714286,28.228571428571424,60.82857142857143,5513.711,38,Hopper-v5,6198,Trial_8
214.57593321800232,40,163840,177.88644938798265,197.93141444866217,153.22999938428586,84.0,1069,0.01272578435686593,-3.0,0.99,5.233978754385365e-05,0.00023959637295543142,0.0003,-93.05953216552734,1.4212753772735596,-2.3011231422424316,0.4270855784416199,-0.8507708311080933,-3.0,90.96004486083984,135.02268981933594,17.169939041137695,1.9033126831054688,105.56978988647461,1.0,-93.05953216552734,1.4212753772735596,-2.3011231422424316,0.4270855784416199,-0.8507708311080933,-3.0,90.96004486083984,135.02268981933594,17.169939041137695,1069.0,1069.0,0.0,0.01272578435686593,0.01272578435686593,0.0,5.233978754385365e-05,5.233978754385365e-05,0.0,0.00023959637295543142,0.00023959637295543142,0.0,0.0003,0.0003,0.0,-3.0,-3.0,0.0,0.0,0.24571428571428572,27.71428571428571,60.800000000000004,5507.076,39,Hopper-v5,6198,Trial_8
219.99898219108582,41,167936,178.44769719834719,204.29264319812688,153.22999938428586,84.3,1069,0.01272578435686593,-3.0,0.99,5.233978754385365e-05,0.00023959637295543142,0.0003,-98.26521301269531,1.3761296272277832,-2.459057569503784,0.41830974817276,-0.8715330958366394,-3.0,95.76461791992188,138.2501220703125,18.316604614257812,2.1229686737060547,113.27291107177734,1.0,-98.26521301269531,1.3761296272277832,-2.459057569503784,0.41830974817276,-0.8715330958366394,-3.0,95.76461791992188,138.2501220703125,18.316604614257812,1069.0,1069.0,0.0,0.01272578435686593,0.01272578435686593,0.0,5.233978754385365e-05,5.233978754385365e-05,0.0,0.00023959637295543142,0.00023959637295543142,0.0,0.0003,0.0003,0.0,-3.0,-3.0,0.0,0.0,0.28500000000000003,28.262500000000003,60.95,5528.405,40,Hopper-v5,6198,Trial_8
225.54947638511658,42,172032,179.3630233163341,204.29264319812688,160.94228335333986,84.74,1069,0.01272578435686593,-3.0,0.99,5.233978754385365e-05,0.00023959637295543142,0.0003,-98.72672271728516,1.3835275173187256,-2.326629161834717,0.40964359045028687,-0.8924678564071655,-3.0,96.07868957519531,139.08204650878906,9.858515739440918,2.114564895629883,111.26937484741211,1.0,-98.72672271728516,1.3835275173187256,-2.326629161834717,0.40964359045028687,-0.8924678564071655,-3.0,96.07868957519531,139.08204650878906,9.858515739440918,1069.0,1069.0,0.0,0.01272578435686593,0.01272578435686593,0.0,5.233978754385365e-05,5.233978754385365e-05,0.0,0.00023959637295543142,0.00023959637295543142,0.0,0.0003,0.0003,0.0,-3.0,-3.0,0.0,0.0,0.29000000000000004,27.814285714285713,60.92857142857143,5538.525,41,Hopper-v5,6198,Trial_8
230.98043084144592,43,176128,178.63789603346416,201.81800481603344,153.7338225661965,84.54,1069,0.01272578435686593,-3.0,0.99,5.233978754385365e-05,0.00023959637295543142,0.0003,-98.82438659667969,1.2555502653121948,-2.2829995155334473,0.4012680947780609,-0.9131255149841309,-3.0,96.35694885253906,140.68212890625,9.099187850952148,1.9817771911621094,104.90546035766602,1.0,-98.82438659667969,1.2555502653121948,-2.2829995155334473,0.4012680947780609,-0.9131255149841309,-3.0,96.35694885253906,140.68212890625,9.099187850952148,1069.0,1069.0,0.0,0.01272578435686593,0.01272578435686593,0.0,5.233978754385365e-05,5.233978754385365e-05,0.0,0.00023959637295543142,0.00023959637295543142,0.0,0.0003,0.0003,0.0,-3.0,-3.0,0.0,0.0,0.28125,28.3875,60.975,5481.679,42,Hopper-v5,6198,Trial_8
236.12901616096497,44,180224,176.90980136760857,201.81800481603344,153.7338225661965,84.07,1069,0.01272578435686593,-3.0,0.99,5.233978754385365e-05,0.00023959637295543142,0.0003,-102.96907043457031,1.9852104187011719,-2.1707963943481445,0.3930659592151642,-0.933777928352356,-3.0,100.36106872558594,139.0888671875,7.754351615905762,2.528289794921875,113.92383193969727,1.0,-102.96907043457031,1.9852104187011719,-2.1707963943481445,0.3930659592151642,-0.933777928352356,-3.0,100.36106872558594,139.0888671875,7.754351615905762,1069.0,1069.0,0.0,0.01272578435686593,0.01272578435686593,0.0,5.233978754385365e-05,5.233978754385365e-05,0.0,0.00023959637295543142,0.00023959637295543142,0.0,0.0003,0.0003,0.0,-3.0,-3.0,0.0,0.0,0.25142857142857145,28.157142857142862,61.142857142857146,5455.209,43,Hopper-v5,6198,Trial_8
241.45657896995544,45,184320,176.62242501306173,192.38305242286648,155.1825288392541,84.06,1069,0.01272578435686593,-3.0,0.99,5.233978754385365e-05,0.00023959637295543142,0.0003,-102.89728546142578,1.2771847248077393,-2.3430190086364746,0.3851894438266754,-0.9540200233459473,-3.0,100.78399658203125,161.3856658935547,15.721298217773438,2.0116958618164062,112.06934547424316,1.0,-102.89728546142578,1.2771847248077393,-2.3430190086364746,0.3851894438266754,-0.9540200233459473,-3.0,100.78399658203125,161.3856658935547,15.721298217773438,1069.0,1069.0,0.0,0.01272578435686593,0.01272578435686593,0.0,5.233978754385365e-05,5.233978754385365e-05,0.0,0.00023959637295543142,0.00023959637295543142,0.0,0.0003,0.0003,0.0,-3.0,-3.0,0.0,0.0,0.21,28.314285714285717,61.228571428571435,5440.304,44,Hopper-v5,6198,Trial_8
246.74039554595947,46,188416,177.51620691068962,199.05551564531743,158.42811677418518,84.04,1069,0.01272578435686593,-3.0,0.99,5.233978754385365e-05,0.00023959637295543142,0.0003,-105.6240463256836,1.172673225402832,-2.6400156021118164,0.37750670313835144,-0.974166989326477,-3.0,102.91548156738281,161.49673461914062,22.86604881286621,2.1263656616210938,110.49405670166016,1.0,-105.6240463256836,1.172673225402832,-2.6400156021118164,0.37750670313835144,-0.974166989326477,-3.0,102.91548156738281,161.49673461914062,22.86604881286621,1069.0,1069.0,0.0,0.01272578435686593,0.01272578435686593,0.0,5.233978754385365e-05,5.233978754385365e-05,0.0,0.00023959637295543142,0.00023959637295543142,0.0,0.0003,0.0003,0.0,-3.0,-3.0,0.0,0.0,0.25999999999999995,28.085714285714285,61.199999999999996,5425.95,45,Hopper-v5,6198,Trial_8
252.3541088104248,47,192512,179.9096540075048,210.87483078512096,148.0268284936014,84.36,1069,0.01272578435686593,-3.0,0.99,5.233978754385365e-05,0.00023959637295543142,0.0003,-103.65799713134766,1.289360761642456,-2.501655340194702,0.36986950039863586,-0.9946050047874451,-3.0,100.38722229003906,142.82981872558594,13.584820747375488,2.3062057495117188,104.05337905883789,1.0,-103.65799713134766,1.289360761642456,-2.501655340194702,0.36986950039863586,-0.9946050047874451,-3.0,100.38722229003906,142.82981872558594,13.584820747375488,1069.0,1069.0,0.0,0.01272578435686593,0.01272578435686593,0.0,5.233978754385365e-05,5.233978754385365e-05,0.0,0.00023959637295543142,0.00023959637295543142,0.0,0.0003,0.0003,0.0,-3.0,-3.0,0.0,0.0,0.3125,28.225,61.225,5440.029,46,Hopper-v5,6198,Trial_8
257.58306193351746,48,196608,180.30914848168314,210.87483078512096,148.0268284936014,84.4,1069,0.01272578435686593,-3.0,0.99,5.233978754385365e-05,0.00023959637295543142,0.0003,-108.5140380859375,1.517675757408142,-2.519625663757324,0.3625504970550537,-1.0145915746688843,-3.0,106.22794342041016,158.51016235351562,26.51535987854004,2.115398406982422,112.1631851196289,1.0,-108.5140380859375,1.517675757408142,-2.519625663757324,0.3625504970550537,-1.0145915746688843,-3.0,106.22794342041016,158.51016235351562,26.51535987854004,1069.0,1069.0,0.0,0.01272578435686593,0.01272578435686593,0.0,5.233978754385365e-05,5.233978754385365e-05,0.0,0.00023959637295543142,0.00023959637295543142,0.0,0.0003,0.0003,0.0,-3.0,-3.0,0.0,0.0,0.32,28.55714285714286,61.34285714285714,5360.017,47,Hopper-v5,6198,Trial_8
263.0010826587677,49,200704,181.03751003613706,212.1732775985668,161.38158513732907,84.67,1069,0.01272578435686593,-3.0,0.99,5.233978754385365e-05,0.00023959637295543142,0.0003,-110.3620834350586,1.6818320751190186,-2.2548909187316895,0.35541975498199463,-1.0344557762145996,-3.0,107.31651306152344,156.82508850097656,31.602277755737305,2.316709518432617,111.14533996582031,1.0,-110.3620834350586,1.6818320751190186,-2.2548909187316895,0.35541975498199463,-1.0344557762145996,-3.0,107.31651306152344,156.82508850097656,31.602277755737305,1069.0,1069.0,0.0,0.01272578435686593,0.01272578435686593,0.0,5.233978754385365e-05,5.233978754385365e-05,0.0,0.00023959637295543142,0.00023959637295543142,0.0,0.0003,0.0003,0.0,-3.0,-3.0,0.0,0.0,0.31714285714285717,28.87142857142857,61.385714285714286,5361.339,48,Hopper-v5,6198,Trial_8
268.35969948768616,50,204800,180.54009883992282,212.1732775985668,166.8574676962191,84.75,1069,0.01272578435686593,-3.0,0.99,5.233978754385365e-05,0.00023959637295543142,0.0003,-112.12174987792969,1.370336651802063,-2.321227550506592,0.3487759828567505,-1.0533254146575928,-3.0,109.86015319824219,159.0496368408203,6.264919757843018,2.252918243408203,110.16098403930664,1.0,-112.12174987792969,1.370336651802063,-2.321227550506592,0.3487759828567505,-1.0533254146575928,-3.0,109.86015319824219,159.0496368408203,6.264919757843018,1069.0,1069.0,0.0,0.01272578435686593,0.01272578435686593,0.0,5.233978754385365e-05,5.233978754385365e-05,0.0,0.00023959637295543142,0.00023959637295543142,0.0,0.0003,0.0003,0.0,-3.0,-3.0,0.0,0.0,0.1975,27.725,61.475,5367.014,49,Hopper-v5,6198,Trial_8
273.6013524532318,51,208896,180.17065189279896,208.9915160833891,164.31674133727418,84.67,1069,0.01272578435686593,-3.0,0.99,5.233978754385365e-05,0.00023959637295543142,0.0003,-110.547607421875,1.2929191589355469,-2.5939254760742188,0.34216177463531494,-1.0724716186523438,-3.0,107.97427368164062,155.06369018554688,19.338232040405273,1.9623470306396484,104.21725845336914,1.0,-110.547607421875,1.2929191589355469,-2.5939254760742188,0.34216177463531494,-1.0724716186523438,-3.0,107.97427368164062,155.06369018554688,19.338232040405273,1069.0,1069.0,0.0,0.01272578435686593,0.01272578435686593,0.0,5.233978754385365e-05,5.233978754385365e-05,0.0,0.00023959637295543142,0.00023959637295543142,0.0,0.0003,0.0003,0.0,-3.0,-3.0,0.0,0.0,0.2942857142857142,28.157142857142862,61.5,5348.479,50,Hopper-v5,6198,Trial_8
279.1281659603119,52,212992,181.52989507166515,210.40183672982113,164.31674133727418,84.86,1069,0.01272578435686593,-3.0,0.99,5.233978754385365e-05,0.00023959637295543142,0.0003,-114.99464416503906,1.4459205865859985,-2.018066644668579,0.335919588804245,-1.090883493423462,-3.0,112.21867370605469,162.7223663330078,10.967434883117676,2.396291732788086,107.68608665466309,1.0,-114.99464416503906,1.4459205865859985,-2.018066644668579,0.335919588804245,-1.090883493423462,-3.0,112.21867370605469,162.7223663330078,10.967434883117676,1069.0,1069.0,0.0,0.01272578435686593,0.01272578435686593,0.0,5.233978754385365e-05,5.233978754385365e-05,0.0,0.00023959637295543142,0.00023959637295543142,0.0,0.0003,0.0003,0.0,-3.0,-3.0,0.0,0.0,0.31999999999999995,29.442857142857143,61.357142857142854,5345.748,51,Hopper-v5,6198,Trial_8
285.272319316864,53,217088,182.5378788695351,212.6484622873121,163.51396089610432,85.25,1069,0.01272578435686593,-3.0,0.99,5.233978754385365e-05,0.00023959637295543142,0.0003,-116.17286682128906,1.29581618309021,-1.8634990453720093,0.32987961173057556,-1.1090275049209595,-3.0,113.3895034790039,174.50611877441406,36.02350997924805,1.9440689086914062,107.80433654785156,1.0,-116.17286682128906,1.29581618309021,-1.8634990453720093,0.32987961173057556,-1.1090275049209595,-3.0,113.3895034790039,174.50611877441406,36.02350997924805,1069.0,1069.0,0.0,0.01272578435686593,0.01272578435686593,0.0,5.233978754385365e-05,5.233978754385365e-05,0.0,0.00023959637295543142,0.00023959637295543142,0.0,0.0003,0.0003,0.0,-3.0,-3.0,0.0,0.0,0.29,28.275,61.337500000000006,5417.183,52,Hopper-v5,6198,Trial_8
290.5991907119751,54,221184,182.47361334746296,212.6484622873121,163.51396089610432,85.19,1069,0.01272578435686593,-3.0,0.99,5.233978754385365e-05,0.00023959637295543142,0.0003,-117.73873901367188,1.573472261428833,-1.9882328510284424,0.3241395950317383,-1.126581072807312,-3.0,114.57160949707031,173.3193359375,20.02606964111328,2.057199478149414,111.19523239135742,1.0,-117.73873901367188,1.573472261428833,-1.9882328510284424,0.3241395950317383,-1.126581072807312,-3.0,114.57160949707031,173.3193359375,20.02606964111328,1069.0,1069.0,0.0,0.01272578435686593,0.01272578435686593,0.0,5.233978754385365e-05,5.233978754385365e-05,0.0,0.00023959637295543142,0.00023959637295543142,0.0,0.0003,0.0003,0.0,-3.0,-3.0,0.0,0.0,0.3228571428571429,28.599999999999998,61.642857142857146,5435.039,53,Hopper-v5,6198,Trial_8
295.85537028312683,55,225280,183.3927844950583,203.97865157230353,168.14912728456576,85.16,1069,0.01272578435686593,-3.0,0.99,5.233978754385365e-05,0.00023959637295543142,0.0003,-118.09144592285156,1.4023585319519043,-2.283033847808838,0.3184575140476227,-1.144266128540039,-3.0,116.01724243164062,173.8244171142578,30.145631790161133,2.094024658203125,109.34114837646484,1.0,-118.09144592285156,1.4023585319519043,-2.283033847808838,0.3184575140476227,-1.144266128540039,-3.0,116.01724243164062,173.8244171142578,30.145631790161133,1069.0,1069.0,0.0,0.01272578435686593,0.01272578435686593,0.0,5.233978754385365e-05,5.233978754385365e-05,0.0,0.00023959637295543142,0.00023959637295543142,0.0,0.0003,0.0003,0.0,-3.0,-3.0,0.0,0.0,0.29714285714285715,28.414285714285715,61.84285714285714,5427.883,54,Hopper-v5,6198,Trial_8
301.2359118461609,56,229376,183.22599869277977,203.97865157230353,168.14912728456576,85.2,1069,0.01272578435686593,-3.0,0.99,5.233978754385365e-05,0.00023959637295543142,0.0003,-121.98938751220703,1.389339566230774,-2.2422256469726562,0.3130854666233063,-1.1612790822982788,-3.0,118.92793273925781,160.43186950683594,21.34488296508789,2.0703563690185547,110.85837936401367,1.0,-121.98938751220703,1.389339566230774,-2.2422256469726562,0.3130854666233063,-1.1612790822982788,-3.0,118.92793273925781,160.43186950683594,21.34488296508789,1069.0,1069.0,0.0,0.01272578435686593,0.01272578435686593,0.0,5.233978754385365e-05,5.233978754385365e-05,0.0,0.00023959637295543142,0.00023959637295543142,0.0,0.0003,0.0003,0.0,-3.0,-3.0,0.0,0.0,0.2825,28.1875,61.9,5437.935,55,Hopper-v5,6198,Trial_8
306.44152188301086,57,233472,182.13401112521396,196.6988821191012,170.11531602893172,84.86,1069,0.01272578435686593,-3.0,0.99,5.233978754385365e-05,0.00023959637295543142,0.0003,-120.23509979248047,1.5372016429901123,-1.9085216522216797,0.30770331621170044,-1.1786192655563354,-3.0,117.18286895751953,180.5487823486328,5.540339469909668,2.050201416015625,111.01064682006836,1.0,-120.23509979248047,1.5372016429901123,-1.9085216522216797,0.30770331621170044,-1.1786192655563354,-3.0,117.18286895751953,180.5487823486328,5.540339469909668,1069.0,1069.0,0.0,0.01272578435686593,0.01272578435686593,0.0,5.233978754385365e-05,5.233978754385365e-05,0.0,0.00023959637295543142,0.00023959637295543142,0.0,0.0003,0.0003,0.0,-3.0,-3.0,0.0,0.0,0.22,28.142857142857142,61.91428571428571,5396.969,56,Hopper-v5,6198,Trial_8
311.736398935318,58,237568,182.47670452650465,199.91183890456065,170.29366389335064,84.89,1069,0.01272578435686593,-3.0,0.99,5.233978754385365e-05,0.00023959637295543142,0.0003,-125.33694458007812,1.415976881980896,-1.934632420539856,0.30247488617897034,-1.1957570314407349,-3.0,123.11151123046875,168.94793701171875,44.618892669677734,2.394838333129883,110.33089065551758,1.0,-125.33694458007812,1.415976881980896,-1.934632420539856,0.30247488617897034,-1.1957570314407349,-3.0,123.11151123046875,168.94793701171875,44.618892669677734,1069.0,1069.0,0.0,0.01272578435686593,0.01272578435686593,0.0,5.233978754385365e-05,5.233978754385365e-05,0.0,0.00023959637295543142,0.00023959637295543142,0.0,0.0003,0.0003,0.0,-3.0,-3.0,0.0,0.0,0.3042857142857143,28.757142857142856,61.942857142857136,5403.495,57,Hopper-v5,6198,Trial_8
317.7042672634125,59,241664,183.80609760697178,207.65387175377631,173.35980059346002,85.23,1069,0.01272578435686593,-3.0,0.99,5.233978754385365e-05,0.00023959637295543142,0.0003,-125.0311050415039,1.5311927795410156,-1.8879774808883667,0.2973648011684418,-1.212795615196228,-3.0,121.90374755859375,186.6297607421875,5.498624801635742,2.351194381713867,108.69318771362305,1.0,-125.0311050415039,1.5311927795410156,-1.8879774808883667,0.2973648011684418,-1.212795615196228,-3.0,121.90374755859375,186.6297607421875,5.498624801635742,1069.0,1069.0,0.0,0.01272578435686593,0.01272578435686593,0.0,5.233978754385365e-05,5.233978754385365e-05,0.0,0.00023959637295543142,0.00023959637295543142,0.0,0.0003,0.0003,0.0,-3.0,-3.0,0.0,0.0,0.25625000000000003,28.262500000000003,61.9875,5458.375,58,Hopper-v5,6198,Trial_8
323.2188198566437,60,245760,183.14094867959648,207.65387175377631,169.22503094967857,85.34,1069,0.01272578435686593,-3.0,0.99,5.233978754385365e-05,0.00023959637295543142,0.0003,-125.51705169677734,1.3844465017318726,-2.7331392765045166,0.29216262698173523,-1.2304446697235107,-3.0,123.11846923828125,191.50042724609375,39.68181228637695,2.0566024780273438,109.1832218170166,1.0,-125.51705169677734,1.3844465017318726,-2.7331392765045166,0.29216262698173523,-1.2304446697235107,-3.0,123.11846923828125,191.50042724609375,39.68181228637695,1069.0,1069.0,0.0,0.01272578435686593,0.01272578435686593,0.0,5.233978754385365e-05,5.233978754385365e-05,0.0,0.00023959637295543142,0.00023959637295543142,0.0,0.0003,0.0003,0.0,-3.0,-3.0,0.0,0.0,0.33714285714285713,28.185714285714287,61.91428571428571,5474.279,59,Hopper-v5,6198,Trial_8
328.65351605415344,61,249856,182.38379009533548,204.93756888336034,169.22503094967857,85.17,1069,0.01272578435686593,-3.0,0.99,5.233978754385365e-05,0.00023959637295543142,0.0003,-126.27435302734375,1.2651276588439941,-2.5529565811157227,0.28712210059165955,-1.2478476762771606,-3.0,124.55232238769531,200.16175842285156,28.058971405029297,2.2003612518310547,110.49764823913574,1.0,-126.27435302734375,1.2651276588439941,-2.5529565811157227,0.28712210059165955,-1.2478476762771606,-3.0,124.55232238769531,200.16175842285156,28.058971405029297,1069.0,1069.0,0.0,0.01272578435686593,0.01272578435686593,0.0,5.233978754385365e-05,5.233978754385365e-05,0.0,0.00023959637295543142,0.00023959637295543142,0.0,0.0003,0.0003,0.0,-3.0,-3.0,0.0,0.0,0.24875,28.525,62.0625,5493.868,60,Hopper-v5,6198,Trial_8
334.18673515319824,62,253952,181.3254959128156,204.93756888336034,171.10391732108206,84.7,1069,0.01272578435686593,-3.0,0.99,5.233978754385365e-05,0.00023959637295543142,0.0003,-129.16650390625,1.6179827451705933,-2.2397775650024414,0.2817588150501251,-1.2667038440704346,-3.0,127.22576904296875,172.37985229492188,53.579864501953125,2.1455917358398438,117.71936416625977,1.0,-129.16650390625,1.6179827451705933,-2.2397775650024414,0.2817588150501251,-1.2667038440704346,-3.0,127.22576904296875,172.37985229492188,53.579864501953125,1069.0,1069.0,0.0,0.01272578435686593,0.01272578435686593,0.0,5.233978754385365e-05,5.233978754385365e-05,0.0,0.00023959637295543142,0.00023959637295543142,0.0,0.0003,0.0003,0.0,-3.0,-3.0,0.0,0.0,0.2928571428571428,28.0,62.12857142857143,5494.841,61,Hopper-v5,6198,Trial_8
