time_total_s,training_iteration,timesteps_total,env_runners/episode_return_mean,env_runners/episode_return_max,env_runners/episode_return_min,env_runners/episode_len_mean,config/train_batch_size,config/tau,config/target_entropy,config/gamma,config/optimization/actor_learning_rate,config/optimization/critic_learning_rate,config/optimization/entropy_learning_rate,info/learner/default_policy/learner_stats/actor_loss,info/learner/default_policy/learner_stats/critic_loss,info/learner/default_policy/learner_stats/alpha_loss,info/learner/default_policy/learner_stats/alpha_value,info/learner/default_policy/learner_stats/log_alpha_value,info/learner/default_policy/learner_stats/target_entropy,info/learner/default_policy/learner_stats/mean_q,info/learner/default_policy/learner_stats/max_q,info/learner/default_policy/learner_stats/min_q,custom_metrics/sac_td_error_median,custom_metrics/sac_td_error_p95,custom_metrics/sac_td_diagnostics_valid,custom_metrics/sac_actor_loss,custom_metrics/sac_critic_loss,custom_metrics/sac_alpha_loss,custom_metrics/sac_alpha_value,custom_metrics/sac_log_alpha_value,custom_metrics/sac_target_entropy,custom_metrics/sac_mean_q,custom_metrics/sac_max_q,custom_metrics/sac_min_q,custom_metrics/pbt_sac_desired_train_batch_size,custom_metrics/pbt_sac_effective_train_batch_size,custom_metrics/pbt_sac_mismatch_train_batch_size,custom_metrics/pbt_sac_desired_tau,custom_metrics/pbt_sac_effective_tau,custom_metrics/pbt_sac_mismatch_tau,custom_metrics/pbt_sac_desired_actor_lr,custom_metrics/pbt_sac_effective_actor_lr,custom_metrics/pbt_sac_mismatch_actor_lr,custom_metrics/pbt_sac_desired_critic_lr,custom_metrics/pbt_sac_effective_critic_lr,custom_metrics/pbt_sac_mismatch_critic_lr,custom_metrics/pbt_sac_desired_alpha_lr,custom_metrics/pbt_sac_effective_alpha_lr,custom_metrics/pbt_sac_mismatch_alpha_lr,custom_metrics/pbt_sac_desired_target_entropy,custom_metrics/pbt_sac_effective_target_entropy,custom_metrics/pbt_sac_mismatch_target_entropy,custom_metrics/pbt_sac_effective_hp_mismatch_count,perf/gpu_util_percent0,perf/cpu_util_percent,perf/ram_util_percent,timers/training_iteration_time_ms,causal_order,entorno,semilla,agente_id
3.8681557178497314,1,4096,14.796302371814829,107.62863929158529,3.3715701661461797,19.722826086956523,485,0.006183749818396266,-3.0,0.99,0.00015190445798566026,0.0001668197227955251,0.0003,-4.2016401290893555,0.2299334704875946,-0.08196546137332916,0.9836248755455017,-0.01651066541671753,-3.0,2.2675561904907227,6.071093559265137,0.94111168384552,1.1125839352607727,3.028896152973175,1.0,-4.2016401290893555,0.2299334704875946,-0.08196546137332916,0.9836248755455017,-0.01651066541671753,-3.0,2.2675561904907227,6.071093559265137,0.94111168384552,485.0,485.0,0.0,0.006183749818396266,0.006183749818396266,0.0,0.00015190445798566026,0.00015190445798566026,0.0,0.0001668197227955251,0.0001668197227955251,0.0,0.0003,0.0003,0.0,-3.0,-3.0,0.0,0.0,0.235,24.016666666666666,46.01666666666666,3852.796,0,Hopper-v5,2854,Agente_1
9.043081998825073,2,8192,19.715536214244914,228.81263693565464,3.771996974826105,23.636363636363637,485,0.006183749818396266,-3.0,0.99,0.00015190445798566026,0.0001668197227955251,0.0003,-4.8155837059021,0.14011698961257935,-0.20282787084579468,0.9602960348129272,-0.040513649582862854,-3.0,2.9545109272003174,10.09045696258545,1.2775681018829346,0.7208958268165588,3.3251705169677734,1.0,-4.8155837059021,0.14011698961257935,-0.20282787084579468,0.9602960348129272,-0.040513649582862854,-3.0,2.9545109272003174,10.09045696258545,1.2775681018829346,485.0,485.0,0.0,0.006183749818396266,0.006183749818396266,0.0,0.00015190445798566026,0.00015190445798566026,0.0,0.0001668197227955251,0.0001668197227955251,0.0,0.0003,0.0003,0.0,-3.0,-3.0,0.0,0.0,0.27,28.157142857142855,47.028571428571425,4506.923,1,Hopper-v5,2854,Agente_1
14.102892637252808,3,12288,18.32465426247456,153.8747465448926,4.538359412365772,22.897142857142857,485,0.006183749818396266,-3.0,0.99,0.00015190445798566026,0.0001668197227955251,0.0003,-5.472068786621094,0.12770354747772217,-0.32363882660865784,0.9375297427177429,-0.06450679898262024,-3.0,3.6439318656921387,9.239301681518555,1.184273362159729,0.6454708576202393,3.55383962392807,1.0,-5.472068786621094,0.12770354747772217,-0.32363882660865784,0.9375297427177429,-0.06450679898262024,-3.0,3.6439318656921387,9.239301681518555,1.184273362159729,485.0,485.0,0.0,0.006183749818396266,0.006183749818396266,0.0,0.00015190445798566026,0.00015190445798566026,0.0,0.0001668197227955251,0.0001668197227955251,0.0,0.0003,0.0003,0.0,-3.0,-3.0,0.0,0.0,0.23428571428571426,28.071428571428573,47.214285714285715,4687.607,2,Hopper-v5,2854,Agente_1
19.320822954177856,4,16384,23.66706913776572,148.00443082784983,4.767902799018284,25.93125,485,0.006183749818396266,-3.0,0.99,0.00015190445798566026,0.0001668197227955251,0.0003,-5.943145751953125,0.15001419186592102,-0.4430351257324219,0.9153217673301697,-0.08847962319850922,-3.0,4.189977645874023,12.233946800231934,1.6963098049163818,0.687718391418457,4.186442017555237,1.0,-5.943145751953125,0.15001419186592102,-0.4430351257324219,0.9153217673301697,-0.08847962319850922,-3.0,4.189977645874023,12.233946800231934,1.6963098049163818,485.0,485.0,0.0,0.006183749818396266,0.006183749818396266,0.0,0.00015190445798566026,0.00015190445798566026,0.0,0.0001668197227955251,0.0001668197227955251,0.0,0.0003,0.0003,0.0,-3.0,-3.0,0.0,0.0,0.2771428571428572,27.6,47.42857142857143,4817.792,3,Hopper-v5,2854,Agente_1
24.572482347488403,5,20480,20.167300647668537,96.04196540409863,4.418166573179352,24.850931677018632,485,0.006183749818396266,-3.0,0.99,0.00015190445798566026,0.0001668197227955251,0.0003,-6.9772796630859375,0.13594365119934082,-0.5609362125396729,0.8936662673950195,-0.11242291331291199,-3.0,5.221101760864258,14.599864959716797,1.889522910118103,0.5962053537368774,4.7953877449035645,1.0,-6.9772796630859375,0.13594365119934082,-0.5609362125396729,0.8936662673950195,-0.11242291331291199,-3.0,5.221101760864258,14.599864959716797,1.889522910118103,485.0,485.0,0.0,0.006183749818396266,0.006183749818396266,0.0,0.00015190445798566026,0.00015190445798566026,0.0,0.0001668197227955251,0.0001668197227955251,0.0,0.0003,0.0003,0.0,-3.0,-3.0,0.0,0.0,0.20666666666666667,23.022222222222222,47.522222222222226,4901.906,4,Hopper-v5,2854,Agente_1
29.624563455581665,6,24576,24.262306448389097,136.12547053167518,2.5706048385949822,26.664516129032258,485,0.006183749818396266,-3.0,0.99,0.00015190445798566026,0.0001668197227955251,0.0003,-7.52824068069458,0.17674200236797333,-0.6812756061553955,0.8725646138191223,-0.1363186538219452,-3.0,5.817351341247559,15.076786041259766,1.9145622253417969,0.6387286186218262,6.276579737663269,1.0,-7.52824068069458,0.17674200236797333,-0.6812756061553955,0.8725646138191223,-0.1363186538219452,-3.0,5.817351341247559,15.076786041259766,1.9145622253417969,485.0,485.0,0.0,0.006183749818396266,0.006183749818396266,0.0,0.00015190445798566026,0.00015190445798566026,0.0,0.0001668197227955251,0.0001668197227955251,0.0,0.0003,0.0003,0.0,-3.0,-3.0,0.0,0.0,0.2742857142857143,26.728571428571428,47.67142857142858,4924.907,5,Hopper-v5,2854,Agente_1
34.78897452354431,7,28672,26.56880079723689,157.43667636618963,4.1501795419125544,26.215686274509803,485,0.006183749818396266,-3.0,0.99,0.00015190445798566026,0.0001668197227955251,0.0003,-8.577125549316406,0.21168415248394012,-0.7912969589233398,0.8520215749740601,-0.16014336049556732,-3.0,6.932916641235352,14.688611030578613,2.4943113327026367,0.7058731317520142,6.967025279998779,1.0,-8.577125549316406,0.21168415248394012,-0.7912969589233398,0.8520215749740601,-0.16014336049556732,-3.0,6.932916641235352,14.688611030578613,2.4943113327026367,485.0,485.0,0.0,0.006183749818396266,0.006183749818396266,0.0,0.00015190445798566026,0.00015190445798566026,0.0,0.0001668197227955251,0.0001668197227955251,0.0,0.0003,0.0003,0.0,-3.0,-3.0,0.0,0.0,0.19,27.0875,48.025,4957.369,6,Hopper-v5,2854,Agente_1
40.12036991119385,8,32768,27.9411195073757,162.6280742978024,1.9688898302927647,28.382978723404257,485,0.006183749818396266,-3.0,0.99,0.00015190445798566026,0.0001668197227955251,0.0003,-9.316204071044922,0.15550631284713745,-0.9055585265159607,0.8320624828338623,-0.18384774029254913,-3.0,7.694820404052734,16.800575256347656,2.3846070766448975,0.6539572477340698,6.2706538438797,1.0,-9.316204071044922,0.15550631284713745,-0.9055585265159607,0.8320624828338623,-0.18384774029254913,-3.0,7.694820404052734,16.800575256347656,2.3846070766448975,485.0,485.0,0.0,0.006183749818396266,0.006183749818396266,0.0,0.00015190445798566026,0.00015190445798566026,0.0,0.0001668197227955251,0.0001668197227955251,0.0,0.0003,0.0003,0.0,-3.0,-3.0,0.0,0.0,0.13142857142857142,28.62857142857143,48.285714285714285,5002.344,7,Hopper-v5,2854,Agente_1
45.693541526794434,9,36864,27.483626545628123,154.3722559604734,2.8237372320859713,28.055555555555557,485,0.006183749818396266,-3.0,0.99,0.00015190445798566026,0.0001668197227955251,0.0003,-10.140365600585938,0.16751053929328918,-1.0047703981399536,0.812703013420105,-0.20738957822322845,-3.0,8.482124328613281,21.170682907104492,2.3156044483184814,0.7158483266830444,6.601039409637451,1.0,-10.140365600585938,0.16751053929328918,-1.0047703981399536,0.812703013420105,-0.20738957822322845,-3.0,8.482124328613281,21.170682907104492,2.3156044483184814,485.0,485.0,0.0,0.006183749818396266,0.006183749818396266,0.0,0.00015190445798566026,0.00015190445798566026,0.0,0.0001668197227955251,0.0001668197227955251,0.0,0.0003,0.0003,0.0,-3.0,-3.0,0.0,0.0,0.24125000000000002,27.9625,48.425,5064.571,8,Hopper-v5,2854,Agente_1
50.796154737472534,10,40960,31.12992116060965,137.0778539109328,3.6695049406735167,28.728476821192054,485,0.006183749818396266,-3.0,0.99,0.00015190445798566026,0.0001668197227955251,0.0003,-11.353372573852539,0.22594603896141052,-1.1191859245300293,0.7939615845680237,-0.2307201772928238,-3.0,9.82518482208252,27.102882385253906,1.685817837715149,0.7194815874099731,9.312465906143188,1.0,-11.353372573852539,0.22594603896141052,-1.1191859245300293,0.7939615845680237,-0.2307201772928238,-3.0,9.82518482208252,27.102882385253906,1.685817837715149,485.0,485.0,0.0,0.006183749818396266,0.006183749818396266,0.0,0.00015190445798566026,0.00015190445798566026,0.0,0.0001668197227955251,0.0001668197227955251,0.0,0.0003,0.0003,0.0,-3.0,-3.0,0.0,0.0,0.2771428571428572,27.657142857142855,48.51428571428572,5067.103,9,Hopper-v5,2854,Agente_1
56.044999837875366,11,45056,34.46968818886884,161.4319599547782,2.426011443486945,30.556451612903224,485,0.006183749818396266,-3.0,0.99,0.00015190445798566026,0.0001668197227955251,0.0003,-11.769291877746582,0.242076575756073,-1.2159839868545532,0.7758495807647705,-0.25379669666290283,-3.0,10.276418685913086,28.443140029907227,2.529754161834717,0.7448348999023438,9.11898422241211,1.0,-11.769291877746582,0.242076575756073,-1.2159839868545532,0.7758495807647705,-0.25379669666290283,-3.0,10.276418685913086,28.443140029907227,2.529754161834717,485.0,485.0,0.0,0.006183749818396266,0.006183749818396266,0.0,0.00015190445798566026,0.00015190445798566026,0.0,0.0001668197227955251,0.0001668197227955251,0.0,0.0003,0.0003,0.0,-3.0,-3.0,0.0,0.0,0.26142857142857145,27.957142857142856,48.81428571428571,5205.305,10,Hopper-v5,2854,Agente_1
61.10070037841797,12,49152,45.67325430164987,145.02950898839734,4.338216462429471,35.19834710743802,485,0.006183749818396266,-3.0,0.99,0.00015190445798566026,0.0001668197227955251,0.0003,-13.36625862121582,0.299366295337677,-1.2946619987487793,0.7583879828453064,-0.2765602171421051,-3.0,11.863519668579102,31.570329666137695,1.4089910984039307,0.9512372016906738,11.39297604560852,1.0,-13.36625862121582,0.299366295337677,-1.2946619987487793,0.7583879828453064,-0.2765602171421051,-3.0,11.863519668579102,31.570329666137695,1.4089910984039307,485.0,485.0,0.0,0.006183749818396266,0.006183749818396266,0.0,0.00015190445798566026,0.00015190445798566026,0.0,0.0001668197227955251,0.0001668197227955251,0.0,0.0003,0.0003,0.0,-3.0,-3.0,0.0,0.0,0.2785714285714286,27.485714285714288,48.95714285714286,5193.781,11,Hopper-v5,2854,Agente_1
66.27333450317383,13,53248,55.66147667759283,183.67596759477522,4.048525874576143,41.14,485,0.006183749818396266,-3.0,0.99,0.00015190445798566026,0.0001668197227955251,0.0003,-14.305440902709961,0.1917916238307953,-1.3260127305984497,0.7415435314178467,-0.2990214228630066,-3.0,12.904988288879395,47.643089294433594,1.3148589134216309,0.8538998365402222,9.16222882270813,1.0,-14.305440902709961,0.1917916238307953,-1.3260127305984497,0.7415435314178467,-0.2990214228630066,-3.0,12.904988288879395,47.643089294433594,1.3148589134216309,485.0,485.0,0.0,0.006183749818396266,0.006183749818396266,0.0,0.00015190445798566026,0.00015190445798566026,0.0,0.0001668197227955251,0.0001668197227955251,0.0,0.0003,0.0003,0.0,-3.0,-3.0,0.0,0.0,0.22750000000000004,27.5,49.337500000000006,5204.581,12,Hopper-v5,2854,Agente_1
71.8346815109253,14,57344,66.74717478566365,183.67596759477522,5.780726965205944,45.4,485,0.006183749818396266,-3.0,0.99,0.00015190445798566026,0.0001668197227955251,0.0003,-15.509328842163086,0.2660214900970459,-1.4331960678100586,0.7253056764602661,-0.32116207480430603,-3.0,13.985546112060547,33.0468635559082,0.5413933396339417,1.0238838195800781,14.616477251052856,1.0,-15.509328842163086,0.2660214900970459,-1.4331960678100586,0.7253056764602661,-0.32116207480430603,-3.0,13.985546112060547,33.0468635559082,0.5413933396339417,485.0,485.0,0.0,0.006183749818396266,0.006183749818396266,0.0,0.00015190445798566026,0.00015190445798566026,0.0,0.0001668197227955251,0.0001668197227955251,0.0,0.0003,0.0003,0.0,-3.0,-3.0,0.0,0.0,0.105,24.916666666666668,47.80833333333333,5238.779,13,Hopper-v5,2854,Agente_1
76.91609930992126,15,61440,68.9841203146377,159.86313964791114,2.8073909279415563,46.97,485,0.006183749818396266,-3.0,0.99,0.00015190445798566026,0.0001668197227955251,0.0003,-16.149993896484375,0.2185908854007721,-1.4452605247497559,0.7096742987632751,-0.34294915199279785,-3.0,14.603079795837402,29.951171875,1.3968889713287354,0.8878917694091797,12.477799892425537,1.0,-16.149993896484375,0.2185908854007721,-1.4452605247497559,0.7096742987632751,-0.34294915199279785,-3.0,14.603079795837402,29.951171875,1.3968889713287354,485.0,485.0,0.0,0.006183749818396266,0.006183749818396266,0.0,0.00015190445798566026,0.00015190445798566026,0.0,0.0001668197227955251,0.0001668197227955251,0.0,0.0003,0.0003,0.0,-3.0,-3.0,0.0,0.0,0.2771428571428572,26.514285714285712,51.65714285714286,5221.589,14,Hopper-v5,2854,Agente_1
82.10581684112549,16,65536,71.23592454916742,156.02620826017156,3.1241221890153357,48.13,485,0.006183749818396266,-3.0,0.99,0.00015190445798566026,0.0001668197227955251,0.0003,-17.298954010009766,0.23803655803203583,-1.5259678363800049,0.6945767998695374,-0.3644525706768036,-3.0,15.897640228271484,39.203697204589844,2.037449359893799,0.9605474472045898,14.890268325805664,1.0,-17.298954010009766,0.23803655803203583,-1.5259678363800049,0.6945767998695374,-0.3644525706768036,-3.0,15.897640228271484,39.203697204589844,2.037449359893799,485.0,485.0,0.0,0.006183749818396266,0.006183749818396266,0.0,0.00015190445798566026,0.00015190445798566026,0.0,0.0001668197227955251,0.0001668197227955251,0.0,0.0003,0.0003,0.0,-3.0,-3.0,0.0,0.0,0.2814285714285715,27.957142857142856,52.84285714285715,5235.508,15,Hopper-v5,2854,Agente_1
87.17300510406494,17,69632,71.40267487839562,151.62724918796295,3.1241221890153357,43.12,485,0.006183749818396266,-3.0,0.99,0.00015190445798566026,0.0001668197227955251,0.0003,-19.10451316833496,0.30581381916999817,-1.6238720417022705,0.6799190640449524,-0.38578158617019653,-3.0,17.67831039428711,51.51152038574219,2.5317492485046387,1.033156394958496,20.798526287078857,1.0,-19.10451316833496,0.30581381916999817,-1.6238720417022705,0.6799190640449524,-0.38578158617019653,-3.0,17.67831039428711,51.51152038574219,2.5317492485046387,485.0,485.0,0.0,0.006183749818396266,0.006183749818396266,0.0,0.00015190445798566026,0.00015190445798566026,0.0,0.0001668197227955251,0.0001668197227955251,0.0,0.0003,0.0003,0.0,-3.0,-3.0,0.0,0.0,0.24285714285714285,27.157142857142862,52.89999999999999,5225.845,16,Hopper-v5,2854,Agente_1
92.82775926589966,18,73728,64.97799548600322,171.4215900682282,22.281916279558825,44.31,485,0.006183749818396266,-3.0,0.99,0.00015190445798566026,0.0001668197227955251,0.0003,-19.261493682861328,0.29363325238227844,-1.523155927658081,0.6657440662384033,-0.4068499207496643,-3.0,17.934764862060547,57.66808319091797,1.3271058797836304,1.0475320219993591,18.77385139465332,1.0,-19.261493682861328,0.29363325238227844,-1.523155927658081,0.6657440662384033,-0.4068499207496643,-3.0,17.934764862060547,57.66808319091797,1.3271058797836304,485.0,485.0,0.0,0.006183749818396266,0.006183749818396266,0.0,0.00015190445798566026,0.00015190445798566026,0.0,0.0001668197227955251,0.0001668197227955251,0.0,0.0003,0.0003,0.0,-3.0,-3.0,0.0,0.0,0.2175,28.0,53.212500000000006,5258.121,17,Hopper-v5,2854,Agente_1
98.10016512870789,19,77824,65.8358344904774,210.29411427931782,3.5109155992612733,41.05,485,0.006183749818396266,-3.0,0.99,0.00015190445798566026,0.0001668197227955251,0.0003,-21.13620948791504,0.2894064784049988,-1.7303495407104492,0.6519156694412231,-0.42784008383750916,-3.0,19.533313751220703,59.255859375,2.5077359676361084,0.9732518196105957,20.474958419799805,1.0,-21.13620948791504,0.2894064784049988,-1.7303495407104492,0.6519156694412231,-0.42784008383750916,-3.0,19.533313751220703,59.255859375,2.5077359676361084,485.0,485.0,0.0,0.006183749818396266,0.006183749818396266,0.0,0.00015190445798566026,0.00015190445798566026,0.0,0.0001668197227955251,0.0001668197227955251,0.0,0.0003,0.0003,0.0,-3.0,-3.0,0.0,0.0,0.19714285714285712,27.914285714285715,53.37142857142857,5228.051,18,Hopper-v5,2854,Agente_1
103.43295693397522,20,81920,61.149236973834036,118.69628380331773,36.072056884386456,36.678260869565214,485,0.006183749818396266,-3.0,0.99,0.00015190445798566026,0.0001668197227955251,0.0003,-21.055944442749023,0.29337841272354126,-1.7101943492889404,0.6383847594261169,-0.44881415367126465,-3.0,19.54291343688965,37.814640045166016,0.29461753368377686,1.0034756660461426,19.61723566055298,1.0,-21.055944442749023,0.29337841272354126,-1.7101943492889404,0.6383847594261169,-0.44881415367126465,-3.0,19.54291343688965,37.814640045166016,0.29461753368377686,485.0,485.0,0.0,0.006183749818396266,0.006183749818396266,0.0,0.00015190445798566026,0.00015190445798566026,0.0,0.0001668197227955251,0.0001668197227955251,0.0,0.0003,0.0003,0.0,-3.0,-3.0,0.0,0.0,0.1875,27.9,53.45,5251.121,19,Hopper-v5,2854,Agente_1
108.84699416160583,21,86016,58.67102018912869,107.87967441926912,35.224606189739404,34.55084745762712,485,0.006183749818396266,-3.0,0.99,0.00015190445798566026,0.0001668197227955251,0.0003,-22.264684677124023,0.29023921489715576,-1.7780835628509521,0.6252545714378357,-0.46959638595581055,-3.0,20.855009078979492,41.01438903808594,0.5528772473335266,0.9783053398132324,23.444294929504395,1.0,-22.264684677124023,0.29023921489715576,-1.7780835628509521,0.6252545714378357,-0.46959638595581055,-3.0,20.855009078979492,41.01438903808594,0.5528772473335266,485.0,485.0,0.0,0.006183749818396266,0.006183749818396266,0.0,0.00015190445798566026,0.00015190445798566026,0.0,0.0001668197227955251,0.0001668197227955251,0.0,0.0003,0.0003,0.0,-3.0,-3.0,0.0,0.0,0.2557142857142857,27.32857142857143,53.542857142857144,5267.867,20,Hopper-v5,2854,Agente_1
114.16058921813965,22,90112,60.97342081671175,107.68224116115589,38.25319881442928,35.65811965811966,485,0.006183749818396266,-3.0,0.99,0.00015190445798566026,0.0001668197227955251,0.0003,-23.96905517578125,0.33160799741744995,-1.8612325191497803,0.6123764514923096,-0.49040812253952026,-3.0,22.673479080200195,46.79439926147461,1.0323798656463623,0.95485520362854,23.31087827682495,1.0,-23.96905517578125,0.33160799741744995,-1.8612325191497803,0.6123764514923096,-0.49040812253952026,-3.0,22.673479080200195,46.79439926147461,1.0323798656463623,485.0,485.0,0.0,0.006183749818396266,0.006183749818396266,0.0,0.00015190445798566026,0.00015190445798566026,0.0,0.0001668197227955251,0.0001668197227955251,0.0,0.0003,0.0003,0.0,-3.0,-3.0,0.0,0.0,0.2642857142857143,28.085714285714285,53.71428571428571,5293.593,21,Hopper-v5,2854,Agente_1
119.50383734703064,23,94208,61.41160418973834,105.41179997834459,38.06426698903861,35.769911504424776,485,0.006183749818396266,-3.0,0.99,0.00015190445798566026,0.0001668197227955251,0.0003,-25.62593650817871,0.36056602001190186,-1.8698272705078125,0.5997694730758667,-0.5112098455429077,-3.0,24.253517150878906,45.50215530395508,2.6657164096832275,0.9086499214172363,27.13761806488037,1.0,-25.62593650817871,0.36056602001190186,-1.8698272705078125,0.5997694730758667,-0.5112098455429077,-3.0,24.253517150878906,45.50215530395508,2.6657164096832275,485.0,485.0,0.0,0.006183749818396266,0.006183749818396266,0.0,0.00015190445798566026,0.00015190445798566026,0.0,0.0001668197227955251,0.0001668197227955251,0.0,0.0003,0.0003,0.0,-3.0,-3.0,0.0,0.0,0.28375,28.462500000000002,54.05,5311.064,22,Hopper-v5,2854,Agente_1
124.86348724365234,24,98304,60.997595338473914,109.12074568552578,35.13110527874733,35.42982456140351,485,0.006183749818396266,-3.0,0.99,0.00015190445798566026,0.0001668197227955251,0.0003,-25.74404525756836,0.32056859135627747,-2.018468141555786,0.5873908400535583,-0.5320648550987244,-3.0,24.30721664428711,46.76715087890625,-0.42154547572135925,0.9860200881958008,24.425946712493896,1.0,-25.74404525756836,0.32056859135627747,-2.018468141555786,0.5873908400535583,-0.5320648550987244,-3.0,24.30721664428711,46.76715087890625,-0.42154547572135925,485.0,485.0,0.0,0.006183749818396266,0.006183749818396266,0.0,0.00015190445798566026,0.00015190445798566026,0.0,0.0001668197227955251,0.0001668197227955251,0.0,0.0003,0.0003,0.0,-3.0,-3.0,0.0,0.0,0.22,27.91428571428571,54.27142857142858,5290.672,23,Hopper-v5,2854,Agente_1
130.2972695827484,25,102400,62.21167447273055,101.97542484259847,36.838135606453164,36.15652173913043,485,0.006183749818396266,-3.0,0.99,0.00015190445798566026,0.0001668197227955251,0.0003,-27.54120445251465,0.46812325716018677,-2.1481096744537354,0.575280487537384,-0.552897572517395,-3.0,26.227012634277344,56.18151092529297,1.3843040466308594,1.0116868019104004,29.947093963623047,1.0,-27.54120445251465,0.46812325716018677,-2.1481096744537354,0.575280487537384,-0.552897572517395,-3.0,26.227012634277344,56.18151092529297,1.3843040466308594,485.0,485.0,0.0,0.006183749818396266,0.006183749818396266,0.0,0.00015190445798566026,0.00015190445798566026,0.0,0.0001668197227955251,0.0001668197227955251,0.0,0.0003,0.0003,0.0,-3.0,-3.0,0.0,0.0,0.2571428571428572,29.285714285714285,54.44285714285714,5326.047,24,Hopper-v5,2854,Agente_1
135.5538990497589,26,106496,62.98425381541968,96.4958543035315,37.24296074354022,36.50892857142857,485,0.006183749818396266,-3.0,0.99,0.00015190445798566026,0.0001668197227955251,0.0003,-28.545997619628906,0.3517453074455261,-2.1476807594299316,0.5632780194282532,-0.5739819407463074,-3.0,27.12824821472168,48.50176239013672,2.4965202808380127,0.923863410949707,26.669456481933594,1.0,-28.545997619628906,0.3517453074455261,-2.1476807594299316,0.5632780194282532,-0.5739819407463074,-3.0,27.12824821472168,48.50176239013672,2.4965202808380127,485.0,485.0,0.0,0.006183749818396266,0.006183749818396266,0.0,0.00015190445798566026,0.00015190445798566026,0.0,0.0001668197227955251,0.0001668197227955251,0.0,0.0003,0.0003,0.0,-3.0,-3.0,0.0,0.0,0.2475,27.775000000000002,56.0125,5332.705,25,Hopper-v5,2854,Agente_1
140.71445202827454,27,110592,69.98910421697067,112.87930472229903,36.86997681510604,40.14,485,0.006183749818396266,-3.0,0.99,0.00015190445798566026,0.0001668197227955251,0.0003,-28.84588623046875,0.4147612154483795,-2.090087413787842,0.5514780282974243,-0.5951532125473022,-3.0,27.18456268310547,47.49223327636719,-0.41407325863838196,1.0710105895996094,27.74971914291382,1.0,-28.84588623046875,0.4147612154483795,-2.090087413787842,0.5514780282974243,-0.5951532125473022,-3.0,27.18456268310547,47.49223327636719,-0.41407325863838196,485.0,485.0,0.0,0.006183749818396266,0.006183749818396266,0.0,0.00015190445798566026,0.00015190445798566026,0.0,0.0001668197227955251,0.0001668197227955251,0.0,0.0003,0.0003,0.0,-3.0,-3.0,0.0,0.0,0.2914285714285714,27.085714285714285,57.171428571428564,5341.899,26,Hopper-v5,2854,Agente_1
146.10649585723877,28,114688,70.02837702550727,99.98725436897126,37.01828743206524,40.01960784313726,485,0.006183749818396266,-3.0,0.99,0.00015190445798566026,0.0001668197227955251,0.0003,-30.478191375732422,0.45260950922966003,-2.1978681087493896,0.5399262309074402,-0.6163228154182434,-3.0,28.742149353027344,50.56273651123047,2.442728281021118,0.9191398620605469,32.1317720413208,1.0,-30.478191375732422,0.45260950922966003,-2.1978681087493896,0.5399262309074402,-0.6163228154182434,-3.0,28.742149353027344,50.56273651123047,2.442728281021118,485.0,485.0,0.0,0.006183749818396266,0.006183749818396266,0.0,0.00015190445798566026,0.00015190445798566026,0.0,0.0001668197227955251,0.0001668197227955251,0.0,0.0003,0.0003,0.0,-3.0,-3.0,0.0,0.0,0.25285714285714284,26.82857142857143,57.4,5315.842,27,Hopper-v5,2854,Agente_1
151.11714506149292,29,118784,77.01811434510915,116.14167828283962,38.878990808545424,43.55,485,0.006183749818396266,-3.0,0.99,0.00015190445798566026,0.0001668197227955251,0.0003,-30.885459899902344,0.47568994760513306,-2.176453113555908,0.5286609530448914,-0.6374079585075378,-3.0,29.32396697998047,52.969486236572266,2.928269863128662,0.9605693817138672,30.375751972198486,1.0,-30.885459899902344,0.47568994760513306,-2.176453113555908,0.5286609530448914,-0.6374079585075378,-3.0,29.32396697998047,52.969486236572266,2.928269863128662,485.0,485.0,0.0,0.006183749818396266,0.006183749818396266,0.0,0.00015190445798566026,0.00015190445798566026,0.0,0.0001668197227955251,0.0001668197227955251,0.0,0.0003,0.0003,0.0,-3.0,-3.0,0.0,0.0,0.16142857142857145,25.442857142857143,58.74285714285714,5289.65,28,Hopper-v5,2854,Agente_1
156.6413493156433,30,122880,77.85157654863033,116.14167828283962,38.87524767450329,44.14,485,0.006183749818396266,-3.0,0.99,0.00015190445798566026,0.0001668197227955251,0.0003,-32.16550827026367,0.3504144847393036,-2.3060507774353027,0.5175623297691345,-0.6586253643035889,-3.0,30.850048065185547,53.412662506103516,1.801525592803955,0.7895512580871582,31.008788585662842,1.0,-32.16550827026367,0.3504144847393036,-2.3060507774353027,0.5175623297691345,-0.6586253643035889,-3.0,30.850048065185547,53.412662506103516,1.801525592803955,485.0,485.0,0.0,0.006183749818396266,0.006183749818396266,0.0,0.00015190445798566026,0.00015190445798566026,0.0,0.0001668197227955251,0.0001668197227955251,0.0,0.0003,0.0003,0.0,-3.0,-3.0,0.0,0.0,0.2625,27.799999999999997,58.525000000000006,5308.885,29,Hopper-v5,2854,Agente_1
162.00297117233276,31,126976,83.99784605288254,125.92016298637361,38.797273547817916,47.37,485,0.006183749818396266,-3.0,0.99,0.00015190445798566026,0.0001668197227955251,0.0003,-33.17936706542969,0.3915543258190155,-2.4331419467926025,0.5067179203033447,-0.6798007488250732,-3.0,31.391414642333984,54.516075134277344,1.3649011850357056,0.9578361511230469,31.697117805480957,1.0,-33.17936706542969,0.3915543258190155,-2.4331419467926025,0.5067179203033447,-0.6798007488250732,-3.0,31.391414642333984,54.516075134277344,1.3649011850357056,485.0,485.0,0.0,0.006183749818396266,0.006183749818396266,0.0,0.00015190445798566026,0.00015190445798566026,0.0,0.0001668197227955251,0.0001668197227955251,0.0,0.0003,0.0003,0.0,-3.0,-3.0,0.0,0.0,0.24571428571428575,28.228571428571428,58.57142857142857,5303.687,30,Hopper-v5,2854,Agente_1
167.53664112091064,32,131072,89.88879958257822,129.55909772222577,39.241561494585575,50.26,485,0.006183749818396266,-3.0,0.99,0.00015190445798566026,0.0001668197227955251,0.0003,-32.787384033203125,0.5043507814407349,-2.271001100540161,0.49615591764450073,-0.7008650302886963,-3.0,30.87575912475586,52.554100036621094,1.9832066297531128,1.0648021697998047,33.86028861999512,1.0,-32.787384033203125,0.5043507814407349,-2.271001100540161,0.49615591764450073,-0.7008650302886963,-3.0,30.87575912475586,52.554100036621094,1.9832066297531128,485.0,485.0,0.0,0.006183749818396266,0.006183749818396266,0.0,0.00015190445798566026,0.00015190445798566026,0.0,0.0001668197227955251,0.0001668197227955251,0.0,0.0003,0.0003,0.0,-3.0,-3.0,0.0,0.0,0.27375,27.3375,58.5625,5325.77,31,Hopper-v5,2854,Agente_1
172.8228371143341,33,135168,98.22180253743285,156.02199918802756,37.01484952817396,54.04,485,0.006183749818396266,-3.0,0.99,0.00015190445798566026,0.0001668197227955251,0.0003,-34.633052825927734,0.5549063682556152,-2.6138510704040527,0.4858079254627228,-0.7219419479370117,-3.0,32.83043670654297,56.40153503417969,-0.42455047369003296,1.146653175354004,34.16039180755615,1.0,-34.633052825927734,0.5549063682556152,-2.6138510704040527,0.4858079254627228,-0.7219419479370117,-3.0,32.83043670654297,56.40153503417969,-0.42455047369003296,485.0,485.0,0.0,0.006183749818396266,0.006183749818396266,0.0,0.00015190445798566026,0.00015190445798566026,0.0,0.0001668197227955251,0.0001668197227955251,0.0,0.0003,0.0003,0.0,-3.0,-3.0,0.0,0.0,0.2814285714285715,28.0,58.785714285714285,5320.242,32,Hopper-v5,2854,Agente_1
178.24390196800232,34,139264,105.84828424270466,156.9806514998832,38.85532579025928,57.67,485,0.006183749818396266,-3.0,0.99,0.00015190445798566026,0.0001668197227955251,0.0003,-35.44137954711914,0.48888611793518066,-2.6186094284057617,0.47567418217658997,-0.7430221438407898,-3.0,33.76422882080078,50.64457321166992,11.227682113647461,1.001713752746582,34.03547954559326,1.0,-35.44137954711914,0.48888611793518066,-2.6186094284057617,0.47567418217658997,-0.7430221438407898,-3.0,33.76422882080078,50.64457321166992,11.227682113647461,485.0,485.0,0.0,0.006183749818396266,0.006183749818396266,0.0,0.00015190445798566026,0.00015190445798566026,0.0,0.0001668197227955251,0.0001668197227955251,0.0,0.0003,0.0003,0.0,-3.0,-3.0,0.0,0.0,0.23857142857142852,27.671428571428574,58.857142857142854,5326.528,33,Hopper-v5,2854,Agente_1
183.37875652313232,35,143360,115.97178909093712,167.70925081702384,38.85532579025928,61.61,485,0.006183749818396266,-3.0,0.99,0.00015190445798566026,0.0001668197227955251,0.0003,-37.044273376464844,0.4457344114780426,-2.5773377418518066,0.46572765707969666,-0.7641542553901672,-3.0,35.345115661621094,67.84285736083984,8.295854568481445,1.0742359161376953,34.68677520751953,1.0,-37.044273376464844,0.4457344114780426,-2.5773377418518066,0.46572765707969666,-0.7641542553901672,-3.0,35.345115661621094,67.84285736083984,8.295854568481445,485.0,485.0,0.0,0.006183749818396266,0.006183749818396266,0.0,0.00015190445798566026,0.00015190445798566026,0.0,0.0001668197227955251,0.0001668197227955251,0.0,0.0003,0.0003,0.0,-3.0,-3.0,0.0,0.0,0.29285714285714287,27.45714285714286,58.98571428571428,5296.935,34,Hopper-v5,2854,Agente_1
188.8612117767334,36,147456,132.8174731817342,176.38440989994044,40.31244286190192,68.67,485,0.006183749818396266,-3.0,0.99,0.00015190445798566026,0.0001668197227955251,0.0003,-37.61173629760742,0.4304611384868622,-2.5949113368988037,0.4560143053531647,-0.7852311134338379,-3.0,35.920982360839844,56.88732147216797,1.5739094018936157,1.0046730041503906,35.00657367706299,1.0,-37.61173629760742,0.4304611384868622,-2.5949113368988037,0.4560143053531647,-0.7852311134338379,-3.0,35.920982360839844,56.88732147216797,1.5739094018936157,485.0,485.0,0.0,0.006183749818396266,0.006183749818396266,0.0,0.00015190445798566026,0.00015190445798566026,0.0,0.0001668197227955251,0.0001668197227955251,0.0,0.0003,0.0003,0.0,-3.0,-3.0,0.0,0.0,0.245,26.225,59.212500000000006,5319.403,35,Hopper-v5,2854,Agente_1
194.35477447509766,37,151552,141.70616731695117,186.5115969967995,38.68158447157645,72.04,485,0.006183749818396266,-3.0,0.99,0.00015190445798566026,0.0001668197227955251,0.0003,-38.36084747314453,0.42990636825561523,-2.573465347290039,0.44654086232185364,-0.8062244653701782,-3.0,36.986751556396484,59.046512603759766,-1.138481616973877,0.8561878204345703,35.64534664154053,1.0,-38.36084747314453,0.42990636825561523,-2.573465347290039,0.44654086232185364,-0.8062244653701782,-3.0,36.986751556396484,59.046512603759766,-1.138481616973877,485.0,485.0,0.0,0.006183749818396266,0.006183749818396266,0.0,0.00015190445798566026,0.00015190445798566026,0.0,0.0001668197227955251,0.0001668197227955251,0.0,0.0003,0.0003,0.0,-3.0,-3.0,0.0,0.0,0.2525,27.6625,59.3875,5352.685,36,Hopper-v5,2854,Agente_1
199.67339086532593,38,155648,148.74163974583828,186.5115969967995,38.68158447157645,74.62,485,0.006183749818396266,-3.0,0.99,0.00015190445798566026,0.0001668197227955251,0.0003,-39.37931823730469,0.546565592288971,-2.505492925643921,0.43725234270095825,-0.8272448182106018,-3.0,38.03401184082031,64.17979431152344,1.6581999063491821,1.224390983581543,38.642563819885254,1.0,-39.37931823730469,0.546565592288971,-2.505492925643921,0.43725234270095825,-0.8272448182106018,-3.0,38.03401184082031,64.17979431152344,1.6581999063491821,485.0,485.0,0.0,0.006183749818396266,0.006183749818396266,0.0,0.00015190445798566026,0.00015190445798566026,0.0,0.0001668197227955251,0.0001668197227955251,0.0,0.0003,0.0003,0.0,-3.0,-3.0,0.0,0.0,0.27714285714285714,27.28571428571428,59.57142857142857,5345.773,37,Hopper-v5,2854,Agente_1
204.8987090587616,39,159744,159.97361998500202,193.59103406226524,41.97463639214673,78.6,485,0.006183749818396266,-3.0,0.99,0.00015190445798566026,0.0001668197227955251,0.0003,-39.90764236450195,0.4902499318122864,-2.7425308227539062,0.4281267523765564,-0.8483359813690186,-3.0,38.33827209472656,57.975223541259766,10.35036563873291,1.1302556991577148,36.421377182006836,1.0,-39.90764236450195,0.4902499318122864,-2.7425308227539062,0.4281267523765564,-0.8483359813690186,-3.0,38.33827209472656,57.975223541259766,10.35036563873291,485.0,485.0,0.0,0.006183749818396266,0.006183749818396266,0.0,0.00015190445798566026,0.00015190445798566026,0.0,0.0001668197227955251,0.0001668197227955251,0.0,0.0003,0.0003,0.0,-3.0,-3.0,0.0,0.0,0.2914285714285714,27.271428571428572,59.64285714285715,5367.136,38,Hopper-v5,2854,Agente_1
210.25307178497314,40,163840,168.34412963856866,193.59103406226524,41.97463639214673,81.69,485,0.006183749818396266,-3.0,0.99,0.00015190445798566026,0.0001668197227955251,0.0003,-41.569725036621094,0.44935154914855957,-2.857302188873291,0.4191773533821106,-0.869461178779602,-3.0,40.141326904296875,65.72284698486328,-0.5507179498672485,1.1076583862304688,41.12602138519287,1.0,-41.569725036621094,0.44935154914855957,-2.857302188873291,0.4191773533821106,-0.869461178779602,-3.0,40.141326904296875,65.72284698486328,-0.5507179498672485,485.0,485.0,0.0,0.006183749818396266,0.006183749818396266,0.0,0.00015190445798566026,0.00015190445798566026,0.0,0.0001668197227955251,0.0001668197227955251,0.0,0.0003,0.0003,0.0,-3.0,-3.0,0.0,0.0,0.22285714285714284,22.82857142857143,60.24285714285714,5350.159,39,Hopper-v5,2854,Agente_1
215.97893023490906,41,167936,168.92832622429447,193.47473879501527,38.70577293182247,81.36,485,0.006183749818396266,-3.0,0.99,0.00015190445798566026,0.0001668197227955251,0.0003,-42.39719772338867,0.5417250990867615,-2.6869096755981445,0.4103914797306061,-0.8906437754631042,-3.0,40.842376708984375,73.50791931152344,5.731009483337402,1.2235832214355469,41.270474433898926,1.0,-42.39719772338867,0.5417250990867615,-2.6869096755981445,0.4103914797306061,-0.8906437754631042,-3.0,40.842376708984375,73.50791931152344,5.731009483337402,485.0,485.0,0.0,0.006183749818396266,0.006183749818396266,0.0,0.00015190445798566026,0.00015190445798566026,0.0,0.0001668197227955251,0.0001668197227955251,0.0,0.0003,0.0003,0.0,-3.0,-3.0,0.0,0.0,0.10055555555555555,16.56111111111111,59.35000000000001,5386.635,40,Hopper-v5,2854,Agente_1
221.24116683006287,42,172032,171.0438824567726,197.9475596064273,38.70577293182247,81.73,485,0.006183749818396266,-3.0,0.99,0.00015190445798566026,0.0001668197227955251,0.0003,-43.4384880065918,0.6154380440711975,-2.8083722591400146,0.40190181136131287,-0.9115474820137024,-3.0,41.465240478515625,72.8929214477539,5.31441068649292,1.1706085205078125,41.32605743408203,1.0,-43.4384880065918,0.6154380440711975,-2.8083722591400146,0.40190181136131287,-0.9115474820137024,-3.0,41.465240478515625,72.8929214477539,5.31441068649292,485.0,485.0,0.0,0.006183749818396266,0.006183749818396266,0.0,0.00015190445798566026,0.00015190445798566026,0.0,0.0001668197227955251,0.0001668197227955251,0.0,0.0003,0.0003,0.0,-3.0,-3.0,0.0,0.0,0.19714285714285712,25.328571428571426,60.05714285714286,5359.232,41,Hopper-v5,2854,Agente_1
226.35517835617065,43,176128,172.30697991977127,197.9475596064273,39.30840899347771,82.57,485,0.006183749818396266,-3.0,0.99,0.00015190445798566026,0.0001668197227955251,0.0003,-43.467308044433594,0.49988606572151184,-2.850086212158203,0.3935180604457855,-0.9326283931732178,-3.0,41.715553283691406,83.09017944335938,3.8688087463378906,1.1293907165527344,40.890936851501465,1.0,-43.467308044433594,0.49988606572151184,-2.850086212158203,0.3935180604457855,-0.9326283931732178,-3.0,41.715553283691406,83.09017944335938,3.8688087463378906,485.0,485.0,0.0,0.006183749818396266,0.006183749818396266,0.0,0.00015190445798566026,0.00015190445798566026,0.0,0.0001668197227955251,0.0001668197227955251,0.0,0.0003,0.0003,0.0,-3.0,-3.0,0.0,0.0,0.15571428571428572,25.12857142857143,65.4,5341.947,42,Hopper-v5,2854,Agente_1
231.56461572647095,44,180224,173.37798488331802,194.1909893547211,50.740285040360924,82.99,485,0.006183749818396266,-3.0,0.99,0.00015190445798566026,0.0001668197227955251,0.0003,-44.68434143066406,0.5063396692276001,-2.747122287750244,0.3851655423641205,-0.9540820717811584,-3.0,42.84015655517578,71.64488983154297,9.18818187713623,1.080336570739746,40.509674072265625,1.0,-44.68434143066406,0.5063396692276001,-2.747122287750244,0.3851655423641205,-0.9540820717811584,-3.0,42.84015655517578,71.64488983154297,9.18818187713623,485.0,485.0,0.0,0.006183749818396266,0.006183749818396266,0.0,0.00015190445798566026,0.00015190445798566026,0.0,0.0001668197227955251,0.0001668197227955251,0.0,0.0003,0.0003,0.0,-3.0,-3.0,0.0,0.0,0.17125,25.799999999999997,67.1875,5320.942,43,Hopper-v5,2854,Agente_1
237.20008516311646,45,184320,174.01051234210132,194.1909893547211,63.58785141351272,82.75,485,0.006183749818396266,-3.0,0.99,0.00015190445798566026,0.0001668197227955251,0.0003,-46.264381408691406,0.44464048743247986,-3.2507851123809814,0.3771374821662903,-0.9751455187797546,-3.0,44.7781982421875,73.35136413574219,5.830179691314697,1.089411735534668,40.90571975708008,1.0,-46.264381408691406,0.44464048743247986,-3.2507851123809814,0.3771374821662903,-0.9751455187797546,-3.0,44.7781982421875,73.35136413574219,5.830179691314697,485.0,485.0,0.0,0.006183749818396266,0.006183749818396266,0.0,0.00015190445798566026,0.00015190445798566026,0.0,0.0001668197227955251,0.0001668197227955251,0.0,0.0003,0.0003,0.0,-3.0,-3.0,0.0,0.0,0.15857142857142859,27.057142857142857,67.10000000000001,5370.893,44,Hopper-v5,2854,Agente_1
242.40737628936768,46,188416,172.44387039146156,192.27508762776984,43.040713699085394,82.08,485,0.006183749818396266,-3.0,0.99,0.00015190445798566026,0.0001668197227955251,0.0003,-46.6434440612793,0.5277456045150757,-3.149697780609131,0.36936095356941223,-0.995980978012085,-3.0,45.039852142333984,71.99479675292969,-0.400312602519989,1.0833854675292969,44.172176361083984,1.0,-46.6434440612793,0.5277456045150757,-3.149697780609131,0.36936095356941223,-0.995980978012085,-3.0,45.039852142333984,71.99479675292969,-0.400312602519989,485.0,485.0,0.0,0.006183749818396266,0.006183749818396266,0.0,0.00015190445798566026,0.00015190445798566026,0.0,0.0001668197227955251,0.0001668197227955251,0.0,0.0003,0.0003,0.0,-3.0,-3.0,0.0,0.0,0.27375,27.4,66.325,5343.076,45,Hopper-v5,2854,Agente_1
247.64535522460938,47,192512,173.2744194857431,199.39857406851834,43.040713699085394,82.58,485,0.006183749818396266,-3.0,0.99,0.00015190445798566026,0.0001668197227955251,0.0003,-47.230838775634766,0.6496099233627319,-2.9015049934387207,0.36170488595962524,-1.016926646232605,-3.0,45.167633056640625,72.92045593261719,-0.799293041229248,1.3429336547851562,46.68067264556885,1.0,-47.230838775634766,0.6496099233627319,-2.9015049934387207,0.36170488595962524,-1.016926646232605,-3.0,45.167633056640625,72.92045593261719,-0.799293041229248,485.0,485.0,0.0,0.006183749818396266,0.006183749818396266,0.0,0.00015190445798566026,0.00015190445798566026,0.0,0.0001668197227955251,0.0001668197227955251,0.0,0.0003,0.0003,0.0,-3.0,-3.0,0.0,0.0,0.26142857142857145,27.78571428571429,66.35714285714286,5317.507,46,Hopper-v5,2854,Agente_1
252.7666187286377,48,196608,174.94837710246932,199.39857406851834,47.54786432831652,83.38,485,0.006183749818396266,-3.0,0.99,0.00015190445798566026,0.0001668197227955251,0.0003,-49.88010025024414,0.5405185222625732,-3.056548595428467,0.35409048199653625,-1.0382027626037598,-3.0,47.84261703491211,75.91522979736328,11.517802238464355,1.2954835891723633,45.323946952819824,1.0,-49.88010025024414,0.5405185222625732,-3.056548595428467,0.35409048199653625,-1.0382027626037598,-3.0,47.84261703491211,75.91522979736328,11.517802238464355,485.0,485.0,0.0,0.006183749818396266,0.006183749818396266,0.0,0.00015190445798566026,0.00015190445798566026,0.0,0.0001668197227955251,0.0001668197227955251,0.0,0.0003,0.0003,0.0,-3.0,-3.0,0.0,0.0,0.21285714285714286,27.785714285714285,66.54285714285713,5297.541,47,Hopper-v5,2854,Agente_1
258.12053632736206,49,200704,175.7047057490586,196.99676340327895,43.22461840591506,83.26,485,0.006183749818396266,-3.0,0.99,0.00015190445798566026,0.0001668197227955251,0.0003,-50.87934875488281,0.5333495140075684,-3.0939924716949463,0.3467177748680115,-1.059244155883789,-3.0,48.91303253173828,77.25483703613281,5.843197345733643,1.2302885055541992,41.4823694229126,1.0,-50.87934875488281,0.5333495140075684,-3.0939924716949463,0.3467177748680115,-1.059244155883789,-3.0,48.91303253173828,77.25483703613281,5.843197345733643,485.0,485.0,0.0,0.006183749818396266,0.006183749818396266,0.0,0.00015190445798566026,0.00015190445798566026,0.0,0.0001668197227955251,0.0001668197227955251,0.0,0.0003,0.0003,0.0,-3.0,-3.0,0.0,0.0,0.24285714285714285,27.37142857142857,66.5,5310.354,48,Hopper-v5,2854,Agente_1
263.67301964759827,50,204800,174.5259750414778,196.99676340327895,43.22461840591506,82.66,485,0.006183749818396266,-3.0,0.99,0.00015190445798566026,0.0001668197227955251,0.0003,-51.00469207763672,0.43428903818130493,-3.275275468826294,0.3393876552581787,-1.080612301826477,-3.0,49.621490478515625,78.94910430908203,3.7390854358673096,1.1102886199951172,43.43674278259277,1.0,-51.00469207763672,0.43428903818130493,-3.275275468826294,0.3393876552581787,-1.080612301826477,-3.0,49.621490478515625,78.94910430908203,3.7390854358673096,485.0,485.0,0.0,0.006183749818396266,0.006183749818396266,0.0,0.00015190445798566026,0.00015190445798566026,0.0,0.0001668197227955251,0.0001668197227955251,0.0,0.0003,0.0003,0.0,-3.0,-3.0,0.0,0.0,0.29874999999999996,27.7375,66.5125,5330.298,49,Hopper-v5,2854,Agente_1
268.8656096458435,51,208896,176.56500494393956,196.30367072558556,44.42095402281296,83.37,485,0.006183749818396266,-3.0,0.99,0.00015190445798566026,0.0001668197227955251,0.0003,-51.83307647705078,0.6921820640563965,-3.0765366554260254,0.33212828636169434,-1.1022340059280396,-3.0,50.47825622558594,81.95246124267578,12.447793960571289,1.4722681045532227,48.420653343200684,1.0,-51.83307647705078,0.6921820640563965,-3.0765366554260254,0.33212828636169434,-1.1022340059280396,-3.0,50.47825622558594,81.95246124267578,12.447793960571289,485.0,485.0,0.0,0.006183749818396266,0.006183749818396266,0.0,0.00015190445798566026,0.00015190445798566026,0.0,0.0001668197227955251,0.0001668197227955251,0.0,0.0003,0.0003,0.0,-3.0,-3.0,0.0,0.0,0.25857142857142856,27.428571428571427,66.68571428571428,5277.107,50,Hopper-v5,2854,Agente_1
274.3419077396393,52,212992,178.26707267648825,196.30367072558556,165.83088893529595,83.94,485,0.006183749818396266,-3.0,0.99,0.00015190445798566026,0.0001668197227955251,0.0003,-51.979026794433594,0.718917727470398,-3.103588581085205,0.3249953091144562,-1.1239445209503174,-3.0,50.18073654174805,84.40166473388672,7.4824700355529785,1.2512989044189453,51.10931205749512,1.0,-51.979026794433594,0.718917727470398,-3.103588581085205,0.3249953091144562,-1.1239445209503174,-3.0,50.18073654174805,84.40166473388672,7.4824700355529785,485.0,485.0,0.0,0.006183749818396266,0.006183749818396266,0.0,0.00015190445798566026,0.00015190445798566026,0.0,0.0001668197227955251,0.0001668197227955251,0.0,0.0003,0.0003,0.0,-3.0,-3.0,0.0,0.0,0.2475,26.5125,66.85,5298.469,51,Hopper-v5,2854,Agente_1
279.55812668800354,53,217088,178.31508846633307,197.17769713945358,165.83088893529595,83.79,485,0.006183749818396266,-3.0,0.99,0.00015190445798566026,0.0001668197227955251,0.0003,-53.11582946777344,0.649978756904602,-3.290858507156372,0.3181403577327728,-1.145262598991394,-3.0,51.48778533935547,86.78229522705078,7.243779182434082,1.292862892150879,52.659424781799316,1.0,-53.11582946777344,0.649978756904602,-3.290858507156372,0.3181403577327728,-1.145262598991394,-3.0,51.48778533935547,86.78229522705078,7.243779182434082,485.0,485.0,0.0,0.006183749818396266,0.006183749818396266,0.0,0.00015190445798566026,0.00015190445798566026,0.0,0.0001668197227955251,0.0001668197227955251,0.0,0.0003,0.0003,0.0,-3.0,-3.0,0.0,0.0,0.22,27.657142857142855,66.87142857142855,5308.261,52,Hopper-v5,2854,Agente_1
284.8832769393921,54,221184,179.04058475025954,197.17769713945358,167.98055673971095,83.85,485,0.006183749818396266,-3.0,0.99,0.00015190445798566026,0.0001668197227955251,0.0003,-54.23271942138672,0.549111545085907,-3.2176709175109863,0.31139543652534485,-1.1666916608810425,-3.0,52.38922882080078,85.88249206542969,7.583524227142334,1.3085002899169922,49.578104972839355,1.0,-54.23271942138672,0.549111545085907,-3.2176709175109863,0.31139543652534485,-1.1666916608810425,-3.0,52.38922882080078,85.88249206542969,7.583524227142334,485.0,485.0,0.0,0.006183749818396266,0.006183749818396266,0.0,0.00015190445798566026,0.00015190445798566026,0.0,0.0001668197227955251,0.0001668197227955251,0.0,0.0003,0.0003,0.0,-3.0,-3.0,0.0,0.0,0.235,26.8375,67.01249999999999,5319.485,53,Hopper-v5,2854,Agente_1
290.31060910224915,55,225280,179.5419614968199,204.62840219775936,163.8490272836447,84.19,485,0.006183749818396266,-3.0,0.99,0.00015190445798566026,0.0001668197227955251,0.0003,-55.149147033691406,0.5544818639755249,-3.3787856101989746,0.3048381805419922,-1.187974214553833,-3.0,53.304718017578125,86.39347839355469,2.6573426723480225,1.214350700378418,45.427978515625,1.0,-55.149147033691406,0.5544818639755249,-3.3787856101989746,0.3048381805419922,-1.187974214553833,-3.0,53.304718017578125,86.39347839355469,2.6573426723480225,485.0,485.0,0.0,0.006183749818396266,0.006183749818396266,0.0,0.00015190445798566026,0.00015190445798566026,0.0,0.0001668197227955251,0.0001668197227955251,0.0,0.0003,0.0003,0.0,-3.0,-3.0,0.0,0.0,0.25999999999999995,27.385714285714283,67.1,5298.666,54,Hopper-v5,2854,Agente_1
296.0138568878174,56,229376,178.53015722698115,207.64520632790646,44.149997278710856,83.63,485,0.006183749818396266,-3.0,0.99,0.00015190445798566026,0.0001668197227955251,0.0003,-56.19538497924805,0.5595341920852661,-3.7878029346466064,0.29836294054985046,-1.2094446420669556,-3.0,54.816585540771484,85.04515075683594,1.1979600191116333,1.1698942184448242,50.80681896209717,1.0,-56.19538497924805,0.5595341920852661,-3.7878029346466064,0.29836294054985046,-1.2094446420669556,-3.0,54.816585540771484,85.04515075683594,1.1979600191116333,485.0,485.0,0.0,0.006183749818396266,0.006183749818396266,0.0,0.00015190445798566026,0.00015190445798566026,0.0,0.0001668197227955251,0.0001668197227955251,0.0,0.0003,0.0003,0.0,-3.0,-3.0,0.0,0.0,0.25375000000000003,26.075000000000003,68.07499999999999,5348.719,55,Hopper-v5,2854,Agente_1
301.3103885650635,57,233472,179.8654702479532,211.56532493528834,44.149997278710856,83.71,485,0.006183749818396266,-3.0,0.99,0.00015190445798566026,0.0001668197227955251,0.0003,-57.046756744384766,0.5757045745849609,-3.2982001304626465,0.29193487763404846,-1.2312244176864624,-3.0,55.22281265258789,90.15840911865234,5.644384860992432,1.3325719833374023,51.98910903930664,1.0,-57.046756744384766,0.5757045745849609,-3.2982001304626465,0.29193487763404846,-1.2312244176864624,-3.0,55.22281265258789,90.15840911865234,5.644384860992432,485.0,485.0,0.0,0.006183749818396266,0.006183749818396266,0.0,0.00015190445798566026,0.00015190445798566026,0.0,0.0001668197227955251,0.0001668197227955251,0.0,0.0003,0.0003,0.0,-3.0,-3.0,0.0,0.0,0.13857142857142857,25.557142857142857,69.84285714285716,5354.636,56,Hopper-v5,2854,Agente_1
306.49666118621826,58,237568,181.0741553518995,211.56532493528834,44.149997278710856,84.02,485,0.006183749818396266,-3.0,0.99,0.00015190445798566026,0.0001668197227955251,0.0003,-58.30738830566406,0.601944088935852,-3.4867141246795654,0.285685271024704,-1.2528645992279053,-3.0,56.46489715576172,90.64996337890625,15.52929401397705,1.2917184829711914,52.688941955566406,1.0,-58.30738830566406,0.601944088935852,-3.4867141246795654,0.285685271024704,-1.2528645992279053,-3.0,56.46489715576172,90.64996337890625,15.52929401397705,485.0,485.0,0.0,0.006183749818396266,0.006183749818396266,0.0,0.00015190445798566026,0.00015190445798566026,0.0,0.0001668197227955251,0.0001668197227955251,0.0,0.0003,0.0003,0.0,-3.0,-3.0,0.0,0.0,0.13000000000000003,23.62857142857143,71.67142857142858,5360.921,57,Hopper-v5,2854,Agente_1
311.558185338974,59,241664,183.70815597807137,211.56532493528834,168.15857519566478,84.9,485,0.006183749818396266,-3.0,0.99,0.00015190445798566026,0.0001668197227955251,0.0003,-59.41179656982422,0.7608281970024109,-3.179445743560791,0.2795886993408203,-1.2744356393814087,-3.0,57.835533142089844,93.35084533691406,6.986316204071045,1.343216896057129,54.72191905975342,1.0,-59.41179656982422,0.7608281970024109,-3.179445743560791,0.2795886993408203,-1.2744356393814087,-3.0,57.835533142089844,93.35084533691406,6.986316204071045,485.0,485.0,0.0,0.006183749818396266,0.006183749818396266,0.0,0.00015190445798566026,0.00015190445798566026,0.0,0.0001668197227955251,0.0001668197227955251,0.0,0.0003,0.0003,0.0,-3.0,-3.0,0.0,0.0,0.16142857142857145,25.614285714285717,71.67142857142858,5331.79,58,Hopper-v5,2854,Agente_1
316.6425778865814,60,245760,184.05198652548162,203.39581266280575,166.29048897276726,84.94,485,0.006183749818396266,-3.0,0.99,0.00015190445798566026,0.0001668197227955251,0.0003,-61.0447998046875,0.6833125352859497,-3.286135196685791,0.2735426723957062,-1.2962976694107056,-3.0,58.879634857177734,92.71118927001953,-3.0587332248687744,1.5028657913208008,57.81989288330078,1.0,-61.0447998046875,0.6833125352859497,-3.286135196685791,0.2735426723957062,-1.2962976694107056,-3.0,58.879634857177734,92.71118927001953,-3.0587332248687744,485.0,485.0,0.0,0.006183749818396266,0.006183749818396266,0.0,0.00015190445798566026,0.00015190445798566026,0.0,0.0001668197227955251,0.0001668197227955251,0.0,0.0003,0.0003,0.0,-3.0,-3.0,0.0,0.0,0.16142857142857145,25.657142857142855,73.3,5284.645,59,Hopper-v5,2854,Agente_1
321.9526150226593,61,249856,185.58862658458892,216.61388570488265,166.29048897276726,85.31,485,0.006183749818396266,-3.0,0.99,0.00015190445798566026,0.0001668197227955251,0.0003,-59.89466094970703,0.6124305725097656,-3.46690034866333,0.2676948308944702,-1.317907691001892,-3.0,58.020965576171875,93.94552612304688,-0.3111889362335205,1.3040266036987305,52.84151363372803,1.0,-59.89466094970703,0.6124305725097656,-3.46690034866333,0.2676948308944702,-1.317907691001892,-3.0,58.020965576171875,93.94552612304688,-0.3111889362335205,485.0,485.0,0.0,0.006183749818396266,0.006183749818396266,0.0,0.00015190445798566026,0.00015190445798566026,0.0,0.0001668197227955251,0.0001668197227955251,0.0,0.0003,0.0003,0.0,-3.0,-3.0,0.0,0.0,0.23857142857142857,26.6,72.28571428571428,5296.273,60,Hopper-v5,2854,Agente_1
327.36870884895325,62,253952,188.82524211496383,216.61388570488265,168.60521884455963,86.03,485,0.006183749818396266,-3.0,0.99,0.00015190445798566026,0.0001668197227955251,0.0003,-62.3751220703125,0.585757315158844,-3.792710781097412,0.26188522577285767,-1.3398489952087402,-3.0,60.915077209472656,93.30618286132812,9.552408218383789,1.168741226196289,54.71431255340576,1.0,-62.3751220703125,0.585757315158844,-3.792710781097412,0.26188522577285767,-1.3398489952087402,-3.0,60.915077209472656,93.30618286132812,9.552408218383789,485.0,485.0,0.0,0.006183749818396266,0.006183749818396266,0.0,0.00015190445798566026,0.00015190445798566026,0.0,0.0001668197227955251,0.0001668197227955251,0.0,0.0003,0.0003,0.0,-3.0,-3.0,0.0,0.0,0.27625,28.125,71.5625,5290.398,61,Hopper-v5,2854,Agente_1
333.2055675983429,63,258048,191.17212551913858,216.4541316493765,174.25172314029314,86.49,485,0.006183749818396266,-3.0,0.99,0.00015190445798566026,0.0001668197227955251,0.0003,-62.37698745727539,0.6842675805091858,-4.159849166870117,0.2561069130897522,-1.362160325050354,-3.0,61.086875915527344,93.74934387207031,22.025251388549805,1.0212011337280273,55.428256034851074,1.0,-62.37698745727539,0.6842675805091858,-4.159849166870117,0.2561069130897522,-1.362160325050354,-3.0,61.086875915527344,93.74934387207031,22.025251388549805,485.0,485.0,0.0,0.006183749818396266,0.006183749818396266,0.0,0.00015190445798566026,0.00015190445798566026,0.0,0.0001668197227955251,0.0001668197227955251,0.0,0.0003,0.0003,0.0,-3.0,-3.0,0.0,0.0,0.28125,27.612499999999997,71.5375,5352.716,62,Hopper-v5,2854,Agente_1
338.62234807014465,64,262144,191.28884038167052,214.57968348724776,168.88500891077192,86.48,485,0.006183749818396266,-3.0,0.99,0.00015190445798566026,0.0001668197227955251,0.0003,-62.72087097167969,0.9038974046707153,-3.988255739212036,0.2503744065761566,-1.3847978115081787,-3.0,60.87285614013672,95.26313781738281,10.127284049987793,1.3433704376220703,59.87451171875,1.0,-62.72087097167969,0.9038974046707153,-3.988255739212036,0.2503744065761566,-1.3847978115081787,-3.0,60.87285614013672,95.26313781738281,10.127284049987793,485.0,485.0,0.0,0.006183749818396266,0.006183749818396266,0.0,0.00015190445798566026,0.00015190445798566026,0.0,0.0001668197227955251,0.0001668197227955251,0.0,0.0003,0.0003,0.0,-3.0,-3.0,0.0,0.0,0.21285714285714286,27.32857142857143,71.55714285714285,5362.139,63,Hopper-v5,2854,Agente_1
344.1357192993164,65,266240,193.32016483990742,216.8198426904417,168.88500891077192,87.22,485,0.006183749818396266,-3.0,0.99,0.00015190445798566026,0.0001668197227955251,0.0003,-65.31387329101562,0.6835355758666992,-4.061456203460693,0.24474939703941345,-1.4075205326080322,-3.0,64.32078552246094,97.813232421875,21.206029891967773,1.1097602844238281,61.2834587097168,1.0,-65.31387329101562,0.6835355758666992,-4.061456203460693,0.24474939703941345,-1.4075205326080322,-3.0,64.32078552246094,97.813232421875,21.206029891967773,485.0,485.0,0.0,0.006183749818396266,0.006183749818396266,0.0,0.00015190445798566026,0.00015190445798566026,0.0,0.0001668197227955251,0.0001668197227955251,0.0,0.0003,0.0003,0.0,-3.0,-3.0,0.0,0.0,0.27875,27.5625,71.55000000000001,5370.679,64,Hopper-v5,2854,Agente_1
349.3653299808502,66,270336,197.39022801862262,216.8198426904417,175.5015496777994,88.37,485,0.006183749818396266,-3.0,0.99,0.00015190445798566026,0.0001668197227955251,0.0003,-66.4119644165039,0.6964675188064575,-4.186213493347168,0.23930169641971588,-1.4300302267074585,-3.0,65.28396606445312,99.26459503173828,6.7540283203125,0.9906759262084961,59.704498291015625,1.0,-66.4119644165039,0.6964675188064575,-4.186213493347168,0.23930169641971588,-1.4300302267074585,-3.0,65.28396606445312,99.26459503173828,6.7540283203125,485.0,485.0,0.0,0.006183749818396266,0.006183749818396266,0.0,0.00015190445798566026,0.00015190445798566026,0.0,0.0001668197227955251,0.0001668197227955251,0.0,0.0003,0.0003,0.0,-3.0,-3.0,0.0,0.0,0.23714285714285716,27.314285714285713,71.5,5323.381,65,Hopper-v5,2854,Agente_1
354.58996200561523,67,274432,197.79350457075455,214.5097585060469,174.69887330476186,88.48,485,0.006183749818396266,-3.0,0.99,0.00015190445798566026,0.0001668197227955251,0.0003,-67.68286895751953,0.8056095242500305,-4.505736351013184,0.2338038980960846,-1.4532725811004639,-3.0,66.84188842773438,99.01045227050781,8.010110855102539,1.2195301055908203,66.58207321166992,1.0,-67.68286895751953,0.8056095242500305,-4.505736351013184,0.2338038980960846,-1.4532725811004639,-3.0,66.84188842773438,99.01045227050781,8.010110855102539,485.0,485.0,0.0,0.006183749818396266,0.006183749818396266,0.0,0.00015190445798566026,0.00015190445798566026,0.0,0.0001668197227955251,0.0001668197227955251,0.0,0.0003,0.0003,0.0,-3.0,-3.0,0.0,0.0,0.23714285714285713,27.52857142857143,71.61428571428571,5315.909,66,Hopper-v5,2854,Agente_1
359.8045566082001,68,278528,196.92857559246139,215.04877869040496,174.69887330476186,88.21,485,0.006183749818396266,-3.0,0.99,0.00015190445798566026,0.0001668197227955251,0.0003,-66.40060424804688,0.7565821409225464,-3.7540390491485596,0.22844064235687256,-1.476478934288025,-3.0,65.29728698730469,101.45970916748047,3.183790445327759,1.1114215850830078,57.263729095458984,1.0,-66.40060424804688,0.7565821409225464,-3.7540390491485596,0.22844064235687256,-1.476478934288025,-3.0,65.29728698730469,101.45970916748047,3.183790445327759,485.0,485.0,0.0,0.006183749818396266,0.006183749818396266,0.0,0.00015190445798566026,0.00015190445798566026,0.0,0.0001668197227955251,0.0001668197227955251,0.0,0.0003,0.0003,0.0,-3.0,-3.0,0.0,0.0,0.17375000000000002,26.725,71.3625,5318.843,67,Hopper-v5,2854,Agente_1
365.84251260757446,69,282624,199.58273066367448,218.3696347897999,174.69887330476186,88.98,485,0.006183749818396266,-3.0,0.99,0.00015190445798566026,0.0001668197227955251,0.0003,-69.15153503417969,0.8144329786300659,-4.617379665374756,0.2231898158788681,-1.4997327327728271,-3.0,68.15937805175781,102.33553314208984,15.97521686553955,1.1973390579223633,64.56590270996094,1.0,-69.15153503417969,0.8144329786300659,-4.617379665374756,0.2231898158788681,-1.4997327327728271,-3.0,68.15937805175781,102.33553314208984,15.97521686553955,485.0,485.0,0.0,0.006183749818396266,0.006183749818396266,0.0,0.00015190445798566026,0.00015190445798566026,0.0,0.0001668197227955251,0.0001668197227955251,0.0,0.0003,0.0003,0.0,-3.0,-3.0,0.0,0.0,0.19142857142857145,27.14285714285714,71.28571428571429,5416.31,68,Hopper-v5,2854,Agente_1
371.32577633857727,70,286720,200.46790801716114,218.3696347897999,173.61253898598991,89.24,485,0.006183749818396266,-3.0,0.99,0.00015190445798566026,0.0001668197227955251,0.0003,-69.3912353515625,0.8869450092315674,-4.428797721862793,0.21813292801380157,-1.5226507186889648,-3.0,68.31758117675781,100.68584442138672,30.329402923583984,1.1028642654418945,64.44400596618652,1.0,-69.3912353515625,0.8869450092315674,-4.428797721862793,0.21813292801380157,-1.5226507186889648,-3.0,68.31758117675781,100.68584442138672,30.329402923583984,485.0,485.0,0.0,0.006183749818396266,0.006183749818396266,0.0,0.00015190445798566026,0.00015190445798566026,0.0,0.0001668197227955251,0.0001668197227955251,0.0,0.0003,0.0003,0.0,-3.0,-3.0,0.0,0.0,0.22125,27.7,71.4125,5456.332,69,Hopper-v5,2854,Agente_1
376.5827488899231,71,290816,200.6108555244617,216.90303884699532,173.61253898598991,89.24,485,0.006183749818396266,-3.0,0.99,0.00015190445798566026,0.0001668197227955251,0.0003,-71.19596099853516,0.7772564888000488,-4.445560932159424,0.21314582228660583,-1.545778751373291,-3.0,70.33683776855469,113.57791137695312,22.469324111938477,1.0368480682373047,61.39732646942139,1.0,-71.19596099853516,0.7772564888000488,-4.445560932159424,0.21314582228660583,-1.545778751373291,-3.0,70.33683776855469,113.57791137695312,22.469324111938477,485.0,485.0,0.0,0.006183749818396266,0.006183749818396266,0.0,0.00015190445798566026,0.00015190445798566026,0.0,0.0001668197227955251,0.0001668197227955251,0.0,0.0003,0.0003,0.0,-3.0,-3.0,0.0,0.0,0.18285714285714286,27.485714285714288,71.41428571428573,5450.955,70,Hopper-v5,2854,Agente_1
381.89095425605774,72,294912,200.50978851940104,218.24318635488325,180.16027817784385,89.18,485,0.006183749818396266,-3.0,0.99,0.00015190445798566026,0.0001668197227955251,0.0003,-71.62007141113281,0.6145035624504089,-4.993767738342285,0.20826420187950134,-1.5689477920532227,-3.0,70.685546875,103.39907836914062,15.601402282714844,1.0105018615722656,61.457786560058594,1.0,-71.62007141113281,0.6145035624504089,-4.993767738342285,0.20826420187950134,-1.5689477920532227,-3.0,70.685546875,103.39907836914062,15.601402282714844,485.0,485.0,0.0,0.006183749818396266,0.006183749818396266,0.0,0.00015190445798566026,0.00015190445798566026,0.0,0.0001668197227955251,0.0001668197227955251,0.0,0.0003,0.0003,0.0,-3.0,-3.0,0.0,0.0,0.22285714285714286,27.45714285714286,71.4,5440.161,71,Hopper-v5,2854,Agente_1
387.1365547180176,73,299008,201.64552712385776,218.24318635488325,179.2472649036886,89.59,485,0.006183749818396266,-3.0,0.99,0.00015190445798566026,0.0001668197227955251,0.0003,-72.19496154785156,0.771458089351654,-4.228303909301758,0.2034614086151123,-1.5922789573669434,-3.0,71.22822570800781,104.04185485839844,28.424165725708008,1.185506820678711,66.72674179077148,1.0,-72.19496154785156,0.771458089351654,-4.228303909301758,0.2034614086151123,-1.5922789573669434,-3.0,71.22822570800781,104.04185485839844,28.424165725708008,485.0,485.0,0.0,0.006183749818396266,0.006183749818396266,0.0,0.00015190445798566026,0.00015190445798566026,0.0,0.0001668197227955251,0.0001668197227955251,0.0,0.0003,0.0003,0.0,-3.0,-3.0,0.0,0.0,0.2775,27.675,71.23750000000001,5381.268,72,Hopper-v5,2854,Agente_1
392.4176766872406,74,303104,204.5579900912418,218.3883810858674,179.2472649036886,90.6,485,0.006183749818396266,-3.0,0.99,0.00015190445798566026,0.0001668197227955251,0.0003,-71.56620025634766,0.8873577117919922,-4.415233612060547,0.19877955317497253,-1.6155588626861572,-3.0,70.38337707519531,115.94601440429688,22.51401138305664,1.0866947174072266,62.618059158325195,1.0,-71.56620025634766,0.8873577117919922,-4.415233612060547,0.19877955317497253,-1.6155588626861572,-3.0,70.38337707519531,115.94601440429688,22.51401138305664,485.0,485.0,0.0,0.006183749818396266,0.006183749818396266,0.0,0.00015190445798566026,0.00015190445798566026,0.0,0.0001668197227955251,0.0001668197227955251,0.0,0.0003,0.0003,0.0,-3.0,-3.0,0.0,0.0,0.17428571428571432,26.000000000000004,71.84285714285716,5367.399,73,Hopper-v5,2854,Agente_1
397.54924750328064,75,307200,203.95290876746407,221.26468759929537,184.0066965034929,90.35,485,0.006183749818396266,-3.0,0.99,0.00015190445798566026,0.0001668197227955251,0.0003,-73.56373596191406,0.861362099647522,-4.756325721740723,0.19418849050998688,-1.6389260292053223,-3.0,72.83708190917969,104.69710540771484,11.738423347473145,1.1670703887939453,71.96904945373535,1.0,-73.56373596191406,0.861362099647522,-4.756325721740723,0.19418849050998688,-1.6389260292053223,-3.0,72.83708190917969,104.69710540771484,11.738423347473145,485.0,485.0,0.0,0.006183749818396266,0.006183749818396266,0.0,0.00015190445798566026,0.00015190445798566026,0.0,0.0001668197227955251,0.0001668197227955251,0.0,0.0003,0.0003,0.0,-3.0,-3.0,0.0,0.0,0.19142857142857145,25.342857142857138,72.3,5329.376,74,Hopper-v5,2854,Agente_1
402.88323760032654,76,311296,202.72772061261261,221.26468759929537,179.93130430130574,89.92,485,0.006183749818396266,-3.0,0.99,0.00015190445798566026,0.0001668197227955251,0.0003,-75.01394653320312,0.6757663488388062,-4.606841087341309,0.1897844672203064,-1.6618661880493164,-3.0,74.02545928955078,106.71241760253906,25.461090087890625,0.9730682373046875,69.05573463439941,1.0,-75.01394653320312,0.6757663488388062,-4.606841087341309,0.1897844672203064,-1.6618661880493164,-3.0,74.02545928955078,106.71241760253906,25.461090087890625,485.0,485.0,0.0,0.006183749818396266,0.006183749818396266,0.0,0.00015190445798566026,0.00015190445798566026,0.0,0.0001668197227955251,0.0001668197227955251,0.0,0.0003,0.0003,0.0,-3.0,-3.0,0.0,0.0,0.16714285714285712,25.45714285714286,73.85714285714286,5339.43,75,Hopper-v5,2854,Agente_1
408.8687410354614,77,315392,203.98166793138375,218.880287802692,179.78661962457903,90.43,485,0.006183749818396266,-3.0,0.99,0.00015190445798566026,0.0001668197227955251,0.0003,-76.21931457519531,0.944148063659668,-5.134281158447266,0.18546147644519806,-1.6849080324172974,-3.0,75.803466796875,108.92185974121094,41.13215637207031,1.0034141540527344,71.98144149780273,1.0,-76.21931457519531,0.944148063659668,-5.134281158447266,0.18546147644519806,-1.6849080324172974,-3.0,75.803466796875,108.92185974121094,41.13215637207031,485.0,485.0,0.0,0.006183749818396266,0.006183749818396266,0.0,0.00015190445798566026,0.00015190445798566026,0.0,0.0001668197227955251,0.0001668197227955251,0.0,0.0003,0.0003,0.0,-3.0,-3.0,0.0,0.0,0.15500000000000003,26.4375,73.3625,5415.725,76,Hopper-v5,2854,Agente_1
414.2223861217499,78,319488,206.36247146639704,219.22883799937014,179.78661962457903,91.25,485,0.006183749818396266,-3.0,0.99,0.00015190445798566026,0.0001668197227955251,0.0003,-77.93782043457031,0.8223700523376465,-4.921966075897217,0.18126732110977173,-1.7077823877334595,-3.0,77.08381652832031,108.33747863769531,31.05458641052246,1.106689453125,74.07811737060547,1.0,-77.93782043457031,0.8223700523376465,-4.921966075897217,0.18126732110977173,-1.7077823877334595,-3.0,77.08381652832031,108.33747863769531,31.05458641052246,485.0,485.0,0.0,0.006183749818396266,0.006183749818396266,0.0,0.00015190445798566026,0.00015190445798566026,0.0,0.0001668197227955251,0.0001668197227955251,0.0,0.0003,0.0003,0.0,-3.0,-3.0,0.0,0.0,0.23875,27.625,72.07499999999999,5429.817,77,Hopper-v5,2854,Agente_1
419.740531206131,79,323584,206.60885992517424,219.22883799937014,179.14181816449602,91.3,485,0.006183749818396266,-3.0,0.99,0.00015190445798566026,0.0001668197227955251,0.0003,-76.27851867675781,0.9499626755714417,-4.447352886199951,0.1772531419992447,-1.730176329612732,-3.0,75.87313842773438,109.62537384033203,50.91291809082031,0.9174842834472656,69.24561500549316,1.0,-76.27851867675781,0.9499626755714417,-4.447352886199951,0.1772531419992447,-1.730176329612732,-3.0,75.87313842773438,109.62537384033203,50.91291809082031,485.0,485.0,0.0,0.006183749818396266,0.006183749818396266,0.0,0.00015190445798566026,0.00015190445798566026,0.0,0.0001668197227955251,0.0001668197227955251,0.0,0.0003,0.0003,0.0,-3.0,-3.0,0.0,0.0,0.22999999999999998,27.785714285714285,72.17142857142856,5378.073,78,Hopper-v5,2854,Agente_1
425.15713143348694,80,327680,204.97240341127977,220.59119375808862,179.14181816449602,90.71,485,0.006183749818396266,-3.0,0.99,0.00015190445798566026,0.0001668197227955251,0.0003,-77.63352966308594,0.9265154600143433,-4.4478607177734375,0.17328764498233795,-1.7528023719787598,-3.0,76.85181427001953,111.9894027709961,28.800811767578125,1.028853416442871,70.76448249816895,1.0,-77.63352966308594,0.9265154600143433,-4.4478607177734375,0.17328764498233795,-1.7528023719787598,-3.0,76.85181427001953,111.9894027709961,28.800811767578125,485.0,485.0,0.0,0.006183749818396266,0.006183749818396266,0.0,0.00015190445798566026,0.00015190445798566026,0.0,0.0001668197227955251,0.0001668197227955251,0.0,0.0003,0.0003,0.0,-3.0,-3.0,0.0,0.0,0.21625,30.275000000000002,66.425,5371.297,79,Hopper-v5,2854,Agente_1
430.4637668132782,81,331776,205.35382348967178,220.59119375808862,178.63375665743538,90.86,485,0.006183749818396266,-3.0,0.99,0.00015190445798566026,0.0001668197227955251,0.0003,-79.39335632324219,0.48866456747055054,-4.631009578704834,0.1694713979959488,-1.7750710248947144,-3.0,78.84500122070312,113.52898406982422,39.88334274291992,0.9138889312744141,70.52493858337402,1.0,-79.39335632324219,0.48866456747055054,-4.631009578704834,0.1694713979959488,-1.7750710248947144,-3.0,78.84500122070312,113.52898406982422,39.88334274291992,485.0,485.0,0.0,0.006183749818396266,0.006183749818396266,0.0,0.00015190445798566026,0.00015190445798566026,0.0,0.0001668197227955251,0.0001668197227955251,0.0,0.0003,0.0003,0.0,-3.0,-3.0,0.0,0.0,0.19285714285714284,27.242857142857144,68.0,5376.024,80,Hopper-v5,2854,Agente_1
435.75251936912537,82,335872,205.7555724994789,217.8854101663147,177.55575074823517,90.98,485,0.006183749818396266,-3.0,0.99,0.00015190445798566026,0.0001668197227955251,0.0003,-79.71695709228516,0.5509659051895142,-4.569160461425781,0.16575154662132263,-1.7972652912139893,-3.0,78.96460723876953,113.54082489013672,36.617374420166016,1.0333328247070312,71.07641983032227,1.0,-79.71695709228516,0.5509659051895142,-4.569160461425781,0.16575154662132263,-1.7972652912139893,-3.0,78.96460723876953,113.54082489013672,36.617374420166016,485.0,485.0,0.0,0.006183749818396266,0.006183749818396266,0.0,0.00015190445798566026,0.00015190445798566026,0.0,0.0001668197227955251,0.0001668197227955251,0.0,0.0003,0.0003,0.0,-3.0,-3.0,0.0,0.0,0.19857142857142857,25.828571428571426,74.42857142857143,5374.026,81,Hopper-v5,2854,Agente_1
441.31191849708557,83,339968,205.2570927814596,217.5846629336439,177.29308319203034,90.86,485,0.006183749818396266,-3.0,0.99,0.00015190445798566026,0.0001668197227955251,0.0003,-80.3132553100586,0.5121173858642578,-4.360605239868164,0.1621045470237732,-1.8195137977600098,-3.0,79.48915100097656,113.32762908935547,35.93296813964844,1.0924739837646484,68.93744277954102,1.0,-80.3132553100586,0.5121173858642578,-4.360605239868164,0.1621045470237732,-1.8195137977600098,-3.0,79.48915100097656,113.32762908935547,35.93296813964844,485.0,485.0,0.0,0.006183749818396266,0.006183749818396266,0.0,0.00015190445798566026,0.00015190445798566026,0.0,0.0001668197227955251,0.0001668197227955251,0.0,0.0003,0.0003,0.0,-3.0,-3.0,0.0,0.0,0.22,27.549999999999997,77.5625,5405.343,82,Hopper-v5,2854,Agente_1
447.3256983757019,84,344064,206.10172580966545,217.2422172402831,174.58154291911845,91.09,485,0.006183749818396266,-3.0,0.99,0.00015190445798566026,0.0001668197227955251,0.0003,-80.52482604980469,0.4811685085296631,-4.194435119628906,0.15868070721626282,-1.840861201286316,-3.0,79.6485595703125,113.98674774169922,36.6716194152832,1.0173187255859375,69.54951095581055,1.0,-80.52482604980469,0.4811685085296631,-4.194435119628906,0.15868070721626282,-1.840861201286316,-3.0,79.6485595703125,113.98674774169922,36.6716194152832,485.0,485.0,0.0,0.006183749818396266,0.006183749818396266,0.0,0.00015190445798566026,0.00015190445798566026,0.0,0.0001668197227955251,0.0001668197227955251,0.0,0.0003,0.0003,0.0,-3.0,-3.0,0.0,0.0,0.25625,27.174999999999997,77.1125,5478.655,83,Hopper-v5,2854,Agente_1
452.7483620643616,85,348160,206.62831314263852,217.9017337316913,174.58154291911845,91.24,485,0.006183749818396266,-3.0,0.99,0.00015190445798566026,0.0001668197227955251,0.0003,-82.48794555664062,0.4792470335960388,-3.972602367401123,0.15531820058822632,-1.8622792959213257,-3.0,82.188232421875,114.5572509765625,33.27980041503906,1.0601673126220703,69.6667709350586,1.0,-82.48794555664062,0.4792470335960388,-3.972602367401123,0.15531820058822632,-1.8622792959213257,-3.0,82.188232421875,114.5572509765625,33.27980041503906,485.0,485.0,0.0,0.006183749818396266,0.006183749818396266,0.0,0.00015190445798566026,0.00015190445798566026,0.0,0.0001668197227955251,0.0001668197227955251,0.0,0.0003,0.0003,0.0,-3.0,-3.0,0.0,0.0,0.28874999999999995,28.35,77.0375,5507.504,84,Hopper-v5,2854,Agente_1
458.139799118042,86,352256,206.86382788294696,219.1594770268471,174.58154291911845,91.39,485,0.006183749818396266,-3.0,0.99,0.00015190445798566026,0.0001668197227955251,0.0003,-82.73518371582031,0.4826362431049347,-4.01361083984375,0.152149498462677,-1.8828916549682617,-3.0,82.16131591796875,115.99111938476562,37.227577209472656,1.007741928100586,70.18257904052734,1.0,-82.73518371582031,0.4826362431049347,-4.01361083984375,0.152149498462677,-1.8828916549682617,-3.0,82.16131591796875,115.99111938476562,37.227577209472656,485.0,485.0,0.0,0.006183749818396266,0.006183749818396266,0.0,0.00015190445798566026,0.00015190445798566026,0.0,0.0001668197227955251,0.0001668197227955251,0.0,0.0003,0.0003,0.0,-3.0,-3.0,0.0,0.0,0.31999999999999995,27.314285714285713,77.12857142857145,5513.424,85,Hopper-v5,2854,Agente_1
463.2967174053192,87,356352,206.81770183414974,219.1594770268471,179.51204575541954,91.4,485,0.006183749818396266,-3.0,0.99,0.00015190445798566026,0.0001668197227955251,0.0003,-84.3956069946289,0.48443707823753357,-3.6957969665527344,0.1491549164056778,-1.9027698040008545,-3.0,83.88218688964844,117.02542877197266,35.96912384033203,1.1517143249511719,69.45223808288574,1.0,-84.3956069946289,0.48443707823753357,-3.6957969665527344,0.1491549164056778,-1.9027698040008545,-3.0,83.88218688964844,117.02542877197266,35.96912384033203,485.0,485.0,0.0,0.006183749818396266,0.006183749818396266,0.0,0.00015190445798566026,0.00015190445798566026,0.0,0.0001668197227955251,0.0001668197227955251,0.0,0.0003,0.0003,0.0,-3.0,-3.0,0.0,0.0,0.25857142857142856,27.32857142857143,77.0142857142857,5430.696,86,Hopper-v5,2854,Agente_1
468.6108338832855,88,360448,206.69991101042913,217.62735847644203,183.59115017398653,91.3,485,0.006183749818396266,-3.0,0.99,0.00015190445798566026,0.0001668197227955251,0.0003,-84.18059539794922,0.3655811548233032,-4.187954902648926,0.14626431465148926,-1.922339916229248,-3.0,83.91149139404297,116.64522552490234,39.963993072509766,0.9535999298095703,68.11575317382812,1.0,-84.18059539794922,0.3655811548233032,-4.187954902648926,0.14626431465148926,-1.922339916229248,-3.0,83.91149139404297,116.64522552490234,39.963993072509766,485.0,485.0,0.0,0.006183749818396266,0.006183749818396266,0.0,0.00015190445798566026,0.00015190445798566026,0.0,0.0001668197227955251,0.0001668197227955251,0.0,0.0003,0.0003,0.0,-3.0,-3.0,0.0,0.0,0.1871428571428571,27.37142857142857,76.78571428571429,5426.611,87,Hopper-v5,2854,Agente_1
473.86867809295654,89,364544,205.47239012152113,217.62735847644203,178.07551280952072,90.87,485,0.006183749818396266,-3.0,0.99,0.00015190445798566026,0.0001668197227955251,0.0003,-85.08524322509766,0.3811910152435303,-3.9578428268432617,0.14332762360572815,-1.942622184753418,-3.0,84.77603149414062,118.21778869628906,36.0244140625,1.0712642669677734,67.38411712646484,1.0,-85.08524322509766,0.3811910152435303,-3.9578428268432617,0.14332762360572815,-1.942622184753418,-3.0,84.77603149414062,118.21778869628906,36.0244140625,485.0,485.0,0.0,0.006183749818396266,0.006183749818396266,0.0,0.00015190445798566026,0.00015190445798566026,0.0,0.0001668197227955251,0.0001668197227955251,0.0,0.0003,0.0003,0.0,-3.0,-3.0,0.0,0.0,0.225,28.0,76.8375,5400.594,88,Hopper-v5,2854,Agente_1
479.1732769012451,90,368640,200.8342938025009,217.04017427523172,178.07551280952072,89.35,485,0.006183749818396266,-3.0,0.99,0.00015190445798566026,0.0001668197227955251,0.0003,-84.05960083007812,0.45448872447013855,-4.497729301452637,0.1405792236328125,-1.9619840383529663,-3.0,83.65703582763672,120.66249084472656,34.266014099121094,1.0779685974121094,68.83126068115234,1.0,-84.05960083007812,0.45448872447013855,-4.497729301452637,0.1405792236328125,-1.9619840383529663,-3.0,83.65703582763672,120.66249084472656,34.266014099121094,485.0,485.0,0.0,0.006183749818396266,0.006183749818396266,0.0,0.00015190445798566026,0.00015190445798566026,0.0,0.0001668197227955251,0.0001668197227955251,0.0,0.0003,0.0003,0.0,-3.0,-3.0,0.0,0.0,0.17142857142857146,26.428571428571427,76.97142857142856,5389.489,89,Hopper-v5,2854,Agente_1
484.98980712890625,91,372736,198.28865716079355,218.61884021978375,173.17524155611864,88.57,485,0.006183749818396266,-3.0,0.99,0.00015190445798566026,0.0001668197227955251,0.0003,-86.18873596191406,0.4456023573875427,-3.8396971225738525,0.13779863715171814,-1.9819618463516235,-3.0,85.93377685546875,119.387939453125,50.37216567993164,0.9850578308105469,67.57617568969727,1.0,-86.18873596191406,0.4456023573875427,-3.8396971225738525,0.13779863715171814,-1.9819618463516235,-3.0,85.93377685546875,119.387939453125,50.37216567993164,485.0,485.0,0.0,0.006183749818396266,0.006183749818396266,0.0,0.00015190445798566026,0.00015190445798566026,0.0,0.0001668197227955251,0.0001668197227955251,0.0,0.0003,0.0003,0.0,-3.0,-3.0,0.0,0.0,0.22749999999999998,25.637500000000003,77.825,5440.626,90,Hopper-v5,2854,Agente_1
416.78951716423035,79,323584,33.15184844858424,67.83371250048118,3.1939307224157023,31.706422018348626,1192,0.012749031220982683,-3.0,0.99,0.00021874241949935077,0.0005087168038930151,0.0003,-4.979012966156006,0.2521834373474121,-6.222538948059082,0.1830214411020279,-1.69815194606781,-3.0,4.065486907958984,19.4598331451416,-12.078140258789062,1.5203614234924316,4.996541976928711,1.0,-4.979012966156006,0.2521834373474121,-6.222538948059082,0.1830214411020279,-1.69815194606781,-3.0,4.065486907958984,19.4598331451416,-12.078140258789062,1192.0,1192.0,0.0,0.012749031220982683,0.012749031220982683,0.0,0.00021874241949935077,0.00021874241949935077,0.0,0.0005087168038930151,0.0005087168038930151,0.0,0.0003,0.0003,0.0,-3.0,-3.0,0.0,0.0,0.22055555555555556,25.122222222222224,80.04444444444444,5450.822,91,Hopper-v5,2854,Agente_1
422.07114338874817,80,327680,64.6230682065742,216.55593846228558,3.5549661988927514,46.31,1192,0.012749031220982683,-3.0,0.99,0.00021874241949935077,0.0005087168038930151,0.0003,-7.258183002471924,0.08578455448150635,-6.762601852416992,0.1770821213722229,-1.7311416864395142,-3.0,6.745977401733398,20.31841278076172,-1.1368048191070557,0.6303510665893555,2.4469244480133057,1.0,-7.258183002471924,0.08578455448150635,-6.762601852416992,0.1770821213722229,-1.7311416864395142,-3.0,6.745977401733398,20.31841278076172,-1.1368048191070557,1192.0,1192.0,0.0,0.012749031220982683,0.012749031220982683,0.0,0.00021874241949935077,0.00021874241949935077,0.0,0.0005087168038930151,0.0005087168038930151,0.0,0.0003,0.0003,0.0,-3.0,-3.0,0.0,0.0,0.2285714285714286,27.214285714285715,83.32857142857142,5361.059,92,Hopper-v5,2854,Agente_1
427.50355315208435,81,331776,138.4283486871358,262.51293606116724,10.077200032002228,77.47,1192,0.012749031220982683,-3.0,0.99,0.00021874241949935077,0.0005087168038930151,0.0003,-9.98470401763916,0.08310697972774506,-6.530255317687988,0.17138653993606567,-1.76383376121521,-3.0,9.790586471557617,19.74051284790039,0.954397976398468,0.5171108245849609,2.4842177629470825,1.0,-9.98470401763916,0.08310697972774506,-6.530255317687988,0.17138653993606567,-1.76383376121521,-3.0,9.790586471557617,19.74051284790039,0.954397976398468,1192.0,1192.0,0.0,0.012749031220982683,0.012749031220982683,0.0,0.00021874241949935077,0.00021874241949935077,0.0,0.0005087168038930151,0.0005087168038930151,0.0,0.0003,0.0003,0.0,-3.0,-3.0,0.0,0.0,0.2375,27.400000000000002,83.325,5381.226,93,Hopper-v5,2854,Agente_1
432.78538751602173,82,335872,182.6817438384939,262.51293606116724,14.54185320322192,93.07,1192,0.012749031220982683,-3.0,0.99,0.00021874241949935077,0.0005087168038930151,0.0003,-12.136215209960938,0.06249839439988136,-6.836789608001709,0.16603492200374603,-1.7955571413040161,-3.0,11.791390419006348,21.1052188873291,-4.335042476654053,0.42687559127807617,1.2290390729904175,1.0,-12.136215209960938,0.06249839439988136,-6.836789608001709,0.16603492200374603,-1.7955571413040161,-3.0,11.791390419006348,21.1052188873291,-4.335042476654053,1192.0,1192.0,0.0,0.012749031220982683,0.012749031220982683,0.0,0.00021874241949935077,0.00021874241949935077,0.0,0.0005087168038930151,0.0005087168038930151,0.0,0.0003,0.0003,0.0,-3.0,-3.0,0.0,0.0,0.2442857142857143,27.328571428571426,83.15714285714286,5353.228,94,Hopper-v5,2854,Agente_1
438.09183049201965,83,339968,211.7099926917773,262.51293606116724,173.33964416003246,101.53,1192,0.012749031220982683,-3.0,0.99,0.00021874241949935077,0.0005087168038930151,0.0003,-14.557149887084961,0.08819318562746048,-6.44974422454834,0.16113802790641785,-1.8254939317703247,-3.0,14.307451248168945,25.043745040893555,3.4008476734161377,0.4760870933532715,1.5050654411315918,1.0,-14.557149887084961,0.08819318562746048,-6.44974422454834,0.16113802790641785,-1.8254939317703247,-3.0,14.307451248168945,25.043745040893555,3.4008476734161377,1192.0,1192.0,0.0,0.012749031220982683,0.012749031220982683,0.0,0.00021874241949935077,0.00021874241949935077,0.0,0.0005087168038930151,0.0005087168038930151,0.0,0.0003,0.0003,0.0,-3.0,-3.0,0.0,0.0,0.2214285714285714,27.814285714285713,83.31428571428572,5340.99,95,Hopper-v5,2854,Agente_1
443.3033821582794,84,344064,228.51900568323526,342.6810702050412,173.33964416003246,106.13,1192,0.012749031220982683,-3.0,0.99,0.00021874241949935077,0.0005087168038930151,0.0003,-17.074111938476562,0.08421087265014648,-6.596478462219238,0.15666396915912628,-1.8536521196365356,-3.0,16.688566207885742,25.673828125,5.681953430175781,0.39059877395629883,1.6243821382522583,1.0,-17.074111938476562,0.08421087265014648,-6.596478462219238,0.15666396915912628,-1.8536521196365356,-3.0,16.688566207885742,25.673828125,5.681953430175781,1192.0,1192.0,0.0,0.012749031220982683,0.012749031220982683,0.0,0.00021874241949935077,0.00021874241949935077,0.0,0.0005087168038930151,0.0005087168038930151,0.0,0.0003,0.0003,0.0,-3.0,-3.0,0.0,0.0,0.2671428571428572,27.285714285714285,83.2,5317.231,96,Hopper-v5,2854,Agente_1
448.4367415904999,85,348160,254.5055054511862,387.5753480377588,181.35141030158087,116.67,1192,0.012749031220982683,-3.0,0.99,0.00021874241949935077,0.0005087168038930151,0.0003,-19.16347885131836,0.08841745555400848,-6.387015342712402,0.15247929096221924,-1.8807264566421509,-3.0,18.842466354370117,26.75541877746582,4.468083381652832,0.37477779388427734,1.5889830589294434,1.0,-19.16347885131836,0.08841745555400848,-6.387015342712402,0.15247929096221924,-1.8807264566421509,-3.0,18.842466354370117,26.75541877746582,4.468083381652832,1192.0,1192.0,0.0,0.012749031220982683,0.012749031220982683,0.0,0.00021874241949935077,0.00021874241949935077,0.0,0.0005087168038930151,0.0005087168038930151,0.0,0.0003,0.0003,0.0,-3.0,-3.0,0.0,0.0,0.24285714285714283,28.214285714285715,83.18571428571428,5289.292,97,Hopper-v5,2854,Agente_1
453.68388652801514,86,352256,287.8897061494736,391.5675391067977,203.3554152320497,131.82,1192,0.012749031220982683,-3.0,0.99,0.00021874241949935077,0.0005087168038930151,0.0003,-21.58849334716797,0.11945949494838715,-6.319491386413574,0.14854799211025238,-1.9068472385406494,-3.0,21.245925903320312,30.927757263183594,14.122563362121582,0.37980008125305176,1.3772720098495483,1.0,-21.58849334716797,0.11945949494838715,-6.319491386413574,0.14854799211025238,-1.9068472385406494,-3.0,21.245925903320312,30.927757263183594,14.122563362121582,1192.0,1192.0,0.0,0.012749031220982683,0.012749031220982683,0.0,0.00021874241949935077,0.00021874241949935077,0.0,0.0005087168038930151,0.0005087168038930151,0.0,0.0003,0.0003,0.0,-3.0,-3.0,0.0,0.0,0.3125,27.387500000000003,83.05,5282.57,98,Hopper-v5,2854,Agente_1
458.8401255607605,87,356352,312.1839653625807,391.5675391067977,204.21135642108703,143.26,1192,0.012749031220982683,-3.0,0.99,0.00021874241949935077,0.0005087168038930151,0.0003,-23.83780288696289,0.1838863641023636,-6.243988990783691,0.14481987059116364,-1.9322645664215088,-3.0,23.48499870300293,33.44574737548828,3.8750176429748535,0.3594374656677246,19.576982498168945,1.0,-23.83780288696289,0.1838863641023636,-6.243988990783691,0.14481987059116364,-1.9322645664215088,-3.0,23.48499870300293,33.44574737548828,3.8750176429748535,1192.0,1192.0,0.0,0.012749031220982683,0.012749031220982683,0.0,0.00021874241949935077,0.00021874241949935077,0.0,0.0005087168038930151,0.0005087168038930151,0.0,0.0003,0.0003,0.0,-3.0,-3.0,0.0,0.0,0.19571428571428573,26.957142857142856,83.12857142857145,5266.982,99,Hopper-v5,2854,Agente_1
464.1134443283081,88,360448,326.8818363049103,391.5675391067977,233.51323157466447,148.47,1192,0.012749031220982683,-3.0,0.99,0.00021874241949935077,0.0005087168038930151,0.0003,-26.182941436767578,0.2035464346408844,-6.522976875305176,0.14125588536262512,-1.9571821689605713,-3.0,25.890439987182617,35.36179733276367,13.657350540161133,0.3876771926879883,21.630218029022217,1.0,-26.182941436767578,0.2035464346408844,-6.522976875305176,0.14125588536262512,-1.9571821689605713,-3.0,25.890439987182617,35.36179733276367,13.657350540161133,1192.0,1192.0,0.0,0.012749031220982683,0.012749031220982683,0.0,0.00021874241949935077,0.00021874241949935077,0.0,0.0005087168038930151,0.0005087168038930151,0.0,0.0003,0.0003,0.0,-3.0,-3.0,0.0,0.0,0.25428571428571434,27.942857142857143,83.22857142857143,5266.58,100,Hopper-v5,2854,Agente_1
469.3719301223755,89,364544,332.4372243259474,391.5675391067977,241.495230535803,150.2,1192,0.012749031220982683,-3.0,0.99,0.00021874241949935077,0.0005087168038930151,0.0003,-28.392887115478516,0.15809312462806702,-6.547292232513428,0.13785064220428467,-1.9815845489501953,-3.0,28.07290267944336,38.21854782104492,17.36566162109375,0.3689103126525879,22.16621685028076,1.0,-28.392887115478516,0.15809312462806702,-6.547292232513428,0.13785064220428467,-1.9815845489501953,-3.0,28.07290267944336,38.21854782104492,17.36566162109375,1192.0,1192.0,0.0,0.012749031220982683,0.012749031220982683,0.0,0.00021874241949935077,0.00021874241949935077,0.0,0.0005087168038930151,0.0005087168038930151,0.0,0.0003,0.0003,0.0,-3.0,-3.0,0.0,0.0,0.22142857142857147,27.099999999999998,83.28571428571429,5246.088,101,Hopper-v5,2854,Agente_1
474.6187918186188,90,368640,337.3216785259924,373.26141803968056,241.495230535803,148.29,1192,0.012749031220982683,-3.0,0.99,0.00021874241949935077,0.0005087168038930151,0.0003,-30.52417755126953,0.13985085487365723,-6.712575435638428,0.13452862203121185,-2.0059783458709717,-3.0,30.31045913696289,41.46963882446289,18.1007137298584,0.38473939895629883,22.30174207687378,1.0,-30.52417755126953,0.13985085487365723,-6.712575435638428,0.13452862203121185,-2.0059783458709717,-3.0,30.31045913696289,41.46963882446289,18.1007137298584,1192.0,1192.0,0.0,0.012749031220982683,0.012749031220982683,0.0,0.00021874241949935077,0.00021874241949935077,0.0,0.0005087168038930151,0.0005087168038930151,0.0,0.0003,0.0003,0.0,-3.0,-3.0,0.0,0.0,0.21142857142857144,25.571428571428573,83.95714285714284,5242.153,102,Hopper-v5,2854,Agente_1
480.0534701347351,91,372736,332.73756918880076,375.08688953384035,212.50962565457596,141.43,1192,0.012749031220982683,-3.0,0.99,0.00021874241949935077,0.0005087168038930151,0.0003,-32.573116302490234,0.22084929049015045,-6.430426597595215,0.13134406507015228,-2.029934883117676,-3.0,32.44065856933594,45.99271774291992,17.37401008605957,0.3761863708496094,28.751558780670166,1.0,-32.573116302490234,0.22084929049015045,-6.430426597595215,0.13134406507015228,-2.029934883117676,-3.0,32.44065856933594,45.99271774291992,17.37401008605957,1192.0,1192.0,0.0,0.012749031220982683,0.012749031220982683,0.0,0.00021874241949935077,0.00021874241949935077,0.0,0.0005087168038930151,0.0005087168038930151,0.0,0.0003,0.0003,0.0,-3.0,-3.0,0.0,0.0,0.23375,25.8125,84.4375,5242.025,103,Hopper-v5,2854,Agente_1
485.26496410369873,92,376832,319.9796629237376,375.08688953384035,212.50962565457596,130.9,1192,0.012749031220982683,-3.0,0.99,0.00021874241949935077,0.0005087168038930151,0.0003,-34.34098434448242,0.24449902772903442,-6.760839462280273,0.12822961807250977,-2.0539326667785645,-3.0,34.08528137207031,50.187808990478516,13.393299102783203,0.41545867919921875,28.676578521728516,1.0,-34.34098434448242,0.24449902772903442,-6.760839462280273,0.12822961807250977,-2.0539326667785645,-3.0,34.08528137207031,50.187808990478516,13.393299102783203,1192.0,1192.0,0.0,0.012749031220982683,0.012749031220982683,0.0,0.00021874241949935077,0.00021874241949935077,0.0,0.0005087168038930151,0.0005087168038930151,0.0,0.0003,0.0003,0.0,-3.0,-3.0,0.0,0.0,0.1685714285714286,25.142857142857142,84.81428571428572,5234.836,104,Hopper-v5,2854,Agente_1
490.5102348327637,93,380928,291.0796352076237,375.08688953384035,202.22465632534684,116.11,1192,0.012749031220982683,-3.0,0.99,0.00021874241949935077,0.0005087168038930151,0.0003,-37.22080612182617,0.24896126985549927,-6.817539215087891,0.12519031763076782,-2.0779201984405518,-3.0,37.00267791748047,52.727210998535156,0.7667362689971924,0.42796993255615234,30.83758306503296,1.0,-37.22080612182617,0.24896126985549927,-6.817539215087891,0.12519031763076782,-2.0779201984405518,-3.0,37.00267791748047,52.727210998535156,0.7667362689971924,1192.0,1192.0,0.0,0.012749031220982683,0.012749031220982683,0.0,0.00021874241949935077,0.00021874241949935077,0.0,0.0005087168038930151,0.0005087168038930151,0.0,0.0003,0.0003,0.0,-3.0,-3.0,0.0,0.0,0.2414285714285714,27.099999999999998,83.48571428571428,5229.162,105,Hopper-v5,2854,Agente_1
495.8842947483063,94,385024,261.7131635033906,356.362370790642,195.47645436189498,105.82,1192,0.012749031220982683,-3.0,0.99,0.00021874241949935077,0.0005087168038930151,0.0003,-38.5323600769043,0.14472639560699463,-6.472112655639648,0.12231291085481644,-2.101172685623169,-3.0,38.242435455322266,54.266624450683594,-7.03305196762085,0.359130859375,13.442978382110596,1.0,-38.5323600769043,0.14472639560699463,-6.472112655639648,0.12231291085481644,-2.101172685623169,-3.0,38.242435455322266,54.266624450683594,-7.03305196762085,1192.0,1192.0,0.0,0.012749031220982683,0.012749031220982683,0.0,0.00021874241949935077,0.00021874241949935077,0.0,0.0005087168038930151,0.0005087168038930151,0.0,0.0003,0.0003,0.0,-3.0,-3.0,0.0,0.0,0.2625,28.9,81.375,5245.718,106,Hopper-v5,2854,Agente_1
501.5150055885315,95,389120,254.6993959896245,332.668621069001,192.39627611338452,103.34,1192,0.012749031220982683,-3.0,0.99,0.00021874241949935077,0.0005087168038930151,0.0003,-41.218692779541016,0.27494174242019653,-5.741321086883545,0.11960020661354065,-2.123600721359253,-3.0,40.923484802246094,57.98078155517578,10.38350772857666,0.44118499755859375,32.01616668701172,1.0,-41.218692779541016,0.27494174242019653,-5.741321086883545,0.11960020661354065,-2.123600721359253,-3.0,40.923484802246094,57.98078155517578,10.38350772857666,1192.0,1192.0,0.0,0.012749031220982683,0.012749031220982683,0.0,0.00021874241949935077,0.00021874241949935077,0.0,0.0005087168038930151,0.0005087168038930151,0.0,0.0003,0.0003,0.0,-3.0,-3.0,0.0,0.0,0.15714285714285717,31.8,71.74285714285715,5295.542,107,Hopper-v5,2854,Agente_1
506.80108976364136,96,393216,259.5163515045778,332.668621069001,192.39627611338452,105.0,1192,0.012749031220982683,-3.0,0.99,0.00021874241949935077,0.0005087168038930151,0.0003,-42.674896240234375,0.24040043354034424,-6.070276737213135,0.1170642152428627,-2.1450326442718506,-3.0,42.277523040771484,65.37613677978516,-10.693791389465332,0.4143218994140625,32.465911865234375,1.0,-42.674896240234375,0.24040043354034424,-6.070276737213135,0.1170642152428627,-2.1450326442718506,-3.0,42.277523040771484,65.37613677978516,-10.693791389465332,1192.0,1192.0,0.0,0.012749031220982683,0.012749031220982683,0.0,0.00021874241949935077,0.00021874241949935077,0.0,0.0005087168038930151,0.0005087168038930151,0.0,0.0003,0.0003,0.0,-3.0,-3.0,0.0,0.0,0.18142857142857144,25.45714285714286,78.71428571428571,5299.48,108,Hopper-v5,2854,Agente_1
512.0221416950226,97,397312,268.5287420773724,332.668621069001,193.28496181629058,107.41,1192,0.012749031220982683,-3.0,0.99,0.00021874241949935077,0.0005087168038930151,0.0003,-45.92839431762695,0.21361330151557922,-6.13534688949585,0.11470094323158264,-2.1654269695281982,-3.0,45.50629806518555,66.0256118774414,12.419082641601562,0.4681415557861328,30.638376235961914,1.0,-45.92839431762695,0.21361330151557922,-6.13534688949585,0.11470094323158264,-2.1654269695281982,-3.0,45.50629806518555,66.0256118774414,12.419082641601562,1192.0,1192.0,0.0,0.012749031220982683,0.012749031220982683,0.0,0.00021874241949935077,0.00021874241949935077,0.0,0.0005087168038930151,0.0005087168038930151,0.0,0.0003,0.0003,0.0,-3.0,-3.0,0.0,0.0,0.225,26.6875,84.25,5306.273,109,Hopper-v5,2854,Agente_1
517.4276111125946,98,401408,269.1488144481025,342.14003533155386,188.56503281379796,107.8,1192,0.012749031220982683,-3.0,0.99,0.00021874241949935077,0.0005087168038930151,0.0003,-46.43117904663086,0.3408045172691345,-4.934946537017822,0.112363800406456,-2.1860134601593018,-3.0,46.14202880859375,77.2032241821289,-19.31990623474121,0.4628782272338867,37.83504772186279,1.0,-46.43117904663086,0.3408045172691345,-4.934946537017822,0.112363800406456,-2.1860134601593018,-3.0,46.14202880859375,77.2032241821289,-19.31990623474121,1192.0,1192.0,0.0,0.012749031220982683,0.012749031220982683,0.0,0.00021874241949935077,0.00021874241949935077,0.0,0.0005087168038930151,0.0005087168038930151,0.0,0.0003,0.0003,0.0,-3.0,-3.0,0.0,0.0,0.22571428571428573,27.514285714285716,84.61428571428573,5318.994,110,Hopper-v5,2854,Agente_1
523.7619433403015,99,405504,268.3128436480161,342.14003533155386,186.034660089677,107.57,1192,0.012749031220982683,-3.0,0.99,0.00021874241949935077,0.0005087168038930151,0.0003,-50.31195068359375,0.29581212997436523,-5.566401481628418,0.11015557497739792,-2.2058615684509277,-3.0,49.804134368896484,74.47718048095703,27.172321319580078,0.4806861877441406,38.554765701293945,1.0,-50.31195068359375,0.29581212997436523,-5.566401481628418,0.11015557497739792,-2.2058615684509277,-3.0,49.804134368896484,74.47718048095703,27.172321319580078,1192.0,1192.0,0.0,0.012749031220982683,0.012749031220982683,0.0,0.00021874241949935077,0.00021874241949935077,0.0,0.0005087168038930151,0.0005087168038930151,0.0,0.0003,0.0003,0.0,-3.0,-3.0,0.0,0.0,0.1925,28.137500000000003,84.6125,5426.644,111,Hopper-v5,2854,Agente_1
529.1122961044312,100,409600,268.74675663557167,332.3951779830853,186.034660089677,107.68,1192,0.012749031220982683,-3.0,0.99,0.00021874241949935077,0.0005087168038930151,0.0003,-51.535850524902344,0.1892479956150055,-5.268727779388428,0.10797455906867981,-2.2258596420288086,-3.0,51.11751937866211,73.42545318603516,6.516252040863037,0.485931396484375,21.800922393798828,1.0,-51.535850524902344,0.1892479956150055,-5.268727779388428,0.10797455906867981,-2.2258596420288086,-3.0,51.11751937866211,73.42545318603516,6.516252040863037,1192.0,1192.0,0.0,0.012749031220982683,0.012749031220982683,0.0,0.00021874241949935077,0.00021874241949935077,0.0,0.0005087168038930151,0.0005087168038930151,0.0,0.0003,0.0003,0.0,-3.0,-3.0,0.0,0.0,0.29571428571428576,28.04285714285714,84.62857142857145,5437.297,112,Hopper-v5,2854,Agente_1
534.4681158065796,101,413696,275.0247446926043,329.60149118553784,187.17173678630832,109.21,1192,0.012749031220982683,-3.0,0.99,0.00021874241949935077,0.0005087168038930151,0.0003,-53.775306701660156,0.3682776391506195,-5.2307634353637695,0.10590732842683792,-2.2451908588409424,-3.0,53.27911376953125,76.7004165649414,10.663960456848145,0.48322010040283203,41.48027038574219,1.0,-53.775306701660156,0.3682776391506195,-5.2307634353637695,0.10590732842683792,-2.2451908588409424,-3.0,53.27911376953125,76.7004165649414,10.663960456848145,1192.0,1192.0,0.0,0.012749031220982683,0.012749031220982683,0.0,0.00021874241949935077,0.00021874241949935077,0.0,0.0005087168038930151,0.0005087168038930151,0.0,0.0003,0.0003,0.0,-3.0,-3.0,0.0,0.0,0.2414285714285714,28.04285714285714,84.55714285714285,5429.869,113,Hopper-v5,2854,Agente_1
540.0115828514099,102,417792,279.75015537489685,329.60149118553784,185.93415098835658,110.3,1192,0.012749031220982683,-3.0,0.99,0.00021874241949935077,0.0005087168038930151,0.0003,-55.58673858642578,0.3678395748138428,-5.748997688293457,0.10388065874576569,-2.264512538909912,-3.0,55.14128112792969,83.73521423339844,-9.834420204162598,0.5272846221923828,41.49365997314453,1.0,-55.58673858642578,0.3678395748138428,-5.748997688293457,0.10388065874576569,-2.264512538909912,-3.0,55.14128112792969,83.73521423339844,-9.834420204162598,1192.0,1192.0,0.0,0.012749031220982683,0.012749031220982683,0.0,0.00021874241949935077,0.00021874241949935077,0.0,0.0005087168038930151,0.0005087168038930151,0.0,0.0003,0.0003,0.0,-3.0,-3.0,0.0,0.0,0.27375,27.75,84.5125,5463.615,114,Hopper-v5,2854,Agente_1
545.2160623073578,103,421888,286.76663414829693,329.60149118553784,185.93415098835658,111.94,1192,0.012749031220982683,-3.0,0.99,0.00021874241949935077,0.0005087168038930151,0.0003,-57.35371398925781,0.43279004096984863,-5.1403350830078125,0.10194030404090881,-2.283367872238159,-3.0,56.65291976928711,84.63909912109375,14.656987190246582,0.48682403564453125,45.35196495056152,1.0,-57.35371398925781,0.43279004096984863,-5.1403350830078125,0.10194030404090881,-2.283367872238159,-3.0,56.65291976928711,84.63909912109375,14.656987190246582,1192.0,1192.0,0.0,0.012749031220982683,0.012749031220982683,0.0,0.00021874241949935077,0.00021874241949935077,0.0,0.0005087168038930151,0.0005087168038930151,0.0,0.0003,0.0003,0.0,-3.0,-3.0,0.0,0.0,0.24285714285714288,27.25714285714286,84.52857142857144,5459.492,115,Hopper-v5,2854,Agente_1
550.4105615615845,104,425984,293.1578827425982,331.94249786796377,188.8428264083524,113.78,1192,0.012749031220982683,-3.0,0.99,0.00021874241949935077,0.0005087168038930151,0.0003,-58.908607482910156,0.3864089250564575,-4.523887634277344,0.10013241320848465,-2.3012619018554688,-3.0,58.028175354003906,89.59593963623047,-27.24787139892578,0.5060634613037109,47.73157501220703,1.0,-58.908607482910156,0.3864089250564575,-4.523887634277344,0.10013241320848465,-2.3012619018554688,-3.0,58.028175354003906,89.59593963623047,-27.24787139892578,1192.0,1192.0,0.0,0.012749031220982683,0.012749031220982683,0.0,0.00021874241949935077,0.00021874241949935077,0.0,0.0005087168038930151,0.0005087168038930151,0.0,0.0003,0.0003,0.0,-3.0,-3.0,0.0,0.0,0.24,26.842857142857145,84.5,5441.285,116,Hopper-v5,2854,Agente_1
555.7510919570923,105,430080,298.83385191410764,331.94249786796377,198.33329051115072,115.46,1192,0.012749031220982683,-3.0,0.99,0.00021874241949935077,0.0005087168038930151,0.0003,-60.70186233520508,0.49022912979125977,-4.43715763092041,0.0983695387840271,-2.319024085998535,-3.0,60.10581970214844,95.14398193359375,6.558611869812012,0.48885154724121094,50.66864490509033,1.0,-60.70186233520508,0.49022912979125977,-4.43715763092041,0.0983695387840271,-2.319024085998535,-3.0,60.10581970214844,95.14398193359375,6.558611869812012,1192.0,1192.0,0.0,0.012749031220982683,0.012749031220982683,0.0,0.00021874241949935077,0.00021874241949935077,0.0,0.0005087168038930151,0.0005087168038930151,0.0,0.0003,0.0003,0.0,-3.0,-3.0,0.0,0.0,0.265,27.8375,84.6,5412.424,117,Hopper-v5,2854,Agente_1
560.8396027088165,106,434176,306.4964591225172,331.94249786796377,211.09516490816839,117.54,1192,0.012749031220982683,-3.0,0.99,0.00021874241949935077,0.0005087168038930151,0.0003,-62.28592300415039,0.3227958679199219,-5.541854381561279,0.09663814306259155,-2.3367817401885986,-3.0,61.772212982177734,91.82286834716797,20.859806060791016,0.5596790313720703,44.64651966094971,1.0,-62.28592300415039,0.3227958679199219,-5.541854381561279,0.09663814306259155,-2.3367817401885986,-3.0,61.772212982177734,91.82286834716797,20.859806060791016,1192.0,1192.0,0.0,0.012749031220982683,0.012749031220982683,0.0,0.00021874241949935077,0.00021874241949935077,0.0,0.0005087168038930151,0.0005087168038930151,0.0,0.0003,0.0003,0.0,-3.0,-3.0,0.0,0.0,0.25142857142857145,26.714285714285715,84.47142857142856,5392.857,118,Hopper-v5,2854,Agente_1
566.2114310264587,107,438272,307.91772497434204,331.64095499604247,271.6805663982218,118.08,1192,0.012749031220982683,-3.0,0.99,0.00021874241949935077,0.0005087168038930151,0.0003,-65.35091400146484,0.3686828315258026,-4.855340003967285,0.09498661011457443,-2.3540194034576416,-3.0,64.70684814453125,97.77202606201172,4.456050872802734,0.564666748046875,51.87347602844238,1.0,-65.35091400146484,0.3686828315258026,-4.855340003967285,0.09498661011457443,-2.3540194034576416,-3.0,64.70684814453125,97.77202606201172,4.456050872802734,1192.0,1192.0,0.0,0.012749031220982683,0.012749031220982683,0.0,0.00021874241949935077,0.00021874241949935077,0.0,0.0005087168038930151,0.0005087168038930151,0.0,0.0003,0.0003,0.0,-3.0,-3.0,0.0,0.0,0.29375,27.4,84.42500000000001,5408.03,119,Hopper-v5,2854,Agente_1
571.6290459632874,108,442368,307.71872070088716,331.64095499604247,271.6805663982218,117.95,1192,0.012749031220982683,-3.0,0.99,0.00021874241949935077,0.0005087168038930151,0.0003,-66.63353729248047,0.36707407236099243,-4.1353888511657715,0.09337477385997772,-2.371134042739868,-3.0,66.11251831054688,103.84314727783203,-7.497880935668945,0.5905237197875977,49.541500091552734,1.0,-66.63353729248047,0.36707407236099243,-4.1353888511657715,0.09337477385997772,-2.371134042739868,-3.0,66.11251831054688,103.84314727783203,-7.497880935668945,1192.0,1192.0,0.0,0.012749031220982683,0.012749031220982683,0.0,0.00021874241949935077,0.00021874241949935077,0.0,0.0005087168038930151,0.0005087168038930151,0.0,0.0003,0.0003,0.0,-3.0,-3.0,0.0,0.0,0.2157142857142857,27.628571428571426,84.57142857142857,5409.613,120,Hopper-v5,2854,Agente_1
576.8727595806122,109,446464,307.7318220028841,331.64095499604247,271.6805663982218,118.04,1192,0.012749031220982683,-3.0,0.99,0.00021874241949935077,0.0005087168038930151,0.0003,-69.88200378417969,0.4674118757247925,-4.3357696533203125,0.09177447855472565,-2.388421058654785,-3.0,69.27354431152344,110.53555297851562,9.430624961853027,0.5864887237548828,53.14410591125488,1.0,-69.88200378417969,0.4674118757247925,-4.3357696533203125,0.09177447855472565,-2.388421058654785,-3.0,69.27354431152344,110.53555297851562,9.430624961853027,1192.0,1192.0,0.0,0.012749031220982683,0.012749031220982683,0.0,0.00021874241949935077,0.00021874241949935077,0.0,0.0005087168038930151,0.0005087168038930151,0.0,0.0003,0.0003,0.0,-3.0,-3.0,0.0,0.0,0.3071428571428571,27.557142857142853,84.42857142857143,5300.561,121,Hopper-v5,2854,Agente_1
582.0399723052979,110,450560,304.6892558759313,328.96389025737983,273.5516194897099,117.77,1192,0.012749031220982683,-3.0,0.99,0.00021874241949935077,0.0005087168038930151,0.0003,-71.6475830078125,0.32182884216308594,-4.595525741577148,0.09024215489625931,-2.4052586555480957,-3.0,71.09029388427734,106.56893920898438,25.818622589111328,0.5383129119873047,46.90537643432617,1.0,-71.6475830078125,0.32182884216308594,-4.595525741577148,0.09024215489625931,-2.4052586555480957,-3.0,71.09029388427734,106.56893920898438,25.818622589111328,1192.0,1192.0,0.0,0.012749031220982683,0.012749031220982683,0.0,0.00021874241949935077,0.00021874241949935077,0.0,0.0005087168038930151,0.0005087168038930151,0.0,0.0003,0.0003,0.0,-3.0,-3.0,0.0,0.0,0.2314285714285714,26.214285714285715,84.91428571428571,5282.173,122,Hopper-v5,2854,Agente_1
587.286048412323,111,454656,302.38937361502764,323.56091998618035,269.4696150500099,117.09,1192,0.012749031220982683,-3.0,0.99,0.00021874241949935077,0.0005087168038930151,0.0003,-75.00630187988281,0.45296117663383484,-3.8944849967956543,0.08868983387947083,-2.42261004447937,-3.0,74.27760314941406,111.06182861328125,-2.7600414752960205,0.61505126953125,57.71205139160156,1.0,-75.00630187988281,0.45296117663383484,-3.8944849967956543,0.08868983387947083,-2.42261004447937,-3.0,74.27760314941406,111.06182861328125,-2.7600414752960205,1192.0,1192.0,0.0,0.012749031220982683,0.012749031220982683,0.0,0.00021874241949935077,0.00021874241949935077,0.0,0.0005087168038930151,0.0005087168038930151,0.0,0.0003,0.0003,0.0,-3.0,-3.0,0.0,0.0,0.1542857142857143,26.042857142857144,85.62857142857145,5270.965,123,Hopper-v5,2854,Agente_1
592.4334597587585,112,458752,298.46481617089563,315.0024123479572,269.4696150500099,115.86,1192,0.012749031220982683,-3.0,0.99,0.00021874241949935077,0.0005087168038930151,0.0003,-74.89768981933594,0.37818437814712524,-3.8339076042175293,0.08715301007032394,-2.4400899410247803,-3.0,74.0684585571289,118.67091369628906,15.39583969116211,0.5782356262207031,48.20527267456055,1.0,-74.89768981933594,0.37818437814712524,-3.8339076042175293,0.08715301007032394,-2.4400899410247803,-3.0,74.0684585571289,118.67091369628906,15.39583969116211,1192.0,1192.0,0.0,0.012749031220982683,0.012749031220982683,0.0,0.00021874241949935077,0.00021874241949935077,0.0,0.0005087168038930151,0.0005087168038930151,0.0,0.0003,0.0003,0.0,-3.0,-3.0,0.0,0.0,0.13285714285714287,25.12857142857143,86.4857142857143,5231.036,124,Hopper-v5,2854,Agente_1
597.8094763755798,113,462848,298.5103301793778,315.2718965253409,269.4696150500099,114.96,1192,0.012749031220982683,-3.0,0.99,0.00021874241949935077,0.0005087168038930151,0.0003,-77.00804901123047,0.43736639618873596,-3.7128405570983887,0.08568812161684036,-2.457041025161743,-3.0,76.27102661132812,116.48863220214844,-31.858787536621094,0.6883029937744141,54.25701141357422,1.0,-77.00804901123047,0.43736639618873596,-3.7128405570983887,0.08568812161684036,-2.457041025161743,-3.0,76.27102661132812,116.48863220214844,-31.858787536621094,1192.0,1192.0,0.0,0.012749031220982683,0.012749031220982683,0.0,0.00021874241949935077,0.00021874241949935077,0.0,0.0005087168038930151,0.0005087168038930151,0.0,0.0003,0.0003,0.0,-3.0,-3.0,0.0,0.0,0.2542857142857143,26.37142857142857,85.87142857142855,5248.115,125,Hopper-v5,2854,Agente_1
603.2221312522888,114,466944,291.2105843266109,315.2718965253409,7.803502335959025,111.75,1192,0.012749031220982683,-3.0,0.99,0.00021874241949935077,0.0005087168038930151,0.0003,-80.18702697753906,0.4296557903289795,-3.9870011806488037,0.0842835009098053,-2.47356915473938,-3.0,79.69526672363281,115.4537353515625,6.856820106506348,0.7349128723144531,54.38420104980469,1.0,-80.18702697753906,0.4296557903289795,-3.9870011806488037,0.0842835009098053,-2.47356915473938,-3.0,79.69526672363281,115.4537353515625,6.856820106506348,1192.0,1192.0,0.0,0.012749031220982683,0.012749031220982683,0.0,0.00021874241949935077,0.00021874241949935077,0.0,0.0005087168038930151,0.0005087168038930151,0.0,0.0003,0.0003,0.0,-3.0,-3.0,0.0,0.0,0.26625,27.9375,85.4875,5269.765,126,Hopper-v5,2854,Agente_1
608.4905569553375,115,471040,289.8463802345195,325.0425348782903,7.803502335959025,112.27,1192,0.012749031220982683,-3.0,0.99,0.00021874241949935077,0.0005087168038930151,0.0003,-77.62561798095703,0.5754606127738953,-3.3252527713775635,0.08293011039495468,-2.4897570610046387,-3.0,76.95648956298828,119.79634857177734,-11.152307510375977,0.7455431818962097,64.85986709594727,1.0,-77.62561798095703,0.5754606127738953,-3.3252527713775635,0.08293011039495468,-2.4897570610046387,-3.0,76.95648956298828,119.79634857177734,-11.152307510375977,1192.0,1192.0,0.0,0.012749031220982683,0.012749031220982683,0.0,0.00021874241949935077,0.00021874241949935077,0.0,0.0005087168038930151,0.0005087168038930151,0.0,0.0003,0.0003,0.0,-3.0,-3.0,0.0,0.0,0.25142857142857145,27.771428571428572,85.42857142857143,5262.13,127,Hopper-v5,2854,Agente_1
613.9636900424957,116,475136,290.84169135198255,330.23479719226583,7.803502335959025,113.81,1192,0.012749031220982683,-3.0,0.99,0.00021874241949935077,0.0005087168038930151,0.0003,-82.21988677978516,0.340224027633667,-3.937411069869995,0.08182937651872635,-2.5031189918518066,-3.0,81.46459197998047,123.35284423828125,-15.692520141601562,0.6389503479003906,47.98451614379883,1.0,-82.21988677978516,0.340224027633667,-3.937411069869995,0.08182937651872635,-2.5031189918518066,-3.0,81.46459197998047,123.35284423828125,-15.692520141601562,1192.0,1192.0,0.0,0.012749031220982683,0.012749031220982683,0.0,0.00021874241949935077,0.00021874241949935077,0.0,0.0005087168038930151,0.0005087168038930151,0.0,0.0003,0.0003,0.0,-3.0,-3.0,0.0,0.0,0.27125,27.5875,85.4125,5300.58,128,Hopper-v5,2854,Agente_1
619.3336272239685,117,479232,300.16780734860794,330.23479719226583,215.00569213227416,118.41,1192,0.012749031220982683,-3.0,0.99,0.00021874241949935077,0.0005087168038930151,0.0003,-82.11585235595703,0.4865484833717346,-1.539368987083435,0.08084335923194885,-2.515241861343384,-3.0,81.38096618652344,129.360107421875,-11.495882987976074,0.8225574493408203,57.86575508117676,1.0,-82.11585235595703,0.4865484833717346,-1.539368987083435,0.08084335923194885,-2.515241861343384,-3.0,81.38096618652344,129.360107421875,-11.495882987976074,1192.0,1192.0,0.0,0.012749031220982683,0.012749031220982683,0.0,0.00021874241949935077,0.00021874241949935077,0.0,0.0005087168038930151,0.0005087168038930151,0.0,0.0003,0.0003,0.0,-3.0,-3.0,0.0,0.0,0.26285714285714284,27.95714285714286,85.39999999999999,5300.178,129,Hopper-v5,2854,Agente_1
625.10861992836,118,483328,301.42860851159855,327.79138528233216,215.00569213227416,118.19,1192,0.012749031220982683,-3.0,0.99,0.00021874241949935077,0.0005087168038930151,0.0003,-85.81663513183594,0.5558584928512573,-3.402987480163574,0.07989693433046341,-2.527017831802368,-3.0,85.25064086914062,130.8311004638672,-2.7923226356506348,0.8084964752197266,72.02742767333984,1.0,-85.81663513183594,0.5558584928512573,-3.402987480163574,0.07989693433046341,-2.527017831802368,-3.0,85.25064086914062,130.8311004638672,-2.7923226356506348,1192.0,1192.0,0.0,0.012749031220982683,0.012749031220982683,0.0,0.00021874241949935077,0.00021874241949935077,0.0,0.0005087168038930151,0.0005087168038930151,0.0,0.0003,0.0003,0.0,-3.0,-3.0,0.0,0.0,0.195,31.4875,77.47500000000001,5335.606,130,Hopper-v5,2854,Agente_1
631.1076560020447,119,487424,301.43883633064144,332.20103289282275,215.00569213227416,118.96,1192,0.012749031220982683,-3.0,0.99,0.00021874241949935077,0.0005087168038930151,0.0003,-87.44589233398438,0.5083822011947632,-2.050370216369629,0.07890315353870392,-2.539534091949463,-3.0,86.43386840820312,140.8091278076172,15.77053165435791,0.9434108734130859,63.98683738708496,1.0,-87.44589233398438,0.5083822011947632,-2.050370216369629,0.07890315353870392,-2.539534091949463,-3.0,86.43386840820312,140.8091278076172,15.77053165435791,1192.0,1192.0,0.0,0.012749031220982683,0.012749031220982683,0.0,0.00021874241949935077,0.00021874241949935077,0.0,0.0005087168038930151,0.0005087168038930151,0.0,0.0003,0.0003,0.0,-3.0,-3.0,0.0,0.0,0.1457142857142857,25.58571428571429,76.55714285714285,5411.196,131,Hopper-v5,2854,Agente_1
636.3394420146942,120,491520,300.63833087874673,336.41295310997754,216.30969345634327,120.08,1192,0.012749031220982683,-3.0,0.99,0.00021874241949935077,0.0005087168038930151,0.0003,-86.72975158691406,0.6102434396743774,-1.3536770343780518,0.07796262949705124,-2.551525592803955,-3.0,85.80799865722656,133.5186004638672,-27.05795669555664,0.8929634094238281,62.13659858703613,1.0,-86.72975158691406,0.6102434396743774,-1.3536770343780518,0.07796262949705124,-2.551525592803955,-3.0,85.80799865722656,133.5186004638672,-27.05795669555664,1192.0,1192.0,0.0,0.012749031220982683,0.012749031220982683,0.0,0.00021874241949935077,0.00021874241949935077,0.0,0.0005087168038930151,0.0005087168038930151,0.0,0.0003,0.0003,0.0,-3.0,-3.0,0.0,0.0,0.09142857142857143,23.75714285714286,83.82857142857142,5417.68,132,Hopper-v5,2854,Agente_1
641.660658121109,121,495616,300.2134574315493,343.19490513448136,210.7410989113355,120.81,1192,0.012749031220982683,-3.0,0.99,0.00021874241949935077,0.0005087168038930151,0.0003,-91.14451599121094,0.41334617137908936,-2.6902036666870117,0.07704109698534012,-2.5634162425994873,-3.0,90.41925048828125,148.87208557128906,17.245149612426758,0.7223701477050781,54.82487392425537,1.0,-91.14451599121094,0.41334617137908936,-2.6902036666870117,0.07704109698534012,-2.5634162425994873,-3.0,90.41925048828125,148.87208557128906,17.245149612426758,1192.0,1192.0,0.0,0.012749031220982683,0.012749031220982683,0.0,0.00021874241949935077,0.00021874241949935077,0.0,0.0005087168038930151,0.0005087168038930151,0.0,0.0003,0.0003,0.0,-3.0,-3.0,0.0,0.0,0.22625,25.6625,86.65,5425.043,133,Hopper-v5,2854,Agente_1
646.9779555797577,122,499712,302.6135037891696,348.18538560186164,210.7410989113355,120.63,1192,0.012749031220982683,-3.0,0.99,0.00021874241949935077,0.0005087168038930151,0.0003,-91.07673645019531,0.5954051613807678,-1.1584138870239258,0.07619744539260864,-2.574427366256714,-3.0,90.11366271972656,153.8828582763672,9.648521423339844,0.8584976196289062,68.5674819946289,1.0,-91.07673645019531,0.5954051613807678,-1.1584138870239258,0.07619744539260864,-2.574427366256714,-3.0,90.11366271972656,153.8828582763672,9.648521423339844,1192.0,1192.0,0.0,0.012749031220982683,0.012749031220982683,0.0,0.00021874241949935077,0.00021874241949935077,0.0,0.0005087168038930151,0.0005087168038930151,0.0,0.0003,0.0003,0.0,-3.0,-3.0,0.0,0.0,0.1685714285714286,25.62857142857143,86.84285714285716,5441.901,134,Hopper-v5,2854,Agente_1
652.2960937023163,123,503808,309.6386137548899,348.18538560186164,197.84371520517573,122.11,1192,0.012749031220982683,-3.0,0.99,0.00021874241949935077,0.0005087168038930151,0.0003,-91.77281188964844,0.5217476487159729,-1.7930281162261963,0.07551702111959457,-2.583397150039673,-3.0,91.1456527709961,137.8256072998047,-22.804712295532227,0.9390659332275391,65.44660186767578,1.0,-91.77281188964844,0.5217476487159729,-1.7930281162261963,0.07551702111959457,-2.583397150039673,-3.0,91.1456527709961,137.8256072998047,-22.804712295532227,1192.0,1192.0,0.0,0.012749031220982683,0.012749031220982683,0.0,0.00021874241949935077,0.00021874241949935077,0.0,0.0005087168038930151,0.0005087168038930151,0.0,0.0003,0.0003,0.0,-3.0,-3.0,0.0,0.0,0.26142857142857145,26.52857142857143,86.27142857142859,5435.933,135,Hopper-v5,2854,Agente_1
657.580331325531,124,507904,306.6703529932503,348.18538560186164,197.84371520517573,121.25,1192,0.012749031220982683,-3.0,0.99,0.00021874241949935077,0.0005087168038930151,0.0003,-94.87150573730469,0.5045382976531982,-1.5785236358642578,0.0748276636004448,-2.5925676822662354,-3.0,94.26079559326172,137.97657775878906,11.977781295776367,0.8991298675537109,63.942195892333984,1.0,-94.87150573730469,0.5045382976531982,-1.5785236358642578,0.0748276636004448,-2.5925676822662354,-3.0,94.26079559326172,137.97657775878906,11.977781295776367,1192.0,1192.0,0.0,0.012749031220982683,0.012749031220982683,0.0,0.00021874241949935077,0.00021874241949935077,0.0,0.0005087168038930151,0.0005087168038930151,0.0,0.0003,0.0003,0.0,-3.0,-3.0,0.0,0.0,0.25285714285714284,27.6,85.55714285714285,5423.359,136,Hopper-v5,2854,Agente_1
662.8871440887451,125,512000,277.8925227451513,348.0233995826736,151.46952008146076,111.63,1192,0.012749031220982683,-3.0,0.99,0.00021874241949935077,0.0005087168038930151,0.0003,-95.28208923339844,0.4673396944999695,-1.7860745191574097,0.07425816357135773,-2.600207567214966,-3.0,94.1427001953125,151.2493896484375,-18.02034568786621,0.8858184814453125,58.32954978942871,1.0,-95.28208923339844,0.4673396944999695,-1.7860745191574097,0.07425816357135773,-2.600207567214966,-3.0,94.1427001953125,151.2493896484375,-18.02034568786621,1192.0,1192.0,0.0,0.012749031220982683,0.012749031220982683,0.0,0.00021874241949935077,0.00021874241949935077,0.0,0.0005087168038930151,0.0005087168038930151,0.0,0.0003,0.0003,0.0,-3.0,-3.0,0.0,0.0,0.22499999999999998,27.6,85.23750000000001,5427.471,137,Hopper-v5,2854,Agente_1
668.3054800033569,126,516096,230.26667053170408,336.45892122921333,151.46952008146076,94.76,1192,0.012749031220982683,-3.0,0.99,0.00021874241949935077,0.0005087168038930151,0.0003,-96.29329681396484,0.5914984941482544,0.06731662154197693,0.07363497465848923,-2.608635187149048,-3.0,95.35975646972656,153.82699584960938,17.140287399291992,0.9118919372558594,62.602179527282715,1.0,-96.29329681396484,0.5914984941482544,0.06731662154197693,0.07363497465848923,-2.608635187149048,-3.0,95.35975646972656,153.82699584960938,17.140287399291992,1192.0,1192.0,0.0,0.012749031220982683,0.012749031220982683,0.0,0.00021874241949935077,0.00021874241949935077,0.0,0.0005087168038930151,0.0005087168038930151,0.0,0.0003,0.0003,0.0,-3.0,-3.0,0.0,0.0,0.2571428571428572,28.271428571428572,85.3,5421.776,138,Hopper-v5,2854,Agente_1
673.7651033401489,127,520192,197.726753701828,303.8344865775992,151.46952008146076,84.38,1192,0.012749031220982683,-3.0,0.99,0.00021874241949935077,0.0005087168038930151,0.0003,-101.42765808105469,0.46399861574172974,-0.5117402076721191,0.07316667586565018,-2.6150152683258057,-3.0,100.78923034667969,151.68479919433594,25.41313362121582,0.9310684204101562,56.326629638671875,1.0,-101.42765808105469,0.46399861574172974,-0.5117402076721191,0.07316667586565018,-2.6150152683258057,-3.0,100.78923034667969,151.68479919433594,25.41313362121582,1192.0,1192.0,0.0,0.012749031220982683,0.012749031220982683,0.0,0.00021874241949935077,0.00021874241949935077,0.0,0.0005087168038930151,0.0005087168038930151,0.0,0.0003,0.0003,0.0,-3.0,-3.0,0.0,0.0,0.27125,27.6125,85.275,5430.918,139,Hopper-v5,2854,Agente_1
679.1588292121887,128,524288,183.20581787373706,303.83146395023243,59.46772333012106,80.69,1192,0.012749031220982683,-3.0,0.99,0.00021874241949935077,0.0005087168038930151,0.0003,-98.20967102050781,0.7895503640174866,0.056088775396347046,0.0727919191122055,-2.620150327682495,-3.0,97.2964859008789,157.06605529785156,-30.262773513793945,1.052835464477539,75.28495407104492,1.0,-98.20967102050781,0.7895503640174866,0.056088775396347046,0.0727919191122055,-2.620150327682495,-3.0,97.2964859008789,157.06605529785156,-30.262773513793945,1192.0,1192.0,0.0,0.012749031220982683,0.012749031220982683,0.0,0.00021874241949935077,0.00021874241949935077,0.0,0.0005087168038930151,0.0005087168038930151,0.0,0.0003,0.0003,0.0,-3.0,-3.0,0.0,0.0,0.22999999999999998,27.042857142857144,84.88571428571429,5392.778,140,Hopper-v5,2854,Agente_1
684.5874757766724,129,528384,101.79037868914156,306.78099476956686,13.83057995221712,50.68,1192,0.012749031220982683,-3.0,0.99,0.00021874241949935077,0.0005087168038930151,0.0003,-102.10360717773438,0.5754810571670532,0.7166588306427002,0.07262525707483292,-2.6224424839019775,-3.0,101.17768859863281,164.8709259033203,-22.54661750793457,0.9665012359619141,65.04996109008789,1.0,-102.10360717773438,0.5754810571670532,0.7166588306427002,0.07262525707483292,-2.6224424839019775,-3.0,101.17768859863281,164.8709259033203,-22.54661750793457,1192.0,1192.0,0.0,0.012749031220982683,0.012749031220982683,0.0,0.00021874241949935077,0.00021874241949935077,0.0,0.0005087168038930151,0.0005087168038930151,0.0,0.0003,0.0003,0.0,-3.0,-3.0,0.0,0.0,0.30624999999999997,27.412499999999998,84.67500000000001,5335.845,141,Hopper-v5,2854,Agente_1
690.334237575531,130,532480,81.96018034315551,300.5932950882072,11.349438770328868,44.75,1192,0.012749031220982683,-3.0,0.99,0.00021874241949935077,0.0005087168038930151,0.0003,-103.55684661865234,0.5520867705345154,-0.22959917783737183,0.07254382222890854,-2.6235644817352295,-3.0,102.72643280029297,163.97265625,-16.095623016357422,0.9820194244384766,63.37088394165039,1.0,-103.55684661865234,0.5520867705345154,-0.22959917783737183,0.07254382222890854,-2.6235644817352295,-3.0,102.72643280029297,163.97265625,-16.095623016357422,1192.0,1192.0,0.0,0.012749031220982683,0.012749031220982683,0.0,0.00021874241949935077,0.00021874241949935077,0.0,0.0005087168038930151,0.0005087168038930151,0.0,0.0003,0.0003,0.0,-3.0,-3.0,0.0,0.0,0.295,27.2875,84.6375,5387.4,142,Hopper-v5,2854,Agente_1
629.1143629550934,118,483328,8.603474089567522,26.069496152108382,1.6230380585632367,18.15686274509804,1192,0.016587008003230815,-3.0,0.99,0.00014582827966623386,0.0007630752058395225,0.0003,-4.217738151550293,0.19452457129955292,-2.4742608070373535,0.1114296168088913,-2.194362163543701,-3.0,4.046313285827637,25.918697357177734,-21.018516540527344,1.6273545026779175,5.1567723751068115,1.0,-4.217738151550293,0.19452457129955292,-2.4742608070373535,0.1114296168088913,-2.194362163543701,-3.0,4.046313285827637,25.918697357177734,-21.018516540527344,1192.0,1192.0,0.0,0.016587008003230815,0.016587008003230815,0.0,0.00014582827966623386,0.00014582827966623386,0.0,0.0007630752058395225,0.0007630752058395225,0.0,0.0003,0.0003,0.0,-3.0,-3.0,0.0,0.0,0.23789473684210524,25.1,81.26315789473684,5337.311,143,Hopper-v5,2854,Agente_1
634.3305444717407,119,487424,39.40842341824877,182.29513237552885,10.317478706155013,32.296875,1192,0.016587008003230815,-3.0,0.99,0.00014582827966623386,0.0007630752058395225,0.0003,-8.342005729675293,0.08909954130649567,-5.124963760375977,0.1072394847869873,-2.2326908111572266,-3.0,8.18641185760498,30.623512268066406,-11.344341278076172,0.7454535961151123,2.7742538452148438,1.0,-8.342005729675293,0.08909954130649567,-5.124963760375977,0.1072394847869873,-2.2326908111572266,-3.0,8.18641185760498,30.623512268066406,-11.344341278076172,1192.0,1192.0,0.0,0.016587008003230815,0.016587008003230815,0.0,0.00014582827966623386,0.00014582827966623386,0.0,0.0007630752058395225,0.0007630752058395225,0.0,0.0003,0.0003,0.0,-3.0,-3.0,0.0,0.0,0.26285714285714284,27.942857142857147,84.67142857142856,5270.723,144,Hopper-v5,2854,Agente_1
639.5990941524506,120,491520,26.350693988803876,100.22192726220351,12.521222988558373,29.30701754385965,1192,0.016587008003230815,-3.0,0.99,0.00014582827966623386,0.0007630752058395225,0.0003,-12.090423583984375,0.08424237370491028,-5.342611312866211,0.10259319096803665,-2.2769837379455566,-3.0,11.861170768737793,29.271299362182617,-15.14909553527832,0.6748483180999756,3.1620670557022095,1.0,-12.090423583984375,0.08424237370491028,-5.342611312866211,0.10259319096803665,-2.2769837379455566,-3.0,11.861170768737793,29.271299362182617,-15.14909553527832,1192.0,1192.0,0.0,0.016587008003230815,0.016587008003230815,0.0,0.00014582827966623386,0.00014582827966623386,0.0,0.0007630752058395225,0.0007630752058395225,0.0,0.0003,0.0003,0.0,-3.0,-3.0,0.0,0.0,0.2,27.728571428571428,84.62857142857142,5265.847,145,Hopper-v5,2854,Agente_1
644.8775250911713,121,495616,68.56942997686275,324.91677963447677,13.013407121967324,51.57,1192,0.016587008003230815,-3.0,0.99,0.00014582827966623386,0.0007630752058395225,0.0003,-15.131059646606445,0.06514327228069305,-5.715224266052246,0.09839604049921036,-2.3187546730041504,-3.0,14.99896240234375,35.8150520324707,-8.70711898803711,0.5664138793945312,2.2150799036026,1.0,-15.131059646606445,0.06514327228069305,-5.715224266052246,0.09839604049921036,-2.3187546730041504,-3.0,14.99896240234375,35.8150520324707,-8.70711898803711,1192.0,1192.0,0.0,0.016587008003230815,0.016587008003230815,0.0,0.00014582827966623386,0.00014582827966623386,0.0,0.0007630752058395225,0.0007630752058395225,0.0,0.0003,0.0003,0.0,-3.0,-3.0,0.0,0.0,0.2414285714285714,26.642857142857142,84.52857142857142,5266.572,146,Hopper-v5,2854,Agente_1
650.2997560501099,122,499712,132.29268856356478,360.8051879519213,15.576874567241981,81.06,1192,0.016587008003230815,-3.0,0.99,0.00014582827966623386,0.0007630752058395225,0.0003,-18.5904598236084,0.06636171042919159,-6.068114280700684,0.0946829691529274,-2.3572211265563965,-3.0,18.594921112060547,51.29403305053711,-11.035679817199707,0.5580267906188965,1.760688304901123,1.0,-18.5904598236084,0.06636171042919159,-6.068114280700684,0.0946829691529274,-2.3572211265563965,-3.0,18.594921112060547,51.29403305053711,-11.035679817199707,1192.0,1192.0,0.0,0.016587008003230815,0.016587008003230815,0.0,0.00014582827966623386,0.00014582827966623386,0.0,0.0007630752058395225,0.0007630752058395225,0.0,0.0003,0.0003,0.0,-3.0,-3.0,0.0,0.0,0.23625000000000002,27.825,84.52499999999999,5295.598,147,Hopper-v5,2854,Agente_1
655.6426572799683,123,503808,112.67729457644771,360.8051879519213,17.512880218538545,72.59,1192,0.016587008003230815,-3.0,0.99,0.00014582827966623386,0.0007630752058395225,0.0003,-21.01165771484375,0.06585528701543808,-5.437254428863525,0.09131183475255966,-2.393474817276001,-3.0,20.754146575927734,44.357967376708984,3.5758650302886963,0.506493091583252,1.8895925283432007,1.0,-21.01165771484375,0.06585528701543808,-5.437254428863525,0.09131183475255966,-2.393474817276001,-3.0,20.754146575927734,44.357967376708984,3.5758650302886963,1192.0,1192.0,0.0,0.016587008003230815,0.016587008003230815,0.0,0.00014582827966623386,0.00014582827966623386,0.0,0.0007630752058395225,0.0007630752058395225,0.0,0.0003,0.0003,0.0,-3.0,-3.0,0.0,0.0,0.23285714285714285,27.54285714285714,84.51428571428572,5301.407,148,Hopper-v5,2854,Agente_1
661.031632900238,124,507904,127.78889255988423,343.5251770984489,18.361885973922895,84.67,1192,0.016587008003230815,-3.0,0.99,0.00014582827966623386,0.0007630752058395225,0.0003,-24.083026885986328,0.059413567185401917,-5.8565993309021,0.0882810652256012,-2.427229642868042,-3.0,23.734527587890625,46.42283630371094,4.429813385009766,0.4956674575805664,1.7811824083328247,1.0,-24.083026885986328,0.059413567185401917,-5.8565993309021,0.0882810652256012,-2.427229642868042,-3.0,23.734527587890625,46.42283630371094,4.429813385009766,1192.0,1192.0,0.0,0.016587008003230815,0.016587008003230815,0.0,0.00014582827966623386,0.00014582827966623386,0.0,0.0007630752058395225,0.0007630752058395225,0.0,0.0003,0.0003,0.0,-3.0,-3.0,0.0,0.0,0.2185714285714286,27.11428571428572,84.44285714285714,5311.982,149,Hopper-v5,2854,Agente_1
666.3728349208832,125,512000,172.1603385222207,442.1435748889661,18.36349435534215,113.59,1192,0.016587008003230815,-3.0,0.99,0.00014582827966623386,0.0007630752058395225,0.0003,-26.921600341796875,0.07811718434095383,-4.994768142700195,0.0856303870677948,-2.4577150344848633,-3.0,26.601882934570312,55.09675216674805,-2.56857967376709,0.45675182342529297,2.369222640991211,1.0,-26.921600341796875,0.07811718434095383,-4.994768142700195,0.0856303870677948,-2.4577150344848633,-3.0,26.601882934570312,55.09675216674805,-2.56857967376709,1192.0,1192.0,0.0,0.016587008003230815,0.016587008003230815,0.0,0.00014582827966623386,0.00014582827966623386,0.0,0.0007630752058395225,0.0007630752058395225,0.0,0.0003,0.0003,0.0,-3.0,-3.0,0.0,0.0,0.28875,26.875,84.475,5314.317,150,Hopper-v5,2854,Agente_1
671.7484166622162,126,516096,197.7399013497964,676.1710463465309,18.36349435534215,133.28,1192,0.016587008003230815,-3.0,0.99,0.00014582827966623386,0.0007630752058395225,0.0003,-30.517765045166016,0.09029491245746613,-5.043150424957275,0.08322209864854813,-2.4862422943115234,-3.0,30.26096534729004,54.273956298828125,6.844892978668213,0.5105404853820801,2.0380680561065674,1.0,-30.517765045166016,0.09029491245746613,-5.043150424957275,0.08322209864854813,-2.4862422943115234,-3.0,30.26096534729004,54.273956298828125,6.844892978668213,1192.0,1192.0,0.0,0.016587008003230815,0.016587008003230815,0.0,0.00014582827966623386,0.00014582827966623386,0.0,0.0007630752058395225,0.0007630752058395225,0.0,0.0003,0.0003,0.0,-3.0,-3.0,0.0,0.0,0.31,27.028571428571432,84.41428571428571,5319.448,151,Hopper-v5,2854,Agente_1
677.2070286273956,127,520192,279.29625678916995,986.4688506971338,20.30755528952399,169.84,1192,0.016587008003230815,-3.0,0.99,0.00014582827966623386,0.0007630752058395225,0.0003,-32.41547393798828,0.12716931104660034,-4.4043288230896,0.08106949180364609,-2.51244854927063,-3.0,32.33409118652344,96.24002838134766,3.0176584720611572,0.5543603897094727,3.4031381607055664,1.0,-32.41547393798828,0.12716931104660034,-4.4043288230896,0.08106949180364609,-2.51244854927063,-3.0,32.33409118652344,96.24002838134766,3.0176584720611572,1192.0,1192.0,0.0,0.016587008003230815,0.016587008003230815,0.0,0.00014582827966623386,0.00014582827966623386,0.0,0.0007630752058395225,0.0007630752058395225,0.0,0.0003,0.0003,0.0,-3.0,-3.0,0.0,0.0,0.28500000000000003,27.6625,84.39999999999999,5332.207,152,Hopper-v5,2854,Agente_1
682.500848531723,128,524288,325.6176068611742,986.4688506971338,21.795328531805627,191.02,1192,0.016587008003230815,-3.0,0.99,0.00014582827966623386,0.0007630752058395225,0.0003,-35.36468505859375,0.09823130071163177,-4.56677770614624,0.07908802479505539,-2.537193775177002,-3.0,35.02599334716797,71.44315338134766,-3.274005174636841,0.5140819549560547,2.0352509021759033,1.0,-35.36468505859375,0.09823130071163177,-4.56677770614624,0.07908802479505539,-2.537193775177002,-3.0,35.02599334716797,71.44315338134766,-3.274005174636841,1192.0,1192.0,0.0,0.016587008003230815,0.016587008003230815,0.0,0.00014582827966623386,0.00014582827966623386,0.0,0.0007630752058395225,0.0007630752058395225,0.0,0.0003,0.0003,0.0,-3.0,-3.0,0.0,0.0,0.2771428571428572,28.342857142857145,84.47142857142856,5326.676,153,Hopper-v5,2854,Agente_1
687.7890269756317,129,528384,403.2273029918577,986.4688506971338,28.693823061723375,226.35,1192,0.016587008003230815,-3.0,0.99,0.00014582827966623386,0.0007630752058395225,0.0003,-38.84483337402344,0.1671951711177826,-3.7175233364105225,0.07726702839136124,-2.560487985610962,-3.0,38.39179229736328,70.78833770751953,-17.110355377197266,0.6216983795166016,3.6497976779937744,1.0,-38.84483337402344,0.1671951711177826,-3.7175233364105225,0.07726702839136124,-2.560487985610962,-3.0,38.39179229736328,70.78833770751953,-17.110355377197266,1192.0,1192.0,0.0,0.016587008003230815,0.016587008003230815,0.0,0.00014582827966623386,0.00014582827966623386,0.0,0.0007630752058395225,0.0007630752058395225,0.0,0.0003,0.0003,0.0,-3.0,-3.0,0.0,0.0,0.29857142857142854,27.67142857142857,84.52857142857144,5333.887,154,Hopper-v5,2854,Agente_1
692.9583959579468,130,532480,438.1802772250506,986.4688506971338,143.61162509477754,236.0,1192,0.016587008003230815,-3.0,0.99,0.00014582827966623386,0.0007630752058395225,0.0003,-42.457740783691406,0.21909630298614502,-2.9420697689056396,0.07545196264982224,-2.584259033203125,-3.0,42.22691345214844,76.26714324951172,13.568047523498535,0.6430034637451172,14.737118005752563,1.0,-42.457740783691406,0.21909630298614502,-2.9420697689056396,0.07545196264982224,-2.584259033203125,-3.0,42.22691345214844,76.26714324951172,13.568047523498535,1192.0,1192.0,0.0,0.016587008003230815,0.016587008003230815,0.0,0.00014582827966623386,0.00014582827966623386,0.0,0.0007630752058395225,0.0007630752058395225,0.0,0.0003,0.0003,0.0,-3.0,-3.0,0.0,0.0,0.25285714285714284,27.185714285714287,84.45714285714287,5324.114,155,Hopper-v5,2854,Agente_1
698.6650433540344,131,536576,452.0867740353728,1040.3616396185018,143.61162509477754,228.87,1192,0.016587008003230815,-3.0,0.99,0.00014582827966623386,0.0007630752058395225,0.0003,-44.04481506347656,0.16364441812038422,-5.219998359680176,0.07353653758764267,-2.6099729537963867,-3.0,43.71028137207031,118.68778991699219,9.758748054504395,0.5962257385253906,4.481730937957764,1.0,-44.04481506347656,0.16364441812038422,-5.219998359680176,0.07353653758764267,-2.6099729537963867,-3.0,43.71028137207031,118.68778991699219,9.758748054504395,1192.0,1192.0,0.0,0.016587008003230815,0.016587008003230815,0.0,0.00014582827966623386,0.00014582827966623386,0.0,0.0007630752058395225,0.0007630752058395225,0.0,0.0003,0.0003,0.0,-3.0,-3.0,0.0,0.0,0.19538461538461538,26.96923076923077,83.48076923076925,5366.767,156,Hopper-v5,2854,Agente_1
703.996015548706,132,540672,451.7487698931125,1040.3616396185018,143.61162509477754,226.22,1192,0.016587008003230815,-3.0,0.99,0.00014582827966623386,0.0007630752058395225,0.0003,-47.194576263427734,0.2555438280105591,-5.644532203674316,0.07152268290519714,-2.6377406120300293,-3.0,46.695068359375,101.90038299560547,22.6054630279541,0.6531181335449219,27.687798976898193,1.0,-47.194576263427734,0.2555438280105591,-5.644532203674316,0.07152268290519714,-2.6377406120300293,-3.0,46.695068359375,101.90038299560547,22.6054630279541,1192.0,1192.0,0.0,0.016587008003230815,0.016587008003230815,0.0,0.00014582827966623386,0.00014582827966623386,0.0,0.0007630752058395225,0.0007630752058395225,0.0,0.0003,0.0003,0.0,-3.0,-3.0,0.0,0.0,0.1675,25.975,78.575,5357.457,157,Hopper-v5,2854,Agente_1
709.1974220275879,133,544768,465.5525781765454,1232.1775153082972,143.61162509477754,225.13,1192,0.016587008003230815,-3.0,0.99,0.00014582827966623386,0.0007630752058395225,0.0003,-50.5697021484375,0.30042850971221924,-2.7015581130981445,0.06946270912885666,-2.6669652462005615,-3.0,50.01679229736328,115.38543701171875,1.4681127071380615,0.8053641319274902,31.223443031311035,1.0,-50.5697021484375,0.30042850971221924,-2.7015581130981445,0.06946270912885666,-2.6669652462005615,-3.0,50.01679229736328,115.38543701171875,1.4681127071380615,1192.0,1192.0,0.0,0.016587008003230815,0.016587008003230815,0.0,0.00014582827966623386,0.00014582827966623386,0.0,0.0007630752058395225,0.0007630752058395225,0.0,0.0003,0.0003,0.0,-3.0,-3.0,0.0,0.0,0.12714285714285714,25.414285714285715,82.24285714285715,5343.401,158,Hopper-v5,2854,Agente_1
714.8306276798248,134,548864,503.16158062592933,1232.1775153082972,143.61162509477754,230.47,1192,0.016587008003230815,-3.0,0.99,0.00014582827966623386,0.0007630752058395225,0.0003,-53.62123107910156,0.3856651782989502,-6.417680740356445,0.06717188656330109,-2.70050048828125,-3.0,52.98888397216797,114.4738540649414,7.558801651000977,0.6803607940673828,43.647521018981934,1.0,-53.62123107910156,0.3856651782989502,-6.417680740356445,0.06717188656330109,-2.70050048828125,-3.0,52.98888397216797,114.4738540649414,7.558801651000977,1192.0,1192.0,0.0,0.016587008003230815,0.016587008003230815,0.0,0.00014582827966623386,0.00014582827966623386,0.0,0.0007630752058395225,0.0007630752058395225,0.0,0.0003,0.0003,0.0,-3.0,-3.0,0.0,0.0,0.1825,31.4,76.7875,5367.831,159,Hopper-v5,2854,Agente_1
720.1714589595795,135,552960,560.0856648541541,1286.9231997097752,144.95323726737087,240.0,1192,0.016587008003230815,-3.0,0.99,0.00014582827966623386,0.0007630752058395225,0.0003,-55.93754577636719,0.24387626349925995,-5.737329483032227,0.0650390088558197,-2.7327680587768555,-3.0,55.32568359375,164.06321716308594,19.449037551879883,0.7961521148681641,10.629369258880615,1.0,-55.93754577636719,0.24387626349925995,-5.737329483032227,0.0650390088558197,-2.7327680587768555,-3.0,55.32568359375,164.06321716308594,19.449037551879883,1192.0,1192.0,0.0,0.016587008003230815,0.016587008003230815,0.0,0.00014582827966623386,0.00014582827966623386,0.0,0.0007630752058395225,0.0007630752058395225,0.0,0.0003,0.0003,0.0,-3.0,-3.0,0.0,0.0,0.22285714285714286,25.557142857142857,83.47142857142856,5367.931,160,Hopper-v5,2854,Agente_1
725.5071556568146,136,557056,619.4226258588669,1286.9231997097752,144.95323726737087,249.94,1192,0.016587008003230815,-3.0,0.99,0.00014582827966623386,0.0007630752058395225,0.0003,-59.43036651611328,0.40305572748184204,-4.690290451049805,0.06265617907047272,-2.7700929641723633,-3.0,58.586612701416016,153.16001892089844,4.302091121673584,0.7888517379760742,50.060218811035156,1.0,-59.43036651611328,0.40305572748184204,-4.690290451049805,0.06265617907047272,-2.7700929641723633,-3.0,58.586612701416016,153.16001892089844,4.302091121673584,1192.0,1192.0,0.0,0.016587008003230815,0.016587008003230815,0.0,0.00014582827966623386,0.00014582827966623386,0.0,0.0007630752058395225,0.0007630752058395225,0.0,0.0003,0.0003,0.0,-3.0,-3.0,0.0,0.0,0.19999999999999998,27.74285714285714,88.10000000000001,5364.138,161,Hopper-v5,2854,Agente_1
730.7348780632019,137,561152,624.8829758558073,1286.9231997097752,155.09704395461353,249.36,1192,0.016587008003230815,-3.0,0.99,0.00014582827966623386,0.0007630752058395225,0.0003,-68.05097961425781,0.5573839545249939,-93.22328186035156,0.05727545917034149,-2.8598830699920654,-3.0,66.02909851074219,173.83444213867188,19.170881271362305,1.0517997741699219,60.13070487976074,1.0,-68.05097961425781,0.5573839545249939,-93.22328186035156,0.05727545917034149,-2.8598830699920654,-3.0,66.02909851074219,173.83444213867188,19.170881271362305,1192.0,1192.0,0.0,0.016587008003230815,0.016587008003230815,0.0,0.00014582827966623386,0.00014582827966623386,0.0,0.0007630752058395225,0.0007630752058395225,0.0,0.0003,0.0003,0.0,-3.0,-3.0,0.0,0.0,0.2675,27.55,88.45,5340.87,162,Hopper-v5,2854,Agente_1
735.9014728069305,138,565248,638.6369087558074,1286.9231997097752,155.09704395461353,254.16,1192,0.016587008003230815,-3.0,0.99,0.00014582827966623386,0.0007630752058395225,0.0003,-68.36174011230469,0.6386446356773376,-109.22318267822266,0.0521540641784668,-2.9535531997680664,-3.0,66.35562133789062,150.123046875,10.005355834960938,1.0912246704101562,67.60958099365234,1.0,-68.36174011230469,0.6386446356773376,-109.22318267822266,0.0521540641784668,-2.9535531997680664,-3.0,66.35562133789062,150.123046875,10.005355834960938,1192.0,1192.0,0.0,0.016587008003230815,0.016587008003230815,0.0,0.00014582827966623386,0.00014582827966623386,0.0,0.0007630752058395225,0.0007630752058395225,0.0,0.0003,0.0003,0.0,-3.0,-3.0,0.0,0.0,0.25285714285714284,27.385714285714283,88.3714285714286,5328.172,163,Hopper-v5,2854,Agente_1
741.1826629638672,139,569344,626.9776456506864,1286.9231997097752,70.33034157280147,258.37,1192,0.016587008003230815,-3.0,0.99,0.00014582827966623386,0.0007630752058395225,0.0003,-73.83917999267578,0.6888556480407715,-138.88409423828125,0.04839564859867096,-3.0283453464508057,-3.0,71.64917755126953,192.37872314453125,-12.561148643493652,1.2225341796875,76.48079299926758,1.0,-73.83917999267578,0.6888556480407715,-138.88409423828125,0.04839564859867096,-3.0283453464508057,-3.0,71.64917755126953,192.37872314453125,-12.561148643493652,1192.0,1192.0,0.0,0.016587008003230815,0.016587008003230815,0.0,0.00014582827966623386,0.00014582827966623386,0.0,0.0007630752058395225,0.0007630752058395225,0.0,0.0003,0.0003,0.0,-3.0,-3.0,0.0,0.0,0.21571428571428572,28.185714285714287,88.15714285714287,5327.539,164,Hopper-v5,2854,Agente_1
746.6520154476166,140,573440,626.674070876096,1286.9231997097752,64.4878178703257,259.81,1192,0.016587008003230815,-3.0,0.99,0.00014582827966623386,0.0007630752058395225,0.0003,-81.59098815917969,0.4101637601852417,-155.76815795898438,0.04547257721424103,-3.0906457901000977,-3.0,79.12584686279297,195.73867797851562,19.002431869506836,1.2586240768432617,15.585041522979736,1.0,-81.59098815917969,0.4101637601852417,-155.76815795898438,0.04547257721424103,-3.0906457901000977,-3.0,79.12584686279297,195.73867797851562,19.002431869506836,1192.0,1192.0,0.0,0.016587008003230815,0.016587008003230815,0.0,0.00014582827966623386,0.00014582827966623386,0.0,0.0007630752058395225,0.0007630752058395225,0.0,0.0003,0.0003,0.0,-3.0,-3.0,0.0,0.0,0.18142857142857147,28.228571428571424,88.3,5357.519,165,Hopper-v5,2854,Agente_1
752.3307614326477,141,577536,619.1288715645073,1286.9231997097752,64.4878178703257,267.73,1192,0.016587008003230815,-3.0,0.99,0.00014582827966623386,0.0007630752058395225,0.0003,-85.335693359375,0.6704380512237549,-185.96221923828125,0.043035753071308136,-3.145724058151245,-3.0,82.6141357421875,209.61370849609375,25.481319427490234,1.3124504089355469,101.52826690673828,1.0,-85.335693359375,0.6704380512237549,-185.96221923828125,0.043035753071308136,-3.145724058151245,-3.0,82.6141357421875,209.61370849609375,25.481319427490234,1192.0,1192.0,0.0,0.016587008003230815,0.016587008003230815,0.0,0.00014582827966623386,0.00014582827966623386,0.0,0.0007630752058395225,0.0007630752058395225,0.0,0.0003,0.0003,0.0,-3.0,-3.0,0.0,0.0,0.2025,27.875,88.1375,5354.75,166,Hopper-v5,2854,Agente_1
758.0373229980469,142,581632,520.4218434498085,1278.8504174061666,31.442118517298496,294.42,1192,0.016587008003230815,-3.0,0.99,0.00014582827966623386,0.0007630752058395225,0.0003,-88.0162124633789,0.6869347095489502,-203.53988647460938,0.04086238518357277,-3.197545289993286,-3.0,85.66948699951172,218.78549194335938,-24.943450927734375,1.2925071716308594,86.84235191345215,1.0,-88.0162124633789,0.6869347095489502,-203.53988647460938,0.04086238518357277,-3.197545289993286,-3.0,85.66948699951172,218.78549194335938,-24.943450927734375,1192.0,1192.0,0.0,0.016587008003230815,0.016587008003230815,0.0,0.00014582827966623386,0.00014582827966623386,0.0,0.0007630752058395225,0.0007630752058395225,0.0,0.0003,0.0003,0.0,-3.0,-3.0,0.0,0.0,0.2775,27.849999999999998,88.3125,5392.218,167,Hopper-v5,2854,Agente_1
763.479902267456,143,585728,294.89246287278866,1278.8504174061666,26.209792046385918,236.22,1192,0.016587008003230815,-3.0,0.99,0.00014582827966623386,0.0007630752058395225,0.0003,-91.52803039550781,0.7300671339035034,-183.09674072265625,0.03901255130767822,-3.2438719272613525,-3.0,89.2857666015625,223.8062286376953,30.912641525268555,1.3361835479736328,98.97634887695312,1.0,-91.52803039550781,0.7300671339035034,-183.09674072265625,0.03901255130767822,-3.2438719272613525,-3.0,89.2857666015625,223.8062286376953,30.912641525268555,1192.0,1192.0,0.0,0.016587008003230815,0.016587008003230815,0.0,0.00014582827966623386,0.00014582827966623386,0.0,0.0007630752058395225,0.0007630752058395225,0.0,0.0003,0.0003,0.0,-3.0,-3.0,0.0,0.0,0.2771428571428572,27.24285714285714,88.34285714285714,5416.367,168,Hopper-v5,2854,Agente_1
769.0935838222504,144,589824,64.54289707287523,1093.0781990721339,25.237487965939035,61.5945945945946,1192,0.016587008003230815,-3.0,0.99,0.00014582827966623386,0.0007630752058395225,0.0003,-93.83000183105469,0.5595790147781372,-211.10394287109375,0.03740498423576355,-3.2859513759613037,-3.0,91.86485290527344,230.06333923339844,11.92991828918457,1.5454282760620117,22.85062313079834,1.0,-93.83000183105469,0.5595790147781372,-211.10394287109375,0.03740498423576355,-3.2859513759613037,-3.0,91.86485290527344,230.06333923339844,11.92991828918457,1192.0,1192.0,0.0,0.016587008003230815,0.016587008003230815,0.0,0.00014582827966623386,0.00014582827966623386,0.0,0.0007630752058395225,0.0007630752058395225,0.0,0.0003,0.0003,0.0,-3.0,-3.0,0.0,0.0,0.185,24.717857142857145,86.20000000000002,5414.328,169,Hopper-v5,2854,Agente_1
774.342964887619,145,593920,43.988416887747185,1198.1537822150171,25.23085923381793,39.296052631578945,1192,0.016587008003230815,-3.0,0.99,0.00014582827966623386,0.0007630752058395225,0.0003,-98.1341781616211,0.9847398996353149,-237.53778076171875,0.03587128594517708,-3.3278181552886963,-3.0,95.67139434814453,241.1758575439453,4.029187202453613,1.9327869415283203,121.09872436523438,1.0,-98.1341781616211,0.9847398996353149,-237.53778076171875,0.03587128594517708,-3.3278181552886963,-3.0,95.67139434814453,241.1758575439453,4.029187202453613,1192.0,1192.0,0.0,0.016587008003230815,0.016587008003230815,0.0,0.00014582827966623386,0.00014582827966623386,0.0,0.0007630752058395225,0.0007630752058395225,0.0,0.0003,0.0003,0.0,-3.0,-3.0,0.0,0.0,0.27285714285714285,25.571428571428573,80.07142857142857,5404.876,170,Hopper-v5,2854,Agente_1
779.7670428752899,146,598016,31.982376610937294,36.63832104855313,27.598132022575914,25.955696202531644,1192,0.016587008003230815,-3.0,0.99,0.00014582827966623386,0.0007630752058395225,0.0003,-98.85771942138672,0.5591962337493896,-222.91256713867188,0.03445425629615784,-3.3681228160858154,-3.0,96.06270599365234,234.38987731933594,4.921985149383545,1.6563491821289062,31.675533294677734,1.0,-98.85771942138672,0.5591962337493896,-222.91256713867188,0.03445425629615784,-3.3681228160858154,-3.0,96.06270599365234,234.38987731933594,4.921985149383545,1192.0,1192.0,0.0,0.016587008003230815,0.016587008003230815,0.0,0.00014582827966623386,0.00014582827966623386,0.0,0.0007630752058395225,0.0007630752058395225,0.0,0.0003,0.0003,0.0,-3.0,-3.0,0.0,0.0,0.1775,25.925,86.57499999999999,5413.859,171,Hopper-v5,2854,Agente_1
785.1754994392395,147,602112,33.66921455350651,41.72944366597604,28.752298692326512,26.6,1192,0.016587008003230815,-3.0,0.99,0.00014582827966623386,0.0007630752058395225,0.0003,-113.51590728759766,0.6892038583755493,-536.0782470703125,0.032891884446144104,-3.414529323577881,-3.0,107.26815795898438,270.9241943359375,17.538049697875977,1.8606376647949219,68.79679679870605,1.0,-113.51590728759766,0.6892038583755493,-536.0782470703125,0.032891884446144104,-3.414529323577881,-3.0,107.26815795898438,270.9241943359375,17.538049697875977,1192.0,1192.0,0.0,0.016587008003230815,0.016587008003230815,0.0,0.00014582827966623386,0.00014582827966623386,0.0,0.0007630752058395225,0.0007630752058395225,0.0,0.0003,0.0003,0.0,-3.0,-3.0,0.0,0.0,0.24285714285714285,28.157142857142862,88.42857142857143,5431.976,172,Hopper-v5,2854,Agente_1
790.7544271945953,148,606208,65.66452709747905,309.5681942300104,13.888166698171105,34.57608695652174,1192,0.016587008003230815,-3.0,0.99,0.00014582827966623386,0.0007630752058395225,0.0003,-120.61328887939453,1.0714795589447021,-579.5872802734375,0.03076539747416973,-3.4813647270202637,-3.0,114.40655517578125,234.15866088867188,-2.801922082901001,1.7263469696044922,127.5408821105957,1.0,-120.61328887939453,1.0714795589447021,-579.5872802734375,0.03076539747416973,-3.4813647270202637,-3.0,114.40655517578125,234.15866088867188,-2.801922082901001,1192.0,1192.0,0.0,0.016587008003230815,0.016587008003230815,0.0,0.00014582827966623386,0.00014582827966623386,0.0,0.0007630752058395225,0.0007630752058395225,0.0,0.0003,0.0003,0.0,-3.0,-3.0,0.0,0.0,0.32125000000000004,27.425,88.3625,5473.06,173,Hopper-v5,2854,Agente_1
796.0114915370941,149,610304,90.7369977817164,333.78372946101973,13.888166698171105,44.07,1192,0.016587008003230815,-3.0,0.99,0.00014582827966623386,0.0007630752058395225,0.0003,-130.46588134765625,0.8428999185562134,-584.3184814453125,0.02911892719566822,-3.5363669395446777,-3.0,124.44110107421875,235.64315795898438,2.098843812942505,1.7753067016601562,99.45152282714844,1.0,-130.46588134765625,0.8428999185562134,-584.3184814453125,0.02911892719566822,-3.5363669395446777,-3.0,124.44110107421875,235.64315795898438,2.098843812942505,1192.0,1192.0,0.0,0.016587008003230815,0.016587008003230815,0.0,0.00014582827966623386,0.00014582827966623386,0.0,0.0007630752058395225,0.0007630752058395225,0.0,0.0003,0.0003,0.0,-3.0,-3.0,0.0,0.0,0.22,27.457142857142856,88.22857142857143,5470.8,174,Hopper-v5,2854,Agente_1
801.275098323822,150,614400,155.43635807300367,333.78372946101973,14.06064289412318,70.67,1192,0.016587008003230815,-3.0,0.99,0.00014582827966623386,0.0007630752058395225,0.0003,-135.49472045898438,0.8439131379127502,-600.147216796875,0.027754487469792366,-3.584357738494873,-3.0,129.58399963378906,271.7688903808594,-5.77688455581665,1.6819515228271484,120.92815208435059,1.0,-135.49472045898438,0.8439131379127502,-600.147216796875,0.027754487469792366,-3.584357738494873,-3.0,129.58399963378906,271.7688903808594,-5.77688455581665,1192.0,1192.0,0.0,0.016587008003230815,0.016587008003230815,0.0,0.00014582827966623386,0.00014582827966623386,0.0,0.0007630752058395225,0.0007630752058395225,0.0,0.0003,0.0003,0.0,-3.0,-3.0,0.0,0.0,0.2671428571428572,27.771428571428572,88.21428571428571,5450.194,175,Hopper-v5,2854,Agente_1
806.7024381160736,151,618496,239.72246597908648,333.78372946101973,18.578958121867004,106.09,1192,0.016587008003230815,-3.0,0.99,0.00014582827966623386,0.0007630752058395225,0.0003,-141.45040893554688,1.0234594345092773,-608.11279296875,0.026573793962597847,-3.6278297901153564,-3.0,135.03573608398438,259.2436828613281,-10.170954704284668,2.017139434814453,124.82467842102051,1.0,-141.45040893554688,1.0234594345092773,-608.11279296875,0.026573793962597847,-3.6278297901153564,-3.0,135.03573608398438,259.2436828613281,-10.170954704284668,1192.0,1192.0,0.0,0.016587008003230815,0.016587008003230815,0.0,0.00014582827966623386,0.00014582827966623386,0.0,0.0007630752058395225,0.0007630752058395225,0.0,0.0003,0.0003,0.0,-3.0,-3.0,0.0,0.0,0.28125,27.05,88.2625,5424.778,176,Hopper-v5,2854,Agente_1
811.9237735271454,152,622592,283.11105193742003,326.6159492783298,226.4975712407101,126.47,1192,0.016587008003230815,-3.0,0.99,0.00014582827966623386,0.0007630752058395225,0.0003,-150.3973388671875,0.9824760556221008,-607.7948608398438,0.025522733107209206,-3.6681857109069824,-3.0,144.1189727783203,275.91070556640625,26.684083938598633,1.8240184783935547,120.82770919799805,1.0,-150.3973388671875,0.9824760556221008,-607.7948608398438,0.025522733107209206,-3.6681857109069824,-3.0,144.1189727783203,275.91070556640625,26.684083938598633,1192.0,1192.0,0.0,0.016587008003230815,0.016587008003230815,0.0,0.00014582827966623386,0.00014582827966623386,0.0,0.0007630752058395225,0.0007630752058395225,0.0,0.0003,0.0003,0.0,-3.0,-3.0,0.0,0.0,0.2185714285714286,27.557142857142857,88.21428571428571,5376.55,177,Hopper-v5,2854,Agente_1
817.2538118362427,153,626688,273.25416300938804,316.1327845520513,246.56646907970844,123.62,1192,0.016587008003230815,-3.0,0.99,0.00014582827966623386,0.0007630752058395225,0.0003,-162.131103515625,0.7614911794662476,-634.3424072265625,0.02457270398736,-3.7061190605163574,-3.0,156.93251037597656,272.68634033203125,8.597220420837402,1.7565193176269531,106.8239974975586,1.0,-162.131103515625,0.7614911794662476,-634.3424072265625,0.02457270398736,-3.7061190605163574,-3.0,156.93251037597656,272.68634033203125,8.597220420837402,1192.0,1192.0,0.0,0.016587008003230815,0.016587008003230815,0.0,0.00014582827966623386,0.00014582827966623386,0.0,0.0007630752058395225,0.0007630752058395225,0.0,0.0003,0.0003,0.0,-3.0,-3.0,0.0,0.0,0.2542857142857143,28.314285714285713,88.22857142857141,5365.28,178,Hopper-v5,2854,Agente_1
822.430285692215,154,630784,261.8762253834324,293.2414680672615,236.49508123537368,120.18,1192,0.016587008003230815,-3.0,0.99,0.00014582827966623386,0.0007630752058395225,0.0003,-160.50279235839844,1.4239633083343506,-631.1624755859375,0.023703673854470253,-3.7421252727508545,-3.0,154.0870819091797,259.5517578125,-6.55687141418457,2.3438339233398438,132.7697868347168,1.0,-160.50279235839844,1.4239633083343506,-631.1624755859375,0.023703673854470253,-3.7421252727508545,-3.0,154.0870819091797,259.5517578125,-6.55687141418457,1192.0,1192.0,0.0,0.016587008003230815,0.016587008003230815,0.0,0.00014582827966623386,0.00014582827966623386,0.0,0.0007630752058395225,0.0007630752058395225,0.0,0.0003,0.0003,0.0,-3.0,-3.0,0.0,0.0,0.21555555555555558,25.244444444444447,88.16666666666667,5321.552,179,Hopper-v5,2854,Agente_1
827.739670753479,155,634880,250.40830938748383,276.70232322952097,218.51827107717807,116.33,1192,0.016587008003230815,-3.0,0.99,0.00014582827966623386,0.0007630752058395225,0.0003,-164.523681640625,0.926443874835968,-639.81298828125,0.022902924567461014,-3.7764906883239746,-3.0,158.7979736328125,277.6053466796875,-2.8080708980560303,1.8185310363769531,111.92765045166016,1.0,-164.523681640625,0.926443874835968,-639.81298828125,0.022902924567461014,-3.7764906883239746,-3.0,158.7979736328125,277.6053466796875,-2.8080708980560303,1192.0,1192.0,0.0,0.016587008003230815,0.016587008003230815,0.0,0.00014582827966623386,0.00014582827966623386,0.0,0.0007630752058395225,0.0007630752058395225,0.0,0.0003,0.0003,0.0,-3.0,-3.0,0.0,0.0,0.26285714285714284,27.7,88.22857142857141,5327.786,180,Hopper-v5,2854,Agente_1
833.0782885551453,156,638976,239.35252267314974,267.4091571562776,202.3187459981876,112.93,1192,0.016587008003230815,-3.0,0.99,0.00014582827966623386,0.0007630752058395225,0.0003,-170.53155517578125,1.09458589553833,-656.5316162109375,0.02215544879436493,-3.8096718788146973,-3.0,164.96115112304688,277.55120849609375,19.65411376953125,2.1373367309570312,132.71318435668945,1.0,-170.53155517578125,1.09458589553833,-656.5316162109375,0.02215544879436493,-3.8096718788146973,-3.0,164.96115112304688,277.55120849609375,19.65411376953125,1192.0,1192.0,0.0,0.016587008003230815,0.016587008003230815,0.0,0.00014582827966623386,0.00014582827966623386,0.0,0.0007630752058395225,0.0007630752058395225,0.0,0.0003,0.0003,0.0,-3.0,-3.0,0.0,0.0,0.29857142857142854,28.02857142857143,88.3142857142857,5319.218,181,Hopper-v5,2854,Agente_1
838.5801632404327,157,643072,231.86453578671518,256.66991114790164,202.3187459981876,110.05,1192,0.016587008003230815,-3.0,0.99,0.00014582827966623386,0.0007630752058395225,0.0003,-175.20501708984375,0.9303483963012695,-659.1498413085938,0.021451793611049652,-3.841947078704834,-3.0,168.86383056640625,301.12835693359375,8.385444641113281,2.2166061401367188,106.91265487670898,1.0,-175.20501708984375,0.9303483963012695,-659.1498413085938,0.021451793611049652,-3.841947078704834,-3.0,168.86383056640625,301.12835693359375,8.385444641113281,1192.0,1192.0,0.0,0.016587008003230815,0.016587008003230815,0.0,0.00014582827966623386,0.00014582827966623386,0.0,0.0007630752058395225,0.0007630752058395225,0.0,0.0003,0.0003,0.0,-3.0,-3.0,0.0,0.0,0.21222222222222223,26.40370370370371,89.31481481481484,5328.501,182,Hopper-v5,2854,Agente_1
843.9365873336792,158,647168,231.68354181506777,266.00609140811235,202.3187459981876,109.31,1192,0.016587008003230815,-3.0,0.99,0.00014582827966623386,0.0007630752058395225,0.0003,-183.31192016601562,1.2260463237762451,-692.1761474609375,0.020780446007847786,-3.8737428188323975,-3.0,178.0772247314453,302.4110412597656,24.0667667388916,2.293926239013672,136.1483383178711,1.0,-183.31192016601562,1.2260463237762451,-692.1761474609375,0.020780446007847786,-3.8737428188323975,-3.0,178.0772247314453,302.4110412597656,24.0667667388916,1192.0,1192.0,0.0,0.016587008003230815,0.016587008003230815,0.0,0.00014582827966623386,0.00014582827966623386,0.0,0.0007630752058395225,0.0007630752058395225,0.0,0.0003,0.0003,0.0,-3.0,-3.0,0.0,0.0,0.24500000000000002,26.8,88.64999999999999,5306.426,183,Hopper-v5,2854,Agente_1
849.5186908245087,159,651264,240.8579608964566,276.9014496283651,208.73050784604487,111.09,1192,0.016587008003230815,-3.0,0.99,0.00014582827966623386,0.0007630752058395225,0.0003,-185.96835327148438,0.8560707569122314,-721.27685546875,0.020129606127738953,-3.9055635929107666,-3.0,181.87591552734375,299.1806335449219,-12.147555351257324,2.331361770629883,87.70014572143555,1.0,-185.96835327148438,0.8560707569122314,-721.27685546875,0.020129606127738953,-3.9055635929107666,-3.0,181.87591552734375,299.1806335449219,-12.147555351257324,1192.0,1192.0,0.0,0.016587008003230815,0.016587008003230815,0.0,0.00014582827966623386,0.00014582827966623386,0.0,0.0007630752058395225,0.0007630752058395225,0.0,0.0003,0.0003,0.0,-3.0,-3.0,0.0,0.0,0.2275,27.462500000000002,88.5375,5338.729,184,Hopper-v5,2854,Agente_1
854.8025784492493,160,655360,248.32909958454576,289.4829573779924,186.09192835119384,112.09,1192,0.016587008003230815,-3.0,0.99,0.00014582827966623386,0.0007630752058395225,0.0003,-191.30413818359375,1.2282792329788208,-758.6820678710938,0.01949521340429783,-3.9375863075256348,-3.0,187.0908966064453,317.1302795410156,38.214595794677734,2.7163047790527344,143.20892333984375,1.0,-191.30413818359375,1.2282792329788208,-758.6820678710938,0.01949521340429783,-3.9375863075256348,-3.0,187.0908966064453,317.1302795410156,38.214595794677734,1192.0,1192.0,0.0,0.016587008003230815,0.016587008003230815,0.0,0.00014582827966623386,0.00014582827966623386,0.0,0.0007630752058395225,0.0007630752058395225,0.0,0.0003,0.0003,0.0,-3.0,-3.0,0.0,0.0,0.22714285714285715,27.17142857142857,88.52857142857144,5340.647,185,Hopper-v5,2854,Agente_1
860.1048903465271,161,659456,264.79426559016997,319.28028355700206,186.09192835119384,115.3,1192,0.016587008003230815,-3.0,0.99,0.00014582827966623386,0.0007630752058395225,0.0003,-193.1182098388672,0.8448118567466736,-763.8563842773438,0.018887944519519806,-3.969231367111206,-3.0,187.65066528320312,290.3438720703125,19.116180419921875,2.319011688232422,81.9404296875,1.0,-193.1182098388672,0.8448118567466736,-763.8563842773438,0.018887944519519806,-3.969231367111206,-3.0,187.65066528320312,290.3438720703125,19.116180419921875,1192.0,1192.0,0.0,0.016587008003230815,0.016587008003230815,0.0,0.00014582827966623386,0.00014582827966623386,0.0,0.0007630752058395225,0.0007630752058395225,0.0,0.0003,0.0003,0.0,-3.0,-3.0,0.0,0.0,0.2257142857142857,26.428571428571427,89.2857142857143,5328.564,186,Hopper-v5,2854,Agente_1
865.3273932933807,162,663552,264.81472988968045,338.11375478273584,186.09192835119384,114.93,1192,0.016587008003230815,-3.0,0.99,0.00014582827966623386,0.0007630752058395225,0.0003,-196.77108764648438,0.9462534189224243,-751.1770629882812,0.01831214688718319,-4.000190734863281,-3.0,192.28675842285156,305.1426696777344,-30.423898696899414,2.3505516052246094,90.56180763244629,1.0,-196.77108764648438,0.9462534189224243,-751.1770629882812,0.01831214688718319,-4.000190734863281,-3.0,192.28675842285156,305.1426696777344,-30.423898696899414,1192.0,1192.0,0.0,0.016587008003230815,0.016587008003230815,0.0,0.00014582827966623386,0.00014582827966623386,0.0,0.0007630752058395225,0.0007630752058395225,0.0,0.0003,0.0003,0.0,-3.0,-3.0,0.0,0.0,0.18857142857142858,25.74285714285714,89.98571428571428,5328.48,187,Hopper-v5,2854,Agente_1
870.4596364498138,163,667648,258.9199283331682,338.11375478273584,188.77255905393085,112.97,1192,0.016587008003230815,-3.0,0.99,0.00014582827966623386,0.0007630752058395225,0.0003,-195.08773803710938,0.998187780380249,-801.0363159179688,0.017757078632712364,-4.030971050262451,-3.0,190.64923095703125,325.3350524902344,-59.18769454956055,2.6864967346191406,84.25429725646973,1.0,-195.08773803710938,0.998187780380249,-801.0363159179688,0.017757078632712364,-4.030971050262451,-3.0,190.64923095703125,325.3350524902344,-59.18769454956055,1192.0,1192.0,0.0,0.016587008003230815,0.016587008003230815,0.0,0.00014582827966623386,0.00014582827966623386,0.0,0.0007630752058395225,0.0007630752058395225,0.0,0.0003,0.0003,0.0,-3.0,-3.0,0.0,0.0,0.19428571428571426,24.528571428571432,90.05714285714285,5308.667,188,Hopper-v5,2854,Agente_1
875.7763342857361,164,671744,246.7413399565577,338.11375478273584,177.99598893825916,109.59,1192,0.016587008003230815,-3.0,0.99,0.00014582827966623386,0.0007630752058395225,0.0003,-197.44419860839844,0.9897249937057495,-836.4290161132812,0.017213016748428345,-4.062089443206787,-3.0,193.41473388671875,329.99407958984375,-23.940563201904297,2.5107383728027344,75.26486206054688,1.0,-197.44419860839844,0.9897249937057495,-836.4290161132812,0.017213016748428345,-4.062089443206787,-3.0,193.41473388671875,329.99407958984375,-23.940563201904297,1192.0,1192.0,0.0,0.016587008003230815,0.016587008003230815,0.0,0.00014582827966623386,0.00014582827966623386,0.0,0.0007630752058395225,0.0007630752058395225,0.0,0.0003,0.0003,0.0,-3.0,-3.0,0.0,0.0,0.24875,26.4375,88.88749999999999,5323.164,189,Hopper-v5,2854,Agente_1
881.1836595535278,165,675840,257.2813024984809,312.79963394393013,177.99598893825916,112.09,1192,0.016587008003230815,-3.0,0.99,0.00014582827966623386,0.0007630752058395225,0.0003,-208.71998596191406,0.9711388945579529,-835.2608642578125,0.01668534427881241,-4.09322452545166,-3.0,204.70191955566406,355.06304931640625,-16.089397430419922,3.0395584106445312,105.34313201904297,1.0,-208.71998596191406,0.9711388945579529,-835.2608642578125,0.01668534427881241,-4.09322452545166,-3.0,204.70191955566406,355.06304931640625,-16.089397430419922,1192.0,1192.0,0.0,0.016587008003230815,0.016587008003230815,0.0,0.00014582827966623386,0.00014582827966623386,0.0,0.0007630752058395225,0.0007630752058395225,0.0,0.0003,0.0003,0.0,-3.0,-3.0,0.0,0.0,0.2842857142857143,27.72857142857143,88.38571428571429,5332.981,190,Hopper-v5,2854,Agente_1
886.5992262363434,166,679936,276.3464624100978,316.77637903753686,177.99598893825916,117.17,1192,0.016587008003230815,-3.0,0.99,0.00014582827966623386,0.0007630752058395225,0.0003,-203.74778747558594,1.2451376914978027,-903.344482421875,0.016177726909518242,-4.124119758605957,-3.0,200.02737426757812,360.0452880859375,-45.46322250366211,2.8783035278320312,140.10120010375977,1.0,-203.74778747558594,1.2451376914978027,-903.344482421875,0.016177726909518242,-4.124119758605957,-3.0,200.02737426757812,360.0452880859375,-45.46322250366211,1192.0,1192.0,0.0,0.016587008003230815,0.016587008003230815,0.0,0.00014582827966623386,0.00014582827966623386,0.0,0.0007630752058395225,0.0007630752058395225,0.0,0.0003,0.0003,0.0,-3.0,-3.0,0.0,0.0,0.23625000000000002,27.725,88.3875,5340.682,191,Hopper-v5,2854,Agente_1
891.9711973667145,167,684032,288.72007265631424,316.77637903753686,197.76391589825514,120.78,1192,0.016587008003230815,-3.0,0.99,0.00014582827966623386,0.0007630752058395225,0.0003,-210.61517333984375,1.2055081129074097,-914.3502197265625,0.015686484053730965,-4.154955863952637,-3.0,206.7684783935547,368.253662109375,-19.50200843811035,3.2391319274902344,142.27416610717773,1.0,-210.61517333984375,1.2055081129074097,-914.3502197265625,0.015686484053730965,-4.154955863952637,-3.0,206.7684783935547,368.253662109375,-19.50200843811035,1192.0,1192.0,0.0,0.016587008003230815,0.016587008003230815,0.0,0.00014582827966623386,0.00014582827966623386,0.0,0.0007630752058395225,0.0007630752058395225,0.0,0.0003,0.0003,0.0,-3.0,-3.0,0.0,0.0,0.26125,27.549999999999997,88.45,5327.842,192,Hopper-v5,2854,Agente_1
897.3417496681213,168,688128,284.4331673035604,316.77637903753686,203.2452487429968,120.44,1192,0.016587008003230815,-3.0,0.99,0.00014582827966623386,0.0007630752058395225,0.0003,-218.82557678222656,1.2970435619354248,-934.1738891601562,0.015219594351947308,-4.185171604156494,-3.0,215.237060546875,379.5664367675781,50.70275115966797,2.624521255493164,141.73181915283203,1.0,-218.82557678222656,1.2970435619354248,-934.1738891601562,0.015219594351947308,-4.185171604156494,-3.0,215.237060546875,379.5664367675781,50.70275115966797,1192.0,1192.0,0.0,0.016587008003230815,0.016587008003230815,0.0,0.00014582827966623386,0.00014582827966623386,0.0,0.0007630752058395225,0.0007630752058395225,0.0,0.0003,0.0003,0.0,-3.0,-3.0,0.0,0.0,0.19571428571428573,26.9,83.08571428571429,5329.214,193,Hopper-v5,2854,Agente_1
902.7831864356995,169,692224,279.14468489398547,303.15250242260987,200.76951069464448,119.97,1192,0.016587008003230815,-3.0,0.99,0.00014582827966623386,0.0007630752058395225,0.0003,-210.75286865234375,1.4895282983779907,-931.024658203125,0.014777250587940216,-4.214666366577148,-3.0,206.11761474609375,371.5715026855469,-31.427270889282227,2.998931646347046,183.7969970703125,1.0,-210.75286865234375,1.4895282983779907,-931.024658203125,0.014777250587940216,-4.214666366577148,-3.0,206.11761474609375,371.5715026855469,-31.427270889282227,1192.0,1192.0,0.0,0.016587008003230815,0.016587008003230815,0.0,0.00014582827966623386,0.00014582827966623386,0.0,0.0007630752058395225,0.0007630752058395225,0.0,0.0003,0.0003,0.0,-3.0,-3.0,0.0,0.0,0.14625,29.15,77.23750000000001,5315.236,194,Hopper-v5,2854,Agente_1
908.0102436542511,170,696320,281.62182791105147,308.3968721451253,200.76951069464448,121.6,1192,0.016587008003230815,-3.0,0.99,0.00014582827966623386,0.0007630752058395225,0.0003,-214.38136291503906,1.1043684482574463,-931.415771484375,0.01435315702110529,-4.243785381317139,-3.0,210.91387939453125,331.9029541015625,-63.93054962158203,2.579559326171875,100.98337173461914,1.0,-214.38136291503906,1.1043684482574463,-931.415771484375,0.01435315702110529,-4.243785381317139,-3.0,210.91387939453125,331.9029541015625,-63.93054962158203,1192.0,1192.0,0.0,0.016587008003230815,0.016587008003230815,0.0,0.00014582827966623386,0.00014582827966623386,0.0,0.0007630752058395225,0.0007630752058395225,0.0,0.0003,0.0003,0.0,-3.0,-3.0,0.0,0.0,0.11960000000000001,25.035999999999998,84.324,5309.701,195,Hopper-v5,2854,Agente_1
913.2585384845734,171,700416,278.0677924582872,308.3968721451253,200.76951069464448,121.45,1192,0.016587008003230815,-3.0,0.99,0.00014582827966623386,0.0007630752058395225,0.0003,-224.8011474609375,1.3152581453323364,-927.34619140625,0.013950006105005741,-4.272275447845459,-3.0,219.89378356933594,382.4295349121094,-2.8075056076049805,3.3099746704101562,154.27502059936523,1.0,-224.8011474609375,1.3152581453323364,-927.34619140625,0.013950006105005741,-4.272275447845459,-3.0,219.89378356933594,382.4295349121094,-2.8075056076049805,1192.0,1192.0,0.0,0.016587008003230815,0.016587008003230815,0.0,0.00014582827966623386,0.00014582827966623386,0.0,0.0007630752058395225,0.0007630752058395225,0.0,0.0003,0.0003,0.0,-3.0,-3.0,0.0,0.0,0.1942857142857143,23.057142857142853,86.97142857142856,5304.159,196,Hopper-v5,2854,Agente_1
918.4574797153473,172,704512,275.04138700513477,308.3968721451253,230.0234345309174,121.67,1192,0.016587008003230815,-3.0,0.99,0.00014582827966623386,0.0007630752058395225,0.0003,-225.68170166015625,1.5156209468841553,-921.2294311523438,0.013563944026827812,-4.300340175628662,-3.0,221.41934204101562,374.51629638671875,-9.347162246704102,2.9438400268554688,167.16754150390625,1.0,-225.68170166015625,1.5156209468841553,-921.2294311523438,0.013563944026827812,-4.300340175628662,-3.0,221.41934204101562,374.51629638671875,-9.347162246704102,1192.0,1192.0,0.0,0.016587008003230815,0.016587008003230815,0.0,0.00014582827966623386,0.00014582827966623386,0.0,0.0007630752058395225,0.0007630752058395225,0.0,0.0003,0.0003,0.0,-3.0,-3.0,0.0,0.0,0.24285714285714288,27.157142857142862,87.85714285714285,5301.903,197,Hopper-v5,2854,Agente_1
923.7294816970825,173,708608,268.81252705634654,289.5986114086874,246.50011934492264,120.7,1192,0.016587008003230815,-3.0,0.99,0.00014582827966623386,0.0007630752058395225,0.0003,-224.92611694335938,0.8354026675224304,-998.8013305664062,0.013189844787120819,-4.32830810546875,-3.0,221.57028198242188,395.2065734863281,-26.131845474243164,2.6904640197753906,33.06807041168213,1.0,-224.92611694335938,0.8354026675224304,-998.8013305664062,0.013189844787120819,-4.32830810546875,-3.0,221.57028198242188,395.2065734863281,-26.131845474243164,1192.0,1192.0,0.0,0.016587008003230815,0.016587008003230815,0.0,0.00014582827966623386,0.00014582827966623386,0.0,0.0007630752058395225,0.0007630752058395225,0.0,0.0003,0.0003,0.0,-3.0,-3.0,0.0,0.0,0.29000000000000004,26.528571428571432,87.75714285714285,5315.582,198,Hopper-v5,2854,Agente_1
928.934042930603,174,712704,266.9995322389368,289.41225660932946,246.50011934492264,120.87,1192,0.016587008003230815,-3.0,0.99,0.00014582827966623386,0.0007630752058395225,0.0003,-222.61459350585938,1.2239539623260498,-982.791015625,0.012828510254621506,-4.356085300445557,-3.0,216.8489227294922,383.66143798828125,-25.85310173034668,2.98602294921875,97.2980899810791,1.0,-222.61459350585938,1.2239539623260498,-982.791015625,0.012828510254621506,-4.356085300445557,-3.0,216.8489227294922,383.66143798828125,-25.85310173034668,1192.0,1192.0,0.0,0.016587008003230815,0.016587008003230815,0.0,0.00014582827966623386,0.00014582827966623386,0.0,0.0007630752058395225,0.0007630752058395225,0.0,0.0003,0.0003,0.0,-3.0,-3.0,0.0,0.0,0.20625,23.787499999999998,88.1875,5304.207,199,Hopper-v5,2854,Agente_1
934.1572542190552,175,716800,267.9069260010422,298.6337672390746,247.5406433979066,121.31,1192,0.016587008003230815,-3.0,0.99,0.00014582827966623386,0.0007630752058395225,0.0003,-226.36419677734375,1.0529043674468994,-983.9383544921875,0.012480059638619423,-4.383623123168945,-3.0,221.291015625,404.6684875488281,-52.20490264892578,2.7471656799316406,45.82597064971924,1.0,-226.36419677734375,1.0529043674468994,-983.9383544921875,0.012480059638619423,-4.383623123168945,-3.0,221.291015625,404.6684875488281,-52.20490264892578,1192.0,1192.0,0.0,0.016587008003230815,0.016587008003230815,0.0,0.00014582827966623386,0.00014582827966623386,0.0,0.0007630752058395225,0.0007630752058395225,0.0,0.0003,0.0003,0.0,-3.0,-3.0,0.0,0.0,0.22125,26.1,88.8375,5285.671,200,Hopper-v5,2854,Agente_1
939.4389090538025,176,720896,270.9247510145969,298.93414801565416,247.11839778395148,122.3,1192,0.016587008003230815,-3.0,0.99,0.00014582827966623386,0.0007630752058395225,0.0003,-223.85916137695312,1.3295735120773315,-979.0902099609375,0.012144017033278942,-4.410918712615967,-3.0,220.92681884765625,383.81903076171875,-40.184635162353516,2.6203880310058594,140.57949447631836,1.0,-223.85916137695312,1.3295735120773315,-979.0902099609375,0.012144017033278942,-4.410918712615967,-3.0,220.92681884765625,383.81903076171875,-40.184635162353516,1192.0,1192.0,0.0,0.016587008003230815,0.016587008003230815,0.0,0.00014582827966623386,0.00014582827966623386,0.0,0.0007630752058395225,0.0007630752058395225,0.0,0.0003,0.0003,0.0,-3.0,-3.0,0.0,0.0,0.17285714285714285,25.685714285714287,89.25714285714287,5272.304,201,Hopper-v5,2854,Agente_1
944.5935370922089,177,724992,274.91445855533857,298.93414801565416,247.11839778395148,123.07,1192,0.016587008003230815,-3.0,0.99,0.00014582827966623386,0.0007630752058395225,0.0003,-226.6734619140625,1.407766342163086,-997.20458984375,0.011818897910416126,-4.438055515289307,-3.0,221.7764129638672,397.6063232421875,-54.95707321166992,2.5169410705566406,144.97856521606445,1.0,-226.6734619140625,1.407766342163086,-997.20458984375,0.011818897910416126,-4.438055515289307,-3.0,221.7764129638672,397.6063232421875,-54.95707321166992,1192.0,1192.0,0.0,0.016587008003230815,0.016587008003230815,0.0,0.00014582827966623386,0.00014582827966623386,0.0,0.0007630752058395225,0.0007630752058395225,0.0,0.0003,0.0003,0.0,-3.0,-3.0,0.0,0.0,0.2314285714285714,25.32857142857143,88.65714285714286,5250.622,202,Hopper-v5,2854,Agente_1
949.9301455020905,178,729088,275.94196725044196,298.93414801565416,238.41960554047432,123.21,1192,0.016587008003230815,-3.0,0.99,0.00014582827966623386,0.0007630752058395225,0.0003,-229.68588256835938,1.4865961074829102,-1003.4097900390625,0.011504299938678741,-4.465034484863281,-3.0,225.2723388671875,378.0005798339844,-6.854251384735107,2.9722824096679688,155.02666473388672,1.0,-229.68588256835938,1.4865961074829102,-1003.4097900390625,0.011504299938678741,-4.465034484863281,-3.0,225.2723388671875,378.0005798339844,-6.854251384735107,1192.0,1192.0,0.0,0.016587008003230815,0.016587008003230815,0.0,0.00014582827966623386,0.00014582827966623386,0.0,0.0007630752058395225,0.0007630752058395225,0.0,0.0003,0.0003,0.0,-3.0,-3.0,0.0,0.0,0.2642857142857143,27.900000000000002,87.37142857142858,5247.438,203,Hopper-v5,2854,Agente_1
955.4025042057037,179,733184,272.9788978457923,295.84072612778294,214.02751943288962,122.37,1192,0.016587008003230815,-3.0,0.99,0.00014582827966623386,0.0007630752058395225,0.0003,-224.6398162841797,1.321006178855896,-1014.6619873046875,0.011198929511010647,-4.491937160491943,-3.0,221.28355407714844,387.0400695800781,-29.983951568603516,2.7059097290039062,119.6976432800293,1.0,-224.6398162841797,1.321006178855896,-1014.6619873046875,0.011198929511010647,-4.491937160491943,-3.0,221.28355407714844,387.0400695800781,-29.983951568603516,1192.0,1192.0,0.0,0.016587008003230815,0.016587008003230815,0.0,0.00014582827966623386,0.00014582827966623386,0.0,0.0007630752058395225,0.0007630752058395225,0.0,0.0003,0.0003,0.0,-3.0,-3.0,0.0,0.0,0.29500000000000004,27.95,87.35,5250.585,204,Hopper-v5,2854,Agente_1
960.9494814872742,180,737280,254.22884267437476,295.84072612778294,192.45417231512312,116.89,1192,0.016587008003230815,-3.0,0.99,0.00014582827966623386,0.0007630752058395225,0.0003,-224.131591796875,1.1026208400726318,-1068.3609619140625,0.010901372879743576,-4.518866539001465,-3.0,221.01226806640625,395.8255615234375,-31.50322723388672,3.413158416748047,64.24087715148926,1.0,-224.131591796875,1.1026208400726318,-1068.3609619140625,0.010901372879743576,-4.518866539001465,-3.0,221.01226806640625,395.8255615234375,-31.50322723388672,1192.0,1192.0,0.0,0.016587008003230815,0.016587008003230815,0.0,0.00014582827966623386,0.00014582827966623386,0.0,0.0007630752058395225,0.0007630752058395225,0.0,0.0003,0.0003,0.0,-3.0,-3.0,0.0,0.0,0.26249999999999996,26.3125,87.375,5282.78,205,Hopper-v5,2854,Agente_1
966.3639705181122,181,741376,237.06322421068634,295.84072612778294,192.45417231512312,111.82,1192,0.016587008003230815,-3.0,0.99,0.00014582827966623386,0.0007630752058395225,0.0003,-229.72938537597656,1.1129326820373535,-1075.6083984375,0.010611288249492645,-4.545836925506592,-3.0,226.56362915039062,388.3485412597656,-25.013227462768555,2.6795806884765625,87.70296859741211,1.0,-229.72938537597656,1.1129326820373535,-1075.6083984375,0.010611288249492645,-4.545836925506592,-3.0,226.56362915039062,388.3485412597656,-25.013227462768555,1192.0,1192.0,0.0,0.016587008003230815,0.016587008003230815,0.0,0.00014582827966623386,0.00014582827966623386,0.0,0.0007630752058395225,0.0007630752058395225,0.0,0.0003,0.0003,0.0,-3.0,-3.0,0.0,0.0,0.22375,27.85,87.38749999999999,5299.488,206,Hopper-v5,2854,Agente_1
971.7684466838837,182,745472,228.54738204832344,281.37642874350513,192.45417231512312,109.17,1192,0.016587008003230815,-3.0,0.99,0.00014582827966623386,0.0007630752058395225,0.0003,-229.08323669433594,1.2309519052505493,-1060.4222412109375,0.010330562479794025,-4.572648525238037,-3.0,224.81277465820312,377.9839172363281,-24.12881088256836,2.984344482421875,116.09832572937012,1.0,-229.08323669433594,1.2309519052505493,-1060.4222412109375,0.010330562479794025,-4.572648525238037,-3.0,224.81277465820312,377.9839172363281,-24.12881088256836,1192.0,1192.0,0.0,0.016587008003230815,0.016587008003230815,0.0,0.00014582827966623386,0.00014582827966623386,0.0,0.0007630752058395225,0.0007630752058395225,0.0,0.0003,0.0003,0.0,-3.0,-3.0,0.0,0.0,0.27285714285714285,27.3,87.28571428571429,5319.743,207,Hopper-v5,2854,Agente_1
977.1060285568237,183,749568,227.94645008298917,281.37642874350513,193.1719634944508,109.16,1192,0.016587008003230815,-3.0,0.99,0.00014582827966623386,0.0007630752058395225,0.0003,-228.2972412109375,1.1314563751220703,-1066.798583984375,0.010060957632958889,-4.599092960357666,-3.0,224.73233032226562,372.1754150390625,-25.331459045410156,3.162616729736328,47.211191177368164,1.0,-228.2972412109375,1.1314563751220703,-1066.798583984375,0.010060957632958889,-4.599092960357666,-3.0,224.73233032226562,372.1754150390625,-25.331459045410156,1192.0,1192.0,0.0,0.016587008003230815,0.016587008003230815,0.0,0.00014582827966623386,0.00014582827966623386,0.0,0.0007630752058395225,0.0007630752058395225,0.0,0.0003,0.0003,0.0,-3.0,-3.0,0.0,0.0,0.28625,27.1625,87.3,5326.618,208,Hopper-v5,2854,Agente_1
982.7538018226624,184,753664,240.25929607974842,323.2539454478291,200.50130651391325,112.02,1192,0.016587008003230815,-3.0,0.99,0.00014582827966623386,0.0007630752058395225,0.0003,-231.31329345703125,0.9282076954841614,-1054.6943359375,0.009800145402550697,-4.6253581047058105,-3.0,228.71823120117188,382.5733337402344,-23.216339111328125,2.902111053466797,56.45064926147461,1.0,-231.31329345703125,0.9282076954841614,-1054.6943359375,0.009800145402550697,-4.6253581047058105,-3.0,228.71823120117188,382.5733337402344,-23.216339111328125,1192.0,1192.0,0.0,0.016587008003230815,0.016587008003230815,0.0,0.00014582827966623386,0.00014582827966623386,0.0,0.0007630752058395225,0.0007630752058395225,0.0,0.0003,0.0003,0.0,-3.0,-3.0,0.0,0.0,0.2571428571428572,27.971428571428568,87.34285714285714,5370.918,209,Hopper-v5,2854,Agente_1
988.6393375396729,185,757760,246.9874425949624,323.2539454478291,203.6796906218015,114.38,1192,0.016587008003230815,-3.0,0.99,0.00014582827966623386,0.0007630752058395225,0.0003,-229.07192993164062,1.0750601291656494,-1065.6168212890625,0.00954993162304163,-4.65122127532959,-3.0,224.66766357421875,376.1071472167969,-28.398088455200195,3.1331100463867188,67.83290672302246,1.0,-229.07192993164062,1.0750601291656494,-1065.6168212890625,0.00954993162304163,-4.65122127532959,-3.0,224.66766357421875,376.1071472167969,-28.398088455200195,1192.0,1192.0,0.0,0.016587008003230815,0.016587008003230815,0.0,0.00014582827966623386,0.00014582827966623386,0.0,0.0007630752058395225,0.0007630752058395225,0.0,0.0003,0.0003,0.0,-3.0,-3.0,0.0,0.0,0.16,31.724999999999998,76.2125,5437.171,210,Hopper-v5,2854,Agente_1
994.196836233139,186,761856,259.25774644524114,323.2539454478291,213.6301123209688,117.77,1192,0.016587008003230815,-3.0,0.99,0.00014582827966623386,0.0007630752058395225,0.0003,-233.99908447265625,0.81376051902771,-1117.054931640625,0.009308308362960815,-4.6768479347229,-3.0,230.41049194335938,375.1677551269531,-5.211272239685059,2.5081443786621094,32.8819637298584,1.0,-233.99908447265625,0.81376051902771,-1117.054931640625,0.009308308362960815,-4.6768479347229,-3.0,230.41049194335938,375.1677551269531,-5.211272239685059,1192.0,1192.0,0.0,0.016587008003230815,0.016587008003230815,0.0,0.00014582827966623386,0.00014582827966623386,0.0,0.0007630752058395225,0.0007630752058395225,0.0,0.0003,0.0003,0.0,-3.0,-3.0,0.0,0.0,0.17625000000000002,25.4625,80.25,5464.682,211,Hopper-v5,2854,Agente_1
999.714968919754,187,765952,264.4438140204122,329.12899789558384,213.6301123209688,119.37,1192,0.016587008003230815,-3.0,0.99,0.00014582827966623386,0.0007630752058395225,0.0003,-232.0846710205078,0.9856806397438049,-1097.3897705078125,0.00907425582408905,-4.7023138999938965,-3.0,227.5920867919922,358.1518859863281,-38.50526428222656,2.6206283569335938,58.29342079162598,1.0,-232.0846710205078,0.9856806397438049,-1097.3897705078125,0.00907425582408905,-4.7023138999938965,-3.0,227.5920867919922,358.1518859863281,-38.50526428222656,1192.0,1192.0,0.0,0.016587008003230815,0.016587008003230815,0.0,0.00014582827966623386,0.00014582827966623386,0.0,0.0007630752058395225,0.0007630752058395225,0.0,0.0003,0.0003,0.0,-3.0,-3.0,0.0,0.0,0.16714285714285718,25.114285714285717,86.75714285714287,5500.695,212,Hopper-v5,2854,Agente_1
1005.2847154140472,188,770048,264.78070224548077,329.12899789558384,222.62827919808794,119.57,1192,0.016587008003230815,-3.0,0.99,0.00014582827966623386,0.0007630752058395225,0.0003,-232.45843505859375,1.1030797958374023,-1106.2996826171875,0.008846881799399853,-4.72769021987915,-3.0,229.8403778076172,369.9254455566406,-24.768150329589844,2.5978469848632812,82.26115798950195,1.0,-232.45843505859375,1.1030797958374023,-1106.2996826171875,0.008846881799399853,-4.72769021987915,-3.0,229.8403778076172,369.9254455566406,-24.768150329589844,1192.0,1192.0,0.0,0.016587008003230815,0.016587008003230815,0.0,0.00014582827966623386,0.00014582827966623386,0.0,0.0007630752058395225,0.0007630752058395225,0.0,0.0003,0.0003,0.0,-3.0,-3.0,0.0,0.0,0.28,26.9875,88.1,5523.895,213,Hopper-v5,2854,Agente_1
1010.7356016635895,189,774144,256.6475303683673,322.9317587375895,220.48631219397586,117.88,1192,0.016587008003230815,-3.0,0.99,0.00014582827966623386,0.0007630752058395225,0.0003,-224.3826904296875,1.0805546045303345,-1072.4036865234375,0.008625723421573639,-4.753006458282471,-3.0,220.78030395507812,351.8330383300781,-8.477027893066406,2.9081192016601562,71.10477066040039,1.0,-224.3826904296875,1.0805546045303345,-1072.4036865234375,0.008625723421573639,-4.753006458282471,-3.0,220.78030395507812,351.8330383300781,-8.477027893066406,1192.0,1192.0,0.0,0.016587008003230815,0.016587008003230815,0.0,0.00014582827966623386,0.00014582827966623386,0.0,0.0007630752058395225,0.0007630752058395225,0.0,0.0003,0.0003,0.0,-3.0,-3.0,0.0,0.0,0.2825,27.45,87.925,5521.347,214,Hopper-v5,2854,Agente_1
1016.3877427577972,190,778240,245.2964016900621,310.0417551530938,216.3868070978601,115.77,1192,0.016587008003230815,-3.0,0.99,0.00014582827966623386,0.0007630752058395225,0.0003,-234.05294799804688,1.1840782165527344,-1105.140869140625,0.008411698043346405,-4.77813196182251,-3.0,229.9307403564453,362.675537109375,-4.723894119262695,3.14996337890625,95.5248031616211,1.0,-234.05294799804688,1.1840782165527344,-1105.140869140625,0.008411698043346405,-4.77813196182251,-3.0,229.9307403564453,362.675537109375,-4.723894119262695,1192.0,1192.0,0.0,0.016587008003230815,0.016587008003230815,0.0,0.00014582827966623386,0.00014582827966623386,0.0,0.0007630752058395225,0.0007630752058395225,0.0,0.0003,0.0003,0.0,-3.0,-3.0,0.0,0.0,0.27125,27.887500000000003,87.85,5531.283,215,Hopper-v5,2854,Agente_1
1021.845666885376,191,782336,239.93656423455653,296.6347493055232,216.3868070978601,114.84,1192,0.016587008003230815,-3.0,0.99,0.00014582827966623386,0.0007630752058395225,0.0003,-225.5919189453125,1.3681838512420654,-1142.17333984375,0.008202462457120419,-4.80332088470459,-3.0,222.78953552246094,358.3907775878906,-45.43270492553711,2.6984596252441406,111.84599876403809,1.0,-225.5919189453125,1.3681838512420654,-1142.17333984375,0.008202462457120419,-4.80332088470459,-3.0,222.78953552246094,358.3907775878906,-45.43270492553711,1192.0,1192.0,0.0,0.016587008003230815,0.016587008003230815,0.0,0.00014582827966623386,0.00014582827966623386,0.0,0.0007630752058395225,0.0007630752058395225,0.0,0.0003,0.0003,0.0,-3.0,-3.0,0.0,0.0,0.18,25.271428571428572,88.01428571428572,5535.561,216,Hopper-v5,2854,Agente_1
1027.341305732727,192,786432,239.65108947588197,296.6347493055232,216.3868070978601,115.24,1192,0.016587008003230815,-3.0,0.99,0.00014582827966623386,0.0007630752058395225,0.0003,-222.83616638183594,1.2857557535171509,-1171.162353515625,0.0079982103779912,-4.828537464141846,-3.0,217.66622924804688,348.4544372558594,-38.24578094482422,3.158679962158203,98.37845802307129,1.0,-222.83616638183594,1.2857557535171509,-1171.162353515625,0.0079982103779912,-4.828537464141846,-3.0,217.66622924804688,348.4544372558594,-38.24578094482422,1192.0,1192.0,0.0,0.016587008003230815,0.016587008003230815,0.0,0.00014582827966623386,0.00014582827966623386,0.0,0.0007630752058395225,0.0007630752058395225,0.0,0.0003,0.0003,0.0,-3.0,-3.0,0.0,0.0,0.19374999999999998,25.5375,88.63749999999999,5545.059,217,Hopper-v5,2854,Agente_1
1032.7622673511505,193,790528,238.60895490549402,300.95581118736715,216.8502999258885,115.56,1192,0.016587008003230815,-3.0,0.99,0.00014582827966623386,0.0007630752058395225,0.0003,-218.23660278320312,0.9439772367477417,-1145.7073974609375,0.007799662183970213,-4.85367488861084,-3.0,215.18557739257812,352.5965270996094,-16.693796157836914,3.525402069091797,87.67279815673828,1.0,-218.23660278320312,0.9439772367477417,-1145.7073974609375,0.007799662183970213,-4.85367488861084,-3.0,215.18557739257812,352.5965270996094,-16.693796157836914,1192.0,1192.0,0.0,0.016587008003230815,0.016587008003230815,0.0,0.00014582827966623386,0.00014582827966623386,0.0,0.0007630752058395225,0.0007630752058395225,0.0,0.0003,0.0003,0.0,-3.0,-3.0,0.0,0.0,0.18571428571428572,25.5,89.65714285714286,5553.432,218,Hopper-v5,2854,Agente_1
1038.9822900295258,194,794624,237.1725145727699,300.95581118736715,216.8502999258885,115.66,1192,0.016587008003230815,-3.0,0.99,0.00014582827966623386,0.0007630752058395225,0.0003,-212.02976989746094,0.9194532632827759,-1172.8525390625,0.007606124971061945,-4.878801345825195,-3.0,208.727294921875,360.41363525390625,-50.26731491088867,4.001091003417969,76.55654335021973,1.0,-212.02976989746094,0.9194532632827759,-1172.8525390625,0.007606124971061945,-4.878801345825195,-3.0,208.727294921875,360.41363525390625,-50.26731491088867,1192.0,1192.0,0.0,0.016587008003230815,0.016587008003230815,0.0,0.00014582827966623386,0.00014582827966623386,0.0,0.0007630752058395225,0.0007630752058395225,0.0,0.0003,0.0003,0.0,-3.0,-3.0,0.0,0.0,0.15625,24.737499999999997,89.05,5610.299,219,Hopper-v5,2854,Agente_1
1044.478283882141,195,798720,236.9934699003978,300.95581118736715,216.8502999258885,116.02,1192,0.016587008003230815,-3.0,0.99,0.00014582827966623386,0.0007630752058395225,0.0003,-213.03359985351562,0.9121359586715698,-1181.71533203125,0.0074179465882480145,-4.903852939605713,-3.0,211.43020629882812,312.44757080078125,-19.39124298095703,3.521697998046875,74.80416679382324,1.0,-213.03359985351562,0.9121359586715698,-1181.71533203125,0.0074179465882480145,-4.903852939605713,-3.0,211.43020629882812,312.44757080078125,-19.39124298095703,1192.0,1192.0,0.0,0.016587008003230815,0.016587008003230815,0.0,0.00014582827966623386,0.00014582827966623386,0.0,0.0007630752058395225,0.0007630752058395225,0.0,0.0003,0.0003,0.0,-3.0,-3.0,0.0,0.0,0.22,27.25714285714286,87.64285714285714,5570.96,220,Hopper-v5,2854,Agente_1
1050.0208797454834,196,802816,241.66873960822443,272.5217618388856,217.73065809797396,117.69,1192,0.016587008003230815,-3.0,0.99,0.00014582827966623386,0.0007630752058395225,0.0003,-218.65419006347656,0.7647115588188171,-1152.123291015625,0.007234892807900906,-4.928839683532715,-3.0,215.43832397460938,315.419189453125,-19.73005485534668,3.0457653999328613,75.72195243835449,1.0,-218.65419006347656,0.7647115588188171,-1152.123291015625,0.007234892807900906,-4.928839683532715,-3.0,215.43832397460938,315.419189453125,-19.73005485534668,1192.0,1192.0,0.0,0.016587008003230815,0.016587008003230815,0.0,0.00014582827966623386,0.00014582827966623386,0.0,0.0007630752058395225,0.0007630752058395225,0.0,0.0003,0.0003,0.0,-3.0,-3.0,0.0,0.0,0.25777777777777783,25.355555555555558,87.6,5569.645,221,Hopper-v5,2854,Agente_1
1055.4607737064362,197,806912,248.02539439313648,272.5217618388856,224.54786450661692,119.94,1192,0.016587008003230815,-3.0,0.99,0.00014582827966623386,0.0007630752058395225,0.0003,-223.2032012939453,0.7214215993881226,-1161.099609375,0.007056854665279388,-4.953755855560303,-3.0,220.19625854492188,304.49664306640625,-29.284543991088867,2.3912105560302734,70.71649742126465,1.0,-223.2032012939453,0.7214215993881226,-1161.099609375,0.007056854665279388,-4.953755855560303,-3.0,220.19625854492188,304.49664306640625,-29.284543991088867,1192.0,1192.0,0.0,0.016587008003230815,0.016587008003230815,0.0,0.00014582827966623386,0.00014582827966623386,0.0,0.0007630752058395225,0.0007630752058395225,0.0,0.0003,0.0003,0.0,-3.0,-3.0,0.0,0.0,0.23625000000000002,26.9,87.60000000000001,5562.182,222,Hopper-v5,2854,Agente_1
1061.0468838214874,198,811008,250.39885969549297,272.5217618388856,230.74546783536664,120.95,1192,0.016587008003230815,-3.0,0.99,0.00014582827966623386,0.0007630752058395225,0.0003,-218.1423797607422,0.6424180269241333,-1160.1162109375,0.006884325761348009,-4.978507995605469,-3.0,214.46226501464844,306.715576171875,-1.4932036399841309,2.8271942138671875,50.61302375793457,1.0,-218.1423797607422,0.6424180269241333,-1160.1162109375,0.006884325761348009,-4.978507995605469,-3.0,214.46226501464844,306.715576171875,-1.4932036399841309,1192.0,1192.0,0.0,0.016587008003230815,0.016587008003230815,0.0,0.00014582827966623386,0.00014582827966623386,0.0,0.0007630752058395225,0.0007630752058395225,0.0,0.0003,0.0003,0.0,-3.0,-3.0,0.0,0.0,0.245,27.675,87.6,5563.718,223,Hopper-v5,2854,Agente_1
1066.5026607513428,199,815104,251.70796673526365,270.5188225827934,230.92738963330916,121.36,1192,0.016587008003230815,-3.0,0.99,0.00014582827966623386,0.0007630752058395225,0.0003,-208.80255126953125,0.7401001453399658,-1183.104736328125,0.006716999690979719,-5.003113746643066,-3.0,204.71109008789062,298.2732238769531,-17.61383819580078,3.2363052368164062,59.62805938720703,1.0,-208.80255126953125,0.7401001453399658,-1183.104736328125,0.006716999690979719,-5.003113746643066,-3.0,204.71109008789062,298.2732238769531,-17.61383819580078,1192.0,1192.0,0.0,0.016587008003230815,0.016587008003230815,0.0,0.00014582827966623386,0.00014582827966623386,0.0,0.0007630752058395225,0.0007630752058395225,0.0,0.0003,0.0003,0.0,-3.0,-3.0,0.0,0.0,0.25571428571428567,27.300000000000004,87.6,5564.481,224,Hopper-v5,2854,Agente_1
1072.0327317714691,200,819200,259.89932298772607,312.30037855770524,230.92738963330916,123.32,1192,0.016587008003230815,-3.0,0.99,0.00014582827966623386,0.0007630752058395225,0.0003,-228.37008666992188,0.7298617959022522,-1188.635498046875,0.006554608233273029,-5.027586936950684,-3.0,224.45480346679688,318.7420959472656,-15.552242279052734,2.5427284240722656,63.73762321472168,1.0,-228.37008666992188,0.7298617959022522,-1188.635498046875,0.006554608233273029,-5.027586936950684,-3.0,224.45480346679688,318.7420959472656,-15.552242279052734,1192.0,1192.0,0.0,0.016587008003230815,0.016587008003230815,0.0,0.00014582827966623386,0.00014582827966623386,0.0,0.0007630752058395225,0.0007630752058395225,0.0,0.0003,0.0003,0.0,-3.0,-3.0,0.0,0.0,0.18875,25.9125,88.2,5552.288,225,Hopper-v5,2854,Agente_1
1078.1964638233185,201,823296,270.3301587693839,371.17766620639344,233.9756776400712,125.55,1192,0.016587008003230815,-3.0,0.99,0.00014582827966623386,0.0007630752058395225,0.0003,-198.16168212890625,0.8525822162628174,-1179.4173583984375,0.006396405398845673,-5.052019119262695,-3.0,195.1681365966797,302.39263916015625,-25.292381286621094,3.4490203857421875,73.71606826782227,1.0,-198.16168212890625,0.8525822162628174,-1179.4173583984375,0.006396405398845673,-5.052019119262695,-3.0,195.1681365966797,302.39263916015625,-25.292381286621094,1192.0,1192.0,0.0,0.016587008003230815,0.016587008003230815,0.0,0.00014582827966623386,0.00014582827966623386,0.0,0.0007630752058395225,0.0007630752058395225,0.0,0.0003,0.0003,0.0,-3.0,-3.0,0.0,0.0,0.16375,25.875,89.25,5622.846,226,Hopper-v5,2854,Agente_1
1083.4345304965973,202,827392,288.2698263962267,377.97203089148496,234.53665792094057,129.07,1192,0.016587008003230815,-3.0,0.99,0.00014582827966623386,0.0007630752058395225,0.0003,-210.09954833984375,0.7273446917533875,-1172.4012451171875,0.006242616102099419,-5.076355934143066,-3.0,207.92330932617188,291.7178039550781,-46.3345947265625,2.8745713233947754,63.60905838012695,1.0,-210.09954833984375,0.7273446917533875,-1172.4012451171875,0.006242616102099419,-5.076355934143066,-3.0,207.92330932617188,291.7178039550781,-46.3345947265625,1192.0,1192.0,0.0,0.016587008003230815,0.016587008003230815,0.0,0.00014582827966623386,0.00014582827966623386,0.0,0.0007630752058395225,0.0007630752058395225,0.0,0.0003,0.0003,0.0,-3.0,-3.0,0.0,0.0,0.2285714285714286,25.714285714285715,89.58571428571429,5597.074,227,Hopper-v5,2854,Agente_1
1088.892370223999,203,831488,296.35892692572224,377.97203089148496,251.48171187386026,130.56,1192,0.016587008003230815,-3.0,0.99,0.00014582827966623386,0.0007630752058395225,0.0003,-205.39328002929688,0.7591027021408081,-1197.6368408203125,0.006092541851103306,-5.100689888000488,-3.0,200.79989624023438,306.88372802734375,-26.511449813842773,2.9066696166992188,74.05162048339844,1.0,-205.39328002929688,0.7591027021408081,-1197.6368408203125,0.006092541851103306,-5.100689888000488,-3.0,200.79989624023438,306.88372802734375,-26.511449813842773,1192.0,1192.0,0.0,0.016587008003230815,0.016587008003230815,0.0,0.00014582827966623386,0.00014582827966623386,0.0,0.0007630752058395225,0.0007630752058395225,0.0,0.0003,0.0003,0.0,-3.0,-3.0,0.0,0.0,0.21285714285714283,27.41428571428571,88.62857142857142,5600.621,228,Hopper-v5,2854,Agente_1
1094.3121719360352,204,835584,312.57481371797616,462.8051361857928,251.48171187386026,133.12,1192,0.016587008003230815,-3.0,0.99,0.00014582827966623386,0.0007630752058395225,0.0003,-202.45108032226562,0.8001769185066223,-1236.42919921875,0.005946415476500988,-5.124966621398926,-3.0,198.8560791015625,315.3077697753906,-24.40146255493164,3.648195266723633,56.493263244628906,1.0,-202.45108032226562,0.8001769185066223,-1236.42919921875,0.005946415476500988,-5.124966621398926,-3.0,198.8560791015625,315.3077697753906,-24.40146255493164,1192.0,1192.0,0.0,0.016587008003230815,0.016587008003230815,0.0,0.00014582827966623386,0.00014582827966623386,0.0,0.0007630752058395225,0.0007630752058395225,0.0,0.0003,0.0003,0.0,-3.0,-3.0,0.0,0.0,0.28625,27.275000000000002,88.4375,5521.16,229,Hopper-v5,2854,Agente_1
1099.8973460197449,205,839680,343.02669779362515,502.3033151947168,273.3431199754007,137.74,1192,0.016587008003230815,-3.0,0.99,0.00014582827966623386,0.0007630752058395225,0.0003,-205.3199005126953,0.773970365524292,-1193.0333251953125,0.005803982727229595,-5.1492109298706055,-3.0,202.36166381835938,332.4508361816406,-33.99686050415039,3.3929691314697266,70.85979080200195,1.0,-205.3199005126953,0.773970365524292,-1193.0333251953125,0.005803982727229595,-5.1492109298706055,-3.0,202.36166381835938,332.4508361816406,-33.99686050415039,1192.0,1192.0,0.0,0.016587008003230815,0.016587008003230815,0.0,0.00014582827966623386,0.00014582827966623386,0.0,0.0007630752058395225,0.0007630752058395225,0.0,0.0003,0.0003,0.0,-3.0,-3.0,0.0,0.0,0.30874999999999997,27.9,88.375,5530.388,230,Hopper-v5,2854,Agente_1
1105.3090326786041,206,843776,372.8841681154483,502.3033151947168,273.3431199754007,142.37,1192,0.016587008003230815,-3.0,0.99,0.00014582827966623386,0.0007630752058395225,0.0003,-208.77435302734375,0.7674362063407898,-1216.24609375,0.005665185395628214,-5.173415660858154,-3.0,205.76373291015625,307.8873596191406,-19.546836853027344,3.0645980834960938,71.33829116821289,1.0,-208.77435302734375,0.7674362063407898,-1216.24609375,0.005665185395628214,-5.173415660858154,-3.0,205.76373291015625,307.8873596191406,-19.546836853027344,1192.0,1192.0,0.0,0.016587008003230815,0.016587008003230815,0.0,0.00014582827966623386,0.00014582827966623386,0.0,0.0007630752058395225,0.0007630752058395225,0.0,0.0003,0.0003,0.0,-3.0,-3.0,0.0,0.0,0.2342857142857143,27.7,88.32857142857144,5517.149,231,Hopper-v5,2854,Agente_1
1110.7516207695007,207,847872,395.3419777038107,518.2060329572773,273.3431199754007,146.0,1192,0.016587008003230815,-3.0,0.99,0.00014582827966623386,0.0007630752058395225,0.0003,-207.5403289794922,0.9303425550460815,-1229.8006591796875,0.005529594141989946,-5.197640895843506,-3.0,204.85281372070312,322.12237548828125,12.493744850158691,3.7888927459716797,91.5174388885498,1.0,-207.5403289794922,0.9303425550460815,-1229.8006591796875,0.005529594141989946,-5.197640895843506,-3.0,204.85281372070312,322.12237548828125,12.493744850158691,1192.0,1192.0,0.0,0.016587008003230815,0.016587008003230815,0.0,0.00014582827966623386,0.00014582827966623386,0.0,0.0007630752058395225,0.0007630752058395225,0.0,0.0003,0.0003,0.0,-3.0,-3.0,0.0,0.0,0.26999999999999996,27.185714285714283,88.28571428571426,5517.222,232,Hopper-v5,2854,Agente_1
1116.907023191452,208,851968,414.6053587737039,533.2238131072913,345.411695097097,148.67,1192,0.016587008003230815,-3.0,0.99,0.00014582827966623386,0.0007630752058395225,0.0003,-203.06460571289062,0.7855033874511719,-1218.0650634765625,0.005397829692810774,-5.2217583656311035,-3.0,201.75010681152344,328.6776123046875,-22.849939346313477,2.592278003692627,69.28665924072266,1.0,-203.06460571289062,0.7855033874511719,-1218.0650634765625,0.005397829692810774,-5.2217583656311035,-3.0,201.75010681152344,328.6776123046875,-22.849939346313477,1192.0,1192.0,0.0,0.016587008003230815,0.016587008003230815,0.0,0.00014582827966623386,0.00014582827966623386,0.0,0.0007630752058395225,0.0007630752058395225,0.0,0.0003,0.0003,0.0,-3.0,-3.0,0.0,0.0,0.18444444444444444,24.233333333333334,88.33333333333331,5573.86,233,Hopper-v5,2854,Agente_1
1122.3643398284912,209,856064,413.85873641981794,533.2238131072913,345.411695097097,149.01,1192,0.016587008003230815,-3.0,0.99,0.00014582827966623386,0.0007630752058395225,0.0003,-199.51272583007812,0.6532533168792725,-1237.9310302734375,0.0052693379111588,-5.245850563049316,-3.0,198.47622680664062,324.1936950683594,-36.77739715576172,3.226731777191162,61.89255905151367,1.0,-199.51272583007812,0.6532533168792725,-1237.9310302734375,0.0052693379111588,-5.245850563049316,-3.0,198.47622680664062,324.1936950683594,-36.77739715576172,1192.0,1192.0,0.0,0.016587008003230815,0.016587008003230815,0.0,0.00014582827966623386,0.00014582827966623386,0.0,0.0007630752058395225,0.0007630752058395225,0.0,0.0003,0.0003,0.0,-3.0,-3.0,0.0,0.0,0.2173076923076923,26.157692307692304,89.24230769230768,5574.058,234,Hopper-v5,2854,Agente_1
1127.979588508606,210,860160,423.06453745954263,533.2238131072913,349.29317341877976,150.79,1192,0.016587008003230815,-3.0,0.99,0.00014582827966623386,0.0007630752058395225,0.0003,-207.0687255859375,0.7658777236938477,-1183.2791748046875,0.005143326241523027,-5.270055294036865,-3.0,205.60870361328125,342.972900390625,-4.581557750701904,3.261016845703125,72.46280670166016,1.0,-207.0687255859375,0.7658777236938477,-1183.2791748046875,0.005143326241523027,-5.270055294036865,-3.0,205.60870361328125,342.972900390625,-4.581557750701904,1192.0,1192.0,0.0,0.016587008003230815,0.016587008003230815,0.0,0.00014582827966623386,0.00014582827966623386,0.0,0.0007630752058395225,0.0007630752058395225,0.0,0.0003,0.0003,0.0,-3.0,-3.0,0.0,0.0,0.2825,27.2875,88.4,5582.702,235,Hopper-v5,2854,Agente_1
1133.4697315692902,211,864256,424.53916658861317,533.2238131072913,349.29317341877976,150.27,1192,0.016587008003230815,-3.0,0.99,0.00014582827966623386,0.0007630752058395225,0.0003,-205.32838439941406,0.6989549994468689,-1254.1143798828125,0.005020040553063154,-5.294317245483398,-3.0,203.85244750976562,360.58367919921875,2.8259024620056152,2.4769359827041626,75.63993835449219,1.0,-205.32838439941406,0.6989549994468689,-1254.1143798828125,0.005020040553063154,-5.294317245483398,-3.0,203.85244750976562,360.58367919921875,2.8259024620056152,1192.0,1192.0,0.0,0.016587008003230815,0.016587008003230815,0.0,0.00014582827966623386,0.00014582827966623386,0.0,0.0007630752058395225,0.0007630752058395225,0.0,0.0003,0.0003,0.0,-3.0,-3.0,0.0,0.0,0.27375,27.762500000000003,86.225,5514.887,236,Hopper-v5,2854,Agente_1
1139.2167663574219,212,868352,414.1309861785685,524.9607779201191,201.58078514075837,146.57,1192,0.016587008003230815,-3.0,0.99,0.00014582827966623386,0.0007630752058395225,0.0003,-209.53533935546875,0.6770907640457153,-1252.8465576171875,0.004899117164313793,-5.318700313568115,-3.0,207.36862182617188,344.6124267578125,-8.622884750366211,2.7709808349609375,77.72741317749023,1.0,-209.53533935546875,0.6770907640457153,-1252.8465576171875,0.004899117164313793,-5.318700313568115,-3.0,207.36862182617188,344.6124267578125,-8.622884750366211,1192.0,1192.0,0.0,0.016587008003230815,0.016587008003230815,0.0,0.00014582827966623386,0.00014582827966623386,0.0,0.0007630752058395225,0.0007630752058395225,0.0,0.0003,0.0003,0.0,-3.0,-3.0,0.0,0.0,0.2511111111111111,29.900000000000002,76.86666666666667,5565.736,237,Hopper-v5,2854,Agente_1
1144.83318567276,213,872448,376.0639809094375,491.43454908930346,189.88874571532062,136.6,1192,0.016587008003230815,-3.0,0.99,0.00014582827966623386,0.0007630752058395225,0.0003,-210.4520721435547,0.6987766623497009,-1252.951416015625,0.004780802875757217,-5.343146800994873,-3.0,209.44981384277344,360.5071716308594,-33.178218841552734,2.8301925659179688,60.42104721069336,1.0,-210.4520721435547,0.6987766623497009,-1252.951416015625,0.004780802875757217,-5.343146800994873,-3.0,209.44981384277344,360.5071716308594,-33.178218841552734,1192.0,1192.0,0.0,0.016587008003230815,0.016587008003230815,0.0,0.00014582827966623386,0.00014582827966623386,0.0,0.0007630752058395225,0.0007630752058395225,0.0,0.0003,0.0003,0.0,-3.0,-3.0,0.0,0.0,0.17142857142857143,24.842857142857145,83.27142857142857,5581.619,238,Hopper-v5,2854,Agente_1
1150.4156248569489,214,876544,275.1807903006335,464.432864026932,182.48268224876634,111.78,1192,0.016587008003230815,-3.0,0.99,0.00014582827966623386,0.0007630752058395225,0.0003,-211.79513549804688,0.7419739961624146,-1263.0843505859375,0.004665246233344078,-5.36761474609375,-3.0,210.83668518066406,373.8153991699219,-9.445890426635742,2.9179649353027344,75.7811050415039,1.0,-211.79513549804688,0.7419739961624146,-1263.0843505859375,0.004665246233344078,-5.36761474609375,-3.0,210.83668518066406,373.8153991699219,-9.445890426635742,1192.0,1192.0,0.0,0.016587008003230815,0.016587008003230815,0.0,0.00014582827966623386,0.00014582827966623386,0.0,0.0007630752058395225,0.0007630752058395225,0.0,0.0003,0.0003,0.0,-3.0,-3.0,0.0,0.0,0.275,26.799999999999997,87.5125,5597.38,239,Hopper-v5,2854,Agente_1
1155.8772945404053,215,880640,213.3751357137118,425.3995764289564,182.48268224876634,95.67,1192,0.016587008003230815,-3.0,0.99,0.00014582827966623386,0.0007630752058395225,0.0003,-206.07057189941406,0.8603360652923584,-1277.9814453125,0.004552766215056181,-5.392020225524902,-3.0,204.60690307617188,372.2688293457031,2.3891761302948,2.778939723968506,86.05643844604492,1.0,-206.07057189941406,0.8603360652923584,-1277.9814453125,0.004552766215056181,-5.392020225524902,-3.0,204.60690307617188,372.2688293457031,2.3891761302948,1192.0,1192.0,0.0,0.016587008003230815,0.016587008003230815,0.0,0.00014582827966623386,0.00014582827966623386,0.0,0.0007630752058395225,0.0007630752058395225,0.0,0.0003,0.0003,0.0,-3.0,-3.0,0.0,0.0,0.27125,26.375,87.6,5584.813,240,Hopper-v5,2854,Agente_1
1161.2609033584595,216,884736,219.84687569950512,425.3995764289564,183.20764131273836,96.85,1192,0.016587008003230815,-3.0,0.99,0.00014582827966623386,0.0007630752058395225,0.0003,-215.99981689453125,0.6956861019134521,-1222.872314453125,0.00444411113858223,-5.416175365447998,-3.0,214.20083618164062,386.41070556640625,-2.881272077560425,2.6563682556152344,68.44469451904297,1.0,-215.99981689453125,0.6956861019134521,-1222.872314453125,0.00444411113858223,-5.416175365447998,-3.0,214.20083618164062,386.41070556640625,-2.881272077560425,1192.0,1192.0,0.0,0.016587008003230815,0.016587008003230815,0.0,0.00014582827966623386,0.00014582827966623386,0.0,0.0007630752058395225,0.0007630752058395225,0.0,0.0003,0.0003,0.0,-3.0,-3.0,0.0,0.0,0.32857142857142857,27.38571428571428,87.45714285714284,5582.049,241,Hopper-v5,2854,Agente_1
1166.6287515163422,217,888832,268.03230755779487,385.54064170065334,186.88434604095093,108.39,1192,0.016587008003230815,-3.0,0.99,0.00014582827966623386,0.0007630752058395225,0.0003,-216.47235107421875,0.6281616687774658,-1263.599609375,0.004338792059570551,-5.440159320831299,-3.0,215.7900848388672,385.14105224609375,13.259732246398926,2.879678726196289,35.94331741333008,1.0,-216.47235107421875,0.6281616687774658,-1263.599609375,0.004338792059570551,-5.440159320831299,-3.0,215.7900848388672,385.14105224609375,13.259732246398926,1192.0,1192.0,0.0,0.016587008003230815,0.016587008003230815,0.0,0.00014582827966623386,0.00014582827966623386,0.0,0.0007630752058395225,0.0007630752058395225,0.0,0.0003,0.0003,0.0,-3.0,-3.0,0.0,0.0,0.21285714285714286,25.7,87.82857142857144,5574.962,242,Hopper-v5,2854,Agente_1
1172.041595697403,218,892928,319.52883155768325,385.54064170065334,190.4650478780479,120.93,1192,0.016587008003230815,-3.0,0.99,0.00014582827966623386,0.0007630752058395225,0.0003,-217.36309814453125,0.7527801394462585,-1248.97216796875,0.0042360695078969,-5.4641194343566895,-3.0,216.74359130859375,393.3205261230469,-4.866014003753662,3.260469436645508,73.19644546508789,1.0,-217.36309814453125,0.7527801394462585,-1248.97216796875,0.0042360695078969,-5.4641194343566895,-3.0,216.74359130859375,393.3205261230469,-4.866014003753662,1192.0,1192.0,0.0,0.016587008003230815,0.016587008003230815,0.0,0.00014582827966623386,0.00014582827966623386,0.0,0.0007630752058395225,0.0007630752058395225,0.0,0.0003,0.0003,0.0,-3.0,-3.0,0.0,0.0,0.1925,25.575,88.45,5501.077,243,Hopper-v5,2854,Agente_1
1177.3500571250916,219,897024,357.0333972831033,385.54064170065334,194.22855694384774,130.02,1192,0.016587008003230815,-3.0,0.99,0.00014582827966623386,0.0007630752058395225,0.0003,-211.41375732421875,0.7454734444618225,-1255.784423828125,0.004136710427701473,-5.487854480743408,-3.0,209.01544189453125,406.1991882324219,6.443485260009766,3.315032958984375,81.03996086120605,1.0,-211.41375732421875,0.7454734444618225,-1255.784423828125,0.004136710427701473,-5.487854480743408,-3.0,209.01544189453125,406.1991882324219,6.443485260009766,1192.0,1192.0,0.0,0.016587008003230815,0.016587008003230815,0.0,0.00014582827966623386,0.00014582827966623386,0.0,0.0007630752058395225,0.0007630752058395225,0.0,0.0003,0.0003,0.0,-3.0,-3.0,0.0,0.0,0.20857142857142857,25.74285714285714,89.25714285714287,5486.073,244,Hopper-v5,2854,Agente_1
1182.775643825531,220,901120,362.10486627916293,428.2817125223974,335.36841380298944,131.3,1192,0.016587008003230815,-3.0,0.99,0.00014582827966623386,0.0007630752058395225,0.0003,-213.20596313476562,0.6996535062789917,-1258.9876708984375,0.004039864055812359,-5.511544227600098,-3.0,210.86619567871094,384.85394287109375,10.790367126464844,2.7474594116210938,72.12088012695312,1.0,-213.20596313476562,0.6996535062789917,-1258.9876708984375,0.004039864055812359,-5.511544227600098,-3.0,210.86619567871094,384.85394287109375,10.790367126464844,1192.0,1192.0,0.0,0.016587008003230815,0.016587008003230815,0.0,0.00014582827966623386,0.00014582827966623386,0.0,0.0007630752058395225,0.0007630752058395225,0.0,0.0003,0.0003,0.0,-3.0,-3.0,0.0,0.0,0.195,25.700000000000003,88.2,5467.347,245,Hopper-v5,2854,Agente_1
1188.1913526058197,221,905216,363.43143080487954,428.2817125223974,333.84155372729856,131.71,1192,0.016587008003230815,-3.0,0.99,0.00014582827966623386,0.0007630752058395225,0.0003,-217.0538330078125,0.7168745994567871,-1268.3651123046875,0.003945812117308378,-5.53510046005249,-3.0,213.465576171875,375.364990234375,16.554840087890625,3.4897727966308594,59.82423496246338,1.0,-217.0538330078125,0.7168745994567871,-1268.3651123046875,0.003945812117308378,-5.53510046005249,-3.0,213.465576171875,375.364990234375,16.554840087890625,1192.0,1192.0,0.0,0.016587008003230815,0.016587008003230815,0.0,0.00014582827966623386,0.00014582827966623386,0.0,0.0007630752058395225,0.0007630752058395225,0.0,0.0003,0.0003,0.0,-3.0,-3.0,0.0,0.0,0.24222222222222223,26.455555555555556,87.22222222222223,5460.364,246,Hopper-v5,2854,Agente_1
1193.8319308757782,222,909312,372.2587556875792,428.2817125223974,333.84155372729856,134.9,1192,0.016587008003230815,-3.0,0.99,0.00014582827966623386,0.0007630752058395225,0.0003,-226.27276611328125,0.6759805083274841,-1254.8028564453125,0.0038544514682143927,-5.558526515960693,-3.0,223.74497985839844,397.14208984375,8.971991539001465,2.4148330688476562,93.76751708984375,1.0,-226.27276611328125,0.6759805083274841,-1254.8028564453125,0.0038544514682143927,-5.558526515960693,-3.0,223.74497985839844,397.14208984375,8.971991539001465,1192.0,1192.0,0.0,0.016587008003230815,0.016587008003230815,0.0,0.00014582827966623386,0.00014582827966623386,0.0,0.0007630752058395225,0.0007630752058395225,0.0,0.0003,0.0003,0.0,-3.0,-3.0,0.0,0.0,0.33571428571428574,28.271428571428572,87.31428571428572,5449.644,247,Hopper-v5,2854,Agente_1
1199.3995292186737,223,913408,390.82751674275147,437.8394305433574,333.84155372729856,141.73,1192,0.016587008003230815,-3.0,0.99,0.00014582827966623386,0.0007630752058395225,0.0003,-226.74070739746094,0.7325998544692993,-1238.849609375,0.003765061032027006,-5.581991195678711,-3.0,223.52041625976562,422.3804931640625,6.808238983154297,3.2887001037597656,60.49349117279053,1.0,-226.74070739746094,0.7325998544692993,-1238.849609375,0.003765061032027006,-5.581991195678711,-3.0,223.52041625976562,422.3804931640625,6.808238983154297,1192.0,1192.0,0.0,0.016587008003230815,0.016587008003230815,0.0,0.00014582827966623386,0.00014582827966623386,0.0,0.0007630752058395225,0.0007630752058395225,0.0,0.0003,0.0003,0.0,-3.0,-3.0,0.0,0.0,0.295,27.325,87.3875,5444.719,248,Hopper-v5,2854,Agente_1
1204.7996950149536,224,917504,399.8971001480518,443.79360419491303,345.5855093247573,145.11,1192,0.016587008003230815,-3.0,0.99,0.00014582827966623386,0.0007630752058395225,0.0003,-222.3308868408203,0.731328010559082,-1277.989013671875,0.003677468281239271,-5.605530738830566,-3.0,219.208251953125,400.8490905761719,22.360240936279297,2.8194007873535156,80.26628303527832,1.0,-222.3308868408203,0.731328010559082,-1277.989013671875,0.003677468281239271,-5.605530738830566,-3.0,219.208251953125,400.8490905761719,22.360240936279297,1192.0,1192.0,0.0,0.016587008003230815,0.016587008003230815,0.0,0.00014582827966623386,0.00014582827966623386,0.0,0.0007630752058395225,0.0007630752058395225,0.0,0.0003,0.0003,0.0,-3.0,-3.0,0.0,0.0,0.2571428571428572,26.771428571428572,87.3,5426.632,249,Hopper-v5,2854,Agente_1
1210.2867205142975,225,921600,416.83060006375575,451.8981993087243,364.49186909698534,152.01,1192,0.016587008003230815,-3.0,0.99,0.00014582827966623386,0.0007630752058395225,0.0003,-223.78578186035156,0.6296612024307251,-1258.772705078125,0.0035920587833970785,-5.629029750823975,-3.0,219.33978271484375,409.57196044921875,8.555438995361328,2.555816650390625,58.52960395812988,1.0,-223.78578186035156,0.6296612024307251,-1258.772705078125,0.0035920587833970785,-5.629029750823975,-3.0,219.33978271484375,409.57196044921875,8.555438995361328,1192.0,1192.0,0.0,0.016587008003230815,0.016587008003230815,0.0,0.00014582827966623386,0.00014582827966623386,0.0,0.0007630752058395225,0.0007630752058395225,0.0,0.0003,0.0003,0.0,-3.0,-3.0,0.0,0.0,0.2975,27.5375,87.27499999999999,5429.451,250,Hopper-v5,2854,Agente_1
1215.8449430465698,226,925696,424.11680545534995,451.8981993087243,390.6219869265387,156.79,1192,0.016587008003230815,-3.0,0.99,0.00014582827966623386,0.0007630752058395225,0.0003,-235.58436584472656,0.6701840162277222,-1236.939453125,0.003508656518533826,-5.652522087097168,-3.0,232.95541381835938,393.57232666015625,10.360371589660645,2.9054946899414062,73.74236106872559,1.0,-235.58436584472656,0.6701840162277222,-1236.939453125,0.003508656518533826,-5.652522087097168,-3.0,232.95541381835938,393.57232666015625,10.360371589660645,1192.0,1192.0,0.0,0.016587008003230815,0.016587008003230815,0.0,0.00014582827966623386,0.00014582827966623386,0.0,0.0007630752058395225,0.0007630752058395225,0.0,0.0003,0.0003,0.0,-3.0,-3.0,0.0,0.0,0.20142857142857146,25.900000000000002,84.22857142857143,5446.807,251,Hopper-v5,2854,Agente_1
1222.2884230613708,227,929792,432.2204368122819,565.6295135592975,391.61589457479977,160.91,1192,0.016587008003230815,-3.0,0.99,0.00014582827966623386,0.0007630752058395225,0.0003,-233.86865234375,0.6059290170669556,-1246.7904052734375,0.003427372081205249,-5.675961494445801,-3.0,229.85171508789062,411.0887145996094,2.658581256866455,2.410564422607422,48.88472652435303,1.0,-233.86865234375,0.6059290170669556,-1246.7904052734375,0.003427372081205249,-5.675961494445801,-3.0,229.85171508789062,411.0887145996094,2.658581256866455,1192.0,1192.0,0.0,0.016587008003230815,0.016587008003230815,0.0,0.00014582827966623386,0.00014582827966623386,0.0,0.0007630752058395225,0.0007630752058395225,0.0,0.0003,0.0003,0.0,-3.0,-3.0,0.0,0.0,0.10777777777777779,28.555555555555557,75.74444444444445,5554.273,252,Hopper-v5,2854,Agente_1
1227.6773121356964,228,933888,450.0250194362462,627.6431852638559,391.61589457479977,167.15,1192,0.016587008003230815,-3.0,0.99,0.00014582827966623386,0.0007630752058395225,0.0003,-233.62680053710938,0.7604365348815918,-1264.7218017578125,0.0033479833509773016,-5.699397087097168,-3.0,228.92678833007812,394.11077880859375,-1.733001947402954,3.24215030670166,77.47554016113281,1.0,-233.62680053710938,0.7604365348815918,-1264.7218017578125,0.0033479833509773016,-5.699397087097168,-3.0,228.92678833007812,394.11077880859375,-1.733001947402954,1192.0,1192.0,0.0,0.016587008003230815,0.016587008003230815,0.0,0.00014582827966623386,0.00014582827966623386,0.0,0.0007630752058395225,0.0007630752058395225,0.0,0.0003,0.0003,0.0,-3.0,-3.0,0.0,0.0,0.12375000000000001,23.4125,84.36250000000001,5551.887,253,Hopper-v5,2854,Agente_1
1232.9801173210144,229,937984,467.59918945471117,627.6431852638559,391.61589457479977,172.56,1192,0.016587008003230815,-3.0,0.99,0.00014582827966623386,0.0007630752058395225,0.0003,-238.80938720703125,0.591600775718689,-1278.988525390625,0.0032701045274734497,-5.722933292388916,-3.0,235.03598022460938,417.5090026855469,0.5731797814369202,2.7141952514648438,46.18222999572754,1.0,-238.80938720703125,0.591600775718689,-1278.988525390625,0.0032701045274734497,-5.722933292388916,-3.0,235.03598022460938,417.5090026855469,0.5731797814369202,1192.0,1192.0,0.0,0.016587008003230815,0.016587008003230815,0.0,0.00014582827966623386,0.00014582827966623386,0.0,0.0007630752058395225,0.0007630752058395225,0.0,0.0003,0.0003,0.0,-3.0,-3.0,0.0,0.0,0.15571428571428572,25.24285714285714,89.10000000000001,5551.268,254,Hopper-v5,2854,Agente_1
1238.6920104026794,230,942080,489.0903565824321,627.6431852638559,401.91595800318106,178.19,1192,0.016587008003230815,-3.0,0.99,0.00014582827966623386,0.0007630752058395225,0.0003,-241.89138793945312,0.4477543234825134,-1302.517578125,0.003193530486896634,-5.746628284454346,-3.0,238.73004150390625,410.39910888671875,-7.4797163009643555,2.7015724182128906,20.52037239074707,1.0,-241.89138793945312,0.4477543234825134,-1302.517578125,0.003193530486896634,-5.746628284454346,-3.0,238.73004150390625,410.39910888671875,-7.4797163009643555,1192.0,1192.0,0.0,0.016587008003230815,0.016587008003230815,0.0,0.00014582827966623386,0.00014582827966623386,0.0,0.0007630752058395225,0.0007630752058395225,0.0,0.0003,0.0003,0.0,-3.0,-3.0,0.0,0.0,0.19375,25.05,87.4625,5579.795,255,Hopper-v5,2854,Agente_1
1244.4700553417206,231,946176,498.5041675381976,627.6431852638559,401.2424533090973,181.01,1192,0.016587008003230815,-3.0,0.99,0.00014582827966623386,0.0007630752058395225,0.0003,-242.98052978515625,0.7327426671981812,-1282.0745849609375,0.0031190956942737103,-5.770212173461914,-3.0,238.42886352539062,435.18817138671875,6.7809906005859375,2.7188034057617188,60.15181350708008,1.0,-242.98052978515625,0.7327426671981812,-1282.0745849609375,0.0031190956942737103,-5.770212173461914,-3.0,238.42886352539062,435.18817138671875,6.7809906005859375,1192.0,1192.0,0.0,0.016587008003230815,0.016587008003230815,0.0,0.00014582827966623386,0.00014582827966623386,0.0,0.0007630752058395225,0.0007630752058395225,0.0,0.0003,0.0003,0.0,-3.0,-3.0,0.0,0.0,0.21625,31.362499999999997,75.375,5615.974,256,Hopper-v5,2854,Agente_1
1249.9676220417023,232,950272,500.5386378312953,627.6431852638559,401.2424533090973,181.67,1192,0.016587008003230815,-3.0,0.99,0.00014582827966623386,0.0007630752058395225,0.0003,-249.79248046875,0.5086756348609924,-1270.96240234375,0.003046724246814847,-5.7936882972717285,-3.0,246.9744110107422,406.2224426269531,-17.952611923217773,2.1722259521484375,34.17304992675781,1.0,-249.79248046875,0.5086756348609924,-1270.96240234375,0.003046724246814847,-5.7936882972717285,-3.0,246.9744110107422,406.2224426269531,-17.952611923217773,1192.0,1192.0,0.0,0.016587008003230815,0.016587008003230815,0.0,0.00014582827966623386,0.00014582827966623386,0.0,0.0007630752058395225,0.0007630752058395225,0.0,0.0003,0.0003,0.0,-3.0,-3.0,0.0,0.0,0.21625,25.275,81.125,5601.717,257,Hopper-v5,2854,Agente_1
1255.3070363998413,233,954368,486.26489794094266,581.3507412269792,221.95238379380157,179.33,1192,0.016587008003230815,-3.0,0.99,0.00014582827966623386,0.0007630752058395225,0.0003,-240.0044403076172,0.5977588891983032,-1243.05419921875,0.0029773591086268425,-5.816718578338623,-3.0,235.94290161132812,437.3641052246094,-23.44562530517578,2.954975128173828,32.91125774383545,1.0,-240.0044403076172,0.5977588891983032,-1243.05419921875,0.0029773591086268425,-5.816718578338623,-3.0,235.94290161132812,437.3641052246094,-23.44562530517578,1192.0,1192.0,0.0,0.016587008003230815,0.016587008003230815,0.0,0.00014582827966623386,0.00014582827966623386,0.0,0.0007630752058395225,0.0007630752058395225,0.0,0.0003,0.0003,0.0,-3.0,-3.0,0.0,0.0,0.19999999999999998,25.58571428571429,87.17142857142856,5579.028,258,Hopper-v5,2854,Agente_1
1261.3182995319366,234,958464,385.67409975496224,581.3507412269792,209.5833734629216,150.99,1192,0.016587008003230815,-3.0,0.99,0.00014582827966623386,0.0007630752058395225,0.0003,-240.84683227539062,0.5289129614830017,-1283.46533203125,0.0029102296102792025,-5.8395233154296875,-3.0,237.49093627929688,425.40911865234375,-20.140869140625,2.5042314529418945,25.411917209625244,1.0,-240.84683227539062,0.5289129614830017,-1283.46533203125,0.0029102296102792025,-5.8395233154296875,-3.0,237.49093627929688,425.40911865234375,-20.140869140625,1192.0,1192.0,0.0,0.016587008003230815,0.016587008003230815,0.0,0.00014582827966623386,0.00014582827966623386,0.0,0.0007630752058395225,0.0007630752058395225,0.0,0.0003,0.0003,0.0,-3.0,-3.0,0.0,0.0,0.19625,25.387500000000003,88.1125,5640.288,259,Hopper-v5,2854,Agente_1
1266.873697757721,235,962560,290.31591150996707,581.3507412269792,209.5833734629216,120.06,1192,0.016587008003230815,-3.0,0.99,0.00014582827966623386,0.0007630752058395225,0.0003,-241.92050170898438,0.6020002365112305,-1309.2596435546875,0.002843226306140423,-5.862815856933594,-3.0,239.36227416992188,408.9501953125,-16.587194442749023,2.830841064453125,31.9058780670166,1.0,-241.92050170898438,0.6020002365112305,-1309.2596435546875,0.002843226306140423,-5.862815856933594,-3.0,239.36227416992188,408.9501953125,-16.587194442749023,1192.0,1192.0,0.0,0.016587008003230815,0.016587008003230815,0.0,0.00014582827966623386,0.00014582827966623386,0.0,0.0007630752058395225,0.0007630752058395225,0.0,0.0003,0.0003,0.0,-3.0,-3.0,0.0,0.0,0.18000000000000002,21.95,88.56666666666668,5647.158,260,Hopper-v5,2854,Agente_1
1272.2241175174713,236,966656,254.44947207742874,409.7947692903493,209.5833734629216,106.86,1192,0.016587008003230815,-3.0,0.99,0.00014582827966623386,0.0007630752058395225,0.0003,-252.4789581298828,0.5247050523757935,-1257.9267578125,0.0027775841299444437,-5.886173725128174,-3.0,248.82293701171875,414.40814208984375,-28.33074951171875,3.0067596435546875,23.015780925750732,1.0,-252.4789581298828,0.5247050523757935,-1257.9267578125,0.0027775841299444437,-5.886173725128174,-3.0,248.82293701171875,414.40814208984375,-28.33074951171875,1192.0,1192.0,0.0,0.016587008003230815,0.016587008003230815,0.0,0.00014582827966623386,0.00014582827966623386,0.0,0.0007630752058395225,0.0007630752058395225,0.0,0.0003,0.0003,0.0,-3.0,-3.0,0.0,0.0,0.22,25.75714285714286,88.54285714285716,5626.626,261,Hopper-v5,2854,Agente_1
1277.6999487876892,237,970752,288.9765374493456,401.9891761263036,222.29569848470686,115.47,1192,0.016587008003230815,-3.0,0.99,0.00014582827966623386,0.0007630752058395225,0.0003,-248.68080139160156,0.7088619470596313,-1298.696044921875,0.002713159890845418,-5.909641265869141,-3.0,246.75672912597656,430.5739440917969,-20.02226448059082,2.914203643798828,46.38279914855957,1.0,-248.68080139160156,0.7088619470596313,-1298.696044921875,0.002713159890845418,-5.909641265869141,-3.0,246.75672912597656,430.5739440917969,-20.02226448059082,1192.0,1192.0,0.0,0.016587008003230815,0.016587008003230815,0.0,0.00014582827966623386,0.00014582827966623386,0.0,0.0007630752058395225,0.0007630752058395225,0.0,0.0003,0.0003,0.0,-3.0,-3.0,0.0,0.0,0.25875,26.4375,87.5625,5529.833,262,Hopper-v5,2854,Agente_1
1283.3668928146362,238,974848,319.9343652485722,401.9891761263036,241.87455256826604,125.11,1192,0.016587008003230815,-3.0,0.99,0.00014582827966623386,0.0007630752058395225,0.0003,-218.64752197265625,0.8834307789802551,-1299.710205078125,0.0026503412518650293,-5.9330668449401855,-3.0,215.91397094726562,446.58038330078125,-4.397414207458496,3.088742256164551,39.46663856506348,1.0,-218.64752197265625,0.8834307789802551,-1299.710205078125,0.0026503412518650293,-5.9330668449401855,-3.0,215.91397094726562,446.58038330078125,-4.397414207458496,1192.0,1192.0,0.0,0.016587008003230815,0.016587008003230815,0.0,0.00014582827966623386,0.00014582827966623386,0.0,0.0007630752058395225,0.0007630752058395225,0.0,0.0003,0.0003,0.0,-3.0,-3.0,0.0,0.0,0.2671428571428572,28.085714285714285,86.97142857142856,5557.581,263,Hopper-v5,2854,Agente_1
1289.182784318924,239,978944,332.33844603739897,401.9891761263036,221.78470242695417,130.14,1192,0.016587008003230815,-3.0,0.99,0.00014582827966623386,0.0007630752058395225,0.0003,-254.396728515625,0.7506108283996582,-1297.4066162109375,0.0025890166871249676,-5.956477165222168,-3.0,251.9724884033203,426.7292175292969,-14.028197288513184,2.7480621337890625,28.937203407287598,1.0,-254.396728515625,0.7506108283996582,-1297.4066162109375,0.0025890166871249676,-5.956477165222168,-3.0,251.9724884033203,426.7292175292969,-14.028197288513184,1192.0,1192.0,0.0,0.016587008003230815,0.016587008003230815,0.0,0.00014582827966623386,0.00014582827966623386,0.0,0.0007630752058395225,0.0007630752058395225,0.0,0.0003,0.0003,0.0,-3.0,-3.0,0.0,0.0,0.32125000000000004,28.075,87.0125,5609.233,264,Hopper-v5,2854,Agente_1
1294.5983214378357,240,983040,305.9515030413149,374.8269757871571,200.7500668558302,124.7,1192,0.016587008003230815,-3.0,0.99,0.00014582827966623386,0.0007630752058395225,0.0003,-245.40924072265625,0.7697778940200806,-1285.27734375,0.0025298658292740583,-5.979588985443115,-3.0,243.3915557861328,413.8616638183594,-8.599807739257812,2.837606430053711,23.33623504638672,1.0,-245.40924072265625,0.7697778940200806,-1285.27734375,0.0025298658292740583,-5.979588985443115,-3.0,243.3915557861328,413.8616638183594,-8.599807739257812,1192.0,1192.0,0.0,0.016587008003230815,0.016587008003230815,0.0,0.00014582827966623386,0.00014582827966623386,0.0,0.0007630752058395225,0.0007630752058395225,0.0,0.0003,0.0003,0.0,-3.0,-3.0,0.0,0.0,0.285,26.612499999999997,86.775,5579.318,265,Hopper-v5,2854,Agente_1
1301.253945350647,241,987136,271.88427936322955,338.0089304601462,182.6914420481382,116.43,1192,0.016587008003230815,-3.0,0.99,0.00014582827966623386,0.0007630752058395225,0.0003,-246.70840454101562,0.5942584276199341,-1272.48046875,0.00247265980578959,-6.002460956573486,-3.0,245.35704040527344,405.7790222167969,-11.06080150604248,2.2968902587890625,16.49047088623047,1.0,-246.70840454101562,0.5942584276199341,-1272.48046875,0.00247265980578959,-6.002460956573486,-3.0,245.35704040527344,405.7790222167969,-11.06080150604248,1192.0,1192.0,0.0,0.016587008003230815,0.016587008003230815,0.0,0.00014582827966623386,0.00014582827966623386,0.0,0.0007630752058395225,0.0007630752058395225,0.0,0.0003,0.0003,0.0,-3.0,-3.0,0.0,0.0,0.16875,30.45,80.0875,5667.314,266,Hopper-v5,2854,Agente_1
1306.7674577236176,242,991232,236.17662473996634,316.2467018975761,172.16013039866758,106.76,1192,0.016587008003230815,-3.0,0.99,0.00014582827966623386,0.0007630752058395225,0.0003,-250.21481323242188,0.6786625385284424,-1268.06494140625,0.0024170661345124245,-6.025200843811035,-3.0,249.5282440185547,422.31866455078125,-23.70893669128418,2.3422317504882812,24.853893280029297,1.0,-250.21481323242188,0.6786625385284424,-1268.06494140625,0.0024170661345124245,-6.025200843811035,-3.0,249.5282440185547,422.31866455078125,-23.70893669128418,1192.0,1192.0,0.0,0.016587008003230815,0.016587008003230815,0.0,0.00014582827966623386,0.00014582827966623386,0.0,0.0007630752058395225,0.0007630752058395225,0.0,0.0003,0.0003,0.0,-3.0,-3.0,0.0,0.0,0.1625,25.3,76.69999999999999,5668.853,267,Hopper-v5,2854,Agente_1
1312.0526587963104,243,995328,208.27057950409363,315.9740840027968,171.54462170548135,99.16,1192,0.016587008003230815,-3.0,0.99,0.00014582827966623386,0.0007630752058395225,0.0003,-243.3656005859375,0.725456178188324,-1247.01220703125,0.0023625444155186415,-6.04801607131958,-3.0,240.80093383789062,438.3554992675781,-18.820018768310547,2.446626663208008,30.275962829589844,1.0,-243.3656005859375,0.725456178188324,-1247.01220703125,0.0023625444155186415,-6.04801607131958,-3.0,240.80093383789062,438.3554992675781,-18.820018768310547,1192.0,1192.0,0.0,0.016587008003230815,0.016587008003230815,0.0,0.00014582827966623386,0.00014582827966623386,0.0,0.0007630752058395225,0.0007630752058395225,0.0,0.0003,0.0003,0.0,-3.0,-3.0,0.0,0.0,0.15125,24.275,83.6875,5663.344,268,Hopper-v5,2854,Agente_1
1317.42889046669,244,999424,177.90836323889587,286.72372887930106,168.3030750252531,90.42,1192,0.016587008003230815,-3.0,0.99,0.00014582827966623386,0.0007630752058395225,0.0003,-247.74508666992188,0.6639745831489563,-1272.21044921875,0.0023090578615665436,-6.070915699005127,-3.0,245.04232788085938,422.9173889160156,-11.317159652709961,2.2293739318847656,17.136610984802246,1.0,-247.74508666992188,0.6639745831489563,-1272.21044921875,0.0023090578615665436,-6.070915699005127,-3.0,245.04232788085938,422.9173889160156,-11.317159652709961,1192.0,1192.0,0.0,0.016587008003230815,0.016587008003230815,0.0,0.00014582827966623386,0.00014582827966623386,0.0,0.0007630752058395225,0.0007630752058395225,0.0,0.0003,0.0003,0.0,-3.0,-3.0,0.0,0.0,0.16857142857142857,25.32857142857143,87.91428571428571,5599.746,269,Hopper-v5,2854,Agente_1
1322.9420425891876,245,1003520,175.18799276366116,286.72372887930106,165.97826475204243,89.28,1192,0.016587008003230815,-3.0,0.99,0.00014582827966623386,0.0007630752058395225,0.0003,-248.076171875,0.7900691032409668,-1291.62841796875,0.002257016720250249,-6.0937113761901855,-3.0,246.2083282470703,430.3423767089844,-13.507740020751953,2.3779449462890625,30.529086112976074,1.0,-248.076171875,0.7900691032409668,-1291.62841796875,0.002257016720250249,-6.0937113761901855,-3.0,246.2083282470703,430.3423767089844,-13.507740020751953,1192.0,1192.0,0.0,0.016587008003230815,0.016587008003230815,0.0,0.00014582827966623386,0.00014582827966623386,0.0,0.0007630752058395225,0.0007630752058395225,0.0,0.0003,0.0003,0.0,-3.0,-3.0,0.0,0.0,0.16999999999999998,25.362499999999997,88.5625,5595.339,270,Hopper-v5,2854,Agente_1
3.8565704822540283,1,4096,15.101273816776837,97.98640710003794,3.6743071585243863,20.027322404371585,803,0.007145580432278293,-3.0,0.99,0.00016638135644225617,0.00012741787483392316,0.0003,-3.1441946029663086,0.318225622177124,-0.08196751028299332,0.9836264848709106,-0.01650904305279255,-3.0,1.1773114204406738,3.4021923542022705,0.5710849761962891,1.8645710945129395,2.4069281816482544,1.0,-3.1441946029663086,0.318225622177124,-0.08196751028299332,0.9836264848709106,-0.01650904305279255,-3.0,1.1773114204406738,3.4021923542022705,0.5710849761962891,803.0,803.0,0.0,0.007145580432278293,0.007145580432278293,0.0,0.00016638135644225617,0.00016638135644225617,0.0,0.00012741787483392316,0.00012741787483392316,0.0,0.0003,0.0003,0.0,-3.0,-3.0,0.0,0.0,0.245,24.066666666666666,45.98333333333334,3843.393,0,Hopper-v5,2854,Agente_2
9.069939136505127,2,8192,19.11472898994211,214.44396327680857,3.7672522397991077,23.325842696629213,803,0.007145580432278293,-3.0,0.99,0.00016638135644225617,0.00012741787483392316,0.0003,-4.923713684082031,0.1279478669166565,-0.20309990644454956,0.9602949619293213,-0.040514834225177765,-3.0,3.064568042755127,9.714412689208984,1.3434944152832031,0.6583845019340515,3.419494926929474,1.0,-4.923713684082031,0.1279478669166565,-0.20309990644454956,0.9602949619293213,-0.040514834225177765,-3.0,3.064568042755127,9.714412689208984,1.3434944152832031,803.0,803.0,0.0,0.007145580432278293,0.007145580432278293,0.0,0.00016638135644225617,0.00016638135644225617,0.0,0.00012741787483392316,0.00012741787483392316,0.0,0.0003,0.0003,0.0,-3.0,-3.0,0.0,0.0,0.27,28.17142857142857,47.0,4522.452,1,Hopper-v5,2854,Agente_2
14.201990604400635,3,12288,17.381499700629853,115.89941413787461,2.8686749374360074,22.34269662921348,803,0.007145580432278293,-3.0,0.99,0.00016638135644225617,0.00012741787483392316,0.0003,-5.636116981506348,0.12216377258300781,-0.32362720370292664,0.9375326633453369,-0.06450369209051132,-3.0,3.830394983291626,13.257842063903809,1.480033040046692,0.5818410515785217,4.3666911125183105,1.0,-5.636116981506348,0.12216377258300781,-0.32362720370292664,0.9375326633453369,-0.06450369209051132,-3.0,3.830394983291626,13.257842063903809,1.480033040046692,803.0,803.0,0.0,0.007145580432278293,0.007145580432278293,0.0,0.00016638135644225617,0.00016638135644225617,0.0,0.00012741787483392316,0.00012741787483392316,0.0,0.0003,0.0003,0.0,-3.0,-3.0,0.0,0.0,0.24428571428571427,28.085714285714285,47.228571428571435,4720.775,2,Hopper-v5,2854,Agente_2
19.382696390151978,4,16384,25.544123271195957,136.89609677182935,4.6953769252754665,26.88235294117647,803,0.007145580432278293,-3.0,0.99,0.00016638135644225617,0.00012741787483392316,0.0003,-6.288232803344727,0.15035229921340942,-0.4419216513633728,0.9153281450271606,-0.08847261220216751,-3.0,4.560488224029541,11.659046173095703,1.742673635482788,0.7394260168075562,4.358140230178833,1.0,-6.288232803344727,0.15035229921340942,-0.4419216513633728,0.9153281450271606,-0.08847261220216751,-3.0,4.560488224029541,11.659046173095703,1.742673635482788,803.0,803.0,0.0,0.007145580432278293,0.007145580432278293,0.0,0.00016638135644225617,0.00016638135644225617,0.0,0.00012741787483392316,0.00012741787483392316,0.0,0.0003,0.0003,0.0,-3.0,-3.0,0.0,0.0,0.2785714285714286,27.599999999999998,47.39999999999999,4833.449,3,Hopper-v5,2854,Agente_2
24.552191495895386,5,20480,22.922867010791414,147.2740830118204,4.68262428802367,26.045751633986928,803,0.007145580432278293,-3.0,0.99,0.00016638135644225617,0.00012741787483392316,0.0003,-7.539149284362793,0.18071703612804413,-0.5596327781677246,0.8936811685562134,-0.11240623146295547,-3.0,5.835331439971924,18.703710556030273,2.1870200634002686,0.7395659685134888,5.748919606208801,1.0,-7.539149284362793,0.18071703612804413,-0.5596327781677246,0.8936811685562134,-0.11240623146295547,-3.0,5.835331439971924,18.703710556030273,2.1870200634002686,803.0,803.0,0.0,0.007145580432278293,0.007145580432278293,0.0,0.00016638135644225617,0.00016638135644225617,0.0,0.00012741787483392316,0.00012741787483392316,0.0,0.0003,0.0003,0.0,-3.0,-3.0,0.0,0.0,0.20875,23.5625,47.4875,4898.396,4,Hopper-v5,2854,Agente_2
29.68802833557129,6,24576,27.15942374277637,130.830933662618,3.696066041898944,29.178571428571427,803,0.007145580432278293,-3.0,0.99,0.00016638135644225617,0.00012741787483392316,0.0003,-8.490741729736328,0.17339275777339935,-0.6792654395103455,0.8725987076759338,-0.13627956807613373,-3.0,6.824058532714844,16.93087387084961,1.7073200941085815,0.6492307186126709,6.139338493347168,1.0,-8.490741729736328,0.17339275777339935,-0.6792654395103455,0.8725987076759338,-0.13627956807613373,-3.0,6.824058532714844,16.93087387084961,1.7073200941085815,803.0,803.0,0.0,0.007145580432278293,0.007145580432278293,0.0,0.00016638135644225617,0.00016638135644225617,0.0,0.00012741787483392316,0.00012741787483392316,0.0,0.0003,0.0003,0.0,-3.0,-3.0,0.0,0.0,0.26375000000000004,25.85,47.650000000000006,4935.623,5,Hopper-v5,2854,Agente_2
34.799551486968994,7,28672,32.959606725785235,188.61394700417586,4.023681056222708,29.326241134751772,803,0.007145580432278293,-3.0,0.99,0.00016638135644225617,0.00012741787483392316,0.0003,-9.178333282470703,0.1845168024301529,-0.7838038802146912,0.8521103858947754,-0.16003917157649994,-3.0,7.550626277923584,21.75991439819336,2.844778537750244,0.748131513595581,6.156288027763367,1.0,-9.178333282470703,0.1845168024301529,-0.7838038802146912,0.8521103858947754,-0.16003917157649994,-3.0,7.550626277923584,21.75991439819336,2.844778537750244,803.0,803.0,0.0,0.007145580432278293,0.007145580432278293,0.0,0.00016638135644225617,0.00016638135644225617,0.0,0.00012741787483392316,0.00012741787483392316,0.0,0.0003,0.0003,0.0,-3.0,-3.0,0.0,0.0,0.19666666666666668,26.950000000000003,48.03333333333333,4959.01,6,Hopper-v5,2854,Agente_2
40.075775146484375,8,32768,29.448009399178826,133.40878904601587,2.183904111120511,28.902985074626866,803,0.007145580432278293,-3.0,0.99,0.00016638135644225617,0.00012741787483392316,0.0003,-10.923786163330078,0.23786698281764984,-0.8887637257575989,0.832241415977478,-0.1836327314376831,-3.0,9.32982063293457,21.23402214050293,2.272657871246338,0.740441620349884,9.076496124267578,1.0,-10.923786163330078,0.23786698281764984,-0.8887637257575989,0.832241415977478,-0.1836327314376831,-3.0,9.32982063293457,21.23402214050293,2.272657871246338,803.0,803.0,0.0,0.007145580432278293,0.007145580432278293,0.0,0.00016638135644225617,0.00016638135644225617,0.0,0.00012741787483392316,0.00012741787483392316,0.0,0.0003,0.0003,0.0,-3.0,-3.0,0.0,0.0,0.14625,28.5625,48.2625,4997.048,7,Hopper-v5,2854,Agente_2
45.52319383621216,9,36864,35.60704950135595,238.02635035263066,1.8495470086733834,32.87313432835821,803,0.007145580432278293,-3.0,0.99,0.00016638135644225617,0.00012741787483392316,0.0003,-11.639196395874023,0.23779650032520294,-0.9937065839767456,0.8130077123641968,-0.20701466500759125,-3.0,10.085481643676758,23.088699340820312,1.749733567237854,0.8677639961242676,9.892726421356201,1.0,-11.639196395874023,0.23779650032520294,-0.9937065839767456,0.8130077123641968,-0.20701466500759125,-3.0,10.085481643676758,23.088699340820312,1.749733567237854,803.0,803.0,0.0,0.007145580432278293,0.007145580432278293,0.0,0.00016638135644225617,0.00016638135644225617,0.0,0.00012741787483392316,0.00012741787483392316,0.0,0.0003,0.0003,0.0,-3.0,-3.0,0.0,0.0,0.24714285714285714,27.6,48.41428571428571,5045.858,8,Hopper-v5,2854,Agente_2
50.626482248306274,10,40960,26.90032203498943,128.32443716750166,1.6396940667732205,26.556291390728475,803,0.007145580432278293,-3.0,0.99,0.00016638135644225617,0.00012741787483392316,0.0003,-12.910066604614258,0.27913177013397217,-1.0900490283966064,0.7944121360778809,-0.230152890086174,-3.0,11.379871368408203,31.011932373046875,2.6779980659484863,0.9171488285064697,12.852692127227783,1.0,-12.910066604614258,0.27913177013397217,-1.0900490283966064,0.7944121360778809,-0.230152890086174,-3.0,11.379871368408203,31.011932373046875,2.6779980659484863,803.0,803.0,0.0,0.007145580432278293,0.007145580432278293,0.0,0.00016638135644225617,0.00016638135644225617,0.0,0.00012741787483392316,0.00012741787483392316,0.0,0.0003,0.0003,0.0,-3.0,-3.0,0.0,0.0,0.21428571428571427,27.971428571428568,48.614285714285714,5050.276,9,Hopper-v5,2854,Agente_2
55.928698778152466,11,45056,34.95140269781468,141.9130161789725,1.5187314883538225,32.39837398373984,803,0.007145580432278293,-3.0,0.99,0.00016638135644225617,0.00012741787483392316,0.0003,-13.480145454406738,0.26413947343826294,-1.2066320180892944,0.776554524898529,-0.2528884708881378,-3.0,11.943930625915527,32.623741149902344,2.390303611755371,0.8404264450073242,10.284968376159668,1.0,-13.480145454406738,0.26413947343826294,-1.2066320180892944,0.776554524898529,-0.2528884708881378,-3.0,11.943930625915527,32.623741149902344,2.390303611755371,803.0,803.0,0.0,0.007145580432278293,0.007145580432278293,0.0,0.00016638135644225617,0.00016638135644225617,0.0,0.00012741787483392316,0.00012741787483392316,0.0,0.0003,0.0003,0.0,-3.0,-3.0,0.0,0.0,0.27625,27.925,48.7625,5195.194,10,Hopper-v5,2854,Agente_2
61.162363052368164,12,49152,43.65257365865289,143.53602388003003,2.6343644416374237,33.5,803,0.007145580432278293,-3.0,0.99,0.00016638135644225617,0.00012741787483392316,0.0003,-15.16183853149414,0.3091154098510742,-1.2598557472229004,0.7593502402305603,-0.27529218792915344,-3.0,13.771713256835938,45.821842193603516,2.238874673843384,1.0487654209136963,10.877856731414795,1.0,-15.16183853149414,0.3091154098510742,-1.2598557472229004,0.7593502402305603,-0.27529218792915344,-3.0,13.771713256835938,45.821842193603516,2.238874673843384,803.0,803.0,0.0,0.007145580432278293,0.007145580432278293,0.0,0.00016638135644225617,0.00016638135644225617,0.0,0.00012741787483392316,0.00012741787483392316,0.0,0.0003,0.0003,0.0,-3.0,-3.0,0.0,0.0,0.2814285714285715,27.485714285714284,48.95714285714286,5197.299,11,Hopper-v5,2854,Agente_2
66.32258081436157,13,53248,50.415119258566264,150.95403886429665,6.039782295131631,39.75247524752475,803,0.007145580432278293,-3.0,0.99,0.00016638135644225617,0.00012741787483392316,0.0003,-17.135334014892578,0.2937736213207245,-1.2269744873046875,0.7428756356239319,-0.2972266376018524,-3.0,15.619959831237793,39.164798736572266,2.1511306762695312,1.0476608276367188,13.184062242507935,1.0,-17.135334014892578,0.2937736213207245,-1.2269744873046875,0.7428756356239319,-0.2972266376018524,-3.0,15.619959831237793,39.164798736572266,2.1511306762695312,803.0,803.0,0.0,0.007145580432278293,0.007145580432278293,0.0,0.00016638135644225617,0.00016638135644225617,0.0,0.00012741787483392316,0.00012741787483392316,0.0,0.0003,0.0003,0.0,-3.0,-3.0,0.0,0.0,0.2442857142857143,27.657142857142855,49.24285714285714,5200.471,12,Hopper-v5,2854,Agente_2
71.62967801094055,14,57344,56.04957106831008,124.84834760408478,0.9542712223130032,40.43809523809524,803,0.007145580432278293,-3.0,0.99,0.00016638135644225617,0.00012741787483392316,0.0003,-18.40060043334961,0.42982834577560425,-1.3310567140579224,0.7271685004234314,-0.31859713792800903,-3.0,16.892244338989258,38.016334533691406,2.6918880939483643,1.2494120597839355,21.513854026794434,1.0,-18.40060043334961,0.42982834577560425,-1.3310567140579224,0.7271685004234314,-0.31859713792800903,-3.0,16.892244338989258,38.016334533691406,2.6918880939483643,803.0,803.0,0.0,0.007145580432278293,0.007145580432278293,0.0,0.00016638135644225617,0.00016638135644225617,0.0,0.00012741787483392316,0.00012741787483392316,0.0,0.0003,0.0003,0.0,-3.0,-3.0,0.0,0.0,0.1123076923076923,24.646153846153847,48.26923076923077,5212.759,13,Hopper-v5,2854,Agente_2
76.65270757675171,15,61440,64.4853136877416,136.50099724554488,4.546761717168082,42.76,803,0.007145580432278293,-3.0,0.99,0.00016638135644225617,0.00012741787483392316,0.0003,-18.706905364990234,0.4373471438884735,-1.3599178791046143,0.712020993232727,-0.33964788913726807,-3.0,17.349693298339844,42.802486419677734,2.087047576904297,1.2643003463745117,21.351402282714844,1.0,-18.706905364990234,0.4373471438884735,-1.3599178791046143,0.712020993232727,-0.33964788913726807,-3.0,17.349693298339844,42.802486419677734,2.087047576904297,803.0,803.0,0.0,0.007145580432278293,0.007145580432278293,0.0,0.00016638135644225617,0.00016638135644225617,0.0,0.00012741787483392316,0.00012741787483392316,0.0,0.0003,0.0003,0.0,-3.0,-3.0,0.0,0.0,0.2742857142857143,26.971428571428568,51.17142857142857,5198.015,14,Hopper-v5,2854,Agente_2
81.79305768013,16,65536,61.13588626741272,131.35672917590304,7.505832437281154,41.04,803,0.007145580432278293,-3.0,0.99,0.00016638135644225617,0.00012741787483392316,0.0003,-20.41381072998047,0.4261634647846222,-1.4343395233154297,0.6974030137062073,-0.3603918254375458,-3.0,19.092281341552734,41.482215881347656,2.7723517417907715,1.1100492477416992,23.07763957977295,1.0,-20.41381072998047,0.4261634647846222,-1.4343395233154297,0.6974030137062073,-0.3603918254375458,-3.0,19.092281341552734,41.482215881347656,2.7723517417907715,803.0,803.0,0.0,0.007145580432278293,0.007145580432278293,0.0,0.00016638135644225617,0.00016638135644225617,0.0,0.00012741787483392316,0.00012741787483392316,0.0,0.0003,0.0003,0.0,-3.0,-3.0,0.0,0.0,0.2875,27.875,52.875,5198.609,15,Hopper-v5,2854,Agente_2
86.957848072052,17,69632,61.18791051013695,105.47824378463983,1.5335049153705536,38.60909090909091,803,0.007145580432278293,-3.0,0.99,0.00016638135644225617,0.00012741787483392316,0.0003,-21.773086547851562,0.3665097951889038,-1.4609580039978027,0.6834205985069275,-0.3806447982788086,-3.0,20.284854888916016,50.50157928466797,2.0271458625793457,1.1488995552062988,20.206543922424316,1.0,-21.773086547851562,0.3665097951889038,-1.4609580039978027,0.6834205985069275,-0.3806447982788086,-3.0,20.284854888916016,50.50157928466797,2.0271458625793457,803.0,803.0,0.0,0.007145580432278293,0.007145580432278293,0.0,0.00016638135644225617,0.00016638135644225617,0.0,0.00012741787483392316,0.00012741787483392316,0.0,0.0003,0.0003,0.0,-3.0,-3.0,0.0,0.0,0.24571428571428572,27.3,52.957142857142856,5204.063,16,Hopper-v5,2854,Agente_2
92.48027682304382,18,73728,61.16350153875235,165.16667832865136,6.635341831960772,38.27522935779817,803,0.007145580432278293,-3.0,0.99,0.00016638135644225617,0.00012741787483392316,0.0003,-22.59430694580078,0.46185386180877686,-1.3554863929748535,0.6699418425559998,-0.40056437253952026,-3.0,20.91329574584961,43.8834228515625,0.8670611381530762,1.3374924659729004,22.298843383789062,1.0,-22.59430694580078,0.46185386180877686,-1.3554863929748535,0.6699418425559998,-0.40056437253952026,-3.0,20.91329574584961,43.8834228515625,0.8670611381530762,803.0,803.0,0.0,0.007145580432278293,0.007145580432278293,0.0,0.00016638135644225617,0.00016638135644225617,0.0,0.00012741787483392316,0.00012741787483392316,0.0,0.0003,0.0003,0.0,-3.0,-3.0,0.0,0.0,0.21285714285714286,27.757142857142856,53.22857142857142,5228.793,17,Hopper-v5,2854,Agente_2
97.71500182151794,19,77824,60.619817445606415,129.50651542608912,38.07013401522911,37.81651376146789,803,0.007145580432278293,-3.0,0.99,0.00016638135644225617,0.00012741787483392316,0.0003,-24.41417694091797,0.4056483507156372,-1.543981909751892,0.6568173170089722,-0.4203493595123291,-3.0,22.975112915039062,58.661800384521484,4.587238788604736,1.3494420051574707,19.42061424255371,1.0,-24.41417694091797,0.4056483507156372,-1.543981909751892,0.6568173170089722,-0.4203493595123291,-3.0,22.975112915039062,58.661800384521484,4.587238788604736,803.0,803.0,0.0,0.007145580432278293,0.007145580432278293,0.0,0.00016638135644225617,0.00016638135644225617,0.0,0.00012741787483392316,0.00012741787483392316,0.0,0.0003,0.0003,0.0,-3.0,-3.0,0.0,0.0,0.21999999999999997,28.099999999999998,53.3875,5207.023,18,Hopper-v5,2854,Agente_2
102.99665904045105,20,81920,52.64250790122404,92.75971482746888,36.98011073497044,31.625954198473284,803,0.007145580432278293,-3.0,0.99,0.00016638135644225617,0.00012741787483392316,0.0003,-24.67414665222168,0.47071999311447144,-1.4207853078842163,0.6440094113349915,-0.4400419294834137,-3.0,23.068376541137695,41.73662567138672,2.3665032386779785,1.3573169708251953,26.37620735168457,1.0,-24.67414665222168,0.47071999311447144,-1.4207853078842163,0.6440094113349915,-0.4400419294834137,-3.0,23.068376541137695,41.73662567138672,2.3665032386779785,803.0,803.0,0.0,0.007145580432278293,0.007145580432278293,0.0,0.00016638135644225617,0.00016638135644225617,0.0,0.00012741787483392316,0.00012741787483392316,0.0,0.0003,0.0003,0.0,-3.0,-3.0,0.0,0.0,0.1842857142857143,28.071428571428573,53.48571428571428,5224.861,19,Hopper-v5,2854,Agente_2
108.37872266769409,21,86016,52.430776037627325,89.136534225291,36.432817548610046,31.06923076923077,803,0.007145580432278293,-3.0,0.99,0.00016638135644225617,0.00012741787483392316,0.0003,-26.73736000061035,0.46541252732276917,-1.6146509647369385,0.6315076947212219,-0.4596450924873352,-3.0,25.364017486572266,48.87946701049805,3.3836817741394043,1.3615899085998535,26.64936113357544,1.0,-26.73736000061035,0.46541252732276917,-1.6146509647369385,0.6315076947212219,-0.4596450924873352,-3.0,25.364017486572266,48.87946701049805,3.3836817741394043,803.0,803.0,0.0,0.007145580432278293,0.007145580432278293,0.0,0.00016638135644225617,0.00016638135644225617,0.0,0.00012741787483392316,0.00012741787483392316,0.0,0.0003,0.0003,0.0,-3.0,-3.0,0.0,0.0,0.2528571428571429,27.385714285714283,53.58571428571429,5232.535,20,Hopper-v5,2854,Agente_2
113.68777775764465,22,90112,54.6491587265933,97.02622067641221,36.043634427122115,32.18939393939394,803,0.007145580432278293,-3.0,0.99,0.00016638135644225617,0.00012741787483392316,0.0003,-28.318359375,0.5645923614501953,-1.6165785789489746,0.6190889477729797,-0.47950631380081177,-3.0,26.731945037841797,60.14479446411133,1.293251395225525,1.4472160339355469,31.18364667892456,1.0,-28.318359375,0.5645923614501953,-1.6165785789489746,0.6190889477729797,-0.47950631380081177,-3.0,26.731945037841797,60.14479446411133,1.293251395225525,803.0,803.0,0.0,0.007145580432278293,0.007145580432278293,0.0,0.00016638135644225617,0.00016638135644225617,0.0,0.00012741787483392316,0.00012741787483392316,0.0,0.0003,0.0003,0.0,-3.0,-3.0,0.0,0.0,0.27249999999999996,27.7875,53.7125,5239.972,21,Hopper-v5,2854,Agente_2
119.05673050880432,23,94208,52.520391074849975,82.97594387953441,34.62057375904204,30.746153846153845,803,0.007145580432278293,-3.0,0.99,0.00016638135644225617,0.00012741787483392316,0.0003,-29.325428009033203,0.533270001411438,-1.6050176620483398,0.606974184513092,-0.499269038438797,-3.0,27.698379516601562,59.674320220947266,2.2933175563812256,1.3950204849243164,31.636906623840332,1.0,-29.325428009033203,0.533270001411438,-1.6050176620483398,0.606974184513092,-0.499269038438797,-3.0,27.698379516601562,59.674320220947266,2.2933175563812256,803.0,803.0,0.0,0.007145580432278293,0.007145580432278293,0.0,0.00016638135644225617,0.00016638135644225617,0.0,0.00012741787483392316,0.00012741787483392316,0.0,0.0003,0.0003,0.0,-3.0,-3.0,0.0,0.0,0.29714285714285715,28.8,54.1,5260.873,22,Hopper-v5,2854,Agente_2
124.47543382644653,24,98304,55.49610025140501,103.58794187862651,35.02045598044143,32.30952380952381,803,0.007145580432278293,-3.0,0.99,0.00016638135644225617,0.00012741787483392316,0.0003,-29.93218231201172,0.5830780267715454,-1.7575504779815674,0.5951055884361267,-0.519016444683075,-3.0,28.192689895629883,61.47488021850586,1.8498743772506714,1.3544139862060547,31.509162425994873,1.0,-29.93218231201172,0.5830780267715454,-1.7575504779815674,0.5951055884361267,-0.519016444683075,-3.0,28.192689895629883,61.47488021850586,1.8498743772506714,803.0,803.0,0.0,0.007145580432278293,0.007145580432278293,0.0,0.00016638135644225617,0.00016638135644225617,0.0,0.00012741787483392316,0.00012741787483392316,0.0,0.0003,0.0003,0.0,-3.0,-3.0,0.0,0.0,0.23285714285714285,27.985714285714288,54.31428571428571,5272.137,23,Hopper-v5,2854,Agente_2
129.62148928642273,25,102400,57.3077575543231,90.34344710654399,38.203289093522535,33.32786885245902,803,0.007145580432278293,-3.0,0.99,0.00016638135644225617,0.00012741787483392316,0.0003,-31.235628128051758,0.6813532114028931,-1.714378833770752,0.5833737254142761,-0.5389272570610046,-3.0,29.541366577148438,49.54908752441406,1.1869375705718994,1.5243544578552246,33.27023696899414,1.0,-31.235628128051758,0.6813532114028931,-1.714378833770752,0.5833737254142761,-0.5389272570610046,-3.0,29.541366577148438,49.54908752441406,1.1869375705718994,803.0,803.0,0.0,0.007145580432278293,0.007145580432278293,0.0,0.00016638135644225617,0.00016638135644225617,0.0,0.00012741787483392316,0.00012741787483392316,0.0,0.0003,0.0003,0.0,-3.0,-3.0,0.0,0.0,0.25,29.028571428571432,54.5,5284.259,24,Hopper-v5,2854,Agente_2
134.88452529907227,26,106496,60.863911156810126,89.634185363427,37.1453458349724,35.00826446280992,803,0.007145580432278293,-3.0,0.99,0.00016638135644225617,0.00012741787483392316,0.0003,-32.28112030029297,0.5807840824127197,-1.8950774669647217,0.5719160437583923,-0.5587630867958069,-3.0,30.572250366210938,59.15635299682617,3.035390853881836,1.436635971069336,32.10275840759277,1.0,-32.28112030029297,0.5807840824127197,-1.8950774669647217,0.5719160437583923,-0.5587630867958069,-3.0,30.572250366210938,59.15635299682617,3.035390853881836,803.0,803.0,0.0,0.007145580432278293,0.007145580432278293,0.0,0.00016638135644225617,0.00016638135644225617,0.0,0.00012741787483392316,0.00012741787483392316,0.0,0.0003,0.0003,0.0,-3.0,-3.0,0.0,0.0,0.2571428571428572,28.3,55.542857142857144,5296.557,25,Hopper-v5,2854,Agente_2
140.4431929588318,27,110592,63.25171545994117,94.10898587808238,36.895774035153735,36.336363636363636,803,0.007145580432278293,-3.0,0.99,0.00016638135644225617,0.00012741787483392316,0.0003,-34.325965881347656,0.5700109601020813,-1.789070963859558,0.5605482459068298,-0.578839898109436,-3.0,32.67208480834961,92.10916137695312,3.808243989944458,1.4159741401672363,31.51962184906006,1.0,-34.325965881347656,0.5700109601020813,-1.789070963859558,0.5605482459068298,-0.578839898109436,-3.0,32.67208480834961,92.10916137695312,3.808243989944458,803.0,803.0,0.0,0.007145580432278293,0.007145580432278293,0.0,0.00016638135644225617,0.00016638135644225617,0.0,0.00012741787483392316,0.00012741787483392316,0.0,0.0003,0.0003,0.0,-3.0,-3.0,0.0,0.0,0.2725,26.9375,57.1375,5335.772,26,Hopper-v5,2854,Agente_2
145.63495683670044,28,114688,68.31576033978813,102.01541545161206,38.51037451512218,38.904761904761905,803,0.007145580432278293,-3.0,0.99,0.00016638135644225617,0.00012741787483392316,0.0003,-34.35010528564453,0.642273485660553,-1.9423320293426514,0.549393355846405,-0.5989405512809753,-3.0,32.987640380859375,53.448951721191406,9.519938468933105,1.3643608093261719,33.73080825805664,1.0,-34.35010528564453,0.642273485660553,-1.9423320293426514,0.549393355846405,-0.5989405512809753,-3.0,32.987640380859375,53.448951721191406,9.519938468933105,803.0,803.0,0.0,0.007145580432278293,0.007145580432278293,0.0,0.00016638135644225617,0.00016638135644225617,0.0,0.00012741787483392316,0.00012741787483392316,0.0,0.0003,0.0003,0.0,-3.0,-3.0,0.0,0.0,0.2785714285714286,26.95714285714286,57.25714285714285,5302.776,27,Hopper-v5,2854,Agente_2
150.79056906700134,29,118784,76.10325991871741,103.05694075131356,38.51362884795713,42.89,803,0.007145580432278293,-3.0,0.99,0.00016638135644225617,0.00012741787483392316,0.0003,-35.7210693359375,0.8039770126342773,-1.8539068698883057,0.5383915305137634,-0.619169294834137,-3.0,33.84521484375,58.99994659423828,8.809232711791992,1.6812210083007812,36.49820804595947,1.0,-35.7210693359375,0.8039770126342773,-1.8539068698883057,0.5383915305137634,-0.619169294834137,-3.0,33.84521484375,58.99994659423828,8.809232711791992,803.0,803.0,0.0,0.007145580432278293,0.007145580432278293,0.0,0.00016638135644225617,0.00016638135644225617,0.0,0.00012741787483392316,0.00012741787483392316,0.0,0.0003,0.0003,0.0,-3.0,-3.0,0.0,0.0,0.18285714285714288,25.471428571428568,58.771428571428565,5295.028,28,Hopper-v5,2854,Agente_2
156.28921270370483,30,122880,83.84708858450693,119.60733887495944,39.89021645336444,47.09,803,0.007145580432278293,-3.0,0.99,0.00016638135644225617,0.00012741787483392316,0.0003,-37.01849365234375,0.7752835750579834,-1.8953795433044434,0.5275769233703613,-0.6394606232643127,-3.0,35.57926940917969,64.8541488647461,9.921340942382812,1.4641022682189941,38.81652545928955,1.0,-37.01849365234375,0.7752835750579834,-1.8953795433044434,0.5275769233703613,-0.6394606232643127,-3.0,35.57926940917969,64.8541488647461,9.921340942382812,803.0,803.0,0.0,0.007145580432278293,0.007145580432278293,0.0,0.00016638135644225617,0.00016638135644225617,0.0,0.00012741787483392316,0.00012741787483392316,0.0,0.0003,0.0003,0.0,-3.0,-3.0,0.0,0.0,0.2771428571428572,28.014285714285712,58.48571428571428,5316.938,29,Hopper-v5,2854,Agente_2
161.73118019104004,31,126976,94.29277127403665,139.24889983792102,48.452561757637376,52.28,803,0.007145580432278293,-3.0,0.99,0.00016638135644225617,0.00012741787483392316,0.0003,-38.35182189941406,0.6589813232421875,-2.017265558242798,0.5169642567634583,-0.6597814559936523,-3.0,36.593544006347656,101.09691619873047,3.6796882152557373,1.2268924713134766,39.019662857055664,1.0,-38.35182189941406,0.6589813232421875,-2.017265558242798,0.5169642567634583,-0.6597814559936523,-3.0,36.593544006347656,101.09691619873047,3.6796882152557373,803.0,803.0,0.0,0.007145580432278293,0.007145580432278293,0.0,0.00016638135644225617,0.00016638135644225617,0.0,0.00012741787483392316,0.00012741787483392316,0.0,0.0003,0.0003,0.0,-3.0,-3.0,0.0,0.0,0.2575,27.875,58.55,5322.973,30,Hopper-v5,2854,Agente_2
167.00226473808289,32,131072,105.5603762719743,166.59925930652932,38.893450725981936,57.82,803,0.007145580432278293,-3.0,0.99,0.00016638135644225617,0.00012741787483392316,0.0003,-38.961631774902344,0.5722202658653259,-2.0945446491241455,0.5065539479255676,-0.6801244020462036,-3.0,37.06633377075195,66.28997802734375,6.513280391693115,1.3798789978027344,37.172122955322266,1.0,-38.961631774902344,0.5722202658653259,-2.0945446491241455,0.5065539479255676,-0.6801244020462036,-3.0,37.06633377075195,66.28997802734375,6.513280391693115,803.0,803.0,0.0,0.007145580432278293,0.007145580432278293,0.0,0.00016638135644225617,0.00016638135644225617,0.0,0.00012741787483392316,0.00012741787483392316,0.0,0.0003,0.0003,0.0,-3.0,-3.0,0.0,0.0,0.2528571428571429,27.342857142857145,58.557142857142864,5319.25,31,Hopper-v5,2854,Agente_2
172.31173610687256,33,135168,119.86529949946002,176.86127007884554,38.893450725981936,64.09,803,0.007145580432278293,-3.0,0.99,0.00016638135644225617,0.00012741787483392316,0.0003,-40.54937744140625,0.5567237138748169,-2.3072190284729004,0.4962201416492462,-0.7007356286048889,-3.0,38.99576187133789,60.801673889160156,13.349724769592285,1.1411895751953125,36.855929374694824,1.0,-40.54937744140625,0.5567237138748169,-2.3072190284729004,0.4962201416492462,-0.7007356286048889,-3.0,38.99576187133789,60.801673889160156,13.349724769592285,803.0,803.0,0.0,0.007145580432278293,0.007145580432278293,0.0,0.00016638135644225617,0.00016638135644225617,0.0,0.00012741787483392316,0.00012741787483392316,0.0,0.0003,0.0003,0.0,-3.0,-3.0,0.0,0.0,0.29625,27.8875,58.775,5313.214,32,Hopper-v5,2854,Agente_2
177.82450199127197,34,139264,140.1535202802006,180.32182043665213,38.63068961815069,71.33,803,0.007145580432278293,-3.0,0.99,0.00016638135644225617,0.00012741787483392316,0.0003,-40.7275390625,0.862953782081604,-2.2343649864196777,0.48603278398513794,-0.7214791774749756,-3.0,39.17784881591797,65.45135498046875,16.44977378845215,1.6018123626708984,40.03346252441406,1.0,-40.7275390625,0.862953782081604,-2.2343649864196777,0.48603278398513794,-0.7214791774749756,-3.0,39.17784881591797,65.45135498046875,16.44977378845215,803.0,803.0,0.0,0.007145580432278293,0.007145580432278293,0.0,0.00016638135644225617,0.00016638135644225617,0.0,0.00012741787483392316,0.00012741787483392316,0.0,0.0003,0.0003,0.0,-3.0,-3.0,0.0,0.0,0.23857142857142852,27.714285714285715,58.85714285714285,5322.751,33,Hopper-v5,2854,Agente_2
183.55611562728882,35,143360,155.38646237559678,200.03195384880303,38.63068961815069,77.05,803,0.007145580432278293,-3.0,0.99,0.00016638135644225617,0.00012741787483392316,0.0003,-42.7088623046875,0.7171694040298462,-2.118349075317383,0.47611749172210693,-0.74209064245224,-3.0,40.9473991394043,87.4200668334961,10.908845901489258,1.4240460395812988,42.13406944274902,1.0,-42.7088623046875,0.7171694040298462,-2.118349075317383,0.47611749172210693,-0.74209064245224,-3.0,40.9473991394043,87.4200668334961,10.908845901489258,803.0,803.0,0.0,0.007145580432278293,0.007145580432278293,0.0,0.00016638135644225617,0.00016638135644225617,0.0,0.00012741787483392316,0.00012741787483392316,0.0,0.0003,0.0003,0.0,-3.0,-3.0,0.0,0.0,0.2825,27.175,59.025,5381.233,34,Hopper-v5,2854,Agente_2
188.86784529685974,36,147456,166.39380595066913,200.03195384880303,40.255900559913364,81.77,803,0.007145580432278293,-3.0,0.99,0.00016638135644225617,0.00012741787483392316,0.0003,-43.26524353027344,0.7373045086860657,-2.164010524749756,0.4663514494895935,-0.7628157138824463,-3.0,41.554317474365234,79.42129516601562,2.7507402896881104,1.3847360610961914,43.48895740509033,1.0,-43.26524353027344,0.7373045086860657,-2.164010524749756,0.4663514494895935,-0.7628157138824463,-3.0,41.554317474365234,79.42129516601562,2.7507402896881104,803.0,803.0,0.0,0.007145580432278293,0.007145580432278293,0.0,0.00016638135644225617,0.00016638135644225617,0.0,0.00012741787483392316,0.00012741787483392316,0.0,0.0003,0.0003,0.0,-3.0,-3.0,0.0,0.0,0.23875,26.4125,59.2625,5386.008,35,Hopper-v5,2854,Agente_2
194.19123482704163,37,151552,170.21139502300463,186.29103107240275,55.62143253123417,82.91,803,0.007145580432278293,-3.0,0.99,0.00016638135644225617,0.00012741787483392316,0.0003,-45.85831069946289,0.569375216960907,-2.114304780960083,0.4566613733768463,-0.7838131785392761,-3.0,44.23054122924805,99.06231689453125,14.406649589538574,1.1753807067871094,37.7827091217041,1.0,-45.85831069946289,0.569375216960907,-2.114304780960083,0.4566613733768463,-0.7838131785392761,-3.0,44.23054122924805,99.06231689453125,14.406649589538574,803.0,803.0,0.0,0.007145580432278293,0.007145580432278293,0.0,0.00016638135644225617,0.00016638135644225617,0.0,0.00012741787483392316,0.00012741787483392316,0.0,0.0003,0.0003,0.0,-3.0,-3.0,0.0,0.0,0.2475,27.6,59.3875,5362.766,36,Hopper-v5,2854,Agente_2
199.63363528251648,38,155648,167.3751365264251,190.26775245315852,41.7339562001493,81.17,803,0.007145580432278293,-3.0,0.99,0.00016638135644225617,0.00012741787483392316,0.0003,-46.63038635253906,0.5983202457427979,-2.2726497650146484,0.44727009534835815,-0.8045926690101624,-3.0,45.274513244628906,82.97308349609375,10.576783180236816,1.2839860916137695,39.76601219177246,1.0,-46.63038635253906,0.5983202457427979,-2.2726497650146484,0.44727009534835815,-0.8045926690101624,-3.0,45.274513244628906,82.97308349609375,10.576783180236816,803.0,803.0,0.0,0.007145580432278293,0.007145580432278293,0.0,0.00016638135644225617,0.00016638135644225617,0.0,0.00012741787483392316,0.00012741787483392316,0.0,0.0003,0.0003,0.0,-3.0,-3.0,0.0,0.0,0.2642857142857143,27.414285714285715,59.557142857142864,5387.911,37,Hopper-v5,2854,Agente_2
204.90518593788147,39,159744,169.50255151116122,190.26775245315852,41.7339562001493,82.38,803,0.007145580432278293,-3.0,0.99,0.00016638135644225617,0.00012741787483392316,0.0003,-47.81221008300781,0.854019284248352,-2.3972558975219727,0.4379566013813019,-0.825635552406311,-3.0,46.20415496826172,86.48112487792969,13.123187065124512,1.6006050109863281,47.35595893859863,1.0,-47.81221008300781,0.854019284248352,-2.3972558975219727,0.4379566013813019,-0.825635552406311,-3.0,46.20415496826172,86.48112487792969,13.123187065124512,803.0,803.0,0.0,0.007145580432278293,0.007145580432278293,0.0,0.00016638135644225617,0.00016638135644225617,0.0,0.00012741787483392316,0.00012741787483392316,0.0,0.0003,0.0003,0.0,-3.0,-3.0,0.0,0.0,0.2814285714285714,27.357142857142858,59.642857142857146,5399.727,38,Hopper-v5,2854,Agente_2
210.56516432762146,40,163840,172.31198635231985,198.22974334851014,50.79845125233228,83.56,803,0.007145580432278293,-3.0,0.99,0.00016638135644225617,0.00012741787483392316,0.0003,-48.3282356262207,0.9338657855987549,-2.5737650394439697,0.4288606345653534,-0.8466233015060425,-3.0,46.688480377197266,101.1074447631836,10.77038860321045,1.6977849006652832,48.35487174987793,1.0,-48.3282356262207,0.9338657855987549,-2.5737650394439697,0.4288606345653534,-0.8466233015060425,-3.0,46.688480377197266,101.1074447631836,10.77038860321045,803.0,803.0,0.0,0.007145580432278293,0.007145580432278293,0.0,0.00016638135644225617,0.00016638135644225617,0.0,0.00012741787483392316,0.00012741787483392316,0.0,0.0003,0.0003,0.0,-3.0,-3.0,0.0,0.0,0.13380952380952382,19.228571428571428,59.004761904761914,5415.974,39,Hopper-v5,2854,Agente_2
215.70450639724731,41,167936,171.138091207019,198.22974334851014,45.84491438313528,82.75,803,0.007145580432278293,-3.0,0.99,0.00016638135644225617,0.00012741787483392316,0.0003,-49.575904846191406,0.6765797734260559,-2.6981053352355957,0.4198768138885498,-0.8677938580513,-3.0,48.16244125366211,89.11991882324219,11.142484664916992,1.3083009719848633,44.55722236633301,1.0,-49.575904846191406,0.6765797734260559,-2.6981053352355957,0.4198768138885498,-0.8677938580513,-3.0,48.16244125366211,89.11991882324219,11.142484664916992,803.0,803.0,0.0,0.007145580432278293,0.007145580432278293,0.0,0.00016638135644225617,0.00016638135644225617,0.0,0.00012741787483392316,0.00012741787483392316,0.0,0.0003,0.0003,0.0,-3.0,-3.0,0.0,0.0,0.20142857142857146,25.328571428571426,60.65714285714285,5385.893,40,Hopper-v5,2854,Agente_2
221.2303020954132,42,172032,172.40163854785348,196.5422849364376,45.84491438313528,83.19,803,0.007145580432278293,-3.0,0.99,0.00016638135644225617,0.00012741787483392316,0.0003,-48.743316650390625,0.697477400302887,-2.7395057678222656,0.4109697639942169,-0.8892356753349304,-3.0,46.88296127319336,86.80290985107422,7.779573440551758,1.1713037490844727,41.68609046936035,1.0,-48.743316650390625,0.697477400302887,-2.7395057678222656,0.4109697639942169,-0.8892356753349304,-3.0,46.88296127319336,86.80290985107422,7.779573440551758,803.0,803.0,0.0,0.007145580432278293,0.007145580432278293,0.0,0.00016638135644225617,0.00016638135644225617,0.0,0.00012741787483392316,0.00012741787483392316,0.0,0.0003,0.0003,0.0,-3.0,-3.0,0.0,0.0,0.175,25.112499999999997,65.65,5411.217,41,Hopper-v5,2854,Agente_2
226.3675181865692,43,176128,173.8942754725231,189.56125338155985,155.16293962300142,83.48,803,0.007145580432278293,-3.0,0.99,0.00016638135644225617,0.00012741787483392316,0.0003,-51.00391387939453,0.943652868270874,-2.505185604095459,0.40232717990875244,-0.9104896783828735,-3.0,49.27149200439453,88.5604019165039,18.872894287109375,1.6431694030761719,49.231271743774414,1.0,-51.00391387939453,0.943652868270874,-2.505185604095459,0.40232717990875244,-0.9104896783828735,-3.0,49.27149200439453,88.5604019165039,18.872894287109375,803.0,803.0,0.0,0.007145580432278293,0.007145580432278293,0.0,0.00016638135644225617,0.00016638135644225617,0.0,0.00012741787483392316,0.00012741787483392316,0.0,0.0003,0.0003,0.0,-3.0,-3.0,0.0,0.0,0.15285714285714286,25.842857142857145,67.48571428571428,5393.74,42,Hopper-v5,2854,Agente_2
231.65069937705994,44,180224,175.11019829482652,192.95923618571013,161.38188831149873,83.31,803,0.007145580432278293,-3.0,0.99,0.00016638135644225617,0.00012741787483392316,0.0003,-54.129852294921875,0.7063855528831482,-2.6950926780700684,0.39381998777389526,-0.931861400604248,-3.0,52.863861083984375,94.8161392211914,14.093236923217773,1.338623046875,49.66009998321533,1.0,-54.129852294921875,0.7063855528831482,-2.6950926780700684,0.39381998777389526,-0.931861400604248,-3.0,52.863861083984375,94.8161392211914,14.093236923217773,803.0,803.0,0.0,0.007145580432278293,0.007145580432278293,0.0,0.00016638135644225617,0.00016638135644225617,0.0,0.00012741787483392316,0.00012741787483392316,0.0,0.0003,0.0003,0.0,-3.0,-3.0,0.0,0.0,0.17857142857142858,27.12857142857143,67.02857142857142,5370.701,43,Hopper-v5,2854,Agente_2
236.9929986000061,45,184320,175.6032748705363,192.95923618571013,161.38188831149873,83.46,803,0.007145580432278293,-3.0,0.99,0.00016638135644225617,0.00012741787483392316,0.0003,-55.42369842529297,0.8550211191177368,-2.838332176208496,0.3854992985725403,-0.9532158970832825,-3.0,53.35667419433594,92.35108947753906,16.83533477783203,1.5431194305419922,51.82224464416504,1.0,-55.42369842529297,0.8550211191177368,-2.838332176208496,0.3854992985725403,-0.9532158970832825,-3.0,53.35667419433594,92.35108947753906,16.83533477783203,803.0,803.0,0.0,0.007145580432278293,0.007145580432278293,0.0,0.00016638135644225617,0.00016638135644225617,0.0,0.00012741787483392316,0.00012741787483392316,0.0,0.0003,0.0003,0.0,-3.0,-3.0,0.0,0.0,0.27571428571428575,27.457142857142856,66.25714285714285,5331.971,44,Hopper-v5,2854,Agente_2
242.2433741092682,46,188416,176.22822261097556,192.82673809621446,163.4260522315807,83.54,803,0.007145580432278293,-3.0,0.99,0.00016638135644225617,0.00012741787483392316,0.0003,-55.10895919799805,0.7459335327148438,-2.8728225231170654,0.37738749384880066,-0.9744827747344971,-3.0,53.548133850097656,92.3617172241211,12.326499938964844,1.2749967575073242,49.180620193481445,1.0,-55.10895919799805,0.7459335327148438,-2.8728225231170654,0.37738749384880066,-0.9744827747344971,-3.0,53.548133850097656,92.3617172241211,12.326499938964844,803.0,803.0,0.0,0.007145580432278293,0.007145580432278293,0.0,0.00016638135644225617,0.00016638135644225617,0.0,0.00012741787483392316,0.00012741787483392316,0.0,0.0003,0.0003,0.0,-3.0,-3.0,0.0,0.0,0.27285714285714285,27.699999999999996,66.3,5325.843,45,Hopper-v5,2854,Agente_2
247.90274381637573,47,192512,177.25151141515354,196.5175986530783,163.4260522315807,83.57,803,0.007145580432278293,-3.0,0.99,0.00016638135644225617,0.00012741787483392316,0.0003,-55.72736358642578,0.9969515204429626,-2.7702932357788086,0.3694223463535309,-0.9958146810531616,-3.0,53.83488845825195,92.3769302368164,1.3099700212478638,1.7188405990600586,54.79019260406494,1.0,-55.72736358642578,0.9969515204429626,-2.7702932357788086,0.3694223463535309,-0.9958146810531616,-3.0,53.83488845825195,92.3769302368164,1.3099700212478638,803.0,803.0,0.0,0.007145580432278293,0.007145580432278293,0.0,0.00016638135644225617,0.00016638135644225617,0.0,0.00012741787483392316,0.00012741787483392316,0.0,0.0003,0.0003,0.0,-3.0,-3.0,0.0,0.0,0.21500000000000002,27.762500000000003,66.5625,5359.174,46,Hopper-v5,2854,Agente_2
253.24246191978455,48,196608,178.62676072161784,196.5175986530783,164.46057079638948,83.75,803,0.007145580432278293,-3.0,0.99,0.00016638135644225617,0.00012741787483392316,0.0003,-57.862701416015625,0.8635358810424805,-2.7683677673339844,0.36158469319343567,-1.0172590017318726,-3.0,56.332454681396484,94.44575500488281,0.07382628321647644,1.2917289733886719,53.67940902709961,1.0,-57.862701416015625,0.8635358810424805,-2.7683677673339844,0.36158469319343567,-1.0172590017318726,-3.0,56.332454681396484,94.44575500488281,0.07382628321647644,803.0,803.0,0.0,0.007145580432278293,0.007145580432278293,0.0,0.00016638135644225617,0.00016638135644225617,0.0,0.00012741787483392316,0.00012741787483392316,0.0,0.0003,0.0003,0.0,-3.0,-3.0,0.0,0.0,0.24428571428571427,27.328571428571426,66.51428571428572,5348.669,47,Hopper-v5,2854,Agente_2
258.56201362609863,49,200704,180.32683839436854,204.05454535121402,165.64609559607626,84.05,803,0.007145580432278293,-3.0,0.99,0.00016638135644225617,0.00012741787483392316,0.0003,-58.78941345214844,0.8973748087882996,-2.927771806716919,0.353890985250473,-1.0387663841247559,-3.0,57.243953704833984,96.95903778076172,20.707937240600586,1.4799766540527344,61.095319747924805,1.0,-58.78941345214844,0.8973748087882996,-2.927771806716919,0.353890985250473,-1.0387663841247559,-3.0,57.243953704833984,96.95903778076172,20.707937240600586,803.0,803.0,0.0,0.007145580432278293,0.007145580432278293,0.0,0.00016638135644225617,0.00016638135644225617,0.0,0.00012741787483392316,0.00012741787483392316,0.0,0.0003,0.0003,0.0,-3.0,-3.0,0.0,0.0,0.32,28.028571428571432,66.50000000000001,5353.53,48,Hopper-v5,2854,Agente_2
263.67444896698,50,204800,183.46947473464314,208.1665620548981,159.17481673703574,84.77,803,0.007145580432278293,-3.0,0.99,0.00016638135644225617,0.00012741787483392316,0.0003,-58.90528106689453,0.7310089468955994,-3.064918041229248,0.34631863236427307,-1.0603959560394287,-3.0,57.097415924072266,100.15959167480469,4.311339378356934,1.3713550567626953,55.57762622833252,1.0,-58.90528106689453,0.7310089468955994,-3.064918041229248,0.34631863236427307,-1.0603959560394287,-3.0,57.097415924072266,100.15959167480469,4.311339378356934,803.0,803.0,0.0,0.007145580432278293,0.007145580432278293,0.0,0.00016638135644225617,0.00016638135644225617,0.0,0.00012741787483392316,0.00012741787483392316,0.0,0.0003,0.0003,0.0,-3.0,-3.0,0.0,0.0,0.25285714285714284,27.285714285714285,66.7,5298.409,49,Hopper-v5,2854,Agente_2
268.9302864074707,51,208896,184.77714184622346,208.1665620548981,159.17481673703574,85.05,803,0.007145580432278293,-3.0,0.99,0.00016638135644225617,0.00012741787483392316,0.0003,-59.08056640625,0.8734595775604248,-2.7934136390686035,0.3388534188270569,-1.0821876525878906,-3.0,57.18562698364258,96.61003112792969,5.893980503082275,1.6303596496582031,50.47535514831543,1.0,-59.08056640625,0.8734595775604248,-2.7934136390686035,0.3388534188270569,-1.0821876525878906,-3.0,57.18562698364258,96.61003112792969,5.893980503082275,803.0,803.0,0.0,0.007145580432278293,0.007145580432278293,0.0,0.00016638135644225617,0.00016638135644225617,0.0,0.00012741787483392316,0.00012741787483392316,0.0,0.0003,0.0003,0.0,-3.0,-3.0,0.0,0.0,0.23375,26.549999999999997,66.8,5309.661,50,Hopper-v5,2854,Agente_2
274.6010682582855,52,212992,185.77610240333496,205.88286565516205,164.74351952842707,85.3,803,0.007145580432278293,-3.0,0.99,0.00016638135644225617,0.00012741787483392316,0.0003,-61.14405059814453,0.8726785778999329,-2.9153215885162354,0.3315590023994446,-1.1039494276046753,-3.0,59.36106872558594,100.2418212890625,3.418926239013672,1.4788274765014648,54.68233108520508,1.0,-61.14405059814453,0.8726785778999329,-2.9153215885162354,0.3315590023994446,-1.1039494276046753,-3.0,59.36106872558594,100.2418212890625,3.418926239013672,803.0,803.0,0.0,0.007145580432278293,0.007145580432278293,0.0,0.00016638135644225617,0.00016638135644225617,0.0,0.00012741787483392316,0.00012741787483392316,0.0,0.0003,0.0003,0.0,-3.0,-3.0,0.0,0.0,0.22,27.74285714285714,66.84285714285714,5324.26,51,Hopper-v5,2854,Agente_2
279.979905128479,53,217088,188.72624526935454,207.92456100223455,164.74351952842707,86.03,803,0.007145580432278293,-3.0,0.99,0.00016638135644225617,0.00012741787483392316,0.0003,-62.63486862182617,0.8962857723236084,-3.225090503692627,0.3243960738182068,-1.125789999961853,-3.0,60.9024543762207,99.7963638305664,10.069924354553223,1.380387306213379,63.33177375793457,1.0,-62.63486862182617,0.8962857723236084,-3.225090503692627,0.3243960738182068,-1.125789999961853,-3.0,60.9024543762207,99.7963638305664,10.069924354553223,803.0,803.0,0.0,0.007145580432278293,0.007145580432278293,0.0,0.00016638135644225617,0.00016638135644225617,0.0,0.00012741787483392316,0.00012741787483392316,0.0,0.0003,0.0003,0.0,-3.0,-3.0,0.0,0.0,0.25125,26.8625,66.9375,5348.634,52,Hopper-v5,2854,Agente_2
285.25862741470337,54,221184,191.0293664632153,213.4013240004594,163.9808193815444,86.75,803,0.007145580432278293,-3.0,0.99,0.00016638135644225617,0.00012741787483392316,0.0003,-63.50550842285156,0.984973669052124,-3.0643796920776367,0.3174119293689728,-1.147554874420166,-3.0,61.67277145385742,99.19537353515625,2.9129719734191895,1.6187772750854492,66.48369979858398,1.0,-63.50550842285156,0.984973669052124,-3.0643796920776367,0.3174119293689728,-1.147554874420166,-3.0,61.67277145385742,99.19537353515625,2.9129719734191895,803.0,803.0,0.0,0.007145580432278293,0.007145580432278293,0.0,0.00016638135644225617,0.00016638135644225617,0.0,0.00012741787483392316,0.00012741787483392316,0.0,0.0003,0.0003,0.0,-3.0,-3.0,0.0,0.0,0.25285714285714284,27.24285714285714,67.08571428571429,5348.136,53,Hopper-v5,2854,Agente_2
290.5001018047333,55,225280,192.8068233486026,213.4013240004594,163.9808193815444,87.32,803,0.007145580432278293,-3.0,0.99,0.00016638135644225617,0.00012741787483392316,0.0003,-64.09375,0.9322760105133057,-2.9323253631591797,0.3106173872947693,-1.1691933870315552,-3.0,62.292903900146484,99.00035858154297,8.064005851745605,1.5230331420898438,57.47431945800781,1.0,-64.09375,0.9322760105133057,-2.9323253631591797,0.3106173872947693,-1.1691933870315552,-3.0,62.292903900146484,99.00035858154297,8.064005851745605,803.0,803.0,0.0,0.007145580432278293,0.007145580432278293,0.0,0.00016638135644225617,0.00016638135644225617,0.0,0.00012741787483392316,0.00012741787483392316,0.0,0.0003,0.0003,0.0,-3.0,-3.0,0.0,0.0,0.21142857142857144,26.12857142857143,68.07142857142857,5338.257,54,Hopper-v5,2854,Agente_2
295.89382314682007,56,229376,195.39942147483998,213.4013240004594,172.94589673121425,88.03,803,0.007145580432278293,-3.0,0.99,0.00016638135644225617,0.00012741787483392316,0.0003,-64.9200210571289,1.2538762092590332,-3.116469621658325,0.303986519575119,-1.1907719373703003,-3.0,62.84964370727539,103.26791381835938,7.7727861404418945,1.9604663848876953,74.20844650268555,1.0,-64.9200210571289,1.2538762092590332,-3.116469621658325,0.303986519575119,-1.1907719373703003,-3.0,62.84964370727539,103.26791381835938,7.7727861404418945,803.0,803.0,0.0,0.007145580432278293,0.007145580432278293,0.0,0.00016638135644225617,0.00016638135644225617,0.0,0.00012741787483392316,0.00012741787483392316,0.0,0.0003,0.0003,0.0,-3.0,-3.0,0.0,0.0,0.16625,25.375,69.78750000000001,5352.85,55,Hopper-v5,2854,Agente_2
301.0579881668091,57,233472,194.9611287312708,213.96617710090064,172.94589673121425,88.0,803,0.007145580432278293,-3.0,0.99,0.00016638135644225617,0.00012741787483392316,0.0003,-65.86112976074219,0.986843466758728,-3.1410164833068848,0.29754769802093506,-1.212180733680725,-3.0,64.40553283691406,102.16239929199219,17.712547302246094,1.6565332412719727,64.11569213867188,1.0,-65.86112976074219,0.986843466758728,-3.1410164833068848,0.29754769802093506,-1.212180733680725,-3.0,64.40553283691406,102.16239929199219,17.712547302246094,803.0,803.0,0.0,0.007145580432278293,0.007145580432278293,0.0,0.00016638135644225617,0.00016638135644225617,0.0,0.00012741787483392316,0.00012741787483392316,0.0,0.0003,0.0003,0.0,-3.0,-3.0,0.0,0.0,0.13000000000000003,23.728571428571428,71.68571428571428,5303.262,56,Hopper-v5,2854,Agente_2
306.7510702610016,58,237568,196.55560424069662,213.96617710090064,172.84903043175905,88.57,803,0.007145580432278293,-3.0,0.99,0.00016638135644225617,0.00012741787483392316,0.0003,-67.66702270507812,1.1718597412109375,-3.3096461296081543,0.29129675030708313,-1.233412742614746,-3.0,65.84565734863281,100.61279296875,18.582983016967773,1.7138185501098633,72.10313606262207,1.0,-67.66702270507812,1.1718597412109375,-3.3096461296081543,0.29129675030708313,-1.233412742614746,-3.0,65.84565734863281,100.61279296875,18.582983016967773,803.0,803.0,0.0,0.007145580432278293,0.007145580432278293,0.0,0.00016638135644225617,0.00016638135644225617,0.0,0.00012741787483392316,0.00012741787483392316,0.0,0.0003,0.0003,0.0,-3.0,-3.0,0.0,0.0,0.165,25.612499999999997,71.85,5338.815,57,Hopper-v5,2854,Agente_2
311.988493680954,59,241664,197.2353224925477,212.72445653736204,48.36975369707359,88.56,803,0.007145580432278293,-3.0,0.99,0.00016638135644225617,0.00012741787483392316,0.0003,-71.10842895507812,0.9822592735290527,-3.1629927158355713,0.2851634621620178,-1.2546926736831665,-3.0,69.12318420410156,117.0539321899414,24.439836502075195,1.5445575714111328,73.00967407226562,1.0,-71.10842895507812,0.9822592735290527,-3.1629927158355713,0.2851634621620178,-1.2546926736831665,-3.0,69.12318420410156,117.0539321899414,24.439836502075195,803.0,803.0,0.0,0.007145580432278293,0.007145580432278293,0.0,0.00016638135644225617,0.00016638135644225617,0.0,0.00012741787483392316,0.00012741787483392316,0.0,0.0003,0.0003,0.0,-3.0,-3.0,0.0,0.0,0.1457142857142857,25.528571428571432,73.35714285714286,5330.306,58,Hopper-v5,2854,Agente_2
317.43666768074036,60,245760,198.18850125845879,216.45205870443885,48.36975369707359,88.79,803,0.007145580432278293,-3.0,0.99,0.00016638135644225617,0.00012741787483392316,0.0003,-70.00650787353516,0.9362651109695435,-3.1680588722229004,0.2790648341178894,-1.2763111591339111,-3.0,68.10265350341797,106.35528564453125,17.4404354095459,1.6124744415283203,64.19766235351562,1.0,-70.00650787353516,0.9362651109695435,-3.1680588722229004,0.2790648341178894,-1.2763111591339111,-3.0,68.10265350341797,106.35528564453125,17.4404354095459,803.0,803.0,0.0,0.007145580432278293,0.007145580432278293,0.0,0.00016638135644225617,0.00016638135644225617,0.0,0.00012741787483392316,0.00012741787483392316,0.0,0.0003,0.0003,0.0,-3.0,-3.0,0.0,0.0,0.2871428571428572,27.185714285714287,71.58571428571429,5364.021,59,Hopper-v5,2854,Agente_2
322.6372253894806,61,249856,200.5640112350667,216.45205870443885,173.83433857101775,89.67,803,0.007145580432278293,-3.0,0.99,0.00016638135644225617,0.00012741787483392316,0.0003,-72.036865234375,0.8474963903427124,-3.432332992553711,0.273163378238678,-1.297685146331787,-3.0,70.50991821289062,108.63980102539062,14.310461044311523,1.474853515625,64.06303977966309,1.0,-72.036865234375,0.8474963903427124,-3.432332992553711,0.273163378238678,-1.297685146331787,-3.0,70.50991821289062,108.63980102539062,14.310461044311523,803.0,803.0,0.0,0.007145580432278293,0.007145580432278293,0.0,0.00016638135644225617,0.00016638135644225617,0.0,0.00012741787483392316,0.00012741787483392316,0.0,0.0003,0.0003,0.0,-3.0,-3.0,0.0,0.0,0.2885714285714286,27.971428571428568,71.58571428571427,5358.928,60,Hopper-v5,2854,Agente_2
328.02389097213745,62,253952,202.3113136385929,214.21023073712573,173.83433857101775,90.14,803,0.007145580432278293,-3.0,0.99,0.00016638135644225617,0.00012741787483392316,0.0003,-73.79593658447266,0.9031078815460205,-3.4906742572784424,0.26743218302726746,-1.3188892602920532,-3.0,72.19844818115234,109.04063415527344,19.428464889526367,1.657022476196289,74.082763671875,1.0,-73.79593658447266,0.9031078815460205,-3.4906742572784424,0.26743218302726746,-1.3188892602920532,-3.0,72.19844818115234,109.04063415527344,19.428464889526367,803.0,803.0,0.0,0.007145580432278293,0.007145580432278293,0.0,0.00016638135644225617,0.00016638135644225617,0.0,0.00012741787483392316,0.00012741787483392316,0.0,0.0003,0.0003,0.0,-3.0,-3.0,0.0,0.0,0.26249999999999996,27.6375,71.5625,5330.684,61,Hopper-v5,2854,Agente_2
333.45044898986816,63,258048,204.02265385396345,216.09489677078565,182.58255246980488,90.62,803,0.007145580432278293,-3.0,0.99,0.00016638135644225617,0.00012741787483392316,0.0003,-72.18108367919922,1.1377334594726562,-3.2099666595458984,0.26178064942359924,-1.3402483463287354,-3.0,70.14601135253906,109.33485412597656,3.5777218341827393,1.8934669494628906,73.11405563354492,1.0,-72.18108367919922,1.1377334594726562,-3.2099666595458984,0.26178064942359924,-1.3402483463287354,-3.0,70.14601135253906,109.33485412597656,3.5777218341827393,803.0,803.0,0.0,0.007145580432278293,0.007145580432278293,0.0,0.00016638135644225617,0.00016638135644225617,0.0,0.00012741787483392316,0.00012741787483392316,0.0,0.0003,0.0003,0.0,-3.0,-3.0,0.0,0.0,0.21285714285714286,27.457142857142856,71.57142857142857,5335.341,62,Hopper-v5,2854,Agente_2
338.9977328777313,64,262144,204.66045181216006,216.09489677078565,182.58255246980488,90.82,803,0.007145580432278293,-3.0,0.99,0.00016638135644225617,0.00012741787483392316,0.0003,-73.43661499023438,1.0581387281417847,-3.172010898590088,0.2561514973640442,-1.3619862794876099,-3.0,71.61323547363281,110.50818634033203,25.5704288482666,1.5379600524902344,71.68337631225586,1.0,-73.43661499023438,1.0581387281417847,-3.172010898590088,0.2561514973640442,-1.3619862794876099,-3.0,71.61323547363281,110.50818634033203,25.5704288482666,803.0,803.0,0.0,0.007145580432278293,0.007145580432278293,0.0,0.00016638135644225617,0.00016638135644225617,0.0,0.00012741787483392316,0.00012741787483392316,0.0,0.0003,0.0003,0.0,-3.0,-3.0,0.0,0.0,0.2825,27.6,71.575,5362.356,63,Hopper-v5,2854,Agente_2
344.75785398483276,65,266240,205.5236284092502,214.7252530607335,182.7786590496807,91.13,803,0.007145580432278293,-3.0,0.99,0.00016638135644225617,0.00012741787483392316,0.0003,-75.51600646972656,1.0265716314315796,-3.672224998474121,0.25058117508888245,-1.383972406387329,-3.0,74.07072448730469,109.24705505371094,28.180360794067383,1.555410385131836,76.77241134643555,1.0,-75.51600646972656,1.0265716314315796,-3.672224998474121,0.25058117508888245,-1.383972406387329,-3.0,74.07072448730469,109.24705505371094,28.180360794067383,803.0,803.0,0.0,0.007145580432278293,0.007145580432278293,0.0,0.00016638135644225617,0.00016638135644225617,0.0,0.00012741787483392316,0.00012741787483392316,0.0,0.0003,0.0003,0.0,-3.0,-3.0,0.0,0.0,0.2585714285714286,27.25714285714286,71.5,5414.021,64,Hopper-v5,2854,Agente_2
350.0483536720276,66,270336,205.6820506789044,216.55182775348453,182.7786590496807,91.32,803,0.007145580432278293,-3.0,0.99,0.00016638135644225617,0.00012741787483392316,0.0003,-76.94398498535156,0.6451618671417236,-3.969407796859741,0.24513408541679382,-1.4059499502182007,-3.0,75.68278503417969,110.385009765625,34.261966705322266,1.3458919525146484,75.95488739013672,1.0,-76.94398498535156,0.6451618671417236,-3.969407796859741,0.24513408541679382,-1.4059499502182007,-3.0,75.68278503417969,110.385009765625,34.261966705322266,803.0,803.0,0.0,0.007145580432278293,0.007145580432278293,0.0,0.00016638135644225617,0.00016638135644225617,0.0,0.00012741787483392316,0.00012741787483392316,0.0,0.0003,0.0003,0.0,-3.0,-3.0,0.0,0.0,0.25375000000000003,27.1625,71.55,5403.47,65,Hopper-v5,2854,Agente_2
355.6666491031647,67,274432,205.37050113398425,216.55182775348453,184.3934092681994,91.32,803,0.007145580432278293,-3.0,0.99,0.00016638135644225617,0.00012741787483392316,0.0003,-78.85736083984375,0.873702883720398,-3.4681544303894043,0.23957514762878418,-1.428888201713562,-3.0,77.01686096191406,111.42662048339844,16.025625228881836,1.4347953796386719,83.38163566589355,1.0,-78.85736083984375,0.873702883720398,-3.4681544303894043,0.23957514762878418,-1.428888201713562,-3.0,77.01686096191406,111.42662048339844,16.025625228881836,803.0,803.0,0.0,0.007145580432278293,0.007145580432278293,0.0,0.00016638135644225617,0.00016638135644225617,0.0,0.00012741787483392316,0.00012741787483392316,0.0,0.0003,0.0003,0.0,-3.0,-3.0,0.0,0.0,0.17125,27.175,71.30000000000001,5449.172,66,Hopper-v5,2854,Agente_2
361.1338052749634,68,278528,205.739347630169,213.9465074887762,184.3934092681994,91.33,803,0.007145580432278293,-3.0,0.99,0.00016638135644225617,0.00012741787483392316,0.0003,-79.1536636352539,0.9315727353096008,-3.703645706176758,0.23416662216186523,-1.4517223834991455,-3.0,77.76805114746094,114.38997650146484,22.804716110229492,1.4336318969726562,89.22996139526367,1.0,-79.1536636352539,0.9315727353096008,-3.703645706176758,0.23416662216186523,-1.4517223834991455,-3.0,77.76805114746094,114.38997650146484,22.804716110229492,803.0,803.0,0.0,0.007145580432278293,0.007145580432278293,0.0,0.00016638135644225617,0.00016638135644225617,0.0,0.00012741787483392316,0.00012741787483392316,0.0,0.0003,0.0003,0.0,-3.0,-3.0,0.0,0.0,0.18,26.985714285714288,71.28571428571429,5426.357,67,Hopper-v5,2854,Agente_2
366.50136733055115,69,282624,207.4394276102369,215.13744945565574,186.62262691873173,91.85,803,0.007145580432278293,-3.0,0.99,0.00016638135644225617,0.00012741787483392316,0.0003,-81.6842041015625,0.8027269840240479,-3.7340142726898193,0.22891072928905487,-1.4744231700897217,-3.0,80.3935317993164,114.31922912597656,39.22947311401367,1.4059867858886719,81.27416038513184,1.0,-81.6842041015625,0.8027269840240479,-3.7340142726898193,0.22891072928905487,-1.4744231700897217,-3.0,80.3935317993164,114.31922912597656,39.22947311401367,803.0,803.0,0.0,0.007145580432278293,0.007145580432278293,0.0,0.00016638135644225617,0.00016638135644225617,0.0,0.00012741787483392316,0.00012741787483392316,0.0,0.0003,0.0003,0.0,-3.0,-3.0,0.0,0.0,0.21250000000000002,27.8625,71.375,5439.738,68,Hopper-v5,2854,Agente_2
371.91855359077454,70,286720,207.6029666110254,216.47424830176607,186.62262691873173,92.12,803,0.007145580432278293,-3.0,0.99,0.00016638135644225617,0.00012741787483392316,0.0003,-81.10137939453125,0.8180118203163147,-3.344562292098999,0.22368350625038147,-1.4975231885910034,-3.0,79.62631225585938,117.76436614990234,27.97506332397461,1.4670238494873047,72.87842750549316,1.0,-81.10137939453125,0.8180118203163147,-3.344562292098999,0.22368350625038147,-1.4975231885910034,-3.0,79.62631225585938,117.76436614990234,27.97506332397461,803.0,803.0,0.0,0.007145580432278293,0.007145580432278293,0.0,0.00016638135644225617,0.00016638135644225617,0.0,0.00012741787483392316,0.00012741787483392316,0.0,0.0003,0.0003,0.0,-3.0,-3.0,0.0,0.0,0.1857142857142857,27.314285714285713,71.37142857142858,5436.672,69,Hopper-v5,2854,Agente_2
377.2950255870819,71,290816,207.27515717698316,216.47424830176607,191.05853546406897,92.28,803,0.007145580432278293,-3.0,0.99,0.00016638135644225617,0.00012741787483392316,0.0003,-82.67337036132812,0.7757514119148254,-3.936997175216675,0.21860423684120178,-1.520492434501648,-3.0,81.85870361328125,116.0155029296875,31.4440860748291,1.3132991790771484,87.97747421264648,1.0,-82.67337036132812,0.7757514119148254,-3.936997175216675,0.21860423684120178,-1.520492434501648,-3.0,81.85870361328125,116.0155029296875,31.4440860748291,803.0,803.0,0.0,0.007145580432278293,0.007145580432278293,0.0,0.00016638135644225617,0.00016638135644225617,0.0,0.00012741787483392316,0.00012741787483392316,0.0,0.0003,0.0003,0.0,-3.0,-3.0,0.0,0.0,0.255,27.575,71.2875,5454.211,70,Hopper-v5,2854,Agente_2
383.0464367866516,72,294912,205.8593925957235,216.38623242869798,189.49646183838055,92.01,803,0.007145580432278293,-3.0,0.99,0.00016638135644225617,0.00012741787483392316,0.0003,-83.85025024414062,0.7658179402351379,-3.6826984882354736,0.2136961817741394,-1.5432000160217285,-3.0,82.2871322631836,116.29307556152344,40.86248779296875,1.50225830078125,76.89233779907227,1.0,-83.85025024414062,0.7658179402351379,-3.6826984882354736,0.2136961817741394,-1.5432000160217285,-3.0,82.2871322631836,116.29307556152344,40.86248779296875,803.0,803.0,0.0,0.007145580432278293,0.007145580432278293,0.0,0.00016638135644225617,0.00016638135644225617,0.0,0.00012741787483392316,0.00012741787483392316,0.0,0.0003,0.0003,0.0,-3.0,-3.0,0.0,0.0,0.24000000000000002,27.5625,71.3,5490.608,71,Hopper-v5,2854,Agente_2
388.36978578567505,73,299008,203.91122713843274,216.38623242869798,189.49646183838055,91.39,803,0.007145580432278293,-3.0,0.99,0.00016638135644225617,0.00012741787483392316,0.0003,-84.49810028076172,0.87799072265625,-3.840977191925049,0.20893670618534088,-1.5657238960266113,-3.0,83.14999389648438,119.29345703125,34.917755126953125,1.6114578247070312,84.58157539367676,1.0,-84.49810028076172,0.87799072265625,-3.840977191925049,0.20893670618534088,-1.5657238960266113,-3.0,83.14999389648438,119.29345703125,34.917755126953125,803.0,803.0,0.0,0.007145580432278293,0.007145580432278293,0.0,0.00016638135644225617,0.00016638135644225617,0.0,0.00012741787483392316,0.00012741787483392316,0.0,0.0003,0.0003,0.0,-3.0,-3.0,0.0,0.0,0.19142857142857145,25.642857142857142,71.89999999999999,5480.452,72,Hopper-v5,2854,Agente_2
393.61338996887207,74,303104,204.23290648172278,215.35040954803245,192.91585899515337,91.56,803,0.007145580432278293,-3.0,0.99,0.00016638135644225617,0.00012741787483392316,0.0003,-86.11898803710938,0.822486162185669,-3.6183743476867676,0.20429088175296783,-1.5882103443145752,-3.0,84.62858581542969,119.37992095947266,42.888580322265625,1.572805404663086,82.6163501739502,1.0,-86.11898803710938,0.822486162185669,-3.6183743476867676,0.20429088175296783,-1.5882103443145752,-3.0,84.62858581542969,119.37992095947266,42.888580322265625,803.0,803.0,0.0,0.007145580432278293,0.007145580432278293,0.0,0.00016638135644225617,0.00016638135644225617,0.0,0.00012741787483392316,0.00012741787483392316,0.0,0.0003,0.0003,0.0,-3.0,-3.0,0.0,0.0,0.18142857142857144,25.342857142857145,72.72857142857143,5450.085,73,Hopper-v5,2854,Agente_2
398.79998326301575,75,307200,203.43999744745165,215.35040954803245,191.8504396603507,91.14,803,0.007145580432278293,-3.0,0.99,0.00016638135644225617,0.00012741787483392316,0.0003,-86.34805297851562,0.8332146406173706,-3.877978801727295,0.19978347420692444,-1.6105210781097412,-3.0,84.87814331054688,119.18379211425781,32.96643829345703,1.377157211303711,88.13810348510742,1.0,-86.34805297851562,0.8332146406173706,-3.877978801727295,0.19978347420692444,-1.6105210781097412,-3.0,84.87814331054688,119.18379211425781,32.96643829345703,803.0,803.0,0.0,0.007145580432278293,0.007145580432278293,0.0,0.00016638135644225617,0.00016638135644225617,0.0,0.00012741787483392316,0.00012741787483392316,0.0,0.0003,0.0003,0.0,-3.0,-3.0,0.0,0.0,0.15571428571428572,25.842857142857138,73.88571428571429,5392.629,74,Hopper-v5,2854,Agente_2
404.3109652996063,76,311296,201.73722020584083,215.33365330174973,191.25552362666906,90.38,803,0.007145580432278293,-3.0,0.99,0.00016638135644225617,0.00012741787483392316,0.0003,-88.22112274169922,0.86932373046875,-4.059886932373047,0.19531889259815216,-1.6331217288970947,-3.0,87.20157623291016,120.80728149414062,53.486671447753906,1.3901195526123047,86.83751487731934,1.0,-88.22112274169922,0.86932373046875,-4.059886932373047,0.19531889259815216,-1.6331217288970947,-3.0,87.20157623291016,120.80728149414062,53.486671447753906,803.0,803.0,0.0,0.007145580432278293,0.007145580432278293,0.0,0.00016638135644225617,0.00016638135644225617,0.0,0.00012741787483392316,0.00012741787483392316,0.0,0.0003,0.0003,0.0,-3.0,-3.0,0.0,0.0,0.16999999999999998,26.525,72.7375,5414.884,75,Hopper-v5,2854,Agente_2
409.61122369766235,77,315392,200.20912720489633,214.00271363908843,191.25552362666906,89.72,803,0.007145580432278293,-3.0,0.99,0.00016638135644225617,0.00012741787483392316,0.0003,-88.36837768554688,0.7635350227355957,-3.7361958026885986,0.19100652635097504,-1.6554476022720337,-3.0,86.98986053466797,121.46266174316406,31.978300094604492,1.4355316162109375,77.2851448059082,1.0,-88.36837768554688,0.7635350227355957,-3.7361958026885986,0.19100652635097504,-1.6554476022720337,-3.0,86.98986053466797,121.46266174316406,31.978300094604492,803.0,803.0,0.0,0.007145580432278293,0.007145580432278293,0.0,0.00016638135644225617,0.00016638135644225617,0.0,0.00012741787483392316,0.00012741787483392316,0.0,0.0003,0.0003,0.0,-3.0,-3.0,0.0,0.0,0.25142857142857145,27.599999999999998,72.05714285714285,5383.046,76,Hopper-v5,2854,Agente_2
346.4014525413513,66,270336,54.68656010941096,117.51772863794102,6.496551546986387,48.26027397260274,1788,0.003616410305750562,-3.0,0.99,0.00021874241949935077,0.0005087168038930151,0.0003,-2.005782127380371,0.2339460849761963,-5.935629844665527,0.24645817279815674,-1.4005630016326904,-3.0,1.3829820156097412,16.776535034179688,-13.161364555358887,1.789344847202301,7.0080039501190186,1.0,-2.005782127380371,0.2339460849761963,-5.935629844665527,0.24645817279815674,-1.4005630016326904,-3.0,1.3829820156097412,16.776535034179688,-13.161364555358887,1788.0,1788.0,0.0,0.003616410305750562,0.003616410305750562,0.0,0.00021874241949935077,0.00021874241949935077,0.0,0.0005087168038930151,0.0005087168038930151,0.0,0.0003,0.0003,0.0,-3.0,-3.0,0.0,0.0,0.22444444444444445,25.133333333333333,74.26666666666668,5427.503,77,Hopper-v5,2854,Agente_2
351.6486942768097,67,274432,82.87977902747127,230.78295259954865,6.5620387851366395,60.14,1788,0.003616410305750562,-3.0,0.99,0.00021874241949935077,0.0005087168038930151,0.0003,-2.9604663848876953,0.05828165262937546,-6.602141380310059,0.23772963881492615,-1.4366211891174316,-3.0,2.694578170776367,6.486007213592529,-3.099846839904785,0.6075419187545776,2.07316917181015,1.0,-2.9604663848876953,0.05828165262937546,-6.602141380310059,0.23772963881492615,-1.4366211891174316,-3.0,2.694578170776367,6.486007213592529,-3.099846839904785,1788.0,1788.0,0.0,0.003616410305750562,0.003616410305750562,0.0,0.00021874241949935077,0.00021874241949935077,0.0,0.0005087168038930151,0.0005087168038930151,0.0,0.0003,0.0003,0.0,-3.0,-3.0,0.0,0.0,0.24428571428571427,27.228571428571428,77.12857142857142,5332.412,78,Hopper-v5,2854,Agente_2
356.8293800354004,68,278528,133.7931997740412,237.45401156548536,11.746741233995818,76.12,1788,0.003616410305750562,-3.0,0.99,0.00021874241949935077,0.0005087168038930151,0.0003,-3.317258358001709,0.03490974009037018,-6.760974407196045,0.22928021848201752,-1.4728103876113892,-3.0,3.026986598968506,6.654709815979004,-1.6141318082809448,0.4297221899032593,1.5063583552837372,1.0,-3.317258358001709,0.03490974009037018,-6.760974407196045,0.22928021848201752,-1.4728103876113892,-3.0,3.026986598968506,6.654709815979004,-1.6141318082809448,1788.0,1788.0,0.0,0.003616410305750562,0.003616410305750562,0.0,0.00021874241949935077,0.00021874241949935077,0.0,0.0005087168038930151,0.0005087168038930151,0.0,0.0003,0.0003,0.0,-3.0,-3.0,0.0,0.0,0.2885714285714286,28.185714285714283,77.07142857142857,5277.678,79,Hopper-v5,2854,Agente_2
361.93427753448486,69,282624,174.0427336256793,239.18777485558792,29.98644283594875,89.08,1788,0.003616410305750562,-3.0,0.99,0.00021874241949935077,0.0005087168038930151,0.0003,-3.7520041465759277,0.022364050149917603,-7.091409683227539,0.22136203944683075,-1.50795578956604,-3.0,3.451946258544922,7.306457042694092,-1.7128607034683228,0.35570091009140015,1.1492545902729034,1.0,-3.7520041465759277,0.022364050149917603,-7.091409683227539,0.22136203944683075,-1.50795578956604,-3.0,3.451946258544922,7.306457042694092,-1.7128607034683228,1788.0,1788.0,0.0,0.003616410305750562,0.003616410305750562,0.0,0.00021874241949935077,0.00021874241949935077,0.0,0.0005087168038930151,0.0005087168038930151,0.0,0.0003,0.0003,0.0,-3.0,-3.0,0.0,0.0,0.31285714285714283,27.52857142857143,77.07142857142857,5232.09,80,Hopper-v5,2854,Agente_2
367.1018989086151,70,286720,191.8523994613298,282.16550569192646,12.030863215416176,93.45,1788,0.003616410305750562,-3.0,0.99,0.00021874241949935077,0.0005087168038930151,0.0003,-4.206782817840576,0.02972855605185032,-7.317457675933838,0.21399493515491486,-1.541803002357483,-3.0,3.929649829864502,7.064967632293701,-1.7505922317504883,0.3209277093410492,1.2197272777557373,1.0,-4.206782817840576,0.02972855605185032,-7.317457675933838,0.21399493515491486,-1.541803002357483,-3.0,3.929649829864502,7.064967632293701,-1.7505922317504883,1788.0,1788.0,0.0,0.003616410305750562,0.003616410305750562,0.0,0.00021874241949935077,0.00021874241949935077,0.0,0.0005087168038930151,0.0005087168038930151,0.0,0.0003,0.0003,0.0,-3.0,-3.0,0.0,0.0,0.2742857142857143,27.357142857142858,77.01428571428572,5216.96,81,Hopper-v5,2854,Agente_2
372.4023332595825,71,290816,195.06577598092406,321.80987345846086,12.030863215416176,95.4,1788,0.003616410305750562,-3.0,0.99,0.00021874241949935077,0.0005087168038930151,0.0003,-4.894655227661133,0.01974412053823471,-7.533685684204102,0.20709362626075745,-1.5745842456817627,-3.0,4.595271110534668,9.046948432922363,-1.496232032775879,0.28279292583465576,0.9454055428504944,1.0,-4.894655227661133,0.01974412053823471,-7.533685684204102,0.20709362626075745,-1.5745842456817627,-3.0,4.595271110534668,9.046948432922363,-1.496232032775879,1788.0,1788.0,0.0,0.003616410305750562,0.003616410305750562,0.0,0.00021874241949935077,0.00021874241949935077,0.0,0.0005087168038930151,0.0005087168038930151,0.0,0.0003,0.0003,0.0,-3.0,-3.0,0.0,0.0,0.20142857142857146,27.442857142857143,76.84285714285716,5228.668,82,Hopper-v5,2854,Agente_2
377.68065643310547,72,294912,203.26461139731487,321.80987345846086,99.94440146085257,100.0,1788,0.003616410305750562,-3.0,0.99,0.00021874241949935077,0.0005087168038930151,0.0003,-5.3833746910095215,0.024952247738838196,-7.570333480834961,0.20065581798553467,-1.6061642169952393,-3.0,5.119638442993164,8.739665031433105,-1.0338830947875977,0.29827117919921875,0.7707231044769287,1.0,-5.3833746910095215,0.024952247738838196,-7.570333480834961,0.20065581798553467,-1.6061642169952393,-3.0,5.119638442993164,8.739665031433105,-1.0338830947875977,1788.0,1788.0,0.0,0.003616410305750562,0.003616410305750562,0.0,0.00021874241949935077,0.00021874241949935077,0.0,0.0005087168038930151,0.0005087168038930151,0.0,0.0003,0.0003,0.0,-3.0,-3.0,0.0,0.0,0.22,27.7125,76.8375,5233.693,83,Hopper-v5,2854,Agente_2
382.8708996772766,73,299008,200.6550069958601,321.80987345846086,68.79847857097538,99.8,1788,0.003616410305750562,-3.0,0.99,0.00021874241949935077,0.0005087168038930151,0.0003,-5.934237480163574,0.029969384893774986,-7.610330104827881,0.19460275769233704,-1.636794924736023,-3.0,5.661149024963379,8.624499320983887,-2.045316696166992,0.22620737552642822,0.8248870521783829,1.0,-5.934237480163574,0.029969384893774986,-7.610330104827881,0.19460275769233704,-1.636794924736023,-3.0,5.661149024963379,8.624499320983887,-2.045316696166992,1788.0,1788.0,0.0,0.003616410305750562,0.003616410305750562,0.0,0.00021874241949935077,0.00021874241949935077,0.0,0.0005087168038930151,0.0005087168038930151,0.0,0.0003,0.0003,0.0,-3.0,-3.0,0.0,0.0,0.22428571428571425,27.114285714285717,76.87142857142858,5227.046,84,Hopper-v5,2854,Agente_2
387.89167189598083,74,303104,200.44718786400932,284.62938936927725,68.79847857097538,98.46,1788,0.003616410305750562,-3.0,0.99,0.00021874241949935077,0.0005087168038930151,0.0003,-6.492493152618408,0.028547119349241257,-7.7178568840026855,0.18890976905822754,-1.6664857864379883,-3.0,6.219316482543945,10.375138282775879,-0.5449484586715698,0.2307208776473999,0.8105403184890747,1.0,-6.492493152618408,0.028547119349241257,-7.7178568840026855,0.18890976905822754,-1.6664857864379883,-3.0,6.219316482543945,10.375138282775879,-0.5449484586715698,1788.0,1788.0,0.0,0.003616410305750562,0.003616410305750562,0.0,0.00021874241949935077,0.00021874241949935077,0.0,0.0005087168038930151,0.0005087168038930151,0.0,0.0003,0.0003,0.0,-3.0,-3.0,0.0,0.0,0.14000000000000004,25.671428571428574,77.60000000000001,5202.455,85,Hopper-v5,2854,Agente_2
392.7570044994354,75,307200,208.17476419948213,362.59144011507215,68.79847857097538,101.94,1788,0.003616410305750562,-3.0,0.99,0.00021874241949935077,0.0005087168038930151,0.0003,-7.052050590515137,0.030105696991086006,-7.793888568878174,0.18353216350078583,-1.695365309715271,-3.0,6.751123428344727,10.604483604431152,0.7014124393463135,0.24570411443710327,0.7568429112434387,1.0,-7.052050590515137,0.030105696991086006,-7.793888568878174,0.18353216350078583,-1.695365309715271,-3.0,6.751123428344727,10.604483604431152,0.7014124393463135,1788.0,1788.0,0.0,0.003616410305750562,0.003616410305750562,0.0,0.00021874241949935077,0.00021874241949935077,0.0,0.0005087168038930151,0.0005087168038930151,0.0,0.0003,0.0003,0.0,-3.0,-3.0,0.0,0.0,0.225,20.03333333333333,78.08333333333333,5167.606,86,Hopper-v5,2854,Agente_2
398.49667859077454,76,311296,213.6180533284703,362.59144011507215,154.58949707362575,102.68,1788,0.003616410305750562,-3.0,0.99,0.00021874241949935077,0.0005087168038930151,0.0003,-7.632822513580322,0.0384034663438797,-7.585400104522705,0.17843440175056458,-1.7235342264175415,-3.0,7.381071090698242,11.21238899230957,0.7144861221313477,0.22719800472259521,0.8109163045883179,1.0,-7.632822513580322,0.0384034663438797,-7.585400104522705,0.17843440175056458,-1.7235342264175415,-3.0,7.381071090698242,11.21238899230957,0.7144861221313477,1788.0,1788.0,0.0,0.003616410305750562,0.003616410305750562,0.0,0.00021874241949935077,0.00021874241949935077,0.0,0.0005087168038930151,0.0005087168038930151,0.0,0.0003,0.0003,0.0,-3.0,-3.0,0.0,0.0,0.07409090909090908,15.522727272727275,75.7,5197.531,87,Hopper-v5,2854,Agente_2
403.7512435913086,77,315392,209.66183394500547,261.24691965374404,164.07064231503443,97.21,1788,0.003616410305750562,-3.0,0.99,0.00021874241949935077,0.0005087168038930151,0.0003,-8.480531692504883,0.04475504159927368,-7.739558219909668,0.17358167469501495,-1.7511069774627686,-3.0,8.281929016113281,11.972383499145508,3.433753728866577,0.21896874904632568,5.935608744621277,1.0,-8.480531692504883,0.04475504159927368,-7.739558219909668,0.17358167469501495,-1.7511069774627686,-3.0,8.281929016113281,11.972383499145508,3.433753728866577,1788.0,1788.0,0.0,0.003616410305750562,0.003616410305750562,0.0,0.00021874241949935077,0.00021874241949935077,0.0,0.0005087168038930151,0.0005087168038930151,0.0,0.0003,0.0003,0.0,-3.0,-3.0,0.0,0.0,0.22857142857142856,25.785714285714285,76.20000000000002,5198.018,88,Hopper-v5,2854,Agente_2
408.90731716156006,78,319488,207.25842367480524,239.74591132133713,172.72540966855343,94.27,1788,0.003616410305750562,-3.0,0.99,0.00021874241949935077,0.0005087168038930151,0.0003,-9.017166137695312,0.03269229829311371,-7.909374237060547,0.1689547747373581,-1.778124213218689,-3.0,8.799606323242188,13.017754554748535,-0.855811357498169,0.21053040027618408,0.9250058531761169,1.0,-9.017166137695312,0.03269229829311371,-7.909374237060547,0.1689547747373581,-1.778124213218689,-3.0,8.799606323242188,13.017754554748535,-0.855811357498169,1788.0,1788.0,0.0,0.003616410305750562,0.003616410305750562,0.0,0.00021874241949935077,0.00021874241949935077,0.0,0.0005087168038930151,0.0005087168038930151,0.0,0.0003,0.0003,0.0,-3.0,-3.0,0.0,0.0,0.23285714285714285,26.171428571428574,81.88571428571429,5195.442,89,Hopper-v5,2854,Agente_2
414.1727809906006,79,323584,206.01500453653745,239.74591132133713,140.1550912873982,92.92,1788,0.003616410305750562,-3.0,0.99,0.00021874241949935077,0.0005087168038930151,0.0003,-9.674455642700195,0.040812645107507706,-8.037700653076172,0.1645360141992569,-1.8046257495880127,-3.0,9.48459243774414,14.041733741760254,1.0321974754333496,0.23065924644470215,2.1220942735671997,1.0,-9.674455642700195,0.040812645107507706,-8.037700653076172,0.1645360141992569,-1.8046257495880127,-3.0,9.48459243774414,14.041733741760254,1.0321974754333496,1788.0,1788.0,0.0,0.003616410305750562,0.003616410305750562,0.0,0.00021874241949935077,0.00021874241949935077,0.0,0.0005087168038930151,0.0005087168038930151,0.0,0.0003,0.0003,0.0,-3.0,-3.0,0.0,0.0,0.25428571428571434,27.514285714285712,83.34285714285714,5211.322,90,Hopper-v5,2854,Agente_2
419.518274307251,80,327680,206.23247314180063,239.74591132133713,140.1550912873982,92.47,1788,0.003616410305750562,-3.0,0.99,0.00021874241949935077,0.0005087168038930151,0.0003,-10.223760604858398,0.03568386286497116,-7.775368690490723,0.16030390560626984,-1.830683946609497,-3.0,10.0762939453125,15.104366302490234,4.9600629806518555,0.23230910301208496,1.013002097606659,1.0,-10.223760604858398,0.03568386286497116,-7.775368690490723,0.16030390560626984,-1.830683946609497,-3.0,10.0762939453125,15.104366302490234,4.9600629806518555,1788.0,1788.0,0.0,0.003616410305750562,0.003616410305750562,0.0,0.00021874241949935077,0.00021874241949935077,0.0,0.0005087168038930151,0.0005087168038930151,0.0,0.0003,0.0003,0.0,-3.0,-3.0,0.0,0.0,0.22428571428571428,27.357142857142858,83.37142857142858,5228.857,91,Hopper-v5,2854,Agente_2
424.8695640563965,81,331776,206.61004194494785,219.11924969483067,140.1550912873982,92.3,1788,0.003616410305750562,-3.0,0.99,0.00021874241949935077,0.0005087168038930151,0.0003,-10.894083976745605,0.04727086052298546,-8.052068710327148,0.15625064074993134,-1.8562939167022705,-3.0,10.698867797851562,16.08896255493164,2.6255857944488525,0.22861504554748535,1.2077623307704926,1.0,-10.894083976745605,0.04727086052298546,-8.052068710327148,0.15625064074993134,-1.8562939167022705,-3.0,10.698867797851562,16.08896255493164,2.6255857944488525,1788.0,1788.0,0.0,0.003616410305750562,0.003616410305750562,0.0,0.00021874241949935077,0.00021874241949935077,0.0,0.0005087168038930151,0.0005087168038930151,0.0,0.0003,0.0003,0.0,-3.0,-3.0,0.0,0.0,0.21750000000000003,27.4,83.36250000000001,5234.197,92,Hopper-v5,2854,Agente_2
430.32935070991516,82,335872,208.03297901565648,225.48275696949685,187.10457123417848,92.48,1788,0.003616410305750562,-3.0,0.99,0.00021874241949935077,0.0005087168038930151,0.0003,-11.791604995727539,0.0336121991276741,-8.16041374206543,0.15234825015068054,-1.8815861940383911,-3.0,11.629343032836914,17.972423553466797,3.690002679824829,0.212327241897583,0.648330807685852,1.0,-11.791604995727539,0.0336121991276741,-8.16041374206543,0.15234825015068054,-1.8815861940383911,-3.0,11.629343032836914,17.972423553466797,3.690002679824829,1788.0,1788.0,0.0,0.003616410305750562,0.003616410305750562,0.0,0.00021874241949935077,0.00021874241949935077,0.0,0.0005087168038930151,0.0005087168038930151,0.0,0.0003,0.0003,0.0,-3.0,-3.0,0.0,0.0,0.25875000000000004,27.525,83.275,5252.619,93,Hopper-v5,2854,Agente_2
435.62229657173157,83,339968,210.09722613693455,225.48275696949685,193.11647018094325,93.06,1788,0.003616410305750562,-3.0,0.99,0.00021874241949935077,0.0005087168038930151,0.0003,-12.417810440063477,0.06909777224063873,-8.028974533081055,0.14861485362052917,-1.9063972234725952,-3.0,12.221271514892578,18.711904525756836,0.3783281147480011,0.217573881149292,9.337127923965454,1.0,-12.417810440063477,0.06909777224063873,-8.028974533081055,0.14861485362052917,-1.9063972234725952,-3.0,12.221271514892578,18.711904525756836,0.3783281147480011,1788.0,1788.0,0.0,0.003616410305750562,0.003616410305750562,0.0,0.00021874241949935077,0.00021874241949935077,0.0,0.0005087168038930151,0.0005087168038930151,0.0,0.0003,0.0003,0.0,-3.0,-3.0,0.0,0.0,0.21428571428571427,27.614285714285717,83.35714285714286,5262.864,94,Hopper-v5,2854,Agente_2
440.7919030189514,84,344064,211.39963513986328,223.8514083767739,196.57737714194795,93.24,1788,0.003616410305750562,-3.0,0.99,0.00021874241949935077,0.0005087168038930151,0.0003,-12.840046882629395,0.0659259632229805,-8.073211669921875,0.14500994980335236,-1.9309529066085815,-3.0,12.68691635131836,18.924781799316406,2.742238998413086,0.2217414379119873,9.5892333984375,1.0,-12.840046882629395,0.0659259632229805,-8.073211669921875,0.14500994980335236,-1.9309529066085815,-3.0,12.68691635131836,18.924781799316406,2.742238998413086,1788.0,1788.0,0.0,0.003616410305750562,0.003616410305750562,0.0,0.00021874241949935077,0.00021874241949935077,0.0,0.0005087168038930151,0.0005087168038930151,0.0,0.0003,0.0003,0.0,-3.0,-3.0,0.0,0.0,0.26142857142857145,27.657142857142862,83.25714285714285,5277.979,95,Hopper-v5,2854,Agente_2
446.05777049064636,85,348160,211.9132494671919,227.77216152883088,196.30770975754803,93.35,1788,0.003616410305750562,-3.0,0.99,0.00021874241949935077,0.0005087168038930151,0.0003,-13.352060317993164,0.06115870922803879,-8.004283905029297,0.14155715703964233,-1.9550516605377197,-3.0,13.151372909545898,19.482906341552734,5.961308002471924,0.2297959327697754,10.179603338241577,1.0,-13.352060317993164,0.06115870922803879,-8.004283905029297,0.14155715703964233,-1.9550516605377197,-3.0,13.151372909545898,19.482906341552734,5.961308002471924,1788.0,1788.0,0.0,0.003616410305750562,0.003616410305750562,0.0,0.00021874241949935077,0.00021874241949935077,0.0,0.0005087168038930151,0.0005087168038930151,0.0,0.0003,0.0003,0.0,-3.0,-3.0,0.0,0.0,0.27285714285714285,27.757142857142856,83.11428571428573,5317.952,96,Hopper-v5,2854,Agente_2
451.2402894496918,86,352256,212.10831683680536,240.75266748132407,196.30770975754803,93.3,1788,0.003616410305750562,-3.0,0.99,0.00021874241949935077,0.0005087168038930151,0.0003,-14.407014846801758,0.06005651131272316,-8.133248329162598,0.13820980489253998,-1.9789824485778809,-3.0,14.20651626586914,21.216005325317383,5.003894329071045,0.20118427276611328,10.545948028564453,1.0,-14.407014846801758,0.06005651131272316,-8.133248329162598,0.13820980489253998,-1.9789824485778809,-3.0,14.20651626586914,21.216005325317383,5.003894329071045,1788.0,1788.0,0.0,0.003616410305750562,0.003616410305750562,0.0,0.00021874241949935077,0.00021874241949935077,0.0,0.0005087168038930151,0.0005087168038930151,0.0,0.0003,0.0003,0.0,-3.0,-3.0,0.0,0.0,0.2842857142857143,27.342857142857145,83.12857142857142,5262.179,97,Hopper-v5,2854,Agente_2
457.41177320480347,87,356352,212.9896993664288,240.75266748132407,190.731290761734,93.51,1788,0.003616410305750562,-3.0,0.99,0.00021874241949935077,0.0005087168038930151,0.0003,-14.750371932983398,0.08601853251457214,-8.249645233154297,0.13496243953704834,-2.002758741378784,-3.0,14.606768608093262,21.298959732055664,3.599966287612915,0.22897076606750488,11.585728645324707,1.0,-14.750371932983398,0.08601853251457214,-8.249645233154297,0.13496243953704834,-2.002758741378784,-3.0,14.606768608093262,21.298959732055664,3.599966287612915,1788.0,1788.0,0.0,0.003616410305750562,0.003616410305750562,0.0,0.00021874241949935077,0.00021874241949935077,0.0,0.0005087168038930151,0.0005087168038930151,0.0,0.0003,0.0003,0.0,-3.0,-3.0,0.0,0.0,0.23500000000000001,27.525,83.16250000000001,5353.938,98,Hopper-v5,2854,Agente_2
462.74050784111023,88,360448,213.768744581073,233.11675598233666,190.731290761734,93.56,1788,0.003616410305750562,-3.0,0.99,0.00021874241949935077,0.0005087168038930151,0.0003,-15.39080810546875,0.0975470244884491,-8.14028549194336,0.13183672726154327,-2.026190996170044,-3.0,15.218263626098633,23.374338150024414,2.1112287044525146,0.22906923294067383,12.555758237838745,1.0,-15.39080810546875,0.0975470244884491,-8.14028549194336,0.13183672726154327,-2.026190996170044,-3.0,15.218263626098633,23.374338150024414,2.1112287044525146,1788.0,1788.0,0.0,0.003616410305750562,0.003616410305750562,0.0,0.00021874241949935077,0.00021874241949935077,0.0,0.0005087168038930151,0.0005087168038930151,0.0,0.0003,0.0003,0.0,-3.0,-3.0,0.0,0.0,0.25142857142857145,27.82857142857143,83.27142857142857,5371.477,99,Hopper-v5,2854,Agente_2
467.970299243927,89,364544,214.51381898037772,233.11675598233666,202.05544909803763,93.73,1788,0.003616410305750562,-3.0,0.99,0.00021874241949935077,0.0005087168038930151,0.0003,-16.104642868041992,0.08371980488300323,-8.053994178771973,0.12880933284759521,-2.049422025680542,-3.0,15.900674819946289,24.07982063293457,8.374853134155273,0.22135186195373535,12.494625329971313,1.0,-16.104642868041992,0.08371980488300323,-8.053994178771973,0.12880933284759521,-2.049422025680542,-3.0,15.900674819946289,24.07982063293457,8.374853134155273,1788.0,1788.0,0.0,0.003616410305750562,0.003616410305750562,0.0,0.00021874241949935077,0.00021874241949935077,0.0,0.0005087168038930151,0.0005087168038930151,0.0,0.0003,0.0003,0.0,-3.0,-3.0,0.0,0.0,0.22142857142857145,26.114285714285717,83.37142857142858,5367.971,100,Hopper-v5,2854,Agente_2
473.0483775138855,90,368640,215.23879283882746,233.11675598233666,202.05544909803763,93.85,1788,0.003616410305750562,-3.0,0.99,0.00021874241949935077,0.0005087168038930151,0.0003,-16.243122100830078,0.0845322459936142,-8.062768936157227,0.12588587403297424,-2.0723795890808105,-3.0,16.042648315429688,23.92008399963379,8.076284408569336,0.2431950569152832,12.401810884475708,1.0,-16.243122100830078,0.0845322459936142,-8.062768936157227,0.12588587403297424,-2.0723795890808105,-3.0,16.042648315429688,23.92008399963379,8.076284408569336,1788.0,1788.0,0.0,0.003616410305750562,0.003616410305750562,0.0,0.00021874241949935077,0.00021874241949935077,0.0,0.0005087168038930151,0.0005087168038930151,0.0,0.0003,0.0003,0.0,-3.0,-3.0,0.0,0.0,0.22,25.62857142857143,84.2,5341.561,101,Hopper-v5,2854,Agente_2
478.22399044036865,91,372736,216.6426672440059,249.25791038299735,194.76586295452202,94.12,1788,0.003616410305750562,-3.0,0.99,0.00021874241949935077,0.0005087168038930151,0.0003,-17.32931137084961,0.08343729376792908,-8.377554893493652,0.12306945025920868,-2.0950064659118652,-3.0,17.24288558959961,25.215757369995117,8.364020347595215,0.21442651748657227,13.086790323257446,1.0,-17.32931137084961,0.08343729376792908,-8.377554893493652,0.12306945025920868,-2.0950064659118652,-3.0,17.24288558959961,25.215757369995117,8.364020347595215,1788.0,1788.0,0.0,0.003616410305750562,0.003616410305750562,0.0,0.00021874241949935077,0.00021874241949935077,0.0,0.0005087168038930151,0.0005087168038930151,0.0,0.0003,0.0003,0.0,-3.0,-3.0,0.0,0.0,0.21142857142857144,25.599999999999998,84.54285714285713,5324.002,102,Hopper-v5,2854,Agente_2
483.39100646972656,92,376832,217.54242058926252,249.25791038299735,186.70036439371776,94.25,1788,0.003616410305750562,-3.0,0.99,0.00021874241949935077,0.0005087168038930151,0.0003,-17.663902282714844,0.12353560328483582,-8.022024154663086,0.12033545970916748,-2.117471933364868,-3.0,17.613445281982422,25.460996627807617,6.584991455078125,0.20562124252319336,14.527812004089355,1.0,-17.663902282714844,0.12353560328483582,-8.022024154663086,0.12033545970916748,-2.117471933364868,-3.0,17.613445281982422,25.460996627807617,6.584991455078125,1788.0,1788.0,0.0,0.003616410305750562,0.003616410305750562,0.0,0.00021874241949935077,0.00021874241949935077,0.0,0.0005087168038930151,0.0005087168038930151,0.0,0.0003,0.0003,0.0,-3.0,-3.0,0.0,0.0,0.155,25.575,84.4,5294.745,103,Hopper-v5,2854,Agente_2
488.68729972839355,93,380928,217.64376069626186,240.88018750245277,186.70036439371776,94.25,1788,0.003616410305750562,-3.0,0.99,0.00021874241949935077,0.0005087168038930151,0.0003,-17.950340270996094,0.10316935181617737,-8.16937255859375,0.11769464612007141,-2.1396617889404297,-3.0,17.816518783569336,26.882965087890625,3.5623228549957275,0.21848344802856445,14.219014644622803,1.0,-17.950340270996094,0.10316935181617737,-8.16937255859375,0.11769464612007141,-2.1396617889404297,-3.0,17.816518783569336,26.882965087890625,3.5623228549957275,1788.0,1788.0,0.0,0.003616410305750562,0.003616410305750562,0.0,0.00021874241949935077,0.00021874241949935077,0.0,0.0005087168038930151,0.0005087168038930151,0.0,0.0003,0.0003,0.0,-3.0,-3.0,0.0,0.0,0.3,27.814285714285713,83.25714285714287,5295.007,104,Hopper-v5,2854,Agente_2
494.2783102989197,94,385024,218.36516271358573,247.93510928508988,186.70036439371776,94.29,1788,0.003616410305750562,-3.0,0.99,0.00021874241949935077,0.0005087168038930151,0.0003,-18.764293670654297,0.1403791904449463,-7.532580375671387,0.1151164099574089,-2.161811351776123,-3.0,18.593120574951172,28.536983489990234,8.658602714538574,0.2391490936279297,15.293991804122925,1.0,-18.764293670654297,0.1403791904449463,-7.532580375671387,0.1151164099574089,-2.161811351776123,-3.0,18.593120574951172,28.536983489990234,8.658602714538574,1788.0,1788.0,0.0,0.003616410305750562,0.003616410305750562,0.0,0.00021874241949935077,0.00021874241949935077,0.0,0.0005087168038930151,0.0005087168038930151,0.0,0.0003,0.0003,0.0,-3.0,-3.0,0.0,0.0,0.21250000000000002,31.099999999999998,75.8625,5336.875,105,Hopper-v5,2854,Agente_2
499.65841937065125,95,389120,218.18655918977794,247.93510928508988,187.85891949268535,94.08,1788,0.003616410305750562,-3.0,0.99,0.00021874241949935077,0.0005087168038930151,0.0003,-18.905738830566406,0.14177364110946655,-7.302481651306152,0.11261813342571259,-2.1837525367736816,-3.0,18.828536987304688,28.64287757873535,4.778956413269043,0.23481035232543945,15.687597036361694,1.0,-18.905738830566406,0.14177364110946655,-7.302481651306152,0.11261813342571259,-2.1837525367736816,-3.0,18.828536987304688,28.64287757873535,4.778956413269043,1788.0,1788.0,0.0,0.003616410305750562,0.003616410305750562,0.0,0.00021874241949935077,0.00021874241949935077,0.0,0.0005087168038930151,0.0005087168038930151,0.0,0.0003,0.0003,0.0,-3.0,-3.0,0.0,0.0,0.15285714285714286,28.342857142857145,74.67142857142858,5348.471,106,Hopper-v5,2854,Agente_2
504.78260684013367,96,393216,218.3243731195165,263.4271604645733,182.54460698256804,93.99,1788,0.003616410305750562,-3.0,0.99,0.00021874241949935077,0.0005087168038930151,0.0003,-19.648508071899414,0.1317613571882248,-8.092228889465332,0.11021973192691803,-2.2052793502807617,-3.0,19.544410705566406,29.855571746826172,5.564679145812988,0.2733151912689209,15.554752588272095,1.0,-19.648508071899414,0.1317613571882248,-8.092228889465332,0.11021973192691803,-2.2052793502807617,-3.0,19.544410705566406,29.855571746826172,5.564679145812988,1788.0,1788.0,0.0,0.003616410305750562,0.003616410305750562,0.0,0.00021874241949935077,0.00021874241949935077,0.0,0.0005087168038930151,0.0005087168038930151,0.0,0.0003,0.0003,0.0,-3.0,-3.0,0.0,0.0,0.20857142857142857,25.857142857142858,81.05714285714286,5342.843,107,Hopper-v5,2854,Agente_2
509.94900274276733,97,397312,219.85292366691462,263.4271604645733,182.54460698256804,94.17,1788,0.003616410305750562,-3.0,0.99,0.00021874241949935077,0.0005087168038930151,0.0003,-20.24457359313965,0.159137561917305,-7.637794494628906,0.10788513720035553,-2.2266881465911865,-3.0,20.15119171142578,30.429325103759766,6.040042877197266,0.25586748123168945,16.86147975921631,1.0,-20.24457359313965,0.159137561917305,-7.637794494628906,0.10788513720035553,-2.2266881465911865,-3.0,20.15119171142578,30.429325103759766,6.040042877197266,1788.0,1788.0,0.0,0.003616410305750562,0.003616410305750562,0.0,0.00021874241949935077,0.00021874241949935077,0.0,0.0005087168038930151,0.0005087168038930151,0.0,0.0003,0.0003,0.0,-3.0,-3.0,0.0,0.0,0.2285714285714286,26.914285714285715,84.71428571428571,5242.486,108,Hopper-v5,2854,Agente_2
515.2808110713959,98,401408,221.27969689203556,263.4271604645733,188.72014545803316,94.42,1788,0.003616410305750562,-3.0,0.99,0.00021874241949935077,0.0005087168038930151,0.0003,-21.200725555419922,0.1684393584728241,-7.381724834442139,0.10561714321374893,-2.247934579849243,-3.0,20.988866806030273,31.29186248779297,7.907346248626709,0.22898006439208984,18.155037879943848,1.0,-21.200725555419922,0.1684393584728241,-7.381724834442139,0.10561714321374893,-2.247934579849243,-3.0,20.988866806030273,31.29186248779297,7.907346248626709,1788.0,1788.0,0.0,0.003616410305750562,0.003616410305750562,0.0,0.00021874241949935077,0.00021874241949935077,0.0,0.0005087168038930151,0.0005087168038930151,0.0,0.0003,0.0003,0.0,-3.0,-3.0,0.0,0.0,0.23,28.057142857142857,84.61428571428571,5242.737,109,Hopper-v5,2854,Agente_2
520.5906946659088,99,405504,218.9211583779026,251.07372136286278,180.20925033296527,93.63,1788,0.003616410305750562,-3.0,0.99,0.00021874241949935077,0.0005087168038930151,0.0003,-21.612823486328125,0.14108169078826904,-7.275016784667969,0.10342752188444138,-2.2688841819763184,-3.0,21.561756134033203,35.11166000366211,0.5823785066604614,0.2507467269897461,16.676446437835693,1.0,-21.612823486328125,0.14108169078826904,-7.275016784667969,0.10342752188444138,-2.2688841819763184,-3.0,21.561756134033203,35.11166000366211,0.5823785066604614,1788.0,1788.0,0.0,0.003616410305750562,0.003616410305750562,0.0,0.00021874241949935077,0.00021874241949935077,0.0,0.0005087168038930151,0.0005087168038930151,0.0,0.0003,0.0003,0.0,-3.0,-3.0,0.0,0.0,0.22125,27.537499999999998,84.575,5250.241,110,Hopper-v5,2854,Agente_2
525.9307570457458,100,409600,216.99374733371843,251.07372136286278,170.681775102316,93.25,1788,0.003616410305750562,-3.0,0.99,0.00021874241949935077,0.0005087168038930151,0.0003,-21.809526443481445,0.14902642369270325,-6.936465263366699,0.10129667073488235,-2.2897017002105713,-3.0,21.64517593383789,32.00968551635742,3.646599769592285,0.2378373146057129,16.745041847229004,1.0,-21.809526443481445,0.14902642369270325,-6.936465263366699,0.10129667073488235,-2.2897017002105713,-3.0,21.64517593383789,32.00968551635742,3.646599769592285,1788.0,1788.0,0.0,0.003616410305750562,0.003616410305750562,0.0,0.00021874241949935077,0.00021874241949935077,0.0,0.0005087168038930151,0.0005087168038930151,0.0,0.0003,0.0003,0.0,-3.0,-3.0,0.0,0.0,0.2985714285714286,28.085714285714285,84.6,5276.442,111,Hopper-v5,2854,Agente_2
531.2299375534058,101,413696,219.18552096011138,256.1401138519472,170.681775102316,94.07,1788,0.003616410305750562,-3.0,0.99,0.00021874241949935077,0.0005087168038930151,0.0003,-22.38811492919922,0.1287696212530136,-7.68372917175293,0.09924297034740448,-2.3101842403411865,-3.0,22.325389862060547,32.45012664794922,8.316007614135742,0.2200913429260254,16.481804370880127,1.0,-22.38811492919922,0.1287696212530136,-7.68372917175293,0.09924297034740448,-2.3101842403411865,-3.0,22.325389862060547,32.45012664794922,8.316007614135742,1788.0,1788.0,0.0,0.003616410305750562,0.003616410305750562,0.0,0.00021874241949935077,0.00021874241949935077,0.0,0.0005087168038930151,0.0005087168038930151,0.0,0.0003,0.0003,0.0,-3.0,-3.0,0.0,0.0,0.22285714285714284,27.88571428571429,84.5,5288.699,112,Hopper-v5,2854,Agente_2
536.6759767532349,102,417792,223.07409174529172,259.07246901972485,182.29726442928356,95.34,1788,0.003616410305750562,-3.0,0.99,0.00021874241949935077,0.0005087168038930151,0.0003,-22.82926368713379,0.13517232239246368,-7.607156753540039,0.09726004302501678,-2.330367088317871,-3.0,22.745697021484375,33.734771728515625,5.87811279296875,0.25738072395324707,17.67085599899292,1.0,-22.82926368713379,0.13517232239246368,-7.607156753540039,0.09726004302501678,-2.330367088317871,-3.0,22.745697021484375,33.734771728515625,5.87811279296875,1788.0,1788.0,0.0,0.003616410305750562,0.003616410305750562,0.0,0.00021874241949935077,0.00021874241949935077,0.0,0.0005087168038930151,0.0005087168038930151,0.0,0.0003,0.0003,0.0,-3.0,-3.0,0.0,0.0,0.27125,27.775,84.5125,5316.739,113,Hopper-v5,2854,Agente_2
541.8971502780914,103,421888,225.94909202346787,271.60508329578664,183.8671870528248,96.56,1788,0.003616410305750562,-3.0,0.99,0.00021874241949935077,0.0005087168038930151,0.0003,-24.58940315246582,0.20528659224510193,-7.226086139678955,0.09534070640802383,-2.3502984046936035,-3.0,24.45489501953125,33.60586166381836,10.20431900024414,0.27098894119262695,19.74913740158081,1.0,-24.58940315246582,0.20528659224510193,-7.226086139678955,0.09534070640802383,-2.3502984046936035,-3.0,24.45489501953125,33.60586166381836,10.20431900024414,1788.0,1788.0,0.0,0.003616410305750562,0.003616410305750562,0.0,0.00021874241949935077,0.00021874241949935077,0.0,0.0005087168038930151,0.0005087168038930151,0.0,0.0003,0.0003,0.0,-3.0,-3.0,0.0,0.0,0.23714285714285716,27.314285714285713,84.51428571428572,5309.292,114,Hopper-v5,2854,Agente_2
547.2656834125519,104,425984,231.24184369469248,271.79415570913994,186.7938307415625,98.52,1788,0.003616410305750562,-3.0,0.99,0.00021874241949935077,0.0005087168038930151,0.0003,-24.70282745361328,0.14770005643367767,-7.291090965270996,0.09348510205745697,-2.369953155517578,-3.0,24.542720794677734,34.75065612792969,11.578969955444336,0.2971663475036621,19.080830097198486,1.0,-24.70282745361328,0.14770005643367767,-7.291090965270996,0.09348510205745697,-2.369953155517578,-3.0,24.542720794677734,34.75065612792969,11.578969955444336,1788.0,1788.0,0.0,0.003616410305750562,0.003616410305750562,0.0,0.00021874241949935077,0.00021874241949935077,0.0,0.0005087168038930151,0.0005087168038930151,0.0,0.0003,0.0003,0.0,-3.0,-3.0,0.0,0.0,0.2557142857142857,26.928571428571423,84.45714285714287,5287.572,115,Hopper-v5,2854,Agente_2
552.6573934555054,105,430080,234.87506599075252,271.79415570913994,185.0330919271378,100.02,1788,0.003616410305750562,-3.0,0.99,0.00021874241949935077,0.0005087168038930151,0.0003,-24.610107421875,0.17159707844257355,-6.3059258460998535,0.09168644994497299,-2.389380693435669,-3.0,24.60009002685547,35.991859436035156,2.303711414337158,0.29705381393432617,19.379204750061035,1.0,-24.610107421875,0.17159707844257355,-6.3059258460998535,0.09168644994497299,-2.389380693435669,-3.0,24.60009002685547,35.991859436035156,2.303711414337158,1788.0,1788.0,0.0,0.003616410305750562,0.003616410305750562,0.0,0.00021874241949935077,0.00021874241949935077,0.0,0.0005087168038930151,0.0005087168038930151,0.0,0.0003,0.0003,0.0,-3.0,-3.0,0.0,0.0,0.26571428571428574,27.814285714285713,84.57142857142857,5288.811,116,Hopper-v5,2854,Agente_2
557.9863770008087,106,434176,234.69566068082193,271.79415570913994,185.0330919271378,100.45,1788,0.003616410305750562,-3.0,0.99,0.00021874241949935077,0.0005087168038930151,0.0003,-25.145278930664062,0.17024728655815125,-6.931134223937988,0.08996183425188065,-2.408369779586792,-3.0,24.985729217529297,36.96946716308594,9.893826484680176,0.2920398712158203,18.85349130630493,1.0,-25.145278930664062,0.17024728655815125,-6.931134223937988,0.08996183425188065,-2.408369779586792,-3.0,24.985729217529297,36.96946716308594,9.893826484680176,1788.0,1788.0,0.0,0.003616410305750562,0.003616410305750562,0.0,0.00021874241949935077,0.00021874241949935077,0.0,0.0005087168038930151,0.0005087168038930151,0.0,0.0003,0.0003,0.0,-3.0,-3.0,0.0,0.0,0.255,26.762500000000003,84.425,5309.237,117,Hopper-v5,2854,Agente_2
563.269725561142,107,438272,237.64605525020437,273.91828086089095,179.35739332174393,101.82,1788,0.003616410305750562,-3.0,0.99,0.00021874241949935077,0.0005087168038930151,0.0003,-25.716073989868164,0.17334598302841187,-6.778541564941406,0.08830767124891281,-2.4269282817840576,-3.0,25.580642700195312,37.61245346069336,0.8938612937927246,0.2922096252441406,20.60345697402954,1.0,-25.716073989868164,0.17334598302841187,-6.778541564941406,0.08830767124891281,-2.4269282817840576,-3.0,25.580642700195312,37.61245346069336,0.8938612937927246,1788.0,1788.0,0.0,0.003616410305750562,0.003616410305750562,0.0,0.00021874241949935077,0.00021874241949935077,0.0,0.0005087168038930151,0.0005087168038930151,0.0,0.0003,0.0003,0.0,-3.0,-3.0,0.0,0.0,0.2985714285714286,27.485714285714288,84.4,5320.906,118,Hopper-v5,2854,Agente_2
569.2556848526001,108,442368,246.86647401678312,283.8187596016198,179.35739332174393,104.6,1788,0.003616410305750562,-3.0,0.99,0.00021874241949935077,0.0005087168038930151,0.0003,-25.9783992767334,0.20288701355457306,-5.963702201843262,0.08665723353624344,-2.4457948207855225,-3.0,25.843717575073242,41.50634765625,0.7196322679519653,0.29936742782592773,19.29672145843506,1.0,-25.9783992767334,0.20288701355457306,-5.963702201843262,0.08665723353624344,-2.4457948207855225,-3.0,25.843717575073242,41.50634765625,0.7196322679519653,1788.0,1788.0,0.0,0.003616410305750562,0.003616410305750562,0.0,0.00021874241949935077,0.00021874241949935077,0.0,0.0005087168038930151,0.0005087168038930151,0.0,0.0003,0.0003,0.0,-3.0,-3.0,0.0,0.0,0.21125,27.575,84.525,5386.452,119,Hopper-v5,2854,Agente_2
574.5286276340485,109,446464,253.2518312286663,286.9482255550624,179.35739332174393,105.87,1788,0.003616410305750562,-3.0,0.99,0.00021874241949935077,0.0005087168038930151,0.0003,-26.885173797607422,0.17663654685020447,-6.409528732299805,0.08503135293722153,-2.464735269546509,-3.0,26.728599548339844,42.590606689453125,11.053207397460938,0.2557191848754883,20.666539669036865,1.0,-26.885173797607422,0.17663654685020447,-6.409528732299805,0.08503135293722153,-2.464735269546509,-3.0,26.728599548339844,42.590606689453125,11.053207397460938,1788.0,1788.0,0.0,0.003616410305750562,0.003616410305750562,0.0,0.00021874241949935077,0.00021874241949935077,0.0,0.0005087168038930151,0.0005087168038930151,0.0,0.0003,0.0003,0.0,-3.0,-3.0,0.0,0.0,0.32125,27.6625,84.51249999999999,5383.104,120,Hopper-v5,2854,Agente_2
579.5372035503387,110,450560,257.6070766267741,292.6917496657538,179.7624405705113,107.31,1788,0.003616410305750562,-3.0,0.99,0.00021874241949935077,0.0005087168038930151,0.0003,-27.356111526489258,0.16340699791908264,-6.202420711517334,0.08345019817352295,-2.4835052490234375,-3.0,27.236116409301758,44.880645751953125,3.622945547103882,0.29770565032958984,21.122259616851807,1.0,-27.356111526489258,0.16340699791908264,-6.202420711517334,0.08345019817352295,-2.4835052490234375,-3.0,27.236116409301758,44.880645751953125,3.622945547103882,1788.0,1788.0,0.0,0.003616410305750562,0.003616410305750562,0.0,0.00021874241949935077,0.00021874241949935077,0.0,0.0005087168038930151,0.0005087168038930151,0.0,0.0003,0.0003,0.0,-3.0,-3.0,0.0,0.0,0.17333333333333334,25.5,85.16666666666667,5349.856,121,Hopper-v5,2854,Agente_2
584.749703168869,111,454656,264.71014970930815,298.34211658146285,180.60467056715868,109.52,1788,0.003616410305750562,-3.0,0.99,0.00021874241949935077,0.0005087168038930151,0.0003,-28.097455978393555,0.14482903480529785,-6.193654537200928,0.08193676173686981,-2.501807451248169,-3.0,28.04665756225586,45.22030258178711,14.758456230163574,0.290682315826416,18.972880363464355,1.0,-28.097455978393555,0.14482903480529785,-6.193654537200928,0.08193676173686981,-2.501807451248169,-3.0,28.04665756225586,45.22030258178711,14.758456230163574,1788.0,1788.0,0.0,0.003616410305750562,0.003616410305750562,0.0,0.00021874241949935077,0.00021874241949935077,0.0,0.0005087168038930151,0.0005087168038930151,0.0,0.0003,0.0003,0.0,-3.0,-3.0,0.0,0.0,0.1457142857142857,26.071428571428573,85.87142857142858,5341.237,122,Hopper-v5,2854,Agente_2
589.9159560203552,112,458752,267.56827594871754,298.34211658146285,187.19695573847977,110.1,1788,0.003616410305750562,-3.0,0.99,0.00021874241949935077,0.0005087168038930151,0.0003,-28.164623260498047,0.2082604318857193,-6.419356346130371,0.0804709643125534,-2.5198588371276855,-3.0,27.92852020263672,42.493526458740234,10.608582496643066,0.3509845733642578,20.893564701080322,1.0,-28.164623260498047,0.2082604318857193,-6.419356346130371,0.0804709643125534,-2.5198588371276855,-3.0,27.92852020263672,42.493526458740234,10.608582496643066,1788.0,1788.0,0.0,0.003616410305750562,0.003616410305750562,0.0,0.00021874241949935077,0.00021874241949935077,0.0,0.0005087168038930151,0.0005087168038930151,0.0,0.0003,0.0003,0.0,-3.0,-3.0,0.0,0.0,0.14714285714285716,25.199999999999996,86.52857142857142,5313.005,123,Hopper-v5,2854,Agente_2
595.1873676776886,113,462848,264.65016117662793,298.34211658146285,187.19695573847977,109.3,1788,0.003616410305750562,-3.0,0.99,0.00021874241949935077,0.0005087168038930151,0.0003,-28.67876625061035,0.185278058052063,-5.9977707862854,0.07904895395040512,-2.5376880168914795,-3.0,28.528518676757812,44.52021789550781,4.234246253967285,0.3323783874511719,20.76469612121582,1.0,-28.67876625061035,0.185278058052063,-5.9977707862854,0.07904895395040512,-2.5376880168914795,-3.0,28.528518676757812,44.52021789550781,4.234246253967285,1788.0,1788.0,0.0,0.003616410305750562,0.003616410305750562,0.0,0.00021874241949935077,0.00021874241949935077,0.0,0.0005087168038930151,0.0005087168038930151,0.0,0.0003,0.0003,0.0,-3.0,-3.0,0.0,0.0,0.2642857142857143,26.699999999999996,85.68571428571428,5318.087,124,Hopper-v5,2854,Agente_2
600.629579782486,114,466944,257.4421417589124,289.18610998028805,233.72984344676826,107.02,1788,0.003616410305750562,-3.0,0.99,0.00021874241949935077,0.0005087168038930151,0.0003,-29.49102020263672,0.1766793429851532,-6.20346736907959,0.0776403620839119,-2.5556678771972656,-3.0,29.403579711914062,44.28252029418945,3.61488676071167,0.2876877784729004,19.997726440429688,1.0,-29.49102020263672,0.1766793429851532,-6.20346736907959,0.0776403620839119,-2.5556678771972656,-3.0,29.403579711914062,44.28252029418945,3.61488676071167,1788.0,1788.0,0.0,0.003616410305750562,0.003616410305750562,0.0,0.00021874241949935077,0.00021874241949935077,0.0,0.0005087168038930151,0.0005087168038930151,0.0,0.0003,0.0003,0.0,-3.0,-3.0,0.0,0.0,0.28125,27.8875,85.475,5325.297,125,Hopper-v5,2854,Agente_2
606.0667748451233,115,471040,251.75243575663097,289.18610998028805,232.0599420643434,105.75,1788,0.003616410305750562,-3.0,0.99,0.00021874241949935077,0.0005087168038930151,0.0003,-30.698062896728516,0.15659013390541077,-5.604975700378418,0.07627558708190918,-2.5734024047851562,-3.0,30.46877670288086,47.033565521240234,8.630743980407715,0.3158583641052246,20.615883350372314,1.0,-30.698062896728516,0.15659013390541077,-5.604975700378418,0.07627558708190918,-2.5734024047851562,-3.0,30.46877670288086,47.033565521240234,8.630743980407715,1788.0,1788.0,0.0,0.003616410305750562,0.003616410305750562,0.0,0.00021874241949935077,0.00021874241949935077,0.0,0.0005087168038930151,0.0005087168038930151,0.0,0.0003,0.0003,0.0,-3.0,-3.0,0.0,0.0,0.22428571428571428,27.785714285714285,85.48571428571428,5329.687,126,Hopper-v5,2854,Agente_2
611.4873852729797,116,475136,248.5339994696532,297.40625684500066,190.47966979425465,104.29,1788,0.003616410305750562,-3.0,0.99,0.00021874241949935077,0.0005087168038930151,0.0003,-30.9305362701416,0.1487194150686264,-5.73331880569458,0.07488641142845154,-2.591782808303833,-3.0,30.705739974975586,48.50673294067383,14.175191879272461,0.3211226463317871,19.897886753082275,1.0,-30.9305362701416,0.1487194150686264,-5.73331880569458,0.07488641142845154,-2.591782808303833,-3.0,30.705739974975586,48.50673294067383,14.175191879272461,1788.0,1788.0,0.0,0.003616410305750562,0.003616410305750562,0.0,0.00021874241949935077,0.00021874241949935077,0.0,0.0005087168038930151,0.0005087168038930151,0.0,0.0003,0.0003,0.0,-3.0,-3.0,0.0,0.0,0.26875000000000004,27.549999999999997,85.425,5338.647,127,Hopper-v5,2854,Agente_2
616.8601822853088,117,479232,254.28587754750646,330.74933729457194,188.05968896960604,105.49,1788,0.003616410305750562,-3.0,0.99,0.00021874241949935077,0.0005087168038930151,0.0003,-31.459186553955078,0.20988434553146362,-6.051273345947266,0.07354123145341873,-2.6099090576171875,-3.0,31.258495330810547,48.72610092163086,7.480503559112549,0.3503108024597168,23.349628925323486,1.0,-31.459186553955078,0.20988434553146362,-6.051273345947266,0.07354123145341873,-2.6099090576171875,-3.0,31.258495330810547,48.72610092163086,7.480503559112549,1788.0,1788.0,0.0,0.003616410305750562,0.003616410305750562,0.0,0.00021874241949935077,0.00021874241949935077,0.0,0.0005087168038930151,0.0005087168038930151,0.0,0.0003,0.0003,0.0,-3.0,-3.0,0.0,0.0,0.27,27.985714285714284,85.48571428571428,5347.615,128,Hopper-v5,2854,Agente_2
555.0298328399658,105,430080,235.23870774274647,287.30088504038235,205.0738756869297,109.0,1130,0.02,-3.0,0.99,1.3234184164336285e-05,0.00034168728241833256,0.0003,-4.517003536224365,0.18503791093826294,-5.129220962524414,0.09976081550121307,-2.3049798011779785,-3.0,4.914562225341797,21.63588523864746,-30.673112869262695,1.4250519275665283,6.056638956069946,1.0,-4.517003536224365,0.18503791093826294,-5.129220962524414,0.09976081550121307,-2.3049798011779785,-3.0,4.914562225341797,21.63588523864746,-30.673112869262695,1130.0,1130.0,0.0,0.02,0.02,0.0,1.3234184164336285e-05,1.3234184164336285e-05,0.0,0.00034168728241833256,0.00034168728241833256,0.0,0.0003,0.0003,0.0,-3.0,-3.0,0.0,0.0,0.16944444444444445,23.188888888888886,82.29444444444445,5117.665,129,Hopper-v5,2854,Agente_2
560.3664560317993,106,434176,255.73993554184165,463.5470725708484,205.0738756869297,116.08,1130,0.02,-3.0,0.99,1.3234184164336285e-05,0.00034168728241833256,0.0003,-9.177999496459961,0.056116171181201935,-7.04815673828125,0.09737958014011383,-2.32913875579834,-3.0,9.2152738571167,24.92105484008789,-9.286090850830078,0.5858414769172668,1.9987642168998718,1.0,-9.177999496459961,0.056116171181201935,-7.04815673828125,0.09737958014011383,-2.32913875579834,-3.0,9.2152738571167,24.92105484008789,-9.286090850830078,1130.0,1130.0,0.0,0.02,0.02,0.0,1.3234184164336285e-05,1.3234184164336285e-05,0.0,0.00034168728241833256,0.00034168728241833256,0.0,0.0003,0.0003,0.0,-3.0,-3.0,0.0,0.0,0.1625,25.9125,86.89999999999999,5221.586,130,Hopper-v5,2854,Agente_2
565.6444265842438,107,438272,293.97656831809775,700.9325640241995,187.4058289807592,130.025,1130,0.02,-3.0,0.99,1.3234184164336285e-05,0.00034168728241833256,0.0003,-12.490129470825195,0.05859552323818207,-6.4834747314453125,0.09495442360639572,-2.354358196258545,-3.0,12.482627868652344,29.607799530029297,-11.573229789733887,0.5328638553619385,2.3020273447036743,1.0,-12.490129470825195,0.05859552323818207,-6.4834747314453125,0.09495442360639572,-2.354358196258545,-3.0,12.482627868652344,29.607799530029297,-11.573229789733887,1130.0,1130.0,0.0,0.02,0.02,0.0,1.3234184164336285e-05,1.3234184164336285e-05,0.0,0.00034168728241833256,0.00034168728241833256,0.0,0.0003,0.0003,0.0,-3.0,-3.0,0.0,0.0,0.22714285714285715,26.042857142857144,86.22857142857143,5236.533,131,Hopper-v5,2854,Agente_2
570.8003239631653,108,442368,280.74247009729237,700.9325640241995,150.63248421013557,128.24,1130,0.02,-3.0,0.99,1.3234184164336285e-05,0.00034168728241833256,0.0003,-15.865714073181152,0.07399821281433105,-7.233586311340332,0.09253834187984467,-2.3801321983337402,-3.0,15.89157485961914,38.250770568847656,-8.857955932617188,0.5154242515563965,2.418487846851349,1.0,-15.865714073181152,0.07399821281433105,-7.233586311340332,0.09253834187984467,-2.3801321983337402,-3.0,15.89157485961914,38.250770568847656,-8.857955932617188,1130.0,1130.0,0.0,0.02,0.02,0.0,1.3234184164336285e-05,1.3234184164336285e-05,0.0,0.00034168728241833256,0.00034168728241833256,0.0,0.0003,0.0003,0.0,-3.0,-3.0,0.0,0.0,0.2642857142857143,27.557142857142857,85.6,5212.662,132,Hopper-v5,2854,Agente_2
575.8525428771973,109,446464,278.2042993166893,700.9325640241995,150.63248421013557,128.76,1130,0.02,-3.0,0.99,1.3234184164336285e-05,0.00034168728241833256,0.0003,-18.838634490966797,0.06960906833410263,-7.108821868896484,0.09014145284891129,-2.4063751697540283,-3.0,18.886215209960938,43.81660461425781,-0.745053768157959,0.5662651062011719,2.2414382100105286,1.0,-18.838634490966797,0.06960906833410263,-7.108821868896484,0.09014145284891129,-2.4063751697540283,-3.0,18.886215209960938,43.81660461425781,-0.745053768157959,1130.0,1130.0,0.0,0.02,0.02,0.0,1.3234184164336285e-05,1.3234184164336285e-05,0.0,0.00034168728241833256,0.00034168728241833256,0.0,0.0003,0.0003,0.0,-3.0,-3.0,0.0,0.0,0.22857142857142856,27.7,85.27142857142857,5178.278,133,Hopper-v5,2854,Agente_2
581.1996891498566,110,450560,267.94498741394585,636.6224640980456,150.63248421013557,123.41,1130,0.02,-3.0,0.99,1.3234184164336285e-05,0.00034168728241833256,0.0003,-23.361064910888672,0.07854532450437546,-8.035725593566895,0.08779952675104141,-2.432699203491211,-3.0,23.375633239746094,45.235530853271484,-5.896039009094238,0.48352766036987305,2.2503544092178345,1.0,-23.361064910888672,0.07854532450437546,-8.035725593566895,0.08779952675104141,-2.432699203491211,-3.0,23.375633239746094,45.235530853271484,-5.896039009094238,1130.0,1130.0,0.0,0.02,0.02,0.0,1.3234184164336285e-05,1.3234184164336285e-05,0.0,0.00034168728241833256,0.00034168728241833256,0.0,0.0003,0.0003,0.0,-3.0,-3.0,0.0,0.0,0.24857142857142858,28.27142857142857,85.31428571428572,5204.11,134,Hopper-v5,2854,Agente_2
586.4345242977142,111,454656,298.6865920433021,488.1597503497362,159.12328357943926,128.98,1130,0.02,-3.0,0.99,1.3234184164336285e-05,0.00034168728241833256,0.0003,-26.286596298217773,0.09361103177070618,-7.656076908111572,0.085527703166008,-2.4589149951934814,-3.0,26.16793441772461,48.7020263671875,-2.6837310791015625,0.5086517333984375,4.746667861938477,1.0,-26.286596298217773,0.09361103177070618,-7.656076908111572,0.085527703166008,-2.4589149951934814,-3.0,26.16793441772461,48.7020263671875,-2.6837310791015625,1130.0,1130.0,0.0,0.02,0.02,0.0,1.3234184164336285e-05,1.3234184164336285e-05,0.0,0.00034168728241833256,0.00034168728241833256,0.0,0.0003,0.0003,0.0,-3.0,-3.0,0.0,0.0,0.3114285714285714,27.699999999999996,85.42857142857142,5206.84,135,Hopper-v5,2854,Agente_2
591.6500194072723,112,458752,322.61728493622945,488.1597503497362,184.7312558658077,133.35,1130,0.02,-3.0,0.99,1.3234184164336285e-05,0.00034168728241833256,0.0003,-28.894500732421875,0.12954697012901306,-7.084771633148193,0.08339721709489822,-2.484140396118164,-3.0,28.82632064819336,55.43561553955078,-8.505669593811035,0.5852365493774414,3.759890556335449,1.0,-28.894500732421875,0.12954697012901306,-7.084771633148193,0.08339721709489822,-2.484140396118164,-3.0,28.82632064819336,55.43561553955078,-8.505669593811035,1130.0,1130.0,0.0,0.02,0.02,0.0,1.3234184164336285e-05,1.3234184164336285e-05,0.0,0.00034168728241833256,0.00034168728241833256,0.0,0.0003,0.0003,0.0,-3.0,-3.0,0.0,0.0,0.2425,27.049999999999997,85.05,5206.361,136,Hopper-v5,2854,Agente_2
597.0284457206726,113,462848,346.35933577998594,578.4299270276258,251.7638070860361,138.21,1130,0.02,-3.0,0.99,1.3234184164336285e-05,0.00034168728241833256,0.0003,-32.60704040527344,0.14704293012619019,-7.129055023193359,0.08142907917499542,-2.5080227851867676,-3.0,32.48296356201172,82.78955841064453,-5.306610584259033,0.5573921203613281,7.294735431671143,1.0,-32.60704040527344,0.14704293012619019,-7.129055023193359,0.08142907917499542,-2.5080227851867676,-3.0,32.48296356201172,82.78955841064453,-5.306610584259033,1130.0,1130.0,0.0,0.02,0.02,0.0,1.3234184164336285e-05,1.3234184164336285e-05,0.0,0.00034168728241833256,0.00034168728241833256,0.0,0.0003,0.0003,0.0,-3.0,-3.0,0.0,0.0,0.30571428571428566,27.32857142857143,84.65714285714286,5224.393,137,Hopper-v5,2854,Agente_2
602.3851857185364,114,466944,371.14313793648245,578.4299270276258,299.04644328136857,144.36,1130,0.02,-3.0,0.99,1.3234184164336285e-05,0.00034168728241833256,0.0003,-35.91493225097656,0.17416751384735107,-6.4600419998168945,0.07963649928569794,-2.530282735824585,-3.0,35.83985137939453,71.96334075927734,2.7208669185638428,0.6284952163696289,14.143645763397217,1.0,-35.91493225097656,0.17416751384735107,-6.4600419998168945,0.07963649928569794,-2.530282735824585,-3.0,35.83985137939453,71.96334075927734,2.7208669185638428,1130.0,1130.0,0.0,0.02,0.02,0.0,1.3234184164336285e-05,1.3234184164336285e-05,0.0,0.00034168728241833256,0.00034168728241833256,0.0,0.0003,0.0003,0.0,-3.0,-3.0,0.0,0.0,0.2814285714285715,27.528571428571432,84.7,5236.337,138,Hopper-v5,2854,Agente_2
607.9760992527008,115,471040,382.77514267820794,578.4299270276258,299.04644328136857,147.51,1130,0.02,-3.0,0.99,1.3234184164336285e-05,0.00034168728241833256,0.0003,-38.34282684326172,0.15374529361724854,-5.848876476287842,0.07795291393995285,-2.551650285720825,-3.0,38.188804626464844,66.03530883789062,-5.5210771560668945,0.6447596549987793,4.281784534454346,1.0,-38.34282684326172,0.15374529361724854,-5.848876476287842,0.07795291393995285,-2.551650285720825,-3.0,38.188804626464844,66.03530883789062,-5.5210771560668945,1130.0,1130.0,0.0,0.02,0.02,0.0,1.3234184164336285e-05,1.3234184164336285e-05,0.0,0.00034168728241833256,0.00034168728241833256,0.0,0.0003,0.0003,0.0,-3.0,-3.0,0.0,0.0,0.26875,28.199999999999996,80.325,5282.311,139,Hopper-v5,2854,Agente_2
613.3645362854004,116,475136,398.09856578837173,578.4299270276258,299.04644328136857,151.41,1130,0.02,-3.0,0.99,1.3234184164336285e-05,0.00034168728241833256,0.0003,-42.08820343017578,0.20924440026283264,-5.689662933349609,0.07637317478656769,-2.5721237659454346,-3.0,41.89146423339844,81.9325942993164,-11.073448181152344,0.7291650772094727,21.41729211807251,1.0,-42.08820343017578,0.20924440026283264,-5.689662933349609,0.07637317478656769,-2.5721237659454346,-3.0,41.89146423339844,81.9325942993164,-11.073448181152344,1130.0,1130.0,0.0,0.02,0.02,0.0,1.3234184164336285e-05,1.3234184164336285e-05,0.0,0.00034168728241833256,0.00034168728241833256,0.0,0.0003,0.0003,0.0,-3.0,-3.0,0.0,0.0,0.16571428571428573,30.857142857142854,73.37142857142855,5287.076,140,Hopper-v5,2854,Agente_2
618.7170832157135,117,479232,391.83713596269416,571.2909022888036,313.0500399017091,149.85,1130,0.02,-3.0,0.99,1.3234184164336285e-05,0.00034168728241833256,0.0003,-44.83317947387695,0.22474539279937744,-4.881012916564941,0.07488835602998734,-2.591756820678711,-3.0,44.74156188964844,78.32317352294922,-14.047260284423828,0.8247270584106445,17.89184021949768,1.0,-44.83317947387695,0.22474539279937744,-4.881012916564941,0.07488835602998734,-2.591756820678711,-3.0,44.74156188964844,78.32317352294922,-14.047260284423828,1130.0,1130.0,0.0,0.02,0.02,0.0,1.3234184164336285e-05,1.3234184164336285e-05,0.0,0.00034168728241833256,0.00034168728241833256,0.0,0.0003,0.0003,0.0,-3.0,-3.0,0.0,0.0,0.21375000000000002,25.825000000000003,80.2125,5294.194,141,Hopper-v5,2854,Agente_2
624.028980255127,118,483328,380.7966482317723,571.2909022888036,312.20005909653753,146.7,1130,0.02,-3.0,0.99,1.3234184164336285e-05,0.00034168728241833256,0.0003,-48.39871597290039,0.2709091603755951,-5.49188232421875,0.07348773628473282,-2.6106367111206055,-3.0,48.157554626464844,102.03907012939453,-15.306931495666504,0.7473230361938477,35.715163230895996,1.0,-48.39871597290039,0.2709091603755951,-5.49188232421875,0.07348773628473282,-2.6106367111206055,-3.0,48.157554626464844,102.03907012939453,-15.306931495666504,1130.0,1130.0,0.0,0.02,0.02,0.0,1.3234184164336285e-05,1.3234184164336285e-05,0.0,0.00034168728241833256,0.00034168728241833256,0.0,0.0003,0.0003,0.0,-3.0,-3.0,0.0,0.0,0.2714285714285714,26.97142857142857,84.78571428571429,5310.078,142,Hopper-v5,2854,Agente_2
629.3234508037567,119,487424,360.11395553858324,534.4064211564831,302.2743439618738,141.08,1130,0.02,-3.0,0.99,1.3234184164336285e-05,0.00034168728241833256,0.0003,-51.83505630493164,0.24900497496128082,-4.333391189575195,0.07211825251579285,-2.629448175430298,-3.0,51.60858917236328,85.46998596191406,-4.633403301239014,0.8968210220336914,27.86310052871704,1.0,-51.83505630493164,0.24900497496128082,-4.333391189575195,0.07211825251579285,-2.629448175430298,-3.0,51.60858917236328,85.46998596191406,-4.633403301239014,1130.0,1130.0,0.0,0.02,0.02,0.0,1.3234184164336285e-05,1.3234184164336285e-05,0.0,0.00034168728241833256,0.00034168728241833256,0.0,0.0003,0.0003,0.0,-3.0,-3.0,0.0,0.0,0.29285714285714287,27.85714285714286,84.7,5334.315,143,Hopper-v5,2854,Agente_2
634.7830474376678,120,491520,350.7515334437953,534.4064211564831,302.2743439618738,138.57,1130,0.02,-3.0,0.99,1.3234184164336285e-05,0.00034168728241833256,0.0003,-54.943965911865234,0.30650073289871216,-5.2726359367370605,0.07077033072710037,-2.6483154296875,-3.0,54.83000946044922,92.86705017089844,-1.4687891006469727,0.8861465454101562,52.75514316558838,1.0,-54.943965911865234,0.30650073289871216,-5.2726359367370605,0.07077033072710037,-2.6483154296875,-3.0,54.83000946044922,92.86705017089844,-1.4687891006469727,1130.0,1130.0,0.0,0.02,0.02,0.0,1.3234184164336285e-05,1.3234184164336285e-05,0.0,0.00034168728241833256,0.00034168728241833256,0.0,0.0003,0.0003,0.0,-3.0,-3.0,0.0,0.0,0.22749999999999998,27.612499999999997,84.6625,5345.822,144,Hopper-v5,2854,Agente_2
639.9967193603516,121,495616,340.3663128164943,514.7720095319418,302.2743439618738,135.21,1130,0.02,-3.0,0.99,1.3234184164336285e-05,0.00034168728241833256,0.0003,-55.86629867553711,0.3248014450073242,-4.836219310760498,0.06948303431272507,-2.666672706604004,-3.0,55.477745056152344,99.780029296875,-7.90838623046875,0.83221435546875,49.99181652069092,1.0,-55.86629867553711,0.3248014450073242,-4.836219310760498,0.06948303431272507,-2.666672706604004,-3.0,55.477745056152344,99.780029296875,-7.90838623046875,1130.0,1130.0,0.0,0.02,0.02,0.0,1.3234184164336285e-05,1.3234184164336285e-05,0.0,0.00034168728241833256,0.00034168728241833256,0.0,0.0003,0.0003,0.0,-3.0,-3.0,0.0,0.0,0.2542857142857143,28.0,84.45714285714287,5343.756,145,Hopper-v5,2854,Agente_2
645.3332297801971,122,499712,337.4756350724027,514.7720095319418,308.09421252681227,133.87,1130,0.02,-3.0,0.99,1.3234184164336285e-05,0.00034168728241833256,0.0003,-61.059974670410156,0.3178834021091461,-5.542448043823242,0.06826447695493698,-2.684365749359131,-3.0,60.55525588989258,99.04812622070312,-14.391878128051758,0.7759456634521484,52.57487201690674,1.0,-61.059974670410156,0.3178834021091461,-5.542448043823242,0.06826447695493698,-2.684365749359131,-3.0,60.55525588989258,99.04812622070312,-14.391878128051758,1130.0,1130.0,0.0,0.02,0.02,0.0,1.3234184164336285e-05,1.3234184164336285e-05,0.0,0.00034168728241833256,0.00034168728241833256,0.0,0.0003,0.0003,0.0,-3.0,-3.0,0.0,0.0,0.22375,26.675,84.4625,5356.036,146,Hopper-v5,2854,Agente_2
650.5390651226044,123,503808,331.5655699664357,364.92921101924037,304.41323097955757,131.52,1130,0.02,-3.0,0.99,1.3234184164336285e-05,0.00034168728241833256,0.0003,-63.611114501953125,0.2741680145263672,-4.222832679748535,0.06710375845432281,-2.7015151977539062,-3.0,63.093963623046875,123.82398223876953,-10.039535522460938,1.0316662788391113,24.852107524871826,1.0,-63.611114501953125,0.2741680145263672,-4.222832679748535,0.06710375845432281,-2.7015151977539062,-3.0,63.093963623046875,123.82398223876953,-10.039535522460938,1130.0,1130.0,0.0,0.02,0.02,0.0,1.3234184164336285e-05,1.3234184164336285e-05,0.0,0.00034168728241833256,0.00034168728241833256,0.0,0.0003,0.0003,0.0,-3.0,-3.0,0.0,0.0,0.24285714285714285,27.771428571428572,84.45714285714287,5338.814,147,Hopper-v5,2854,Agente_2
656.0973398685455,124,507904,329.0053458150853,364.92921101924037,304.41323097955757,129.58,1130,0.02,-3.0,0.99,1.3234184164336285e-05,0.00034168728241833256,0.0003,-66.6187744140625,0.30353301763534546,-5.199007034301758,0.06596745550632477,-2.7185938358306885,-3.0,66.13442993164062,99.6629409790039,-14.28063678741455,0.8649387359619141,43.83783531188965,1.0,-66.6187744140625,0.30353301763534546,-5.199007034301758,0.06596745550632477,-2.7185938358306885,-3.0,66.13442993164062,99.6629409790039,-14.28063678741455,1130.0,1130.0,0.0,0.02,0.02,0.0,1.3234184164336285e-05,1.3234184164336285e-05,0.0,0.00034168728241833256,0.00034168728241833256,0.0,0.0003,0.0003,0.0,-3.0,-3.0,0.0,0.0,0.22125,27.137500000000003,84.475,5358.84,148,Hopper-v5,2854,Agente_2
662.3597648143768,125,512000,325.9971373131616,353.1742379814174,300.406246953523,127.11,1130,0.02,-3.0,0.99,1.3234184164336285e-05,0.00034168728241833256,0.0003,-69.50123596191406,0.28767523169517517,-5.063800811767578,0.06486070901155472,-2.735513210296631,-3.0,69.26717376708984,108.57263946533203,17.140520095825195,0.8910799026489258,33.26383399963379,1.0,-69.50123596191406,0.28767523169517517,-5.063800811767578,0.06486070901155472,-2.735513210296631,-3.0,69.26717376708984,108.57263946533203,17.140520095825195,1130.0,1130.0,0.0,0.02,0.02,0.0,1.3234184164336285e-05,1.3234184164336285e-05,0.0,0.00034168728241833256,0.00034168728241833256,0.0,0.0003,0.0003,0.0,-3.0,-3.0,0.0,0.0,0.2725,26.924999999999997,84.475,5426.163,149,Hopper-v5,2854,Agente_2
667.7208573818207,126,516096,322.4978687801302,349.33504869943675,291.1316376369153,124.18,1130,0.02,-3.0,0.99,1.3234184164336285e-05,0.00034168728241833256,0.0003,-71.73561096191406,0.3141806721687317,-4.209532260894775,0.0637894719839096,-2.752167224884033,-3.0,71.29641723632812,108.03866577148438,-9.512711524963379,0.9826545715332031,20.105663776397705,1.0,-71.73561096191406,0.3141806721687317,-4.209532260894775,0.0637894719839096,-2.752167224884033,-3.0,71.29641723632812,108.03866577148438,-9.512711524963379,1130.0,1130.0,0.0,0.02,0.02,0.0,1.3234184164336285e-05,1.3234184164336285e-05,0.0,0.00034168728241833256,0.00034168728241833256,0.0,0.0003,0.0003,0.0,-3.0,-3.0,0.0,0.0,0.2925,27.0625,84.42500000000001,5423.415,150,Hopper-v5,2854,Agente_2
673.1550636291504,127,520192,313.24835208481227,341.59137255629656,212.52203186486412,119.98,1130,0.02,-3.0,0.99,1.3234184164336285e-05,0.00034168728241833256,0.0003,-75.03831481933594,0.3766941726207733,-4.969992637634277,0.06271367520093918,-2.7691757678985596,-3.0,74.6239242553711,121.37529754638672,-1.0122301578521729,1.0568933486938477,50.50819683074951,1.0,-75.03831481933594,0.3766941726207733,-4.969992637634277,0.06271367520093918,-2.7691757678985596,-3.0,74.6239242553711,121.37529754638672,-1.0122301578521729,1130.0,1130.0,0.0,0.02,0.02,0.0,1.3234184164336285e-05,1.3234184164336285e-05,0.0,0.00034168728241833256,0.00034168728241833256,0.0,0.0003,0.0003,0.0,-3.0,-3.0,0.0,0.0,0.29857142857142854,27.74285714285714,84.4,5431.783,151,Hopper-v5,2854,Agente_2
678.4277970790863,128,524288,302.0837132050043,339.06857401816984,209.58383787254078,115.66,1130,0.02,-3.0,0.99,1.3234184164336285e-05,0.00034168728241833256,0.0003,-75.52662658691406,0.3352888226509094,-4.055693626403809,0.06166612356901169,-2.786020517349243,-3.0,75.20159912109375,112.90945434570312,-10.48592472076416,1.1365070343017578,41.68045139312744,1.0,-75.52662658691406,0.3352888226509094,-4.055693626403809,0.06166612356901169,-2.786020517349243,-3.0,75.20159912109375,112.90945434570312,-10.48592472076416,1130.0,1130.0,0.0,0.02,0.02,0.0,1.3234184164336285e-05,1.3234184164336285e-05,0.0,0.00034168728241833256,0.00034168728241833256,0.0,0.0003,0.0003,0.0,-3.0,-3.0,0.0,0.0,0.2885714285714286,28.271428571428572,84.42857142857143,5427.929,152,Hopper-v5,2854,Agente_2
683.8953683376312,129,528384,293.8403179678103,336.19806781580525,209.23088124543318,112.83,1130,0.02,-3.0,0.99,1.3234184164336285e-05,0.00034168728241833256,0.0003,-79.22549438476562,0.3953890800476074,-4.536874771118164,0.06063412129878998,-2.8028974533081055,-3.0,79.30323791503906,140.1541290283203,-5.715188026428223,1.0765457153320312,41.37900733947754,1.0,-79.22549438476562,0.3953890800476074,-4.536874771118164,0.06063412129878998,-2.8028974533081055,-3.0,79.30323791503906,140.1541290283203,-5.715188026428223,1130.0,1130.0,0.0,0.02,0.02,0.0,1.3234184164336285e-05,1.3234184164336285e-05,0.0,0.00034168728241833256,0.00034168728241833256,0.0,0.0003,0.0003,0.0,-3.0,-3.0,0.0,0.0,0.29,27.7375,84.55,5445.357,153,Hopper-v5,2854,Agente_2
689.2016479969025,130,532480,290.08192084533647,328.7623942860225,209.23088124543318,111.54,1130,0.02,-3.0,0.99,1.3234184164336285e-05,0.00034168728241833256,0.0003,-81.2840576171875,0.40639621019363403,-4.419035911560059,0.05962618440389633,-2.8196604251861572,-3.0,80.79601287841797,133.6374053955078,7.454788684844971,1.0694971084594727,46.54772472381592,1.0,-81.2840576171875,0.40639621019363403,-4.419035911560059,0.05962618440389633,-2.8196604251861572,-3.0,80.79601287841797,133.6374053955078,7.454788684844971,1130.0,1130.0,0.0,0.02,0.02,0.0,1.3234184164336285e-05,1.3234184164336285e-05,0.0,0.00034168728241833256,0.00034168728241833256,0.0,0.0003,0.0003,0.0,-3.0,-3.0,0.0,0.0,0.27142857142857146,27.17142857142857,84.48571428571428,5429.951,154,Hopper-v5,2854,Agente_2
694.2225532531738,131,536576,281.8219954955083,328.17086302373104,209.23088124543318,109.54,1130,0.02,-3.0,0.99,1.3234184164336285e-05,0.00034168728241833256,0.0003,-85.7047119140625,0.41162341833114624,-4.134012222290039,0.058699820190668106,-2.8353185653686523,-3.0,85.09666442871094,146.71868896484375,-26.326303482055664,1.114572525024414,49.05945014953613,1.0,-85.7047119140625,0.41162341833114624,-4.134012222290039,0.058699820190668106,-2.8353185653686523,-3.0,85.09666442871094,146.71868896484375,-26.326303482055664,1130.0,1130.0,0.0,0.02,0.02,0.0,1.3234184164336285e-05,1.3234184164336285e-05,0.0,0.00034168728241833256,0.00034168728241833256,0.0,0.0003,0.0003,0.0,-3.0,-3.0,0.0,0.0,0.18571428571428572,24.442857142857143,84.85714285714286,5410.286,155,Hopper-v5,2854,Agente_2
699.4909291267395,132,540672,274.3956412606225,315.1182313940453,209.21472249455155,107.76,1130,0.02,-3.0,0.99,1.3234184164336285e-05,0.00034168728241833256,0.0003,-88.61143493652344,0.3207123875617981,-4.385015964508057,0.057773154228925705,-2.851231098175049,-3.0,87.98458099365234,131.4424591064453,-11.355851173400879,1.100503921508789,9.880419731140137,1.0,-88.61143493652344,0.3207123875617981,-4.385015964508057,0.057773154228925705,-2.851231098175049,-3.0,87.98458099365234,131.4424591064453,-11.355851173400879,1130.0,1130.0,0.0,0.02,0.02,0.0,1.3234184164336285e-05,1.3234184164336285e-05,0.0,0.00034168728241833256,0.00034168728241833256,0.0,0.0003,0.0003,0.0,-3.0,-3.0,0.0,0.0,0.17375000000000002,25.625,85.5625,5403.128,156,Hopper-v5,2854,Agente_2
704.7499423027039,133,544768,260.60851003246717,315.1182313940453,206.0314229418061,104.31,1130,0.02,-3.0,0.99,1.3234184164336285e-05,0.00034168728241833256,0.0003,-90.3582534790039,0.5318940281867981,-3.7252793312072754,0.05690598860383034,-2.8663547039031982,-3.0,89.73567962646484,155.1517791748047,1.3563342094421387,1.1852493286132812,70.51927185058594,1.0,-90.3582534790039,0.5318940281867981,-3.7252793312072754,0.05690598860383034,-2.8663547039031982,-3.0,89.73567962646484,155.1517791748047,1.3563342094421387,1130.0,1130.0,0.0,0.02,0.02,0.0,1.3234184164336285e-05,1.3234184164336285e-05,0.0,0.00034168728241833256,0.00034168728241833256,0.0,0.0003,0.0003,0.0,-3.0,-3.0,0.0,0.0,0.17857142857142858,25.257142857142856,86.39999999999999,5408.268,157,Hopper-v5,2854,Agente_2
710.1683282852173,134,548864,260.30508030401893,304.3079647269893,206.0314229418061,104.25,1130,0.02,-3.0,0.99,1.3234184164336285e-05,0.00034168728241833256,0.0003,-89.21295928955078,0.5119370818138123,-1.8289141654968262,0.05616132915019989,-2.8795268535614014,-3.0,88.60234069824219,134.92929077148438,-28.746557235717773,1.3730945587158203,54.5784854888916,1.0,-89.21295928955078,0.5119370818138123,-1.8289141654968262,0.05616132915019989,-2.8795268535614014,-3.0,88.60234069824219,134.92929077148438,-28.746557235717773,1130.0,1130.0,0.0,0.02,0.02,0.0,1.3234184164336285e-05,1.3234184164336285e-05,0.0,0.00034168728241833256,0.00034168728241833256,0.0,0.0003,0.0003,0.0,-3.0,-3.0,0.0,0.0,0.17285714285714285,28.414285714285715,79.72857142857143,5394.648,158,Hopper-v5,2854,Agente_2
715.6498031616211,135,552960,257.68244330767135,297.86848656553315,7.159853301600656,103.39,1130,0.02,-3.0,0.99,1.3234184164336285e-05,0.00034168728241833256,0.0003,-94.10054016113281,0.7176163792610168,-2.522956609725952,0.05552613362669945,-2.890901565551758,-3.0,93.4656753540039,153.65150451660156,0.8576421737670898,1.1312446594238281,77.94072914123535,1.0,-94.10054016113281,0.7176163792610168,-2.522956609725952,0.05552613362669945,-2.890901565551758,-3.0,93.4656753540039,153.65150451660156,0.8576421737670898,1130.0,1130.0,0.0,0.02,0.02,0.0,1.3234184164336285e-05,1.3234184164336285e-05,0.0,0.00034168728241833256,0.00034168728241833256,0.0,0.0003,0.0003,0.0,-3.0,-3.0,0.0,0.0,0.17875000000000002,28.6875,77.2125,5316.428,159,Hopper-v5,2854,Agente_2
720.8860025405884,136,557056,253.36861592627432,299.6593091436603,7.159853301600656,100.58,1130,0.02,-3.0,0.99,1.3234184164336285e-05,0.00034168728241833256,0.0003,-95.93722534179688,0.6146259307861328,-1.4619336128234863,0.055000051856040955,-2.900421142578125,-3.0,94.94153594970703,160.44509887695312,-29.355266571044922,1.2939529418945312,50.09814262390137,1.0,-95.93722534179688,0.6146259307861328,-1.4619336128234863,0.055000051856040955,-2.900421142578125,-3.0,94.94153594970703,160.44509887695312,-29.355266571044922,1130.0,1130.0,0.0,0.02,0.02,0.0,1.3234184164336285e-05,1.3234184164336285e-05,0.0,0.00034168728241833256,0.00034168728241833256,0.0,0.0003,0.0003,0.0,-3.0,-3.0,0.0,0.0,0.13857142857142857,24.500000000000004,82.04285714285713,5304.384,160,Hopper-v5,2854,Agente_2
726.7296350002289,137,561152,238.33417810694024,299.6593091436603,7.159853301600656,94.13,1130,0.02,-3.0,0.99,1.3234184164336285e-05,0.00034168728241833256,0.0003,-98.29512023925781,0.5283371806144714,-1.442893624305725,0.05465060472488403,-2.906795024871826,-3.0,96.90608215332031,163.51266479492188,-17.837234497070312,1.2278156280517578,46.595107078552246,1.0,-98.29512023925781,0.5283371806144714,-1.442893624305725,0.05465060472488403,-2.906795024871826,-3.0,96.90608215332031,163.51266479492188,-17.837234497070312,1130.0,1130.0,0.0,0.02,0.02,0.0,1.3234184164336285e-05,1.3234184164336285e-05,0.0,0.00034168728241833256,0.00034168728241833256,0.0,0.0003,0.0003,0.0,-3.0,-3.0,0.0,0.0,0.14375,32.025,77.175,5345.41,161,Hopper-v5,2854,Agente_2
731.9823925495148,138,565248,253.39062123614374,299.6593091436603,7.687032798878431,99.59,1130,0.02,-3.0,0.99,1.3234184164336285e-05,0.00034168728241833256,0.0003,-101.48780822753906,0.33386296033859253,-1.3943395614624023,0.05438616871833801,-2.9116454124450684,-3.0,101.2120361328125,168.90463256835938,-18.73287582397461,1.162118911743164,8.421136617660522,1.0,-101.48780822753906,0.33386296033859253,-1.3943395614624023,0.05438616871833801,-2.9116454124450684,-3.0,101.2120361328125,168.90463256835938,-18.73287582397461,1130.0,1130.0,0.0,0.02,0.02,0.0,1.3234184164336285e-05,1.3234184164336285e-05,0.0,0.00034168728241833256,0.00034168728241833256,0.0,0.0003,0.0003,0.0,-3.0,-3.0,0.0,0.0,0.24285714285714285,25.871428571428574,81.88571428571427,5343.557,162,Hopper-v5,2854,Agente_2
737.4197378158569,139,569344,268.5579970473751,296.47048132203946,7.687032798878431,105.37,1130,0.02,-3.0,0.99,1.3234184164336285e-05,0.00034168728241833256,0.0003,-103.54529571533203,0.5060948133468628,-0.28887510299682617,0.054240863770246506,-2.914320707321167,-3.0,102.8272705078125,163.54364013671875,-11.709127426147461,1.2862262725830078,13.828600883483887,1.0,-103.54529571533203,0.5060948133468628,-0.28887510299682617,0.054240863770246506,-2.914320707321167,-3.0,102.8272705078125,163.54364013671875,-11.709127426147461,1130.0,1130.0,0.0,0.02,0.02,0.0,1.3234184164336285e-05,1.3234184164336285e-05,0.0,0.00034168728241833256,0.00034168728241833256,0.0,0.0003,0.0003,0.0,-3.0,-3.0,0.0,0.0,0.1975,27.212500000000002,87.5375,5340.095,163,Hopper-v5,2854,Agente_2
742.6980242729187,140,573440,281.48528404327453,296.47048132203946,263.16710616084015,110.27,1130,0.02,-3.0,0.99,1.3234184164336285e-05,0.00034168728241833256,0.0003,-101.24911499023438,0.6040047407150269,1.1742892265319824,0.054155685007572174,-2.9158923625946045,-3.0,100.13219451904297,164.41282653808594,-3.1287546157836914,1.2898635864257812,56.78960990905762,1.0,-101.24911499023438,0.6040047407150269,1.1742892265319824,0.054155685007572174,-2.9158923625946045,-3.0,100.13219451904297,164.41282653808594,-3.1287546157836914,1130.0,1130.0,0.0,0.02,0.02,0.0,1.3234184164336285e-05,1.3234184164336285e-05,0.0,0.00034168728241833256,0.00034168728241833256,0.0,0.0003,0.0003,0.0,-3.0,-3.0,0.0,0.0,0.22999999999999998,27.614285714285717,88.47142857142856,5337.39,164,Hopper-v5,2854,Agente_2
747.8780670166016,141,577536,278.9233118622276,292.3145824073863,263.16710616084015,109.76,1130,0.02,-3.0,0.99,1.3234184164336285e-05,0.00034168728241833256,0.0003,-106.87643432617188,0.5180357694625854,0.2698020040988922,0.05413602665066719,-2.916255474090576,-3.0,106.17198181152344,149.85231018066406,-12.304851531982422,1.2794933319091797,12.614405632019043,1.0,-106.87643432617188,0.5180357694625854,0.2698020040988922,0.05413602665066719,-2.916255474090576,-3.0,106.17198181152344,149.85231018066406,-12.304851531982422,1130.0,1130.0,0.0,0.02,0.02,0.0,1.3234184164336285e-05,1.3234184164336285e-05,0.0,0.00034168728241833256,0.00034168728241833256,0.0,0.0003,0.0003,0.0,-3.0,-3.0,0.0,0.0,0.33,27.4,88.38571428571429,5353.82,165,Hopper-v5,2854,Agente_2
753.1653151512146,142,581632,280.2631087112434,292.5319881852715,261.4463849113163,110.12,1130,0.02,-3.0,0.99,1.3234184164336285e-05,0.00034168728241833256,0.0003,-107.75318908691406,0.74359130859375,1.1150946617126465,0.054190799593925476,-2.9152441024780273,-3.0,106.88143920898438,166.03692626953125,-11.556930541992188,1.424163818359375,76.58184623718262,1.0,-107.75318908691406,0.74359130859375,1.1150946617126465,0.054190799593925476,-2.9152441024780273,-3.0,106.88143920898438,166.03692626953125,-11.556930541992188,1130.0,1130.0,0.0,0.02,0.02,0.0,1.3234184164336285e-05,1.3234184164336285e-05,0.0,0.00034168728241833256,0.00034168728241833256,0.0,0.0003,0.0003,0.0,-3.0,-3.0,0.0,0.0,0.18142857142857144,27.928571428571427,88.24285714285713,5356.15,166,Hopper-v5,2854,Agente_2
758.74059009552,143,585728,281.7656623125575,299.2150334729379,261.4463849113163,110.38,1130,0.02,-3.0,0.99,1.3234184164336285e-05,0.00034168728241833256,0.0003,-111.88214111328125,0.5767808556556702,1.8179963827133179,0.05437645688652992,-2.9118239879608154,-3.0,111.08786010742188,175.1298065185547,-16.348926544189453,1.371429443359375,21.371848583221436,1.0,-111.88214111328125,0.5767808556556702,1.8179963827133179,0.05437645688652992,-2.9118239879608154,-3.0,111.08786010742188,175.1298065185547,-16.348926544189453,1130.0,1130.0,0.0,0.02,0.02,0.0,1.3234184164336285e-05,1.3234184164336285e-05,0.0,0.00034168728241833256,0.00034168728241833256,0.0,0.0003,0.0003,0.0,-3.0,-3.0,0.0,0.0,0.20750000000000002,28.512500000000003,88.3125,5387.697,167,Hopper-v5,2854,Agente_2
764.2372012138367,144,589824,288.3266871381666,304.7879465082292,268.8443147678183,111.69,1130,0.02,-3.0,0.99,1.3234184164336285e-05,0.00034168728241833256,0.0003,-112.368896484375,0.6261125802993774,0.9959002137184143,0.05455343797802925,-2.9085745811462402,-3.0,111.22897338867188,189.1995849609375,-14.809471130371094,1.3631391525268555,70.61597442626953,1.0,-112.368896484375,0.6261125802993774,0.9959002137184143,0.05455343797802925,-2.9085745811462402,-3.0,111.22897338867188,189.1995849609375,-14.809471130371094,1130.0,1130.0,0.0,0.02,0.02,0.0,1.3234184164336285e-05,1.3234184164336285e-05,0.0,0.00034168728241833256,0.00034168728241833256,0.0,0.0003,0.0003,0.0,-3.0,-3.0,0.0,0.0,0.19,27.737499999999997,88.22500000000001,5395.054,168,Hopper-v5,2854,Agente_2
770.0115034580231,145,593920,295.9606874757741,318.2054204636297,268.8443147678183,113.17,1130,0.02,-3.0,0.99,1.3234184164336285e-05,0.00034168728241833256,0.0003,-113.60456085205078,0.6153992414474487,0.5444004535675049,0.05479120835661888,-2.9042255878448486,-3.0,113.21005249023438,182.53378295898438,-5.444694519042969,1.457489013671875,68.2633285522461,1.0,-113.60456085205078,0.6153992414474487,0.5444004535675049,0.05479120835661888,-2.9042255878448486,-3.0,113.21005249023438,182.53378295898438,-5.444694519042969,1130.0,1130.0,0.0,0.02,0.02,0.0,1.3234184164336285e-05,1.3234184164336285e-05,0.0,0.00034168728241833256,0.00034168728241833256,0.0,0.0003,0.0003,0.0,-3.0,-3.0,0.0,0.0,0.27125,27.787499999999998,88.275,5424.308,169,Hopper-v5,2854,Agente_2
776.254905462265,146,598016,306.2367342819754,332.2472294837527,277.42595967126385,115.28,1130,0.02,-3.0,0.99,1.3234184164336285e-05,0.00034168728241833256,0.0003,-114.80888366699219,0.5930197834968567,0.687165379524231,0.054962705820798874,-2.9011003971099854,-3.0,114.28925323486328,185.57432556152344,-13.22607707977295,1.202352523803711,49.14244079589844,1.0,-114.80888366699219,0.5930197834968567,0.687165379524231,0.054962705820798874,-2.9011003971099854,-3.0,114.28925323486328,185.57432556152344,-13.22607707977295,1130.0,1130.0,0.0,0.02,0.02,0.0,1.3234184164336285e-05,1.3234184164336285e-05,0.0,0.00034168728241833256,0.00034168728241833256,0.0,0.0003,0.0003,0.0,-3.0,-3.0,0.0,0.0,0.275,27.2875,88.30000000000001,5525.029,170,Hopper-v5,2854,Agente_2
781.4118077754974,147,602112,313.5434443904026,337.4498466039427,7.848197624474135,116.27,1130,0.02,-3.0,0.99,1.3234184164336285e-05,0.00034168728241833256,0.0003,-117.30376434326172,0.48316052556037903,0.6223947405815125,0.05525168403983116,-2.8958563804626465,-3.0,116.60370635986328,194.25340270996094,-15.751242637634277,1.2076606750488281,14.98961353302002,1.0,-117.30376434326172,0.48316052556037903,0.6223947405815125,0.05525168403983116,-2.8958563804626465,-3.0,116.60370635986328,194.25340270996094,-15.751242637634277,1130.0,1130.0,0.0,0.02,0.02,0.0,1.3234184164336285e-05,1.3234184164336285e-05,0.0,0.00034168728241833256,0.00034168728241833256,0.0,0.0003,0.0003,0.0,-3.0,-3.0,0.0,0.0,0.20857142857142857,25.771428571428572,88.65714285714286,5456.585,171,Hopper-v5,2854,Agente_2
786.5656540393829,148,606208,317.69668299957914,337.4498466039427,7.848197624474135,116.61,1130,0.02,-3.0,0.99,1.3234184164336285e-05,0.00034168728241833256,0.0003,-117.82365417480469,0.613314151763916,1.414656162261963,0.05560891702771187,-2.889411687850952,-3.0,116.5481185913086,210.12808227539062,-29.984146118164062,1.1719684600830078,54.089712142944336,1.0,-117.82365417480469,0.613314151763916,1.414656162261963,0.05560891702771187,-2.889411687850952,-3.0,116.5481185913086,210.12808227539062,-29.984146118164062,1130.0,1130.0,0.0,0.02,0.02,0.0,1.3234184164336285e-05,1.3234184164336285e-05,0.0,0.00034168728241833256,0.00034168728241833256,0.0,0.0003,0.0003,0.0,-3.0,-3.0,0.0,0.0,0.2414285714285714,25.971428571428568,89.35714285714286,5446.509,172,Hopper-v5,2854,Agente_2
791.6185555458069,149,610304,320.11748516929697,337.4498466039427,7.848197624474135,116.97,1130,0.02,-3.0,0.99,1.3234184164336285e-05,0.00034168728241833256,0.0003,-126.5285415649414,0.5658779144287109,0.09965971112251282,0.05596114695072174,-2.8830976486206055,-3.0,125.88601684570312,206.13558959960938,-8.122934341430664,1.1500930786132812,20.44706153869629,1.0,-126.5285415649414,0.5658779144287109,0.09965971112251282,0.05596114695072174,-2.8830976486206055,-3.0,125.88601684570312,206.13558959960938,-8.122934341430664,1130.0,1130.0,0.0,0.02,0.02,0.0,1.3234184164336285e-05,1.3234184164336285e-05,0.0,0.00034168728241833256,0.00034168728241833256,0.0,0.0003,0.0003,0.0,-3.0,-3.0,0.0,0.0,0.19571428571428573,24.771428571428572,90.32857142857142,5408.309,173,Hopper-v5,2854,Agente_2
797.2787454128265,150,614400,314.9872985308242,336.94663091768086,9.490040109956713,116.05,1130,0.02,-3.0,0.99,1.3234184164336285e-05,0.00034168728241833256,0.0003,-119.45513916015625,0.5666476488113403,0.8759203553199768,0.05626644566655159,-2.877656936645508,-3.0,118.9681396484375,173.3927001953125,-8.36313533782959,1.3154792785644531,29.135255813598633,1.0,-119.45513916015625,0.5666476488113403,0.8759203553199768,0.05626644566655159,-2.877656936645508,-3.0,118.9681396484375,173.3927001953125,-8.36313533782959,1130.0,1130.0,0.0,0.02,0.02,0.0,1.3234184164336285e-05,1.3234184164336285e-05,0.0,0.00034168728241833256,0.00034168728241833256,0.0,0.0003,0.0003,0.0,-3.0,-3.0,0.0,0.0,0.11461538461538459,21.784615384615385,82.57692307692308,5446.565,174,Hopper-v5,2854,Agente_2
802.5731394290924,151,618496,301.9719639049566,336.0467035803821,8.683076963697893,112.98,1130,0.02,-3.0,0.99,1.3234184164336285e-05,0.00034168728241833256,0.0003,-124.71994018554688,0.5477160811424255,0.4180785119533539,0.05676403269171715,-2.868852376937866,-3.0,123.8946533203125,207.51431274414062,6.868133068084717,1.211313247680664,36.60810947418213,1.0,-124.71994018554688,0.5477160811424255,0.4180785119533539,0.05676403269171715,-2.868852376937866,-3.0,123.8946533203125,207.51431274414062,6.868133068084717,1130.0,1130.0,0.0,0.02,0.02,0.0,1.3234184164336285e-05,1.3234184164336285e-05,0.0,0.00034168728241833256,0.00034168728241833256,0.0,0.0003,0.0003,0.0,-3.0,-3.0,0.0,0.0,0.27285714285714285,25.742857142857144,79.85714285714286,5457.862,175,Hopper-v5,2854,Agente_2
807.7705447673798,152,622592,278.64934070151884,325.3956704761407,8.683076963697893,107.76,1130,0.02,-3.0,0.99,1.3234184164336285e-05,0.00034168728241833256,0.0003,-126.81658172607422,0.5931851863861084,-0.262997031211853,0.05723131075501442,-2.86065411567688,-3.0,126.12738037109375,212.5640869140625,-30.108457565307617,1.3731861114501953,23.33895492553711,1.0,-126.81658172607422,0.5931851863861084,-0.262997031211853,0.05723131075501442,-2.86065411567688,-3.0,126.12738037109375,212.5640869140625,-30.108457565307617,1130.0,1130.0,0.0,0.02,0.02,0.0,1.3234184164336285e-05,1.3234184164336285e-05,0.0,0.00034168728241833256,0.00034168728241833256,0.0,0.0003,0.0003,0.0,-3.0,-3.0,0.0,0.0,0.16,25.77142857142857,86.11428571428573,5448.575,176,Hopper-v5,2854,Agente_2
813.2476472854614,153,626688,248.5693544085795,325.3956704761407,204.97891406881223,101.06,1130,0.02,-3.0,0.99,1.3234184164336285e-05,0.00034168728241833256,0.0003,-128.8199920654297,0.5102146863937378,-0.562088131904602,0.0578758642077446,-2.849454879760742,-3.0,128.22122192382812,226.71617126464844,-6.253453254699707,1.1200809478759766,13.896589279174805,1.0,-128.8199920654297,0.5102146863937378,-0.562088131904602,0.0578758642077446,-2.849454879760742,-3.0,128.22122192382812,226.71617126464844,-6.253453254699707,1130.0,1130.0,0.0,0.02,0.02,0.0,1.3234184164336285e-05,1.3234184164336285e-05,0.0,0.00034168728241833256,0.00034168728241833256,0.0,0.0003,0.0003,0.0,-3.0,-3.0,0.0,0.0,0.25125,27.725,88.41250000000001,5438.651,177,Hopper-v5,2854,Agente_2
818.6721298694611,154,630784,222.33334729718715,321.31336661434915,202.75067977290416,94.63,1130,0.02,-3.0,0.99,1.3234184164336285e-05,0.00034168728241833256,0.0003,-129.64614868164062,0.600502610206604,1.9947845935821533,0.05843145027756691,-2.8399009704589844,-3.0,129.26742553710938,215.2012176513672,-7.345729827880859,1.3048019409179688,29.07999610900879,1.0,-129.64614868164062,0.600502610206604,1.9947845935821533,0.05843145027756691,-2.8399009704589844,-3.0,129.26742553710938,215.2012176513672,-7.345729827880859,1130.0,1130.0,0.0,0.02,0.02,0.0,1.3234184164336285e-05,1.3234184164336285e-05,0.0,0.00034168728241833256,0.00034168728241833256,0.0,0.0003,0.0003,0.0,-3.0,-3.0,0.0,0.0,0.3257142857142857,27.742857142857144,88.34285714285714,5432.037,178,Hopper-v5,2854,Agente_2
823.880452632904,155,634880,208.63644666579253,226.79588669052464,201.57943447032636,90.87,1130,0.02,-3.0,0.99,1.3234184164336285e-05,0.00034168728241833256,0.0003,-130.33074951171875,0.4814542233943939,2.6955342292785645,0.05909077078104019,-2.8286805152893066,-3.0,129.92198181152344,219.6266326904297,-15.101943969726562,1.2103309631347656,16.04772162437439,1.0,-130.33074951171875,0.4814542233943939,2.6955342292785645,0.05909077078104019,-2.8286805152893066,-3.0,129.92198181152344,219.6266326904297,-15.101943969726562,1130.0,1130.0,0.0,0.02,0.02,0.0,1.3234184164336285e-05,1.3234184164336285e-05,0.0,0.00034168728241833256,0.00034168728241833256,0.0,0.0003,0.0003,0.0,-3.0,-3.0,0.0,0.0,0.25,27.325,88.2,5375.852,179,Hopper-v5,2854,Agente_2
829.1109776496887,156,638976,206.53294602704295,215.91706980875395,201.57943447032636,89.94,1130,0.02,-3.0,0.99,1.3234184164336285e-05,0.00034168728241833256,0.0003,-133.13082885742188,0.4219995439052582,1.661865234375,0.05987265706062317,-2.815535306930542,-3.0,132.55575561523438,187.9559783935547,8.847258567810059,1.1715641021728516,12.09371280670166,1.0,-133.13082885742188,0.4219995439052582,1.661865234375,0.05987265706062317,-2.815535306930542,-3.0,132.55575561523438,187.9559783935547,8.847258567810059,1130.0,1130.0,0.0,0.02,0.02,0.0,1.3234184164336285e-05,1.3234184164336285e-05,0.0,0.00034168728241833256,0.00034168728241833256,0.0,0.0003,0.0003,0.0,-3.0,-3.0,0.0,0.0,0.23571428571428574,27.814285714285717,88.21428571428574,5274.512,180,Hopper-v5,2854,Agente_2
834.5573797225952,157,643072,205.79031496254873,213.60624755282842,201.5633728487903,89.46,1130,0.02,-3.0,0.99,1.3234184164336285e-05,0.00034168728241833256,0.0003,-140.05429077148438,0.5576240420341492,0.2579098045825958,0.06061844155192375,-2.8031561374664307,-3.0,139.31854248046875,227.81179809570312,-3.402040719985962,1.04937744140625,31.15548324584961,1.0,-140.05429077148438,0.5576240420341492,0.2579098045825958,0.06061844155192375,-2.8031561374664307,-3.0,139.31854248046875,227.81179809570312,-3.402040719985962,1130.0,1130.0,0.0,0.02,0.02,0.0,1.3234184164336285e-05,1.3234184164336285e-05,0.0,0.00034168728241833256,0.00034168728241833256,0.0,0.0003,0.0003,0.0,-3.0,-3.0,0.0,0.0,0.26875000000000004,27.225,88.25,5303.263,181,Hopper-v5,2854,Agente_2
839.8284831047058,158,647168,205.89931733125792,213.60624755282842,201.4918686461344,89.37,1130,0.02,-3.0,0.99,1.3234184164336285e-05,0.00034168728241833256,0.0003,-141.04788208007812,0.6843846440315247,1.1741516590118408,0.06121606379747391,-2.7933456897735596,-3.0,140.2649383544922,229.49993896484375,1.070251226425171,1.4351253509521484,41.987154960632324,1.0,-141.04788208007812,0.6843846440315247,1.1741516590118408,0.06121606379747391,-2.7933456897735596,-3.0,140.2649383544922,229.49993896484375,1.070251226425171,1130.0,1130.0,0.0,0.02,0.02,0.0,1.3234184164336285e-05,1.3234184164336285e-05,0.0,0.00034168728241833256,0.00034168728241833256,0.0,0.0003,0.0003,0.0,-3.0,-3.0,0.0,0.0,0.23,27.442857142857143,88.2,5315.076,182,Hopper-v5,2854,Agente_2
845.9028162956238,159,651264,207.8552706680877,218.8134843192551,201.4918686461344,89.89,1130,0.02,-3.0,0.99,1.3234184164336285e-05,0.00034168728241833256,0.0003,-141.30523681640625,0.7854150533676147,0.8567498922348022,0.06189952418208122,-2.782242774963379,-3.0,140.33004760742188,260.53802490234375,-4.252985000610352,1.0327415466308594,58.082051277160645,1.0,-141.30523681640625,0.7854150533676147,0.8567498922348022,0.06189952418208122,-2.782242774963379,-3.0,140.33004760742188,260.53802490234375,-4.252985000610352,1130.0,1130.0,0.0,0.02,0.02,0.0,1.3234184164336285e-05,1.3234184164336285e-05,0.0,0.00034168728241833256,0.00034168728241833256,0.0,0.0003,0.0003,0.0,-3.0,-3.0,0.0,0.0,0.2575,27.5375,88.17500000000001,5417.311,183,Hopper-v5,2854,Agente_2
851.155734539032,160,655360,210.77164804154654,235.13578293902725,202.64112569503308,90.6,1130,0.02,-3.0,0.99,1.3234184164336285e-05,0.00034168728241833256,0.0003,-138.15866088867188,0.7622461318969727,2.3348278999328613,0.06264825910329819,-2.770219326019287,-3.0,137.18612670898438,193.77931213378906,3.6211633682250977,1.208343505859375,64.32648086547852,1.0,-138.15866088867188,0.7622461318969727,2.3348278999328613,0.06264825910329819,-2.770219326019287,-3.0,137.18612670898438,193.77931213378906,3.6211633682250977,1130.0,1130.0,0.0,0.02,0.02,0.0,1.3234184164336285e-05,1.3234184164336285e-05,0.0,0.00034168728241833256,0.00034168728241833256,0.0,0.0003,0.0003,0.0,-3.0,-3.0,0.0,0.0,0.20875,25.925,88.19999999999999,5376.328,184,Hopper-v5,2854,Agente_2
856.461784362793,161,659456,213.35565901493865,280.3505149379958,202.58271224842323,91.2,1130,0.02,-3.0,0.99,1.3234184164336285e-05,0.00034168728241833256,0.0003,-142.97576904296875,0.6659238338470459,1.2745436429977417,0.0633620172739029,-2.7588906288146973,-3.0,141.70884704589844,203.68563842773438,1.9598532915115356,1.126007080078125,53.156737327575684,1.0,-142.97576904296875,0.6659238338470459,1.2745436429977417,0.0633620172739029,-2.7588906288146973,-3.0,141.70884704589844,203.68563842773438,1.9598532915115356,1130.0,1130.0,0.0,0.02,0.02,0.0,1.3234184164336285e-05,1.3234184164336285e-05,0.0,0.00034168728241833256,0.00034168728241833256,0.0,0.0003,0.0003,0.0,-3.0,-3.0,0.0,0.0,0.25,27.771428571428572,88.25714285714285,5377.32,185,Hopper-v5,2854,Agente_2
862.030458688736,162,663552,219.69694749670387,285.92958633719854,202.58271224842323,92.89,1130,0.02,-3.0,0.99,1.3234184164336285e-05,0.00034168728241833256,0.0003,-144.0641326904297,0.7646719217300415,0.4322977066040039,0.06443403661251068,-2.7421133518218994,-3.0,143.2369384765625,211.602783203125,16.68212127685547,1.4300079345703125,66.50545692443848,1.0,-144.0641326904297,0.7646719217300415,0.4322977066040039,0.06443403661251068,-2.7421133518218994,-3.0,143.2369384765625,211.602783203125,16.68212127685547,1130.0,1130.0,0.0,0.02,0.02,0.0,1.3234184164336285e-05,1.3234184164336285e-05,0.0,0.00034168728241833256,0.00034168728241833256,0.0,0.0003,0.0003,0.0,-3.0,-3.0,0.0,0.0,0.29125,27.9625,88.375,5414.703,186,Hopper-v5,2854,Agente_2
867.3771970272064,163,667648,241.82699989803743,318.65784022056613,202.58271224842323,98.38,1130,0.02,-3.0,0.99,1.3234184164336285e-05,0.00034168728241833256,0.0003,-145.87094116210938,0.790088415145874,2.7967309951782227,0.06555769592523575,-2.7248246669769287,-3.0,145.035400390625,243.56150817871094,13.78322696685791,1.1421737670898438,65.56038284301758,1.0,-145.87094116210938,0.790088415145874,2.7967309951782227,0.06555769592523575,-2.7248246669769287,-3.0,145.035400390625,243.56150817871094,13.78322696685791,1130.0,1130.0,0.0,0.02,0.02,0.0,1.3234184164336285e-05,1.3234184164336285e-05,0.0,0.00034168728241833256,0.00034168728241833256,0.0,0.0003,0.0003,0.0,-3.0,-3.0,0.0,0.0,0.1942857142857143,25.785714285714285,88.94285714285715,5401.795,187,Hopper-v5,2854,Agente_2
872.8101251125336,164,671744,267.7181594705802,318.65784022056613,208.70929177042402,105.23,1130,0.02,-3.0,0.99,1.3234184164336285e-05,0.00034168728241833256,0.0003,-151.9514923095703,0.7051742672920227,2.0295562744140625,0.06734339892864227,-2.6979503631591797,-3.0,150.7731170654297,204.3755645751953,12.70920181274414,1.3922977447509766,77.4722900390625,1.0,-151.9514923095703,0.7051742672920227,2.0295562744140625,0.06734339892864227,-2.6979503631591797,-3.0,150.7731170654297,204.3755645751953,12.70920181274414,1130.0,1130.0,0.0,0.02,0.02,0.0,1.3234184164336285e-05,1.3234184164336285e-05,0.0,0.00034168728241833256,0.00034168728241833256,0.0,0.0003,0.0003,0.0,-3.0,-3.0,0.0,0.0,0.24714285714285714,25.9,89.48571428571428,5402.385,188,Hopper-v5,2854,Agente_2
878.109005689621,165,675840,284.91714013066286,318.65784022056613,211.60744785546478,110.73,1130,0.02,-3.0,0.99,1.3234184164336285e-05,0.00034168728241833256,0.0003,-151.2589569091797,0.6884081363677979,2.175593852996826,0.06917717307806015,-2.671084403991699,-3.0,150.12635803222656,217.0140380859375,4.677562713623047,1.1480636596679688,48.72542953491211,1.0,-151.2589569091797,0.6884081363677979,2.175593852996826,0.06917717307806015,-2.671084403991699,-3.0,150.12635803222656,217.0140380859375,4.677562713623047,1130.0,1130.0,0.0,0.02,0.02,0.0,1.3234184164336285e-05,1.3234184164336285e-05,0.0,0.00034168728241833256,0.00034168728241833256,0.0,0.0003,0.0003,0.0,-3.0,-3.0,0.0,0.0,0.215,26.200000000000003,90.15,5411.26,189,Hopper-v5,2854,Agente_2
883.8639862537384,166,679936,282.2983107908683,317.4313937313309,212.81664938453324,111.34,1130,0.02,-3.0,0.99,1.3234184164336285e-05,0.00034168728241833256,0.0003,-152.3756103515625,0.7368967533111572,1.6688244342803955,0.07083871215581894,-2.6473495960235596,-3.0,150.9461669921875,214.6405792236328,17.68123435974121,1.2669601440429688,79.4685001373291,1.0,-152.3756103515625,0.7368967533111572,1.6688244342803955,0.07083871215581894,-2.6473495960235596,-3.0,150.9461669921875,214.6405792236328,17.68123435974121,1130.0,1130.0,0.0,0.02,0.02,0.0,1.3234184164336285e-05,1.3234184164336285e-05,0.0,0.00034168728241833256,0.00034168728241833256,0.0,0.0003,0.0003,0.0,-3.0,-3.0,0.0,0.0,0.18625000000000003,26.45,89.32499999999999,5463.701,190,Hopper-v5,2854,Agente_2
889.1475625038147,167,684032,269.8917091803016,316.539402160943,227.65311718637906,109.38,1130,0.02,-3.0,0.99,1.3234184164336285e-05,0.00034168728241833256,0.0003,-154.00091552734375,0.6981871724128723,-0.062358081340789795,0.07231180369853973,-2.626767873764038,-3.0,152.7020263671875,206.75662231445312,-33.648616790771484,1.16180419921875,70.6263656616211,1.0,-154.00091552734375,0.6981871724128723,-0.062358081340789795,0.07231180369853973,-2.626767873764038,-3.0,152.7020263671875,206.75662231445312,-33.648616790771484,1130.0,1130.0,0.0,0.02,0.02,0.0,1.3234184164336285e-05,1.3234184164336285e-05,0.0,0.00034168728241833256,0.00034168728241833256,0.0,0.0003,0.0003,0.0,-3.0,-3.0,0.0,0.0,0.23571428571428574,26.442857142857143,88.71428571428571,5447.616,191,Hopper-v5,2854,Agente_2
895.140326499939,168,688128,253.69903938533184,301.4858822551407,213.53648273566108,105.59,1130,0.02,-3.0,0.99,1.3234184164336285e-05,0.00034168728241833256,0.0003,-157.88082885742188,0.6826320886611938,1.544516921043396,0.07369482517242432,-2.6078226566314697,-3.0,156.33480834960938,212.56021118164062,-24.858692169189453,1.1245918273925781,74.73837089538574,1.0,-157.88082885742188,0.6826320886611938,1.544516921043396,0.07369482517242432,-2.6078226566314697,-3.0,156.33480834960938,212.56021118164062,-24.858692169189453,1130.0,1130.0,0.0,0.02,0.02,0.0,1.3234184164336285e-05,1.3234184164336285e-05,0.0,0.00034168728241833256,0.00034168728241833256,0.0,0.0003,0.0003,0.0,-3.0,-3.0,0.0,0.0,0.23285714285714285,27.72857142857143,88.52857142857144,5519.684,192,Hopper-v5,2854,Agente_2
900.7919945716858,169,692224,243.41985638126397,287.9906410203489,213.53648273566108,102.92,1130,0.02,-3.0,0.99,1.3234184164336285e-05,0.00034168728241833256,0.0003,-161.70187377929688,0.8638676404953003,0.9485092163085938,0.07501064240932465,-2.590125322341919,-3.0,160.58258056640625,258.69464111328125,-21.899507522583008,1.1651287078857422,100.74606704711914,1.0,-161.70187377929688,0.8638676404953003,0.9485092163085938,0.07501064240932465,-2.590125322341919,-3.0,160.58258056640625,258.69464111328125,-21.899507522583008,1130.0,1130.0,0.0,0.02,0.02,0.0,1.3234184164336285e-05,1.3234184164336285e-05,0.0,0.00034168728241833256,0.00034168728241833256,0.0,0.0003,0.0003,0.0,-3.0,-3.0,0.0,0.0,0.24125000000000002,27.725,88.45,5477.342,193,Hopper-v5,2854,Agente_2
906.4899048805237,170,696320,238.7355663058537,259.88639920351346,214.8708411023664,101.58,1130,0.02,-3.0,0.99,1.3234184164336285e-05,0.00034168728241833256,0.0003,-162.25701904296875,0.8447351455688477,0.7328436374664307,0.07662933319807053,-2.5687754154205322,-3.0,160.48289489746094,235.62570190429688,-20.854228973388672,1.2784919738769531,89.4367618560791,1.0,-162.25701904296875,0.8447351455688477,0.7328436374664307,0.07662933319807053,-2.5687754154205322,-3.0,160.48289489746094,235.62570190429688,-20.854228973388672,1130.0,1130.0,0.0,0.02,0.02,0.0,1.3234184164336285e-05,1.3234184164336285e-05,0.0,0.00034168728241833256,0.00034168728241833256,0.0,0.0003,0.0003,0.0,-3.0,-3.0,0.0,0.0,0.22592592592592595,26.333333333333332,89.1925925925926,5521.986,194,Hopper-v5,2854,Agente_2
911.9972102642059,171,700416,237.7715502142222,260.6875074342957,214.41671217546326,101.35,1130,0.02,-3.0,0.99,1.3234184164336285e-05,0.00034168728241833256,0.0003,-164.03054809570312,1.007193684577942,1.8007465600967407,0.07831569015979767,-2.5470073223114014,-3.0,162.60684204101562,250.41685485839844,17.419015884399414,1.2806625366210938,117.49199485778809,1.0,-164.03054809570312,1.007193684577942,1.8007465600967407,0.07831569015979767,-2.5470073223114014,-3.0,162.60684204101562,250.41685485839844,17.419015884399414,1130.0,1130.0,0.0,0.02,0.02,0.0,1.3234184164336285e-05,1.3234184164336285e-05,0.0,0.00034168728241833256,0.00034168728241833256,0.0,0.0003,0.0003,0.0,-3.0,-3.0,0.0,0.0,0.30125,27.6875,88.3875,5542.243,195,Hopper-v5,2854,Agente_2
917.3651237487793,172,704512,243.36450286967488,279.97204309946864,211.08953830190956,103.0,1130,0.02,-3.0,0.99,1.3234184164336285e-05,0.00034168728241833256,0.0003,-169.0874481201172,0.8227653503417969,-0.9418840408325195,0.07945223152637482,-2.5325992107391357,-3.0,167.43472290039062,248.08343505859375,4.748769283294678,1.0247306823730469,113.08060073852539,1.0,-169.0874481201172,0.8227653503417969,-0.9418840408325195,0.07945223152637482,-2.5325992107391357,-3.0,167.43472290039062,248.08343505859375,4.748769283294678,1130.0,1130.0,0.0,0.02,0.02,0.0,1.3234184164336285e-05,1.3234184164336285e-05,0.0,0.00034168728241833256,0.00034168728241833256,0.0,0.0003,0.0003,0.0,-3.0,-3.0,0.0,0.0,0.20428571428571426,27.200000000000006,88.39999999999999,5521.845,196,Hopper-v5,2854,Agente_2
922.7645778656006,173,708608,255.5354146884691,289.7237607044657,211.08953830190956,106.17,1130,0.02,-3.0,0.99,1.3234184164336285e-05,0.00034168728241833256,0.0003,-167.97763061523438,1.1910793781280518,0.11034661531448364,0.07994277775287628,-2.52644419670105,-3.0,166.5433807373047,250.13392639160156,-14.437426567077637,1.2857208251953125,141.94406509399414,1.0,-167.97763061523438,1.1910793781280518,0.11034661531448364,0.07994277775287628,-2.52644419670105,-3.0,166.5433807373047,250.13392639160156,-14.437426567077637,1130.0,1130.0,0.0,0.02,0.02,0.0,1.3234184164336285e-05,1.3234184164336285e-05,0.0,0.00034168728241833256,0.00034168728241833256,0.0,0.0003,0.0003,0.0,-3.0,-3.0,0.0,0.0,0.2871428571428572,27.842857142857138,88.44285714285714,5527.192,197,Hopper-v5,2854,Agente_2
928.4087693691254,174,712704,269.04974225280733,310.3246144157865,210.93660487656206,109.13,1130,0.02,-3.0,0.99,1.3234184164336285e-05,0.00034168728241833256,0.0003,-169.99420166015625,1.1129728555679321,-0.13139072060585022,0.08011621981859207,-2.5242769718170166,-3.0,168.48236083984375,268.4654541015625,27.946430206298828,1.2753067016601562,126.58742713928223,1.0,-169.99420166015625,1.1129728555679321,-0.13139072060585022,0.08011621981859207,-2.5242769718170166,-3.0,168.48236083984375,268.4654541015625,27.946430206298828,1130.0,1130.0,0.0,0.02,0.02,0.0,1.3234184164336285e-05,1.3234184164336285e-05,0.0,0.00034168728241833256,0.00034168728241833256,0.0,0.0003,0.0003,0.0,-3.0,-3.0,0.0,0.0,0.17625,29.5875,80.2125,5547.946,198,Hopper-v5,2854,Agente_2
933.6056153774261,175,716800,280.4782259758392,335.1112683009722,210.93660487656206,111.21,1130,0.02,-3.0,0.99,1.3234184164336285e-05,0.00034168728241833256,0.0003,-169.11183166503906,1.2325623035430908,-0.7858078479766846,0.07980272173881531,-2.528197765350342,-3.0,167.81654357910156,286.428955078125,4.828145980834961,1.2348976135253906,134.24126434326172,1.0,-169.11183166503906,1.2325623035430908,-0.7858078479766846,0.07980272173881531,-2.528197765350342,-3.0,167.81654357910156,286.428955078125,4.828145980834961,1130.0,1130.0,0.0,0.02,0.02,0.0,1.3234184164336285e-05,1.3234184164336285e-05,0.0,0.00034168728241833256,0.00034168728241833256,0.0,0.0003,0.0003,0.0,-3.0,-3.0,0.0,0.0,0.13142857142857142,25.11428571428571,79.39999999999999,5537.835,199,Hopper-v5,2854,Agente_2
938.743438243866,176,720896,287.44137058559494,335.1112683009722,210.93660487656206,111.54,1130,0.02,-3.0,0.99,1.3234184164336285e-05,0.00034168728241833256,0.0003,-169.35894775390625,1.0850179195404053,0.4718129336833954,0.07930812239646912,-2.534414768218994,-3.0,168.18988037109375,261.1089172363281,-26.312162399291992,1.5101318359375,117.52683639526367,1.0,-169.35894775390625,1.0850179195404053,0.4718129336833954,0.07930812239646912,-2.534414768218994,-3.0,168.18988037109375,261.1089172363281,-26.312162399291992,1130.0,1130.0,0.0,0.02,0.02,0.0,1.3234184164336285e-05,1.3234184164336285e-05,0.0,0.00034168728241833256,0.00034168728241833256,0.0,0.0003,0.0003,0.0,-3.0,-3.0,0.0,0.0,0.05714285714285714,21.685714285714283,86.97142857142856,5476.145,200,Hopper-v5,2854,Agente_2
943.9602539539337,177,724992,292.0243851010468,369.99682062039113,211.51017638195722,112.45,1130,0.02,-3.0,0.99,1.3234184164336285e-05,0.00034168728241833256,0.0003,-173.10818481445312,1.0990175008773804,0.21378567814826965,0.07908549904823303,-2.5372257232666016,-3.0,171.47396850585938,265.5928955078125,17.090341567993164,1.2630233764648438,122.00056838989258,1.0,-173.10818481445312,1.0990175008773804,0.21378567814826965,0.07908549904823303,-2.5372257232666016,-3.0,171.47396850585938,265.5928955078125,17.090341567993164,1130.0,1130.0,0.0,0.02,0.02,0.0,1.3234184164336285e-05,1.3234184164336285e-05,0.0,0.00034168728241833256,0.00034168728241833256,0.0,0.0003,0.0003,0.0,-3.0,-3.0,0.0,0.0,0.09875,23.425,90.39999999999999,5469.382,201,Hopper-v5,2854,Agente_2
949.5398051738739,178,729088,301.27436694307204,369.99682062039113,232.8484711312298,117.69,1130,0.02,-3.0,0.99,1.3234184164336285e-05,0.00034168728241833256,0.0003,-175.165771484375,0.9771064519882202,1.5769884586334229,0.07951793819665909,-2.5317726135253906,-3.0,173.86883544921875,265.84619140625,-27.57498550415039,1.289703369140625,89.73480796813965,1.0,-175.165771484375,0.9771064519882202,1.5769884586334229,0.07951793819665909,-2.5317726135253906,-3.0,173.86883544921875,265.84619140625,-27.57498550415039,1130.0,1130.0,0.0,0.02,0.02,0.0,1.3234184164336285e-05,1.3234184164336285e-05,0.0,0.00034168728241833256,0.00034168728241833256,0.0,0.0003,0.0003,0.0,-3.0,-3.0,0.0,0.0,0.10999999999999999,27.0,82.45714285714287,5427.981,202,Hopper-v5,2854,Agente_2
955.2954483032227,179,733184,321.07417667177845,406.5250912078949,232.8484711312298,128.88,1130,0.02,-3.0,0.99,1.3234184164336285e-05,0.00034168728241833256,0.0003,-173.48915100097656,0.7612013816833496,1.3286141157150269,0.08077023923397064,-2.516146659851074,-3.0,172.040771484375,268.24444580078125,-23.048511505126953,1.28350830078125,50.73972797393799,1.0,-173.48915100097656,0.7612013816833496,1.3286141157150269,0.08077023923397064,-2.516146659851074,-3.0,172.040771484375,268.24444580078125,-23.048511505126953,1130.0,1130.0,0.0,0.02,0.02,0.0,1.3234184164336285e-05,1.3234184164336285e-05,0.0,0.00034168728241833256,0.00034168728241833256,0.0,0.0003,0.0003,0.0,-3.0,-3.0,0.0,0.0,0.14125,28.150000000000002,78.61250000000001,5438.404,203,Hopper-v5,2854,Agente_2
960.7128474712372,180,737280,335.93797263318197,406.5250912078949,232.8484711312298,139.46,1130,0.02,-3.0,0.99,1.3234184164336285e-05,0.00034168728241833256,0.0003,-176.36251831054688,0.9458026885986328,0.2906379699707031,0.08211484551429749,-2.49963641166687,-3.0,174.5302734375,269.21270751953125,7.686005115509033,1.3908119201660156,88.22216033935547,1.0,-176.36251831054688,0.9458026885986328,0.2906379699707031,0.08211484551429749,-2.49963641166687,-3.0,174.5302734375,269.21270751953125,7.686005115509033,1130.0,1130.0,0.0,0.02,0.02,0.0,1.3234184164336285e-05,1.3234184164336285e-05,0.0,0.00034168728241833256,0.00034168728241833256,0.0,0.0003,0.0003,0.0,-3.0,-3.0,0.0,0.0,0.18857142857142856,25.728571428571428,84.39999999999999,5410.379,204,Hopper-v5,2854,Agente_2
966.062194108963,181,741376,346.9187086418094,406.5250912078949,243.37170136785346,147.05,1130,0.02,-3.0,0.99,1.3234184164336285e-05,0.00034168728241833256,0.0003,-186.22772216796875,0.9654695391654968,0.9308000802993774,0.08345553278923035,-2.4834413528442383,-3.0,184.475341796875,268.486328125,0.8159017562866211,0.9606857299804688,126.10152435302734,1.0,-186.22772216796875,0.9654695391654968,0.9308000802993774,0.08345553278923035,-2.4834413528442383,-3.0,184.475341796875,268.486328125,0.8159017562866211,1130.0,1130.0,0.0,0.02,0.02,0.0,1.3234184164336285e-05,1.3234184164336285e-05,0.0,0.00034168728241833256,0.00034168728241833256,0.0,0.0003,0.0003,0.0,-3.0,-3.0,0.0,0.0,0.19777777777777775,24.855555555555554,87.9111111111111,5394.492,205,Hopper-v5,2854,Agente_2
971.468670129776,182,745472,350.66674679635673,406.5250912078949,296.8762582811275,150.63,1130,0.02,-3.0,0.99,1.3234184164336285e-05,0.00034168728241833256,0.0003,-180.8044891357422,0.9053083062171936,1.4497928619384766,0.08499907702207565,-2.4651148319244385,-3.0,179.20849609375,272.2162780761719,-8.735885620117188,1.1628341674804688,78.88528823852539,1.0,-180.8044891357422,0.9053083062171936,1.4497928619384766,0.08499907702207565,-2.4651148319244385,-3.0,179.20849609375,272.2162780761719,-8.735885620117188,1130.0,1130.0,0.0,0.02,0.02,0.0,1.3234184164336285e-05,1.3234184164336285e-05,0.0,0.00034168728241833256,0.00034168728241833256,0.0,0.0003,0.0003,0.0,-3.0,-3.0,0.0,0.0,0.28875000000000006,27.0875,87.8125,5398.678,206,Hopper-v5,2854,Agente_2
977.0502727031708,183,749568,342.91329087802507,394.7865477141764,296.8762582811275,149.78,1130,0.02,-3.0,0.99,1.3234184164336285e-05,0.00034168728241833256,0.0003,-186.6365966796875,1.0598328113555908,0.5889641046524048,0.086355060338974,-2.4492878913879395,-3.0,184.66693115234375,285.96929931640625,-3.181548833847046,1.2854804992675781,136.71519470214844,1.0,-186.6365966796875,1.0598328113555908,0.5889641046524048,0.086355060338974,-2.4492878913879395,-3.0,184.66693115234375,285.96929931640625,-3.181548833847046,1130.0,1130.0,0.0,0.02,0.02,0.0,1.3234184164336285e-05,1.3234184164336285e-05,0.0,0.00034168728241833256,0.00034168728241833256,0.0,0.0003,0.0003,0.0,-3.0,-3.0,0.0,0.0,0.2186206896551724,25.451724137931034,88.28275862068966,5417.02,207,Hopper-v5,2854,Agente_2
982.5880928039551,184,753664,334.8243761091947,378.85105234374106,297.22702649007056,147.26,1130,0.02,-3.0,0.99,1.3234184164336285e-05,0.00034168728241833256,0.0003,-191.27859497070312,0.8176960945129395,1.7056589126586914,0.08703489601612091,-2.44144606590271,-3.0,190.04412841796875,281.39324951171875,-5.144399166107178,1.0761566162109375,76.48430061340332,1.0,-191.27859497070312,0.8176960945129395,1.7056589126586914,0.08703489601612091,-2.44144606590271,-3.0,190.04412841796875,281.39324951171875,-5.144399166107178,1130.0,1130.0,0.0,0.02,0.02,0.0,1.3234184164336285e-05,1.3234184164336285e-05,0.0,0.00034168728241833256,0.00034168728241833256,0.0,0.0003,0.0003,0.0,-3.0,-3.0,0.0,0.0,0.29500000000000004,28.0375,87.3125,5406.821,208,Hopper-v5,2854,Agente_2
988.1052632331848,185,757760,326.5500681459243,373.3449730004838,297.22702649007056,144.59,1130,0.02,-3.0,0.99,1.3234184164336285e-05,0.00034168728241833256,0.0003,-186.9626922607422,1.2396931648254395,0.037442684173583984,0.08755528181791306,-2.4354848861694336,-3.0,184.90975952148438,270.50360107421875,-11.420363426208496,1.3108634948730469,144.3238868713379,1.0,-186.9626922607422,1.2396931648254395,0.037442684173583984,0.08755528181791306,-2.4354848861694336,-3.0,184.90975952148438,270.50360107421875,-11.420363426208496,1130.0,1130.0,0.0,0.02,0.02,0.0,1.3234184164336285e-05,1.3234184164336285e-05,0.0,0.00034168728241833256,0.00034168728241833256,0.0,0.0003,0.0003,0.0,-3.0,-3.0,0.0,0.0,0.2488888888888889,26.41111111111111,87.33333333333333,5438.876,209,Hopper-v5,2854,Agente_2
993.4603836536407,186,761856,321.1081263182843,372.4827972568351,280.8430022342402,141.98,1130,0.02,-3.0,0.99,1.3234184164336285e-05,0.00034168728241833256,0.0003,-187.9195556640625,1.0186502933502197,1.2298266887664795,0.08795332908630371,-2.4309489727020264,-3.0,185.3406982421875,294.20697021484375,-3.252629041671753,1.3288307189941406,157.73953247070312,1.0,-187.9195556640625,1.0186502933502197,1.2298266887664795,0.08795332908630371,-2.4309489727020264,-3.0,185.3406982421875,294.20697021484375,-3.252629041671753,1130.0,1130.0,0.0,0.02,0.02,0.0,1.3234184164336285e-05,1.3234184164336285e-05,0.0,0.00034168728241833256,0.00034168728241833256,0.0,0.0003,0.0003,0.0,-3.0,-3.0,0.0,0.0,0.22125,27.6875,87.35000000000001,5460.308,210,Hopper-v5,2854,Agente_2
998.8232235908508,187,765952,315.4128279192655,358.56497377833756,258.3086174509082,139.36,1130,0.02,-3.0,0.99,1.3234184164336285e-05,0.00034168728241833256,0.0003,-188.3155975341797,1.0731709003448486,3.9091758728027344,0.0878322646021843,-2.432326316833496,-3.0,185.66165161132812,286.9795837402344,-6.438452243804932,1.3910713195800781,124.50344467163086,1.0,-188.3155975341797,1.0731709003448486,3.9091758728027344,0.0878322646021843,-2.432326316833496,-3.0,185.66165161132812,286.9795837402344,-6.438452243804932,1130.0,1130.0,0.0,0.02,0.02,0.0,1.3234184164336285e-05,1.3234184164336285e-05,0.0,0.00034168728241833256,0.00034168728241833256,0.0,0.0003,0.0003,0.0,-3.0,-3.0,0.0,0.0,0.2742857142857143,27.328571428571433,87.28571428571429,5474.617,211,Hopper-v5,2854,Agente_2
1004.2750716209412,188,770048,310.10305201146645,346.3221000785057,248.7443605680107,136.25,1130,0.02,-3.0,0.99,1.3234184164336285e-05,0.00034168728241833256,0.0003,-192.44775390625,1.0995233058929443,-3.0320115089416504,0.0870506688952446,-2.4412648677825928,-3.0,190.83969116210938,285.6610107421875,2.2814228534698486,1.2794761657714844,197.91051483154297,1.0,-192.44775390625,1.0995233058929443,-3.0320115089416504,0.0870506688952446,-2.4412648677825928,-3.0,190.83969116210938,285.6610107421875,2.2814228534698486,1130.0,1130.0,0.0,0.02,0.02,0.0,1.3234184164336285e-05,1.3234184164336285e-05,0.0,0.00034168728241833256,0.00034168728241833256,0.0,0.0003,0.0003,0.0,-3.0,-3.0,0.0,0.0,0.2325,27.25,87.2625,5462.012,212,Hopper-v5,2854,Agente_2
1009.7214097976685,189,774144,304.4239792805571,338.8440259292137,248.7443605680107,132.69,1130,0.02,-3.0,0.99,1.3234184164336285e-05,0.00034168728241833256,0.0003,-196.85464477539062,1.063277244567871,1.290137767791748,0.08456020057201385,-2.4702916145324707,-3.0,195.26242065429688,271.2705993652344,-9.58301067352295,1.4104232788085938,133.9588623046875,1.0,-196.85464477539062,1.063277244567871,1.290137767791748,0.08456020057201385,-2.4702916145324707,-3.0,195.26242065429688,271.2705993652344,-9.58301067352295,1130.0,1130.0,0.0,0.02,0.02,0.0,1.3234184164336285e-05,1.3234184164336285e-05,0.0,0.00034168728241833256,0.00034168728241833256,0.0,0.0003,0.0003,0.0,-3.0,-3.0,0.0,0.0,0.2571428571428572,27.357142857142858,86.52857142857144,5430.903,213,Hopper-v5,2854,Agente_2
1015.572676897049,190,778240,298.13139832450474,320.7473085764101,248.7443605680107,128.71,1130,0.02,-3.0,0.99,1.3234184164336285e-05,0.00034168728241833256,0.0003,-189.1234893798828,1.2405691146850586,-2.4072163105010986,0.08212865144014359,-2.4994683265686035,-3.0,187.5310516357422,274.33062744140625,-13.814496040344238,1.5231399536132812,184.88404083251953,1.0,-189.1234893798828,1.2405691146850586,-2.4072163105010986,0.08212865144014359,-2.4994683265686035,-3.0,187.5310516357422,274.33062744140625,-13.814496040344238,1130.0,1130.0,0.0,0.02,0.02,0.0,1.3234184164336285e-05,1.3234184164336285e-05,0.0,0.00034168728241833256,0.00034168728241833256,0.0,0.0003,0.0003,0.0,-3.0,-3.0,0.0,0.0,0.13375,31.875,76.1875,5474.214,214,Hopper-v5,2854,Agente_2
1021.0228464603424,191,782336,293.30789552261166,320.5491324787825,250.56585502577744,125.13,1130,0.02,-3.0,0.99,1.3234184164336285e-05,0.00034168728241833256,0.0003,-195.3363037109375,0.8939155340194702,-2.241800308227539,0.07902684807777405,-2.5379676818847656,-3.0,194.14605712890625,282.2880554199219,6.368862628936768,1.170769453048706,149.6523895263672,1.0,-195.3363037109375,0.8939155340194702,-2.241800308227539,0.07902684807777405,-2.5379676818847656,-3.0,194.14605712890625,282.2880554199219,6.368862628936768,1130.0,1130.0,0.0,0.02,0.02,0.0,1.3234184164336285e-05,1.3234184164336285e-05,0.0,0.00034168728241833256,0.00034168728241833256,0.0,0.0003,0.0003,0.0,-3.0,-3.0,0.0,0.0,0.18142857142857144,25.457142857142856,80.45714285714287,5484.365,215,Hopper-v5,2854,Agente_2
1026.515392780304,192,786432,292.1405452438068,320.5491324787825,268.3990255656466,122.61,1130,0.02,-3.0,0.99,1.3234184164336285e-05,0.00034168728241833256,0.0003,-191.69509887695312,1.0114240646362305,-10.842493057250977,0.07588139921426773,-2.5785837173461914,-3.0,190.1669921875,278.8421936035156,-5.7928595542907715,1.5569648742675781,147.62350845336914,1.0,-191.69509887695312,1.0114240646362305,-10.842493057250977,0.07588139921426773,-2.5785837173461914,-3.0,190.1669921875,278.8421936035156,-5.7928595542907715,1130.0,1130.0,0.0,0.02,0.02,0.0,1.3234184164336285e-05,1.3234184164336285e-05,0.0,0.00034168728241833256,0.00034168728241833256,0.0,0.0003,0.0003,0.0,-3.0,-3.0,0.0,0.0,0.1955555555555556,25.811111111111114,86.93333333333334,5492.911,216,Hopper-v5,2854,Agente_2
1031.9629061222076,193,790528,298.2231650045952,330.9933813928013,279.45826082363396,121.55,1130,0.02,-3.0,0.99,1.3234184164336285e-05,0.00034168728241833256,0.0003,-193.12591552734375,0.7863836288452148,-3.671215057373047,0.07310070842504501,-2.615917205810547,-3.0,191.9903564453125,277.00225830078125,-6.213937282562256,1.5694427490234375,19.57023048400879,1.0,-193.12591552734375,0.7863836288452148,-3.671215057373047,0.07310070842504501,-2.615917205810547,-3.0,191.9903564453125,277.00225830078125,-6.213937282562256,1130.0,1130.0,0.0,0.02,0.02,0.0,1.3234184164336285e-05,1.3234184164336285e-05,0.0,0.00034168728241833256,0.00034168728241833256,0.0,0.0003,0.0003,0.0,-3.0,-3.0,0.0,0.0,0.2671428571428571,26.78571428571429,87.98571428571427,5479.342,217,Hopper-v5,2854,Agente_2
1037.4708361625671,194,794624,308.75330562578415,333.59979539748866,280.5205395834518,121.01,1130,0.02,-3.0,0.99,1.3234184164336285e-05,0.00034168728241833256,0.0003,-195.92990112304688,0.7655737400054932,-7.394959449768066,0.07122796773910522,-2.6418697834014893,-3.0,194.56344604492188,279.27032470703125,-2.9777417182922363,1.4965019226074219,16.307109832763672,1.0,-195.92990112304688,0.7655737400054932,-7.394959449768066,0.07122796773910522,-2.6418697834014893,-3.0,194.56344604492188,279.27032470703125,-2.9777417182922363,1130.0,1130.0,0.0,0.02,0.02,0.0,1.3234184164336285e-05,1.3234184164336285e-05,0.0,0.00034168728241833256,0.00034168728241833256,0.0,0.0003,0.0003,0.0,-3.0,-3.0,0.0,0.0,0.2925,27.575000000000003,87.8625,5476.168,218,Hopper-v5,2854,Agente_2
1043.1115007400513,195,798720,314.98152287951183,333.59979539748866,289.0499070870861,119.64,1130,0.02,-3.0,0.99,1.3234184164336285e-05,0.00034168728241833256,0.0003,-188.35821533203125,1.2598774433135986,-8.280594825744629,0.06972990185022354,-2.663125991821289,-3.0,186.78982543945312,287.2507019042969,-2.280191421508789,1.3719062805175781,125.69453048706055,1.0,-188.35821533203125,1.2598774433135986,-8.280594825744629,0.06972990185022354,-2.663125991821289,-3.0,186.78982543945312,287.2507019042969,-2.280191421508789,1130.0,1130.0,0.0,0.02,0.02,0.0,1.3234184164336285e-05,1.3234184164336285e-05,0.0,0.00034168728241833256,0.00034168728241833256,0.0,0.0003,0.0003,0.0,-3.0,-3.0,0.0,0.0,0.25,27.775,87.775,5488.318,219,Hopper-v5,2854,Agente_2
1048.7485373020172,196,802816,314.69310436562637,333.59979539748866,297.4335490536692,117.62,1130,0.02,-3.0,0.99,1.3234184164336285e-05,0.00034168728241833256,0.0003,-195.0679931640625,0.6016197800636292,-0.8510128259658813,0.06829779595136642,-2.68387770652771,-3.0,193.76605224609375,286.970458984375,1.5967334508895874,1.392333984375,12.399423599243164,1.0,-195.0679931640625,0.6016197800636292,-0.8510128259658813,0.06829779595136642,-2.68387770652771,-3.0,193.76605224609375,286.970458984375,1.5967334508895874,1130.0,1130.0,0.0,0.02,0.02,0.0,1.3234184164336285e-05,1.3234184164336285e-05,0.0,0.00034168728241833256,0.00034168728241833256,0.0,0.0003,0.0003,0.0,-3.0,-3.0,0.0,0.0,0.18827586206896552,25.74137931034483,88.49310344827585,5516.705,220,Hopper-v5,2854,Agente_2
1054.1571946144104,197,806912,309.75948918507083,323.37057304081264,290.37026685262936,115.8,1130,0.02,-3.0,0.99,1.3234184164336285e-05,0.00034168728241833256,0.0003,-191.72793579101562,1.1294496059417725,-5.205013275146484,0.06732156872749329,-2.698274612426758,-3.0,189.95132446289062,278.77618408203125,-4.735434532165527,1.6323966979980469,136.82874298095703,1.0,-191.72793579101562,1.1294496059417725,-5.205013275146484,0.06732156872749329,-2.698274612426758,-3.0,189.95132446289062,278.77618408203125,-4.735434532165527,1130.0,1130.0,0.0,0.02,0.02,0.0,1.3234184164336285e-05,1.3234184164336285e-05,0.0,0.00034168728241833256,0.00034168728241833256,0.0,0.0003,0.0003,0.0,-3.0,-3.0,0.0,0.0,0.26,24.675,87.58749999999999,5521.325,221,Hopper-v5,2854,Agente_2
1059.6263723373413,198,811008,305.7960171491458,319.3588854171771,287.77449503402397,114.7,1130,0.02,-3.0,0.99,1.3234184164336285e-05,0.00034168728241833256,0.0003,-196.7564697265625,0.8661818504333496,-1.0302817821502686,0.0666160136461258,-2.708810329437256,-3.0,195.48846435546875,293.2087707519531,-3.3069677352905273,1.6035728454589844,99.6496353149414,1.0,-196.7564697265625,0.8661818504333496,-1.0302817821502686,0.0666160136461258,-2.708810329437256,-3.0,195.48846435546875,293.2087707519531,-3.3069677352905273,1130.0,1130.0,0.0,0.02,0.02,0.0,1.3234184164336285e-05,1.3234184164336285e-05,0.0,0.00034168728241833256,0.00034168728241833256,0.0,0.0003,0.0003,0.0,-3.0,-3.0,0.0,0.0,0.2771428571428572,27.55714285714286,87.61428571428571,5523.019,222,Hopper-v5,2854,Agente_2
1065.2069773674011,199,815104,304.33720353380824,317.37110827072297,277.65525539684916,114.31,1130,0.02,-3.0,0.99,1.3234184164336285e-05,0.00034168728241833256,0.0003,-194.65151977539062,0.7556972503662109,-3.856459617614746,0.06569795310497284,-2.7226874828338623,-3.0,192.50479125976562,285.8511962890625,-0.7401292324066162,1.7473640441894531,21.03426170349121,1.0,-194.65151977539062,0.7556972503662109,-3.856459617614746,0.06569795310497284,-2.7226874828338623,-3.0,192.50479125976562,285.8511962890625,-0.7401292324066162,1130.0,1130.0,0.0,0.02,0.02,0.0,1.3234184164336285e-05,1.3234184164336285e-05,0.0,0.00034168728241833256,0.00034168728241833256,0.0,0.0003,0.0003,0.0,-3.0,-3.0,0.0,0.0,0.23000000000000004,27.3,87.61111111111111,5536.481,223,Hopper-v5,2854,Agente_2
1070.722605228424,200,819200,304.98015098983865,317.37110827072297,277.65525539684916,114.45,1130,0.02,-3.0,0.99,1.3234184164336285e-05,0.00034168728241833256,0.0003,-196.8898162841797,0.6896575093269348,-5.225893020629883,0.06495470553636551,-2.734065055847168,-3.0,194.92538452148438,314.72015380859375,-3.0679776668548584,1.2647994756698608,29.49306011199951,1.0,-196.8898162841797,0.6896575093269348,-5.225893020629883,0.06495470553636551,-2.734065055847168,-3.0,194.92538452148438,314.72015380859375,-3.0679776668548584,1130.0,1130.0,0.0,0.02,0.02,0.0,1.3234184164336285e-05,1.3234184164336285e-05,0.0,0.00034168728241833256,0.00034168728241833256,0.0,0.0003,0.0003,0.0,-3.0,-3.0,0.0,0.0,0.2671428571428572,27.47142857142857,87.57142857142857,5502.877,224,Hopper-v5,2854,Agente_2
1076.1074669361115,201,823296,306.3737024425188,321.158304530523,277.65525539684916,114.68,1130,0.02,-3.0,0.99,1.3234184164336285e-05,0.00034168728241833256,0.0003,-191.84735107421875,0.624535083770752,-2.5303940773010254,0.06419500708580017,-2.7458298206329346,-3.0,190.51907348632812,292.9625549316406,-7.208198070526123,1.5770606994628906,12.953388214111328,1.0,-191.84735107421875,0.624535083770752,-2.5303940773010254,0.06419500708580017,-2.7458298206329346,-3.0,190.51907348632812,292.9625549316406,-7.208198070526123,1130.0,1130.0,0.0,0.02,0.02,0.0,1.3234184164336285e-05,1.3234184164336285e-05,0.0,0.00034168728241833256,0.00034168728241833256,0.0,0.0003,0.0003,0.0,-3.0,-3.0,0.0,0.0,0.185,25.8,88.0375,5496.406,225,Hopper-v5,2854,Agente_2
1081.5764138698578,202,827392,310.36984549229277,328.9245389920846,287.7376916368109,115.59,1130,0.02,-3.0,0.99,1.3234184164336285e-05,0.00034168728241833256,0.0003,-194.21560668945312,0.7719972729682922,1.8446972370147705,0.06325536221265793,-2.760575294494629,-3.0,192.17355346679688,309.6095275878906,-8.028644561767578,1.6666297912597656,56.96973133087158,1.0,-194.21560668945312,0.7719972729682922,1.8446972370147705,0.06325536221265793,-2.760575294494629,-3.0,192.17355346679688,309.6095275878906,-8.028644561767578,1130.0,1130.0,0.0,0.02,0.02,0.0,1.3234184164336285e-05,1.3234184164336285e-05,0.0,0.00034168728241833256,0.00034168728241833256,0.0,0.0003,0.0003,0.0,-3.0,-3.0,0.0,0.0,0.17999999999999997,26.357142857142854,88.88571428571427,5493.898,226,Hopper-v5,2854,Agente_2
1086.9485538005829,203,831488,314.10792845002544,334.8278320335291,226.74290360294705,116.65,1130,0.02,-3.0,0.99,1.3234184164336285e-05,0.00034168728241833256,0.0003,-194.46255493164062,0.8995009660720825,-1.7381923198699951,0.06231842562556267,-2.775498151779175,-3.0,193.07733154296875,284.4004821777344,4.383459568023682,1.5938148498535156,94.61724090576172,1.0,-194.46255493164062,0.8995009660720825,-1.7381923198699951,0.06231842562556267,-2.775498151779175,-3.0,193.07733154296875,284.4004821777344,4.383459568023682,1130.0,1130.0,0.0,0.02,0.02,0.0,1.3234184164336285e-05,1.3234184164336285e-05,0.0,0.00034168728241833256,0.00034168728241833256,0.0,0.0003,0.0003,0.0,-3.0,-3.0,0.0,0.0,0.1657142857142857,25.24285714285714,89.6857142857143,5486.364,227,Hopper-v5,2854,Agente_2
1092.4255480766296,204,835584,294.61097038838665,334.8278320335291,195.42181544891824,112.24,1130,0.02,-3.0,0.99,1.3234184164336285e-05,0.00034168728241833256,0.0003,-199.60842895507812,0.8420116901397705,-0.6373369097709656,0.06129946932196617,-2.7919840812683105,-3.0,197.93820190429688,329.93243408203125,-15.309379577636719,1.4672431945800781,77.26323318481445,1.0,-199.60842895507812,0.8420116901397705,-0.6373369097709656,0.06129946932196617,-2.7919840812683105,-3.0,197.93820190429688,329.93243408203125,-15.309379577636719,1130.0,1130.0,0.0,0.02,0.02,0.0,1.3234184164336285e-05,1.3234184164336285e-05,0.0,0.00034168728241833256,0.00034168728241833256,0.0,0.0003,0.0003,0.0,-3.0,-3.0,0.0,0.0,0.26375000000000004,26.8625,88.8375,5483.366,228,Hopper-v5,2854,Agente_2
1097.7312245368958,205,839680,267.19286740201744,334.8278320335291,195.42181544891824,105.56,1130,0.02,-3.0,0.99,1.3234184164336285e-05,0.00034168728241833256,0.0003,-200.19793701171875,0.7188442945480347,0.9518022537231445,0.060429178178310394,-2.8062832355499268,-3.0,198.51095581054688,291.6725769042969,-14.390486717224121,1.4754257202148438,53.85653018951416,1.0,-200.19793701171875,0.7188442945480347,0.9518022537231445,0.060429178178310394,-2.8062832355499268,-3.0,198.51095581054688,291.6725769042969,-14.390486717224121,1130.0,1130.0,0.0,0.02,0.02,0.0,1.3234184164336285e-05,1.3234184164336285e-05,0.0,0.00034168728241833256,0.00034168728241833256,0.0,0.0003,0.0003,0.0,-3.0,-3.0,0.0,0.0,0.24000000000000002,27.157142857142855,88.55714285714285,5450.094,229,Hopper-v5,2854,Agente_2
1103.0558903217316,206,843776,268.75140995260483,337.4080262359154,199.85069603318976,105.65,1130,0.02,-3.0,0.99,1.3234184164336285e-05,0.00034168728241833256,0.0003,-192.56539916992188,0.6764734983444214,2.318951368331909,0.059539686888456345,-2.8211121559143066,-3.0,191.42819213867188,306.579345703125,2.122020721435547,1.4194374084472656,43.08674430847168,1.0,-192.56539916992188,0.6764734983444214,2.318951368331909,0.059539686888456345,-2.8211121559143066,-3.0,191.42819213867188,306.579345703125,2.122020721435547,1130.0,1130.0,0.0,0.02,0.02,0.0,1.3234184164336285e-05,1.3234184164336285e-05,0.0,0.00034168728241833256,0.00034168728241833256,0.0,0.0003,0.0003,0.0,-3.0,-3.0,0.0,0.0,0.27625,27.9625,88.35,5419.062,230,Hopper-v5,2854,Agente_2
1108.4587178230286,207,847872,294.003020948043,356.5221324823053,199.85069603318976,113.04,1130,0.02,-3.0,0.99,1.3234184164336285e-05,0.00034168728241833256,0.0003,-196.25762939453125,0.6340543031692505,-2.52278995513916,0.05878039449453354,-2.833946943283081,-3.0,195.41720581054688,317.1036376953125,7.300088405609131,1.6280097961425781,34.74211883544922,1.0,-196.25762939453125,0.6340543031692505,-2.52278995513916,0.05878039449453354,-2.833946943283081,-3.0,195.41720581054688,317.1036376953125,7.300088405609131,1130.0,1130.0,0.0,0.02,0.02,0.0,1.3234184164336285e-05,1.3234184164336285e-05,0.0,0.00034168728241833256,0.00034168728241833256,0.0,0.0003,0.0003,0.0,-3.0,-3.0,0.0,0.0,0.2842857142857143,27.25714285714286,88.42857142857143,5418.325,231,Hopper-v5,2854,Agente_2
1113.928318977356,208,851968,327.8522783243989,414.1252523546493,199.85069603318976,125.34,1130,0.02,-3.0,0.99,1.3234184164336285e-05,0.00034168728241833256,0.0003,-186.95468139648438,0.5861554145812988,-0.8360808491706848,0.0579170398414135,-2.8487436771392822,-3.0,185.91879272460938,323.847412109375,-23.20293426513672,1.6158256530761719,14.806150436401367,1.0,-186.95468139648438,0.5861554145812988,-0.8360808491706848,0.0579170398414135,-2.8487436771392822,-3.0,185.91879272460938,323.847412109375,-23.20293426513672,1130.0,1130.0,0.0,0.02,0.02,0.0,1.3234184164336285e-05,1.3234184164336285e-05,0.0,0.00034168728241833256,0.00034168728241833256,0.0,0.0003,0.0003,0.0,-3.0,-3.0,0.0,0.0,0.19428571428571426,27.74285714285714,88.28571428571429,5418.329,232,Hopper-v5,2854,Agente_2
1119.4101679325104,209,856064,343.71076000613175,448.6131947566804,8.865371833443538,134.38,1130,0.02,-3.0,0.99,1.3234184164336285e-05,0.00034168728241833256,0.0003,-188.16357421875,0.567432165145874,-1.6258492469787598,0.05739230290055275,-2.8578450679779053,-3.0,187.85943603515625,331.4839782714844,-40.1157341003418,1.4868888854980469,15.748732566833496,1.0,-188.16357421875,0.567432165145874,-1.6258492469787598,0.05739230290055275,-2.8578450679779053,-3.0,187.85943603515625,331.4839782714844,-40.1157341003418,1130.0,1130.0,0.0,0.02,0.02,0.0,1.3234184164336285e-05,1.3234184164336285e-05,0.0,0.00034168728241833256,0.00034168728241833256,0.0,0.0003,0.0003,0.0,-3.0,-3.0,0.0,0.0,0.2375,27.225,88.3,5408.73,233,Hopper-v5,2854,Agente_2
1124.8006608486176,210,860160,358.30433457386636,596.2643854045103,7.716908886143847,148.66,1130,0.02,-3.0,0.99,1.3234184164336285e-05,0.00034168728241833256,0.0003,-189.33334350585938,0.6299352645874023,-2.6256799697875977,0.05710338428616524,-2.862891912460327,-3.0,188.26513671875,284.4345397949219,-14.59139347076416,1.6936912536621094,18.42147922515869,1.0,-189.33334350585938,0.6299352645874023,-2.6256799697875977,0.05710338428616524,-2.862891912460327,-3.0,188.26513671875,284.4345397949219,-14.59139347076416,1130.0,1130.0,0.0,0.02,0.02,0.0,1.3234184164336285e-05,1.3234184164336285e-05,0.0,0.00034168728241833256,0.00034168728241833256,0.0,0.0003,0.0003,0.0,-3.0,-3.0,0.0,0.0,0.19111111111111112,23.599999999999998,88.5,5396.478,234,Hopper-v5,2854,Agente_2
1130.4368314743042,211,864256,321.12296496124526,596.2643854045103,6.476417712068788,146.14,1130,0.02,-3.0,0.99,1.3234184164336285e-05,0.00034168728241833256,0.0003,-189.1969451904297,0.5064151883125305,-1.1814401149749756,0.05735541135072708,-2.858488082885742,-3.0,187.71737670898438,378.7012634277344,-52.364864349365234,1.5056285858154297,12.101896286010742,1.0,-189.1969451904297,0.5064151883125305,-1.1814401149749756,0.05735541135072708,-2.858488082885742,-3.0,187.71737670898438,378.7012634277344,-52.364864349365234,1130.0,1130.0,0.0,0.02,0.02,0.0,1.3234184164336285e-05,1.3234184164336285e-05,0.0,0.00034168728241833256,0.00034168728241833256,0.0,0.0003,0.0003,0.0,-3.0,-3.0,0.0,0.0,0.19125,25.325000000000003,89.05,5421.312,235,Hopper-v5,2854,Agente_2
1136.4222238063812,212,868352,206.94098469778947,596.2643854045103,6.3171718256226965,118.99,1130,0.02,-3.0,0.99,1.3234184164336285e-05,0.00034168728241833256,0.0003,-189.49771118164062,0.6530585289001465,4.980924606323242,0.05896627902984619,-2.830789566040039,-3.0,187.37307739257812,339.0329895019531,-62.11695861816406,1.9315872192382812,18.28750991821289,1.0,-189.49771118164062,0.6530585289001465,4.980924606323242,0.05896627902984619,-2.830789566040039,-3.0,187.37307739257812,339.0329895019531,-62.11695861816406,1130.0,1130.0,0.0,0.02,0.02,0.0,1.3234184164336285e-05,1.3234184164336285e-05,0.0,0.00034168728241833256,0.00034168728241833256,0.0,0.0003,0.0003,0.0,-3.0,-3.0,0.0,0.0,0.1825,25.537499999999998,90.075,5472.795,236,Hopper-v5,2854,Agente_2
1141.848227739334,213,872448,198.1465852142959,596.2643854045103,6.3171718256226965,122.27,1130,0.02,-3.0,0.99,1.3234184164336285e-05,0.00034168728241833256,0.0003,-190.07614135742188,0.6084967255592346,3.8900537490844727,0.06081583723425865,-2.7999050617218018,-3.0,187.76834106445312,349.8357849121094,-59.821189880371094,1.8682441711425781,21.29159927368164,1.0,-190.07614135742188,0.6084967255592346,3.8900537490844727,0.06081583723425865,-2.7999050617218018,-3.0,187.76834106445312,349.8357849121094,-59.821189880371094,1130.0,1130.0,0.0,0.02,0.02,0.0,1.3234184164336285e-05,1.3234184164336285e-05,0.0,0.00034168728241833256,0.00034168728241833256,0.0,0.0003,0.0003,0.0,-3.0,-3.0,0.0,0.0,0.12,26.028571428571432,90.07142857142857,5478.161,237,Hopper-v5,2854,Agente_2
1147.342277765274,214,876544,193.21291137529585,576.5956731931457,6.3171718256226965,132.58,1130,0.02,-3.0,0.99,1.3234184164336285e-05,0.00034168728241833256,0.0003,-191.48443603515625,0.6605481505393982,-9.882061004638672,0.059047624468803406,-2.829411029815674,-3.0,188.0672149658203,358.9191589355469,-12.27505111694336,1.9117889404296875,19.704439640045166,1.0,-191.48443603515625,0.6605481505393982,-9.882061004638672,0.059047624468803406,-2.829411029815674,-3.0,188.0672149658203,358.9191589355469,-12.27505111694336,1130.0,1130.0,0.0,0.02,0.02,0.0,1.3234184164336285e-05,1.3234184164336285e-05,0.0,0.00034168728241833256,0.00034168728241833256,0.0,0.0003,0.0003,0.0,-3.0,-3.0,0.0,0.0,0.28875,26.725,88.6875,5479.998,238,Hopper-v5,2854,Agente_2
1152.7833960056305,215,880640,221.103294377908,763.4405548287671,6.3171718256226965,166.66,1130,0.02,-3.0,0.99,1.3234184164336285e-05,0.00034168728241833256,0.0003,-196.10128784179688,0.5935590267181396,-29.57532501220703,0.05401613190770149,-2.9184725284576416,-3.0,191.50491333007812,341.5612487792969,-64.26544952392578,1.9087753295898438,20.106882572174072,1.0,-196.10128784179688,0.5935590267181396,-29.57532501220703,0.05401613190770149,-2.9184725284576416,-3.0,191.50491333007812,341.5612487792969,-64.26544952392578,1130.0,1130.0,0.0,0.02,0.02,0.0,1.3234184164336285e-05,1.3234184164336285e-05,0.0,0.00034168728241833256,0.00034168728241833256,0.0,0.0003,0.0003,0.0,-3.0,-3.0,0.0,0.0,0.26875,27.3125,88.4625,5493.08,239,Hopper-v5,2854,Agente_2
1158.1369667053223,216,884736,257.49308689026026,1228.7786340811863,6.3171718256226965,191.61,1130,0.02,-3.0,0.99,1.3234184164336285e-05,0.00034168728241833256,0.0003,-204.33145141601562,0.6395273208618164,-33.78406524658203,0.05011551454663277,-2.993424654006958,-3.0,200.03985595703125,357.484375,-76.07512664794922,1.79144287109375,17.865446090698242,1.0,-204.33145141601562,0.6395273208618164,-33.78406524658203,0.05011551454663277,-2.993424654006958,-3.0,200.03985595703125,357.484375,-76.07512664794922,1130.0,1130.0,0.0,0.02,0.02,0.0,1.3234184164336285e-05,1.3234184164336285e-05,0.0,0.00034168728241833256,0.00034168728241833256,0.0,0.0003,0.0003,0.0,-3.0,-3.0,0.0,0.0,0.29285714285714287,27.428571428571423,87.04285714285713,5495.77,240,Hopper-v5,2854,Agente_2
1163.8228089809418,217,888832,392.39614870944274,1338.4872324311964,6.3171718256226965,231.29,1130,0.02,-3.0,0.99,1.3234184164336285e-05,0.00034168728241833256,0.0003,-211.8778076171875,0.6640177965164185,-31.581512451171875,0.04696903005242348,-3.0582668781280518,-3.0,208.02215576171875,359.5072326660156,-9.07319164276123,1.7502899169921875,20.680973052978516,1.0,-211.8778076171875,0.6640177965164185,-31.581512451171875,0.04696903005242348,-3.0582668781280518,-3.0,208.02215576171875,359.5072326660156,-9.07319164276123,1130.0,1130.0,0.0,0.02,0.02,0.0,1.3234184164336285e-05,1.3234184164336285e-05,0.0,0.00034168728241833256,0.00034168728241833256,0.0,0.0003,0.0003,0.0,-3.0,-3.0,0.0,0.0,0.22000000000000003,30.937499999999996,76.86250000000001,5524.506,241,Hopper-v5,2854,Agente_2
1169.2455959320068,218,892928,521.0306146237896,1347.967780664584,6.3171718256226965,267.92,1130,0.02,-3.0,0.99,1.3234184164336285e-05,0.00034168728241833256,0.0003,-225.05848693847656,0.9780595302581787,-58.10340118408203,0.0440676212310791,-3.122030019760132,-3.0,221.52809143066406,366.80340576171875,-69.00479888916016,1.7123641967773438,52.385520935058594,1.0,-225.05848693847656,0.9780595302581787,-58.10340118408203,0.0440676212310791,-3.122030019760132,-3.0,221.52809143066406,366.80340576171875,-69.00479888916016,1130.0,1130.0,0.0,0.02,0.02,0.0,1.3234184164336285e-05,1.3234184164336285e-05,0.0,0.00034168728241833256,0.00034168728241833256,0.0,0.0003,0.0003,0.0,-3.0,-3.0,0.0,0.0,0.1442857142857143,25.32857142857143,81.48571428571428,5519.789,242,Hopper-v5,2854,Agente_2
1175.3164327144623,219,897024,579.2271088033428,1347.967780664584,8.458923339340913,281.58,1130,0.02,-3.0,0.99,1.3234184164336285e-05,0.00034168728241833256,0.0003,-223.64466857910156,0.9636920690536499,-105.7475814819336,0.04103554040193558,-3.193316698074341,-3.0,219.0395965576172,369.4996643066406,-3.1195027828216553,2.2720069885253906,54.193227767944336,1.0,-223.64466857910156,0.9636920690536499,-105.7475814819336,0.04103554040193558,-3.193316698074341,-3.0,219.0395965576172,369.4996643066406,-3.1195027828216553,1130.0,1130.0,0.0,0.02,0.02,0.0,1.3234184164336285e-05,1.3234184164336285e-05,0.0,0.00034168728241833256,0.00034168728241833256,0.0,0.0003,0.0003,0.0,-3.0,-3.0,0.0,0.0,0.265,25.9625,86.825,5578.593,243,Hopper-v5,2854,Agente_2
1180.8394002914429,220,901120,611.7819085533579,1506.9805303902763,229.00521086647572,272.76,1130,0.02,-3.0,0.99,1.3234184164336285e-05,0.00034168728241833256,0.0003,-224.8465576171875,1.0130783319473267,-128.80303955078125,0.038332078605890274,-3.2614681720733643,-3.0,220.51318359375,367.8977355957031,-10.796217918395996,2.11181640625,75.99784660339355,1.0,-224.8465576171875,1.0130783319473267,-128.80303955078125,0.038332078605890274,-3.2614681720733643,-3.0,220.51318359375,367.8977355957031,-10.796217918395996,1130.0,1130.0,0.0,0.02,0.02,0.0,1.3234184164336285e-05,1.3234184164336285e-05,0.0,0.00034168728241833256,0.00034168728241833256,0.0,0.0003,0.0003,0.0,-3.0,-3.0,0.0,0.0,0.25125,26.375,87.65,5591.29,244,Hopper-v5,2854,Agente_2
1186.1176826953888,221,905216,547.8422357615295,1561.7913339846539,239.14086281544832,214.8,1130,0.02,-3.0,0.99,1.3234184164336285e-05,0.00034168728241833256,0.0003,-233.03114318847656,1.096226692199707,-122.80036163330078,0.03616480156779289,-3.319669008255005,-3.0,228.4886016845703,392.45782470703125,-23.11672592163086,1.9740867614746094,77.06940078735352,1.0,-233.03114318847656,1.096226692199707,-122.80036163330078,0.03616480156779289,-3.319669008255005,-3.0,228.4886016845703,392.45782470703125,-23.11672592163086,1130.0,1130.0,0.0,0.02,0.02,0.0,1.3234184164336285e-05,1.3234184164336285e-05,0.0,0.00034168728241833256,0.00034168728241833256,0.0,0.0003,0.0003,0.0,-3.0,-3.0,0.0,0.0,0.3657142857142857,27.342857142857145,87.48571428571428,5555.742,245,Hopper-v5,2854,Agente_2
1191.4166190624237,222,909312,393.19453422130107,1561.7913339846539,235.583843992925,170.57,1130,0.02,-3.0,0.99,1.3234184164336285e-05,0.00034168728241833256,0.0003,-229.1905059814453,0.9925839900970459,-142.16456604003906,0.034394554793834686,-3.3698570728302,-3.0,225.1471405029297,392.1054382324219,-31.496973037719727,2.0518417358398438,42.9412260055542,1.0,-229.1905059814453,0.9925839900970459,-142.16456604003906,0.034394554793834686,-3.3698570728302,-3.0,225.1471405029297,392.1054382324219,-31.496973037719727,1130.0,1130.0,0.0,0.02,0.02,0.0,1.3234184164336285e-05,1.3234184164336285e-05,0.0,0.00034168728241833256,0.00034168728241833256,0.0,0.0003,0.0003,0.0,-3.0,-3.0,0.0,0.0,0.20142857142857143,25.750000000000007,88.16071428571429,5487.328,246,Hopper-v5,2854,Agente_2
1196.6788189411163,223,913408,338.9680709260885,2096.057065741593,230.57568088591222,158.5,1130,0.02,-3.0,0.99,1.3234184164336285e-05,0.00034168728241833256,0.0003,-238.20257568359375,0.7261712551116943,-119.6002426147461,0.032900769263505936,-3.414259195327759,-3.0,235.2384033203125,382.31304931640625,-15.314156532287598,1.794158935546875,20.827316284179688,1.0,-238.20257568359375,0.7261712551116943,-119.6002426147461,0.032900769263505936,-3.414259195327759,-3.0,235.2384033203125,382.31304931640625,-15.314156532287598,1130.0,1130.0,0.0,0.02,0.02,0.0,1.3234184164336285e-05,1.3234184164336285e-05,0.0,0.00034168728241833256,0.00034168728241833256,0.0,0.0003,0.0003,0.0,-3.0,-3.0,0.0,0.0,0.2957142857142857,27.54285714285714,87.25714285714287,5470.791,247,Hopper-v5,2854,Agente_2
1202.1322627067566,224,917504,287.851141483397,2096.057065741593,224.75587152698884,145.37,1130,0.02,-3.0,0.99,1.3234184164336285e-05,0.00034168728241833256,0.0003,-237.94126892089844,1.094214916229248,-114.2217025756836,0.03157719224691391,-3.455320119857788,-3.0,234.2121124267578,369.9126892089844,-2.4746851921081543,2.096416473388672,36.86534309387207,1.0,-237.94126892089844,1.094214916229248,-114.2217025756836,0.03157719224691391,-3.455320119857788,-3.0,234.2121124267578,369.9126892089844,-2.4746851921081543,1130.0,1130.0,0.0,0.02,0.02,0.0,1.3234184164336285e-05,1.3234184164336285e-05,0.0,0.00034168728241833256,0.00034168728241833256,0.0,0.0003,0.0003,0.0,-3.0,-3.0,0.0,0.0,0.32125,28.325000000000003,87.3125,5466.636,248,Hopper-v5,2854,Agente_2
1207.605141401291,225,921600,302.41558614639524,2440.563803243461,224.48688353622614,154.93,1130,0.02,-3.0,0.99,1.3234184164336285e-05,0.00034168728241833256,0.0003,-241.77134704589844,1.1226269006729126,-131.10702514648438,0.030395297333598137,-3.493467330932617,-3.0,239.05670166015625,388.0694885253906,27.023658752441406,2.0757980346679688,71.39424705505371,1.0,-241.77134704589844,1.1226269006729126,-131.10702514648438,0.030395297333598137,-3.493467330932617,-3.0,239.05670166015625,388.0694885253906,27.023658752441406,1130.0,1130.0,0.0,0.02,0.02,0.0,1.3234184164336285e-05,1.3234184164336285e-05,0.0,0.00034168728241833256,0.00034168728241833256,0.0,0.0003,0.0003,0.0,-3.0,-3.0,0.0,0.0,0.30857142857142855,27.185714285714287,87.41428571428571,5470.169,249,Hopper-v5,2854,Agente_2
1213.0110042095184,226,925696,382.1325291539825,2440.563803243461,224.48688353622614,189.42,1130,0.02,-3.0,0.99,1.3234184164336285e-05,0.00034168728241833256,0.0003,-238.8671875,0.9664298892021179,-115.25801086425781,0.029340432956814766,-3.5287888050079346,-3.0,237.20382690429688,392.1563720703125,-23.534788131713867,2.0301766395568848,66.47667121887207,1.0,-238.8671875,0.9664298892021179,-115.25801086425781,0.029340432956814766,-3.5287888050079346,-3.0,237.20382690429688,392.1563720703125,-23.534788131713867,1130.0,1130.0,0.0,0.02,0.02,0.0,1.3234184164336285e-05,1.3234184164336285e-05,0.0,0.00034168728241833256,0.00034168728241833256,0.0,0.0003,0.0003,0.0,-3.0,-3.0,0.0,0.0,0.2475,26.85,87.325,5475.511,250,Hopper-v5,2854,Agente_2
1218.346099615097,227,929792,365.22519643288416,2440.563803243461,224.48688353622614,184.64,1130,0.02,-3.0,0.99,1.3234184164336285e-05,0.00034168728241833256,0.0003,-246.94808959960938,0.8807135820388794,-119.98457336425781,0.028392989188432693,-3.561613082885742,-3.0,245.55181884765625,399.1374206542969,-33.0055046081543,2.015777587890625,43.8068962097168,1.0,-246.94808959960938,0.8807135820388794,-119.98457336425781,0.028392989188432693,-3.561613082885742,-3.0,245.55181884765625,399.1374206542969,-33.0055046081543,1130.0,1130.0,0.0,0.02,0.02,0.0,1.3234184164336285e-05,1.3234184164336285e-05,0.0,0.00034168728241833256,0.00034168728241833256,0.0,0.0003,0.0003,0.0,-3.0,-3.0,0.0,0.0,0.3157142857142857,27.485714285714288,87.32857142857144,5440.202,251,Hopper-v5,2854,Agente_2
1224.3789434432983,228,933888,347.80277021147464,2395.5874253360375,224.48688353622614,177.56,1130,0.02,-3.0,0.99,1.3234184164336285e-05,0.00034168728241833256,0.0003,-249.46124267578125,0.988387405872345,-127.01036071777344,0.02752305381000042,-3.592731237411499,-3.0,248.2347869873047,382.99700927734375,8.628156661987305,1.9985389709472656,34.42549133300781,1.0,-249.46124267578125,0.988387405872345,-127.01036071777344,0.02752305381000042,-3.592731237411499,-3.0,248.2347869873047,382.99700927734375,8.628156661987305,1130.0,1130.0,0.0,0.02,0.02,0.0,1.3234184164336285e-05,1.3234184164336285e-05,0.0,0.00034168728241833256,0.00034168728241833256,0.0,0.0003,0.0003,0.0,-3.0,-3.0,0.0,0.0,0.1611111111111111,29.21111111111111,78.94444444444446,5501.224,252,Hopper-v5,2854,Agente_2
1229.851254940033,229,937984,309.35074734554996,2315.2948715892203,228.95511070644116,161.57,1130,0.02,-3.0,0.99,1.3234184164336285e-05,0.00034168728241833256,0.0003,-250.22393798828125,0.9976259469985962,-123.7669906616211,0.026723219081759453,-3.622222423553467,-3.0,249.4546661376953,384.4326477050781,24.776264190673828,1.8262672424316406,35.96861267089844,1.0,-250.22393798828125,0.9976259469985962,-123.7669906616211,0.026723219081759453,-3.622222423553467,-3.0,249.4546661376953,384.4326477050781,24.776264190673828,1130.0,1130.0,0.0,0.02,0.02,0.0,1.3234184164336285e-05,1.3234184164336285e-05,0.0,0.00034168728241833256,0.00034168728241833256,0.0,0.0003,0.0003,0.0,-3.0,-3.0,0.0,0.0,0.1325,24.262500000000003,78.8625,5441.324,253,Hopper-v5,2854,Agente_2
1235.2499125003815,230,942080,304.3569004563948,2315.2948715892203,229.56059399393314,159.87,1130,0.02,-3.0,0.99,1.3234184164336285e-05,0.00034168728241833256,0.0003,-239.220458984375,1.4604594707489014,-117.17970275878906,0.025994623079895973,-3.6498656272888184,-3.0,239.0824737548828,372.6441955566406,-1.9441728591918945,2.5121231079101562,109.6045970916748,1.0,-239.220458984375,1.4604594707489014,-117.17970275878906,0.025994623079895973,-3.6498656272888184,-3.0,239.0824737548828,372.6441955566406,-1.9441728591918945,1130.0,1130.0,0.0,0.02,0.02,0.0,1.3234184164336285e-05,1.3234184164336285e-05,0.0,0.00034168728241833256,0.00034168728241833256,0.0,0.0003,0.0003,0.0,-3.0,-3.0,0.0,0.0,0.09857142857142857,23.471428571428568,86.21428571428571,5429.192,254,Hopper-v5,2854,Agente_2
1241.3287699222565,231,946176,297.7715262393162,2270.157440362482,229.56059399393314,157.79,1130,0.02,-3.0,0.99,1.3234184164336285e-05,0.00034168728241833256,0.0003,-233.85302734375,1.3953410387039185,-133.60206604003906,0.02533089555799961,-3.6757304668426514,-3.0,233.8433074951172,382.1835632324219,20.596298217773438,2.172332763671875,115.28353881835938,1.0,-233.85302734375,1.3953410387039185,-133.60206604003906,0.02533089555799961,-3.6757304668426514,-3.0,233.8433074951172,382.1835632324219,20.596298217773438,1130.0,1130.0,0.0,0.02,0.02,0.0,1.3234184164336285e-05,1.3234184164336285e-05,0.0,0.00034168728241833256,0.00034168728241833256,0.0,0.0003,0.0003,0.0,-3.0,-3.0,0.0,0.0,0.18125,25.2125,89.2125,5509.406,255,Hopper-v5,2854,Agente_2
1247.2756841182709,232,950272,303.34724902969594,797.2171633483542,230.1692784056158,162.43,1130,0.02,-3.0,0.99,1.3234184164336285e-05,0.00034168728241833256,0.0003,-233.50933837890625,1.5721144676208496,-79.39031982421875,0.024723101407289505,-3.700017213821411,-3.0,234.1640625,374.3297119140625,31.788265228271484,2.225147247314453,122.63418960571289,1.0,-233.50933837890625,1.5721144676208496,-79.39031982421875,0.024723101407289505,-3.700017213821411,-3.0,234.1640625,374.3297119140625,31.788265228271484,1130.0,1130.0,0.0,0.02,0.02,0.0,1.3234184164336285e-05,1.3234184164336285e-05,0.0,0.00034168728241833256,0.00034168728241833256,0.0,0.0003,0.0003,0.0,-3.0,-3.0,0.0,0.0,0.2025,26.8,83.6,5573.934,256,Hopper-v5,2854,Agente_2
1252.8651719093323,233,954368,353.21089290047706,1426.7217056298123,230.1692784056158,186.9,1130,0.02,-3.0,0.99,1.3234184164336285e-05,0.00034168728241833256,0.0003,-236.34051513671875,1.3930211067199707,-79.8569107055664,0.024197034537792206,-3.721525192260742,-3.0,236.80886840820312,374.18109130859375,84.25601959228516,2.3263587951660156,109.19305038452148,1.0,-236.34051513671875,1.3930211067199707,-79.8569107055664,0.024197034537792206,-3.721525192260742,-3.0,236.80886840820312,374.18109130859375,84.25601959228516,1130.0,1130.0,0.0,0.02,0.02,0.0,1.3234184164336285e-05,1.3234184164336285e-05,0.0,0.00034168728241833256,0.00034168728241833256,0.0,0.0003,0.0003,0.0,-3.0,-3.0,0.0,0.0,0.22625,29.7875,76.4,5606.35,257,Hopper-v5,2854,Agente_2
1258.5002646446228,234,958464,405.1981339604572,1685.0822063960456,230.3896453017545,209.16,1130,0.02,-3.0,0.99,1.3234184164336285e-05,0.00034168728241833256,0.0003,-226.71719360351562,1.161442518234253,-84.53984832763672,0.023723840713500977,-3.741274833679199,-3.0,226.97015380859375,359.01348876953125,23.06339454650879,1.954437255859375,98.4036865234375,1.0,-226.71719360351562,1.161442518234253,-84.53984832763672,0.023723840713500977,-3.741274833679199,-3.0,226.97015380859375,359.01348876953125,23.06339454650879,1130.0,1130.0,0.0,0.02,0.02,0.0,1.3234184164336285e-05,1.3234184164336285e-05,0.0,0.00034168728241833256,0.00034168728241833256,0.0,0.0003,0.0003,0.0,-3.0,-3.0,0.0,0.0,0.2225,25.625,83.75,5624.655,258,Hopper-v5,2854,Agente_2
1264.3071715831757,235,962560,518.3663676746522,2163.293311322609,239.98402417003314,256.36,1130,0.02,-3.0,0.99,1.3234184164336285e-05,0.00034168728241833256,0.0003,-222.0277557373047,1.3088922500610352,-84.07546997070312,0.023278938606381416,-3.7602062225341797,-3.0,221.48312377929688,354.5010070800781,-24.565319061279297,2.100994110107422,101.02944564819336,1.0,-222.0277557373047,1.3088922500610352,-84.07546997070312,0.023278938606381416,-3.7602062225341797,-3.0,221.48312377929688,354.5010070800781,-24.565319061279297,1130.0,1130.0,0.0,0.02,0.02,0.0,1.3234184164336285e-05,1.3234184164336285e-05,0.0,0.00034168728241833256,0.00034168728241833256,0.0,0.0003,0.0003,0.0,-3.0,-3.0,0.0,0.0,0.2189655172413793,25.59655172413793,87.85862068965515,5657.81,259,Hopper-v5,2854,Agente_2
1269.9493479728699,236,966656,637.2662616254602,2300.927457693022,239.98402417003314,295.38,1130,0.02,-3.0,0.99,1.3234184164336285e-05,0.00034168728241833256,0.0003,-221.2233123779297,1.0508170127868652,-83.62562561035156,0.022875364869832993,-3.7776947021484375,-3.0,221.31585693359375,347.2596435546875,-10.549538612365723,1.9545059204101562,70.22356796264648,1.0,-221.2233123779297,1.0508170127868652,-83.62562561035156,0.022875364869832993,-3.7776947021484375,-3.0,221.31585693359375,347.2596435546875,-10.549538612365723,1130.0,1130.0,0.0,0.02,0.02,0.0,1.3234184164336285e-05,1.3234184164336285e-05,0.0,0.00034168728241833256,0.00034168728241833256,0.0,0.0003,0.0003,0.0,-3.0,-3.0,0.0,0.0,0.26142857142857145,27.942857142857143,87.05714285714285,5681.352,260,Hopper-v5,2854,Agente_2
1275.519613981247,237,970752,809.6080431460184,2359.309910732506,244.5300161065182,355.03,1130,0.02,-3.0,0.99,1.3234184164336285e-05,0.00034168728241833256,0.0003,-228.24343872070312,0.883812427520752,-52.29168701171875,0.02249518781900406,-3.7944538593292236,-3.0,228.37042236328125,328.55615234375,12.634178161621094,1.7585105895996094,36.111618995666504,1.0,-228.24343872070312,0.883812427520752,-52.29168701171875,0.02249518781900406,-3.7944538593292236,-3.0,228.37042236328125,328.55615234375,12.634178161621094,1130.0,1130.0,0.0,0.02,0.02,0.0,1.3234184164336285e-05,1.3234184164336285e-05,0.0,0.00034168728241833256,0.00034168728241833256,0.0,0.0003,0.0003,0.0,-3.0,-3.0,0.0,0.0,0.2875,27.5625,86.9375,5704.958,261,Hopper-v5,2854,Agente_2
1281.0824015140533,238,974848,917.7189717535939,2418.5279850716647,254.10467566047626,382.25,1130,0.02,-3.0,0.99,1.3234184164336285e-05,0.00034168728241833256,0.0003,-223.018310546875,0.6069462895393372,-37.19303512573242,0.02213493548333645,-3.810598134994507,-3.0,222.59963989257812,324.8236389160156,25.9378604888916,1.8249893188476562,13.491361618041992,1.0,-223.018310546875,0.6069462895393372,-37.19303512573242,0.02213493548333645,-3.810598134994507,-3.0,222.59963989257812,324.8236389160156,25.9378604888916,1130.0,1130.0,0.0,0.02,0.02,0.0,1.3234184164336285e-05,1.3234184164336285e-05,0.0,0.00034168728241833256,0.00034168728241833256,0.0,0.0003,0.0003,0.0,-3.0,-3.0,0.0,0.0,0.24875000000000003,26.412499999999998,86.19999999999999,5657.949,262,Hopper-v5,2854,Agente_2
1287.0183310508728,239,978944,954.5938170614683,2418.5279850716647,543.351930778084,373.17,1130,0.02,-3.0,0.99,1.3234184164336285e-05,0.00034168728241833256,0.0003,-213.20657348632812,0.9575901031494141,-67.90657043457031,0.021772347390651703,-3.8271145820617676,-3.0,212.525634765625,313.42034912109375,22.779043197631836,2.1458702087402344,79.14568328857422,1.0,-213.20657348632812,0.9575901031494141,-67.90657043457031,0.021772347390651703,-3.8271145820617676,-3.0,212.525634765625,313.42034912109375,22.779043197631836,1130.0,1130.0,0.0,0.02,0.02,0.0,1.3234184164336285e-05,1.3234184164336285e-05,0.0,0.00034168728241833256,0.00034168728241833256,0.0,0.0003,0.0003,0.0,-3.0,-3.0,0.0,0.0,0.12625,30.8875,76.0375,5704.448,263,Hopper-v5,2854,Agente_2
1292.4972751140594,240,983040,807.4177677863174,2418.5279850716647,500.42078496521816,287.41,1130,0.02,-3.0,0.99,1.3234184164336285e-05,0.00034168728241833256,0.0003,-215.23658752441406,0.9111328721046448,-58.04222106933594,0.02143970876932144,-3.842510461807251,-3.0,213.845947265625,309.0909118652344,19.926481246948242,2.112445831298828,57.798699378967285,1.0,-215.23658752441406,0.9111328721046448,-58.04222106933594,0.02143970876932144,-3.842510461807251,-3.0,213.845947265625,309.0909118652344,19.926481246948242,1130.0,1130.0,0.0,0.02,0.02,0.0,1.3234184164336285e-05,1.3234184164336285e-05,0.0,0.00034168728241833256,0.00034168728241833256,0.0,0.0003,0.0003,0.0,-3.0,-3.0,0.0,0.0,0.1975,25.0875,78.9625,5712.443,264,Hopper-v5,2854,Agente_2
1297.806361913681,241,987136,636.1527542250722,2418.5279850716647,493.9851203319791,217.33,1130,0.02,-3.0,0.99,1.3234184164336285e-05,0.00034168728241833256,0.0003,-213.3466796875,0.7601903080940247,-71.86488342285156,0.02112084999680519,-3.857494592666626,-3.0,211.29165649414062,319.7334899902344,-4.425601482391357,2.2347259521484375,20.129117965698242,1.0,-213.3466796875,0.7601903080940247,-71.86488342285156,0.02112084999680519,-3.857494592666626,-3.0,211.29165649414062,319.7334899902344,-4.425601482391357,1130.0,1130.0,0.0,0.02,0.02,0.0,1.3234184164336285e-05,1.3234184164336285e-05,0.0,0.00034168728241833256,0.00034168728241833256,0.0,0.0003,0.0003,0.0,-3.0,-3.0,0.0,0.0,0.12428571428571429,23.814285714285713,85.71428571428571,5635.274,265,Hopper-v5,2854,Agente_2
1303.7364041805267,242,991232,532.5502652460154,709.8713261614579,473.78143056915184,175.46,1130,0.02,-3.0,0.99,1.3234184164336285e-05,0.00034168728241833256,0.0003,-215.79812622070312,0.7687281370162964,-48.21226119995117,0.020834360271692276,-3.8711516857147217,-3.0,214.56886291503906,327.8643493652344,-5.95079231262207,1.6445732116699219,60.407766342163086,1.0,-215.79812622070312,0.7687281370162964,-48.21226119995117,0.020834360271692276,-3.8711516857147217,-3.0,214.56886291503906,327.8643493652344,-5.95079231262207,1130.0,1130.0,0.0,0.02,0.02,0.0,1.3234184164336285e-05,1.3234184164336285e-05,0.0,0.00034168728241833256,0.00034168728241833256,0.0,0.0003,0.0003,0.0,-3.0,-3.0,0.0,0.0,0.155,25.5,88.0,5633.563,266,Hopper-v5,2854,Agente_2
1309.1278715133667,243,995328,500.83215790951124,556.2057345099902,459.12846689947537,165.48,1130,0.02,-3.0,0.99,1.3234184164336285e-05,0.00034168728241833256,0.0003,-207.56634521484375,0.6065139770507812,-49.21787643432617,0.020560074597597122,-3.884404182434082,-3.0,206.37606811523438,335.0251770019531,-71.96587371826172,1.6096229553222656,20.19184970855713,1.0,-207.56634521484375,0.6065139770507812,-49.21787643432617,0.020560074597597122,-3.884404182434082,-3.0,206.37606811523438,335.0251770019531,-71.96587371826172,1130.0,1130.0,0.0,0.02,0.02,0.0,1.3234184164336285e-05,1.3234184164336285e-05,0.0,0.00034168728241833256,0.00034168728241833256,0.0,0.0003,0.0003,0.0,-3.0,-3.0,0.0,0.0,0.16999999999999998,24.64285714285714,88.8,5614.322,267,Hopper-v5,2854,Agente_2
1314.3760921955109,244,999424,478.1579173247857,524.8126119570984,417.19777167909086,159.08,1130,0.02,-3.0,0.99,1.3234184164336285e-05,0.00034168728241833256,0.0003,-218.1017303466797,0.696091890335083,-39.004425048828125,0.020293759182095528,-3.897441864013672,-3.0,217.4983673095703,325.30419921875,13.847529411315918,1.8172149658203125,41.60538959503174,1.0,-218.1017303466797,0.696091890335083,-39.004425048828125,0.020293759182095528,-3.897441864013672,-3.0,217.4983673095703,325.30419921875,13.847529411315918,1130.0,1130.0,0.0,0.02,0.02,0.0,1.3234184164336285e-05,1.3234184164336285e-05,0.0,0.00034168728241833256,0.00034168728241833256,0.0,0.0003,0.0003,0.0,-3.0,-3.0,0.0,0.0,0.11,20.828571428571426,89.47142857142858,5575.645,268,Hopper-v5,2854,Agente_2
1319.6178390979767,245,1003520,455.03742381083316,507.02178091078264,415.63313574606445,153.17,1130,0.02,-3.0,0.99,1.3234184164336285e-05,0.00034168728241833256,0.0003,-212.59873962402344,0.7938432097434998,-31.102678298950195,0.02004440315067768,-3.9098052978515625,-3.0,211.68423461914062,327.4814147949219,-7.4325995445251465,1.8529930114746094,28.08222484588623,1.0,-212.59873962402344,0.7938432097434998,-31.102678298950195,0.02004440315067768,-3.9098052978515625,-3.0,211.68423461914062,327.4814147949219,-7.4325995445251465,1130.0,1130.0,0.0,0.02,0.02,0.0,1.3234184164336285e-05,1.3234184164336285e-05,0.0,0.00034168728241833256,0.00034168728241833256,0.0,0.0003,0.0003,0.0,-3.0,-3.0,0.0,0.0,0.10900000000000001,18.580000000000002,78.33,5519.477,269,Hopper-v5,2854,Agente_2
3.753020763397217,1,4096,14.940799995676832,113.55077539716764,3.5568248361371806,19.762162162162163,760,0.009637387046304468,-3.0,0.99,8.422278338400313e-05,0.00011060649921663329,0.0003,-3.0796942710876465,0.5076769590377808,-0.08201970160007477,0.9836229681968689,-0.016512608155608177,-3.0,1.1019370555877686,2.7349398136138916,0.5091450214385986,1.959514558315277,2.6073578596115112,1.0,-3.0796942710876465,0.5076769590377808,-0.08201970160007477,0.9836229681968689,-0.016512608155608177,-3.0,1.1019370555877686,2.7349398136138916,0.5091450214385986,760.0,760.0,0.0,0.009637387046304468,0.009637387046304468,0.0,8.422278338400313e-05,8.422278338400313e-05,0.0,0.00011060649921663329,0.00011060649921663329,0.0,0.0003,0.0003,0.0,-3.0,-3.0,0.0,0.0,0.2233333333333333,23.95,45.71666666666667,3740.551,0,Hopper-v5,2854,Agente_3
8.72840142250061,2,8192,17.031525888696873,161.06118544352094,3.5482881075076538,22.314917127071823,760,0.009637387046304468,-3.0,0.99,8.422278338400313e-05,0.00011060649921663329,0.0003,-5.0682172775268555,0.16113921999931335,-0.20352551341056824,0.9602839350700378,-0.04052628576755524,-3.0,3.245361328125,11.935707092285156,1.5134227275848389,0.7309617400169373,3.7800010442733765,1.0,-5.0682172775268555,0.16113921999931335,-0.20352551341056824,0.9602839350700378,-0.04052628576755524,-3.0,3.245361328125,11.935707092285156,1.5134227275848389,760.0,760.0,0.0,0.009637387046304468,0.009637387046304468,0.0,8.422278338400313e-05,8.422278338400313e-05,0.0,0.00011060649921663329,0.00011060649921663329,0.0,0.0003,0.0003,0.0,-3.0,-3.0,0.0,0.0,0.26,28.33333333333334,46.93333333333334,4352.168,1,Hopper-v5,2854,Agente_3
13.761499404907227,3,12288,18.701345959256024,199.0218697862883,3.1292542896620934,22.403225806451612,760,0.009637387046304468,-3.0,0.99,8.422278338400313e-05,0.00011060649921663329,0.0003,-6.09928035736084,0.16999337077140808,-0.3232576847076416,0.9375161528587341,-0.06452130526304245,-3.0,4.285759925842285,12.433547019958496,1.5390334129333496,0.7606044411659241,4.719119191169739,1.0,-6.09928035736084,0.16999337077140808,-0.3232576847076416,0.9375161528587341,-0.06452130526304245,-3.0,4.285759925842285,12.433547019958496,1.5390334129333496,760.0,760.0,0.0,0.009637387046304468,0.009637387046304468,0.0,8.422278338400313e-05,8.422278338400313e-05,0.0,0.00011060649921663329,0.00011060649921663329,0.0,0.0003,0.0003,0.0,-3.0,-3.0,0.0,0.0,0.2571428571428572,28.157142857142862,47.142857142857146,4574.169,2,Hopper-v5,2854,Agente_3
19.083447456359863,4,16384,22.024347226225483,132.54528673027284,4.0451930315832865,25.01818181818182,760,0.009637387046304468,-3.0,0.99,8.422278338400313e-05,0.00011060649921663329,0.0003,-7.226431846618652,0.20883864164352417,-0.4428079128265381,0.9153191447257996,-0.08848245441913605,-3.0,5.461549758911133,14.535721778869629,2.1139440536499023,0.8822940587997437,6.52470850944519,1.0,-7.226431846618652,0.20883864164352417,-0.4428079128265381,0.9153191447257996,-0.08848245441913605,-3.0,5.461549758911133,14.535721778869629,2.1139440536499023,760.0,760.0,0.0,0.009637387046304468,0.009637387046304468,0.0,8.422278338400313e-05,8.422278338400313e-05,0.0,0.00011060649921663329,0.00011060649921663329,0.0,0.0003,0.0003,0.0,-3.0,-3.0,0.0,0.0,0.2842857142857143,27.457142857142856,47.457142857142856,4757.031,3,Hopper-v5,2854,Agente_3
24.24307084083557,5,20480,22.72901796355601,143.68201223389835,4.791022977291286,26.006802721088434,760,0.009637387046304468,-3.0,0.99,8.422278338400313e-05,0.00011060649921663329,0.0003,-8.63664436340332,0.2630571126937866,-0.5606794357299805,0.8936982750892639,-0.11238715797662735,-3.0,6.934205532073975,17.920516967773438,2.8796892166137695,0.9628069400787354,7.687642693519592,1.0,-8.63664436340332,0.2630571126937866,-0.5606794357299805,0.8936982750892639,-0.11238715797662735,-3.0,6.934205532073975,17.920516967773438,2.8796892166137695,760.0,760.0,0.0,0.009637387046304468,0.009637387046304468,0.0,8.422278338400313e-05,8.422278338400313e-05,0.0,0.00011060649921663329,0.00011060649921663329,0.0,0.0003,0.0003,0.0,-3.0,-3.0,0.0,0.0,0.215,23.674999999999997,47.449999999999996,4835.277,4,Hopper-v5,2854,Agente_3
29.19589853286743,6,24576,26.569846713666124,181.6293053297153,2.3773664025165533,29.821428571428573,760,0.009637387046304468,-3.0,0.99,8.422278338400313e-05,0.00011060649921663329,0.0003,-10.228466033935547,0.2527656555175781,-0.6777892112731934,0.8726809024810791,-0.13618534803390503,-3.0,8.631705284118652,25.091075897216797,2.587261438369751,0.874575138092041,8.850169658660889,1.0,-10.228466033935547,0.2527656555175781,-0.6777892112731934,0.8726809024810791,-0.13618534803390503,-3.0,8.631705284118652,25.091075897216797,2.587261438369751,760.0,760.0,0.0,0.009637387046304468,0.009637387046304468,0.0,8.422278338400313e-05,8.422278338400313e-05,0.0,0.00011060649921663329,0.00011060649921663329,0.0,0.0003,0.0003,0.0,-3.0,-3.0,0.0,0.0,0.25375000000000003,25.712500000000002,47.6875,4853.182,5,Hopper-v5,2854,Agente_3
34.353538513183594,7,28672,37.56768611614746,212.4150307449197,3.2315963421400733,34.14655172413793,760,0.009637387046304468,-3.0,0.99,8.422278338400313e-05,0.00011060649921663329,0.0003,-11.900010108947754,0.27651455998420715,-0.7787729501724243,0.8523132801055908,-0.15980114042758942,-3.0,10.299848556518555,30.737110137939453,3.4055304527282715,1.057712435722351,8.449368476867676,1.0,-11.900010108947754,0.27651455998420715,-0.7787729501724243,0.8523132801055908,-0.15980114042758942,-3.0,10.299848556518555,30.737110137939453,3.4055304527282715,760.0,760.0,0.0,0.009637387046304468,0.009637387046304468,0.0,8.422278338400313e-05,8.422278338400313e-05,0.0,0.00011060649921663329,0.00011060649921663329,0.0,0.0003,0.0003,0.0,-3.0,-3.0,0.0,0.0,0.20857142857142857,27.114285714285717,48.057142857142864,4894.854,6,Hopper-v5,2854,Agente_3
39.567455768585205,8,32768,40.57956276524933,214.92263923043663,2.985989593958484,36.153153153153156,760,0.009637387046304468,-3.0,0.99,8.422278338400313e-05,0.00011060649921663329,0.0003,-13.718180656433105,0.31706446409225464,-0.8801568746566772,0.8326362371444702,-0.18315847218036652,-3.0,12.204574584960938,45.86452102661133,3.3352713584899902,1.0319623947143555,10.406597375869751,1.0,-13.718180656433105,0.31706446409225464,-0.8801568746566772,0.8326362371444702,-0.18315847218036652,-3.0,12.204574584960938,45.86452102661133,3.3352713584899902,760.0,760.0,0.0,0.009637387046304468,0.009637387046304468,0.0,8.422278338400313e-05,8.422278338400313e-05,0.0,0.00011060649921663329,0.00011060649921663329,0.0,0.0003,0.0003,0.0,-3.0,-3.0,0.0,0.0,0.15285714285714286,28.67142857142857,48.214285714285715,4933.289,7,Hopper-v5,2854,Agente_3
44.93579149246216,9,36864,37.73566152066402,157.45840371166196,2.207373533295941,33.77685950413223,760,0.009637387046304468,-3.0,0.99,8.422278338400313e-05,0.00011060649921663329,0.0003,-15.813398361206055,0.37600043416023254,-0.9615317583084106,0.8137163519859314,-0.20614345371723175,-3.0,14.243361473083496,39.4356689453125,4.541322231292725,1.0512325763702393,15.897475719451904,1.0,-15.813398361206055,0.37600043416023254,-0.9615317583084106,0.8137163519859314,-0.20614345371723175,-3.0,14.243361473083496,39.4356689453125,4.541322231292725,760.0,760.0,0.0,0.009637387046304468,0.009637387046304468,0.0,8.422278338400313e-05,8.422278338400313e-05,0.0,0.00011060649921663329,0.00011060649921663329,0.0,0.0003,0.0003,0.0,-3.0,-3.0,0.0,0.0,0.23000000000000004,27.542857142857148,48.385714285714286,4980.318,8,Hopper-v5,2854,Agente_3
50.14815831184387,10,40960,43.29179761638779,164.22806812406566,1.4762143541506976,34.75,760,0.009637387046304468,-3.0,0.99,8.422278338400313e-05,0.00011060649921663329,0.0003,-17.217105865478516,0.4158678650856018,-1.0562915802001953,0.7956021428108215,-0.22865602374076843,-3.0,15.605048179626465,43.193660736083984,3.9416799545288086,1.1988389492034912,15.832011938095093,1.0,-17.217105865478516,0.4158678650856018,-1.0562915802001953,0.7956021428108215,-0.22865602374076843,-3.0,15.605048179626465,43.193660736083984,3.9416799545288086,760.0,760.0,0.0,0.009637387046304468,0.009637387046304468,0.0,8.422278338400313e-05,8.422278338400313e-05,0.0,0.00011060649921663329,0.00011060649921663329,0.0,0.0003,0.0003,0.0,-3.0,-3.0,0.0,0.0,0.2225,28.0,48.575,5002.234,9,Hopper-v5,2854,Agente_3
55.41702485084534,11,45056,42.44180640321395,188.64388374538476,0.2372290035527378,34.74782608695652,760,0.009637387046304468,-3.0,0.99,8.422278338400313e-05,0.00011060649921663329,0.0003,-19.431928634643555,0.4571378827095032,-1.0790215730667114,0.7783682346343994,-0.2505555748939514,-3.0,17.922019958496094,43.21213150024414,2.43266224861145,1.3003787994384766,15.517337799072266,1.0,-19.431928634643555,0.4571378827095032,-1.0790215730667114,0.7783682346343994,-0.2505555748939514,-3.0,17.922019958496094,43.21213150024414,2.43266224861145,760.0,760.0,0.0,0.009637387046304468,0.009637387046304468,0.0,8.422278338400313e-05,8.422278338400313e-05,0.0,0.00011060649921663329,0.00011060649921663329,0.0,0.0003,0.0003,0.0,-3.0,-3.0,0.0,0.0,0.28285714285714286,28.08571428571429,48.771428571428565,5153.883,10,Hopper-v5,2854,Agente_3
60.393166065216064,12,49152,43.861278118685625,153.54027367269788,0.8450418098777834,34.8099173553719,760,0.009637387046304468,-3.0,0.99,8.422278338400313e-05,0.00011060649921663329,0.0003,-21.269733428955078,0.49670737981796265,-1.1309394836425781,0.7620102167129517,-0.2717953622341156,-3.0,19.825031280517578,69.51923370361328,3.617741346359253,1.3045856952667236,20.855719089508057,1.0,-21.269733428955078,0.49670737981796265,-1.1309394836425781,0.7620102167129517,-0.2717953622341156,-3.0,19.825031280517578,69.51923370361328,3.617741346359253,760.0,760.0,0.0,0.009637387046304468,0.009637387046304468,0.0,8.422278338400313e-05,8.422278338400313e-05,0.0,0.00011060649921663329,0.00011060649921663329,0.0,0.0003,0.0003,0.0,-3.0,-3.0,0.0,0.0,0.2785714285714286,27.428571428571423,48.95714285714286,5153.95,11,Hopper-v5,2854,Agente_3
65.46818542480469,13,53248,48.09418246573493,118.25964478735516,0.06259519668626767,34.582608695652176,760,0.009637387046304468,-3.0,0.99,8.422278338400313e-05,0.00011060649921663329,0.0003,-22.918716430664062,0.5513147115707397,-1.108760118484497,0.7465454339981079,-0.292298823595047,-3.0,21.474382400512695,64.59876251220703,4.432002544403076,1.637434959411621,24.339033126831055,1.0,-22.918716430664062,0.5513147115707397,-1.108760118484497,0.7465454339981079,-0.292298823595047,-3.0,21.474382400512695,64.59876251220703,4.432002544403076,760.0,760.0,0.0,0.009637387046304468,0.009637387046304468,0.0,8.422278338400313e-05,8.422278338400313e-05,0.0,0.00011060649921663329,0.00011060649921663329,0.0,0.0003,0.0003,0.0,-3.0,-3.0,0.0,0.0,0.23571428571428574,27.642857142857142,49.24285714285714,5158.443,12,Hopper-v5,2854,Agente_3
70.58685684204102,14,57344,53.427654409207534,114.89215358346034,2.2880579610242533,37.03669724770642,760,0.009637387046304468,-3.0,0.99,8.422278338400313e-05,0.00011060649921663329,0.0003,-25.226301193237305,0.5959265232086182,-1.1181726455688477,0.7319844961166382,-0.3119960129261017,-3.0,23.696044921875,62.53682327270508,2.838024139404297,1.8047080039978027,29.3084659576416,1.0,-25.226301193237305,0.5959265232086182,-1.1181726455688477,0.7319844961166382,-0.3119960129261017,-3.0,23.696044921875,62.53682327270508,2.838024139404297,760.0,760.0,0.0,0.009637387046304468,0.009637387046304468,0.0,8.422278338400313e-05,8.422278338400313e-05,0.0,0.00011060649921663329,0.00011060649921663329,0.0,0.0003,0.0003,0.0,-3.0,-3.0,0.0,0.0,0.12285714285714287,21.485714285714288,50.628571428571426,5138.545,13,Hopper-v5,2854,Agente_3
76.05482816696167,15,61440,54.81963906874513,170.11038128028704,4.132695457109441,37.14414414414414,760,0.009637387046304468,-3.0,0.99,8.422278338400313e-05,0.00011060649921663329,0.0003,-25.064579010009766,0.5344974994659424,-1.193938970565796,0.718209445476532,-0.3309940695762634,-3.0,23.685619354248047,47.179012298583984,2.8071563243865967,1.918440818786621,26.78602409362793,1.0,-25.064579010009766,0.5344974994659424,-1.193938970565796,0.718209445476532,-0.3309940695762634,-3.0,23.685619354248047,47.179012298583984,2.8071563243865967,760.0,760.0,0.0,0.009637387046304468,0.009637387046304468,0.0,8.422278338400313e-05,8.422278338400313e-05,0.0,0.00011060649921663329,0.00011060649921663329,0.0,0.0003,0.0003,0.0,-3.0,-3.0,0.0,0.0,0.1325,27.762500000000003,46.3,5169.451,14,Hopper-v5,2854,Agente_3
81.35525965690613,16,65536,58.41056324919465,109.60413567871099,35.43855753471563,37.99122807017544,760,0.009637387046304468,-3.0,0.99,8.422278338400313e-05,0.00011060649921663329,0.0003,-28.73346519470215,0.7198717594146729,-1.1288995742797852,0.7052528858184814,-0.3491989076137543,-3.0,27.073612213134766,82.12777709960938,4.5503058433532715,2.0319786071777344,36.89567470550537,1.0,-28.73346519470215,0.7198717594146729,-1.1288995742797852,0.7052528858184814,-0.3491989076137543,-3.0,27.073612213134766,82.12777709960938,4.5503058433532715,760.0,760.0,0.0,0.009637387046304468,0.009637387046304468,0.0,8.422278338400313e-05,8.422278338400313e-05,0.0,0.00011060649921663329,0.00011060649921663329,0.0,0.0003,0.0003,0.0,-3.0,-3.0,0.0,0.0,0.265,26.7125,51.575,5204.039,15,Hopper-v5,2854,Agente_3
86.42970371246338,17,69632,57.526073421857475,117.23951587263274,17.82015719180874,34.294117647058826,760,0.009637387046304468,-3.0,0.99,8.422278338400313e-05,0.00011060649921663329,0.0003,-30.250076293945312,0.7987443208694458,-1.1769664287567139,0.692604660987854,-0.36729589104652405,-3.0,28.76666259765625,93.41126251220703,5.8983917236328125,1.960655689239502,38.93619728088379,1.0,-30.250076293945312,0.7987443208694458,-1.1769664287567139,0.692604660987854,-0.36729589104652405,-3.0,28.76666259765625,93.41126251220703,5.8983917236328125,760.0,760.0,0.0,0.009637387046304468,0.009637387046304468,0.0,8.422278338400313e-05,8.422278338400313e-05,0.0,0.00011060649921663329,0.00011060649921663329,0.0,0.0003,0.0003,0.0,-3.0,-3.0,0.0,0.0,0.28857142857142865,28.099999999999998,52.885714285714286,5195.579,16,Hopper-v5,2854,Agente_3
91.55187249183655,18,73728,57.54418520920485,114.38723920095113,36.84368667306689,33.80869565217391,760,0.009637387046304468,-3.0,0.99,8.422278338400313e-05,0.00011060649921663329,0.0003,-30.605140686035156,0.6888847351074219,-1.1194071769714355,0.6803929805755615,-0.38508474826812744,-3.0,28.722644805908203,64.31038665771484,1.945116639137268,2.271453380584717,35.0908317565918,1.0,-30.605140686035156,0.6888847351074219,-1.1194071769714355,0.6803929805755615,-0.38508474826812744,-3.0,28.722644805908203,64.31038665771484,1.945116639137268,760.0,760.0,0.0,0.009637387046304468,0.009637387046304468,0.0,8.422278338400313e-05,8.422278338400313e-05,0.0,0.00011060649921663329,0.00011060649921663329,0.0,0.0003,0.0003,0.0,-3.0,-3.0,0.0,0.0,0.24571428571428572,27.22857142857143,52.98571428571429,5186.417,17,Hopper-v5,2854,Agente_3
97.07707500457764,19,77824,57.6098936931903,120.36017253185736,36.56333039636472,34.9,760,0.009637387046304468,-3.0,0.99,8.422278338400313e-05,0.00011060649921663329,0.0003,-34.35319519042969,0.8770298957824707,-1.2216212749481201,0.6684262752532959,-0.40282920002937317,-3.0,32.88373565673828,101.05384063720703,8.013299942016602,2.3922348022460938,42.10392665863037,1.0,-34.35319519042969,0.8770298957824707,-1.2216212749481201,0.6684262752532959,-0.40282920002937317,-3.0,32.88373565673828,101.05384063720703,8.013299942016602,760.0,760.0,0.0,0.009637387046304468,0.009637387046304468,0.0,8.422278338400313e-05,8.422278338400313e-05,0.0,0.00011060649921663329,0.00011060649921663329,0.0,0.0003,0.0003,0.0,-3.0,-3.0,0.0,0.0,0.2125,27.875,53.275,5202.098,18,Hopper-v5,2854,Agente_3
102.17321395874023,20,81920,54.85708082589209,100.25200571529439,27.459311076595668,33.73809523809524,760,0.009637387046304468,-3.0,0.99,8.422278338400313e-05,0.00011060649921663329,0.0003,-34.59095001220703,0.7836521863937378,-1.2721595764160156,0.6566095948219299,-0.4206656813621521,-3.0,32.78764343261719,65.0383071899414,6.679702281951904,2.388023257255554,37.62190055847168,1.0,-34.59095001220703,0.7836521863937378,-1.2721595764160156,0.6566095948219299,-0.4206656813621521,-3.0,32.78764343261719,65.0383071899414,6.679702281951904,760.0,760.0,0.0,0.009637387046304468,0.009637387046304468,0.0,8.422278338400313e-05,8.422278338400313e-05,0.0,0.00011060649921663329,0.00011060649921663329,0.0,0.0003,0.0003,0.0,-3.0,-3.0,0.0,0.0,0.2214285714285714,28.085714285714285,53.42857142857142,5190.725,19,Hopper-v5,2854,Agente_3
107.32551741600037,21,86016,54.656134894806485,101.51105832978307,36.77242525727684,32.112,760,0.009637387046304468,-3.0,0.99,8.422278338400313e-05,0.00011060649921663329,0.0003,-36.074134826660156,0.7620564103126526,-1.2935422658920288,0.64506596326828,-0.4384027421474457,-3.0,34.257205963134766,61.10595703125,4.396496295928955,2.20220947265625,39.584696769714355,1.0,-36.074134826660156,0.7620564103126526,-1.2935422658920288,0.64506596326828,-0.4384027421474457,-3.0,34.257205963134766,61.10595703125,4.396496295928955,760.0,760.0,0.0,0.009637387046304468,0.009637387046304468,0.0,8.422278338400313e-05,8.422278338400313e-05,0.0,0.00011060649921663329,0.00011060649921663329,0.0,0.0003,0.0003,0.0,-3.0,-3.0,0.0,0.0,0.1842857142857143,28.042857142857144,53.47142857142857,5179.115,20,Hopper-v5,2854,Agente_3
112.66725087165833,22,90112,53.55766067575249,95.09475959731337,35.22398233065079,31.360902255639097,760,0.009637387046304468,-3.0,0.99,8.422278338400313e-05,0.00011060649921663329,0.0003,-38.88963317871094,0.9742922186851501,-1.2297066450119019,0.6336942315101624,-0.45618870854377747,-3.0,37.048580169677734,93.41558837890625,9.142155647277832,2.535994529724121,43.546173095703125,1.0,-38.88963317871094,0.9742922186851501,-1.2297066450119019,0.6336942315101624,-0.45618870854377747,-3.0,37.048580169677734,93.41558837890625,9.142155647277832,760.0,760.0,0.0,0.009637387046304468,0.009637387046304468,0.0,8.422278338400313e-05,8.422278338400313e-05,0.0,0.00011060649921663329,0.00011060649921663329,0.0,0.0003,0.0003,0.0,-3.0,-3.0,0.0,0.0,0.26,27.357142857142854,53.614285714285714,5215.825,21,Hopper-v5,2854,Agente_3
117.85742902755737,23,94208,55.32614243839358,93.44807637542593,33.168273242240794,32.09448818897638,760,0.009637387046304468,-3.0,0.99,8.422278338400313e-05,0.00011060649921663329,0.0003,-40.71025848388672,0.868622899055481,-1.3344337940216064,0.6226226091384888,-0.4738147258758545,-3.0,38.90032958984375,69.88270568847656,10.518118858337402,2.1458263397216797,43.670589447021484,1.0,-40.71025848388672,0.868622899055481,-1.3344337940216064,0.6226226091384888,-0.4738147258758545,-3.0,38.90032958984375,69.88270568847656,10.518118858337402,760.0,760.0,0.0,0.009637387046304468,0.009637387046304468,0.0,8.422278338400313e-05,8.422278338400313e-05,0.0,0.00011060649921663329,0.00011060649921663329,0.0,0.0003,0.0003,0.0,-3.0,-3.0,0.0,0.0,0.29000000000000004,27.842857142857145,53.714285714285715,5227.147,22,Hopper-v5,2854,Agente_3
123.32551670074463,24,98304,60.16512796619499,126.45911534224771,36.80610585379072,34.9051724137931,760,0.009637387046304468,-3.0,0.99,8.422278338400313e-05,0.00011060649921663329,0.0003,-41.68385314941406,0.8844724893569946,-1.386056900024414,0.6114183664321899,-0.491973876953125,-3.0,39.82220458984375,71.01531219482422,2.635650634765625,2.3472070693969727,45.23462677001953,1.0,-41.68385314941406,0.8844724893569946,-1.386056900024414,0.6114183664321899,-0.491973876953125,-3.0,39.82220458984375,71.01531219482422,2.635650634765625,760.0,760.0,0.0,0.009637387046304468,0.009637387046304468,0.0,8.422278338400313e-05,8.422278338400313e-05,0.0,0.00011060649921663329,0.00011060649921663329,0.0,0.0003,0.0003,0.0,-3.0,-3.0,0.0,0.0,0.29250000000000004,28.6625,54.05,5262.135,23,Hopper-v5,2854,Agente_3
128.38559126853943,25,102400,62.281692227926406,100.2604968475505,33.08887561920429,36.0,760,0.009637387046304468,-3.0,0.99,8.422278338400313e-05,0.00011060649921663329,0.0003,-43.64893341064453,0.8610936403274536,-1.3158817291259766,0.6005098819732666,-0.5099762082099915,-3.0,41.847896575927734,75.73294830322266,7.167701721191406,2.3237075805664062,42.08520030975342,1.0,-43.64893341064453,0.8610936403274536,-1.3158817291259766,0.6005098819732666,-0.5099762082099915,-3.0,41.847896575927734,75.73294830322266,7.167701721191406,760.0,760.0,0.0,0.009637387046304468,0.009637387046304468,0.0,8.422278338400313e-05,8.422278338400313e-05,0.0,0.00011060649921663329,0.00011060649921663329,0.0,0.0003,0.0003,0.0,-3.0,-3.0,0.0,0.0,0.22285714285714284,27.971428571428568,54.300000000000004,5221.141,24,Hopper-v5,2854,Agente_3
133.88397216796875,26,106496,68.31467324257139,98.18506154647066,38.97604204555921,39.2952380952381,760,0.009637387046304468,-3.0,0.99,8.422278338400313e-05,0.00011060649921663329,0.0003,-43.931427001953125,1.0202112197875977,-1.421627163887024,0.5898980498313904,-0.5278056263923645,-3.0,42.23703384399414,103.04430389404297,8.187817573547363,2.560746669769287,48.72306251525879,1.0,-43.931427001953125,1.0202112197875977,-1.421627163887024,0.5898980498313904,-0.5278056263923645,-3.0,42.23703384399414,103.04430389404297,8.187817573547363,760.0,760.0,0.0,0.009637387046304468,0.009637387046304468,0.0,8.422278338400313e-05,8.422278338400313e-05,0.0,0.00011060649921663329,0.00011060649921663329,0.0,0.0003,0.0003,0.0,-3.0,-3.0,0.0,0.0,0.25,28.985714285714284,54.52857142857143,5240.874,25,Hopper-v5,2854,Agente_3
139.04680466651917,27,110592,70.31653574882867,95.51563317408265,50.56912484791059,40.52,760,0.009637387046304468,-3.0,0.99,8.422278338400313e-05,0.00011060649921663329,0.0003,-45.63127136230469,1.0364902019500732,-1.4369862079620361,0.5791288614273071,-0.5462303161621094,-3.0,43.43986129760742,90.00872802734375,12.852653503417969,2.643315315246582,47.799057960510254,1.0,-45.63127136230469,1.0364902019500732,-1.4369862079620361,0.5791288614273071,-0.5462303161621094,-3.0,43.43986129760742,90.00872802734375,12.852653503417969,760.0,760.0,0.0,0.009637387046304468,0.009637387046304468,0.0,8.422278338400313e-05,8.422278338400313e-05,0.0,0.00011060649921663329,0.00011060649921663329,0.0,0.0003,0.0003,0.0,-3.0,-3.0,0.0,0.0,0.27875,27.6125,56.53125,5249.689,26,Hopper-v5,2854,Agente_3
144.10736799240112,28,114688,74.42761316643205,96.42812652549063,56.81152242814942,42.91,760,0.009637387046304468,-3.0,0.99,8.422278338400313e-05,0.00011060649921663329,0.0003,-47.58020782470703,1.0212743282318115,-1.3780537843704224,0.5684141516685486,-0.5649049282073975,-3.0,45.473350524902344,101.85820770263672,9.624518394470215,2.588325023651123,47.76704788208008,1.0,-47.58020782470703,1.0212743282318115,-1.3780537843704224,0.5684141516685486,-0.5649049282073975,-3.0,45.473350524902344,101.85820770263672,9.624518394470215,760.0,760.0,0.0,0.009637387046304468,0.009637387046304468,0.0,8.422278338400313e-05,8.422278338400313e-05,0.0,0.00011060649921663329,0.00011060649921663329,0.0,0.0003,0.0003,0.0,-3.0,-3.0,0.0,0.0,0.24833333333333332,25.933333333333326,57.6,5243.296,27,Hopper-v5,2854,Agente_3
149.34775495529175,29,118784,77.34214727341855,119.36349893784461,54.956440519357145,44.44,760,0.009637387046304468,-3.0,0.99,8.422278338400313e-05,0.00011060649921663329,0.0003,-48.7265739440918,1.1032439470291138,-1.4359560012817383,0.5579603910446167,-0.5834672451019287,-3.0,46.5699462890625,97.14581298828125,6.262416839599609,2.5683388710021973,50.65338706970215,1.0,-48.7265739440918,1.1032439470291138,-1.4359560012817383,0.5579603910446167,-0.5834672451019287,-3.0,46.5699462890625,97.14581298828125,6.262416839599609,760.0,760.0,0.0,0.009637387046304468,0.009637387046304468,0.0,8.422278338400313e-05,8.422278338400313e-05,0.0,0.00011060649921663329,0.00011060649921663329,0.0,0.0003,0.0003,0.0,-3.0,-3.0,0.0,0.0,0.1875,26.375,58.7125,5214.784,28,Hopper-v5,2854,Agente_3
155.08602213859558,30,122880,79.69400472418312,119.94017769433279,61.127221051657536,45.68,760,0.009637387046304468,-3.0,0.99,8.422278338400313e-05,0.00011060649921663329,0.0003,-49.79749298095703,0.9781448841094971,-1.6106568574905396,0.5472946166992188,-0.6027679443359375,-3.0,48.11286163330078,86.71863555908203,17.984750747680664,2.0967464447021484,54.33402442932129,1.0,-49.79749298095703,0.9781448841094971,-1.6106568574905396,0.5472946166992188,-0.6027679443359375,-3.0,48.11286163330078,86.71863555908203,17.984750747680664,760.0,760.0,0.0,0.009637387046304468,0.009637387046304468,0.0,8.422278338400313e-05,8.422278338400313e-05,0.0,0.00011060649921663329,0.00011060649921663329,0.0,0.0003,0.0003,0.0,-3.0,-3.0,0.0,0.0,0.25375000000000003,27.775000000000002,58.55,5279.032,29,Hopper-v5,2854,Agente_3
160.37502241134644,31,126976,89.00817449081589,161.31166657230656,58.50394444570993,49.81,760,0.009637387046304468,-3.0,0.99,8.422278338400313e-05,0.00011060649921663329,0.0003,-51.62674331665039,1.0060932636260986,-1.6551045179367065,0.5368319749832153,-0.6220701932907104,-3.0,49.89557647705078,98.60537719726562,5.268507480621338,2.406344413757324,53.356239318847656,1.0,-51.62674331665039,1.0060932636260986,-1.6551045179367065,0.5368319749832153,-0.6220701932907104,-3.0,49.89557647705078,98.60537719726562,5.268507480621338,760.0,760.0,0.0,0.009637387046304468,0.009637387046304468,0.0,8.422278338400313e-05,8.422278338400313e-05,0.0,0.00011060649921663329,0.00011060649921663329,0.0,0.0003,0.0003,0.0,-3.0,-3.0,0.0,0.0,0.25285714285714284,27.614285714285717,58.528571428571425,5292.653,30,Hopper-v5,2854,Agente_3
165.6014814376831,32,131072,110.9532679463362,181.5021009708827,63.528296141253186,59.37,760,0.009637387046304468,-3.0,0.99,8.422278338400313e-05,0.00011060649921663329,0.0003,-51.83537673950195,0.8203675746917725,-1.5985667705535889,0.526373028755188,-0.6417450904846191,-3.0,49.79897689819336,79.63573455810547,10.868205070495605,2.0538883209228516,50.635836601257324,1.0,-51.83537673950195,0.8203675746917725,-1.5985667705535889,0.526373028755188,-0.6417450904846191,-3.0,49.79897689819336,79.63573455810547,10.868205070495605,760.0,760.0,0.0,0.009637387046304468,0.009637387046304468,0.0,8.422278338400313e-05,8.422278338400313e-05,0.0,0.00011060649921663329,0.00011060649921663329,0.0,0.0003,0.0003,0.0,-3.0,-3.0,0.0,0.0,0.2914285714285714,27.514285714285716,58.57142857142858,5281.18,31,Hopper-v5,2854,Agente_3
171.03909492492676,33,135168,132.67353618339,187.90780727487078,70.88619551606007,68.23,760,0.009637387046304468,-3.0,0.99,8.422278338400313e-05,0.00011060649921663329,0.0003,-55.14392852783203,1.0709457397460938,-1.638261318206787,0.5159847736358643,-0.6616780161857605,-3.0,53.153568267822266,123.52281951904297,14.264718055725098,2.1789798736572266,61.69826698303223,1.0,-55.14392852783203,1.0709457397460938,-1.638261318206787,0.5159847736358643,-0.6616780161857605,-3.0,53.153568267822266,123.52281951904297,14.264718055725098,760.0,760.0,0.0,0.009637387046304468,0.009637387046304468,0.0,8.422278338400313e-05,8.422278338400313e-05,0.0,0.00011060649921663329,0.00011060649921663329,0.0,0.0003,0.0003,0.0,-3.0,-3.0,0.0,0.0,0.315,28.2625,58.875,5305.951,32,Hopper-v5,2854,Agente_3
176.77888560295105,34,139264,147.19509260349463,195.0665491371397,40.36854100227193,73.75,760,0.009637387046304468,-3.0,0.99,8.422278338400313e-05,0.00011060649921663329,0.0003,-56.175506591796875,0.8299109935760498,-2.0647270679473877,0.5057788491249084,-0.6816556453704834,-3.0,54.72068786621094,129.36705017089844,16.968503952026367,2.0989246368408203,53.03549098968506,1.0,-56.175506591796875,0.8299109935760498,-2.0647270679473877,0.5057788491249084,-0.6816556453704834,-3.0,54.72068786621094,129.36705017089844,16.968503952026367,760.0,760.0,0.0,0.009637387046304468,0.009637387046304468,0.0,8.422278338400313e-05,8.422278338400313e-05,0.0,0.00011060649921663329,0.00011060649921663329,0.0,0.0003,0.0003,0.0,-3.0,-3.0,0.0,0.0,0.225,27.1125,58.925,5333.122,33,Hopper-v5,2854,Agente_3
181.908109664917,35,143360,137.43329214440254,195.0665491371397,40.36854100227193,70.93,760,0.009637387046304468,-3.0,0.99,8.422278338400313e-05,0.00011060649921663329,0.0003,-58.543514251708984,1.1254692077636719,-1.966628074645996,0.4958765208721161,-0.7014282941818237,-3.0,56.945335388183594,147.6492462158203,17.75383186340332,2.0719423294067383,65.05021095275879,1.0,-58.543514251708984,1.1254692077636719,-1.966628074645996,0.4958765208721161,-0.7014282941818237,-3.0,56.945335388183594,147.6492462158203,17.75383186340332,760.0,760.0,0.0,0.009637387046304468,0.009637387046304468,0.0,8.422278338400313e-05,8.422278338400313e-05,0.0,0.00011060649921663329,0.00011060649921663329,0.0,0.0003,0.0003,0.0,-3.0,-3.0,0.0,0.0,0.2485714285714286,26.514285714285716,59.11428571428571,5340.315,34,Hopper-v5,2854,Agente_3
187.1834626197815,36,147456,112.85454424301005,182.4746072002017,81.79244609739132,62.12,760,0.009637387046304468,-3.0,0.99,8.422278338400313e-05,0.00011060649921663329,0.0003,-58.975257873535156,1.1190650463104248,-1.7530252933502197,0.48612314462661743,-0.7212932705879211,-3.0,57.10589599609375,124.96587371826172,15.543638229370117,2.2391862869262695,63.403404235839844,1.0,-58.975257873535156,1.1190650463104248,-1.7530252933502197,0.48612314462661743,-0.7212932705879211,-3.0,57.10589599609375,124.96587371826172,15.543638229370117,760.0,760.0,0.0,0.009637387046304468,0.009637387046304468,0.0,8.422278338400313e-05,8.422278338400313e-05,0.0,0.00011060649921663329,0.00011060649921663329,0.0,0.0003,0.0003,0.0,-3.0,-3.0,0.0,0.0,0.22714285714285712,27.485714285714284,59.271428571428565,5318.163,35,Hopper-v5,2854,Agente_3
192.5876817703247,37,151552,102.97527420084953,171.6576206166646,75.85244352746639,58.43,760,0.009637387046304468,-3.0,0.99,8.422278338400313e-05,0.00011060649921663329,0.0003,-59.61603546142578,1.0367426872253418,-1.7776216268539429,0.47643786668777466,-0.7414179444313049,-3.0,57.73636245727539,138.81057739257812,28.462158203125,2.066409111022949,65.4378719329834,1.0,-59.61603546142578,1.0367426872253418,-1.7776216268539429,0.47643786668777466,-0.7414179444313049,-3.0,57.73636245727539,138.81057739257812,28.462158203125,760.0,760.0,0.0,0.009637387046304468,0.009637387046304468,0.0,8.422278338400313e-05,8.422278338400313e-05,0.0,0.00011060649921663329,0.00011060649921663329,0.0,0.0003,0.0003,0.0,-3.0,-3.0,0.0,0.0,0.2825,27.325000000000003,59.425,5342.602,36,Hopper-v5,2854,Agente_3
197.94811487197876,38,155648,98.07855140355585,177.07137081666139,75.85244352746639,56.18,760,0.009637387046304468,-3.0,0.99,8.422278338400313e-05,0.00011060649921663329,0.0003,-62.85662841796875,1.303663969039917,-1.9922301769256592,0.46696844696998596,-0.7614935636520386,-3.0,61.61293411254883,138.13406372070312,22.743501663208008,2.266275405883789,69.67422103881836,1.0,-62.85662841796875,1.303663969039917,-1.9922301769256592,0.46696844696998596,-0.7614935636520386,-3.0,61.61293411254883,138.13406372070312,22.743501663208008,760.0,760.0,0.0,0.009637387046304468,0.009637387046304468,0.0,8.422278338400313e-05,8.422278338400313e-05,0.0,0.00011060649921663329,0.00011060649921663329,0.0,0.0003,0.0003,0.0,-3.0,-3.0,0.0,0.0,0.24428571428571427,27.442857142857147,59.628571428571426,5372.615,37,Hopper-v5,2854,Agente_3
203.46160340309143,39,159744,96.81519865642204,140.11431661582503,39.05632510553052,55.8,760,0.009637387046304468,-3.0,0.99,8.422278338400313e-05,0.00011060649921663329,0.0003,-63.21056365966797,1.0880601406097412,-1.8875192403793335,0.4574567973613739,-0.7820728421211243,-3.0,61.508243560791016,142.20115661621094,21.509227752685547,2.1007890701293945,65.90237045288086,1.0,-63.21056365966797,1.0880601406097412,-1.8875192403793335,0.4574567973613739,-0.7820728421211243,-3.0,61.508243560791016,142.20115661621094,21.509227752685547,760.0,760.0,0.0,0.009637387046304468,0.009637387046304468,0.0,8.422278338400313e-05,8.422278338400313e-05,0.0,0.00011060649921663329,0.00011060649921663329,0.0,0.0003,0.0003,0.0,-3.0,-3.0,0.0,0.0,0.30874999999999997,27.0875,59.7,5399.719,38,Hopper-v5,2854,Agente_3
210.1125783920288,40,163840,160.8095043570429,202.073023126472,7.563110573523309,82.79411764705883,963,0.008574696518733951,-3.0,0.99,0.0001996576277307074,0.00010193429986713853,0.0003,-3.652348041534424,0.30941784381866455,-3.876650810241699,0.4261443018913269,-0.8529772162437439,-3.0,2.5968198776245117,13.923891067504883,-1.591107726097107,2.0540249347686768,4.493385553359985,1.0,-3.652348041534424,0.30941784381866455,-3.876650810241699,0.4261443018913269,-0.8529772162437439,-3.0,2.5968198776245117,13.923891067504883,-1.591107726097107,963.0,963.0,0.0,0.008574696518733951,0.008574696518733951,0.0,0.0001996576277307074,0.0001996576277307074,0.0,0.00010193429986713853,0.00010193429986713853,0.0,0.0003,0.0003,0.0,-3.0,-3.0,0.0,0.0,0.1871428571428571,23.407142857142855,63.32857142857142,5196.097,39,Hopper-v5,2854,Agente_3
215.26664638519287,41,167936,130.26142322854352,247.47516365019627,6.689695458905888,75.25882352941177,963,0.008574696518733951,-3.0,0.99,0.0001996576277307074,0.00010193429986713853,0.0003,-5.135135650634766,0.09502001851797104,-4.143736362457275,0.4128507375717163,-0.8846691250801086,-3.0,4.351923942565918,17.478422164916992,-0.34851908683776855,0.6889549493789673,2.3770106434822083,1.0,-5.135135650634766,0.09502001851797104,-4.143736362457275,0.4128507375717163,-0.8846691250801086,-3.0,4.351923942565918,17.478422164916992,-0.34851908683776855,963.0,963.0,0.0,0.008574696518733951,0.008574696518733951,0.0,0.0001996576277307074,0.0001996576277307074,0.0,0.00010193429986713853,0.00010193429986713853,0.0,0.0003,0.0003,0.0,-3.0,-3.0,0.0,0.0,0.1457142857142857,25.885714285714283,67.52857142857142,5169.633,40,Hopper-v5,2854,Agente_3
220.3532359600067,42,172032,146.8925421301248,268.7908305588199,6.689695458905888,81.98,963,0.008574696518733951,-3.0,0.99,0.0001996576277307074,0.00010193429986713853,0.0003,-6.35051965713501,0.06670822203159332,-4.3587646484375,0.40010613203048706,-0.9160254001617432,-3.0,5.633838176727295,15.20498275756836,-0.08891904354095459,0.5083461403846741,1.8435555696487427,1.0,-6.35051965713501,0.06670822203159332,-4.3587646484375,0.40010613203048706,-0.9160254001617432,-3.0,5.633838176727295,15.20498275756836,-0.08891904354095459,963.0,963.0,0.0,0.008574696518733951,0.008574696518733951,0.0,0.0001996576277307074,0.0001996576277307074,0.0,0.00010193429986713853,0.00010193429986713853,0.0,0.0003,0.0003,0.0,-3.0,-3.0,0.0,0.0,0.18571428571428575,27.171428571428574,67.07142857142857,5137.561,41,Hopper-v5,2854,Agente_3
225.50654101371765,43,176128,177.22455452842587,306.67805826738993,10.50580836428932,87.93,963,0.008574696518733951,-3.0,0.99,0.0001996576277307074,0.00010193429986713853,0.0003,-7.6507673263549805,0.0845838189125061,-4.42063045501709,0.3881590962409973,-0.946340024471283,-3.0,6.926498889923096,15.022499084472656,-0.07045246660709381,0.5284163951873779,2.1849886178970337,1.0,-7.6507673263549805,0.0845838189125061,-4.42063045501709,0.3881590962409973,-0.946340024471283,-3.0,6.926498889923096,15.022499084472656,-0.07045246660709381,963.0,963.0,0.0,0.008574696518733951,0.008574696518733951,0.0,0.0001996576277307074,0.0001996576277307074,0.0,0.00010193429986713853,0.00010193429986713853,0.0,0.0003,0.0003,0.0,-3.0,-3.0,0.0,0.0,0.27571428571428575,27.5,66.28571428571429,5138.59,42,Hopper-v5,2854,Agente_3
230.66771411895752,44,180224,181.87409412482702,306.67805826738993,53.65808733640625,84.01,963,0.008574696518733951,-3.0,0.99,0.0001996576277307074,0.00010193429986713853,0.0003,-8.909309387207031,0.08461642265319824,-4.537802696228027,0.3769964873790741,-0.9755194187164307,-3.0,8.2144775390625,17.025592803955078,0.17148703336715698,0.44505417346954346,2.310272514820099,1.0,-8.909309387207031,0.08461642265319824,-4.537802696228027,0.3769964873790741,-0.9755194187164307,-3.0,8.2144775390625,17.025592803955078,0.17148703336715698,963.0,963.0,0.0,0.008574696518733951,0.008574696518733951,0.0,0.0001996576277307074,0.0001996576277307074,0.0,0.00010193429986713853,0.00010193429986713853,0.0,0.0003,0.0003,0.0,-3.0,-3.0,0.0,0.0,0.26142857142857145,27.8,66.3,5140.76,43,Hopper-v5,2854,Agente_3
235.9873263835907,45,184320,177.99568645770756,222.81809971965814,50.4138810564223,81.31,963,0.008574696518733951,-3.0,0.99,0.0001996576277307074,0.00010193429986713853,0.0003,-10.29257583618164,0.08986478298902512,-4.635453224182129,0.36649656295776367,-1.0037661790847778,-3.0,9.623250961303711,18.997989654541016,0.9240087866783142,0.43572306632995605,2.471573829650879,1.0,-10.29257583618164,0.08986478298902512,-4.635453224182129,0.36649656295776367,-1.0037661790847778,-3.0,9.623250961303711,18.997989654541016,0.9240087866783142,963.0,963.0,0.0,0.008574696518733951,0.008574696518733951,0.0,0.0001996576277307074,0.0001996576277307074,0.0,0.00010193429986713853,0.00010193429986713853,0.0,0.0003,0.0003,0.0,-3.0,-3.0,0.0,0.0,0.2175,27.725,66.52499999999999,5168.157,44,Hopper-v5,2854,Agente_3
241.0876226425171,46,188416,176.00268565590352,222.81809971965814,50.4138810564223,80.41,963,0.008574696518733951,-3.0,0.99,0.0001996576277307074,0.00010193429986713853,0.0003,-11.652198791503906,0.09401936829090118,-4.6182451248168945,0.356624960899353,-1.031070590019226,-3.0,10.912179946899414,22.109373092651367,0.8718509674072266,0.4929029941558838,2.1263723373413086,1.0,-11.652198791503906,0.09401936829090118,-4.6182451248168945,0.356624960899353,-1.031070590019226,-3.0,10.912179946899414,22.109373092651367,0.8718509674072266,963.0,963.0,0.0,0.008574696518733951,0.008574696518733951,0.0,0.0001996576277307074,0.0001996576277307074,0.0,0.00010193429986713853,0.00010193429986713853,0.0,0.0003,0.0003,0.0,-3.0,-3.0,0.0,0.0,0.24857142857142858,27.400000000000002,66.47142857142858,5157.057,45,Hopper-v5,2854,Agente_3
246.31335377693176,47,192512,189.77324888562296,220.55523329216024,52.59644644482376,85.24,963,0.008574696518733951,-3.0,0.99,0.0001996576277307074,0.00010193429986713853,0.0003,-13.36256217956543,0.1322023868560791,-4.572823524475098,0.34728676080703735,-1.057604432106018,-3.0,12.678686141967773,26.984956741333008,0.030604973435401917,0.5286450386047363,3.748074531555176,1.0,-13.36256217956543,0.1322023868560791,-4.572823524475098,0.34728676080703735,-1.057604432106018,-3.0,12.678686141967773,26.984956741333008,0.030604973435401917,963.0,963.0,0.0,0.008574696518733951,0.008574696518733951,0.0,0.0001996576277307074,0.0001996576277307074,0.0,0.00010193429986713853,0.00010193429986713853,0.0,0.0003,0.0003,0.0,-3.0,-3.0,0.0,0.0,0.3028571428571429,27.771428571428572,66.47142857142858,5164.246,46,Hopper-v5,2854,Agente_3
251.56172132492065,48,196608,197.46308921361543,220.9821079841638,52.59644644482376,87.82,963,0.008574696518733951,-3.0,0.99,0.0001996576277307074,0.00010193429986713853,0.0003,-14.49819564819336,0.12038145959377289,-4.570402145385742,0.33844617009162903,-1.083390235900879,-3.0,13.704399108886719,26.664636611938477,0.6102967858314514,0.46183276176452637,2.7448095083236694,1.0,-14.49819564819336,0.12038145959377289,-4.570402145385742,0.33844617009162903,-1.083390235900879,-3.0,13.704399108886719,26.664636611938477,0.6102967858314514,963.0,963.0,0.0,0.008574696518733951,0.008574696518733951,0.0,0.0001996576277307074,0.0001996576277307074,0.0,0.00010193429986713853,0.00010193429986713853,0.0,0.0003,0.0003,0.0,-3.0,-3.0,0.0,0.0,0.25857142857142856,27.442857142857147,66.67142857142856,5171.977,47,Hopper-v5,2854,Agente_3
256.68577551841736,49,200704,199.4433015287033,220.9821079841638,54.742007182787894,88.42,963,0.008574696518733951,-3.0,0.99,0.0001996576277307074,0.00010193429986713853,0.0003,-16.47414779663086,0.13133400678634644,-4.7097015380859375,0.3300514817237854,-1.108506679534912,-3.0,15.654977798461914,30.827728271484375,0.14389094710350037,0.5886542797088623,4.262871980667114,1.0,-16.47414779663086,0.13133400678634644,-4.7097015380859375,0.3300514817237854,-1.108506679534912,-3.0,15.654977798461914,30.827728271484375,0.14389094710350037,963.0,963.0,0.0,0.008574696518733951,0.008574696518733951,0.0,0.0001996576277307074,0.0001996576277307074,0.0,0.00010193429986713853,0.00010193429986713853,0.0,0.0003,0.0003,0.0,-3.0,-3.0,0.0,0.0,0.25375000000000003,26.5375,66.7625,5166.033,48,Hopper-v5,2854,Agente_3
262.06136560440063,50,204800,206.4764739627165,220.48482767395086,54.742007182787894,90.87,963,0.008574696518733951,-3.0,0.99,0.0001996576277307074,0.00010193429986713853,0.0003,-17.624187469482422,0.23035261034965515,-4.511687278747559,0.3220592439174652,-1.1330198049545288,-3.0,17.05303955078125,31.79245948791504,-0.4660077691078186,0.5363993644714355,13.467989683151245,1.0,-17.624187469482422,0.23035261034965515,-4.511687278747559,0.3220592439174652,-1.1330198049545288,-3.0,17.05303955078125,31.79245948791504,-0.4660077691078186,963.0,963.0,0.0,0.008574696518733951,0.008574696518733951,0.0,0.0001996576277307074,0.0001996576277307074,0.0,0.00010193429986713853,0.00010193429986713853,0.0,0.0003,0.0003,0.0,-3.0,-3.0,0.0,0.0,0.22,27.657142857142855,66.84285714285714,5182.779,49,Hopper-v5,2854,Agente_3
268.15219354629517,51,208896,210.84355295162692,220.48482767395086,176.05560389440114,92.4,963,0.008574696518733951,-3.0,0.99,0.0001996576277307074,0.00010193429986713853,0.0003,-18.475749969482422,0.19168710708618164,-4.498629570007324,0.3144153654575348,-1.1570403575897217,-3.0,17.820613861083984,31.04008674621582,-0.03611816465854645,0.5699965953826904,13.138282299041748,1.0,-18.475749969482422,0.19168710708618164,-4.498629570007324,0.3144153654575348,-1.1570403575897217,-3.0,17.820613861083984,31.04008674621582,-0.03611816465854645,963.0,963.0,0.0,0.008574696518733951,0.008574696518733951,0.0,0.0001996576277307074,0.0001996576277307074,0.0,0.00010193429986713853,0.00010193429986713853,0.0,0.0003,0.0003,0.0,-3.0,-3.0,0.0,0.0,0.25625,27.1,67.0,5276.423,50,Hopper-v5,2854,Agente_3
273.52968740463257,52,212992,212.2827392254495,220.48482767395086,191.88682324227108,92.97,963,0.008574696518733951,-3.0,0.99,0.0001996576277307074,0.00010193429986713853,0.0003,-20.864295959472656,0.25683239102363586,-4.673377990722656,0.3071126937866211,-1.1805404424667358,-3.0,20.188236236572266,36.450294494628906,2.2502849102020264,0.6387233734130859,16.53331995010376,1.0,-20.864295959472656,0.25683239102363586,-4.673377990722656,0.3071126937866211,-1.1805404424667358,-3.0,20.188236236572266,36.450294494628906,2.2502849102020264,963.0,963.0,0.0,0.008574696518733951,0.008574696518733951,0.0,0.0001996576277307074,0.0001996576277307074,0.0,0.00010193429986713853,0.00010193429986713853,0.0,0.0003,0.0003,0.0,-3.0,-3.0,0.0,0.0,0.27,27.314285714285717,67.15714285714284,5305.771,51,Hopper-v5,2854,Agente_3
278.628023147583,53,217088,211.9468458873324,219.3384024502012,181.78848163458318,92.89,963,0.008574696518733951,-3.0,0.99,0.0001996576277307074,0.00010193429986713853,0.0003,-21.737682342529297,0.2766387164592743,-4.819850921630859,0.30011099576950073,-1.203602910041809,-3.0,20.988418579101562,35.975894927978516,0.4360203742980957,0.5624189376831055,18.47252321243286,1.0,-21.737682342529297,0.2766387164592743,-4.819850921630859,0.30011099576950073,-1.203602910041809,-3.0,20.988418579101562,35.975894927978516,0.4360203742980957,963.0,963.0,0.0,0.008574696518733951,0.008574696518733951,0.0,0.0001996576277307074,0.0001996576277307074,0.0,0.00010193429986713853,0.00010193429986713853,0.0,0.0003,0.0003,0.0,-3.0,-3.0,0.0,0.0,0.18434782608695652,25.334782608695654,70.20434782608696,5300.52,52,Hopper-v5,2854,Agente_3
283.6726987361908,54,221184,211.9655555619875,219.3384024502012,181.78848163458318,92.9,963,0.008574696518733951,-3.0,0.99,0.0001996576277307074,0.00010193429986713853,0.0003,-23.217479705810547,0.2240799367427826,-4.543381214141846,0.2933681011199951,-1.2263271808624268,-3.0,22.53652000427246,37.02273941040039,2.216143846511841,0.5401406288146973,15.680182218551636,1.0,-23.217479705810547,0.2240799367427826,-4.543381214141846,0.2933681011199951,-1.2263271808624268,-3.0,22.53652000427246,37.02273941040039,2.216143846511841,963.0,963.0,0.0,0.008574696518733951,0.008574696518733951,0.0,0.0001996576277307074,0.0001996576277307074,0.0,0.00010193429986713853,0.00010193429986713853,0.0,0.0003,0.0003,0.0,-3.0,-3.0,0.0,0.0,0.14142857142857143,25.52857142857143,73.17142857142856,5288.835,53,Hopper-v5,2854,Agente_3
289.04525089263916,55,225280,212.18109689646775,218.78954058662978,193.62597382668503,92.99,963,0.008574696518733951,-3.0,0.99,0.0001996576277307074,0.00010193429986713853,0.0003,-24.804473876953125,0.2861783504486084,-4.663825035095215,0.2869088649749756,-1.2485907077789307,-3.0,24.058063507080078,39.27354431152344,2.313616991043091,0.6635322570800781,20.36601734161377,1.0,-24.804473876953125,0.2861783504486084,-4.663825035095215,0.2869088649749756,-1.2485907077789307,-3.0,24.058063507080078,39.27354431152344,2.313616991043091,963.0,963.0,0.0,0.008574696518733951,0.008574696518733951,0.0,0.0001996576277307074,0.0001996576277307074,0.0,0.00010193429986713853,0.00010193429986713853,0.0,0.0003,0.0003,0.0,-3.0,-3.0,0.0,0.0,0.2557142857142857,26.557142857142853,72.22857142857143,5294.563,54,Hopper-v5,2854,Agente_3
294.2145366668701,56,229376,211.8121000918609,218.78954058662978,179.0217664410869,92.94,963,0.008574696518733951,-3.0,0.99,0.0001996576277307074,0.00010193429986713853,0.0003,-25.955171585083008,0.33341071009635925,-4.707424640655518,0.28059378266334534,-1.270847201347351,-3.0,25.184795379638672,43.44824981689453,0.6195029020309448,0.6511626243591309,21.420737266540527,1.0,-25.955171585083008,0.33341071009635925,-4.707424640655518,0.28059378266334534,-1.270847201347351,-3.0,25.184795379638672,43.44824981689453,0.6195029020309448,963.0,963.0,0.0,0.008574696518733951,0.008574696518733951,0.0,0.0001996576277307074,0.0001996576277307074,0.0,0.00010193429986713853,0.00010193429986713853,0.0,0.0003,0.0003,0.0,-3.0,-3.0,0.0,0.0,0.2814285714285714,28.057142857142857,71.58571428571427,5301.189,55,Hopper-v5,2854,Agente_3
299.446195602417,57,233472,211.0636769753127,218.77869118683734,179.0217664410869,92.7,963,0.008574696518733951,-3.0,0.99,0.0001996576277307074,0.00010193429986713853,0.0003,-28.070858001708984,0.43191754817962646,-4.4528374671936035,0.27451983094215393,-1.292731761932373,-3.0,27.43646240234375,43.88762283325195,7.530394554138184,0.7192783355712891,26.014142990112305,1.0,-28.070858001708984,0.43191754817962646,-4.4528374671936035,0.27451983094215393,-1.292731761932373,-3.0,27.43646240234375,43.88762283325195,7.530394554138184,963.0,963.0,0.0,0.008574696518733951,0.008574696518733951,0.0,0.0001996576277307074,0.0001996576277307074,0.0,0.00010193429986713853,0.00010193429986713853,0.0,0.0003,0.0003,0.0,-3.0,-3.0,0.0,0.0,0.26571428571428574,27.77142857142857,71.57142857142857,5301.779,56,Hopper-v5,2854,Agente_3
304.7682318687439,58,237568,210.5352758525061,219.24546752213354,179.0217664410869,92.56,963,0.008574696518733951,-3.0,0.99,0.0001996576277307074,0.00010193429986713853,0.0003,-28.67629623413086,0.35163968801498413,-4.596756935119629,0.2686946988105774,-1.314179539680481,-3.0,27.96892547607422,44.60565948486328,2.9442028999328613,0.6565985679626465,25.038344383239746,1.0,-28.67629623413086,0.35163968801498413,-4.596756935119629,0.2686946988105774,-1.314179539680481,-3.0,27.96892547607422,44.60565948486328,2.9442028999328613,963.0,963.0,0.0,0.008574696518733951,0.008574696518733951,0.0,0.0001996576277307074,0.0001996576277307074,0.0,0.00010193429986713853,0.00010193429986713853,0.0,0.0003,0.0003,0.0,-3.0,-3.0,0.0,0.0,0.22375,27.299999999999997,71.55,5309.563,57,Hopper-v5,2854,Agente_3
310.0962953567505,59,241664,210.5889402845221,219.24546752213354,183.77992422482203,92.53,963,0.008574696518733951,-3.0,0.99,0.0001996576277307074,0.00010193429986713853,0.0003,-31.014205932617188,0.3066514730453491,-4.528138160705566,0.26296383142471313,-1.3357387781143188,-3.0,30.029865264892578,47.105045318603516,0.9638488292694092,0.6919569969177246,23.271143913269043,1.0,-31.014205932617188,0.3066514730453491,-4.528138160705566,0.26296383142471313,-1.3357387781143188,-3.0,30.029865264892578,47.105045318603516,0.9638488292694092,963.0,963.0,0.0,0.008574696518733951,0.008574696518733951,0.0,0.0001996576277307074,0.0001996576277307074,0.0,0.00010193429986713853,0.00010193429986713853,0.0,0.0003,0.0003,0.0,-3.0,-3.0,0.0,0.0,0.25000000000000006,27.671428571428574,71.57142857142857,5329.887,58,Hopper-v5,2854,Agente_3
315.54865169525146,60,245760,210.21189405447677,217.7660918175611,183.77992422482203,92.38,963,0.008574696518733951,-3.0,0.99,0.0001996576277307074,0.00010193429986713853,0.0003,-32.00320816040039,0.3476281762123108,-4.6544084548950195,0.2574318051338196,-1.357000470161438,-3.0,31.148725509643555,48.569400787353516,5.323431491851807,0.7361960411071777,25.318939208984375,1.0,-32.00320816040039,0.3476281762123108,-4.6544084548950195,0.2574318051338196,-1.357000470161438,-3.0,31.148725509643555,48.569400787353516,5.323431491851807,963.0,963.0,0.0,0.008574696518733951,0.008574696518733951,0.0,0.0001996576277307074,0.0001996576277307074,0.0,0.00010193429986713853,0.00010193429986713853,0.0,0.0003,0.0003,0.0,-3.0,-3.0,0.0,0.0,0.2471428571428571,27.15714285714285,71.45714285714287,5337.669,59,Hopper-v5,2854,Agente_3
320.7000288963318,61,249856,210.3449921938602,217.7660918175611,176.09030442328503,92.51,963,0.008574696518733951,-3.0,0.99,0.0001996576277307074,0.00010193429986713853,0.0003,-32.479736328125,0.28298506140708923,-4.914604663848877,0.2521066963672638,-1.377902865409851,-3.0,31.577001571655273,53.51089859008789,6.693824291229248,0.6785807609558105,20.231597900390625,1.0,-32.479736328125,0.28298506140708923,-4.914604663848877,0.2521066963672638,-1.377902865409851,-3.0,31.577001571655273,53.51089859008789,6.693824291229248,963.0,963.0,0.0,0.008574696518733951,0.008574696518733951,0.0,0.0001996576277307074,0.0001996576277307074,0.0,0.00010193429986713853,0.00010193429986713853,0.0,0.0003,0.0003,0.0,-3.0,-3.0,0.0,0.0,0.27249999999999996,27.4875,71.52499999999999,5243.574,60,Hopper-v5,2854,Agente_3
325.7614166736603,62,253952,209.2462309109639,217.2441642821658,176.09030442328503,92.17,963,0.008574696518733951,-3.0,0.99,0.0001996576277307074,0.00010193429986713853,0.0003,-33.536956787109375,0.40387994050979614,-4.502227783203125,0.24687731266021729,-1.3988637924194336,-3.0,32.5892333984375,52.447505950927734,10.40595531463623,0.8625993728637695,25.78041410446167,1.0,-33.536956787109375,0.40387994050979614,-4.502227783203125,0.24687731266021729,-1.3988637924194336,-3.0,32.5892333984375,52.447505950927734,10.40595531463623,963.0,963.0,0.0,0.008574696518733951,0.008574696518733951,0.0,0.0001996576277307074,0.0001996576277307074,0.0,0.00010193429986713853,0.00010193429986713853,0.0,0.0003,0.0003,0.0,-3.0,-3.0,0.0,0.0,0.1957142857142857,26.585714285714285,71.44285714285715,5211.64,61,Hopper-v5,2854,Agente_3
331.0580983161926,63,258048,208.71086957988013,217.60181963475225,178.04254666039319,91.96,963,0.008574696518733951,-3.0,0.99,0.0001996576277307074,0.00010193429986713853,0.0003,-35.27560806274414,0.5275433659553528,-4.443114757537842,0.24176089465618134,-1.4198061227798462,-3.0,34.38519287109375,56.60926055908203,2.869643211364746,0.7353878021240234,31.08506965637207,1.0,-35.27560806274414,0.5275433659553528,-4.443114757537842,0.24176089465618134,-1.4198061227798462,-3.0,34.38519287109375,56.60926055908203,2.869643211364746,963.0,963.0,0.0,0.008574696518733951,0.008574696518733951,0.0,0.0001996576277307074,0.0001996576277307074,0.0,0.00010193429986713853,0.00010193429986713853,0.0,0.0003,0.0003,0.0,-3.0,-3.0,0.0,0.0,0.20285714285714285,27.471428571428568,71.24285714285715,5231.174,62,Hopper-v5,2854,Agente_3
336.4255394935608,64,262144,209.19686617340878,218.74490280891726,180.43562907068295,92.15,963,0.008574696518733951,-3.0,0.99,0.0001996576277307074,0.00010193429986713853,0.0003,-36.713661193847656,0.5463197827339172,-4.531023025512695,0.23671631515026093,-1.4408928155899048,-3.0,35.77500534057617,57.42042541503906,5.5250563621521,0.7550845146179199,35.1777925491333,1.0,-36.713661193847656,0.5463197827339172,-4.531023025512695,0.23671631515026093,-1.4408928155899048,-3.0,35.77500534057617,57.42042541503906,5.5250563621521,963.0,963.0,0.0,0.008574696518733951,0.008574696518733951,0.0,0.0001996576277307074,0.0001996576277307074,0.0,0.00010193429986713853,0.00010193429986713853,0.0,0.0003,0.0003,0.0,-3.0,-3.0,0.0,0.0,0.18,26.985714285714288,71.30000000000001,5263.233,63,Hopper-v5,2854,Agente_3
341.8356513977051,65,266240,209.60666298789002,219.24553595657784,179.5297296210524,92.33,963,0.008574696518733951,-3.0,0.99,0.0001996576277307074,0.00010193429986713853,0.0003,-39.13490295410156,0.6045575141906738,-4.654048919677734,0.23173674941062927,-1.4621533155441284,-3.0,38.42203140258789,57.570220947265625,6.375744342803955,0.7946748733520508,36.973052978515625,1.0,-39.13490295410156,0.6045575141906738,-4.654048919677734,0.23173674941062927,-1.4621533155441284,-3.0,38.42203140258789,57.570220947265625,6.375744342803955,963.0,963.0,0.0,0.008574696518733951,0.008574696518733951,0.0,0.0001996576277307074,0.0001996576277307074,0.0,0.00010193429986713853,0.00010193429986713853,0.0,0.0003,0.0003,0.0,-3.0,-3.0,0.0,0.0,0.22000000000000003,27.7875,71.4375,5266.944,64,Hopper-v5,2854,Agente_3
347.1870279312134,66,270336,208.85449393590972,219.24553595657784,179.5297296210524,92.13,963,0.008574696518733951,-3.0,0.99,0.0001996576277307074,0.00010193429986713853,0.0003,-39.88731002807617,0.5723848342895508,-4.6228156089782715,0.2268907129764557,-1.4832868576049805,-3.0,39.05699920654297,65.42889404296875,11.782780647277832,0.8233661651611328,38.781686782836914,1.0,-39.88731002807617,0.5723848342895508,-4.6228156089782715,0.2268907129764557,-1.4832868576049805,-3.0,39.05699920654297,65.42889404296875,11.782780647277832,963.0,963.0,0.0,0.008574696518733951,0.008574696518733951,0.0,0.0001996576277307074,0.0001996576277307074,0.0,0.00010193429986713853,0.00010193429986713853,0.0,0.0003,0.0003,0.0,-3.0,-3.0,0.0,0.0,0.16714285714285718,27.5,71.41428571428571,5285.242,65,Hopper-v5,2854,Agente_3
352.3927392959595,67,274432,208.98067524279085,217.47525782976567,179.69434445992923,92.2,963,0.008574696518733951,-3.0,0.99,0.0001996576277307074,0.00010193429986713853,0.0003,-41.049583435058594,0.5580012202262878,-4.710643768310547,0.22210802137851715,-1.504591464996338,-3.0,40.46331787109375,63.370697021484375,-0.4806743264198303,0.8411006927490234,41.3868932723999,1.0,-41.049583435058594,0.5580012202262878,-4.710643768310547,0.22210802137851715,-1.504591464996338,-3.0,40.46331787109375,63.370697021484375,-0.4806743264198303,963.0,963.0,0.0,0.008574696518733951,0.008574696518733951,0.0,0.0001996576277307074,0.0001996576277307074,0.0,0.00010193429986713853,0.00010193429986713853,0.0,0.0003,0.0003,0.0,-3.0,-3.0,0.0,0.0,0.2928571428571428,27.6,71.24285714285715,5282.523,66,Hopper-v5,2854,Agente_3
357.58400106430054,68,278528,208.13095287796648,217.69670310377862,175.6210711484124,91.95,963,0.008574696518733951,-3.0,0.99,0.0001996576277307074,0.00010193429986713853,0.0003,-41.80092239379883,0.4789300262928009,-4.584664344787598,0.2174319624900818,-1.525869369506836,-3.0,41.073177337646484,63.900291442871094,10.29248332977295,0.8491230010986328,37.11378192901611,1.0,-41.80092239379883,0.4789300262928009,-4.584664344787598,0.2174319624900818,-1.525869369506836,-3.0,41.073177337646484,63.900291442871094,10.29248332977295,963.0,963.0,0.0,0.008574696518733951,0.008574696518733951,0.0,0.0001996576277307074,0.0001996576277307074,0.0,0.00010193429986713853,0.00010193429986713853,0.0,0.0003,0.0003,0.0,-3.0,-3.0,0.0,0.0,0.22500000000000003,27.1625,71.475,5269.348,67,Hopper-v5,2854,Agente_3
362.66513323783875,69,282624,207.59667530612867,217.69670310377862,175.6210711484124,91.84,963,0.008574696518733951,-3.0,0.99,0.0001996576277307074,0.00010193429986713853,0.0003,-45.117347717285156,0.41145020723342896,-5.0247931480407715,0.21287058293819427,-1.547070860862732,-3.0,44.71309280395508,65.53160095214844,14.795218467712402,0.6867914199829102,37.13228702545166,1.0,-45.117347717285156,0.41145020723342896,-5.0247931480407715,0.21287058293819427,-1.547070860862732,-3.0,44.71309280395508,65.53160095214844,14.795218467712402,963.0,963.0,0.0,0.008574696518733951,0.008574696518733951,0.0,0.0001996576277307074,0.0001996576277307074,0.0,0.00010193429986713853,0.00010193429986713853,0.0,0.0003,0.0003,0.0,-3.0,-3.0,0.0,0.0,0.19428571428571426,25.428571428571427,72.08571428571427,5244.818,68,Hopper-v5,2854,Agente_3
367.7685935497284,70,286720,207.6460262848373,217.64506490752166,174.87146900874038,91.88,963,0.008574696518733951,-3.0,0.99,0.0001996576277307074,0.00010193429986713853,0.0003,-46.18586730957031,0.5793861150741577,-5.029808521270752,0.20834140479564667,-1.5685771703720093,-3.0,45.539466857910156,67.58134460449219,19.160850524902344,0.8408126831054688,42.21903991699219,1.0,-46.18586730957031,0.5793861150741577,-5.029808521270752,0.20834140479564667,-1.5685771703720093,-3.0,45.539466857910156,67.58134460449219,19.160850524902344,963.0,963.0,0.0,0.008574696518733951,0.008574696518733951,0.0,0.0001996576277307074,0.0001996576277307074,0.0,0.00010193429986713853,0.00010193429986713853,0.0,0.0003,0.0003,0.0,-3.0,-3.0,0.0,0.0,0.1771428571428571,25.4,73.14285714285714,5209.545,69,Hopper-v5,2854,Agente_3
372.99125385284424,71,290816,207.460930561197,217.1986484558783,168.85338171656454,91.91,963,0.008574696518733951,-3.0,0.99,0.0001996576277307074,0.00010193429986713853,0.0003,-46.076698303222656,0.5490220785140991,-5.204329013824463,0.2039269059896469,-1.5899935960769653,-3.0,45.360321044921875,69.32032012939453,19.942222595214844,0.8439340591430664,43.73668575286865,1.0,-46.076698303222656,0.5490220785140991,-5.204329013824463,0.2039269059896469,-1.5899935960769653,-3.0,45.360321044921875,69.32032012939453,19.942222595214844,963.0,963.0,0.0,0.008574696518733951,0.008574696518733951,0.0,0.0001996576277307074,0.0001996576277307074,0.0,0.00010193429986713853,0.00010193429986713853,0.0,0.0003,0.0003,0.0,-3.0,-3.0,0.0,0.0,0.15142857142857147,25.485714285714288,74.14285714285714,5216.737,70,Hopper-v5,2854,Agente_3
378.1224021911621,72,294912,208.02749934339542,216.92567720482322,168.85338171656454,92.05,963,0.008574696518733951,-3.0,0.99,0.0001996576277307074,0.00010193429986713853,0.0003,-48.48280715942383,0.4478294253349304,-4.710452556610107,0.1995658278465271,-1.6116111278533936,-3.0,48.09245300292969,72.30624389648438,19.809429168701172,0.7805089950561523,42.56110763549805,1.0,-48.48280715942383,0.4478294253349304,-4.710452556610107,0.1995658278465271,-1.6116111278533936,-3.0,48.09245300292969,72.30624389648438,19.809429168701172,963.0,963.0,0.0,0.008574696518733951,0.008574696518733951,0.0,0.0001996576277307074,0.0001996576277307074,0.0,0.00010193429986713853,0.00010193429986713853,0.0,0.0003,0.0003,0.0,-3.0,-3.0,0.0,0.0,0.19285714285714287,27.357142857142858,72.17142857142856,5223.722,71,Hopper-v5,2854,Agente_3
383.62508821487427,73,299008,208.83727743054658,217.18006586929607,174.70236079605962,92.23,963,0.008574696518733951,-3.0,0.99,0.0001996576277307074,0.00010193429986713853,0.0003,-50.6837158203125,0.6105690002441406,-5.209290981292725,0.19531676173210144,-1.6331325769424438,-3.0,50.016937255859375,72.64088439941406,27.999225616455078,0.7945957183837891,45.838685035705566,1.0,-50.6837158203125,0.6105690002441406,-5.209290981292725,0.19531676173210144,-1.6331325769424438,-3.0,50.016937255859375,72.64088439941406,27.999225616455078,963.0,963.0,0.0,0.008574696518733951,0.008574696518733951,0.0,0.0001996576277307074,0.0001996576277307074,0.0,0.00010193429986713853,0.00010193429986713853,0.0,0.0003,0.0003,0.0,-3.0,-3.0,0.0,0.0,0.2557142857142857,27.585714285714285,72.11428571428571,5244.34,72,Hopper-v5,2854,Agente_3
389.0066225528717,74,303104,209.05464349270153,217.18006586929607,179.41711524396075,92.33,963,0.008574696518733951,-3.0,0.99,0.0001996576277307074,0.00010193429986713853,0.0003,-50.892189025878906,0.6215512752532959,-5.051369667053223,0.1911652833223343,-1.6546168327331543,-3.0,50.05318069458008,73.62933349609375,19.513275146484375,0.8987579345703125,45.71628665924072,1.0,-50.892189025878906,0.6215512752532959,-5.051369667053223,0.1911652833223343,-1.6546168327331543,-3.0,50.05318069458008,73.62933349609375,19.513275146484375,963.0,963.0,0.0,0.008574696518733951,0.008574696518733951,0.0,0.0001996576277307074,0.0001996576277307074,0.0,0.00010193429986713853,0.00010193429986713853,0.0,0.0003,0.0003,0.0,-3.0,-3.0,0.0,0.0,0.22625,27.174999999999997,71.4375,5246.02,73,Hopper-v5,2854,Agente_3
394.43649554252625,75,307200,206.66846955356618,219.49156734651737,171.92925285472344,91.66,963,0.008574696518733951,-3.0,0.99,0.0001996576277307074,0.00010193429986713853,0.0003,-53.339481353759766,0.5539754629135132,-5.209927558898926,0.18711435794830322,-1.6760352849960327,-3.0,52.62391662597656,86.10860443115234,9.450584411621094,0.8126678466796875,46.305763244628906,1.0,-53.339481353759766,0.5539754629135132,-5.209927558898926,0.18711435794830322,-1.6760352849960327,-3.0,52.62391662597656,86.10860443115234,9.450584411621094,963.0,963.0,0.0,0.008574696518733951,0.008574696518733951,0.0,0.0001996576277307074,0.0001996576277307074,0.0,0.00010193429986713853,0.00010193429986713853,0.0,0.0003,0.0003,0.0,-3.0,-3.0,0.0,0.0,0.17857142857142855,32.57142857142857,64.41428571428571,5247.93,74,Hopper-v5,2854,Agente_3
399.552273273468,76,311296,208.28037532299967,219.49156734651737,171.92925285472344,92.15,963,0.008574696518733951,-3.0,0.99,0.0001996576277307074,0.00010193429986713853,0.0003,-54.2685546875,0.5820578932762146,-5.353488922119141,0.18313533067703247,-1.697529911994934,-3.0,53.6644287109375,78.25273132324219,25.88077735900879,0.6916999816894531,48.30088233947754,1.0,-54.2685546875,0.5820578932762146,-5.353488922119141,0.18313533067703247,-1.697529911994934,-3.0,53.6644287109375,78.25273132324219,25.88077735900879,963.0,963.0,0.0,0.008574696518733951,0.008574696518733951,0.0,0.0001996576277307074,0.0001996576277307074,0.0,0.00010193429986713853,0.00010193429986713853,0.0,0.0003,0.0003,0.0,-3.0,-3.0,0.0,0.0,0.18142857142857144,25.485714285714288,69.89999999999999,5224.332,75,Hopper-v5,2854,Agente_3
404.88332200050354,77,315392,210.05636198456565,217.66184120267857,184.0886411563264,92.77,963,0.008574696518733951,-3.0,0.99,0.0001996576277307074,0.00010193429986713853,0.0003,-56.20893096923828,0.5334640741348267,-4.66199254989624,0.17924374341964722,-1.7190086841583252,-3.0,55.527305603027344,77.21830749511719,22.90380859375,0.7650012969970703,46.92696762084961,1.0,-56.20893096923828,0.5334640741348267,-4.66199254989624,0.17924374341964722,-1.7190086841583252,-3.0,55.527305603027344,77.21830749511719,22.90380859375,963.0,963.0,0.0,0.008574696518733951,0.008574696518733951,0.0,0.0001996576277307074,0.0001996576277307074,0.0,0.00010193429986713853,0.00010193429986713853,0.0,0.0003,0.0003,0.0,-3.0,-3.0,0.0,0.0,0.225,26.3375,76.3125,5237.059,76,Hopper-v5,2854,Agente_3
410.1506600379944,78,319488,210.63802169287712,218.01133746628088,184.0886411563264,93.02,963,0.008574696518733951,-3.0,0.99,0.0001996576277307074,0.00010193429986713853,0.0003,-56.881832122802734,0.5903270244598389,-4.650997161865234,0.17543093860149384,-1.7405098676681519,-3.0,56.21540832519531,79.71412658691406,30.874897003173828,0.8071956634521484,49.24468421936035,1.0,-56.881832122802734,0.5903270244598389,-4.650997161865234,0.17543093860149384,-1.7405098676681519,-3.0,56.21540832519531,79.71412658691406,30.874897003173828,963.0,963.0,0.0,0.008574696518733951,0.008574696518733951,0.0,0.0001996576277307074,0.0001996576277307074,0.0,0.00010193429986713853,0.00010193429986713853,0.0,0.0003,0.0003,0.0,-3.0,-3.0,0.0,0.0,0.23857142857142857,27.87142857142857,77.25714285714285,5244.45,77,Hopper-v5,2854,Agente_3
415.61055970191956,79,323584,210.4782269788351,218.01133746628088,184.0886411563264,92.94,963,0.008574696518733951,-3.0,0.99,0.0001996576277307074,0.00010193429986713853,0.0003,-57.13064193725586,0.6602880954742432,-4.900278568267822,0.17172276973724365,-1.7618738412857056,-3.0,56.465389251708984,84.24333953857422,26.54926300048828,0.8081560134887695,50.43414306640625,1.0,-57.13064193725586,0.6602880954742432,-4.900278568267822,0.17172276973724365,-1.7618738412857056,-3.0,56.465389251708984,84.24333953857422,26.54926300048828,963.0,963.0,0.0,0.008574696518733951,0.008574696518733951,0.0,0.0001996576277307074,0.0001996576277307074,0.0,0.00010193429986713853,0.00010193429986713853,0.0,0.0003,0.0003,0.0,-3.0,-3.0,0.0,0.0,0.26857142857142857,27.542857142857144,77.14285714285714,5282.01,78,Hopper-v5,2854,Agente_3
420.91486406326294,80,327680,210.38899695874207,215.65065979655446,191.77381295136277,92.97,963,0.008574696518733951,-3.0,0.99,0.0001996576277307074,0.00010193429986713853,0.0003,-58.92609405517578,0.6217284202575684,-5.592036247253418,0.16813722252845764,-1.7829748392105103,-3.0,58.43309783935547,81.599365234375,30.355215072631836,0.8572978973388672,49.99515628814697,1.0,-58.92609405517578,0.6217284202575684,-5.592036247253418,0.16813722252845764,-1.7829748392105103,-3.0,58.43309783935547,81.599365234375,30.355215072631836,963.0,963.0,0.0,0.008574696518733951,0.008574696518733951,0.0,0.0001996576277307074,0.0001996576277307074,0.0,0.00010193429986713853,0.00010193429986713853,0.0,0.0003,0.0003,0.0,-3.0,-3.0,0.0,0.0,0.28500000000000003,27.875,77.0375,5302.432,79,Hopper-v5,2854,Agente_3
426.1221764087677,81,331776,210.90211593385982,220.3411761582028,192.50498140846582,93.19,963,0.008574696518733951,-3.0,0.99,0.0001996576277307074,0.00010193429986713853,0.0003,-60.86841583251953,0.5573542714118958,-5.125157833099365,0.16465334594249725,-1.8039129972457886,-3.0,60.36248016357422,83.23304748535156,23.059112548828125,0.7205276489257812,50.48797607421875,1.0,-60.86841583251953,0.5573542714118958,-5.125157833099365,0.16465334594249725,-1.8039129972457886,-3.0,60.36248016357422,83.23304748535156,23.059112548828125,963.0,963.0,0.0,0.008574696518733951,0.008574696518733951,0.0,0.0001996576277307074,0.0001996576277307074,0.0,0.00010193429986713853,0.00010193429986713853,0.0,0.0003,0.0003,0.0,-3.0,-3.0,0.0,0.0,0.30571428571428566,27.257142857142856,77.05714285714285,5301.041,80,Hopper-v5,2854,Agente_3
432.03819942474365,82,335872,211.24852541174303,224.75833212488004,192.50498140846582,93.37,963,0.008574696518733951,-3.0,0.99,0.0001996576277307074,0.00010193429986713853,0.0003,-61.72307586669922,0.5638633370399475,-5.224467754364014,0.1611974537372589,-1.8251252174377441,-3.0,61.33483123779297,86.79903411865234,23.61001968383789,0.8070440292358398,51.70049476623535,1.0,-61.72307586669922,0.5638633370399475,-5.224467754364014,0.1611974537372589,-1.8251252174377441,-3.0,61.33483123779297,86.79903411865234,23.61001968383789,963.0,963.0,0.0,0.008574696518733951,0.008574696518733951,0.0,0.0001996576277307074,0.0001996576277307074,0.0,0.00010193429986713853,0.00010193429986713853,0.0,0.0003,0.0003,0.0,-3.0,-3.0,0.0,0.0,0.23375,27.0875,76.9875,5379.816,81,Hopper-v5,2854,Agente_3
437.3525745868683,83,339968,210.97331171881822,224.75833212488004,195.24761382989547,93.44,963,0.008574696518733951,-3.0,0.99,0.0001996576277307074,0.00010193429986713853,0.0003,-62.99596405029297,0.5727208852767944,-5.319128513336182,0.15779930353164673,-1.8464312553405762,-3.0,62.42796325683594,86.16075134277344,31.115842819213867,0.7419843673706055,51.70038414001465,1.0,-62.99596405029297,0.5727208852767944,-5.319128513336182,0.15779930353164673,-1.8464312553405762,-3.0,62.42796325683594,86.16075134277344,31.115842819213867,963.0,963.0,0.0,0.008574696518733951,0.008574696518733951,0.0,0.0001996576277307074,0.0001996576277307074,0.0,0.00010193429986713853,0.00010193429986713853,0.0,0.0003,0.0003,0.0,-3.0,-3.0,0.0,0.0,0.20714285714285713,27.85714285714286,76.74285714285713,5361.041,82,Hopper-v5,2854,Agente_3
442.7047369480133,84,344064,210.77132727989505,224.75833212488004,184.8072245761338,93.52,963,0.008574696518733951,-3.0,0.99,0.0001996576277307074,0.00010193429986713853,0.0003,-63.60866928100586,0.4512072205543518,-5.5560431480407715,0.15448075532913208,-1.8676857948303223,-3.0,62.9877815246582,92.57709503173828,28.885467529296875,0.7981805801391602,52.96661567687988,1.0,-63.60866928100586,0.4512072205543518,-5.5560431480407715,0.15448075532913208,-1.8676857948303223,-3.0,62.9877815246582,92.57709503173828,28.885467529296875,963.0,963.0,0.0,0.008574696518733951,0.008574696518733951,0.0,0.0001996576277307074,0.0001996576277307074,0.0,0.00010193429986713853,0.00010193429986713853,0.0,0.0003,0.0003,0.0,-3.0,-3.0,0.0,0.0,0.18285714285714286,28.0,76.88571428571429,5357.944,83,Hopper-v5,2854,Agente_3
447.8854343891144,85,348160,210.74086134973703,220.01425989870327,184.8072245761338,93.46,963,0.008574696518733951,-3.0,0.99,0.0001996576277307074,0.00010193429986713853,0.0003,-65.20062255859375,0.6334494948387146,-4.336485385894775,0.15123575925827026,-1.8889153003692627,-3.0,64.6651840209961,90.19324493408203,32.01911926269531,0.9530181884765625,55.34188747406006,1.0,-65.20062255859375,0.6334494948387146,-4.336485385894775,0.15123575925827026,-1.8889153003692627,-3.0,64.6651840209961,90.19324493408203,32.01911926269531,963.0,963.0,0.0,0.008574696518733951,0.008574696518733951,0.0,0.0001996576277307074,0.0001996576277307074,0.0,0.00010193429986713853,0.00010193429986713853,0.0,0.0003,0.0003,0.0,-3.0,-3.0,0.0,0.0,0.17124999999999999,25.875,77.075,5332.872,84,Hopper-v5,2854,Agente_3
453.15031027793884,86,352256,210.6372408679747,219.31448014710648,189.15377374800428,93.35,963,0.008574696518733951,-3.0,0.99,0.0001996576277307074,0.00010193429986713853,0.0003,-66.62079620361328,0.4702228307723999,-5.051801681518555,0.14814463257789612,-1.9095662832260132,-3.0,66.16313934326172,93.60936737060547,29.792638778686523,0.7675609588623047,53.023427963256836,1.0,-66.62079620361328,0.4702228307723999,-5.051801681518555,0.14814463257789612,-1.9095662832260132,-3.0,66.16313934326172,93.60936737060547,29.792638778686523,963.0,963.0,0.0,0.008574696518733951,0.008574696518733951,0.0,0.0001996576277307074,0.0001996576277307074,0.0,0.00010193429986713853,0.00010193429986713853,0.0,0.0003,0.0003,0.0,-3.0,-3.0,0.0,0.0,0.24714285714285714,25.34285714285715,77.87142857142855,5347.804,85,Hopper-v5,2854,Agente_3
458.55989122390747,87,356352,211.28225588015397,220.3224989838789,189.15377374800428,93.51,963,0.008574696518733951,-3.0,0.99,0.0001996576277307074,0.00010193429986713853,0.0003,-67.94683074951172,0.6247758865356445,-4.295176029205322,0.14516007900238037,-1.9299181699752808,-3.0,67.3302001953125,94.0262222290039,33.478206634521484,0.8305072784423828,54.743696212768555,1.0,-67.94683074951172,0.6247758865356445,-4.295176029205322,0.14516007900238037,-1.9299181699752808,-3.0,67.3302001953125,94.0262222290039,33.478206634521484,963.0,963.0,0.0,0.008574696518733951,0.008574696518733951,0.0,0.0001996576277307074,0.0001996576277307074,0.0,0.00010193429986713853,0.00010193429986713853,0.0,0.0003,0.0003,0.0,-3.0,-3.0,0.0,0.0,0.0691304347826087,14.743478260869566,76.18695652173912,5355.452,86,Hopper-v5,2854,Agente_3
463.7869851589203,88,360448,211.8972410221368,221.18142763313665,195.9556549706228,93.76,963,0.008574696518733951,-3.0,0.99,0.0001996576277307074,0.00010193429986713853,0.0003,-68.96005249023438,0.47434139251708984,-5.231924057006836,0.14224661886692047,-1.950192928314209,-3.0,68.41064453125,95.80113983154297,37.26384353637695,0.7652435302734375,53.343414306640625,1.0,-68.96005249023438,0.47434139251708984,-5.231924057006836,0.14224661886692047,-1.950192928314209,-3.0,68.41064453125,95.80113983154297,37.26384353637695,963.0,963.0,0.0,0.008574696518733951,0.008574696518733951,0.0,0.0001996576277307074,0.0001996576277307074,0.0,0.00010193429986713853,0.00010193429986713853,0.0,0.0003,0.0003,0.0,-3.0,-3.0,0.0,0.0,0.21,25.842857142857138,74.75714285714287,5351.348,87,Hopper-v5,2854,Agente_3
469.1635100841522,89,364544,211.9323064467574,221.18142763313665,193.12677943739047,93.77,963,0.008574696518733951,-3.0,0.99,0.0001996576277307074,0.00010193429986713853,0.0003,-70.49443817138672,0.45444566011428833,-4.701770782470703,0.13940033316612244,-1.9704053401947021,-3.0,70.04789733886719,96.06564331054688,34.04607009887695,0.7662563323974609,54.787075996398926,1.0,-70.49443817138672,0.45444566011428833,-4.701770782470703,0.13940033316612244,-1.9704053401947021,-3.0,70.04789733886719,96.06564331054688,34.04607009887695,963.0,963.0,0.0,0.008574696518733951,0.008574696518733951,0.0,0.0001996576277307074,0.0001996576277307074,0.0,0.00010193429986713853,0.00010193429986713853,0.0,0.0003,0.0003,0.0,-3.0,-3.0,0.0,0.0,0.20375000000000001,25.95,81.275,5343.138,88,Hopper-v5,2854,Agente_3
474.5444276332855,90,368640,211.90076874260302,220.33526948938066,188.76931148047123,93.67,963,0.008574696518733951,-3.0,0.99,0.0001996576277307074,0.00010193429986713853,0.0003,-70.22808837890625,0.6437268257141113,-4.368715286254883,0.13665905594825745,-1.9902660846710205,-3.0,69.65803527832031,97.7429428100586,31.503528594970703,0.8270597457885742,55.62021827697754,1.0,-70.22808837890625,0.6437268257141113,-4.368715286254883,0.13665905594825745,-1.9902660846710205,-3.0,69.65803527832031,97.7429428100586,31.503528594970703,963.0,963.0,0.0,0.008574696518733951,0.008574696518733951,0.0,0.0001996576277307074,0.0001996576277307074,0.0,0.00010193429986713853,0.00010193429986713853,0.0,0.0003,0.0003,0.0,-3.0,-3.0,0.0,0.0,0.2575,27.4625,83.225,5350.91,89,Hopper-v5,2854,Agente_3
479.8624448776245,91,372736,211.27357354150305,219.33510030156324,188.76931148047123,93.48,963,0.008574696518733951,-3.0,0.99,0.0001996576277307074,0.00010193429986713853,0.0003,-71.96202087402344,0.4349365830421448,-4.32001256942749,0.1340423971414566,-2.009599208831787,-3.0,71.53965759277344,99.41535949707031,35.61907958984375,0.7863063812255859,54.2579460144043,1.0,-71.96202087402344,0.4349365830421448,-4.32001256942749,0.1340423971414566,-2.009599208831787,-3.0,71.53965759277344,99.41535949707031,35.61907958984375,963.0,963.0,0.0,0.008574696518733951,0.008574696518733951,0.0,0.0001996576277307074,0.0001996576277307074,0.0,0.00010193429986713853,0.00010193429986713853,0.0,0.0003,0.0003,0.0,-3.0,-3.0,0.0,0.0,0.21,27.400000000000002,83.34285714285714,5361.893,90,Hopper-v5,2854,Agente_3
485.15404510498047,92,376832,210.8482600677236,218.62214701010333,187.83680789946206,93.36,963,0.008574696518733951,-3.0,0.99,0.0001996576277307074,0.00010193429986713853,0.0003,-74.29945373535156,0.4344581365585327,-5.188382148742676,0.13138243556022644,-2.0296428203582764,-3.0,73.99222564697266,100.2403793334961,41.70307540893555,0.7759313583374023,54.17957305908203,1.0,-74.29945373535156,0.4344581365585327,-5.188382148742676,0.13138243556022644,-2.0296428203582764,-3.0,73.99222564697266,100.2403793334961,41.70307540893555,963.0,963.0,0.0,0.008574696518733951,0.008574696518733951,0.0,0.0001996576277307074,0.0001996576277307074,0.0,0.00010193429986713853,0.00010193429986713853,0.0,0.0003,0.0003,0.0,-3.0,-3.0,0.0,0.0,0.22714285714285717,27.25714285714286,83.29999999999998,5299.501,91,Hopper-v5,2854,Agente_3
490.4718282222748,93,380928,211.414285561272,220.79154462258168,187.83680789946206,93.43,963,0.008574696518733951,-3.0,0.99,0.0001996576277307074,0.00010193429986713853,0.0003,-73.96603393554688,0.419181227684021,-4.822559356689453,0.1288120001554489,-2.04940128326416,-3.0,73.81428527832031,101.08148193359375,33.54707717895508,0.7210073471069336,56.056870460510254,1.0,-73.96603393554688,0.419181227684021,-4.822559356689453,0.1288120001554489,-2.04940128326416,-3.0,73.81428527832031,101.08148193359375,33.54707717895508,963.0,963.0,0.0,0.008574696518733951,0.008574696518733951,0.0,0.0001996576277307074,0.0001996576277307074,0.0,0.00010193429986713853,0.00010193429986713853,0.0,0.0003,0.0003,0.0,-3.0,-3.0,0.0,0.0,0.2525,27.5,83.225,5299.786,92,Hopper-v5,2854,Agente_3
495.87517404556274,94,385024,211.9937535861556,220.79154462258168,180.01615326647038,93.54,963,0.008574696518733951,-3.0,0.99,0.0001996576277307074,0.00010193429986713853,0.0003,-75.3461685180664,0.47493770718574524,-4.767665863037109,0.12626542150974274,-2.069369077682495,-3.0,74.94767761230469,105.44279479980469,48.540374755859375,0.8786697387695312,56.06352424621582,1.0,-75.3461685180664,0.47493770718574524,-4.767665863037109,0.12626542150974274,-2.069369077682495,-3.0,74.94767761230469,105.44279479980469,48.540374755859375,963.0,963.0,0.0,0.008574696518733951,0.008574696518733951,0.0,0.0001996576277307074,0.0001996576277307074,0.0,0.00010193429986713853,0.00010193429986713853,0.0,0.0003,0.0003,0.0,-3.0,-3.0,0.0,0.0,0.21285714285714286,27.8,83.3,5304.791,93,Hopper-v5,2854,Agente_3
501.7414104938507,95,389120,211.0363203680034,223.38954530115222,180.01615326647038,93.23,963,0.008574696518733951,-3.0,0.99,0.0001996576277307074,0.00010193429986713853,0.0003,-76.59564208984375,0.45360666513442993,-4.554648399353027,0.12381831556558609,-2.088939905166626,-3.0,76.27770233154297,110.5862045288086,37.089908599853516,0.8908023834228516,56.10349941253662,1.0,-76.59564208984375,0.45360666513442993,-4.554648399353027,0.12381831556558609,-2.088939905166626,-3.0,76.27770233154297,110.5862045288086,37.089908599853516,963.0,963.0,0.0,0.008574696518733951,0.008574696518733951,0.0,0.0001996576277307074,0.0001996576277307074,0.0,0.00010193429986713853,0.00010193429986713853,0.0,0.0003,0.0003,0.0,-3.0,-3.0,0.0,0.0,0.25,27.6875,83.2,5373.431,94,Hopper-v5,2854,Agente_3
507.0137400627136,96,393216,210.12808211668224,225.6500274785472,180.01615326647038,92.81,963,0.008574696518733951,-3.0,0.99,0.0001996576277307074,0.00010193429986713853,0.0003,-75.99150085449219,0.5819150805473328,-3.7134861946105957,0.12146660685539246,-2.1081159114837646,-3.0,75.62574768066406,108.33731079101562,43.986083984375,0.8356990814208984,56.17822074890137,1.0,-75.99150085449219,0.5819150805473328,-3.7134861946105957,0.12146660685539246,-2.1081159114837646,-3.0,75.62574768066406,108.33731079101562,43.986083984375,963.0,963.0,0.0,0.008574696518733951,0.008574696518733951,0.0,0.0001996576277307074,0.0001996576277307074,0.0,0.00010193429986713853,0.00010193429986713853,0.0,0.0003,0.0003,0.0,-3.0,-3.0,0.0,0.0,0.2814285714285714,27.685714285714287,83.05714285714285,5374.192,95,Hopper-v5,2854,Agente_3
512.2808930873871,97,397312,210.38290320855685,227.4991367782314,177.04254028756392,92.58,963,0.008574696518733951,-3.0,0.99,0.0001996576277307074,0.00010193429986713853,0.0003,-78.6241455078125,0.4859831929206848,-3.900432825088501,0.11934327334165573,-2.125751256942749,-3.0,78.17680358886719,105.54969787597656,44.543399810791016,0.8724899291992188,54.3044548034668,1.0,-78.6241455078125,0.4859831929206848,-3.900432825088501,0.11934327334165573,-2.125751256942749,-3.0,78.17680358886719,105.54969787597656,44.543399810791016,963.0,963.0,0.0,0.008574696518733951,0.008574696518733951,0.0,0.0001996576277307074,0.0001996576277307074,0.0,0.00010193429986713853,0.00010193429986713853,0.0,0.0003,0.0003,0.0,-3.0,-3.0,0.0,0.0,0.26857142857142857,27.442857142857143,83.08571428571429,5359.885,96,Hopper-v5,2854,Agente_3
517.6460688114166,98,401408,212.5990475617234,254.82336177507491,177.04254028756392,93.0,963,0.008574696518733951,-3.0,0.99,0.0001996576277307074,0.00010193429986713853,0.0003,-80.94259643554688,0.376451313495636,-3.766066312789917,0.11726665496826172,-2.1433048248291016,-3.0,80.6164779663086,106.3609390258789,48.8765869140625,0.8521080017089844,53.826642990112305,1.0,-80.94259643554688,0.376451313495636,-3.766066312789917,0.11726665496826172,-2.1433048248291016,-3.0,80.6164779663086,106.3609390258789,48.8765869140625,963.0,963.0,0.0,0.008574696518733951,0.008574696518733951,0.0,0.0001996576277307074,0.0001996576277307074,0.0,0.00010193429986713853,0.00010193429986713853,0.0,0.0003,0.0003,0.0,-3.0,-3.0,0.0,0.0,0.2325,27.475,83.125,5373.582,97,Hopper-v5,2854,Agente_3
523.0337338447571,99,405504,212.8704723705705,261.33604138100696,177.04254028756392,92.61,963,0.008574696518733951,-3.0,0.99,0.0001996576277307074,0.00010193429986713853,0.0003,-81.77417755126953,0.47898364067077637,-3.633293390274048,0.11530377715826035,-2.1601850986480713,-3.0,81.40397644042969,108.7908935546875,43.37289047241211,0.8653802871704102,53.99055862426758,1.0,-81.77417755126953,0.47898364067077637,-3.633293390274048,0.11530377715826035,-2.1601850986480713,-3.0,81.40397644042969,108.7908935546875,43.37289047241211,963.0,963.0,0.0,0.008574696518733951,0.008574696518733951,0.0,0.0001996576277307074,0.0001996576277307074,0.0,0.00010193429986713853,0.00010193429986713853,0.0,0.0003,0.0003,0.0,-3.0,-3.0,0.0,0.0,0.25,27.785714285714285,83.2857142857143,5374.883,98,Hopper-v5,2854,Agente_3
528.3022046089172,100,409600,213.11526297142217,266.8202171948309,6.453680644280098,92.13,963,0.008574696518733951,-3.0,0.99,0.0001996576277307074,0.00010193429986713853,0.0003,-80.92417907714844,0.5146586298942566,-3.6838512420654297,0.11342273652553558,-2.176633358001709,-3.0,80.3629150390625,113.56480407714844,47.77386474609375,0.9440479278564453,54.47218418121338,1.0,-80.92417907714844,0.5146586298942566,-3.6838512420654297,0.11342273652553558,-2.176633358001709,-3.0,80.3629150390625,113.56480407714844,47.77386474609375,963.0,963.0,0.0,0.008574696518733951,0.008574696518733951,0.0,0.0001996576277307074,0.0001996576277307074,0.0,0.00010193429986713853,0.00010193429986713853,0.0,0.0003,0.0003,0.0,-3.0,-3.0,0.0,0.0,0.21,26.071428571428577,83.41428571428571,5363.417,99,Hopper-v5,2854,Agente_3
533.6353802680969,101,413696,213.127620972272,266.8202171948309,6.453680644280098,91.85,963,0.008574696518733951,-3.0,0.99,0.0001996576277307074,0.00010193429986713853,0.0003,-83.75804138183594,0.43848878145217896,-3.5123674869537354,0.11156518757343292,-2.193146228790283,-3.0,83.36919403076172,116.46443176269531,46.36469268798828,0.9194774627685547,53.966769218444824,1.0,-83.75804138183594,0.43848878145217896,-3.5123674869537354,0.11156518757343292,-2.193146228790283,-3.0,83.36919403076172,116.46443176269531,46.36469268798828,963.0,963.0,0.0,0.008574696518733951,0.008574696518733951,0.0,0.0001996576277307074,0.0001996576277307074,0.0,0.00010193429986713853,0.00010193429986713853,0.0,0.0003,0.0003,0.0,-3.0,-3.0,0.0,0.0,0.22,25.842857142857138,84.21428571428571,5365.08,100,Hopper-v5,2854,Agente_3
538.9047977924347,102,417792,205.3205532105381,262.8010678433349,6.453680644280098,89.49,963,0.008574696518733951,-3.0,0.99,0.0001996576277307074,0.00010193429986713853,0.0003,-84.97845458984375,0.45205211639404297,-3.545104503631592,0.1097928062081337,-2.209160327911377,-3.0,84.85104370117188,112.3568344116211,47.127925872802734,0.8769283294677734,51.970218658447266,1.0,-84.97845458984375,0.45205211639404297,-3.545104503631592,0.1097928062081337,-2.209160327911377,-3.0,84.85104370117188,112.3568344116211,47.127925872802734,963.0,963.0,0.0,0.008574696518733951,0.008574696518733951,0.0,0.0001996576277307074,0.0001996576277307074,0.0,0.00010193429986713853,0.00010193429986713853,0.0,0.0003,0.0003,0.0,-3.0,-3.0,0.0,0.0,0.20750000000000002,25.287499999999998,84.5625,5362.424,101,Hopper-v5,2854,Agente_3
544.3175685405731,103,421888,187.6155151677283,248.04276097981287,6.737175035690624,85.53,963,0.008574696518733951,-3.0,0.99,0.0001996576277307074,0.00010193429986713853,0.0003,-84.57777404785156,0.44837436079978943,-5.190986156463623,0.10796099156141281,-2.225985288619995,-3.0,84.20238494873047,122.01475524902344,45.509857177734375,0.9907951354980469,51.723931312561035,1.0,-84.57777404785156,0.44837436079978943,-5.190986156463623,0.10796099156141281,-2.225985288619995,-3.0,84.20238494873047,122.01475524902344,45.509857177734375,963.0,963.0,0.0,0.008574696518733951,0.008574696518733951,0.0,0.0001996576277307074,0.0001996576277307074,0.0,0.00010193429986713853,0.00010193429986713853,0.0,0.0003,0.0003,0.0,-3.0,-3.0,0.0,0.0,0.1571428571428571,25.74285714285714,84.41428571428571,5371.995,102,Hopper-v5,2854,Agente_3
550.3491170406342,104,425984,192.7691187105339,241.55148871326537,6.993653962739699,87.55,963,0.008574696518733951,-3.0,0.99,0.0001996576277307074,0.00010193429986713853,0.0003,-86.06259155273438,0.5545918345451355,-11.389646530151367,0.10493671149015427,-2.2543978691101074,-3.0,85.19712829589844,143.12786865234375,44.217140197753906,1.0289936065673828,50.3682804107666,1.0,-86.06259155273438,0.5545918345451355,-11.389646530151367,0.10493671149015427,-2.2543978691101074,-3.0,85.19712829589844,143.12786865234375,44.217140197753906,963.0,963.0,0.0,0.008574696518733951,0.008574696518733951,0.0,0.0001996576277307074,0.0001996576277307074,0.0,0.00010193429986713853,0.00010193429986713853,0.0,0.0003,0.0003,0.0,-3.0,-3.0,0.0,0.0,0.31125,27.8125,83.35000000000001,5435.036,103,Hopper-v5,2854,Agente_3
486.8313419818878,92,376832,7.828856196458612,57.93632968091193,0.6557666027507894,13.784671532846716,1413,0.019123546831474023,-3.0,0.99,0.00019352941066503275,0.0007630752058395225,0.0003,-6.8277435302734375,0.10354551672935486,-6.183290481567383,0.14130404591560364,-1.9568413496017456,-3.0,6.61926794052124,18.232757568359375,-3.0719356536865234,0.9891459941864014,2.6588284969329834,1.0,-6.8277435302734375,0.10354551672935486,-6.183290481567383,0.14130404591560364,-1.9568413496017456,-3.0,6.61926794052124,18.232757568359375,-3.0719356536865234,1413.0,1413.0,0.0,0.019123546831474023,0.019123546831474023,0.0,0.00019352941066503275,0.00019352941066503275,0.0,0.0007630752058395225,0.0007630752058395225,0.0,0.0003,0.0003,0.0,-3.0,-3.0,0.0,0.0,0.19,24.955555555555556,81.41666666666667,5329.947,104,Hopper-v5,2854,Agente_3
492.0450201034546,93,380928,31.956097828254237,220.6344193176617,5.273615716275082,34.28,1413,0.019123546831474023,-3.0,0.99,0.00019352941066503275,0.0007630752058395225,0.0003,-9.975509643554688,0.06058862432837486,-6.99782133102417,0.13654164969921112,-1.9911255836486816,-3.0,9.742374420166016,20.93534278869629,-7.3968658447265625,0.47461116313934326,1.9207160472869873,1.0,-9.975509643554688,0.06058862432837486,-6.99782133102417,0.13654164969921112,-1.9911255836486816,-3.0,9.742374420166016,20.93534278869629,-7.3968658447265625,1413.0,1413.0,0.0,0.019123546831474023,0.019123546831474023,0.0,0.00019352941066503275,0.00019352941066503275,0.0,0.0007630752058395225,0.0007630752058395225,0.0,0.0003,0.0003,0.0,-3.0,-3.0,0.0,0.0,0.23285714285714287,28.128571428571426,84.58571428571429,5265.571,105,Hopper-v5,2854,Agente_3
497.39203214645386,94,385024,57.57647726972683,258.8970580858479,6.668603801408491,48.83,1413,0.019123546831474023,-3.0,0.99,0.00019352941066503275,0.0007630752058395225,0.0003,-12.907785415649414,0.06428604573011398,-7.218138217926025,0.13200940191745758,-2.0248820781707764,-3.0,12.771862030029297,21.983911514282227,-0.8132625222206116,0.47475123405456543,1.8497138023376465,1.0,-12.907785415649414,0.06428604573011398,-7.218138217926025,0.13200940191745758,-2.0248820781707764,-3.0,12.771862030029297,21.983911514282227,-0.8132625222206116,1413.0,1413.0,0.0,0.019123546831474023,0.019123546831474023,0.0,0.00019352941066503275,0.00019352941066503275,0.0,0.0007630752058395225,0.0007630752058395225,0.0,0.0003,0.0003,0.0,-3.0,-3.0,0.0,0.0,0.22142857142857145,27.842857142857138,84.54285714285716,5288.239,106,Hopper-v5,2854,Agente_3
502.68219447135925,95,389120,95.33000135122975,426.54793069072076,6.964847596757671,68.23,1413,0.019123546831474023,-3.0,0.99,0.00019352941066503275,0.0007630752058395225,0.0003,-16.652790069580078,0.06545893847942352,-6.461091041564941,0.12785321474075317,-2.0568723678588867,-3.0,16.470491409301758,24.352344512939453,6.342226982116699,0.4062175750732422,1.5682344436645508,1.0,-16.652790069580078,0.06545893847942352,-6.461091041564941,0.12785321474075317,-2.0568723678588867,-3.0,16.470491409301758,24.352344512939453,6.342226982116699,1413.0,1413.0,0.0,0.019123546831474023,0.019123546831474023,0.0,0.00019352941066503275,0.00019352941066503275,0.0,0.0007630752058395225,0.0007630752058395225,0.0,0.0003,0.0003,0.0,-3.0,-3.0,0.0,0.0,0.3071428571428572,27.814285714285713,84.60000000000001,5286.025,107,Hopper-v5,2854,Agente_3
508.1340072154999,96,393216,138.5970581443717,720.9308802835004,6.964847596757671,86.23,1413,0.019123546831474023,-3.0,0.99,0.00019352941066503275,0.0007630752058395225,0.0003,-20.531494140625,0.057190023362636566,-6.5619378089904785,0.12414063513278961,-2.0863401889801025,-3.0,20.2755126953125,35.7628288269043,5.469250202178955,0.35338592529296875,1.4029066562652588,1.0,-20.531494140625,0.057190023362636566,-6.5619378089904785,0.12414063513278961,-2.0863401889801025,-3.0,20.2755126953125,35.7628288269043,5.469250202178955,1413.0,1413.0,0.0,0.019123546831474023,0.019123546831474023,0.0,0.00019352941066503275,0.00019352941066503275,0.0,0.0007630752058395225,0.0007630752058395225,0.0,0.0003,0.0003,0.0,-3.0,-3.0,0.0,0.0,0.21250000000000002,27.7375,84.5375,5317.091,108,Hopper-v5,2854,Agente_3
513.4715111255646,97,397312,261.5717000259153,928.0526490167724,6.964847596757671,142.08,1413,0.019123546831474023,-3.0,0.99,0.00019352941066503275,0.0007630752058395225,0.0003,-23.701021194458008,0.11374348402023315,-6.172143936157227,0.12076817452907562,-2.113882541656494,-3.0,23.4914608001709,43.370018005371094,10.265722274780273,0.40856456756591797,3.2352962493896484,1.0,-23.701021194458008,0.11374348402023315,-6.172143936157227,0.12076817452907562,-2.113882541656494,-3.0,23.4914608001709,43.370018005371094,10.265722274780273,1413.0,1413.0,0.0,0.019123546831474023,0.019123546831474023,0.0,0.00019352941066503275,0.00019352941066503275,0.0,0.0007630752058395225,0.0007630752058395225,0.0,0.0003,0.0003,0.0,-3.0,-3.0,0.0,0.0,0.27,27.685714285714287,84.52857142857144,5318.335,109,Hopper-v5,2854,Agente_3
518.5594096183777,98,401408,313.7291212153973,1128.8351533296557,6.964847596757671,166.95,1413,0.019123546831474023,-3.0,0.99,0.00019352941066503275,0.0007630752058395225,0.0003,-27.14447021484375,0.10513582825660706,-6.353757858276367,0.1176469549536705,-2.1400671005249023,-3.0,26.857086181640625,42.33831787109375,2.490375518798828,0.3743600845336914,1.7578166723251343,1.0,-27.14447021484375,0.10513582825660706,-6.353757858276367,0.1176469549536705,-2.1400671005249023,-3.0,26.857086181640625,42.33831787109375,2.490375518798828,1413.0,1413.0,0.0,0.019123546831474023,0.019123546831474023,0.0,0.00019352941066503275,0.00019352941066503275,0.0,0.0007630752058395225,0.0007630752058395225,0.0,0.0003,0.0003,0.0,-3.0,-3.0,0.0,0.0,0.24857142857142858,27.38571428571429,84.5,5284.054,110,Hopper-v5,2854,Agente_3
523.7346820831299,99,405504,439.7269884741683,1174.321378281827,8.710172392721603,221.55,1413,0.019123546831474023,-3.0,0.99,0.00019352941066503275,0.0007630752058395225,0.0003,-30.56587791442871,0.10294726490974426,-5.756394863128662,0.11469113826751709,-2.1655125617980957,-3.0,30.26342010498047,51.112491607666016,3.8974974155426025,0.41441917419433594,1.9062368869781494,1.0,-30.56587791442871,0.10294726490974426,-5.756394863128662,0.11469113826751709,-2.1655125617980957,-3.0,30.26342010498047,51.112491607666016,3.8974974155426025,1413.0,1413.0,0.0,0.019123546831474023,0.019123546831474023,0.0,0.00019352941066503275,0.00019352941066503275,0.0,0.0007630752058395225,0.0007630752058395225,0.0,0.0003,0.0003,0.0,-3.0,-3.0,0.0,0.0,0.2571428571428572,26.8,84.45714285714287,5269.145,111,Hopper-v5,2854,Agente_3
529.0103549957275,100,409600,499.9518158345485,1174.321378281827,11.028409300491667,247.08,1413,0.019123546831474023,-3.0,0.99,0.00019352941066503275,0.0007630752058395225,0.0003,-33.59666442871094,0.16541115939617157,-5.796960830688477,0.11188501864671707,-2.1902835369110107,-3.0,33.347747802734375,57.264286041259766,2.470154285430908,0.3553781509399414,25.455059051513672,1.0,-33.59666442871094,0.16541115939617157,-5.796960830688477,0.11188501864671707,-2.1902835369110107,-3.0,33.347747802734375,57.264286041259766,2.470154285430908,1413.0,1413.0,0.0,0.019123546831474023,0.019123546831474023,0.0,0.00019352941066503275,0.00019352941066503275,0.0,0.0007630752058395225,0.0007630752058395225,0.0,0.0003,0.0003,0.0,-3.0,-3.0,0.0,0.0,0.25250000000000006,27.1125,84.5,5268.581,112,Hopper-v5,2854,Agente_3
534.0826163291931,101,413696,562.4210484691547,1174.321378281827,136.84806497601588,274.73,1413,0.019123546831474023,-3.0,0.99,0.00019352941066503275,0.0007630752058395225,0.0003,-36.576263427734375,0.2403552234172821,-6.027613639831543,0.10920881479978561,-2.2144935131073,-3.0,36.38705825805664,62.157470703125,12.676698684692383,0.48618078231811523,26.710274696350098,1.0,-36.576263427734375,0.2403552234172821,-6.027613639831543,0.10920881479978561,-2.2144935131073,-3.0,36.38705825805664,62.157470703125,12.676698684692383,1413.0,1413.0,0.0,0.019123546831474023,0.019123546831474023,0.0,0.00019352941066503275,0.00019352941066503275,0.0,0.0007630752058395225,0.0007630752058395225,0.0,0.0003,0.0003,0.0,-3.0,-3.0,0.0,0.0,0.26857142857142857,27.485714285714284,84.42857142857143,5247.916,113,Hopper-v5,2854,Agente_3
539.4710505008698,102,417792,550.3806162573078,1174.321378281827,321.24336152099187,266.32,1413,0.019123546831474023,-3.0,0.99,0.00019352941066503275,0.0007630752058395225,0.0003,-39.214820861816406,0.195794939994812,-5.49439001083374,0.10665440559387207,-2.238161563873291,-3.0,39.049861907958984,60.564308166503906,9.276786804199219,0.47844696044921875,26.033135890960693,1.0,-39.214820861816406,0.195794939994812,-5.49439001083374,0.10665440559387207,-2.238161563873291,-3.0,39.049861907958984,60.564308166503906,9.276786804199219,1413.0,1413.0,0.0,0.019123546831474023,0.019123546831474023,0.0,0.00019352941066503275,0.00019352941066503275,0.0,0.0007630752058395225,0.0007630752058395225,0.0,0.0003,0.0003,0.0,-3.0,-3.0,0.0,0.0,0.2885714285714286,27.442857142857143,84.42857142857143,5252.552,114,Hopper-v5,2854,Agente_3
544.675586938858,103,421888,477.95409080463554,1174.321378281827,321.24336152099187,224.56,1413,0.019123546831474023,-3.0,0.99,0.00019352941066503275,0.0007630752058395225,0.0003,-42.99164581298828,0.24286846816539764,-5.389428615570068,0.10420700907707214,-2.261375904083252,-3.0,42.718475341796875,69.99730682373047,14.393948554992676,0.4600081443786621,32.0170373916626,1.0,-42.99164581298828,0.24286846816539764,-5.389428615570068,0.10420700907707214,-2.261375904083252,-3.0,42.718475341796875,69.99730682373047,14.393948554992676,1413.0,1413.0,0.0,0.019123546831474023,0.019123546831474023,0.0,0.00019352941066503275,0.00019352941066503275,0.0,0.0007630752058395225,0.0007630752058395225,0.0,0.0003,0.0003,0.0,-3.0,-3.0,0.0,0.0,0.20857142857142855,27.657142857142855,84.52857142857144,5251.526,115,Hopper-v5,2854,Agente_3
549.900640964508,104,425984,425.20379545814825,633.0735952407599,301.1771523058212,194.07,1413,0.019123546831474023,-3.0,0.99,0.00019352941066503275,0.0007630752058395225,0.0003,-46.93292999267578,0.2682380676269531,-5.171337127685547,0.1019243374466896,-2.283524513244629,-3.0,46.61579132080078,84.10379791259766,11.087739944458008,0.4797697067260742,33.50950908660889,1.0,-46.93292999267578,0.2682380676269531,-5.171337127685547,0.1019243374466896,-2.283524513244629,-3.0,46.61579132080078,84.10379791259766,11.087739944458008,1413.0,1413.0,0.0,0.019123546831474023,0.019123546831474023,0.0,0.00019352941066503275,0.00019352941066503275,0.0,0.0007630752058395225,0.0007630752058395225,0.0,0.0003,0.0003,0.0,-3.0,-3.0,0.0,0.0,0.29714285714285715,27.62857142857143,84.48571428571428,5239.347,116,Hopper-v5,2854,Agente_3
555.2357580661774,105,430080,404.3051217028754,633.0735952407599,301.1771523058212,168.93,1413,0.019123546831474023,-3.0,0.99,0.00019352941066503275,0.0007630752058395225,0.0003,-49.740867614746094,0.2615623474121094,-5.471536636352539,0.09980558604001999,-2.3045310974121094,-3.0,49.538429260253906,80.36420440673828,18.7528076171875,0.5304450988769531,36.44276142120361,1.0,-49.740867614746094,0.2615623474121094,-5.471536636352539,0.09980558604001999,-2.3045310974121094,-3.0,49.538429260253906,80.36420440673828,18.7528076171875,1413.0,1413.0,0.0,0.019123546831474023,0.019123546831474023,0.0,0.00019352941066503275,0.00019352941066503275,0.0,0.0007630752058395225,0.0007630752058395225,0.0,0.0003,0.0003,0.0,-3.0,-3.0,0.0,0.0,0.20923076923076922,26.21153846153846,85.68076923076924,5243.629,117,Hopper-v5,2854,Agente_3
560.5844540596008,106,434176,396.74184172194725,633.0735952407599,301.1771523058212,154.95,1413,0.019123546831474023,-3.0,0.99,0.00019352941066503275,0.0007630752058395225,0.0003,-51.41669464111328,0.1817827969789505,-4.583786964416504,0.09776619076728821,-2.325176477432251,-3.0,50.72108459472656,81.99140930175781,6.135073661804199,0.5835237503051758,12.961701393127441,1.0,-51.41669464111328,0.1817827969789505,-4.583786964416504,0.09776619076728821,-2.325176477432251,-3.0,50.72108459472656,81.99140930175781,6.135073661804199,1413.0,1413.0,0.0,0.019123546831474023,0.019123546831474023,0.0,0.00019352941066503275,0.00019352941066503275,0.0,0.0007630752058395225,0.0007630752058395225,0.0,0.0003,0.0003,0.0,-3.0,-3.0,0.0,0.0,0.2671428571428571,27.97142857142857,85.39999999999999,5233.076,118,Hopper-v5,2854,Agente_3
566.0529100894928,107,438272,379.8967376461604,575.7063184869197,301.1771523058212,144.55,1413,0.019123546831474023,-3.0,0.99,0.00019352941066503275,0.0007630752058395225,0.0003,-54.91682815551758,0.2974424958229065,-4.603900909423828,0.0958629921078682,-2.3448352813720703,-3.0,54.37974548339844,99.25093078613281,-0.714779794216156,0.6726892590522766,39.03144550323486,1.0,-54.91682815551758,0.2974424958229065,-4.603900909423828,0.0958629921078682,-2.3448352813720703,-3.0,54.37974548339844,99.25093078613281,-0.714779794216156,1413.0,1413.0,0.0,0.019123546831474023,0.019123546831474023,0.0,0.00019352941066503275,0.00019352941066503275,0.0,0.0007630752058395225,0.0007630752058395225,0.0,0.0003,0.0003,0.0,-3.0,-3.0,0.0,0.0,0.25,27.6625,85.42500000000001,5246.368,119,Hopper-v5,2854,Agente_3
571.4853508472443,108,442368,371.8384397890043,566.1896182166424,309.6238409572986,139.7,1413,0.019123546831474023,-3.0,0.99,0.00019352941066503275,0.0007630752058395225,0.0003,-56.290950775146484,0.2632675766944885,-4.916987419128418,0.09404940903186798,-2.3639349937438965,-3.0,55.952850341796875,92.62252807617188,-12.731064796447754,0.6505928039550781,38.16725254058838,1.0,-56.290950775146484,0.2632675766944885,-4.916987419128418,0.09404940903186798,-2.3639349937438965,-3.0,55.952850341796875,92.62252807617188,-12.731064796447754,1413.0,1413.0,0.0,0.019123546831474023,0.019123546831474023,0.0,0.00019352941066503275,0.00019352941066503275,0.0,0.0007630752058395225,0.0007630752058395225,0.0,0.0003,0.0003,0.0,-3.0,-3.0,0.0,0.0,0.27571428571428575,27.728571428571428,85.37142857142858,5280.728,120,Hopper-v5,2854,Agente_3
576.756192445755,109,446464,359.76371974061425,554.1711511647807,309.6238409572986,135.24,1413,0.019123546831474023,-3.0,0.99,0.00019352941066503275,0.0007630752058395225,0.0003,-62.79408645629883,0.3186438977718353,-4.046756744384766,0.09237220138311386,-2.3819291591644287,-3.0,62.154510498046875,123.88068389892578,-7.259721755981445,0.7360801696777344,41.831238746643066,1.0,-62.79408645629883,0.3186438977718353,-4.046756744384766,0.09237220138311386,-2.3819291591644287,-3.0,62.154510498046875,123.88068389892578,-7.259721755981445,1413.0,1413.0,0.0,0.019123546831474023,0.019123546831474023,0.0,0.00019352941066503275,0.00019352941066503275,0.0,0.0007630752058395225,0.0007630752058395225,0.0,0.0003,0.0003,0.0,-3.0,-3.0,0.0,0.0,0.25857142857142856,27.828571428571426,85.45714285714287,5290.202,121,Hopper-v5,2854,Agente_3
582.3757231235504,110,450560,347.9725960243886,522.8754791564351,285.5310099159963,130.73,1413,0.019123546831474023,-3.0,0.99,0.00019352941066503275,0.0007630752058395225,0.0003,-64.33729553222656,0.2608814239501953,-4.056487083435059,0.09081684052944183,-2.3989105224609375,-3.0,63.80175018310547,106.78931427001953,-13.469204902648926,0.8672046661376953,27.928342819213867,1.0,-64.33729553222656,0.2608814239501953,-4.056487083435059,0.09081684052944183,-2.3989105224609375,-3.0,63.80175018310547,106.78931427001953,-13.469204902648926,1413.0,1413.0,0.0,0.019123546831474023,0.019123546831474023,0.0,0.00019352941066503275,0.00019352941066503275,0.0,0.0007630752058395225,0.0007630752058395225,0.0,0.0003,0.0003,0.0,-3.0,-3.0,0.0,0.0,0.17625,32.25,74.5,5324.32,122,Hopper-v5,2854,Agente_3
587.5351340770721,111,454656,340.92693811182426,455.2070110627342,285.5310099159963,127.34,1413,0.019123546831474023,-3.0,0.99,0.00019352941066503275,0.0007630752058395225,0.0003,-66.54378509521484,0.40555572509765625,-4.272502899169922,0.08933276683092117,-2.415386915206909,-3.0,65.68077850341797,105.5256118774414,-6.628750324249268,0.8677616119384766,53.714138984680176,1.0,-66.54378509521484,0.40555572509765625,-4.272502899169922,0.08933276683092117,-2.415386915206909,-3.0,65.68077850341797,105.5256118774414,-6.628750324249268,1413.0,1413.0,0.0,0.019123546831474023,0.019123546831474023,0.0,0.00019352941066503275,0.00019352941066503275,0.0,0.0007630752058395225,0.0007630752058395225,0.0,0.0003,0.0003,0.0,-3.0,-3.0,0.0,0.0,0.13999999999999999,23.74285714285714,77.85714285714286,5332.93,123,Hopper-v5,2854,Agente_3
592.6857450008392,112,458752,343.4357968690863,455.2070110627342,285.5310099159963,126.95,1413,0.019123546831474023,-3.0,0.99,0.00019352941066503275,0.0007630752058395225,0.0003,-68.09117889404297,0.3241519331932068,-3.7283437252044678,0.0878872498869896,-2.4317004680633545,-3.0,67.33033752441406,118.08629608154297,-80.38368225097656,0.787693977355957,39.57664489746094,1.0,-68.09117889404297,0.3241519331932068,-3.7283437252044678,0.0878872498869896,-2.4317004680633545,-3.0,67.33033752441406,118.08629608154297,-80.38368225097656,1413.0,1413.0,0.0,0.019123546831474023,0.019123546831474023,0.0,0.00019352941066503275,0.00019352941066503275,0.0,0.0007630752058395225,0.0007630752058395225,0.0,0.0003,0.0003,0.0,-3.0,-3.0,0.0,0.0,0.10428571428571429,24.414285714285715,84.60000000000001,5309.277,124,Hopper-v5,2854,Agente_3
597.9140040874481,113,462848,340.73581695563627,384.0937962222257,240.66153980377715,125.02,1413,0.019123546831474023,-3.0,0.99,0.00019352941066503275,0.0007630752058395225,0.0003,-72.18716430664062,0.3692886233329773,-3.4085774421691895,0.08660297095775604,-2.4464211463928223,-3.0,71.41032409667969,140.80027770996094,-24.282718658447266,0.8386421203613281,54.742369651794434,1.0,-72.18716430664062,0.3692886233329773,-3.4085774421691895,0.08660297095775604,-2.4464211463928223,-3.0,71.41032409667969,140.80027770996094,-24.282718658447266,1413.0,1413.0,0.0,0.019123546831474023,0.019123546831474023,0.0,0.00019352941066503275,0.00019352941066503275,0.0,0.0007630752058395225,0.0007630752058395225,0.0,0.0003,0.0003,0.0,-3.0,-3.0,0.0,0.0,0.22714285714285712,25.442857142857143,86.65714285714284,5311.934,125,Hopper-v5,2854,Agente_3
603.1949305534363,114,466944,278.1366467625266,384.0937962222257,6.145990426700449,102.55,1413,0.019123546831474023,-3.0,0.99,0.00019352941066503275,0.0007630752058395225,0.0003,-74.88683319091797,0.3887713849544525,-4.5790181159973145,0.08537091314792633,-2.460749864578247,-3.0,74.1551284790039,116.31310272216797,-22.910552978515625,0.7195281982421875,58.219778060913086,1.0,-74.88683319091797,0.3887713849544525,-4.5790181159973145,0.08537091314792633,-2.460749864578247,-3.0,74.1551284790039,116.31310272216797,-22.910552978515625,1413.0,1413.0,0.0,0.019123546831474023,0.019123546831474023,0.0,0.00019352941066503275,0.00019352941066503275,0.0,0.0007630752058395225,0.0007630752058395225,0.0,0.0003,0.0003,0.0,-3.0,-3.0,0.0,0.0,0.17125,25.7125,86.875,5317.448,126,Hopper-v5,2854,Agente_3
608.5863544940948,115,471040,252.5846584545052,376.1707498502234,6.145990426700449,93.29,1413,0.019123546831474023,-3.0,0.99,0.00019352941066503275,0.0007630752058395225,0.0003,-79.2292709350586,0.3344044089317322,-2.8831262588500977,0.08418154716491699,-2.4747796058654785,-3.0,78.10172271728516,126.9433364868164,16.16720962524414,0.8938255310058594,50.45217227935791,1.0,-79.2292709350586,0.3344044089317322,-2.8831262588500977,0.08418154716491699,-2.4747796058654785,-3.0,78.10172271728516,126.9433364868164,16.16720962524414,1413.0,1413.0,0.0,0.019123546831474023,0.019123546831474023,0.0,0.00019352941066503275,0.00019352941066503275,0.0,0.0007630752058395225,0.0007630752058395225,0.0,0.0003,0.0003,0.0,-3.0,-3.0,0.0,0.0,0.2785714285714286,26.742857142857144,86.12857142857145,5323.21,127,Hopper-v5,2854,Agente_3
613.7580559253693,116,475136,244.83124744702232,370.34232145400523,6.757453073090088,91.22,1413,0.019123546831474023,-3.0,0.99,0.00019352941066503275,0.0007630752058395225,0.0003,-84.9781723022461,0.4805968403816223,-2.337831974029541,0.08319611102342606,-2.4865546226501465,-3.0,84.28963470458984,152.53070068359375,-64.60729217529297,1.132354736328125,66.75725555419922,1.0,-84.9781723022461,0.4805968403816223,-2.337831974029541,0.08319611102342606,-2.4865546226501465,-3.0,84.28963470458984,152.53070068359375,-64.60729217529297,1413.0,1413.0,0.0,0.019123546831474023,0.019123546831474023,0.0,0.00019352941066503275,0.00019352941066503275,0.0,0.0007630752058395225,0.0007630752058395225,0.0,0.0003,0.0003,0.0,-3.0,-3.0,0.0,0.0,0.2442857142857143,27.74285714285714,85.52857142857142,5305.329,128,Hopper-v5,2854,Agente_3
619.0631446838379,117,479232,270.64419858393416,369.2444605124514,6.757453073090088,100.86,1413,0.019123546831474023,-3.0,0.99,0.00019352941066503275,0.0007630752058395225,0.0003,-82.22914123535156,0.5251365900039673,-1.68911874294281,0.08221853524446487,-2.4983744621276855,-3.0,81.15855407714844,139.8919677734375,-12.056774139404297,1.2377471923828125,70.49794960021973,1.0,-82.22914123535156,0.5251365900039673,-1.68911874294281,0.08221853524446487,-2.4983744621276855,-3.0,81.15855407714844,139.8919677734375,-12.056774139404297,1413.0,1413.0,0.0,0.019123546831474023,0.019123546831474023,0.0,0.00019352941066503275,0.00019352941066503275,0.0,0.0007630752058395225,0.0007630752058395225,0.0,0.0003,0.0003,0.0,-3.0,-3.0,0.0,0.0,0.23,27.4625,85.2875,5288.819,129,Hopper-v5,2854,Agente_3
624.3564419746399,118,483328,295.7829992386456,348.49483991352685,6.967850884363707,110.24,1413,0.019123546831474023,-3.0,0.99,0.00019352941066503275,0.0007630752058395225,0.0003,-88.32510375976562,0.39571481943130493,-2.025725841522217,0.08133852481842041,-2.5091354846954346,-3.0,87.36429595947266,152.31549072265625,6.626592636108398,0.9089851379394531,61.50030994415283,1.0,-88.32510375976562,0.39571481943130493,-2.025725841522217,0.08133852481842041,-2.5091354846954346,-3.0,87.36429595947266,152.31549072265625,6.626592636108398,1413.0,1413.0,0.0,0.019123546831474023,0.019123546831474023,0.0,0.00019352941066503275,0.00019352941066503275,0.0,0.0007630752058395225,0.0007630752058395225,0.0,0.0003,0.0003,0.0,-3.0,-3.0,0.0,0.0,0.24714285714285714,28.457142857142856,85.35714285714286,5274.39,130,Hopper-v5,2854,Agente_3
629.6836822032928,119,487424,314.1836204531294,353.14332506042547,206.4468287985268,117.21,1413,0.019123546831474023,-3.0,0.99,0.00019352941066503275,0.0007630752058395225,0.0003,-90.164794921875,0.383758008480072,-9.407210350036621,0.0803675651550293,-2.5211446285247803,-3.0,89.22003936767578,139.14414978027344,-49.39015197753906,0.9841747283935547,44.38016700744629,1.0,-90.164794921875,0.383758008480072,-9.407210350036621,0.0803675651550293,-2.5211446285247803,-3.0,89.22003936767578,139.14414978027344,-49.39015197753906,1413.0,1413.0,0.0,0.019123546831474023,0.019123546831474023,0.0,0.00019352941066503275,0.00019352941066503275,0.0,0.0007630752058395225,0.0007630752058395225,0.0,0.0003,0.0003,0.0,-3.0,-3.0,0.0,0.0,0.2757142857142857,27.5,85.27142857142859,5279.885,131,Hopper-v5,2854,Agente_3
636.1333112716675,120,491520,297.87520984838443,353.14332506042547,206.4468287985268,113.46,1413,0.019123546831474023,-3.0,0.99,0.00019352941066503275,0.0007630752058395225,0.0003,-109.85011291503906,0.6086264252662659,-230.78504943847656,0.07109105587005615,-2.643793821334839,-3.0,102.90382385253906,191.97122192382812,-63.54753112792969,1.226358413696289,91.57900428771973,1.0,-109.85011291503906,0.6086264252662659,-230.78504943847656,0.07109105587005615,-2.643793821334839,-3.0,102.90382385253906,191.97122192382812,-63.54753112792969,1413.0,1413.0,0.0,0.019123546831474023,0.019123546831474023,0.0,0.00019352941066503275,0.00019352941066503275,0.0,0.0007630752058395225,0.0007630752058395225,0.0,0.0003,0.0003,0.0,-3.0,-3.0,0.0,0.0,0.24375000000000002,27.075000000000003,84.7875,5363.4,132,Hopper-v5,2854,Agente_3
641.5305213928223,121,495616,281.12225618302847,345.1076125164946,194.63208454858315,109.48,1413,0.019123546831474023,-3.0,0.99,0.00019352941066503275,0.0007630752058395225,0.0003,-120.93876647949219,0.6253651976585388,-240.76512145996094,0.06507181376218796,-2.7322638034820557,-3.0,114.2197036743164,170.97056579589844,-35.53106689453125,1.268503189086914,95.80848693847656,1.0,-120.93876647949219,0.6253651976585388,-240.76512145996094,0.06507181376218796,-2.7322638034820557,-3.0,114.2197036743164,170.97056579589844,-35.53106689453125,1413.0,1413.0,0.0,0.019123546831474023,0.019123546831474023,0.0,0.00019352941066503275,0.00019352941066503275,0.0,0.0007630752058395225,0.0007630752058395225,0.0,0.0003,0.0003,0.0,-3.0,-3.0,0.0,0.0,0.30875,27.5625,84.6375,5387.168,133,Hopper-v5,2854,Agente_3
646.972335100174,122,499712,270.84613599581127,332.6980034345053,194.63208454858315,106.53,1413,0.019123546831474023,-3.0,0.99,0.00019352941066503275,0.0007630752058395225,0.0003,-127.84674835205078,0.5366002917289734,-247.2274627685547,0.061116646975278854,-2.794970989227295,-3.0,121.66938781738281,187.0339813232422,9.267005920410156,1.1817607879638672,93.78525161743164,1.0,-127.84674835205078,0.5366002917289734,-247.2274627685547,0.061116646975278854,-2.794970989227295,-3.0,121.66938781738281,187.0339813232422,9.267005920410156,1413.0,1413.0,0.0,0.019123546831474023,0.019123546831474023,0.0,0.00019352941066503275,0.00019352941066503275,0.0,0.0007630752058395225,0.0007630752058395225,0.0,0.0003,0.0003,0.0,-3.0,-3.0,0.0,0.0,0.3042857142857143,26.428571428571423,84.57142857142857,5416.01,134,Hopper-v5,2854,Agente_3
652.7620046138763,123,503808,270.7206211635396,332.6980034345053,200.89312410660165,105.87,1413,0.019123546831474023,-3.0,0.99,0.00019352941066503275,0.0007630752058395225,0.0003,-140.77676391601562,0.7702590227127075,-250.127197265625,0.058020222932100296,-2.84696364402771,-3.0,134.68182373046875,197.0440216064453,-0.028243929147720337,1.192087173461914,118.70685386657715,1.0,-140.77676391601562,0.7702590227127075,-250.127197265625,0.058020222932100296,-2.84696364402771,-3.0,134.68182373046875,197.0440216064453,-0.028243929147720337,1413.0,1413.0,0.0,0.019123546831474023,0.019123546831474023,0.0,0.00019352941066503275,0.00019352941066503275,0.0,0.0007630752058395225,0.0007630752058395225,0.0,0.0003,0.0003,0.0,-3.0,-3.0,0.0,0.0,0.20125,32.3625,74.2125,5471.639,135,Hopper-v5,2854,Agente_3
658.2329285144806,124,507904,278.28944017104766,328.4680364978233,202.09385172182846,107.49,1413,0.019123546831474023,-3.0,0.99,0.00019352941066503275,0.0007630752058395225,0.0003,-150.9452362060547,0.6558352708816528,-252.65916442871094,0.055423226207494736,-2.892756462097168,-3.0,145.94183349609375,203.94845581054688,-0.8490487337112427,1.3482284545898438,124.43665504455566,1.0,-150.9452362060547,0.6558352708816528,-252.65916442871094,0.055423226207494736,-2.892756462097168,-3.0,145.94183349609375,203.94845581054688,-0.8490487337112427,1413.0,1413.0,0.0,0.019123546831474023,0.019123546831474023,0.0,0.00019352941066503275,0.00019352941066503275,0.0,0.0007630752058395225,0.0007630752058395225,0.0,0.0003,0.0003,0.0,-3.0,-3.0,0.0,0.0,0.20571428571428574,25.957142857142856,77.64285714285714,5490.885,136,Hopper-v5,2854,Agente_3
663.6315426826477,125,512000,291.11835446767896,328.4680364978233,204.40724671008186,110.47,1413,0.019123546831474023,-3.0,0.99,0.00019352941066503275,0.0007630752058395225,0.0003,-153.73828125,0.8039261102676392,-256.93487548828125,0.05316045880317688,-2.9344403743743896,-3.0,147.87559509277344,242.67916870117188,-1.1940829753875732,1.3573989868164062,129.24359893798828,1.0,-153.73828125,0.8039261102676392,-256.93487548828125,0.05316045880317688,-2.9344403743743896,-3.0,147.87559509277344,242.67916870117188,-1.1940829753875732,1413.0,1413.0,0.0,0.019123546831474023,0.019123546831474023,0.0,0.00019352941066503275,0.00019352941066503275,0.0,0.0007630752058395225,0.0007630752058395225,0.0,0.0003,0.0003,0.0,-3.0,-3.0,0.0,0.0,0.24375,26.475,83.61250000000001,5491.639,137,Hopper-v5,2854,Agente_3
668.9707386493683,126,516096,298.73191084715546,327.36126115713364,225.2124690570677,112.57,1413,0.019123546831474023,-3.0,0.99,0.00019352941066503275,0.0007630752058395225,0.0003,-159.07289123535156,0.8973249197006226,-259.73193359375,0.051133569329977036,-2.973314046859741,-3.0,153.05706787109375,240.82289123535156,11.390973091125488,1.5139312744140625,137.2214126586914,1.0,-159.07289123535156,0.8973249197006226,-259.73193359375,0.051133569329977036,-2.973314046859741,-3.0,153.05706787109375,240.82289123535156,11.390973091125488,1413.0,1413.0,0.0,0.019123546831474023,0.019123546831474023,0.0,0.00019352941066503275,0.00019352941066503275,0.0,0.0007630752058395225,0.0007630752058395225,0.0,0.0003,0.0003,0.0,-3.0,-3.0,0.0,0.0,0.30428571428571427,27.657142857142855,84.8,5508.674,138,Hopper-v5,2854,Agente_3
674.3199508190155,127,520192,298.04261240088414,327.36126115713364,208.7974142788461,112.83,1413,0.019123546831474023,-3.0,0.99,0.00019352941066503275,0.0007630752058395225,0.0003,-170.00228881835938,0.8297101855278015,-265.89349365234375,0.049297627061605453,-3.0098793506622314,-3.0,164.20932006835938,255.5489959716797,-35.51616668701172,1.3442306518554688,143.70902252197266,1.0,-170.00228881835938,0.8297101855278015,-265.89349365234375,0.049297627061605453,-3.0098793506622314,-3.0,164.20932006835938,255.5489959716797,-35.51616668701172,1413.0,1413.0,0.0,0.019123546831474023,0.019123546831474023,0.0,0.00019352941066503275,0.00019352941066503275,0.0,0.0007630752058395225,0.0007630752058395225,0.0,0.0003,0.0003,0.0,-3.0,-3.0,0.0,0.0,0.26125,27.7125,84.6875,5513.189,139,Hopper-v5,2854,Agente_3
679.7094795703888,128,524288,291.57039535806473,316.9267565542517,208.7974142788461,111.54,1413,0.019123546831474023,-3.0,0.99,0.00019352941066503275,0.0007630752058395225,0.0003,-176.0681915283203,0.96824711561203,-264.1394958496094,0.04761071130633354,-3.0446975231170654,-3.0,170.03851318359375,254.3963623046875,-19.65752601623535,1.5776519775390625,148.64606475830078,1.0,-176.0681915283203,0.96824711561203,-264.1394958496094,0.04761071130633354,-3.0446975231170654,-3.0,170.03851318359375,254.3963623046875,-19.65752601623535,1413.0,1413.0,0.0,0.019123546831474023,0.019123546831474023,0.0,0.00019352941066503275,0.00019352941066503275,0.0,0.0007630752058395225,0.0007630752058395225,0.0,0.0003,0.0003,0.0,-3.0,-3.0,0.0,0.0,0.19,27.64285714285714,84.58571428571429,5523.17,140,Hopper-v5,2854,Agente_3
685.1338050365448,129,528384,288.0035045644249,316.9267565542517,212.37420573305226,110.47,1413,0.019123546831474023,-3.0,0.99,0.00019352941066503275,0.0007630752058395225,0.0003,-181.16915893554688,0.7864566445350647,-266.02984619140625,0.04604416340589523,-3.0781543254852295,-3.0,175.472412109375,260.55169677734375,3.633293867111206,1.4256210327148438,132.73382186889648,1.0,-181.16915893554688,0.7864566445350647,-266.02984619140625,0.04604416340589523,-3.0781543254852295,-3.0,175.472412109375,260.55169677734375,3.633293867111206,1413.0,1413.0,0.0,0.019123546831474023,0.019123546831474023,0.0,0.00019352941066503275,0.00019352941066503275,0.0,0.0007630752058395225,0.0007630752058395225,0.0,0.0003,0.0003,0.0,-3.0,-3.0,0.0,0.0,0.255,27.0125,84.525,5532.647,141,Hopper-v5,2854,Agente_3
690.6207444667816,130,532480,266.65932702853866,307.50341427860434,204.5397007821247,105.19,1413,0.019123546831474023,-3.0,0.99,0.00019352941066503275,0.0007630752058395225,0.0003,-197.6110382080078,0.8778796792030334,-517.85498046875,0.0443725511431694,-3.1151342391967773,-3.0,188.46493530273438,303.8329772949219,52.777191162109375,2.1226272583007812,135.88853454589844,1.0,-197.6110382080078,0.8778796792030334,-517.85498046875,0.0443725511431694,-3.1151342391967773,-3.0,188.46493530273438,303.8329772949219,52.777191162109375,1413.0,1413.0,0.0,0.019123546831474023,0.019123546831474023,0.0,0.00019352941066503275,0.00019352941066503275,0.0,0.0007630752058395225,0.0007630752058395225,0.0,0.0003,0.0003,0.0,-3.0,-3.0,0.0,0.0,0.23,27.757142857142856,84.51428571428572,5435.965,142,Hopper-v5,2854,Agente_3
696.1267259120941,131,536576,215.10193240635613,306.36834607941023,161.35461610617074,94.33,1413,0.019123546831474023,-3.0,0.99,0.00019352941066503275,0.0007630752058395225,0.0003,-210.43966674804688,1.3625699281692505,-562.7984619140625,0.04200396314263344,-3.1699912548065186,-3.0,201.30810546875,311.9483337402344,45.67427444458008,1.7051582336425781,174.7287940979004,1.0,-210.43966674804688,1.3625699281692505,-562.7984619140625,0.04200396314263344,-3.1699912548065186,-3.0,201.30810546875,311.9483337402344,45.67427444458008,1413.0,1413.0,0.0,0.019123546831474023,0.019123546831474023,0.0,0.00019352941066503275,0.00019352941066503275,0.0,0.0007630752058395225,0.0007630752058395225,0.0,0.0003,0.0003,0.0,-3.0,-3.0,0.0,0.0,0.19875,27.262500000000003,84.5125,5446.775,143,Hopper-v5,2854,Agente_3
701.5966749191284,132,540672,176.14961151729284,264.4002211212803,161.35461610617074,86.77,1413,0.019123546831474023,-3.0,0.99,0.00019352941066503275,0.0007630752058395225,0.0003,-218.29327392578125,0.8808588981628418,-569.1743774414062,0.04001355171203613,-3.2185370922088623,-3.0,210.824951171875,334.5152587890625,40.043575286865234,1.6767616271972656,153.6793098449707,1.0,-218.29327392578125,0.8808588981628418,-569.1743774414062,0.04001355171203613,-3.2185370922088623,-3.0,210.824951171875,334.5152587890625,40.043575286865234,1413.0,1413.0,0.0,0.019123546831474023,0.019123546831474023,0.0,0.00019352941066503275,0.00019352941066503275,0.0,0.0007630752058395225,0.0007630752058395225,0.0,0.0003,0.0003,0.0,-3.0,-3.0,0.0,0.0,0.26142857142857145,27.342857142857138,84.48571428571428,5449.655,144,Hopper-v5,2854,Agente_3
706.9817273616791,133,544768,168.06652902007966,172.32471291816606,163.73274769532526,85.58,1413,0.019123546831474023,-3.0,0.99,0.00019352941066503275,0.0007630752058395225,0.0003,-224.86187744140625,1.0852158069610596,-583.9283447265625,0.038306619971990585,-3.2621326446533203,-3.0,216.98004150390625,350.93695068359375,18.874176025390625,2.133068084716797,171.34710693359375,1.0,-224.86187744140625,1.0852158069610596,-583.9283447265625,0.038306619971990585,-3.2621326446533203,-3.0,216.98004150390625,350.93695068359375,18.874176025390625,1413.0,1413.0,0.0,0.019123546831474023,0.019123546831474023,0.0,0.00019352941066503275,0.00019352941066503275,0.0,0.0007630752058395225,0.0007630752058395225,0.0,0.0003,0.0003,0.0,-3.0,-3.0,0.0,0.0,0.31375,26.525,84.4625,5409.558,145,Hopper-v5,2854,Agente_3
712.5321581363678,134,548864,168.3206860675889,171.24457360185755,163.97248491870243,85.61,1413,0.019123546831474023,-3.0,0.99,0.00019352941066503275,0.0007630752058395225,0.0003,-233.75350952148438,1.1568076610565186,-585.306884765625,0.03679424151778221,-3.3024139404296875,-3.0,226.9913787841797,345.7865295410156,9.994007110595703,2.092498779296875,174.01146697998047,1.0,-233.75350952148438,1.1568076610565186,-585.306884765625,0.03679424151778221,-3.3024139404296875,-3.0,226.9913787841797,345.7865295410156,9.994007110595703,1413.0,1413.0,0.0,0.019123546831474023,0.019123546831474023,0.0,0.00019352941066503275,0.00019352941066503275,0.0,0.0007630752058395225,0.0007630752058395225,0.0,0.0003,0.0003,0.0,-3.0,-3.0,0.0,0.0,0.2925,27.5625,84.475,5417.612,146,Hopper-v5,2854,Agente_3
717.8883423805237,135,552960,167.7240348921624,171.42708872670693,88.44391779252513,85.22,1413,0.019123546831474023,-3.0,0.99,0.00019352941066503275,0.0007630752058395225,0.0003,-239.17233276367188,1.52199125289917,-593.8174438476562,0.03543369099497795,-3.340092182159424,-3.0,231.69924926757812,393.85113525390625,-9.06444263458252,2.387176513671875,166.22047424316406,1.0,-239.17233276367188,1.52199125289917,-593.8174438476562,0.03543369099497795,-3.340092182159424,-3.0,231.69924926757812,393.85113525390625,-9.06444263458252,1413.0,1413.0,0.0,0.019123546831474023,0.019123546831474023,0.0,0.00019352941066503275,0.00019352941066503275,0.0,0.0007630752058395225,0.0007630752058395225,0.0,0.0003,0.0003,0.0,-3.0,-3.0,0.0,0.0,0.29571428571428576,28.3,84.41428571428571,5413.218,147,Hopper-v5,2854,Agente_3
723.1827776432037,136,557056,167.50892835096133,171.46770245034963,88.44391779252513,85.08,1413,0.019123546831474023,-3.0,0.99,0.00019352941066503275,0.0007630752058395225,0.0003,-241.67575073242188,1.668285608291626,-601.4164428710938,0.03419219329953194,-3.375757932662964,-3.0,235.13409423828125,357.5271911621094,30.112695693969727,2.103515625,182.29150009155273,1.0,-241.67575073242188,1.668285608291626,-601.4164428710938,0.03419219329953194,-3.375757932662964,-3.0,235.13409423828125,357.5271911621094,30.112695693969727,1413.0,1413.0,0.0,0.019123546831474023,0.019123546831474023,0.0,0.00019352941066503275,0.00019352941066503275,0.0,0.0007630752058395225,0.0007630752058395225,0.0,0.0003,0.0003,0.0,-3.0,-3.0,0.0,0.0,0.31000000000000005,27.557142857142853,84.5,5408.648,148,Hopper-v5,2854,Agente_3
729.093508720398,137,561152,168.1597693145342,171.46770245034963,164.4318650003184,85.1,1413,0.019123546831474023,-3.0,0.99,0.00019352941066503275,0.0007630752058395225,0.0003,-250.46902465820312,1.733201026916504,-598.3568115234375,0.03304227814078331,-3.4099674224853516,-3.0,244.81253051757812,377.7311706542969,-22.32315444946289,2.2983474731445312,188.99134063720703,1.0,-250.46902465820312,1.733201026916504,-598.3568115234375,0.03304227814078331,-3.4099674224853516,-3.0,244.81253051757812,377.7311706542969,-22.32315444946289,1413.0,1413.0,0.0,0.019123546831474023,0.019123546831474023,0.0,0.00019352941066503275,0.00019352941066503275,0.0,0.0007630752058395225,0.0007630752058395225,0.0,0.0003,0.0003,0.0,-3.0,-3.0,0.0,0.0,0.2425,27.525000000000002,84.5,5464.731,149,Hopper-v5,2854,Agente_3
734.2892549037933,138,565248,168.09879501286687,171.42343472904415,164.4318650003184,84.98,1413,0.019123546831474023,-3.0,0.99,0.00019352941066503275,0.0007630752058395225,0.0003,-256.1629333496094,1.584502935409546,-603.6751098632812,0.03197358176112175,-3.442845344543457,-3.0,250.15524291992188,375.3853454589844,-33.06039047241211,1.965118408203125,168.3516960144043,1.0,-256.1629333496094,1.584502935409546,-603.6751098632812,0.03197358176112175,-3.442845344543457,-3.0,250.15524291992188,375.3853454589844,-33.06039047241211,1413.0,1413.0,0.0,0.019123546831474023,0.019123546831474023,0.0,0.00019352941066503275,0.00019352941066503275,0.0,0.0007630752058395225,0.0007630752058395225,0.0,0.0003,0.0003,0.0,-3.0,-3.0,0.0,0.0,0.19428571428571426,25.085714285714285,84.6,5445.481,150,Hopper-v5,2854,Agente_3
739.4538028240204,139,569344,166.94997425567627,170.52652350468162,83.82929618218084,84.56,1413,0.019123546831474023,-3.0,0.99,0.00019352941066503275,0.0007630752058395225,0.0003,-255.5690155029297,1.5198529958724976,-615.9854736328125,0.0309721939265728,-3.474665403366089,-3.0,248.26385498046875,425.3143005371094,12.007429122924805,2.2994766235351562,154.56928253173828,1.0,-255.5690155029297,1.5198529958724976,-615.9854736328125,0.0309721939265728,-3.474665403366089,-3.0,248.26385498046875,425.3143005371094,12.007429122924805,1413.0,1413.0,0.0,0.019123546831474023,0.019123546831474023,0.0,0.00019352941066503275,0.00019352941066503275,0.0,0.0007630752058395225,0.0007630752058395225,0.0,0.0003,0.0003,0.0,-3.0,-3.0,0.0,0.0,0.19857142857142857,25.25714285714286,85.2,5419.921,151,Hopper-v5,2854,Agente_3
744.7175962924957,140,573440,166.82873025180245,170.92125472353456,83.82929618218084,84.47,1413,0.019123546831474023,-3.0,0.99,0.00019352941066503275,0.0007630752058395225,0.0003,-265.1650390625,1.907942295074463,-650.2289428710938,0.030007990077137947,-3.506291627883911,-3.0,259.4879150390625,383.27252197265625,24.605825424194336,2.0761566162109375,195.4021759033203,1.0,-265.1650390625,1.907942295074463,-650.2289428710938,0.030007990077137947,-3.506291627883911,-3.0,259.4879150390625,383.27252197265625,24.605825424194336,1413.0,1413.0,0.0,0.019123546831474023,0.019123546831474023,0.0,0.00019352941066503275,0.00019352941066503275,0.0,0.0007630752058395225,0.0007630752058395225,0.0,0.0003,0.0003,0.0,-3.0,-3.0,0.0,0.0,0.17285714285714285,25.585714285714285,86.12857142857142,5397.765,152,Hopper-v5,2854,Agente_3
750.1563520431519,141,577536,167.42895544660468,170.92125472353456,163.41088439188326,84.8,1413,0.019123546831474023,-3.0,0.99,0.00019352941066503275,0.0007630752058395225,0.0003,-270.57049560546875,1.4393572807312012,-802.265380859375,0.029021451249718666,-3.539720058441162,-3.0,263.15185546875,443.56707763671875,-40.213008880615234,2.3031005859375,159.46902084350586,1.0,-270.57049560546875,1.4393572807312012,-802.265380859375,0.029021451249718666,-3.539720058441162,-3.0,263.15185546875,443.56707763671875,-40.213008880615234,1413.0,1413.0,0.0,0.019123546831474023,0.019123546831474023,0.0,0.00019352941066503275,0.00019352941066503275,0.0,0.0007630752058395225,0.0007630752058395225,0.0,0.0003,0.0003,0.0,-3.0,-3.0,0.0,0.0,0.18875,26.3375,85.0375,5390.944,153,Hopper-v5,2854,Agente_3
755.9027490615845,142,581632,165.48429704984275,170.3211020080918,116.35141756165298,84.51,1413,0.019123546831474023,-3.0,0.99,0.00019352941066503275,0.0007630752058395225,0.0003,-270.4410705566406,1.9398937225341797,-807.0176391601562,0.027984602376818657,-3.5761008262634277,-3.0,263.3077392578125,439.8069763183594,-12.277923583984375,2.7229537963867188,179.08345794677734,1.0,-270.4410705566406,1.9398937225341797,-807.0176391601562,0.027984602376818657,-3.5761008262634277,-3.0,263.3077392578125,439.8069763183594,-12.277923583984375,1413.0,1413.0,0.0,0.019123546831474023,0.019123546831474023,0.0,0.00019352941066503275,0.00019352941066503275,0.0,0.0007630752058395225,0.0007630752058395225,0.0,0.0003,0.0003,0.0,-3.0,-3.0,0.0,0.0,0.18375,30.612499999999997,75.65,5418.794,154,Hopper-v5,2854,Agente_3
698.1920115947723,131,536576,289.3088581211005,348.7942822917691,148.4344277163238,114.12,1430,0.008732659510765805,-3.0,0.99,0.00017499393559948062,0.0006104601646716181,0.0003,-1.9829481840133667,0.1201184019446373,-5.450741291046143,0.07402783632278442,-2.603314161300659,-3.0,2.3814539909362793,9.29738712310791,-11.752425193786621,0.9104591012001038,3.0156229734420776,1.0,-1.9829481840133667,0.1201184019446373,-5.450741291046143,0.07402783632278442,-2.603314161300659,-3.0,2.3814539909362793,9.29738712310791,-11.752425193786621,1430.0,1430.0,0.0,0.008732659510765805,0.008732659510765805,0.0,0.00017499393559948062,0.00017499393559948062,0.0,0.0006104601646716181,0.0006104601646716181,0.0,0.0003,0.0003,0.0,-3.0,-3.0,0.0,0.0,0.22941176470588237,25.2,84.99411764705881,5222.735,155,Hopper-v5,2854,Agente_3
703.3546724319458,132,540672,272.4130782746569,473.7434293296332,148.4344277163238,111.08620689655173,1430,0.008732659510765805,-3.0,0.99,0.00017499393559948062,0.0006104601646716181,0.0003,-3.5201945304870605,0.053780023008584976,-11.019157409667969,0.07100556045770645,-2.6449971199035645,-3.0,3.5386810302734375,12.245513916015625,-12.464637756347656,0.5038147568702698,1.958746314048767,1.0,-3.5201945304870605,0.053780023008584976,-11.019157409667969,0.07100556045770645,-2.6449971199035645,-3.0,3.5386810302734375,12.245513916015625,-12.464637756347656,1430.0,1430.0,0.0,0.008732659510765805,0.008732659510765805,0.0,0.00017499393559948062,0.00017499393559948062,0.0,0.0006104601646716181,0.0006104601646716181,0.0,0.0003,0.0003,0.0,-3.0,-3.0,0.0,0.0,0.2557142857142857,27.414285714285715,88.5,5187.706,156,Hopper-v5,2854,Agente_3
708.4963178634644,133,544768,280.890898346578,473.7434293296332,148.4344277163238,115.34782608695652,1430,0.008732659510765805,-3.0,0.99,0.00017499393559948062,0.0006104601646716181,0.0003,-5.168364524841309,0.049299899488687515,-16.586307525634766,0.06765991449356079,-2.6932613849639893,-3.0,5.025153636932373,16.38798713684082,-6.848690509796143,0.47834813594818115,1.9061936140060425,1.0,-5.168364524841309,0.049299899488687515,-16.586307525634766,0.06765991449356079,-2.6932613849639893,-3.0,5.025153636932373,16.38798713684082,-6.848690509796143,1430.0,1430.0,0.0,0.008732659510765805,0.008732659510765805,0.0,0.00017499393559948062,0.00017499393559948062,0.0,0.0006104601646716181,0.0006104601646716181,0.0,0.0003,0.0003,0.0,-3.0,-3.0,0.0,0.0,0.26375000000000004,27.475,88.36250000000001,5168.431,157,Hopper-v5,2854,Agente_3
713.7199165821075,134,548864,299.05219137105166,473.7434293296332,156.29905003228066,120.8,1430,0.008732659510765805,-3.0,0.99,0.00017499393559948062,0.0006104601646716181,0.0003,-6.831932544708252,0.059705860912799835,-17.57146644592285,0.06438358873128891,-2.742896556854248,-3.0,6.6881914138793945,23.271148681640625,-2.823915481567383,0.4349508285522461,2.1944552659988403,1.0,-6.831932544708252,0.059705860912799835,-17.57146644592285,0.06438358873128891,-2.742896556854248,-3.0,6.6881914138793945,23.271148681640625,-2.823915481567383,1430.0,1430.0,0.0,0.008732659510765805,0.008732659510765805,0.0,0.00017499393559948062,0.00017499393559948062,0.0,0.0006104601646716181,0.0006104601646716181,0.0,0.0003,0.0003,0.0,-3.0,-3.0,0.0,0.0,0.1842857142857143,28.400000000000002,88.32857142857144,5179.524,158,Hopper-v5,2854,Agente_3
719.0852708816528,135,552960,327.4125574691307,485.0250995464232,135.36284915990248,128.18,1430,0.008732659510765805,-3.0,0.99,0.00017499393559948062,0.0006104601646716181,0.0003,-8.388258934020996,0.054195597767829895,-22.160186767578125,0.061297424137592316,-2.7920174598693848,-3.0,8.075834274291992,27.853958129882812,-4.417229652404785,0.40946006774902344,1.7223931550979614,1.0,-8.388258934020996,0.054195597767829895,-22.160186767578125,0.061297424137592316,-2.7920174598693848,-3.0,8.075834274291992,27.853958129882812,-4.417229652404785,1430.0,1430.0,0.0,0.008732659510765805,0.008732659510765805,0.0,0.00017499393559948062,0.00017499393559948062,0.0,0.0006104601646716181,0.0006104601646716181,0.0,0.0003,0.0003,0.0,-3.0,-3.0,0.0,0.0,0.21571428571428572,28.071428571428573,88.28571428571426,5214.336,159,Hopper-v5,2854,Agente_3
724.5326435565948,136,557056,333.3761937695648,498.4585499587003,135.36284915990248,128.49,1430,0.008732659510765805,-3.0,0.99,0.00017499393559948062,0.0006104601646716181,0.0003,-10.105567932128906,0.06434804946184158,-23.522233963012695,0.05831749737262726,-2.841853141784668,-3.0,9.6731595993042,35.6796760559082,-5.091557502746582,0.4007757902145386,2.3414220809936523,1.0,-10.105567932128906,0.06434804946184158,-23.522233963012695,0.05831749737262726,-2.841853141784668,-3.0,9.6731595993042,35.6796760559082,-5.091557502746582,1430.0,1430.0,0.0,0.008732659510765805,0.008732659510765805,0.0,0.00017499393559948062,0.00017499393559948062,0.0,0.0006104601646716181,0.0006104601646716181,0.0,0.0003,0.0003,0.0,-3.0,-3.0,0.0,0.0,0.20875,27.725,88.2125,5250.899,160,Hopper-v5,2854,Agente_3
730.1060690879822,137,561152,197.87538622707063,580.0394807716241,22.86432972009758,89.79,1430,0.008732659510765805,-3.0,0.99,0.00017499393559948062,0.0006104601646716181,0.0003,-15.190022468566895,0.1813182532787323,-124.13239288330078,0.05352841317653656,-2.9275426864624023,-3.0,13.284392356872559,49.22806930541992,-3.0243968963623047,1.0072875022888184,3.3762975931167603,1.0,-15.190022468566895,0.1813182532787323,-124.13239288330078,0.05352841317653656,-2.9275426864624023,-3.0,13.284392356872559,49.22806930541992,-3.0243968963623047,1430.0,1430.0,0.0,0.008732659510765805,0.008732659510765805,0.0,0.00017499393559948062,0.00017499393559948062,0.0,0.0006104601646716181,0.0006104601646716181,0.0,0.0003,0.0003,0.0,-3.0,-3.0,0.0,0.0,0.2642857142857143,27.942857142857143,88.34285714285714,5295.559,161,Hopper-v5,2854,Agente_3
735.394125699997,138,565248,12.58102608098452,76.54949327156866,0.32918705859023056,22.543147208121827,1430,0.008732659510765805,-3.0,0.99,0.00017499393559948062,0.0006104601646716181,0.0003,-20.468006134033203,0.11089012026786804,-216.40724182128906,0.048260606825351715,-3.031139612197876,-3.0,17.300338745117188,50.87624740600586,-5.902094841003418,0.661959171295166,2.5480996966362,1.0,-20.468006134033203,0.11089012026786804,-216.40724182128906,0.048260606825351715,-3.031139612197876,-3.0,17.300338745117188,50.87624740600586,-5.902094841003418,1430.0,1430.0,0.0,0.008732659510765805,0.008732659510765805,0.0,0.00017499393559948062,0.00017499393559948062,0.0,0.0006104601646716181,0.0006104601646716181,0.0,0.0003,0.0003,0.0,-3.0,-3.0,0.0,0.0,0.2871428571428571,27.114285714285717,88.38571428571429,5292.967,162,Hopper-v5,2854,Agente_3
740.4959790706635,139,569344,2.2792380057863117,4.402541915066928,-0.8493899083783643,12.265486725663717,1430,0.008732659510765805,-3.0,0.99,0.00017499393559948062,0.0006104601646716181,0.0003,-24.578079223632812,0.09980767965316772,-278.3200988769531,0.04442939907312393,-3.113853931427002,-3.0,21.121681213378906,53.73360061645508,0.5073493123054504,0.47340816259384155,1.755378007888794,1.0,-24.578079223632812,0.09980767965316772,-278.3200988769531,0.04442939907312393,-3.113853931427002,-3.0,21.121681213378906,53.73360061645508,0.5073493123054504,1430.0,1430.0,0.0,0.008732659510765805,0.008732659510765805,0.0,0.00017499393559948062,0.00017499393559948062,0.0,0.0006104601646716181,0.0006104601646716181,0.0,0.0003,0.0003,0.0,-3.0,-3.0,0.0,0.0,0.19,25.55,88.8,5270.418,163,Hopper-v5,2854,Agente_3
745.6632273197174,140,573440,0.18398246923593656,3.38438109673125,-3.6147287947831686,14.566787003610107,1430,0.008732659510765805,-3.0,0.99,0.00017499393559948062,0.0006104601646716181,0.0003,-26.541587829589844,0.13378922641277313,-283.2492370605469,0.0416291244328022,-3.178955316543579,-3.0,23.254302978515625,59.96812438964844,-11.670742988586426,0.47806859016418457,7.108092308044434,1.0,-26.541587829589844,0.13378922641277313,-283.2492370605469,0.0416291244328022,-3.178955316543579,-3.0,23.254302978515625,59.96812438964844,-11.670742988586426,1430.0,1430.0,0.0,0.008732659510765805,0.008732659510765805,0.0,0.00017499393559948062,0.00017499393559948062,0.0,0.0006104601646716181,0.0006104601646716181,0.0,0.0003,0.0003,0.0,-3.0,-3.0,0.0,0.0,0.24428571428571427,26.314285714285717,89.65714285714286,5258.908,164,Hopper-v5,2854,Agente_3
750.5746455192566,141,577536,-1.8226937790017708,3.430019599516754,-3.7000933679884156,17.617391304347827,1430,0.008732659510765805,-3.0,0.99,0.00017499393559948062,0.0006104601646716181,0.0003,-29.202701568603516,0.21408623456954956,-287.6505126953125,0.03947210684418678,-3.232161045074463,-3.0,26.26697540283203,59.121551513671875,-3.0051109790802,0.4867568016052246,25.298960208892822,1.0,-29.202701568603516,0.21408623456954956,-287.6505126953125,0.03947210684418678,-3.232161045074463,-3.0,26.26697540283203,59.121551513671875,-3.0051109790802,1430.0,1430.0,0.0,0.008732659510765805,0.008732659510765805,0.0,0.00017499393559948062,0.00017499393559948062,0.0,0.0006104601646716181,0.0006104601646716181,0.0,0.0003,0.0003,0.0,-3.0,-3.0,0.0,0.0,0.15857142857142859,21.799999999999994,90.27142857142857,5226.705,165,Hopper-v5,2854,Agente_3
756.2007496356964,142,581632,-2.115982206241479,3.3968650476012594,-3.745706956694276,18.154867256637168,1430,0.008732659510765805,-3.0,0.99,0.00017499393559948062,0.0006104601646716181,0.0003,-30.497879028320312,0.1375894397497177,-291.0792236328125,0.03767921403050423,-3.27864670753479,-3.0,27.67807960510254,54.17412185668945,-4.222937107086182,0.44919347763061523,3.1180827617645264,1.0,-30.497879028320312,0.1375894397497177,-291.0792236328125,0.03767921403050423,-3.27864670753479,-3.0,27.67807960510254,54.17412185668945,-4.222937107086182,1430.0,1430.0,0.0,0.008732659510765805,0.008732659510765805,0.0,0.00017499393559948062,0.00017499393559948062,0.0,0.0006104601646716181,0.0006104601646716181,0.0,0.0003,0.0003,0.0,-3.0,-3.0,0.0,0.0,0.12363636363636363,22.672727272727272,81.57272727272726,5272.736,166,Hopper-v5,2854,Agente_3
761.4758312702179,143,585728,-1.774582521259835,3.448330592226765,-3.650471788624907,17.527659574468085,1430,0.008732659510765805,-3.0,0.99,0.00017499393559948062,0.0006104601646716181,0.0003,-32.96006393432617,0.18901905417442322,-294.83038330078125,0.036124564707279205,-3.32078218460083,-3.0,30.3651180267334,64.8244400024414,-1.5998833179473877,0.45162224769592285,18.898733139038086,1.0,-32.96006393432617,0.18901905417442322,-294.83038330078125,0.036124564707279205,-3.32078218460083,-3.0,30.3651180267334,64.8244400024414,-1.5998833179473877,1430.0,1430.0,0.0,0.008732659510765805,0.008732659510765805,0.0,0.00017499393559948062,0.00017499393559948062,0.0,0.0006104601646716181,0.0006104601646716181,0.0,0.0003,0.0003,0.0,-3.0,-3.0,0.0,0.0,0.28125,25.775,79.9875,5285.56,167,Hopper-v5,2854,Agente_3
766.7997529506683,144,589824,-2.551060595376939,3.3296656099022712,-3.8543267813811677,18.800925925925927,1430,0.008732659510765805,-3.0,0.99,0.00017499393559948062,0.0006104601646716181,0.0003,-35.00882339477539,0.21797670423984528,-296.4121398925781,0.03474258631467819,-3.3597891330718994,-3.0,32.34489440917969,70.57167053222656,-1.3570358753204346,0.5652262568473816,13.24742865562439,1.0,-35.00882339477539,0.21797670423984528,-296.4121398925781,0.03474258631467819,-3.3597891330718994,-3.0,32.34489440917969,70.57167053222656,-1.3570358753204346,1430.0,1430.0,0.0,0.008732659510765805,0.008732659510765805,0.0,0.00017499393559948062,0.00017499393559948062,0.0,0.0006104601646716181,0.0006104601646716181,0.0,0.0003,0.0003,0.0,-3.0,-3.0,0.0,0.0,0.17142857142857146,25.957142857142856,86.62857142857142,5295.147,168,Hopper-v5,2854,Agente_3
772.1569013595581,145,593920,-2.9881201195937193,-2.3198994837883897,-3.7156935583260116,19.504761904761907,1430,0.008732659510765805,-3.0,0.99,0.00017499393559948062,0.0006104601646716181,0.0003,-38.996368408203125,0.18594057857990265,-299.4944152832031,0.03349168971180916,-3.3964579105377197,-3.0,36.338348388671875,69.21270751953125,-0.36299929022789,0.5220680236816406,3.6796603202819824,1.0,-38.996368408203125,0.18594057857990265,-299.4944152832031,0.03349168971180916,-3.3964579105377197,-3.0,36.338348388671875,69.21270751953125,-0.36299929022789,1430.0,1430.0,0.0,0.008732659510765805,0.008732659510765805,0.0,0.00017499393559948062,0.00017499393559948062,0.0,0.0006104601646716181,0.0006104601646716181,0.0,0.0003,0.0003,0.0,-3.0,-3.0,0.0,0.0,0.24571428571428572,27.642857142857142,88.39999999999999,5294.161,169,Hopper-v5,2854,Agente_3
777.6306827068329,146,598016,-2.9751218877851677,-2.2754830101875645,-3.614602024926908,19.497607655502392,1430,0.008732659510765805,-3.0,0.99,0.00017499393559948062,0.0006104601646716181,0.0003,-38.9793586730957,0.2522101402282715,-300.8338623046875,0.032344140112400055,-3.4313223361968994,-3.0,36.75871276855469,72.24240112304688,-1.8198329210281372,0.561253547668457,30.34881591796875,1.0,-38.9793586730957,0.2522101402282715,-300.8338623046875,0.032344140112400055,-3.4313223361968994,-3.0,36.75871276855469,72.24240112304688,-1.8198329210281372,1430.0,1430.0,0.0,0.008732659510765805,0.008732659510765805,0.0,0.00017499393559948062,0.00017499393559948062,0.0,0.0006104601646716181,0.0006104601646716181,0.0,0.0003,0.0003,0.0,-3.0,-3.0,0.0,0.0,0.315,27.9125,88.35,5296.776,170,Hopper-v5,2854,Agente_3
782.871598482132,147,602112,-2.9870754073505843,-2.3045043261695555,-3.6805416593461535,19.511848341232227,1430,0.008732659510765805,-3.0,0.99,0.00017499393559948062,0.0006104601646716181,0.0003,-40.06263732910156,0.2425161898136139,-304.1663818359375,0.03128110617399216,-3.4647409915924072,-3.0,37.861488342285156,78.66557312011719,-2.886056900024414,0.4891347885131836,26.285158157348633,1.0,-40.06263732910156,0.2425161898136139,-304.1663818359375,0.03128110617399216,-3.4647409915924072,-3.0,37.861488342285156,78.66557312011719,-2.886056900024414,1430.0,1430.0,0.0,0.008732659510765805,0.008732659510765805,0.0,0.00017499393559948062,0.00017499393559948062,0.0,0.0006104601646716181,0.0006104601646716181,0.0,0.0003,0.0003,0.0,-3.0,-3.0,0.0,0.0,0.24857142857142858,27.228571428571428,88.17142857142858,5262.909,171,Hopper-v5,2854,Agente_3
788.1983931064606,148,606208,-3.0259950338047954,-2.2238583229173674,-3.6864725571730457,19.601895734597157,1430,0.008732659510765805,-3.0,0.99,0.00017499393559948062,0.0006104601646716181,0.0003,-43.659061431884766,0.4051634967327118,-304.5755615234375,0.03028835915029049,-3.4969918727874756,-3.0,41.62888717651367,80.57685089111328,-3.6081995964050293,0.607701301574707,46.19716167449951,1.0,-43.659061431884766,0.4051634967327118,-304.5755615234375,0.03028835915029049,-3.4969918727874756,-3.0,41.62888717651367,80.57685089111328,-3.6081995964050293,1430.0,1430.0,0.0,0.008732659510765805,0.008732659510765805,0.0,0.00017499393559948062,0.00017499393559948062,0.0,0.0006104601646716181,0.0006104601646716181,0.0,0.0003,0.0003,0.0,-3.0,-3.0,0.0,0.0,0.23571428571428574,27.87142857142857,88.22857142857143,5266.817,172,Hopper-v5,2854,Agente_3
793.7115542888641,149,610304,-3.0213048018869584,-2.3354978978749505,-3.7726162656526405,19.480582524271846,1430,0.008732659510765805,-3.0,0.99,0.00017499393559948062,0.0006104601646716181,0.0003,-42.586769104003906,0.21804776787757874,-309.81927490234375,0.02935616858303547,-3.528252601623535,-3.0,40.57313537597656,89.75953674316406,-3.8017144203186035,0.5317153930664062,7.656276702880859,1.0,-42.586769104003906,0.21804776787757874,-309.81927490234375,0.02935616858303547,-3.528252601623535,-3.0,40.57313537597656,89.75953674316406,-3.8017144203186035,1430.0,1430.0,0.0,0.008732659510765805,0.008732659510765805,0.0,0.00017499393559948062,0.00017499393559948062,0.0,0.0006104601646716181,0.0006104601646716181,0.0,0.0003,0.0003,0.0,-3.0,-3.0,0.0,0.0,0.28500000000000003,27.1,88.2125,5308.006,173,Hopper-v5,2854,Agente_3
799.0154850482941,150,614400,-2.9926927645427712,-2.3434232553541845,-3.7008423998641233,19.53271028037383,1430,0.008732659510765805,-3.0,0.99,0.00017499393559948062,0.0006104601646716181,0.0003,-44.03204345703125,0.2721744179725647,-311.5531311035156,0.02847558632493019,-3.5587081909179688,-3.0,42.18195343017578,91.48170471191406,-1.298538088798523,0.6709356307983398,15.09867238998413,1.0,-44.03204345703125,0.2721744179725647,-311.5531311035156,0.02847558632493019,-3.5587081909179688,-3.0,42.18195343017578,91.48170471191406,-1.298538088798523,1430.0,1430.0,0.0,0.008732659510765805,0.008732659510765805,0.0,0.00017499393559948062,0.00017499393559948062,0.0,0.0006104601646716181,0.0006104601646716181,0.0,0.0003,0.0003,0.0,-3.0,-3.0,0.0,0.0,0.21857142857142858,27.4,88.17142857142858,5321.656,174,Hopper-v5,2854,Agente_3
804.2981703281403,151,618496,-2.982104421295431,2.885777495260856,-3.6312728487978223,19.570048309178745,1430,0.008732659510765805,-3.0,0.99,0.00017499393559948062,0.0006104601646716181,0.0003,-44.639862060546875,0.3897349238395691,-314.6264343261719,0.027640029788017273,-3.5884902477264404,-3.0,42.8614501953125,94.03242492675781,-2.8388218879699707,0.529064804315567,53.85658931732178,1.0,-44.639862060546875,0.3897349238395691,-314.6264343261719,0.027640029788017273,-3.5884902477264404,-3.0,42.8614501953125,94.03242492675781,-2.8388218879699707,1430.0,1430.0,0.0,0.008732659510765805,0.008732659510765805,0.0,0.00017499393559948062,0.00017499393559948062,0.0,0.0006104601646716181,0.0006104601646716181,0.0,0.0003,0.0003,0.0,-3.0,-3.0,0.0,0.0,0.26875000000000004,28.262500000000003,88.2125,5358.564,175,Hopper-v5,2854,Agente_3
810.3648719787598,152,622592,-2.9486587591736453,3.1958183387770753,-3.7365054988425532,19.564593301435405,1430,0.008732659510765805,-3.0,0.99,0.00017499393559948062,0.0006104601646716181,0.0003,-45.00725173950195,0.36286619305610657,-316.9636535644531,0.026844551786780357,-3.617692470550537,-3.0,43.22833251953125,101.26036071777344,-4.174010753631592,0.4621734619140625,54.29176712036133,1.0,-45.00725173950195,0.36286619305610657,-316.9636535644531,0.026844551786780357,-3.617692470550537,-3.0,43.22833251953125,101.26036071777344,-4.174010753631592,1430.0,1430.0,0.0,0.008732659510765805,0.008732659510765805,0.0,0.00017499393559948062,0.00017499393559948062,0.0,0.0006104601646716181,0.0006104601646716181,0.0,0.0003,0.0003,0.0,-3.0,-3.0,0.0,0.0,0.1975,24.9125,88.16250000000001,5402.523,176,Hopper-v5,2854,Agente_3
815.6860582828522,153,626688,-2.9742106639231016,2.5447578530093393,-3.635383061117114,19.903381642512077,1430,0.008732659510765805,-3.0,0.99,0.00017499393559948062,0.0006104601646716181,0.0003,-47.92491912841797,0.42256176471710205,-318.10302734375,0.02608722262084484,-3.6463096141815186,-3.0,46.24224090576172,102.7374496459961,-6.9947919845581055,0.6009306907653809,57.994452476501465,1.0,-47.92491912841797,0.42256176471710205,-318.10302734375,0.02608722262084484,-3.6463096141815186,-3.0,46.24224090576172,102.7374496459961,-6.9947919845581055,1430.0,1430.0,0.0,0.008732659510765805,0.008732659510765805,0.0,0.00017499393559948062,0.00017499393559948062,0.0,0.0006104601646716181,0.0006104601646716181,0.0,0.0003,0.0003,0.0,-3.0,-3.0,0.0,0.0,0.2714285714285714,27.900000000000006,88.2,5407.138,177,Hopper-v5,2854,Agente_3
821.0795247554779,154,630784,-3.002903656703358,3.0934839037600734,-3.7794709628379497,19.966019417475728,1430,0.008732659510765805,-3.0,0.99,0.00017499393559948062,0.0006104601646716181,0.0003,-51.14558792114258,0.33761855959892273,-321.17645263671875,0.02536403201520443,-3.6744232177734375,-3.0,49.503787994384766,110.15780639648438,-5.1394548416137695,0.6201505661010742,62.70318412780762,1.0,-51.14558792114258,0.33761855959892273,-321.17645263671875,0.02536403201520443,-3.6744232177734375,-3.0,49.503787994384766,110.15780639648438,-5.1394548416137695,1430.0,1430.0,0.0,0.008732659510765805,0.008732659510765805,0.0,0.00017499393559948062,0.00017499393559948062,0.0,0.0006104601646716181,0.0006104601646716181,0.0,0.0003,0.0003,0.0,-3.0,-3.0,0.0,0.0,0.26375,27.825,88.3375,5414.326,178,Hopper-v5,2854,Agente_3
826.3261125087738,155,634880,-2.9205316231855574,2.180153387923566,-3.650713258988314,19.5873786407767,1430,0.008732659510765805,-3.0,0.99,0.00017499393559948062,0.0006104601646716181,0.0003,-50.11028289794922,0.3234197497367859,-324.4418029785156,0.024670543149113655,-3.7021453380584717,-3.0,48.51177978515625,105.69478607177734,-1.9786421060562134,0.6335773468017578,66.14397430419922,1.0,-50.11028289794922,0.3234197497367859,-324.4418029785156,0.024670543149113655,-3.7021453380584717,-3.0,48.51177978515625,105.69478607177734,-1.9786421060562134,1430.0,1430.0,0.0,0.008732659510765805,0.008732659510765805,0.0,0.00017499393559948062,0.00017499393559948062,0.0,0.0006104601646716181,0.0006104601646716181,0.0,0.0003,0.0003,0.0,-3.0,-3.0,0.0,0.0,0.17714285714285713,25.7,88.9,5403.516,179,Hopper-v5,2854,Agente_3
831.5334768295288,156,638976,-2.9323498111494493,-2.165089578368192,-3.6536579527524453,19.518691588785046,1430,0.008732659510765805,-3.0,0.99,0.00017499393559948062,0.0006104601646716181,0.0003,-45.182884216308594,0.148286372423172,-325.88763427734375,0.024005286395549774,-3.7294812202453613,-3.0,43.70745086669922,112.0316390991211,-2.460110664367676,0.5147438049316406,5.643944978713989,1.0,-45.182884216308594,0.148286372423172,-325.88763427734375,0.024005286395549774,-3.7294812202453613,-3.0,43.70745086669922,112.0316390991211,-2.460110664367676,1430.0,1430.0,0.0,0.008732659510765805,0.008732659510765805,0.0,0.00017499393559948062,0.00017499393559948062,0.0,0.0006104601646716181,0.0006104601646716181,0.0,0.0003,0.0003,0.0,-3.0,-3.0,0.0,0.0,0.24,26.071428571428573,89.7,5376.987,180,Hopper-v5,2854,Agente_3
836.6718010902405,157,643072,-2.90489466100351,-2.137796122110504,-3.6038635842099636,19.408653846153847,1430,0.008732659510765805,-3.0,0.99,0.00017499393559948062,0.0006104601646716181,0.0003,-52.263084411621094,0.2994788885116577,-326.97662353515625,0.023365676403045654,-3.7564871311187744,-3.0,50.633819580078125,117.09806060791016,-3.095392942428589,0.6821593344211578,65.27445983886719,1.0,-52.263084411621094,0.2994788885116577,-326.97662353515625,0.023365676403045654,-3.7564871311187744,-3.0,50.633819580078125,117.09806060791016,-3.095392942428589,1430.0,1430.0,0.0,0.008732659510765805,0.008732659510765805,0.0,0.00017499393559948062,0.00017499393559948062,0.0,0.0006104601646716181,0.0006104601646716181,0.0,0.0003,0.0003,0.0,-3.0,-3.0,0.0,0.0,0.18857142857142858,26.32857142857143,90.15714285714284,5367.235,181,Hopper-v5,2854,Agente_3
841.9981899261475,158,647168,-2.438095883126446,2.305250051572613,-3.6209862355249065,18.635135135135137,1430,0.008732659510765805,-3.0,0.99,0.00017499393559948062,0.0006104601646716181,0.0003,-52.164424896240234,0.2013740837574005,-328.9912109375,0.022749628871679306,-3.7832064628601074,-3.0,50.83214569091797,121.24372100830078,-1.9263410568237305,0.6981277465820312,16.57565212249756,1.0,-52.164424896240234,0.2013740837574005,-328.9912109375,0.022749628871679306,-3.7832064628601074,-3.0,50.83214569091797,121.24372100830078,-1.9263410568237305,1430.0,1430.0,0.0,0.008732659510765805,0.008732659510765805,0.0,0.00017499393559948062,0.00017499393559948062,0.0,0.0006104601646716181,0.0006104601646716181,0.0,0.0003,0.0003,0.0,-3.0,-3.0,0.0,0.0,0.18142857142857144,26.24285714285714,89.5,5367.299,182,Hopper-v5,2854,Agente_3
847.3954937458038,159,651264,-2.1242804073517747,2.3067470160106334,-3.6660500769773487,18.123348017621144,1430,0.008732659510765805,-3.0,0.99,0.00017499393559948062,0.0006104601646716181,0.0003,-50.821617126464844,0.23459942638874054,-330.63751220703125,0.022155072540044785,-3.8096888065338135,-3.0,49.39154815673828,128.4946746826172,-2.750494956970215,0.6046361923217773,48.16151523590088,1.0,-50.821617126464844,0.23459942638874054,-330.63751220703125,0.022155072540044785,-3.8096888065338135,-3.0,49.39154815673828,128.4946746826172,-2.750494956970215,1430.0,1430.0,0.0,0.008732659510765805,0.008732659510765805,0.0,0.00017499393559948062,0.00017499393559948062,0.0,0.0006104601646716181,0.0006104601646716181,0.0,0.0003,0.0003,0.0,-3.0,-3.0,0.0,0.0,0.17857142857142858,26.2,88.7857142857143,5355.679,183,Hopper-v5,2854,Agente_3
852.7230579853058,160,655360,-2.6920006799285234,2.1819646381745885,-3.551998601275594,18.748858447488583,1430,0.008732659510765805,-3.0,0.99,0.00017499393559948062,0.0006104601646716181,0.0003,-51.57412338256836,0.2699474096298218,-334.04815673828125,0.021582137793302536,-3.8358893394470215,-3.0,49.998775482177734,125.38922882080078,-3.896973133087158,0.801285982131958,68.37877655029297,1.0,-51.57412338256836,0.2699474096298218,-334.04815673828125,0.021582137793302536,-3.8358893394470215,-3.0,49.998775482177734,125.38922882080078,-3.896973133087158,1430.0,1430.0,0.0,0.008732659510765805,0.008732659510765805,0.0,0.00017499393559948062,0.00017499393559948062,0.0,0.0006104601646716181,0.0006104601646716181,0.0,0.0003,0.0003,0.0,-3.0,-3.0,0.0,0.0,0.26,27.725,88.5375,5357.914,184,Hopper-v5,2854,Agente_3
857.968347787857,161,659456,-2.3107976184246266,2.1260002590060347,-3.673334297539403,18.12,1430,0.008732659510765805,-3.0,0.99,0.00017499393559948062,0.0006104601646716181,0.0003,-52.42732620239258,0.2662174105644226,-337.4179992675781,0.02102658338844776,-3.8619678020477295,-3.0,50.96928405761719,119.87430572509766,-1.8340625762939453,0.6966018676757812,63.486937522888184,1.0,-52.42732620239258,0.2662174105644226,-337.4179992675781,0.02102658338844776,-3.8619678020477295,-3.0,50.96928405761719,119.87430572509766,-1.8340625762939453,1430.0,1430.0,0.0,0.008732659510765805,0.008732659510765805,0.0,0.00017499393559948062,0.00017499393559948062,0.0,0.0006104601646716181,0.0006104601646716181,0.0,0.0003,0.0003,0.0,-3.0,-3.0,0.0,0.0,0.22999999999999998,27.728571428571428,88.5,5353.672,185,Hopper-v5,2854,Agente_3
863.2877526283264,162,663552,-2.448615466123508,2.717290522080888,-3.797114029566864,18.260089686098656,1430,0.008732659510765805,-3.0,0.99,0.00017499393559948062,0.0006104601646716181,0.0003,-53.03653335571289,0.21481245756149292,-339.39532470703125,0.020488832145929337,-3.8878753185272217,-3.0,51.97966766357422,128.7754364013672,-7.1925153732299805,0.6815800666809082,13.181897640228271,1.0,-53.03653335571289,0.21481245756149292,-339.39532470703125,0.020488832145929337,-3.8878753185272217,-3.0,51.97966766357422,128.7754364013672,-7.1925153732299805,1430.0,1430.0,0.0,0.008732659510765805,0.008732659510765805,0.0,0.00017499393559948062,0.00017499393559948062,0.0,0.0006104601646716181,0.0006104601646716181,0.0,0.0003,0.0003,0.0,-3.0,-3.0,0.0,0.0,0.21428571428571427,26.599999999999998,88.71428571428571,5279.133,186,Hopper-v5,2854,Agente_3
868.6015968322754,163,667648,-2.377645893271477,2.761551420988277,-3.7387780099521413,17.476394849785407,1430,0.008732659510765805,-3.0,0.99,0.00017499393559948062,0.0006104601646716181,0.0003,-51.31536865234375,0.31803691387176514,-338.1918640136719,0.01996782422065735,-3.913633108139038,-3.0,50.56745147705078,135.85220336914062,-5.084441661834717,0.7548198699951172,76.01458358764648,1.0,-51.31536865234375,0.31803691387176514,-338.1918640136719,0.01996782422065735,-3.913633108139038,-3.0,50.56745147705078,135.85220336914062,-5.084441661834717,1430.0,1430.0,0.0,0.008732659510765805,0.008732659510765805,0.0,0.00017499393559948062,0.00017499393559948062,0.0,0.0006104601646716181,0.0006104601646716181,0.0,0.0003,0.0003,0.0,-3.0,-3.0,0.0,0.0,0.2,26.512500000000003,89.35,5278.867,187,Hopper-v5,2854,Agente_3
873.7783505916595,164,671744,-2.769149235695194,-1.5196748230447428,-3.847673928363485,17.951541850220263,1430,0.008732659510765805,-3.0,0.99,0.00017499393559948062,0.0006104601646716181,0.0003,-53.949195861816406,0.32191193103790283,-340.5755615234375,0.01946306601166725,-3.939236640930176,-3.0,53.031028747558594,130.89013671875,-7.669156551361084,0.6975247263908386,77.58773994445801,1.0,-53.949195861816406,0.32191193103790283,-340.5755615234375,0.01946306601166725,-3.939236640930176,-3.0,53.031028747558594,130.89013671875,-7.669156551361084,1430.0,1430.0,0.0,0.008732659510765805,0.008732659510765805,0.0,0.00017499393559948062,0.00017499393559948062,0.0,0.0006104601646716181,0.0006104601646716181,0.0,0.0003,0.0003,0.0,-3.0,-3.0,0.0,0.0,0.21428571428571427,25.62857142857143,90.11428571428571,5257.151,188,Hopper-v5,2854,Agente_3
879.0334994792938,165,675840,-2.184702850901495,2.8066498722950097,-3.5003046887712594,18.048034934497817,1430,0.008732659510765805,-3.0,0.99,0.00017499393559948062,0.0006104601646716181,0.0003,-53.322750091552734,0.2811667025089264,-345.1038818359375,0.018975786864757538,-3.9645915031433105,-3.0,52.05595397949219,142.74960327148438,-8.834543228149414,0.6308803558349609,19.879384994506836,1.0,-53.322750091552734,0.2811667025089264,-345.1038818359375,0.018975786864757538,-3.9645915031433105,-3.0,52.05595397949219,142.74960327148438,-8.834543228149414,1430.0,1430.0,0.0,0.008732659510765805,0.008732659510765805,0.0,0.00017499393559948062,0.00017499393559948062,0.0,0.0006104601646716181,0.0006104601646716181,0.0,0.0003,0.0003,0.0,-3.0,-3.0,0.0,0.0,0.18375,24.1,89.73750000000001,5257.747,189,Hopper-v5,2854,Agente_3
884.4391317367554,166,679936,0.1853238820230721,2.9422296550887728,-3.2870674275345912,14.890070921985815,1430,0.008732659510765805,-3.0,0.99,0.00017499393559948062,0.0006104601646716181,0.0003,-48.909271240234375,0.19257113337516785,-347.26605224609375,0.018503565341234207,-3.9897918701171875,-3.0,48.02376937866211,137.46856689453125,-5.223232746124268,0.8156867027282715,6.6979252099990845,1.0,-48.909271240234375,0.19257113337516785,-347.26605224609375,0.018503565341234207,-3.9897918701171875,-3.0,48.02376937866211,137.46856689453125,-5.223232746124268,1430.0,1430.0,0.0,0.008732659510765805,0.008732659510765805,0.0,0.00017499393559948062,0.00017499393559948062,0.0,0.0006104601646716181,0.0006104601646716181,0.0,0.0003,0.0003,0.0,-3.0,-3.0,0.0,0.0,0.2971428571428571,28.099999999999998,88.51428571428572,5277.708,190,Hopper-v5,2854,Agente_3
889.848717212677,167,684032,0.03332987474417455,2.3475321425379905,-3.2437377788213086,14.262237762237762,1430,0.008732659510765805,-3.0,0.99,0.00017499393559948062,0.0006104601646716181,0.0003,-52.69434356689453,0.2460196316242218,-348.34869384765625,0.018044402822852135,-4.014919757843018,-3.0,51.52191162109375,137.21484375,-3.428642749786377,0.7867469787597656,12.305551528930664,1.0,-52.69434356689453,0.2460196316242218,-348.34869384765625,0.018044402822852135,-4.014919757843018,-3.0,51.52191162109375,137.21484375,-3.428642749786377,1430.0,1430.0,0.0,0.008732659510765805,0.008732659510765805,0.0,0.00017499393559948062,0.00017499393559948062,0.0,0.0006104601646716181,0.0006104601646716181,0.0,0.0003,0.0003,0.0,-3.0,-3.0,0.0,0.0,0.30125,27.725,88.42500000000001,5304.623,191,Hopper-v5,2854,Agente_3
895.2019386291504,168,688128,-0.4234492418619321,0.3634759934752845,-1.7511189668769236,11.11229946524064,1430,0.008732659510765805,-3.0,0.99,0.00017499393559948062,0.0006104601646716181,0.0003,-49.67169189453125,0.1967012733221054,-349.7310791015625,0.01759875752031803,-4.039927005767822,-3.0,48.65401840209961,142.588623046875,-1.846540093421936,0.7726984024047852,11.404894351959229,1.0,-49.67169189453125,0.1967012733221054,-349.7310791015625,0.01759875752031803,-4.039927005767822,-3.0,48.65401840209961,142.588623046875,-1.846540093421936,1430.0,1430.0,0.0,0.008732659510765805,0.008732659510765805,0.0,0.00017499393559948062,0.00017499393559948062,0.0,0.0006104601646716181,0.0006104601646716181,0.0,0.0003,0.0003,0.0,-3.0,-3.0,0.0,0.0,0.20428571428571426,27.142857142857142,88.41428571428571,5307.384,192,Hopper-v5,2854,Agente_3
900.5837500095367,169,692224,-0.3325109862525976,0.3343624878503486,-0.9985495318172759,10.111386138613861,1430,0.008732659510765805,-3.0,0.99,0.00017499393559948062,0.0006104601646716181,0.0003,-47.37525177001953,0.2608807682991028,-351.9977722167969,0.01716752164065838,-4.0647358894348145,-3.0,46.606163024902344,137.31736755371094,-1.9866105318069458,0.7394218444824219,15.674098491668701,1.0,-47.37525177001953,0.2608807682991028,-351.9977722167969,0.01716752164065838,-4.0647358894348145,-3.0,46.606163024902344,137.31736755371094,-1.9866105318069458,1430.0,1430.0,0.0,0.008732659510765805,0.008732659510765805,0.0,0.00017499393559948062,0.00017499393559948062,0.0,0.0006104601646716181,0.0006104601646716181,0.0,0.0003,0.0003,0.0,-3.0,-3.0,0.0,0.0,0.2942857142857143,27.928571428571427,88.45714285714284,5305.281,193,Hopper-v5,2854,Agente_3
905.8732578754425,170,696320,61.93011344318186,170.7175728622811,5.75738399277997,39.395833333333336,904,0.02,-3.0,0.99,1.588102099720354e-05,0.00041002473890199904,0.0003,-16.027175903320312,0.5341427326202393,3.666128158569336,0.07677533477544785,-2.5668718814849854,-3.0,14.217299461364746,33.772247314453125,-39.90442657470703,2.8739895820617676,9.270785093307495,1.0,-16.027175903320312,0.5341427326202393,3.666128158569336,0.07677533477544785,-2.5668718814849854,-3.0,14.217299461364746,33.772247314453125,-39.90442657470703,904.0,904.0,0.0,0.02,0.02,0.0,1.588102099720354e-05,1.588102099720354e-05,0.0,0.00041002473890199904,0.00041002473890199904,0.0,0.0003,0.0003,0.0,-3.0,-3.0,0.0,0.0,0.10333333333333333,21.561111111111114,86.27777777777777,5070.262,194,Hopper-v5,2854,Agente_3
911.3065929412842,171,700416,11.948109843006891,159.91352297996494,5.495593140648436,14.255972696245733,904,0.02,-3.0,0.99,1.588102099720354e-05,0.00041002473890199904,0.0003,-19.37661361694336,0.23472188413143158,3.2501699924468994,0.0801282599568367,-2.5241267681121826,-3.0,18.97927474975586,38.41441345214844,-61.766746520996094,1.2893290519714355,4.534884929656982,1.0,-19.37661361694336,0.23472188413143158,3.2501699924468994,0.0801282599568367,-2.5241267681121826,-3.0,18.97927474975586,38.41441345214844,-61.766746520996094,904.0,904.0,0.0,0.02,0.02,0.0,1.588102099720354e-05,1.588102099720354e-05,0.0,0.00041002473890199904,0.00041002473890199904,0.0,0.0003,0.0003,0.0,-3.0,-3.0,0.0,0.0,0.11125,27.925,81.48750000000001,5243.815,195,Hopper-v5,2854,Agente_3
916.6250274181366,172,704512,15.444820627522372,254.4807672948772,7.285448708863933,17.420765027322403,904,0.02,-3.0,0.99,1.588102099720354e-05,0.00041002473890199904,0.0003,-24.713024139404297,0.13410905003547668,0.3803987503051758,0.08172262459993362,-2.5044243335723877,-3.0,23.91729736328125,42.86082458496094,-17.4948787689209,0.8145499229431152,3.281092405319214,1.0,-24.713024139404297,0.13410905003547668,0.3803987503051758,0.08172262459993362,-2.5044243335723877,-3.0,23.91729736328125,42.86082458496094,-17.4948787689209,904.0,904.0,0.0,0.02,0.02,0.0,1.588102099720354e-05,1.588102099720354e-05,0.0,0.00041002473890199904,0.00041002473890199904,0.0,0.0003,0.0003,0.0,-3.0,-3.0,0.0,0.0,0.14857142857142858,27.071428571428577,78.89999999999999,5264.595,196,Hopper-v5,2854,Agente_3
921.8854644298553,173,708608,84.38801093857363,393.2763889296181,7.366660041501952,43.96,904,0.02,-3.0,0.99,1.588102099720354e-05,0.00041002473890199904,0.0003,-29.81598663330078,0.2132236808538437,-0.10485459864139557,0.0815955176949501,-2.505980968475342,-3.0,29.218008041381836,50.20805358886719,-55.166358947753906,0.785822868347168,5.845028400421143,1.0,-29.81598663330078,0.2132236808538437,-0.10485459864139557,0.0815955176949501,-2.505980968475342,-3.0,29.218008041381836,50.20805358886719,-55.166358947753906,904.0,904.0,0.0,0.02,0.02,0.0,1.588102099720354e-05,1.588102099720354e-05,0.0,0.00041002473890199904,0.00041002473890199904,0.0,0.0003,0.0003,0.0,-3.0,-3.0,0.0,0.0,0.18857142857142856,25.785714285714285,84.41428571428571,5259.807,197,Hopper-v5,2854,Agente_3
927.0858643054962,174,712704,167.89699943835356,444.3917180246912,7.366660041501952,74.21,904,0.02,-3.0,0.99,1.588102099720354e-05,0.00041002473890199904,0.0003,-34.17018127441406,0.21950984001159668,-1.9601417779922485,0.08053749054670334,-2.5190324783325195,-3.0,33.3768310546875,66.8421859741211,-20.19893455505371,0.7334136962890625,4.325083494186401,1.0,-34.17018127441406,0.21950984001159668,-1.9601417779922485,0.08053749054670334,-2.5190324783325195,-3.0,33.3768310546875,66.8421859741211,-20.19893455505371,904.0,904.0,0.0,0.02,0.02,0.0,1.588102099720354e-05,1.588102099720354e-05,0.0,0.00041002473890199904,0.00041002473890199904,0.0,0.0003,0.0003,0.0,-3.0,-3.0,0.0,0.0,0.19777777777777775,24.88888888888889,87.89999999999999,5245.868,198,Hopper-v5,2854,Agente_3
932.1870694160461,175,716800,249.4648560278703,461.9447428370022,7.891318017699027,106.27,904,0.02,-3.0,0.99,1.588102099720354e-05,0.00041002473890199904,0.0003,-40.13567352294922,0.14869263768196106,-1.3311967849731445,0.07907942682504654,-2.5373024940490723,-3.0,39.31969451904297,77.19435119628906,-4.659906387329102,0.6780853271484375,3.4915308952331543,1.0,-40.13567352294922,0.14869263768196106,-1.3311967849731445,0.07907942682504654,-2.5373024940490723,-3.0,39.31969451904297,77.19435119628906,-4.659906387329102,904.0,904.0,0.0,0.02,0.02,0.0,1.588102099720354e-05,1.588102099720354e-05,0.0,0.00041002473890199904,0.00041002473890199904,0.0,0.0003,0.0003,0.0,-3.0,-3.0,0.0,0.0,0.2871428571428572,27.099999999999994,87.72857142857143,5219.934,199,Hopper-v5,2854,Agente_3
937.2392320632935,176,720896,319.83806783493276,461.9447428370022,11.90956372506244,135.17,904,0.02,-3.0,0.99,1.588102099720354e-05,0.00041002473890199904,0.0003,-43.491111755371094,0.22656786441802979,-0.8400804996490479,0.07767867296934128,-2.5551745891571045,-3.0,42.56956100463867,83.8932876586914,-73.23809051513672,0.6500873565673828,3.9112138748168945,1.0,-43.491111755371094,0.22656786441802979,-0.8400804996490479,0.07767867296934128,-2.5551745891571045,-3.0,42.56956100463867,83.8932876586914,-73.23809051513672,904.0,904.0,0.0,0.02,0.02,0.0,1.588102099720354e-05,1.588102099720354e-05,0.0,0.00041002473890199904,0.00041002473890199904,0.0,0.0003,0.0003,0.0,-3.0,-3.0,0.0,0.0,0.2642857142857143,24.285714285714285,87.94285714285715,5194.088,200,Hopper-v5,2854,Agente_3
942.4561874866486,177,724992,354.4924448628528,461.9447428370022,189.65346699902696,154.14,904,0.02,-3.0,0.99,1.588102099720354e-05,0.00041002473890199904,0.0003,-47.718727111816406,0.25713592767715454,-0.8486455082893372,0.07633301615715027,-2.5726497173309326,-3.0,47.35926818847656,79.18660736083984,-69.02885437011719,0.7053442001342773,6.453239679336548,1.0,-47.718727111816406,0.25713592767715454,-0.8486455082893372,0.07633301615715027,-2.5726497173309326,-3.0,47.35926818847656,79.18660736083984,-69.02885437011719,904.0,904.0,0.0,0.02,0.02,0.0,1.588102099720354e-05,1.588102099720354e-05,0.0,0.00041002473890199904,0.00041002473890199904,0.0,0.0003,0.0003,0.0,-3.0,-3.0,0.0,0.0,0.19875,24.762500000000003,88.7,5195.66,201,Hopper-v5,2854,Agente_3
947.5743520259857,178,729088,336.3450452076555,513.6906810696935,141.45662370056317,158.21,904,0.02,-3.0,0.99,1.588102099720354e-05,0.00041002473890199904,0.0003,-52.188697814941406,0.26009684801101685,-1.8288369178771973,0.07483022660017014,-2.5925333499908447,-3.0,51.751502990722656,88.48585510253906,-63.11553955078125,0.7255983352661133,5.9458112716674805,1.0,-52.188697814941406,0.26009684801101685,-1.8288369178771973,0.07483022660017014,-2.5925333499908447,-3.0,51.751502990722656,88.48585510253906,-63.11553955078125,904.0,904.0,0.0,0.02,0.02,0.0,1.588102099720354e-05,1.588102099720354e-05,0.0,0.00041002473890199904,0.00041002473890199904,0.0,0.0003,0.0003,0.0,-3.0,-3.0,0.0,0.0,0.16285714285714284,25.757142857142856,89.10000000000001,5185.795,202,Hopper-v5,2854,Agente_3
952.7505691051483,179,733184,289.4976602216842,513.6906810696935,140.1486281404317,145.95,904,0.02,-3.0,0.99,1.588102099720354e-05,0.00041002473890199904,0.0003,-53.94375228881836,0.30537107586860657,-2.8707213401794434,0.07266499102115631,-2.6218955516815186,-3.0,53.625667572021484,80.22489929199219,-20.79096794128418,0.7094730138778687,20.973843097686768,1.0,-53.94375228881836,0.30537107586860657,-2.8707213401794434,0.07266499102115631,-2.6218955516815186,-3.0,53.625667572021484,80.22489929199219,-20.79096794128418,904.0,904.0,0.0,0.02,0.02,0.0,1.588102099720354e-05,1.588102099720354e-05,0.0,0.00041002473890199904,0.00041002473890199904,0.0,0.0003,0.0003,0.0,-3.0,-3.0,0.0,0.0,0.20875000000000002,25.924999999999997,89.15,5183.584,203,Hopper-v5,2854,Agente_3
958.2226462364197,180,737280,233.54054548475696,513.6906810696935,136.10949741225082,124.12,904,0.02,-3.0,0.99,1.588102099720354e-05,0.00041002473890199904,0.0003,-59.46342086791992,0.3036726117134094,-3.0292515754699707,0.07007262110710144,-2.6582231521606445,-3.0,59.406715393066406,85.52930450439453,-3.4870798587799072,0.7150611877441406,5.256037712097168,1.0,-59.46342086791992,0.3036726117134094,-3.0292515754699707,0.07007262110710144,-2.6582231521606445,-3.0,59.406715393066406,85.52930450439453,-3.4870798587799072,904.0,904.0,0.0,0.02,0.02,0.0,1.588102099720354e-05,1.588102099720354e-05,0.0,0.00041002473890199904,0.00041002473890199904,0.0,0.0003,0.0003,0.0,-3.0,-3.0,0.0,0.0,0.23428571428571426,26.585714285714285,87.48571428571428,5222.579,204,Hopper-v5,2854,Agente_3
963.5572452545166,181,741376,189.93395790248593,439.28729780849693,136.10949741225082,97.4,904,0.02,-3.0,0.99,1.588102099720354e-05,0.00041002473890199904,0.0003,-60.23072814941406,0.3102552890777588,-3.3174617290496826,0.06763032078742981,-2.6936988830566406,-3.0,60.07079315185547,85.81404876708984,8.143805503845215,0.7246589660644531,6.290219306945801,1.0,-60.23072814941406,0.3102552890777588,-3.3174617290496826,0.06763032078742981,-2.6936988830566406,-3.0,60.07079315185547,85.81404876708984,8.143805503845215,904.0,904.0,0.0,0.02,0.02,0.0,1.588102099720354e-05,1.588102099720354e-05,0.0,0.00041002473890199904,0.00041002473890199904,0.0,0.0003,0.0003,0.0,-3.0,-3.0,0.0,0.0,0.2857142857142857,27.914285714285715,87.39999999999999,5213.115,205,Hopper-v5,2854,Agente_3
969.0174708366394,182,745472,171.22453956698428,313.30083990085126,145.02240961365183,83.11,904,0.02,-3.0,0.99,1.588102099720354e-05,0.00041002473890199904,0.0003,-61.79143524169922,0.2660831809043884,-5.756049156188965,0.06537966430187225,-2.727544069290161,-3.0,61.489017486572266,91.19429016113281,0.3308049440383911,0.6463966369628906,10.457924842834473,1.0,-61.79143524169922,0.2660831809043884,-5.756049156188965,0.06537966430187225,-2.727544069290161,-3.0,61.489017486572266,91.19429016113281,0.3308049440383911,904.0,904.0,0.0,0.02,0.02,0.0,1.588102099720354e-05,1.588102099720354e-05,0.0,0.00041002473890199904,0.00041002473890199904,0.0,0.0003,0.0003,0.0,-3.0,-3.0,0.0,0.0,0.29874999999999996,26.575000000000003,87.3125,5227.18,206,Hopper-v5,2854,Agente_3
974.419266462326,183,749568,178.83200631733737,291.801433593824,147.84349696362693,84.07,904,0.02,-3.0,0.99,1.588102099720354e-05,0.00041002473890199904,0.0003,-64.49856567382812,0.36395391821861267,-3.054205894470215,0.06322824209928513,-2.7610042095184326,-3.0,64.2900161743164,98.64326477050781,1.6681952476501465,0.6793994903564453,24.597630977630615,1.0,-64.49856567382812,0.36395391821861267,-3.054205894470215,0.06322824209928513,-2.7610042095184326,-3.0,64.2900161743164,98.64326477050781,1.6681952476501465,904.0,904.0,0.0,0.02,0.02,0.0,1.588102099720354e-05,1.588102099720354e-05,0.0,0.00041002473890199904,0.00041002473890199904,0.0,0.0003,0.0003,0.0,-3.0,-3.0,0.0,0.0,0.22749999999999998,27.75,87.4375,5241.457,207,Hopper-v5,2854,Agente_3
979.6791274547577,184,753664,183.79246177964103,201.59331141401458,162.97032920550643,85.11,904,0.02,-3.0,0.99,1.588102099720354e-05,0.00041002473890199904,0.0003,-67.38626098632812,0.31936851143836975,-2.4479751586914062,0.06138436868786812,-2.790600061416626,-3.0,67.11922454833984,106.6074447631836,3.3220326900482178,0.7581691741943359,14.563554048538208,1.0,-67.38626098632812,0.31936851143836975,-2.4479751586914062,0.06138436868786812,-2.790600061416626,-3.0,67.11922454833984,106.6074447631836,3.3220326900482178,904.0,904.0,0.0,0.02,0.02,0.0,1.588102099720354e-05,1.588102099720354e-05,0.0,0.00041002473890199904,0.00041002473890199904,0.0,0.0003,0.0003,0.0,-3.0,-3.0,0.0,0.0,0.24285714285714288,27.47142857142857,87.28571428571429,5247.055,208,Hopper-v5,2854,Agente_3
985.0368504524231,185,757760,187.5562546368735,201.59331141401458,167.70931128927327,86.16,904,0.02,-3.0,0.99,1.588102099720354e-05,0.00041002473890199904,0.0003,-70.61758422851562,0.3689967691898346,-3.0404200553894043,0.059843819588422775,-2.8160171508789062,-3.0,69.93936157226562,113.65253448486328,6.650706768035889,0.7042675018310547,28.005075454711914,1.0,-70.61758422851562,0.3689967691898346,-3.0404200553894043,0.059843819588422775,-2.8160171508789062,-3.0,69.93936157226562,113.65253448486328,6.650706768035889,904.0,904.0,0.0,0.02,0.02,0.0,1.588102099720354e-05,1.588102099720354e-05,0.0,0.00041002473890199904,0.00041002473890199904,0.0,0.0003,0.0003,0.0,-3.0,-3.0,0.0,0.0,0.2842857142857143,27.128571428571426,87.28571428571429,5272.443,209,Hopper-v5,2854,Agente_3
990.4497938156128,186,761856,192.5816393867626,209.37905222624636,170.53611210893078,87.54,904,0.02,-3.0,0.99,1.588102099720354e-05,0.00041002473890199904,0.0003,-71.12321472167969,0.70897376537323,-0.5180554986000061,0.05837508663535118,-2.8408660888671875,-3.0,70.3185043334961,113.7941665649414,-14.889774322509766,0.7746143341064453,65.35342407226562,1.0,-71.12321472167969,0.70897376537323,-0.5180554986000061,0.05837508663535118,-2.8408660888671875,-3.0,70.3185043334961,113.7941665649414,-14.889774322509766,904.0,904.0,0.0,0.02,0.02,0.0,1.588102099720354e-05,1.588102099720354e-05,0.0,0.00041002473890199904,0.00041002473890199904,0.0,0.0003,0.0003,0.0,-3.0,-3.0,0.0,0.0,0.24375,27.9625,87.3125,5308.764,210,Hopper-v5,2854,Agente_3
995.827157497406,187,765952,195.5908164461633,210.13387160235308,177.1828181238764,87.92,904,0.02,-3.0,0.99,1.588102099720354e-05,0.00041002473890199904,0.0003,-76.91532897949219,0.4047170579433441,-3.6972055435180664,0.05700258910655975,-2.8646585941314697,-3.0,76.07958984375,120.5208740234375,12.057772636413574,0.7593612670898438,33.791839599609375,1.0,-76.91532897949219,0.4047170579433441,-3.6972055435180664,0.05700258910655975,-2.8646585941314697,-3.0,76.07958984375,120.5208740234375,12.057772636413574,904.0,904.0,0.0,0.02,0.02,0.0,1.588102099720354e-05,1.588102099720354e-05,0.0,0.00041002473890199904,0.00041002473890199904,0.0,0.0003,0.0003,0.0,-3.0,-3.0,0.0,0.0,0.19714285714285715,27.47142857142857,82.74285714285715,5324.659,211,Hopper-v5,2854,Agente_3
1001.2391393184662,188,770048,200.17041625865903,311.4154085406123,177.1828181238764,89.92,904,0.02,-3.0,0.99,1.588102099720354e-05,0.00041002473890199904,0.0003,-78.7716064453125,0.576958417892456,-4.7743635177612305,0.055800843983888626,-2.8859663009643555,-3.0,77.46363830566406,130.57801818847656,13.756904602050781,0.7744579315185547,53.159637451171875,1.0,-78.7716064453125,0.576958417892456,-4.7743635177612305,0.055800843983888626,-2.8859663009643555,-3.0,77.46363830566406,130.57801818847656,13.756904602050781,904.0,904.0,0.0,0.02,0.02,0.0,1.588102099720354e-05,1.588102099720354e-05,0.0,0.00041002473890199904,0.00041002473890199904,0.0,0.0003,0.0003,0.0,-3.0,-3.0,0.0,0.0,0.18125000000000002,30.4375,76.15,5354.069,212,Hopper-v5,2854,Agente_3
1006.3920488357544,189,774144,218.13143195036756,315.65985036201266,178.7043599212743,99.02,904,0.02,-3.0,0.99,1.588102099720354e-05,0.00041002473890199904,0.0003,-82.96324157714844,0.506762683391571,-1.4217604398727417,0.05458561331033707,-2.907984972000122,-3.0,82.08031463623047,134.0682373046875,-8.067916870117188,0.8788490295410156,51.713932037353516,1.0,-82.96324157714844,0.506762683391571,-1.4217604398727417,0.05458561331033707,-2.907984972000122,-3.0,82.08031463623047,134.0682373046875,-8.067916870117188,904.0,904.0,0.0,0.02,0.02,0.0,1.588102099720354e-05,1.588102099720354e-05,0.0,0.00041002473890199904,0.00041002473890199904,0.0,0.0003,0.0003,0.0,-3.0,-3.0,0.0,0.0,0.15857142857142856,24.985714285714288,82.95714285714287,5352.041,213,Hopper-v5,2854,Agente_3
1012.6684341430664,190,778240,233.30485908353276,315.65985036201266,186.5890406544184,109.54,904,0.02,-3.0,0.99,1.588102099720354e-05,0.00041002473890199904,0.0003,-86.03599548339844,0.5054746866226196,0.34766635298728943,0.05379776656627655,-2.922523260116577,-3.0,84.47879028320312,137.0929718017578,7.283639907836914,0.918243408203125,30.871002197265625,1.0,-86.03599548339844,0.5054746866226196,0.34766635298728943,0.05379776656627655,-2.922523260116577,-3.0,84.47879028320312,137.0929718017578,7.283639907836914,904.0,904.0,0.0,0.02,0.02,0.0,1.588102099720354e-05,1.588102099720354e-05,0.0,0.00041002473890199904,0.00041002473890199904,0.0,0.0003,0.0003,0.0,-3.0,-3.0,0.0,0.0,0.24000000000000002,26.53333333333333,87.94444444444446,5432.402,214,Hopper-v5,2854,Agente_3
1018.0558528900146,191,782336,245.37972465017614,315.65985036201266,192.0598148115154,119.83,904,0.02,-3.0,0.99,1.588102099720354e-05,0.00041002473890199904,0.0003,-87.27607727050781,0.6542472839355469,-2.0065042972564697,0.05275128781795502,-2.942167043685913,-3.0,85.67240905761719,147.51080322265625,16.437334060668945,0.7393836975097656,79.76300811767578,1.0,-87.27607727050781,0.6542472839355469,-2.0065042972564697,0.05275128781795502,-2.942167043685913,-3.0,85.67240905761719,147.51080322265625,16.437334060668945,904.0,904.0,0.0,0.02,0.02,0.0,1.588102099720354e-05,1.588102099720354e-05,0.0,0.00041002473890199904,0.00041002473890199904,0.0,0.0003,0.0003,0.0,-3.0,-3.0,0.0,0.0,0.2357142857142857,26.82857142857143,87.89999999999999,5437.696,215,Hopper-v5,2854,Agente_3
1023.5144469738007,192,786432,252.33222025294108,315.65985036201266,192.0598148115154,129.59,904,0.02,-3.0,0.99,1.588102099720354e-05,0.00041002473890199904,0.0003,-91.04994201660156,0.6995079517364502,-0.6882226467132568,0.05186569690704346,-2.9590976238250732,-3.0,89.81599426269531,144.32174682617188,10.650992393493652,0.8031234741210938,75.18838691711426,1.0,-91.04994201660156,0.6995079517364502,-0.6882226467132568,0.05186569690704346,-2.9590976238250732,-3.0,89.81599426269531,144.32174682617188,10.650992393493652,904.0,904.0,0.0,0.02,0.02,0.0,1.588102099720354e-05,1.588102099720354e-05,0.0,0.00041002473890199904,0.00041002473890199904,0.0,0.0003,0.0003,0.0,-3.0,-3.0,0.0,0.0,0.3128571428571429,27.97142857142857,87.95714285714284,5437.657,216,Hopper-v5,2854,Agente_3
1028.7205471992493,193,790528,266.56034944173456,357.8771218829912,225.38209982418695,143.18,904,0.02,-3.0,0.99,1.588102099720354e-05,0.00041002473890199904,0.0003,-93.20381927490234,0.6042510867118835,-3.86366605758667,0.05099553242325783,-2.9760172367095947,-3.0,92.04766082763672,150.46572875976562,9.254437446594238,0.8333396911621094,33.63669776916504,1.0,-93.20381927490234,0.6042510867118835,-3.86366605758667,0.05099553242325783,-2.9760172367095947,-3.0,92.04766082763672,150.46572875976562,9.254437446594238,904.0,904.0,0.0,0.02,0.02,0.0,1.588102099720354e-05,1.588102099720354e-05,0.0,0.00041002473890199904,0.00041002473890199904,0.0,0.0003,0.0003,0.0,-3.0,-3.0,0.0,0.0,0.2175,27.225,87.8125,5418.411,217,Hopper-v5,2854,Agente_3
1033.994605064392,194,794624,279.9262068864842,396.525906467322,225.38209982418695,153.77,904,0.02,-3.0,0.99,1.588102099720354e-05,0.00041002473890199904,0.0003,-97.8593521118164,0.5995604991912842,-9.578536987304688,0.04998045414686203,-2.9961233139038086,-3.0,96.01508331298828,152.42149353027344,11.831033706665039,1.0062599182128906,49.109506607055664,1.0,-97.8593521118164,0.5995604991912842,-9.578536987304688,0.04998045414686203,-2.9961233139038086,-3.0,96.01508331298828,152.42149353027344,11.831033706665039,904.0,904.0,0.0,0.02,0.02,0.0,1.588102099720354e-05,1.588102099720354e-05,0.0,0.00041002473890199904,0.00041002473890199904,0.0,0.0003,0.0003,0.0,-3.0,-3.0,0.0,0.0,0.20714285714285713,25.085714285714285,88.27142857142857,5419.865,218,Hopper-v5,2854,Agente_3
1039.2143051624298,195,798720,305.1939185397619,466.05878568329314,230.687346602307,174.98,904,0.02,-3.0,0.99,1.588102099720354e-05,0.00041002473890199904,0.0003,-99.41123962402344,0.4588809311389923,-4.190507411956787,0.049149155616760254,-3.0128955841064453,-3.0,98.1408462524414,158.14527893066406,14.078490257263184,1.0208549499511719,34.3583927154541,1.0,-99.41123962402344,0.4588809311389923,-4.190507411956787,0.049149155616760254,-3.0128955841064453,-3.0,98.1408462524414,158.14527893066406,14.078490257263184,904.0,904.0,0.0,0.02,0.02,0.0,1.588102099720354e-05,1.588102099720354e-05,0.0,0.00041002473890199904,0.00041002473890199904,0.0,0.0003,0.0003,0.0,-3.0,-3.0,0.0,0.0,0.16857142857142857,25.68571428571429,88.87142857142858,5406.364,219,Hopper-v5,2854,Agente_3
1044.431783914566,196,802816,335.14936420404143,513.3450273381166,234.69597254289258,199.56,904,0.02,-3.0,0.99,1.588102099720354e-05,0.00041002473890199904,0.0003,-100.676513671875,0.7540273070335388,-0.12351870536804199,0.04822733253240585,-3.031829357147217,-3.0,98.87516784667969,158.6781005859375,15.432110786437988,1.1123504638671875,86.85479354858398,1.0,-100.676513671875,0.7540273070335388,-0.12351870536804199,0.04822733253240585,-3.031829357147217,-3.0,98.87516784667969,158.6781005859375,15.432110786437988,904.0,904.0,0.0,0.02,0.02,0.0,1.588102099720354e-05,1.588102099720354e-05,0.0,0.00041002473890199904,0.00041002473890199904,0.0,0.0003,0.0003,0.0,-3.0,-3.0,0.0,0.0,0.18428571428571425,25.357142857142858,89.62857142857142,5386.607,220,Hopper-v5,2854,Agente_3
1049.7429022789001,197,806912,364.8514411430285,513.3450273381166,258.46901601508415,220.56,904,0.02,-3.0,0.99,1.588102099720354e-05,0.00041002473890199904,0.0003,-99.88228607177734,0.7458904981613159,-2.6071887016296387,0.0473136268556118,-3.050956964492798,-3.0,97.90188598632812,164.54345703125,20.309972763061523,0.9273166656494141,80.08387756347656,1.0,-99.88228607177734,0.7458904981613159,-2.6071887016296387,0.0473136268556118,-3.050956964492798,-3.0,97.90188598632812,164.54345703125,20.309972763061523,904.0,904.0,0.0,0.02,0.02,0.0,1.588102099720354e-05,1.588102099720354e-05,0.0,0.00041002473890199904,0.00041002473890199904,0.0,0.0003,0.0003,0.0,-3.0,-3.0,0.0,0.0,0.1525,24.7875,88.77499999999999,5379.978,221,Hopper-v5,2854,Agente_3
1055.0676770210266,198,811008,369.9671750280975,513.3450273381166,118.51967178353873,216.5,904,0.02,-3.0,0.99,1.588102099720354e-05,0.00041002473890199904,0.0003,-105.16448974609375,0.70981764793396,-2.065929412841797,0.046389494091272354,-3.0706822872161865,-3.0,103.32276153564453,164.90240478515625,5.033355712890625,0.871307373046875,74.08066940307617,1.0,-105.16448974609375,0.70981764793396,-2.065929412841797,0.046389494091272354,-3.0706822872161865,-3.0,103.32276153564453,164.90240478515625,5.033355712890625,904.0,904.0,0.0,0.02,0.02,0.0,1.588102099720354e-05,1.588102099720354e-05,0.0,0.00041002473890199904,0.00041002473890199904,0.0,0.0003,0.0003,0.0,-3.0,-3.0,0.0,0.0,0.21375,25.8875,87.5875,5371.488,222,Hopper-v5,2854,Agente_3
1060.3920574188232,199,815104,282.2849247888318,460.1882191427031,118.51967178353873,142.94,904,0.02,-3.0,0.99,1.588102099720354e-05,0.00041002473890199904,0.0003,-110.5403060913086,0.6540470719337463,-4.300741195678711,0.0457831472158432,-3.083839178085327,-3.0,108.82920837402344,174.3192138671875,8.392847061157227,1.1040763854980469,81.59659576416016,1.0,-110.5403060913086,0.6540470719337463,-4.300741195678711,0.0457831472158432,-3.083839178085327,-3.0,108.82920837402344,174.3192138671875,8.392847061157227,904.0,904.0,0.0,0.02,0.02,0.0,1.588102099720354e-05,1.588102099720354e-05,0.0,0.00041002473890199904,0.00041002473890199904,0.0,0.0003,0.0003,0.0,-3.0,-3.0,0.0,0.0,0.27714285714285714,26.499999999999996,87.52857142857144,5388.367,223,Hopper-v5,2854,Agente_3
1065.6266913414001,200,819200,214.3567999702023,347.4106885513264,126.95347067281558,98.55,904,0.02,-3.0,0.99,1.588102099720354e-05,0.00041002473890199904,0.0003,-114.35852813720703,0.7241871953010559,4.6153411865234375,0.045243386179208755,-3.095698833465576,-3.0,112.75220489501953,182.68312072753906,16.65064811706543,0.9995403289794922,86.89299392700195,1.0,-114.35852813720703,0.7241871953010559,4.6153411865234375,0.045243386179208755,-3.095698833465576,-3.0,112.75220489501953,182.68312072753906,16.65064811706543,904.0,904.0,0.0,0.02,0.02,0.0,1.588102099720354e-05,1.588102099720354e-05,0.0,0.00041002473890199904,0.00041002473890199904,0.0,0.0003,0.0003,0.0,-3.0,-3.0,0.0,0.0,0.22625,26.987500000000004,87.57499999999999,5284.216,224,Hopper-v5,2854,Agente_3
1070.954796552658,201,823296,225.14683163281848,325.0528499141794,138.4502190288704,96.3,904,0.02,-3.0,0.99,1.588102099720354e-05,0.00041002473890199904,0.0003,-116.12713623046875,0.8760502338409424,1.3429021835327148,0.04510420188307762,-3.0987799167633057,-3.0,114.39945983886719,182.37718200683594,8.17496395111084,1.1860408782958984,119.83848571777344,1.0,-116.12713623046875,0.8760502338409424,1.3429021835327148,0.04510420188307762,-3.0987799167633057,-3.0,114.39945983886719,182.37718200683594,8.17496395111084,904.0,904.0,0.0,0.02,0.02,0.0,1.588102099720354e-05,1.588102099720354e-05,0.0,0.00041002473890199904,0.00041002473890199904,0.0,0.0003,0.0003,0.0,-3.0,-3.0,0.0,0.0,0.2414285714285714,27.857142857142854,87.57142857142857,5278.437,225,Hopper-v5,2854,Agente_3
1076.1052694320679,202,827392,262.3058381284565,324.4766322243516,143.70552326671464,104.76,904,0.02,-3.0,0.99,1.588102099720354e-05,0.00041002473890199904,0.0003,-119.64237213134766,0.6691292524337769,-6.989158630371094,0.04502279311418533,-3.100586414337158,-3.0,117.42225646972656,197.50904846191406,-16.16315460205078,1.1845760345458984,93.12598609924316,1.0,-119.64237213134766,0.6691292524337769,-6.989158630371094,0.04502279311418533,-3.100586414337158,-3.0,117.42225646972656,197.50904846191406,-16.16315460205078,904.0,904.0,0.0,0.02,0.02,0.0,1.588102099720354e-05,1.588102099720354e-05,0.0,0.00041002473890199904,0.00041002473890199904,0.0,0.0003,0.0003,0.0,-3.0,-3.0,0.0,0.0,0.2714285714285714,27.528571428571432,87.55714285714285,5247.41,226,Hopper-v5,2854,Agente_3
1081.2112531661987,203,831488,291.76217399795763,324.4766322243516,147.27271130688825,112.03,904,0.02,-3.0,0.99,1.588102099720354e-05,0.00041002473890199904,0.0003,-122.44530487060547,0.5855239629745483,2.836315155029297,0.0446101613342762,-3.1097936630249023,-3.0,120.75704956054688,203.09368896484375,11.274438858032227,1.1311798095703125,59.68554878234863,1.0,-122.44530487060547,0.5855239629745483,2.836315155029297,0.0446101613342762,-3.1097936630249023,-3.0,120.75704956054688,203.09368896484375,11.274438858032227,904.0,904.0,0.0,0.02,0.02,0.0,1.588102099720354e-05,1.588102099720354e-05,0.0,0.00041002473890199904,0.00041002473890199904,0.0,0.0003,0.0003,0.0,-3.0,-3.0,0.0,0.0,0.19142857142857145,25.72857142857143,88.04285714285713,5237.355,227,Hopper-v5,2854,Agente_3
1086.515840768814,204,835584,293.78271567838766,306.9067360982868,99.6773878619341,111.9,904,0.02,-3.0,0.99,1.588102099720354e-05,0.00041002473890199904,0.0003,-121.94468688964844,0.7727030515670776,0.40283167362213135,0.044340334832668304,-3.1158604621887207,-3.0,119.46932983398438,203.38931274414062,26.947681427001953,1.2348594665527344,80.0245475769043,1.0,-121.94468688964844,0.7727030515670776,0.40283167362213135,0.044340334832668304,-3.1158604621887207,-3.0,119.46932983398438,203.38931274414062,26.947681427001953,904.0,904.0,0.0,0.02,0.02,0.0,1.588102099720354e-05,1.588102099720354e-05,0.0,0.00041002473890199904,0.00041002473890199904,0.0,0.0003,0.0003,0.0,-3.0,-3.0,0.0,0.0,0.19714285714285712,26.314285714285717,88.91428571428571,5240.757,228,Hopper-v5,2854,Agente_3
1091.732079744339,205,839680,290.8736936659585,306.9067360982868,99.6773878619341,110.96,904,0.02,-3.0,0.99,1.588102099720354e-05,0.00041002473890199904,0.0003,-128.9770965576172,0.9483143091201782,1.0160629749298096,0.04409206286072731,-3.1214754581451416,-3.0,126.26676177978516,211.29061889648438,29.51020050048828,1.4653301239013672,112.99841690063477,1.0,-128.9770965576172,0.9483143091201782,1.0160629749298096,0.04409206286072731,-3.1214754581451416,-3.0,126.26676177978516,211.29061889648438,29.51020050048828,904.0,904.0,0.0,0.02,0.02,0.0,1.588102099720354e-05,1.588102099720354e-05,0.0,0.00041002473890199904,0.00041002473890199904,0.0,0.0003,0.0003,0.0,-3.0,-3.0,0.0,0.0,0.18874999999999997,25.275000000000002,89.7125,5240.315,229,Hopper-v5,2854,Agente_3
1097.1781268119812,206,843776,290.89907034200155,306.9067360982868,99.6773878619341,110.89,904,0.02,-3.0,0.99,1.588102099720354e-05,0.00041002473890199904,0.0003,-128.96849060058594,0.7957063913345337,-0.2769806981086731,0.04381842911243439,-3.1277008056640625,-3.0,126.99929809570312,205.92294311523438,3.2168424129486084,1.3202800750732422,102.4052848815918,1.0,-128.96849060058594,0.7957063913345337,-0.2769806981086731,0.04381842911243439,-3.1277008056640625,-3.0,126.99929809570312,205.92294311523438,3.2168424129486084,904.0,904.0,0.0,0.02,0.02,0.0,1.588102099720354e-05,1.588102099720354e-05,0.0,0.00041002473890199904,0.00041002473890199904,0.0,0.0003,0.0003,0.0,-3.0,-3.0,0.0,0.0,0.23,26.97142857142857,88.85714285714286,5262.993,230,Hopper-v5,2854,Agente_3
1102.4283158779144,207,847872,292.758976392609,306.20786244158325,113.15808679041572,111.49,904,0.02,-3.0,0.99,1.588102099720354e-05,0.00041002473890199904,0.0003,-131.57388305664062,1.0165269374847412,-6.420787811279297,0.0433780699968338,-3.137801170349121,-3.0,128.9473876953125,223.8080291748047,8.614402770996094,1.3651161193847656,97.21098518371582,1.0,-131.57388305664062,1.0165269374847412,-6.420787811279297,0.0433780699968338,-3.137801170349121,-3.0,128.9473876953125,223.8080291748047,8.614402770996094,904.0,904.0,0.0,0.02,0.02,0.0,1.588102099720354e-05,1.588102099720354e-05,0.0,0.00041002473890199904,0.00041002473890199904,0.0,0.0003,0.0003,0.0,-3.0,-3.0,0.0,0.0,0.2657142857142857,27.185714285714287,88.54285714285713,5256.782,231,Hopper-v5,2854,Agente_3
1107.9107673168182,208,851968,296.3840000382773,306.37464428744084,285.8452051774926,112.92,904,0.02,-3.0,0.99,1.588102099720354e-05,0.00041002473890199904,0.0003,-130.31097412109375,0.8702569007873535,-0.32092010974884033,0.04299484193325043,-3.1466751098632812,-3.0,128.332763671875,212.89617919921875,9.482239723205566,1.1710262298583984,107.13853645324707,1.0,-130.31097412109375,0.8702569007873535,-0.32092010974884033,0.04299484193325043,-3.1466751098632812,-3.0,128.332763671875,212.89617919921875,9.482239723205566,904.0,904.0,0.0,0.02,0.02,0.0,1.588102099720354e-05,1.588102099720354e-05,0.0,0.00041002473890199904,0.00041002473890199904,0.0,0.0003,0.0003,0.0,-3.0,-3.0,0.0,0.0,0.26125,27.9375,88.375,5272.36,232,Hopper-v5,2854,Agente_3
1113.2444069385529,209,856064,296.6013846605085,306.37464428744084,287.28380007007047,113.62,904,0.02,-3.0,0.99,1.588102099720354e-05,0.00041002473890199904,0.0003,-137.84095764160156,1.0136364698410034,-4.584911823272705,0.042461711913347244,-3.1591525077819824,-3.0,135.2564239501953,237.15902709960938,11.22419548034668,1.3679733276367188,102.07625198364258,1.0,-137.84095764160156,1.0136364698410034,-4.584911823272705,0.042461711913347244,-3.1591525077819824,-3.0,135.2564239501953,237.15902709960938,11.22419548034668,904.0,904.0,0.0,0.02,0.02,0.0,1.588102099720354e-05,1.588102099720354e-05,0.0,0.00041002473890199904,0.00041002473890199904,0.0,0.0003,0.0003,0.0,-3.0,-3.0,0.0,0.0,0.2914285714285714,27.25714285714285,88.39999999999998,5273.255,233,Hopper-v5,2854,Agente_3
1118.8090705871582,210,860160,297.73473802219866,308.0729205945868,287.28380007007047,114.42,904,0.02,-3.0,0.99,1.588102099720354e-05,0.00041002473890199904,0.0003,-135.98110961914062,0.8592647314071655,-1.5468546152114868,0.04206302389502525,-3.168586254119873,-3.0,132.71493530273438,225.81137084960938,-0.4136255383491516,1.3122329711914062,90.89130783081055,1.0,-135.98110961914062,0.8592647314071655,-1.5468546152114868,0.04206302389502525,-3.168586254119873,-3.0,132.71493530273438,225.81137084960938,-0.4136255383491516,904.0,904.0,0.0,0.02,0.02,0.0,1.588102099720354e-05,1.588102099720354e-05,0.0,0.00041002473890199904,0.00041002473890199904,0.0,0.0003,0.0003,0.0,-3.0,-3.0,0.0,0.0,0.21625,27.725,88.25,5306.289,234,Hopper-v5,2854,Agente_3
1124.1202037334442,211,864256,296.544390771503,308.0729205945868,286.80126788040445,114.67,904,0.02,-3.0,0.99,1.588102099720354e-05,0.00041002473890199904,0.0003,-139.69004821777344,1.11294424533844,0.5243297815322876,0.04156694561243057,-3.180449962615967,-3.0,135.96945190429688,232.9460906982422,5.181766510009766,1.6008319854736328,112.94367408752441,1.0,-139.69004821777344,1.11294424533844,0.5243297815322876,0.04156694561243057,-3.180449962615967,-3.0,135.96945190429688,232.9460906982422,5.181766510009766,904.0,904.0,0.0,0.02,0.02,0.0,1.588102099720354e-05,1.588102099720354e-05,0.0,0.00041002473890199904,0.00041002473890199904,0.0,0.0003,0.0003,0.0,-3.0,-3.0,0.0,0.0,0.27999999999999997,27.2,88.28571428571429,5304.153,235,Hopper-v5,2854,Agente_3
1130.182243347168,212,868352,292.7213478386271,308.0729205945868,280.40532177294335,115.29,904,0.02,-3.0,0.99,1.588102099720354e-05,0.00041002473890199904,0.0003,-144.45700073242188,1.1747581958770752,3.0868279933929443,0.041081033647060394,-3.192208766937256,-3.0,140.36558532714844,242.13299560546875,13.881207466125488,1.9564781188964844,119.92060279846191,1.0,-144.45700073242188,1.1747581958770752,3.0868279933929443,0.041081033647060394,-3.192208766937256,-3.0,140.36558532714844,242.13299560546875,13.881207466125488,904.0,904.0,0.0,0.02,0.02,0.0,1.588102099720354e-05,1.588102099720354e-05,0.0,0.00041002473890199904,0.00041002473890199904,0.0,0.0003,0.0003,0.0,-3.0,-3.0,0.0,0.0,0.19111111111111112,24.0,88.46666666666667,5395.805,236,Hopper-v5,2854,Agente_3
1135.521268606186,213,872448,287.16131250600864,301.80612518898,275.8151612162648,115.75,904,0.02,-3.0,0.99,1.588102099720354e-05,0.00041002473890199904,0.0003,-148.53106689453125,0.9507101774215698,0.12702500820159912,0.04091174155473709,-3.196338176727295,-3.0,145.7671356201172,255.2119903564453,17.696508407592773,1.7920112609863281,113.8606185913086,1.0,-148.53106689453125,0.9507101774215698,0.12702500820159912,0.04091174155473709,-3.196338176727295,-3.0,145.7671356201172,255.2119903564453,17.696508407592773,904.0,904.0,0.0,0.02,0.02,0.0,1.588102099720354e-05,1.588102099720354e-05,0.0,0.00041002473890199904,0.00041002473890199904,0.0,0.0003,0.0003,0.0,-3.0,-3.0,0.0,0.0,0.21428571428571427,25.357142857142858,88.97142857142858,5419.046,237,Hopper-v5,2854,Agente_3
1140.9614799022675,214,876544,284.6714453691577,292.59696384795126,275.8151612162648,116.25,904,0.02,-3.0,0.99,1.588102099720354e-05,0.00041002473890199904,0.0003,-150.52696228027344,1.0170526504516602,3.037726879119873,0.04108357056975365,-3.1921470165252686,-3.0,147.44308471679688,259.75299072265625,1.7566969394683838,1.7414360046386719,111.50349807739258,1.0,-150.52696228027344,1.0170526504516602,3.037726879119873,0.04108357056975365,-3.1921470165252686,-3.0,147.44308471679688,259.75299072265625,1.7566969394683838,904.0,904.0,0.0,0.02,0.02,0.0,1.588102099720354e-05,1.588102099720354e-05,0.0,0.00041002473890199904,0.00041002473890199904,0.0,0.0003,0.0003,0.0,-3.0,-3.0,0.0,0.0,0.19125,25.5625,89.94999999999999,5432.517,238,Hopper-v5,2854,Agente_3
1146.2559361457825,215,880640,286.0180484593565,296.3720172772212,276.9732479839508,116.47,904,0.02,-3.0,0.99,1.588102099720354e-05,0.00041002473890199904,0.0003,-152.5388641357422,1.0301423072814941,-2.1720972061157227,0.04138230159878731,-3.1849019527435303,-3.0,148.36392211914062,231.34580993652344,-10.176268577575684,1.8665885925292969,104.25629043579102,1.0,-152.5388641357422,1.0301423072814941,-2.1720972061157227,0.04138230159878731,-3.1849019527435303,-3.0,148.36392211914062,231.34580993652344,-10.176268577575684,904.0,904.0,0.0,0.02,0.02,0.0,1.588102099720354e-05,1.588102099720354e-05,0.0,0.00041002473890199904,0.00041002473890199904,0.0,0.0003,0.0003,0.0,-3.0,-3.0,0.0,0.0,0.11857142857142856,26.12857142857143,90.12857142857145,5440.368,239,Hopper-v5,2854,Agente_3
1151.5612370967865,216,884736,282.2367400161712,299.1750913974652,220.98185274139806,114.22,904,0.02,-3.0,0.99,1.588102099720354e-05,0.00041002473890199904,0.0003,-159.02862548828125,1.047714114189148,0.8008897304534912,0.04204373434185982,-3.1690449714660645,-3.0,153.959716796875,238.80078125,33.89871597290039,1.7131118774414062,116.76266098022461,1.0,-159.02862548828125,1.047714114189148,0.8008897304534912,0.04204373434185982,-3.1690449714660645,-3.0,153.959716796875,238.80078125,33.89871597290039,904.0,904.0,0.0,0.02,0.02,0.0,1.588102099720354e-05,1.588102099720354e-05,0.0,0.00041002473890199904,0.00041002473890199904,0.0,0.0003,0.0003,0.0,-3.0,-3.0,0.0,0.0,0.26000000000000006,26.228571428571428,88.91428571428571,5426.299,240,Hopper-v5,2854,Agente_3
1156.9535732269287,217,888832,271.9168892804817,299.1750913974652,214.0930600779485,110.3,904,0.02,-3.0,0.99,1.588102099720354e-05,0.00041002473890199904,0.0003,-161.78375244140625,0.9964025616645813,4.747225284576416,0.04295504465699196,-3.1476011276245117,-3.0,156.58502197265625,259.8719787597656,-18.112428665161133,1.941314697265625,112.45573234558105,1.0,-161.78375244140625,0.9964025616645813,4.747225284576416,0.04295504465699196,-3.1476011276245117,-3.0,156.58502197265625,259.8719787597656,-18.112428665161133,904.0,904.0,0.0,0.02,0.02,0.0,1.588102099720354e-05,1.588102099720354e-05,0.0,0.00041002473890199904,0.00041002473890199904,0.0,0.0003,0.0003,0.0,-3.0,-3.0,0.0,0.0,0.255,27.3,88.45,5440.723,241,Hopper-v5,2854,Agente_3
1162.1896176338196,218,892928,239.27142233820138,299.1750913974652,208.57814668585974,100.37,904,0.02,-3.0,0.99,1.588102099720354e-05,0.00041002473890199904,0.0003,-161.6705780029297,1.0856211185455322,-3.136298894882202,0.04296179860830307,-3.147444009780884,-3.0,157.14544677734375,248.86514282226562,-8.338369369506836,1.59686279296875,115.84553337097168,1.0,-161.6705780029297,1.0856211185455322,-3.136298894882202,0.04296179860830307,-3.147444009780884,-3.0,157.14544677734375,248.86514282226562,-8.338369369506836,904.0,904.0,0.0,0.02,0.02,0.0,1.588102099720354e-05,1.588102099720354e-05,0.0,0.00041002473890199904,0.00041002473890199904,0.0,0.0003,0.0003,0.0,-3.0,-3.0,0.0,0.0,0.2957142857142857,28.0,88.42857142857142,5415.765,242,Hopper-v5,2854,Agente_3
1167.832552909851,219,897024,226.16726438817767,297.90001200253033,208.57814668585974,96.7,904,0.02,-3.0,0.99,1.588102099720354e-05,0.00041002473890199904,0.0003,-167.9889678955078,0.9961258769035339,-11.02668571472168,0.04147537797689438,-3.1826553344726562,-3.0,164.14913940429688,244.03224182128906,12.361109733581543,1.6675949096679688,127.40703392028809,1.0,-167.9889678955078,0.9961258769035339,-11.02668571472168,0.04147537797689438,-3.1826553344726562,-3.0,164.14913940429688,244.03224182128906,12.361109733581543,904.0,904.0,0.0,0.02,0.02,0.0,1.588102099720354e-05,1.588102099720354e-05,0.0,0.00041002473890199904,0.00041002473890199904,0.0,0.0003,0.0003,0.0,-3.0,-3.0,0.0,0.0,0.19375,31.25,78.25,5446.452,243,Hopper-v5,2854,Agente_3
1173.3235177993774,220,901120,213.61886142480714,293.41005000330335,11.08179004745215,92.77,904,0.02,-3.0,0.99,1.588102099720354e-05,0.00041002473890199904,0.0003,-177.208740234375,1.3836406469345093,-17.455896377563477,0.040042679756879807,-3.2178094387054443,-3.0,172.40794372558594,247.82217407226562,8.538801193237305,1.7006072998046875,145.78031158447266,1.0,-177.208740234375,1.3836406469345093,-17.455896377563477,0.040042679756879807,-3.2178094387054443,-3.0,172.40794372558594,247.82217407226562,8.538801193237305,904.0,904.0,0.0,0.02,0.02,0.0,1.588102099720354e-05,1.588102099720354e-05,0.0,0.00041002473890199904,0.00041002473890199904,0.0,0.0003,0.0003,0.0,-3.0,-3.0,0.0,0.0,0.21714285714285714,25.228571428571428,79.58571428571429,5438.892,244,Hopper-v5,2854,Agente_3
1178.8535635471344,221,905216,184.5418999638074,292.1220962447147,9.2842804864166,81.46,904,0.02,-3.0,0.99,1.588102099720354e-05,0.00041002473890199904,0.0003,-177.93505859375,0.8905162215232849,-7.206320762634277,0.03872722014784813,-3.2512125968933105,-3.0,173.9443817138672,261.7196044921875,-37.87406921386719,1.6295738220214844,71.61000442504883,1.0,-177.93505859375,0.8905162215232849,-7.206320762634277,0.03872722014784813,-3.2512125968933105,-3.0,173.9443817138672,261.7196044921875,-37.87406921386719,904.0,904.0,0.0,0.02,0.02,0.0,1.588102099720354e-05,1.588102099720354e-05,0.0,0.00041002473890199904,0.00041002473890199904,0.0,0.0003,0.0003,0.0,-3.0,-3.0,0.0,0.0,0.18875,25.5,85.7375,5460.96,245,Hopper-v5,2854,Agente_3
1184.3428437709808,222,909312,154.51141846383254,290.91301470202285,9.2842804864166,69.4,904,0.02,-3.0,0.99,1.588102099720354e-05,0.00041002473890199904,0.0003,-180.75112915039062,1.1704490184783936,-6.223462104797363,0.03734647110104561,-3.2875168323516846,-3.0,176.62472534179688,263.2646179199219,-7.327425479888916,1.7103691101074219,157.7345199584961,1.0,-180.75112915039062,1.1704490184783936,-6.223462104797363,0.03734647110104561,-3.2875168323516846,-3.0,176.62472534179688,263.2646179199219,-7.327425479888916,904.0,904.0,0.0,0.02,0.02,0.0,1.588102099720354e-05,1.588102099720354e-05,0.0,0.00041002473890199904,0.00041002473890199904,0.0,0.0003,0.0003,0.0,-3.0,-3.0,0.0,0.0,0.2857142857142857,27.02857142857143,87.65714285714284,5403.287,246,Hopper-v5,2854,Agente_3
1189.625643491745,223,913408,171.92392905816843,309.5378666580644,9.2842804864166,75.2,904,0.02,-3.0,0.99,1.588102099720354e-05,0.00041002473890199904,0.0003,-184.0697479248047,1.1511304378509521,-17.812984466552734,0.03625881299376488,-3.317072868347168,-3.0,180.0673828125,274.7471923828125,2.066236972808838,1.7749404907226562,164.37163543701172,1.0,-184.0697479248047,1.1511304378509521,-17.812984466552734,0.03625881299376488,-3.317072868347168,-3.0,180.0673828125,274.7471923828125,2.066236972808838,904.0,904.0,0.0,0.02,0.02,0.0,1.588102099720354e-05,1.588102099720354e-05,0.0,0.00041002473890199904,0.00041002473890199904,0.0,0.0003,0.0003,0.0,-3.0,-3.0,0.0,0.0,0.3222222222222222,26.477777777777778,87.52222222222223,5397.73,247,Hopper-v5,2854,Agente_3
1194.7502646446228,224,917504,206.37742143143274,327.94824306047894,9.630970450353384,84.5,904,0.02,-3.0,0.99,1.588102099720354e-05,0.00041002473890199904,0.0003,-185.46556091308594,0.9947894811630249,-1.7956078052520752,0.035033345222473145,-3.351454973220825,-3.0,179.62173461914062,251.72702026367188,-12.279342651367188,1.9853897094726562,107.55313110351562,1.0,-185.46556091308594,0.9947894811630249,-1.7956078052520752,0.035033345222473145,-3.351454973220825,-3.0,179.62173461914062,251.72702026367188,-12.279342651367188,904.0,904.0,0.0,0.02,0.02,0.0,1.588102099720354e-05,1.588102099720354e-05,0.0,0.00041002473890199904,0.00041002473890199904,0.0,0.0003,0.0003,0.0,-3.0,-3.0,0.0,0.0,0.26142857142857145,26.685714285714283,87.65714285714286,5366.129,248,Hopper-v5,2854,Agente_3
1199.9614992141724,225,921600,207.44559561807452,344.45453505868335,10.908543684554832,84.15,904,0.02,-3.0,0.99,1.588102099720354e-05,0.00041002473890199904,0.0003,-183.3500518798828,1.4713016748428345,-14.313375473022461,0.033760976046323776,-3.3884496688842773,-3.0,179.0244140625,293.2829895019531,-1.8028779029846191,1.9680395126342773,169.57282257080078,1.0,-183.3500518798828,1.4713016748428345,-14.313375473022461,0.033760976046323776,-3.3884496688842773,-3.0,179.0244140625,293.2829895019531,-1.8028779029846191,904.0,904.0,0.0,0.02,0.02,0.0,1.588102099720354e-05,1.588102099720354e-05,0.0,0.00041002473890199904,0.00041002473890199904,0.0,0.0003,0.0003,0.0,-3.0,-3.0,0.0,0.0,0.20857142857142857,25.45714285714286,88.21428571428571,5357.764,249,Hopper-v5,2854,Agente_3
1205.7104122638702,226,925696,127.395385849936,354.2155567389698,53.863409302243554,59.91,904,0.02,-3.0,0.99,1.588102099720354e-05,0.00041002473890199904,0.0003,-187.035888671875,1.444528579711914,-12.603656768798828,0.03251298516988754,-3.4261157512664795,-3.0,182.24880981445312,279.0513916015625,-5.348426342010498,2.0182228088378906,179.25052642822266,1.0,-187.035888671875,1.444528579711914,-12.603656768798828,0.03251298516988754,-3.4261157512664795,-3.0,182.24880981445312,279.0513916015625,-5.348426342010498,904.0,904.0,0.0,0.02,0.02,0.0,1.588102099720354e-05,1.588102099720354e-05,0.0,0.00041002473890199904,0.00041002473890199904,0.0,0.0003,0.0003,0.0,-3.0,-3.0,0.0,0.0,0.1742857142857143,25.714285714285715,88.94285714285716,5402.368,250,Hopper-v5,2854,Agente_3
1211.0174717903137,227,929792,111.36347126259443,356.4179550389732,53.82253686120163,54.66,904,0.02,-3.0,0.99,1.588102099720354e-05,0.00041002473890199904,0.0003,-195.43435668945312,1.430513858795166,-24.103233337402344,0.03119478188455105,-3.4675045013427734,-3.0,190.85609436035156,311.5233154296875,21.9825439453125,2.2486419677734375,190.4874610900879,1.0,-195.43435668945312,1.430513858795166,-24.103233337402344,0.03119478188455105,-3.4675045013427734,-3.0,190.85609436035156,311.5233154296875,21.9825439453125,904.0,904.0,0.0,0.02,0.02,0.0,1.588102099720354e-05,1.588102099720354e-05,0.0,0.00041002473890199904,0.00041002473890199904,0.0,0.0003,0.0003,0.0,-3.0,-3.0,0.0,0.0,0.23249999999999998,25.5375,88.9375,5393.93,251,Hopper-v5,2854,Agente_3
1216.2639298439026,228,933888,162.7948811772069,356.4179550389732,53.82253686120163,69.96,904,0.02,-3.0,0.99,1.588102099720354e-05,0.00041002473890199904,0.0003,-196.16250610351562,1.1821833848953247,-25.5515193939209,0.029590770602226257,-3.5202927589416504,-3.0,191.42739868164062,303.6453857421875,34.16313171386719,1.8671646118164062,172.14520645141602,1.0,-196.16250610351562,1.1821833848953247,-25.5515193939209,0.029590770602226257,-3.5202927589416504,-3.0,191.42739868164062,303.6453857421875,34.16313171386719,904.0,904.0,0.0,0.02,0.02,0.0,1.588102099720354e-05,1.588102099720354e-05,0.0,0.00041002473890199904,0.00041002473890199904,0.0,0.0003,0.0003,0.0,-3.0,-3.0,0.0,0.0,0.18142857142857147,25.5,87.27142857142857,5395.177,252,Hopper-v5,2854,Agente_3
1221.5964257717133,229,937984,239.76826713486736,355.93402429988305,54.622900773637554,93.61,904,0.02,-3.0,0.99,1.588102099720354e-05,0.00041002473890199904,0.0003,-200.08859252929688,1.2608888149261475,-30.02713966369629,0.027972962707281113,-3.57651686668396,-3.0,195.00177001953125,299.055908203125,12.709851264953613,1.9655647277832031,172.5367431640625,1.0,-200.08859252929688,1.2608888149261475,-30.02713966369629,0.027972962707281113,-3.57651686668396,-3.0,195.00177001953125,299.055908203125,12.709851264953613,904.0,904.0,0.0,0.02,0.02,0.0,1.588102099720354e-05,1.588102099720354e-05,0.0,0.00041002473890199904,0.00041002473890199904,0.0,0.0003,0.0003,0.0,-3.0,-3.0,0.0,0.0,0.27142857142857146,27.514285714285716,87.27142857142857,5364.654,253,Hopper-v5,2854,Agente_3
1226.8843545913696,230,942080,309.28211379927086,355.93402429988305,57.91811213800535,116.04,904,0.02,-3.0,0.99,1.588102099720354e-05,0.00041002473890199904,0.0003,-200.9210205078125,1.04885995388031,-27.13161277770996,0.026614435017108917,-3.6263015270233154,-3.0,194.62252807617188,316.3857727050781,29.40773582458496,2.1550369262695312,132.17709350585938,1.0,-200.9210205078125,1.04885995388031,-27.13161277770996,0.026614435017108917,-3.6263015270233154,-3.0,194.62252807617188,316.3857727050781,29.40773582458496,904.0,904.0,0.0,0.02,0.02,0.0,1.588102099720354e-05,1.588102099720354e-05,0.0,0.00041002473890199904,0.00041002473890199904,0.0,0.0003,0.0003,0.0,-3.0,-3.0,0.0,0.0,0.32125,28.275,87.35,5344.514,254,Hopper-v5,2854,Agente_3
1232.1766366958618,231,946176,330.49821929758735,349.83505093844127,310.21398551596855,124.29,904,0.02,-3.0,0.99,1.588102099720354e-05,0.00041002473890199904,0.0003,-197.08316040039062,1.2951302528381348,-39.114280700683594,0.0253530815243721,-3.6748549938201904,-3.0,192.1589813232422,275.7602844238281,-21.542577743530273,1.8612480163574219,176.52442169189453,1.0,-197.08316040039062,1.2951302528381348,-39.114280700683594,0.0253530815243721,-3.6748549938201904,-3.0,192.1589813232422,275.7602844238281,-21.542577743530273,904.0,904.0,0.0,0.02,0.02,0.0,1.588102099720354e-05,1.588102099720354e-05,0.0,0.00041002473890199904,0.00041002473890199904,0.0,0.0003,0.0003,0.0,-3.0,-3.0,0.0,0.0,0.30857142857142855,27.185714285714287,87.39999999999999,5320.609,255,Hopper-v5,2854,Agente_3
1237.4211509227753,232,950272,321.1454849757327,338.4955692916582,302.62670996893746,122.03,904,0.02,-3.0,0.99,1.588102099720354e-05,0.00041002473890199904,0.0003,-198.92941284179688,1.261091709136963,-37.27483367919922,0.02422604151070118,-3.720327138900757,-3.0,195.87062072753906,315.0948791503906,-17.53428840637207,1.8393516540527344,108.83314323425293,1.0,-198.92941284179688,1.261091709136963,-37.27483367919922,0.02422604151070118,-3.720327138900757,-3.0,195.87062072753906,315.0948791503906,-17.53428840637207,904.0,904.0,0.0,0.02,0.02,0.0,1.588102099720354e-05,1.588102099720354e-05,0.0,0.00041002473890199904,0.00041002473890199904,0.0,0.0003,0.0003,0.0,-3.0,-3.0,0.0,0.0,0.26,26.77142857142857,87.3142857142857,5296.294,256,Hopper-v5,2854,Agente_3
1242.862750530243,233,954368,308.9772757351122,330.7612922994464,287.28109930413774,117.69,904,0.02,-3.0,0.99,1.588102099720354e-05,0.00041002473890199904,0.0003,-208.85389709472656,1.209993600845337,-38.88249969482422,0.023247791454195976,-3.761545181274414,-3.0,205.25917053222656,315.29931640625,26.47995376586914,1.8584861755371094,169.4526023864746,1.0,-208.85389709472656,1.209993600845337,-38.88249969482422,0.023247791454195976,-3.761545181274414,-3.0,205.25917053222656,315.29931640625,26.47995376586914,904.0,904.0,0.0,0.02,0.02,0.0,1.588102099720354e-05,1.588102099720354e-05,0.0,0.00041002473890199904,0.00041002473890199904,0.0,0.0003,0.0003,0.0,-3.0,-3.0,0.0,0.0,0.3125,27.475,87.30000000000001,5312.211,257,Hopper-v5,2854,Agente_3
1249.2295751571655,234,958464,281.24917382703376,320.38883858545336,218.27392528730346,109.57,904,0.02,-3.0,0.99,1.588102099720354e-05,0.00041002473890199904,0.0003,-209.2035675048828,1.4110703468322754,-42.01591491699219,0.02242938242852688,-3.7973835468292236,-3.0,206.5070037841797,331.5897521972656,6.039172172546387,1.7561569213867188,154.52261352539062,1.0,-209.2035675048828,1.4110703468322754,-42.01591491699219,0.02242938242852688,-3.7973835468292236,-3.0,206.5070037841797,331.5897521972656,6.039172172546387,904.0,904.0,0.0,0.02,0.02,0.0,1.588102099720354e-05,1.588102099720354e-05,0.0,0.00041002473890199904,0.00041002473890199904,0.0,0.0003,0.0003,0.0,-3.0,-3.0,0.0,0.0,0.15714285714285717,28.17142857142857,78.95714285714287,5436.205,258,Hopper-v5,2854,Agente_3
1254.4906945228577,235,962560,276.00088949691656,281.58565588345886,271.35374632077657,109.21875,904,0.02,-3.0,0.99,1.588102099720354e-05,0.00041002473890199904,0.0003,-17.127702713012695,0.8609853982925415,-18.286819458007812,0.02188313938677311,-3.8220388889312744,-3.0,14.167417526245117,45.12502670288086,-91.5398941040039,4.2800612449646,15.54633617401123,1.0,-17.127702713012695,0.8609853982925415,-18.286819458007812,0.02188313938677311,-3.8220388889312744,-3.0,14.167417526245117,45.12502670288086,-91.5398941040039,904.0,904.0,0.0,0.02,0.02,0.0,1.588102099720354e-05,1.588102099720354e-05,0.0,0.00041002473890199904,0.00041002473890199904,0.0,0.0003,0.0003,0.0,-3.0,-3.0,0.0,0.0,0.22125,24.0125,84.05625,5249.51,259,Hopper-v5,2854,Agente_3
1259.4398820400238,236,966656,290.08858560029626,315.29995737189347,271.35374632077657,111.359375,904,0.02,-3.0,0.99,1.588102099720354e-05,0.00041002473890199904,0.0003,-21.782611846923828,0.36549365520477295,1.5174453258514404,0.021744733676314354,-3.828383684158325,-3.0,20.161834716796875,41.94356155395508,-42.3215446472168,1.660110592842102,7.05383038520813,1.0,-21.782611846923828,0.36549365520477295,1.5174453258514404,0.021744733676314354,-3.828383684158325,-3.0,20.161834716796875,41.94356155395508,-42.3215446472168,904.0,904.0,0.0,0.02,0.02,0.0,1.588102099720354e-05,1.588102099720354e-05,0.0,0.00041002473890199904,0.00041002473890199904,0.0,0.0003,0.0003,0.0,-3.0,-3.0,0.0,0.0,0.16999999999999998,24.04285714285714,88.22857142857143,5093.906,260,Hopper-v5,2854,Agente_3
1265.69113945961,237,970752,289.84741254458964,345.6304159787144,268.1653738687643,111.89583333333333,904,0.02,-3.0,0.99,1.588102099720354e-05,0.00041002473890199904,0.0003,-26.920700073242188,0.30973488092422485,-12.453367233276367,0.021702729165554047,-3.830317258834839,-3.0,25.4100399017334,51.10981750488281,-62.6348876953125,1.4206945896148682,7.960391044616699,1.0,-26.920700073242188,0.30973488092422485,-12.453367233276367,0.021702729165554047,-3.830317258834839,-3.0,25.4100399017334,51.10981750488281,-62.6348876953125,904.0,904.0,0.0,0.02,0.02,0.0,1.588102099720354e-05,1.588102099720354e-05,0.0,0.00041002473890199904,0.00041002473890199904,0.0,0.0003,0.0003,0.0,-3.0,-3.0,0.0,0.0,0.19999999999999998,22.883333333333336,88.64999999999999,5475.388,261,Hopper-v5,2854,Agente_3
1270.7574243545532,238,974848,292.4367891049911,345.6304159787144,129.8729362401691,112.1,904,0.02,-3.0,0.99,1.588102099720354e-05,0.00041002473890199904,0.0003,-34.013671875,0.26876387000083923,-9.158805847167969,0.02163824625313282,-3.8332929611206055,-3.0,32.615135192871094,58.91569519042969,-25.77716827392578,1.1378998756408691,5.584957242012024,1.0,-34.013671875,0.26876387000083923,-9.158805847167969,0.02163824625313282,-3.8332929611206055,-3.0,32.615135192871094,58.91569519042969,-25.77716827392578,904.0,904.0,0.0,0.02,0.02,0.0,1.588102099720354e-05,1.588102099720354e-05,0.0,0.00041002473890199904,0.00041002473890199904,0.0,0.0003,0.0003,0.0,-3.0,-3.0,0.0,0.0,0.22428571428571428,25.828571428571426,88.51428571428572,5369.718,262,Hopper-v5,2854,Agente_3
1275.9517705440521,239,978944,259.66676561052464,361.92842157417607,111.79661531272497,102.58,904,0.02,-3.0,0.99,1.588102099720354e-05,0.00041002473890199904,0.0003,-37.808563232421875,0.29797491431236267,-4.67273473739624,0.021601568907499313,-3.834989309310913,-3.0,36.6430778503418,70.05899047851562,-66.67867279052734,1.193070411682129,4.336410045623779,1.0,-37.808563232421875,0.29797491431236267,-4.67273473739624,0.021601568907499313,-3.834989309310913,-3.0,36.6430778503418,70.05899047851562,-66.67867279052734,904.0,904.0,0.0,0.02,0.02,0.0,1.588102099720354e-05,1.588102099720354e-05,0.0,0.00041002473890199904,0.00041002473890199904,0.0,0.0003,0.0003,0.0,-3.0,-3.0,0.0,0.0,0.2642857142857143,27.042857142857144,87.24285714285715,5332.525,263,Hopper-v5,2854,Agente_3
1281.2398958206177,240,983040,145.20183290000895,359.44022579829505,108.16612280814815,68.25,904,0.02,-3.0,0.99,1.588102099720354e-05,0.00041002473890199904,0.0003,-47.171424865722656,0.3396986722946167,9.204643249511719,0.02157147228717804,-3.836383581161499,-3.0,45.739627838134766,75.49745178222656,-8.231782913208008,1.037221908569336,4.091702938079834,1.0,-47.171424865722656,0.3396986722946167,9.204643249511719,0.02157147228717804,-3.836383581161499,-3.0,45.739627838134766,75.49745178222656,-8.231782913208008,904.0,904.0,0.0,0.02,0.02,0.0,1.588102099720354e-05,1.588102099720354e-05,0.0,0.00041002473890199904,0.00041002473890199904,0.0,0.0003,0.0003,0.0,-3.0,-3.0,0.0,0.0,0.2657142857142857,27.88571428571429,87.04285714285716,5322.719,264,Hopper-v5,2854,Agente_3
1286.5374855995178,241,987136,110.96367025959522,121.44753830427811,105.45389344941118,58.0,904,0.02,-3.0,0.99,1.588102099720354e-05,0.00041002473890199904,0.0003,-49.52525329589844,0.26763075590133667,-1.5444352626800537,0.02152327448129654,-3.83862042427063,-3.0,48.23761749267578,84.56072998046875,-9.463287353515625,1.0458793640136719,5.140305757522583,1.0,-49.52525329589844,0.26763075590133667,-1.5444352626800537,0.02152327448129654,-3.83862042427063,-3.0,48.23761749267578,84.56072998046875,-9.463287353515625,904.0,904.0,0.0,0.02,0.02,0.0,1.588102099720354e-05,1.588102099720354e-05,0.0,0.00041002473890199904,0.00041002473890199904,0.0,0.0003,0.0003,0.0,-3.0,-3.0,0.0,0.0,0.33,28.414285714285715,86.95714285714284,5317.601,265,Hopper-v5,2854,Agente_3
1291.7610230445862,242,991232,108.54943682426092,112.87765509469858,103.0973398258006,57.29,904,0.02,-3.0,0.99,1.588102099720354e-05,0.00041002473890199904,0.0003,-56.635597229003906,0.3354094624519348,-0.025944828987121582,0.021488714963197708,-3.8402273654937744,-3.0,55.18867492675781,96.27913665771484,-2.491095542907715,1.0534343719482422,6.559097528457642,1.0,-56.635597229003906,0.3354094624519348,-0.025944828987121582,0.021488714963197708,-3.8402273654937744,-3.0,55.18867492675781,96.27913665771484,-2.491095542907715,904.0,904.0,0.0,0.02,0.02,0.0,1.588102099720354e-05,1.588102099720354e-05,0.0,0.00041002473890199904,0.00041002473890199904,0.0,0.0003,0.0003,0.0,-3.0,-3.0,0.0,0.0,0.25857142857142856,26.242857142857144,86.77142857142857,5304.377,266,Hopper-v5,2854,Agente_3
1297.235011100769,243,995328,106.9225420046618,112.87765509469858,102.08882079030785,56.79,904,0.02,-3.0,0.99,1.588102099720354e-05,0.00041002473890199904,0.0003,-60.17166519165039,0.36305755376815796,1.2972431182861328,0.021500814706087112,-3.8396644592285156,-3.0,59.13195037841797,102.51686096191406,4.015455722808838,1.0540122985839844,6.8931565284729,1.0,-60.17166519165039,0.36305755376815796,1.2972431182861328,0.021500814706087112,-3.8396644592285156,-3.0,59.13195037841797,102.51686096191406,4.015455722808838,904.0,904.0,0.0,0.02,0.02,0.0,1.588102099720354e-05,1.588102099720354e-05,0.0,0.00041002473890199904,0.00041002473890199904,0.0,0.0003,0.0003,0.0,-3.0,-3.0,0.0,0.0,0.20375,28.9125,82.1875,5321.616,267,Hopper-v5,2854,Agente_3
1302.6834704875946,244,999424,110.14653303077576,136.01120952889983,102.08882079030785,57.86,904,0.02,-3.0,0.99,1.588102099720354e-05,0.00041002473890199904,0.0003,-61.46349334716797,0.5250351428985596,4.423092365264893,0.021513905376195908,-3.8390557765960693,-3.0,60.699214935302734,111.18238830566406,-1.353161096572876,1.038893699645996,21.855297088623047,1.0,-61.46349334716797,0.5250351428985596,4.423092365264893,0.021513905376195908,-3.8390557765960693,-3.0,60.699214935302734,111.18238830566406,-1.353161096572876,904.0,904.0,0.0,0.02,0.02,0.0,1.588102099720354e-05,1.588102099720354e-05,0.0,0.00041002473890199904,0.00041002473890199904,0.0,0.0003,0.0003,0.0,-3.0,-3.0,0.0,0.0,0.14857142857142858,28.228571428571428,75.14285714285714,5333.209,268,Hopper-v5,2854,Agente_3
1307.846441268921,245,1003520,184.00932741728857,353.0979924177252,103.93261387722794,80.22,904,0.02,-3.0,0.99,1.588102099720354e-05,0.00041002473890199904,0.0003,-67.11754608154297,0.45246121287345886,4.562914848327637,0.021506417542696,-3.8394038677215576,-3.0,66.626220703125,111.39501190185547,-21.043800354003906,0.9855499267578125,7.022313594818115,1.0,-67.11754608154297,0.45246121287345886,4.562914848327637,0.021506417542696,-3.8394038677215576,-3.0,66.626220703125,111.39501190185547,-21.043800354003906,904.0,904.0,0.0,0.02,0.02,0.0,1.588102099720354e-05,1.588102099720354e-05,0.0,0.00041002473890199904,0.00041002473890199904,0.0,0.0003,0.0003,0.0,-3.0,-3.0,0.0,0.0,0.17125,25.5625,81.425,5323.583,269,Hopper-v5,2854,Agente_3
3.807400703430176,1,4096,14.871369551874537,110.81947017819653,3.5737618380848817,19.772972972972973,729,0.001147134988425042,-3.0,0.99,6.993774465064158e-05,0.00012432112163805577,0.0003,-3.216367244720459,0.36218807101249695,-0.08202454447746277,0.9836207032203674,-0.016514865681529045,-3.0,1.2511296272277832,3.3924477100372314,0.5626264214515686,1.8008185029029846,2.4209067821502686,1.0,-3.216367244720459,0.36218807101249695,-0.08202454447746277,0.9836207032203674,-0.016514865681529045,-3.0,1.2511296272277832,3.3924477100372314,0.5626264214515686,729.0,729.0,0.0,0.001147134988425042,0.001147134988425042,0.0,6.993774465064158e-05,6.993774465064158e-05,0.0,0.00012432112163805577,0.00012432112163805577,0.0,0.0003,0.0003,0.0,-3.0,-3.0,0.0,0.0,0.19499999999999998,23.866666666666664,45.28333333333333,3793.67,0,Hopper-v5,2854,Agente_4
8.974597930908203,2,8192,18.952334470981015,168.0084478045978,3.5651873343480576,23.152542372881356,729,0.001147134988425042,-3.0,0.99,6.993774465064158e-05,0.00012432112163805577,0.0003,-4.554427146911621,0.1343802660703659,-0.20325931906700134,0.9602791666984558,-0.04053127020597458,-3.0,2.7030341625213623,8.556282043457031,1.085306167602539,0.6652040481567383,3.159656047821045,1.0,-4.554427146911621,0.1343802660703659,-0.20325931906700134,0.9602791666984558,-0.04053127020597458,-3.0,2.7030341625213623,8.556282043457031,1.085306167602539,729.0,729.0,0.0,0.001147134988425042,0.001147134988425042,0.0,6.993774465064158e-05,6.993774465064158e-05,0.0,0.00012432112163805577,0.00012432112163805577,0.0,0.0003,0.0003,0.0,-3.0,-3.0,0.0,0.0,0.2642857142857143,28.228571428571428,46.942857142857136,4472.245,1,Hopper-v5,2854,Agente_4
14.160003662109375,3,12288,17.283574489409887,102.22429088622346,3.5670737596235265,21.72192513368984,729,0.001147134988425042,-3.0,0.99,6.993774465064158e-05,0.00012432112163805577,0.0003,-4.447080612182617,0.11344067752361298,-0.32455408573150635,0.9375011324882507,-0.06453731656074524,-3.0,2.5842182636260986,6.350524425506592,0.9975513815879822,0.5987808704376221,2.979248344898224,1.0,-4.447080612182617,0.11344067752361298,-0.32455408573150635,0.9375011324882507,-0.06453731656074524,-3.0,2.5842182636260986,6.350524425506592,0.9975513815879822,729.0,729.0,0.0,0.001147134988425042,0.001147134988425042,0.0,6.993774465064158e-05,6.993774465064158e-05,0.0,0.00012432112163805577,0.00012432112163805577,0.0,0.0003,0.0003,0.0,-3.0,-3.0,0.0,0.0,0.25142857142857145,28.05714285714286,47.17142857142857,4705.691,2,Hopper-v5,2854,Agente_4
19.420347213745117,4,16384,20.84331037297493,195.01270146831072,4.544728231428994,23.91860465116279,729,0.001147134988425042,-3.0,0.99,6.993774465064158e-05,0.00012432112163805577,0.0003,-4.474028587341309,0.10586290806531906,-0.4439963102340698,0.9152752757072449,-0.08853036910295486,-3.0,2.6928751468658447,9.150897026062012,0.8651087284088135,0.569242000579834,2.752227783203125,1.0,-4.474028587341309,0.10586290806531906,-0.4439963102340698,0.9152752757072449,-0.08853036910295486,-3.0,2.6928751468658447,9.150897026062012,0.8651087284088135,729.0,729.0,0.0,0.001147134988425042,0.001147134988425042,0.0,6.993774465064158e-05,6.993774465064158e-05,0.0,0.00012432112163805577,0.00012432112163805577,0.0,0.0003,0.0003,0.0,-3.0,-3.0,0.0,0.0,0.2785714285714286,27.528571428571432,47.41428571428571,4841.061,3,Hopper-v5,2854,Agente_4
24.612038135528564,5,20480,18.824560093239157,149.12529993792754,4.484164287402064,23.057803468208093,729,0.001147134988425042,-3.0,0.99,6.993774465064158e-05,0.00012432112163805577,0.0003,-4.374401092529297,0.0646415501832962,-0.5630004405975342,0.8935812711715698,-0.11251803487539291,-3.0,2.644775629043579,8.385927200317383,0.8670309782028198,0.4933776557445526,2.7571192383766174,1.0,-4.374401092529297,0.0646415501832962,-0.5630004405975342,0.8935812711715698,-0.11251803487539291,-3.0,2.644775629043579,8.385927200317383,0.8670309782028198,729.0,729.0,0.0,0.001147134988425042,0.001147134988425042,0.0,6.993774465064158e-05,6.993774465064158e-05,0.0,0.00012432112163805577,0.00012432112163805577,0.0,0.0003,0.0003,0.0,-3.0,-3.0,0.0,0.0,0.20999999999999996,23.12222222222222,47.46666666666667,4908.768,4,Hopper-v5,2854,Agente_4
29.601978540420532,6,24576,20.819668799318965,175.2927574306653,4.318866435963299,24.405882352941177,729,0.001147134988425042,-3.0,0.99,6.993774465064158e-05,0.00012432112163805577,0.0003,-4.4825897216796875,0.06267204880714417,-0.6856037974357605,0.8724014163017273,-0.1365056186914444,-3.0,2.790379047393799,7.979288101196289,1.102580189704895,0.4937291741371155,2.674799680709839,1.0,-4.4825897216796875,0.06267204880714417,-0.6856037974357605,0.8724014163017273,-0.1365056186914444,-3.0,2.790379047393799,7.979288101196289,1.102580189704895,729.0,729.0,0.0,0.001147134988425042,0.001147134988425042,0.0,6.993774465064158e-05,6.993774465064158e-05,0.0,0.00012432112163805577,0.00012432112163805577,0.0,0.0003,0.0003,0.0,-3.0,-3.0,0.0,0.0,0.26,26.8875,47.675,4920.4,5,Hopper-v5,2854,Agente_4
34.70485854148865,7,28672,19.665262776978977,137.7373905835697,4.553406914757055,23.738372093023255,729,0.001147134988425042,-3.0,0.99,6.993774465064158e-05,0.00012432112163805577,0.0003,-4.345677375793457,0.06222524121403694,-0.8032748699188232,0.8517331480979919,-0.1604820340871811,-3.0,2.6807281970977783,7.93767786026001,0.9901012182235718,0.5204442143440247,2.797463893890381,1.0,-4.345677375793457,0.06222524121403694,-0.8032748699188232,0.8517331480979919,-0.1604820340871811,-3.0,2.6807281970977783,7.93767786026001,0.9901012182235718,729.0,729.0,0.0,0.001147134988425042,0.001147134988425042,0.0,6.993774465064158e-05,6.993774465064158e-05,0.0,0.00012432112163805577,0.00012432112163805577,0.0,0.0003,0.0003,0.0,-3.0,-3.0,0.0,0.0,0.2,26.975,48.0625,4944.244,6,Hopper-v5,2854,Agente_4
40.04742789268494,8,32768,20.596906125232483,134.496193255733,4.605720382748081,24.91358024691358,729,0.001147134988425042,-3.0,0.99,6.993774465064158e-05,0.00012432112163805577,0.0003,-4.383388042449951,0.05208287015557289,-0.923962414264679,0.831545889377594,-0.18446876108646393,-3.0,2.7691946029663086,6.7846293449401855,0.870086133480072,0.40689101815223694,2.4193846583366394,1.0,-4.383388042449951,0.05208287015557289,-0.923962414264679,0.831545889377594,-0.18446876108646393,-3.0,2.7691946029663086,6.7846293449401855,0.870086133480072,729.0,729.0,0.0,0.001147134988425042,0.001147134988425042,0.0,6.993774465064158e-05,6.993774465064158e-05,0.0,0.00012432112163805577,0.00012432112163805577,0.0,0.0003,0.0003,0.0,-3.0,-3.0,0.0,0.0,0.12857142857142856,28.814285714285713,48.28571428571428,4992.582,7,Hopper-v5,2854,Agente_4
45.515570878982544,9,36864,18.9896261389882,145.44722084713197,3.767672138584408,23.808139534883722,729,0.001147134988425042,-3.0,0.99,6.993774465064158e-05,0.00012432112163805577,0.0003,-4.459514141082764,0.060026101768016815,-1.0471439361572266,0.81184321641922,-0.20844802260398865,-3.0,2.8524343967437744,8.322288513183594,0.9522772431373596,0.4164758324623108,2.8524401783943176,1.0,-4.459514141082764,0.060026101768016815,-1.0471439361572266,0.81184321641922,-0.20844802260398865,-3.0,2.8524343967437744,8.322288513183594,0.9522772431373596,729.0,729.0,0.0,0.001147134988425042,0.001147134988425042,0.0,6.993774465064158e-05,6.993774465064158e-05,0.0,0.00012432112163805577,0.00012432112163805577,0.0,0.0003,0.0003,0.0,-3.0,-3.0,0.0,0.0,0.24428571428571436,27.88571428571429,48.42857142857144,5043.595,8,Hopper-v5,2854,Agente_4
50.5895471572876,10,40960,19.62362176084702,133.51463370396004,3.991598836317446,23.53409090909091,729,0.001147134988425042,-3.0,0.99,6.993774465064158e-05,0.00012432112163805577,0.0003,-4.3852105140686035,0.061024248600006104,-1.1741982698440552,0.7926012277603149,-0.23243507742881775,-3.0,2.827878475189209,5.944534778594971,0.9351487755775452,0.4296155273914337,2.843852996826172,1.0,-4.3852105140686035,0.061024248600006104,-1.1741982698440552,0.7926012277603149,-0.23243507742881775,-3.0,2.827878475189209,5.944534778594971,0.9351487755775452,729.0,729.0,0.0,0.001147134988425042,0.001147134988425042,0.0,6.993774465064158e-05,6.993774465064158e-05,0.0,0.00012432112163805577,0.00012432112163805577,0.0,0.0003,0.0003,0.0,-3.0,-3.0,0.0,0.0,0.26142857142857145,27.685714285714283,48.542857142857144,5045.374,9,Hopper-v5,2854,Agente_4
55.96427345275879,11,45056,19.567703566243825,144.37757559357303,3.7645455939450336,24.47953216374269,729,0.001147134988425042,-3.0,0.99,6.993774465064158e-05,0.00012432112163805577,0.0003,-4.462403774261475,0.06174539029598236,-1.2916498184204102,0.7738252282142639,-0.256409227848053,-3.0,2.9081778526306152,6.425397872924805,0.770821213722229,0.45077940821647644,2.6288031935691833,1.0,-4.462403774261475,0.06174539029598236,-1.2916498184204102,0.7738252282142639,-0.256409227848053,-3.0,2.9081778526306152,6.425397872924805,0.770821213722229,729.0,729.0,0.0,0.001147134988425042,0.001147134988425042,0.0,6.993774465064158e-05,6.993774465064158e-05,0.0,0.00012432112163805577,0.00012432112163805577,0.0,0.0003,0.0003,0.0,-3.0,-3.0,0.0,0.0,0.275,27.7875,48.875,5202.289,10,Hopper-v5,2854,Agente_4
61.015716791152954,12,49152,19.458492945071058,118.44935095258919,2.7850242640661915,23.738372093023255,729,0.001147134988425042,-3.0,0.99,6.993774465064158e-05,0.00012432112163805577,0.0003,-4.373647689819336,0.05840318650007248,-1.4068706035614014,0.7555118799209595,-0.28035974502563477,-3.0,2.904040813446045,7.776246547698975,0.7179539799690247,0.3668600022792816,2.5658010840415955,1.0,-4.373647689819336,0.05840318650007248,-1.4068706035614014,0.7555118799209595,-0.28035974502563477,-3.0,2.904040813446045,7.776246547698975,0.7179539799690247,729.0,729.0,0.0,0.001147134988425042,0.001147134988425042,0.0,6.993774465064158e-05,6.993774465064158e-05,0.0,0.00012432112163805577,0.00012432112163805577,0.0,0.0003,0.0003,0.0,-3.0,-3.0,0.0,0.0,0.2871428571428571,27.614285714285717,49.01428571428571,5191.184,11,Hopper-v5,2854,Agente_4
66.09692811965942,13,53248,21.5024930588783,199.22886695172687,4.191806525166111,24.03488372093023,729,0.001147134988425042,-3.0,0.99,6.993774465064158e-05,0.00012432112163805577,0.0003,-4.527595520019531,0.046646565198898315,-1.526346206665039,0.7376274466514587,-0.3043164312839508,-3.0,3.079369068145752,6.402101516723633,0.5863906741142273,0.35872501134872437,2.4405059814453125,1.0,-4.527595520019531,0.046646565198898315,-1.526346206665039,0.7376274466514587,-0.3043164312839508,-3.0,3.079369068145752,6.402101516723633,0.5863906741142273,729.0,729.0,0.0,0.001147134988425042,0.001147134988425042,0.0,6.993774465064158e-05,6.993774465064158e-05,0.0,0.00012432112163805577,0.00012432112163805577,0.0,0.0003,0.0003,0.0,-3.0,-3.0,0.0,0.0,0.2357142857142857,27.571428571428566,49.44285714285714,5180.877,12,Hopper-v5,2854,Agente_4
71.46023488044739,14,57344,19.76736123092362,113.73031979079303,3.2474479877064897,22.08433734939759,1490,0.015936289026228352,-3.0,0.99,0.00018228534958279231,0.0006358960048662688,0.0003,-4.452820777893066,0.03906991332769394,-1.6191385984420776,0.7238478660583496,-0.32317405939102173,-3.0,3.0766355991363525,8.377433776855469,0.7000744342803955,0.4103451371192932,1.6574583947658539,1.0,-4.452820777893066,0.03906991332769394,-1.6191385984420776,0.7238478660583496,-0.32317405939102173,-3.0,3.0766355991363525,8.377433776855469,0.7000744342803955,1490.0,1490.0,0.0,0.015936289026228352,0.015936289026228352,0.0,0.00018228534958279231,0.00018228534958279231,0.0,0.0006358960048662688,0.0006358960048662688,0.0,0.0003,0.0003,0.0,-3.0,-3.0,0.0,0.0,0.27909090909090906,24.836363636363636,52.12727272727273,5174.993,13,Hopper-v5,2854,Agente_4
76.59762930870056,15,61440,19.692363673415358,158.82959086298135,3.0574493573231516,24.64968152866242,1490,0.015936289026228352,-3.0,0.99,0.00018228534958279231,0.0006358960048662688,0.0003,-6.556624412536621,0.07616081833839417,-1.7463703155517578,0.7062198519706726,-0.3478287160396576,-3.0,5.1842780113220215,16.979290008544922,0.9586005210876465,0.40077340602874756,3.803922414779663,1.0,-6.556624412536621,0.07616081833839417,-1.7463703155517578,0.7062198519706726,-0.3478287160396576,-3.0,5.1842780113220215,16.979290008544922,0.9586005210876465,1490.0,1490.0,0.0,0.015936289026228352,0.015936289026228352,0.0,0.00018228534958279231,0.00018228534958279231,0.0,0.0006358960048662688,0.0006358960048662688,0.0,0.0003,0.0003,0.0,-3.0,-3.0,0.0,0.0,0.26142857142857145,27.62857142857143,52.90000000000001,5148.09,14,Hopper-v5,2854,Agente_4
81.85471439361572,16,65536,30.695528761356588,154.45676124059702,4.736319904167214,30.450381679389313,1490,0.015936289026228352,-3.0,0.99,0.00018228534958279231,0.0006358960048662688,0.0003,-8.473021507263184,0.0804317519068718,-1.8336117267608643,0.6892482042312622,-0.3721538782119751,-3.0,7.213646411895752,15.827953338623047,0.5577631592750549,0.3850414752960205,3.894877851009369,1.0,-8.473021507263184,0.0804317519068718,-1.8336117267608643,0.6892482042312622,-0.3721538782119751,-3.0,7.213646411895752,15.827953338623047,0.5577631592750549,1490.0,1490.0,0.0,0.015936289026228352,0.015936289026228352,0.0,0.00018228534958279231,0.00018228534958279231,0.0,0.0006358960048662688,0.0006358960048662688,0.0,0.0003,0.0003,0.0,-3.0,-3.0,0.0,0.0,0.25,27.242857142857144,53.07142857142858,5179.555,15,Hopper-v5,2854,Agente_4
87.12608742713928,17,69632,56.78094749334299,186.7213033773513,4.983459330936601,42.26,1490,0.015936289026228352,-3.0,0.99,0.00018228534958279231,0.0006358960048662688,0.0003,-10.870723724365234,0.13811463117599487,-1.8632267713546753,0.6731263399124146,-0.39582231640815735,-3.0,9.623520851135254,20.559213638305664,0.36833542585372925,0.5839776992797852,9.055132389068604,1.0,-10.870723724365234,0.13811463117599487,-1.8632267713546753,0.6731263399124146,-0.39582231640815735,-3.0,9.623520851135254,20.559213638305664,0.36833542585372925,1490.0,1490.0,0.0,0.015936289026228352,0.015936289026228352,0.0,0.00018228534958279231,0.00018228534958279231,0.0,0.0006358960048662688,0.0006358960048662688,0.0,0.0003,0.0003,0.0,-3.0,-3.0,0.0,0.0,0.19999999999999998,28.27142857142857,53.34285714285714,5199.37,16,Hopper-v5,2854,Agente_4
92.41223478317261,18,73728,81.58188416259965,183.94657335470527,7.180017117939051,52.64,1490,0.015936289026228352,-3.0,0.99,0.00018228534958279231,0.0006358960048662688,0.0003,-12.808855056762695,0.18186160922050476,-1.9227139949798584,0.6579532027244568,-0.4186214208602905,-3.0,11.40877628326416,24.65804672241211,0.17768219113349915,0.6645452976226807,11.340577840805054,1.0,-12.808855056762695,0.18186160922050476,-1.9227139949798584,0.6579532027244568,-0.4186214208602905,-3.0,11.40877628326416,24.65804672241211,0.17768219113349915,1490.0,1490.0,0.0,0.015936289026228352,0.015936289026228352,0.0,0.00018228534958279231,0.00018228534958279231,0.0,0.0006358960048662688,0.0006358960048662688,0.0,0.0003,0.0003,0.0,-3.0,-3.0,0.0,0.0,0.20875,28.0625,53.425,5214.504,17,Hopper-v5,2854,Agente_4
97.55978512763977,19,77824,87.4865301397341,171.70460906350482,45.23000568130778,53.67,1490,0.015936289026228352,-3.0,0.99,0.00018228534958279231,0.0006358960048662688,0.0003,-15.281795501708984,0.18335071206092834,-1.9547791481018066,0.6436614990234375,-0.4405823349952698,-3.0,13.820566177368164,28.833019256591797,0.17349013686180115,0.642263650894165,12.948981761932373,1.0,-15.281795501708984,0.18335071206092834,-1.9547791481018066,0.6436614990234375,-0.4405823349952698,-3.0,13.820566177368164,28.833019256591797,0.17349013686180115,1490.0,1490.0,0.0,0.015936289026228352,0.015936289026228352,0.0,0.00018228534958279231,0.00018228534958279231,0.0,0.0006358960048662688,0.0006358960048662688,0.0,0.0003,0.0003,0.0,-3.0,-3.0,0.0,0.0,0.1957142857142857,27.61428571428571,53.51428571428572,5201.627,18,Hopper-v5,2854,Agente_4
103.04268765449524,20,81920,82.39647947525063,171.70460906350482,40.49720900680083,49.71,1490,0.015936289026228352,-3.0,0.99,0.00018228534958279231,0.0006358960048662688,0.0003,-18.169414520263672,0.17942726612091064,-1.9331612586975098,0.6302849650382996,-0.4615831673145294,-3.0,16.505929946899414,36.406192779541016,0.5585981607437134,0.6718034744262695,11.342572212219238,1.0,-18.169414520263672,0.17942726612091064,-1.9331612586975098,0.6302849650382996,-0.4615831673145294,-3.0,16.505929946899414,36.406192779541016,0.5585981607437134,1490.0,1490.0,0.0,0.015936289026228352,0.015936289026228352,0.0,0.00018228534958279231,0.00018228534958279231,0.0,0.0006358960048662688,0.0006358960048662688,0.0,0.0003,0.0003,0.0,-3.0,-3.0,0.0,0.0,0.27285714285714285,27.657142857142855,53.628571428571426,5240.159,19,Hopper-v5,2854,Agente_4
108.47752642631531,21,86016,83.9793870295138,143.7011251146905,43.01669818353715,47.77,1490,0.015936289026228352,-3.0,0.99,0.00018228534958279231,0.0006358960048662688,0.0003,-21.21126365661621,0.30741310119628906,-1.872154951095581,0.6174294352531433,-0.4821905195713043,-3.0,19.808320999145508,37.26754379272461,0.19695940613746643,0.752307653427124,20.955644130706787,1.0,-21.21126365661621,0.30741310119628906,-1.872154951095581,0.6174294352531433,-0.4821905195713043,-3.0,19.808320999145508,37.26754379272461,0.19695940613746643,1490.0,1490.0,0.0,0.015936289026228352,0.015936289026228352,0.0,0.00018228534958279231,0.00018228534958279231,0.0,0.0006358960048662688,0.0006358960048662688,0.0,0.0003,0.0003,0.0,-3.0,-3.0,0.0,0.0,0.30125,28.112499999999997,53.8375,5262.77,20,Hopper-v5,2854,Agente_4
113.7341821193695,22,90112,95.78462034321916,165.9865985905581,46.060604682633546,52.69,1490,0.015936289026228352,-3.0,0.99,0.00018228534958279231,0.0006358960048662688,0.0003,-23.26712989807129,0.2329602986574173,-2.0058813095092773,0.605058491230011,-0.5024301409721375,-3.0,21.40491485595703,37.38158416748047,1.0002505779266357,0.6900844573974609,17.91896152496338,1.0,-23.26712989807129,0.2329602986574173,-2.0058813095092773,0.605058491230011,-0.5024301409721375,-3.0,21.40491485595703,37.38158416748047,1.0002505779266357,1490.0,1490.0,0.0,0.015936289026228352,0.015936289026228352,0.0,0.00018228534958279231,0.00018228534958279231,0.0,0.0006358960048662688,0.0006358960048662688,0.0,0.0003,0.0003,0.0,-3.0,-3.0,0.0,0.0,0.25142857142857145,28.37142857142857,54.214285714285715,5260.519,21,Hopper-v5,2854,Agente_4
118.95254898071289,23,94208,107.76327239557844,181.75671056602906,45.983645470752435,57.58,1490,0.015936289026228352,-3.0,0.99,0.00018228534958279231,0.0006358960048662688,0.0003,-27.908897399902344,0.3195308446884155,-2.0808956623077393,0.5929917693138123,-0.5225748419761658,-3.0,26.37155532836914,48.951541900634766,1.0694321393966675,0.7586188316345215,24.930660724639893,1.0,-27.908897399902344,0.3195308446884155,-2.0808956623077393,0.5929917693138123,-0.5225748419761658,-3.0,26.37155532836914,48.951541900634766,1.0694321393966675,1490.0,1490.0,0.0,0.015936289026228352,0.015936289026228352,0.0,0.00018228534958279231,0.00018228534958279231,0.0,0.0006358960048662688,0.0006358960048662688,0.0,0.0003,0.0003,0.0,-3.0,-3.0,0.0,0.0,0.2285714285714286,28.485714285714288,54.38571428571429,5255.302,22,Hopper-v5,2854,Agente_4
124.16420245170593,24,98304,117.72214859562742,190.27566581909298,42.70787996306601,61.66,1490,0.015936289026228352,-3.0,0.99,0.00018228534958279231,0.0006358960048662688,0.0003,-29.41139793395996,0.3419766426086426,-1.8972198963165283,0.5812339186668396,-0.542602002620697,-3.0,27.387929916381836,43.50933074951172,3.5980563163757324,0.8888301849365234,25.89911127090454,1.0,-29.41139793395996,0.3419766426086426,-1.8972198963165283,0.5812339186668396,-0.542602002620697,-3.0,27.387929916381836,43.50933074951172,3.5980563163757324,1490.0,1490.0,0.0,0.015936289026228352,0.015936289026228352,0.0,0.00018228534958279231,0.00018228534958279231,0.0,0.0006358960048662688,0.0006358960048662688,0.0,0.0003,0.0003,0.0,-3.0,-3.0,0.0,0.0,0.24,28.32857142857143,54.800000000000004,5257.602,23,Hopper-v5,2854,Agente_4
129.30869364738464,25,102400,138.6426292684782,214.84912121264614,42.70787996306601,69.35,1490,0.015936289026228352,-3.0,0.99,0.00018228534958279231,0.0006358960048662688,0.0003,-31.235000610351562,0.3502318561077118,-2.1037955284118652,0.5697828531265259,-0.5624999403953552,-3.0,29.453338623046875,53.20166015625,0.11931804567575455,0.9586544036865234,31.661755561828613,1.0,-31.235000610351562,0.3502318561077118,-2.1037955284118652,0.5697828531265259,-0.5624999403953552,-3.0,29.453338623046875,53.20166015625,0.11931804567575455,1490.0,1490.0,0.0,0.015936289026228352,0.015936289026228352,0.0,0.00018228534958279231,0.00018228534958279231,0.0,0.0006358960048662688,0.0006358960048662688,0.0,0.0003,0.0003,0.0,-3.0,-3.0,0.0,0.0,0.26,27.662499999999998,56.825,5258.769,24,Hopper-v5,2854,Agente_4
134.64928555488586,26,106496,162.37946641099936,218.71751947422447,41.71823925102854,77.82,1490,0.015936289026228352,-3.0,0.99,0.00018228534958279231,0.0006358960048662688,0.0003,-35.04945373535156,0.29340219497680664,-2.068239212036133,0.5586667656898499,-0.5822020173072815,-3.0,32.79670333862305,59.14421463012695,1.017374873161316,0.8853516578674316,27.61839008331299,1.0,-35.04945373535156,0.29340219497680664,-2.068239212036133,0.5586667656898499,-0.5822020173072815,-3.0,32.79670333862305,59.14421463012695,1.017374873161316,1490.0,1490.0,0.0,0.015936289026228352,0.015936289026228352,0.0,0.00018228534958279231,0.00018228534958279231,0.0,0.0006358960048662688,0.0006358960048662688,0.0,0.0003,0.0003,0.0,-3.0,-3.0,0.0,0.0,0.31428571428571433,27.685714285714283,57.01428571428572,5267.457,25,Hopper-v5,2854,Agente_4
140.1605842113495,27,110592,175.42395742085216,218.71751947422447,41.57021898615006,82.67,1490,0.015936289026228352,-3.0,0.99,0.00018228534958279231,0.0006358960048662688,0.0003,-38.918121337890625,0.47720080614089966,-2.0715982913970947,0.5477316975593567,-0.6019697189331055,-3.0,36.501861572265625,60.480979919433594,0.13541670143604279,1.0748748779296875,36.25915813446045,1.0,-38.918121337890625,0.47720080614089966,-2.0715982913970947,0.5477316975593567,-0.6019697189331055,-3.0,36.501861572265625,60.480979919433594,0.13541670143604279,1490.0,1490.0,0.0,0.015936289026228352,0.015936289026228352,0.0,0.00018228534958279231,0.00018228534958279231,0.0,0.0006358960048662688,0.0006358960048662688,0.0,0.0003,0.0003,0.0,-3.0,-3.0,0.0,0.0,0.2211764705882353,26.605882352941176,58.33529411764706,5291.529,26,Hopper-v5,2854,Agente_4
145.83496379852295,28,114688,183.13690937745218,212.424117846158,41.57021898615006,85.33,1490,0.015936289026228352,-3.0,0.99,0.00018228534958279231,0.0006358960048662688,0.0003,-40.39649963378906,0.46934229135513306,-2.003779172897339,0.5370099544525146,-0.6217386722564697,-3.0,37.41412353515625,65.67778778076172,1.721456527709961,1.2234725952148438,34.69693183898926,1.0,-40.39649963378906,0.46934229135513306,-2.003779172897339,0.5370099544525146,-0.6217386722564697,-3.0,37.41412353515625,65.67778778076172,1.721456527709961,1490.0,1490.0,0.0,0.015936289026228352,0.015936289026228352,0.0,0.00018228534958279231,0.00018228534958279231,0.0,0.0006358960048662688,0.0006358960048662688,0.0,0.0003,0.0003,0.0,-3.0,-3.0,0.0,0.0,0.255,27.9,58.525000000000006,5330.032,27,Hopper-v5,2854,Agente_4
150.96323108673096,29,118784,185.9823329222526,213.3071211741599,43.669448164394474,86.07,1490,0.015936289026228352,-3.0,0.99,0.00018228534958279231,0.0006358960048662688,0.0003,-44.222267150878906,0.4939489960670471,-2.171100378036499,0.5264120697975159,-0.6416709423065186,-3.0,41.60298538208008,71.39689636230469,1.273592233657837,1.1153268814086914,41.11557388305664,1.0,-44.222267150878906,0.4939489960670471,-2.171100378036499,0.5264120697975159,-0.6416709423065186,-3.0,41.60298538208008,71.39689636230469,1.273592233657837,1490.0,1490.0,0.0,0.015936289026228352,0.015936289026228352,0.0,0.00018228534958279231,0.00018228534958279231,0.0,0.0006358960048662688,0.0006358960048662688,0.0,0.0003,0.0003,0.0,-3.0,-3.0,0.0,0.0,0.26857142857142857,27.442857142857147,58.58571428571429,5327.682,28,Hopper-v5,2854,Agente_4
156.2311818599701,30,122880,189.03437514949647,217.28757110811955,45.73866298351488,87.14,1490,0.015936289026228352,-3.0,0.99,0.00018228534958279231,0.0006358960048662688,0.0003,-45.98667907714844,0.5933802127838135,-2.2390012741088867,0.5159674286842346,-0.6617116332054138,-3.0,43.32695770263672,71.51561737060547,1.4538910388946533,1.06646728515625,45.042771339416504,1.0,-45.98667907714844,0.5933802127838135,-2.2390012741088867,0.5159674286842346,-0.6617116332054138,-3.0,43.32695770263672,71.51561737060547,1.4538910388946533,1490.0,1490.0,0.0,0.015936289026228352,0.015936289026228352,0.0,0.00018228534958279231,0.00018228534958279231,0.0,0.0006358960048662688,0.0006358960048662688,0.0,0.0003,0.0003,0.0,-3.0,-3.0,0.0,0.0,0.28,27.8,58.785714285714285,5306.134,29,Hopper-v5,2854,Agente_4
161.6308867931366,31,126976,187.8069396330737,217.28757110811955,43.585705392649075,86.34,1490,0.015936289026228352,-3.0,0.99,0.00018228534958279231,0.0006358960048662688,0.0003,-50.102195739746094,0.515070378780365,-2.3673276901245117,0.5057033896446228,-0.681804895401001,-3.0,47.503822326660156,75.1645278930664,1.7144297361373901,1.1866130828857422,48.73073387145996,1.0,-50.102195739746094,0.515070378780365,-2.3673276901245117,0.5057033896446228,-0.681804895401001,-3.0,47.503822326660156,75.1645278930664,1.7144297361373901,1490.0,1490.0,0.0,0.015936289026228352,0.015936289026228352,0.0,0.00018228534958279231,0.00018228534958279231,0.0,0.0006358960048662688,0.0006358960048662688,0.0,0.0003,0.0003,0.0,-3.0,-3.0,0.0,0.0,0.24625,27.75,58.8625,5302.995,30,Hopper-v5,2854,Agente_4
166.81374192237854,32,131072,186.1637400182493,215.7370389255448,43.585705392649075,85.07,1490,0.015936289026228352,-3.0,0.99,0.00018228534958279231,0.0006358960048662688,0.0003,-51.64363479614258,0.5811651945114136,-2.1986775398254395,0.4955776333808899,-0.7020312547683716,-3.0,48.82445526123047,79.77962493896484,0.13226792216300964,1.3495583534240723,53.47027397155762,1.0,-51.64363479614258,0.5811651945114136,-2.1986775398254395,0.4955776333808899,-0.7020312547683716,-3.0,48.82445526123047,79.77962493896484,0.13226792216300964,1490.0,1490.0,0.0,0.015936289026228352,0.015936289026228352,0.0,0.00018228534958279231,0.00018228534958279231,0.0,0.0006358960048662688,0.0006358960048662688,0.0,0.0003,0.0003,0.0,-3.0,-3.0,0.0,0.0,0.29285714285714287,27.457142857142856,59.042857142857144,5295.676,31,Hopper-v5,2854,Agente_4
172.1189501285553,33,135168,188.35096915647344,216.2816703686239,43.585705392649075,85.24,1490,0.015936289026228352,-3.0,0.99,0.00018228534958279231,0.0006358960048662688,0.0003,-55.891075134277344,0.520744264125824,-2.417686939239502,0.485624223947525,-0.7223201394081116,-3.0,53.15306854248047,85.25591278076172,0.2592170238494873,1.1759223937988281,48.87271690368652,1.0,-55.891075134277344,0.520744264125824,-2.417686939239502,0.485624223947525,-0.7223201394081116,-3.0,53.15306854248047,85.25591278076172,0.2592170238494873,1490.0,1490.0,0.0,0.015936289026228352,0.015936289026228352,0.0,0.00018228534958279231,0.00018228534958279231,0.0,0.0006358960048662688,0.0006358960048662688,0.0,0.0003,0.0003,0.0,-3.0,-3.0,0.0,0.0,0.22999999999999998,26.142857142857142,59.24285714285714,5303.922,32,Hopper-v5,2854,Agente_4
177.50463318824768,34,139264,191.41535401326118,216.2816703686239,45.710215867056164,86.04,1490,0.015936289026228352,-3.0,0.99,0.00018228534958279231,0.0006358960048662688,0.0003,-59.04890823364258,0.5301215648651123,-2.41243839263916,0.4758179485797882,-0.7427199482917786,-3.0,56.04401397705078,88.9781723022461,1.8027513027191162,1.2878923416137695,50.994924545288086,1.0,-59.04890823364258,0.5301215648651123,-2.41243839263916,0.4758179485797882,-0.7427199482917786,-3.0,56.04401397705078,88.9781723022461,1.8027513027191162,1490.0,1490.0,0.0,0.015936289026228352,0.015936289026228352,0.0,0.00018228534958279231,0.00018228534958279231,0.0,0.0006358960048662688,0.0006358960048662688,0.0,0.0003,0.0003,0.0,-3.0,-3.0,0.0,0.0,0.23375,27.5375,59.400000000000006,5321.182,33,Hopper-v5,2854,Agente_4
182.77427053451538,35,143360,199.49584910366693,215.84541120256367,176.33076554985752,88.96,1490,0.015936289026228352,-3.0,0.99,0.00018228534958279231,0.0006358960048662688,0.0003,-61.13738250732422,0.5196900367736816,-2.393864154815674,0.4662066102027893,-0.7631263732910156,-3.0,57.96173095703125,92.40901947021484,0.18978476524353027,1.245224952697754,56.35404586791992,1.0,-61.13738250732422,0.5196900367736816,-2.393864154815674,0.4662066102027893,-0.7631263732910156,-3.0,57.96173095703125,92.40901947021484,0.18978476524353027,1490.0,1490.0,0.0,0.015936289026228352,0.015936289026228352,0.0,0.00018228534958279231,0.00018228534958279231,0.0,0.0006358960048662688,0.0006358960048662688,0.0,0.0003,0.0003,0.0,-3.0,-3.0,0.0,0.0,0.2914285714285714,27.485714285714284,59.50000000000001,5333.475,34,Hopper-v5,2854,Agente_4
188.00419235229492,36,147456,202.91672145502469,216.51584984765304,176.33076554985752,90.11,1490,0.015936289026228352,-3.0,0.99,0.00018228534958279231,0.0006358960048662688,0.0003,-64.62395477294922,0.4584777355194092,-2.6360111236572266,0.45676901936531067,-0.7835775017738342,-3.0,62.28484344482422,96.27301788330078,-0.08786600083112717,1.1727418899536133,46.03483867645264,1.0,-64.62395477294922,0.4584777355194092,-2.6360111236572266,0.45676901936531067,-0.7835775017738342,-3.0,62.28484344482422,96.27301788330078,-0.08786600083112717,1490.0,1490.0,0.0,0.015936289026228352,0.015936289026228352,0.0,0.00018228534958279231,0.00018228534958279231,0.0,0.0006358960048662688,0.0006358960048662688,0.0,0.0003,0.0003,0.0,-3.0,-3.0,0.0,0.0,0.27142857142857146,27.0,59.64285714285715,5322.428,35,Hopper-v5,2854,Agente_4
192.98747086524963,37,151552,204.69637398079252,216.51584984765304,183.66888201939489,90.56,1490,0.015936289026228352,-3.0,0.99,0.00018228534958279231,0.0006358960048662688,0.0003,-67.4088134765625,0.5632937550544739,-2.692199230194092,0.4474010467529297,-0.8042998909950256,-3.0,64.66680908203125,100.75907897949219,1.41044282913208,1.2991714477539062,58.18159103393555,1.0,-67.4088134765625,0.5632937550544739,-2.692199230194092,0.4474010467529297,-0.8042998909950256,-3.0,64.66680908203125,100.75907897949219,1.41044282913208,1490.0,1490.0,0.0,0.015936289026228352,0.015936289026228352,0.0,0.00018228534958279231,0.00018228534958279231,0.0,0.0006358960048662688,0.0006358960048662688,0.0,0.0003,0.0003,0.0,-3.0,-3.0,0.0,0.0,0.26999999999999996,24.185714285714287,60.1,5269.74,36,Hopper-v5,2854,Agente_4
199.04083514213562,38,155648,206.44999606617938,216.51584984765304,186.28382125354156,91.13,1490,0.015936289026228352,-3.0,0.99,0.00018228534958279231,0.0006358960048662688,0.0003,-70.24468994140625,0.4081140458583832,-2.8185200691223145,0.43820396065711975,-0.825070858001709,-3.0,67.32676696777344,105.10520935058594,0.733522355556488,1.1638660430908203,42.72944450378418,1.0,-70.24468994140625,0.4081140458583832,-2.8185200691223145,0.43820396065711975,-0.825070858001709,-3.0,67.32676696777344,105.10520935058594,0.733522355556488,1490.0,1490.0,0.0,0.015936289026228352,0.015936289026228352,0.0,0.00018228534958279231,0.00018228534958279231,0.0,0.0006358960048662688,0.0006358960048662688,0.0,0.0003,0.0003,0.0,-3.0,-3.0,0.0,0.0,0.10500000000000001,16.919999999999998,59.504999999999995,5307.913,37,Hopper-v5,2854,Agente_4
204.13569474220276,39,159744,207.39392107893084,216.1843810247663,188.46746138666646,91.37,1490,0.015936289026228352,-3.0,0.99,0.00018228534958279231,0.0006358960048662688,0.0003,-71.00462341308594,0.5890843272209167,-2.7690279483795166,0.42923519015312195,-0.8457503318786621,-3.0,67.8753433227539,107.46422576904297,0.05687304586172104,1.2033042907714844,62.79190635681152,1.0,-71.00462341308594,0.5890843272209167,-2.7690279483795166,0.42923519015312195,-0.8457503318786621,-3.0,67.8753433227539,107.46422576904297,0.05687304586172104,1490.0,1490.0,0.0,0.015936289026228352,0.015936289026228352,0.0,0.00018228534958279231,0.00018228534958279231,0.0,0.0006358960048662688,0.0006358960048662688,0.0,0.0003,0.0003,0.0,-3.0,-3.0,0.0,0.0,0.21428571428571427,25.357142857142858,61.17142857142858,5305.05,38,Hopper-v5,2854,Agente_4
209.18514919281006,40,163840,207.7502367902325,216.1843810247663,195.75769646884575,91.53,1490,0.015936289026228352,-3.0,0.99,0.00018228534958279231,0.0006358960048662688,0.0003,-73.10972595214844,0.6659940481185913,-2.7265777587890625,0.42045342922210693,-0.8664215803146362,-3.0,69.6655502319336,108.49253845214844,-0.5529784560203552,1.4180221557617188,67.84016036987305,1.0,-73.10972595214844,0.6659940481185913,-2.7265777587890625,0.42045342922210693,-0.8664215803146362,-3.0,69.6655502319336,108.49253845214844,-0.5529784560203552,1490.0,1490.0,0.0,0.015936289026228352,0.015936289026228352,0.0,0.00018228534958279231,0.00018228534958279231,0.0,0.0006358960048662688,0.0006358960048662688,0.0,0.0003,0.0003,0.0,-3.0,-3.0,0.0,0.0,0.1773684210526316,26.08421052631579,66.67894736842106,5283.207,39,Hopper-v5,2854,Agente_4
214.27420473098755,41,167936,207.6009038505714,216.3693648679262,192.2267445698569,91.54,1490,0.015936289026228352,-3.0,0.99,0.00018228534958279231,0.0006358960048662688,0.0003,-75.68476867675781,0.6399458646774292,-2.7983903884887695,0.411772221326828,-0.8872849345207214,-3.0,72.53465270996094,113.47509002685547,-1.2057132720947266,1.288193702697754,69.62257385253906,1.0,-75.68476867675781,0.6399458646774292,-2.7983903884887695,0.411772221326828,-0.8872849345207214,-3.0,72.53465270996094,113.47509002685547,-1.2057132720947266,1490.0,1490.0,0.0,0.015936289026228352,0.015936289026228352,0.0,0.00018228534958279231,0.00018228534958279231,0.0,0.0006358960048662688,0.0006358960048662688,0.0,0.0003,0.0003,0.0,-3.0,-3.0,0.0,0.0,0.27714285714285714,27.542857142857144,66.30000000000001,5251.816,40,Hopper-v5,2854,Agente_4
219.56863021850586,42,172032,208.82758351126674,218.32382593973955,192.2267445698569,91.98,1490,0.015936289026228352,-3.0,0.99,0.00018228534958279231,0.0006358960048662688,0.0003,-76.949951171875,0.6178579330444336,-2.360330581665039,0.40337270498275757,-0.9078943133354187,-3.0,73.02946472167969,124.55384063720703,-1.9353736639022827,1.3444814682006836,65.79364585876465,1.0,-76.949951171875,0.6178579330444336,-2.360330581665039,0.40337270498275757,-0.9078943133354187,-3.0,73.02946472167969,124.55384063720703,-1.9353736639022827,1490.0,1490.0,0.0,0.015936289026228352,0.015936289026228352,0.0,0.00018228534958279231,0.00018228534958279231,0.0,0.0006358960048662688,0.0006358960048662688,0.0,0.0003,0.0003,0.0,-3.0,-3.0,0.0,0.0,0.2575,27.9375,66.45,5262.973,41,Hopper-v5,2854,Agente_4
225.01115155220032,43,176128,210.10802747758592,218.32382593973955,195.4310119010302,92.31,1490,0.015936289026228352,-3.0,0.99,0.00018228534958279231,0.0006358960048662688,0.0003,-81.32659912109375,0.5518589019775391,-2.8537778854370117,0.3950916528701782,-0.9286375045776367,-3.0,79.08914184570312,131.00389099121094,-1.6910991668701172,1.119527816772461,69.19394493103027,1.0,-81.32659912109375,0.5518589019775391,-2.8537778854370117,0.3950916528701782,-0.9286375045776367,-3.0,79.08914184570312,131.00389099121094,-1.6910991668701172,1490.0,1490.0,0.0,0.015936289026228352,0.015936289026228352,0.0,0.00018228534958279231,0.00018228534958279231,0.0,0.0006358960048662688,0.0006358960048662688,0.0,0.0003,0.0003,0.0,-3.0,-3.0,0.0,0.0,0.21,27.657142857142862,66.48571428571428,5277.085,42,Hopper-v5,2854,Agente_4
230.26910734176636,44,180224,210.383757312014,218.2692570352434,195.4310119010302,92.35,1490,0.015936289026228352,-3.0,0.99,0.00018228534958279231,0.0006358960048662688,0.0003,-80.46817016601562,0.5238650441169739,-2.9439384937286377,0.387021541595459,-0.9492748975753784,-3.0,77.06239318847656,122.12972259521484,-1.805138111114502,1.2529716491699219,63.14109230041504,1.0,-80.46817016601562,0.5238650441169739,-2.9439384937286377,0.387021541595459,-0.9492748975753784,-3.0,77.06239318847656,122.12972259521484,-1.805138111114502,1490.0,1490.0,0.0,0.015936289026228352,0.015936289026228352,0.0,0.00018228534958279231,0.00018228534958279231,0.0,0.0006358960048662688,0.0006358960048662688,0.0,0.0003,0.0003,0.0,-3.0,-3.0,0.0,0.0,0.25375000000000003,27.262500000000003,66.47500000000001,5264.793,43,Hopper-v5,2854,Agente_4
235.58728647232056,45,184320,210.21983919592955,218.2692570352434,190.38336355918537,92.41,1490,0.015936289026228352,-3.0,0.99,0.00018228534958279231,0.0006358960048662688,0.0003,-82.84007263183594,0.6978380084037781,-2.751220941543579,0.3790847361087799,-0.9699955582618713,-3.0,79.76332092285156,122.51167297363281,-1.423781156539917,1.3363037109375,74.1095199584961,1.0,-82.84007263183594,0.6978380084037781,-2.751220941543579,0.3790847361087799,-0.9699955582618713,-3.0,79.76332092285156,122.51167297363281,-1.423781156539917,1490.0,1490.0,0.0,0.015936289026228352,0.015936289026228352,0.0,0.00018228534958279231,0.00018228534958279231,0.0,0.0006358960048662688,0.0006358960048662688,0.0,0.0003,0.0003,0.0,-3.0,-3.0,0.0,0.0,0.3085714285714286,28.028571428571432,66.55714285714286,5269.924,44,Hopper-v5,2854,Agente_4
240.75217080116272,46,188416,210.982860851217,219.91637013140127,190.38336355918537,92.73,1490,0.015936289026228352,-3.0,0.99,0.00018228534958279231,0.0006358960048662688,0.0003,-88.87239074707031,0.5319452285766602,-2.8082618713378906,0.37134453654289246,-0.9906250238418579,-3.0,85.42179870605469,128.57669067382812,-1.4689476490020752,1.23529052734375,58.48691272735596,1.0,-88.87239074707031,0.5319452285766602,-2.8082618713378906,0.37134453654289246,-0.9906250238418579,-3.0,85.42179870605469,128.57669067382812,-1.4689476490020752,1490.0,1490.0,0.0,0.015936289026228352,0.015936289026228352,0.0,0.00018228534958279231,0.00018228534958279231,0.0,0.0006358960048662688,0.0006358960048662688,0.0,0.0003,0.0003,0.0,-3.0,-3.0,0.0,0.0,0.23285714285714285,25.8,66.7,5263.474,45,Hopper-v5,2854,Agente_4
246.0075032711029,47,192512,211.1671615625372,219.91637013140127,190.38336355918537,92.69,1490,0.015936289026228352,-3.0,0.99,0.00018228534958279231,0.0006358960048662688,0.0003,-90.50525665283203,0.7107142210006714,-2.6696345806121826,0.3637872636318207,-1.0111860036849976,-3.0,86.84991455078125,129.63790893554688,-1.775247573852539,1.453989028930664,80.85725402832031,1.0,-90.50525665283203,0.7107142210006714,-2.6696345806121826,0.3637872636318207,-1.0111860036849976,-3.0,86.84991455078125,129.63790893554688,-1.775247573852539,1490.0,1490.0,0.0,0.015936289026228352,0.015936289026228352,0.0,0.00018228534958279231,0.00018228534958279231,0.0,0.0006358960048662688,0.0006358960048662688,0.0,0.0003,0.0003,0.0,-3.0,-3.0,0.0,0.0,0.24875000000000003,27.8125,66.83749999999999,5290.503,46,Hopper-v5,2854,Agente_4
251.33503246307373,48,196608,211.0423630217102,219.33602495457706,201.46860147620274,92.28,1490,0.015936289026228352,-3.0,0.99,0.00018228534958279231,0.0006358960048662688,0.0003,-90.61166381835938,0.6491552591323853,-3.1540627479553223,0.3563075363636017,-1.0319610834121704,-3.0,87.86698913574219,128.11520385742188,-1.1157572269439697,1.2743415832519531,79.67605781555176,1.0,-90.61166381835938,0.6491552591323853,-3.1540627479553223,0.3563075363636017,-1.0319610834121704,-3.0,87.86698913574219,128.11520385742188,-1.1157572269439697,1490.0,1490.0,0.0,0.015936289026228352,0.015936289026228352,0.0,0.00018228534958279231,0.00018228534958279231,0.0,0.0006358960048662688,0.0006358960048662688,0.0,0.0003,0.0003,0.0,-3.0,-3.0,0.0,0.0,0.2,27.142857142857142,66.87142857142858,5218.124,47,Hopper-v5,2854,Agente_4
256.6965091228485,49,200704,210.90858823024723,218.96163938474388,203.61170967521713,92.06,1490,0.015936289026228352,-3.0,0.99,0.00018228534958279231,0.0006358960048662688,0.0003,-92.63259887695312,0.6314728260040283,-3.1367783546447754,0.3489284813404083,-1.05288827419281,-3.0,89.13931274414062,151.46731567382812,-3.7053487300872803,1.4396018981933594,67.48836898803711,1.0,-92.63259887695312,0.6314728260040283,-3.1367783546447754,0.3489284813404083,-1.05288827419281,-3.0,89.13931274414062,151.46731567382812,-3.7053487300872803,1490.0,1490.0,0.0,0.015936289026228352,0.015936289026228352,0.0,0.00018228534958279231,0.00018228534958279231,0.0,0.0006358960048662688,0.0006358960048662688,0.0,0.0003,0.0003,0.0,-3.0,-3.0,0.0,0.0,0.27142857142857146,27.357142857142858,66.95714285714287,5244.692,48,Hopper-v5,2854,Agente_4
262.0384690761566,50,204800,211.63720991316237,221.01104196972983,202.73839256519298,92.5,1490,0.015936289026228352,-3.0,0.99,0.00018228534958279231,0.0006358960048662688,0.0003,-94.67378234863281,0.6724314093589783,-2.94486927986145,0.34160682559013367,-1.0740947723388672,-3.0,91.05213928222656,149.14361572265625,-3.4072723388671875,1.490652084350586,80.5387191772461,1.0,-94.67378234863281,0.6724314093589783,-2.94486927986145,0.34160682559013367,-1.0740947723388672,-3.0,91.05213928222656,149.14361572265625,-3.4072723388671875,1490.0,1490.0,0.0,0.015936289026228352,0.015936289026228352,0.0,0.00018228534958279231,0.00018228534958279231,0.0,0.0006358960048662688,0.0006358960048662688,0.0,0.0003,0.0003,0.0,-3.0,-3.0,0.0,0.0,0.28374999999999995,27.2375,67.125,5273.802,49,Hopper-v5,2854,Agente_4
267.1873269081116,51,208896,213.84695353827618,227.92951384819898,202.73839256519298,93.73,1490,0.015936289026228352,-3.0,0.99,0.00018228534958279231,0.0006358960048662688,0.0003,-98.9046401977539,0.5751008987426758,-3.0867178440093994,0.33453160524368286,-1.0950238704681396,-3.0,95.729736328125,142.4792938232422,-2.3719327449798584,1.3506717681884766,69.25058364868164,1.0,-98.9046401977539,0.5751008987426758,-3.0867178440093994,0.33453160524368286,-1.0950238704681396,-3.0,95.729736328125,142.4792938232422,-2.3719327449798584,1490.0,1490.0,0.0,0.015936289026228352,0.015936289026228352,0.0,0.00018228534958279231,0.00018228534958279231,0.0,0.0006358960048662688,0.0006358960048662688,0.0,0.0003,0.0003,0.0,-3.0,-3.0,0.0,0.0,0.21428571428571427,25.62857142857143,68.3,5279.941,50,Hopper-v5,2854,Agente_4
272.3064923286438,52,212992,217.3455193070374,228.68664335889937,206.53730606807235,95.9,1490,0.015936289026228352,-3.0,0.99,0.00018228534958279231,0.0006358960048662688,0.0003,-99.28062438964844,0.7438709735870361,-3.350278615951538,0.3276748061180115,-1.1157336235046387,-3.0,96.45917510986328,135.76539611816406,-3.3865363597869873,1.3338298797607422,94.9316291809082,1.0,-99.28062438964844,0.7438709735870361,-3.350278615951538,0.3276748061180115,-1.1157336235046387,-3.0,96.45917510986328,135.76539611816406,-3.3865363597869873,1490.0,1490.0,0.0,0.015936289026228352,0.015936289026228352,0.0,0.00018228534958279231,0.00018228534958279231,0.0,0.0006358960048662688,0.0006358960048662688,0.0,0.0003,0.0003,0.0,-3.0,-3.0,0.0,0.0,0.1442857142857143,25.599999999999998,69.84285714285714,5262.607,51,Hopper-v5,2854,Agente_4
277.55289793014526,53,217088,219.2650136958604,229.93387196374402,202.8273995772534,97.24,1490,0.015936289026228352,-3.0,0.99,0.00018228534958279231,0.0006358960048662688,0.0003,-99.64202880859375,0.6382247805595398,-3.044185161590576,0.321036696434021,-1.1361998319625854,-3.0,95.1943359375,151.31666564941406,-3.268955707550049,1.6639556884765625,66.02701568603516,1.0,-99.64202880859375,0.6382247805595398,-3.044185161590576,0.321036696434021,-1.1361998319625854,-3.0,95.1943359375,151.31666564941406,-3.268955707550049,1490.0,1490.0,0.0,0.015936289026228352,0.015936289026228352,0.0,0.00018228534958279231,0.00018228534958279231,0.0,0.0006358960048662688,0.0006358960048662688,0.0,0.0003,0.0003,0.0,-3.0,-3.0,0.0,0.0,0.19695652173913045,25.713043478260868,71.98695652173913,5243.151,52,Hopper-v5,2854,Agente_4
282.8088393211365,54,221184,219.52797797673887,229.93387196374402,202.8273995772534,97.42,1490,0.015936289026228352,-3.0,0.99,0.00018228534958279231,0.0006358960048662688,0.0003,-99.11883544921875,0.4972308278083801,-3.3462038040161133,0.31447988748550415,-1.1568350791931152,-3.0,95.51998901367188,148.86814880371094,-2.2545483112335205,1.6380443572998047,49.945016860961914,1.0,-99.11883544921875,0.4972308278083801,-3.3462038040161133,0.31447988748550415,-1.1568350791931152,-3.0,95.51998901367188,148.86814880371094,-2.2545483112335205,1490.0,1490.0,0.0,0.015936289026228352,0.015936289026228352,0.0,0.00018228534958279231,0.00018228534958279231,0.0,0.0006358960048662688,0.0006358960048662688,0.0,0.0003,0.0003,0.0,-3.0,-3.0,0.0,0.0,0.26,27.928571428571427,71.55714285714285,5242.823,53,Hopper-v5,2854,Agente_4
288.0704445838928,55,225280,219.95685597731895,233.82530174339138,209.1941572975328,97.45,1490,0.015936289026228352,-3.0,0.99,0.00018228534958279231,0.0006358960048662688,0.0003,-99.37548828125,0.5798339247703552,-3.1349048614501953,0.3081299066543579,-1.1772338151931763,-3.0,95.04693603515625,152.23509216308594,-4.108371734619141,1.6058425903320312,53.91535949707031,1.0,-99.37548828125,0.5798339247703552,-3.1349048614501953,0.3081299066543579,-1.1772338151931763,-3.0,95.04693603515625,152.23509216308594,-4.108371734619141,1490.0,1490.0,0.0,0.015936289026228352,0.015936289026228352,0.0,0.00018228534958279231,0.00018228534958279231,0.0,0.0006358960048662688,0.0006358960048662688,0.0,0.0003,0.0003,0.0,-3.0,-3.0,0.0,0.0,0.28285714285714286,27.8,71.5,5237.099,54,Hopper-v5,2854,Agente_4
293.3749349117279,56,229376,220.39469879244677,235.77123937141243,209.24226708553,97.68,1490,0.015936289026228352,-3.0,0.99,0.00018228534958279231,0.0006358960048662688,0.0003,-101.57380676269531,0.5139951705932617,-3.386387825012207,0.3019903898239136,-1.1973600387573242,-3.0,96.91921997070312,152.84219360351562,5.616385459899902,1.43499755859375,47.27043342590332,1.0,-101.57380676269531,0.5139951705932617,-3.386387825012207,0.3019903898239136,-1.1973600387573242,-3.0,96.91921997070312,152.84219360351562,5.616385459899902,1490.0,1490.0,0.0,0.015936289026228352,0.015936289026228352,0.0,0.00018228534958279231,0.00018228534958279231,0.0,0.0006358960048662688,0.0006358960048662688,0.0,0.0003,0.0003,0.0,-3.0,-3.0,0.0,0.0,0.21125,27.3,71.5375,5250.861,55,Hopper-v5,2854,Agente_4
298.8489742279053,57,233472,220.90879651111837,235.77123937141243,207.86870197719986,98.04,1490,0.015936289026228352,-3.0,0.99,0.00018228534958279231,0.0006358960048662688,0.0003,-107.26924133300781,0.5922252535820007,-3.0189380645751953,0.29602962732315063,-1.21729576587677,-3.0,102.52490997314453,153.11024475097656,-0.9280653595924377,1.4426755905151367,60.893099784851074,1.0,-107.26924133300781,0.5922252535820007,-3.0189380645751953,0.29602962732315063,-1.21729576587677,-3.0,102.52490997314453,153.11024475097656,-0.9280653595924377,1490.0,1490.0,0.0,0.015936289026228352,0.015936289026228352,0.0,0.00018228534958279231,0.00018228534958279231,0.0,0.0006358960048662688,0.0006358960048662688,0.0,0.0003,0.0003,0.0,-3.0,-3.0,0.0,0.0,0.29000000000000004,27.642857142857142,71.5142857142857,5272.768,56,Hopper-v5,2854,Agente_4
304.0675964355469,58,237568,219.05952701070103,233.57231086279248,204.9655226656926,96.91,1490,0.015936289026228352,-3.0,0.99,0.00018228534958279231,0.0006358960048662688,0.0003,-103.75032043457031,0.7251818180084229,-2.982865571975708,0.2902640402317047,-1.236964225769043,-3.0,99.19686889648438,149.2191162109375,-2.483886957168579,1.6511073112487793,80.10070610046387,1.0,-103.75032043457031,0.7251818180084229,-2.982865571975708,0.2902640402317047,-1.236964225769043,-3.0,99.19686889648438,149.2191162109375,-2.483886957168579,1490.0,1490.0,0.0,0.015936289026228352,0.015936289026228352,0.0,0.00018228534958279231,0.00018228534958279231,0.0,0.0006358960048662688,0.0006358960048662688,0.0,0.0003,0.0003,0.0,-3.0,-3.0,0.0,0.0,0.23714285714285716,27.300000000000004,71.5,5261.756,57,Hopper-v5,2854,Agente_4
309.48208141326904,59,241664,218.19188438175618,233.57231086279248,204.9655226656926,96.76,1490,0.015936289026228352,-3.0,0.99,0.00018228534958279231,0.0006358960048662688,0.0003,-111.2060317993164,0.5347405672073364,-3.3336567878723145,0.284555584192276,-1.256826639175415,-3.0,108.35832214355469,173.24920654296875,-2.3389647006988525,1.3262405395507812,55.354604721069336,1.0,-111.2060317993164,0.5347405672073364,-3.3336567878723145,0.284555584192276,-1.256826639175415,-3.0,108.35832214355469,173.24920654296875,-2.3389647006988525,1490.0,1490.0,0.0,0.015936289026228352,0.015936289026228352,0.0,0.00018228534958279231,0.00018228534958279231,0.0,0.0006358960048662688,0.0006358960048662688,0.0,0.0003,0.0003,0.0,-3.0,-3.0,0.0,0.0,0.2525,27.1375,71.5375,5266.515,58,Hopper-v5,2854,Agente_4
314.6400134563446,60,245760,217.98071642715794,229.77977648309508,207.16910165832442,96.51,1490,0.015936289026228352,-3.0,0.99,0.00018228534958279231,0.0006358960048662688,0.0003,-108.23953247070312,0.6645914316177368,-2.603433609008789,0.2790059447288513,-1.276522159576416,-3.0,102.82644653320312,164.18856811523438,-2.604368209838867,1.5774154663085938,90.8476791381836,1.0,-108.23953247070312,0.6645914316177368,-2.603433609008789,0.2790059447288513,-1.276522159576416,-3.0,102.82644653320312,164.18856811523438,-2.604368209838867,1490.0,1490.0,0.0,0.015936289026228352,0.015936289026228352,0.0,0.00018228534958279231,0.00018228534958279231,0.0,0.0006358960048662688,0.0006358960048662688,0.0,0.0003,0.0003,0.0,-3.0,-3.0,0.0,0.0,0.1625,27.1875,71.36250000000001,5248.129,59,Hopper-v5,2854,Agente_4
319.9425518512726,61,249856,217.94901152257899,231.24410732370927,207.16910165832442,96.21,1490,0.015936289026228352,-3.0,0.99,0.00018228534958279231,0.0006358960048662688,0.0003,-105.40840148925781,0.4669548273086548,-2.989698648452759,0.2735232412815094,-1.2963685989379883,-3.0,100.88090515136719,159.61996459960938,-4.697019577026367,1.4587364196777344,31.08916139602661,1.0,-105.40840148925781,0.4669548273086548,-2.989698648452759,0.2735232412815094,-1.2963685989379883,-3.0,100.88090515136719,159.61996459960938,-4.697019577026367,1490.0,1490.0,0.0,0.015936289026228352,0.015936289026228352,0.0,0.00018228534958279231,0.00018228534958279231,0.0,0.0006358960048662688,0.0006358960048662688,0.0,0.0003,0.0003,0.0,-3.0,-3.0,0.0,0.0,0.20857142857142857,27.0,71.28571428571429,5263.551,60,Hopper-v5,2854,Agente_4
325.19437527656555,62,253952,218.16213927440407,232.96622379746475,208.50270216613873,95.69,1490,0.015936289026228352,-3.0,0.99,0.00018228534958279231,0.0006358960048662688,0.0003,-112.77800750732422,0.5500728487968445,-3.665262460708618,0.26826101541519165,-1.315794825553894,-3.0,109.87530517578125,154.47027587890625,-2.114708185195923,1.5277538299560547,64.88096237182617,1.0,-112.77800750732422,0.5500728487968445,-3.665262460708618,0.26826101541519165,-1.315794825553894,-3.0,109.87530517578125,154.47027587890625,-2.114708185195923,1490.0,1490.0,0.0,0.015936289026228352,0.015936289026228352,0.0,0.00018228534958279231,0.00018228534958279231,0.0,0.0006358960048662688,0.0006358960048662688,0.0,0.0003,0.0003,0.0,-3.0,-3.0,0.0,0.0,0.24285714285714285,27.442857142857143,71.38571428571427,5276.678,61,Hopper-v5,2854,Agente_4
330.566974401474,63,258048,216.52928325534384,232.96622379746475,202.9721249416988,94.7,1490,0.015936289026228352,-3.0,0.99,0.00018228534958279231,0.0006358960048662688,0.0003,-113.89522552490234,0.5037496089935303,-2.9980809688568115,0.26293468475341797,-1.335849642753601,-3.0,109.64347839355469,168.29751586914062,-0.8145649433135986,1.3645572662353516,41.945823669433594,1.0,-113.89522552490234,0.5037496089935303,-2.9980809688568115,0.26293468475341797,-1.335849642753601,-3.0,109.64347839355469,168.29751586914062,-0.8145649433135986,1490.0,1490.0,0.0,0.015936289026228352,0.015936289026228352,0.0,0.00018228534958279231,0.00018228534958279231,0.0,0.0006358960048662688,0.0006358960048662688,0.0,0.0003,0.0003,0.0,-3.0,-3.0,0.0,0.0,0.18375000000000002,27.675,71.4375,5289.061,62,Hopper-v5,2854,Agente_4
335.7787299156189,64,262144,215.62872427561962,232.96622379746475,200.98419555571735,94.36,1490,0.015936289026228352,-3.0,0.99,0.00018228534958279231,0.0006358960048662688,0.0003,-111.56342315673828,0.3554096519947052,-2.936680793762207,0.25757089257240295,-1.3564603328704834,-3.0,107.45686340332031,163.1808319091797,-2.114276885986328,1.427114725112915,17.78573751449585,1.0,-111.56342315673828,0.3554096519947052,-2.936680793762207,0.25757089257240295,-1.3564603328704834,-3.0,107.45686340332031,163.1808319091797,-2.114276885986328,1490.0,1490.0,0.0,0.015936289026228352,0.015936289026228352,0.0,0.00018228534958279231,0.00018228534958279231,0.0,0.0006358960048662688,0.0006358960048662688,0.0,0.0003,0.0003,0.0,-3.0,-3.0,0.0,0.0,0.23857142857142857,27.52857142857143,71.37142857142858,5284.782,63,Hopper-v5,2854,Agente_4
340.96146869659424,65,266240,216.542872058463,231.8936406344029,200.98419555571735,94.7,1490,0.015936289026228352,-3.0,0.99,0.00018228534958279231,0.0006358960048662688,0.0003,-114.46400451660156,0.3426244258880615,-3.5380101203918457,0.2523697018623352,-1.3768601417541504,-3.0,112.55779266357422,169.64852905273438,-4.408304214477539,1.3058700561523438,15.55839490890503,1.0,-114.46400451660156,0.3426244258880615,-3.5380101203918457,0.2523697018623352,-1.3768601417541504,-3.0,112.55779266357422,169.64852905273438,-4.408304214477539,1490.0,1490.0,0.0,0.015936289026228352,0.015936289026228352,0.0,0.00018228534958279231,0.00018228534958279231,0.0,0.0006358960048662688,0.0006358960048662688,0.0,0.0003,0.0003,0.0,-3.0,-3.0,0.0,0.0,0.27285714285714285,27.442857142857143,71.1857142857143,5276.704,64,Hopper-v5,2854,Agente_4
346.29404973983765,66,270336,216.00517650268634,231.8936406344029,205.86760687176968,94.44,1490,0.015936289026228352,-3.0,0.99,0.00018228534958279231,0.0006358960048662688,0.0003,-110.37079620361328,0.5407630205154419,-3.1486775875091553,0.24706579744815826,-1.3981006145477295,-3.0,106.90965270996094,159.17697143554688,-5.011086940765381,1.5532875061035156,74.53592491149902,1.0,-110.37079620361328,0.5407630205154419,-3.1486775875091553,0.24706579744815826,-1.3981006145477295,-3.0,106.90965270996094,159.17697143554688,-5.011086940765381,1490.0,1490.0,0.0,0.015936289026228352,0.015936289026228352,0.0,0.00018228534958279231,0.00018228534958279231,0.0,0.0006358960048662688,0.0006358960048662688,0.0,0.0003,0.0003,0.0,-3.0,-3.0,0.0,0.0,0.1780769230769231,26.27692307692308,72.54230769230769,5279.609,65,Hopper-v5,2854,Agente_4
351.7275912761688,67,274432,217.10552485032608,252.58594039505522,205.86760687176968,94.88,1490,0.015936289026228352,-3.0,0.99,0.00018228534958279231,0.0006358960048662688,0.0003,-112.30404663085938,0.49827635288238525,-3.9095757007598877,0.24182485044002533,-1.419541597366333,-3.0,110.4000244140625,163.92144775390625,12.194985389709473,1.5431022644042969,45.1172456741333,1.0,-112.30404663085938,0.49827635288238525,-3.9095757007598877,0.24182485044002533,-1.419541597366333,-3.0,110.4000244140625,163.92144775390625,12.194985389709473,1490.0,1490.0,0.0,0.015936289026228352,0.015936289026228352,0.0,0.00018228534958279231,0.00018228534958279231,0.0,0.0006358960048662688,0.0006358960048662688,0.0,0.0003,0.0003,0.0,-3.0,-3.0,0.0,0.0,0.26285714285714284,27.61428571428571,72.11428571428571,5275.595,66,Hopper-v5,2854,Agente_4
357.04770588874817,68,278528,219.4434891013417,262.2669298649581,209.08852724539463,95.55,1490,0.015936289026228352,-3.0,0.99,0.00018228534958279231,0.0006358960048662688,0.0003,-112.4140625,0.6071323156356812,-3.8337466716766357,0.23656700551509857,-1.441523790359497,-3.0,110.40664672851562,163.66116333007812,5.7038397789001465,1.5020389556884766,88.28210067749023,1.0,-112.4140625,0.6071323156356812,-3.8337466716766357,0.23656700551509857,-1.441523790359497,-3.0,110.40664672851562,163.66116333007812,5.7038397789001465,1490.0,1490.0,0.0,0.015936289026228352,0.015936289026228352,0.0,0.00018228534958279231,0.00018228534958279231,0.0,0.0006358960048662688,0.0006358960048662688,0.0,0.0003,0.0003,0.0,-3.0,-3.0,0.0,0.0,0.22374999999999998,27.0,71.4375,5285.548,67,Hopper-v5,2854,Agente_4
362.64253664016724,69,282624,218.713421161066,262.2669298649581,209.08852724539463,95.2,1490,0.015936289026228352,-3.0,0.99,0.00018228534958279231,0.0006358960048662688,0.0003,-118.25569915771484,0.37079060077667236,-3.6416096687316895,0.23138335347175598,-1.4636794328689575,-3.0,115.07588195800781,164.62368774414062,11.159481048583984,1.2233657836914062,16.880597591400146,1.0,-118.25569915771484,0.37079060077667236,-3.6416096687316895,0.23138335347175598,-1.4636794328689575,-3.0,115.07588195800781,164.62368774414062,11.159481048583984,1490.0,1490.0,0.0,0.015936289026228352,0.015936289026228352,0.0,0.00018228534958279231,0.00018228534958279231,0.0,0.0006358960048662688,0.0006358960048662688,0.0,0.0003,0.0003,0.0,-3.0,-3.0,0.0,0.0,0.22875,31.737499999999997,65.16250000000001,5304.131,68,Hopper-v5,2854,Agente_4
367.861261844635,70,286720,219.2212062682558,262.2669298649581,207.6025587433415,95.25,1490,0.015936289026228352,-3.0,0.99,0.00018228534958279231,0.0006358960048662688,0.0003,-113.31741333007812,0.43688639998435974,-3.8108303546905518,0.22619515657424927,-1.4863570928573608,-3.0,111.4935073852539,163.51348876953125,4.305508136749268,1.2234020233154297,28.673680305480957,1.0,-113.31741333007812,0.43688639998435974,-3.8108303546905518,0.22619515657424927,-1.4863570928573608,-3.0,111.4935073852539,163.51348876953125,4.305508136749268,1490.0,1490.0,0.0,0.015936289026228352,0.015936289026228352,0.0,0.00018228534958279231,0.00018228534958279231,0.0,0.0006358960048662688,0.0006358960048662688,0.0,0.0003,0.0003,0.0,-3.0,-3.0,0.0,0.0,0.1742857142857143,25.47142857142857,70.91428571428573,5310.488,69,Hopper-v5,2854,Agente_4
373.7173626422882,71,290816,220.40175572437028,282.07211280360127,207.6025587433415,95.62,1490,0.015936289026228352,-3.0,0.99,0.00018228534958279231,0.0006358960048662688,0.0003,-116.95988464355469,0.4388124942779541,-3.8959012031555176,0.22101348638534546,-1.5095316171646118,-3.0,115.21196746826172,176.45350646972656,3.1780014038085938,1.3468818664550781,30.779075145721436,1.0,-116.95988464355469,0.4388124942779541,-3.8959012031555176,0.22101348638534546,-1.5095316171646118,-3.0,115.21196746826172,176.45350646972656,3.1780014038085938,1490.0,1490.0,0.0,0.015936289026228352,0.015936289026228352,0.0,0.00018228534958279231,0.00018228534958279231,0.0,0.0006358960048662688,0.0006358960048662688,0.0,0.0003,0.0003,0.0,-3.0,-3.0,0.0,0.0,0.19999999999999998,26.37142857142857,76.67142857142856,5365.68,70,Hopper-v5,2854,Agente_4
379.0883173942566,72,294912,221.80733932548242,288.5991618646922,207.6025587433415,96.39,1490,0.015936289026228352,-3.0,0.99,0.00018228534958279231,0.0006358960048662688,0.0003,-114.39057922363281,0.442757785320282,-4.062180519104004,0.21590113639831543,-1.5329346656799316,-3.0,111.88894653320312,175.26951599121094,3.6949241161346436,1.2336926460266113,12.077754020690918,1.0,-114.39057922363281,0.442757785320282,-4.062180519104004,0.21590113639831543,-1.5329346656799316,-3.0,111.88894653320312,175.26951599121094,3.6949241161346436,1490.0,1490.0,0.0,0.015936289026228352,0.015936289026228352,0.0,0.00018228534958279231,0.00018228534958279231,0.0,0.0006358960048662688,0.0006358960048662688,0.0,0.0003,0.0003,0.0,-3.0,-3.0,0.0,0.0,0.25875000000000004,27.9125,77.2,5377.616,71,Hopper-v5,2854,Agente_4
384.48179745674133,73,299008,223.47134089821245,288.5991618646922,208.8771085056792,97.2,1490,0.015936289026228352,-3.0,0.99,0.00018228534958279231,0.0006358960048662688,0.0003,-117.2640380859375,0.4180982708930969,-3.988896608352661,0.21088528633117676,-1.5564409494400024,-3.0,115.3094482421875,162.88336181640625,4.41057014465332,1.1998367309570312,14.863955974578857,1.0,-117.2640380859375,0.4180982708930969,-3.988896608352661,0.21088528633117676,-1.5564409494400024,-3.0,115.3094482421875,162.88336181640625,4.41057014465332,1490.0,1490.0,0.0,0.015936289026228352,0.015936289026228352,0.0,0.00018228534958279231,0.00018228534958279231,0.0,0.0006358960048662688,0.0006358960048662688,0.0,0.0003,0.0003,0.0,-3.0,-3.0,0.0,0.0,0.29,27.65714285714285,77.11428571428571,5379.836,72,Hopper-v5,2854,Agente_4
389.80093932151794,74,303104,223.13150442018005,284.21555952710963,208.0488037829316,96.76,1490,0.015936289026228352,-3.0,0.99,0.00018228534958279231,0.0006358960048662688,0.0003,-117.22735595703125,0.45681697130203247,-4.087317943572998,0.20588736236095428,-1.5804259777069092,-3.0,115.682861328125,167.7683563232422,-2.066368579864502,1.2549800872802734,12.685151815414429,1.0,-117.22735595703125,0.45681697130203247,-4.087317943572998,0.20588736236095428,-1.5804259777069092,-3.0,115.682861328125,167.7683563232422,-2.066368579864502,1490.0,1490.0,0.0,0.015936289026228352,0.015936289026228352,0.0,0.00018228534958279231,0.00018228534958279231,0.0,0.0006358960048662688,0.0006358960048662688,0.0,0.0003,0.0003,0.0,-3.0,-3.0,0.0,0.0,0.2571428571428572,28.02857142857143,77.05714285714286,5390.598,73,Hopper-v5,2854,Agente_4
395.19544672966003,75,307200,223.58512306558922,276.62106770822714,208.0488037829316,96.4,1490,0.015936289026228352,-3.0,0.99,0.00018228534958279231,0.0006358960048662688,0.0003,-118.36904907226562,0.4455985128879547,-4.175715446472168,0.20104102790355682,-1.6042462587356567,-3.0,116.64239501953125,168.57369995117188,3.875769853591919,1.052335262298584,12.385258197784424,1.0,-118.36904907226562,0.4455985128879547,-4.175715446472168,0.20104102790355682,-1.6042462587356567,-3.0,116.64239501953125,168.57369995117188,3.875769853591919,1490.0,1490.0,0.0,0.015936289026228352,0.015936289026228352,0.0,0.00018228534958279231,0.00018228534958279231,0.0,0.0006358960048662688,0.0006358960048662688,0.0,0.0003,0.0003,0.0,-3.0,-3.0,0.0,0.0,0.28875,27.3375,77.0125,5411.686,74,Hopper-v5,2854,Agente_4
400.5483250617981,76,311296,230.61423281849872,259.55425041313504,208.0488037829316,98.14,1490,0.015936289026228352,-3.0,0.99,0.00018228534958279231,0.0006358960048662688,0.0003,-114.94538879394531,0.6069931983947754,-3.7772133350372314,0.1962587833404541,-1.6283211708068848,-3.0,113.54435729980469,170.82733154296875,4.716621398925781,1.3159847259521484,62.615593910217285,1.0,-114.94538879394531,0.6069931983947754,-3.7772133350372314,0.1962587833404541,-1.6283211708068848,-3.0,113.54435729980469,170.82733154296875,4.716621398925781,1490.0,1490.0,0.0,0.015936289026228352,0.015936289026228352,0.0,0.00018228534958279231,0.00018228534958279231,0.0,0.0006358960048662688,0.0006358960048662688,0.0,0.0003,0.0003,0.0,-3.0,-3.0,0.0,0.0,0.21142857142857138,26.928571428571427,76.92857142857143,5413.725,75,Hopper-v5,2854,Agente_4
405.94636058807373,77,315392,241.4868063239827,273.71755608495675,214.48693953267002,100.93,1490,0.015936289026228352,-3.0,0.99,0.00018228534958279231,0.0006358960048662688,0.0003,-113.18754577636719,0.3286920189857483,-4.401916027069092,0.19157060980796814,-1.6524988412857056,-3.0,112.24407958984375,175.52940368652344,3.0643715858459473,1.0672881603240967,8.026156663894653,1.0,-113.18754577636719,0.3286920189857483,-4.401916027069092,0.19157060980796814,-1.6524988412857056,-3.0,112.24407958984375,175.52940368652344,3.0643715858459473,1490.0,1490.0,0.0,0.015936289026228352,0.015936289026228352,0.0,0.00018228534958279231,0.00018228534958279231,0.0,0.0006358960048662688,0.0006358960048662688,0.0,0.0003,0.0003,0.0,-3.0,-3.0,0.0,0.0,0.19714285714285715,27.928571428571427,76.70000000000002,5409.897,76,Hopper-v5,2854,Agente_4
411.3227982521057,78,319488,248.87801898493828,273.71755608495675,214.69953646723454,102.83,1490,0.015936289026228352,-3.0,0.99,0.00018228534958279231,0.0006358960048662688,0.0003,-121.11386108398438,0.294441282749176,-4.872824192047119,0.18685704469680786,-1.677411437034607,-3.0,120.73794555664062,166.6701202392578,6.249011516571045,0.9591155052185059,5.231894493103027,1.0,-121.11386108398438,0.294441282749176,-4.872824192047119,0.18685704469680786,-1.677411437034607,-3.0,120.73794555664062,166.6701202392578,6.249011516571045,1490.0,1490.0,0.0,0.015936289026228352,0.015936289026228352,0.0,0.00018228534958279231,0.00018228534958279231,0.0,0.0006358960048662688,0.0006358960048662688,0.0,0.0003,0.0003,0.0,-3.0,-3.0,0.0,0.0,0.17750000000000002,28.0625,76.83749999999999,5415.357,77,Hopper-v5,2854,Agente_4
417.08821749687195,79,323584,250.84426167173086,278.7257553916893,214.69953646723454,103.72,1490,0.015936289026228352,-3.0,0.99,0.00018228534958279231,0.0006358960048662688,0.0003,-117.7417221069336,0.4057576060295105,-4.635680198669434,0.18225766718387604,-1.7023338079452515,-3.0,117.08012390136719,172.1752166748047,3.670147657394409,1.1542243957519531,14.725061416625977,1.0,-117.7417221069336,0.4057576060295105,-4.635680198669434,0.18225766718387604,-1.7023338079452515,-3.0,117.08012390136719,172.1752166748047,3.670147657394409,1490.0,1490.0,0.0,0.015936289026228352,0.015936289026228352,0.0,0.00018228534958279231,0.00018228534958279231,0.0,0.0006358960048662688,0.0006358960048662688,0.0,0.0003,0.0003,0.0,-3.0,-3.0,0.0,0.0,0.12928571428571428,20.73214285714286,75.85357142857143,5432.572,78,Hopper-v5,2854,Agente_4
422.42508721351624,80,327680,256.4581127740679,296.6526641022086,215.9310124231403,106.14,1490,0.015936289026228352,-3.0,0.99,0.00018228534958279231,0.0006358960048662688,0.0003,-115.22166442871094,0.22431208193302155,-5.032934665679932,0.17788870632648468,-1.7265971899032593,-3.0,114.287353515625,167.0099639892578,2.692586898803711,1.1542091369628906,5.425003290176392,1.0,-115.22166442871094,0.22431208193302155,-5.032934665679932,0.17788870632648468,-1.7265971899032593,-3.0,114.287353515625,167.0099639892578,2.692586898803711,1490.0,1490.0,0.0,0.015936289026228352,0.015936289026228352,0.0,0.00018228534958279231,0.00018228534958279231,0.0,0.0006358960048662688,0.0006358960048662688,0.0,0.0003,0.0003,0.0,-3.0,-3.0,0.0,0.0,0.2171428571428571,25.75714285714286,75.89999999999999,5444.262,79,Hopper-v5,2854,Agente_4
427.69953203201294,81,331776,262.95073750460955,296.6526641022086,215.9310124231403,108.37,1490,0.015936289026228352,-3.0,0.99,0.00018228534958279231,0.0006358960048662688,0.0003,-114.87870788574219,0.255329430103302,-4.298766136169434,0.17377157509326935,-1.7500135898590088,-3.0,114.38386535644531,169.00283813476562,4.9321184158325195,1.14019775390625,5.442623138427734,1.0,-114.87870788574219,0.255329430103302,-4.298766136169434,0.17377157509326935,-1.7500135898590088,-3.0,114.38386535644531,169.00283813476562,4.9321184158325195,1490.0,1490.0,0.0,0.015936289026228352,0.015936289026228352,0.0,0.00018228534958279231,0.00018228534958279231,0.0,0.0006358960048662688,0.0006358960048662688,0.0,0.0003,0.0003,0.0,-3.0,-3.0,0.0,0.0,0.21285714285714283,26.014285714285712,81.67142857142858,5386.153,80,Hopper-v5,2854,Agente_4
433.06984519958496,82,335872,273.7293028675058,301.1270218505987,235.1009055221647,111.85,1490,0.015936289026228352,-3.0,0.99,0.00018228534958279231,0.0006358960048662688,0.0003,-115.80894470214844,0.2734981179237366,-4.020843982696533,0.16982907056808472,-1.7729628086090088,-3.0,114.8349838256836,167.57696533203125,7.025555610656738,1.2763175964355469,6.375695824623108,1.0,-115.80894470214844,0.2734981179237366,-4.020843982696533,0.16982907056808472,-1.7729628086090088,-3.0,114.8349838256836,167.57696533203125,7.025555610656738,1490.0,1490.0,0.0,0.015936289026228352,0.015936289026228352,0.0,0.00018228534958279231,0.00018228534958279231,0.0,0.0006358960048662688,0.0006358960048662688,0.0,0.0003,0.0003,0.0,-3.0,-3.0,0.0,0.0,0.265,27.5875,83.25,5386.232,81,Hopper-v5,2854,Agente_4
438.64002776145935,83,339968,278.9729724149071,314.4735263932443,247.80409264839776,113.72,1490,0.015936289026228352,-3.0,0.99,0.00018228534958279231,0.0006358960048662688,0.0003,-113.09318542480469,0.2673150897026062,-4.146031379699707,0.16612188518047333,-1.7950334548950195,-3.0,112.7160415649414,171.22592163085938,1.8098063468933105,1.0984573364257812,6.1760101318359375,1.0,-113.09318542480469,0.2673150897026062,-4.146031379699707,0.16612188518047333,-1.7950334548950195,-3.0,112.7160415649414,171.22592163085938,1.8098063468933105,1490.0,1490.0,0.0,0.015936289026228352,0.015936289026228352,0.0,0.00018228534958279231,0.00018228534958279231,0.0,0.0006358960048662688,0.0006358960048662688,0.0,0.0003,0.0003,0.0,-3.0,-3.0,0.0,0.0,0.21714285714285714,27.342857142857145,83.34285714285714,5403.725,82,Hopper-v5,2854,Agente_4
443.9861478805542,84,344064,284.04938337532764,330.2227163458102,247.80409264839776,116.67,1490,0.015936289026228352,-3.0,0.99,0.00018228534958279231,0.0006358960048662688,0.0003,-115.51535034179688,0.2075880914926529,-4.370149612426758,0.16263236105442047,-1.8162630796432495,-3.0,115.17669677734375,170.02781677246094,5.312500953674316,1.0817070007324219,5.5435709953308105,1.0,-115.51535034179688,0.2075880914926529,-4.370149612426758,0.16263236105442047,-1.8162630796432495,-3.0,115.17669677734375,170.02781677246094,5.312500953674316,1490.0,1490.0,0.0,0.015936289026228352,0.015936289026228352,0.0,0.00018228534958279231,0.00018228534958279231,0.0,0.0006358960048662688,0.0006358960048662688,0.0,0.0003,0.0003,0.0,-3.0,-3.0,0.0,0.0,0.21000000000000002,27.175000000000004,83.26249999999999,5406.256,83,Hopper-v5,2854,Agente_4
449.4251368045807,85,348160,287.5512348257679,348.59747374989735,243.67971994259227,119.08,1490,0.015936289026228352,-3.0,0.99,0.00018228534958279231,0.0006358960048662688,0.0003,-118.11993408203125,0.19542060792446136,-4.379735469818115,0.15927687287330627,-1.837111234664917,-3.0,117.45721435546875,170.4747314453125,5.556456089019775,0.9716033935546875,5.404732942581177,1.0,-118.11993408203125,0.19542060792446136,-4.379735469818115,0.15927687287330627,-1.837111234664917,-3.0,117.45721435546875,170.4747314453125,5.556456089019775,1490.0,1490.0,0.0,0.015936289026228352,0.015936289026228352,0.0,0.00018228534958279231,0.00018228534958279231,0.0,0.0006358960048662688,0.0006358960048662688,0.0,0.0003,0.0003,0.0,-3.0,-3.0,0.0,0.0,0.26571428571428574,27.785714285714285,83.2,5411.086,84,Hopper-v5,2854,Agente_4
454.8997550010681,86,352256,293.9582487869755,353.6098436379659,243.67971994259227,122.0,1490,0.015936289026228352,-3.0,0.99,0.00018228534958279231,0.0006358960048662688,0.0003,-118.75857543945312,0.19890238344669342,-3.847738742828369,0.15610766410827637,-1.857209324836731,-3.0,117.75028228759766,172.25062561035156,3.8400824069976807,1.0666885375976562,5.012149810791016,1.0,-118.75857543945312,0.19890238344669342,-3.847738742828369,0.15610766410827637,-1.857209324836731,-3.0,117.75028228759766,172.25062561035156,3.8400824069976807,1490.0,1490.0,0.0,0.015936289026228352,0.015936289026228352,0.0,0.00018228534958279231,0.00018228534958279231,0.0,0.0006358960048662688,0.0006358960048662688,0.0,0.0003,0.0003,0.0,-3.0,-3.0,0.0,0.0,0.22375,27.5875,83.2875,5423.161,85,Hopper-v5,2854,Agente_4
460.1619305610657,87,356352,301.93958737531176,375.5995548623889,237.52993826144478,124.95,1490,0.015936289026228352,-3.0,0.99,0.00018228534958279231,0.0006358960048662688,0.0003,-120.12010955810547,0.23906664550304413,-3.4865219593048096,0.15306207537651062,-1.8769117593765259,-3.0,119.00524139404297,170.99945068359375,0.9391831159591675,1.1209297180175781,5.670453071594238,1.0,-120.12010955810547,0.23906664550304413,-3.4865219593048096,0.15306207537651062,-1.8769117593765259,-3.0,119.00524139404297,170.99945068359375,0.9391831159591675,1490.0,1490.0,0.0,0.015936289026228352,0.015936289026228352,0.0,0.00018228534958279231,0.00018228534958279231,0.0,0.0006358960048662688,0.0006358960048662688,0.0,0.0003,0.0003,0.0,-3.0,-3.0,0.0,0.0,0.2657142857142857,27.72857142857143,83.21428571428571,5409.851,86,Hopper-v5,2854,Agente_4
465.520316362381,88,360448,318.52525349058186,408.7711859231236,237.52993826144478,130.88,1490,0.015936289026228352,-3.0,0.99,0.00018228534958279231,0.0006358960048662688,0.0003,-120.41683959960938,0.21414339542388916,-3.752392530441284,0.15029846131801605,-1.895132303237915,-3.0,119.58322143554688,172.9961700439453,2.0483899116516113,1.2059040069580078,6.651259899139404,1.0,-120.41683959960938,0.21414339542388916,-3.752392530441284,0.15029846131801605,-1.895132303237915,-3.0,119.58322143554688,172.9961700439453,2.0483899116516113,1490.0,1490.0,0.0,0.015936289026228352,0.015936289026228352,0.0,0.00018228534958279231,0.00018228534958279231,0.0,0.0006358960048662688,0.0006358960048662688,0.0,0.0003,0.0003,0.0,-3.0,-3.0,0.0,0.0,0.2814285714285714,27.671428571428567,83.08571428571429,5408.06,87,Hopper-v5,2854,Agente_4
470.7438657283783,89,364544,340.742696940414,477.65382758018364,237.52993826144478,138.08,1490,0.015936289026228352,-3.0,0.99,0.00018228534958279231,0.0006358960048662688,0.0003,-123.99528503417969,0.22639140486717224,-3.2142016887664795,0.1477901190519333,-1.9119621515274048,-3.0,122.8685073852539,170.84266662597656,3.4125211238861084,1.0177783966064453,6.358523368835449,1.0,-123.99528503417969,0.22639140486717224,-3.2142016887664795,0.1477901190519333,-1.9119621515274048,-3.0,122.8685073852539,170.84266662597656,3.4125211238861084,1490.0,1490.0,0.0,0.015936289026228352,0.015936289026228352,0.0,0.00018228534958279231,0.00018228534958279231,0.0,0.0006358960048662688,0.0006358960048662688,0.0,0.0003,0.0003,0.0,-3.0,-3.0,0.0,0.0,0.26,27.425,83.125,5353.751,88,Hopper-v5,2854,Agente_4
475.99925088882446,90,368640,350.74075797536244,481.63413849171417,245.96202069991773,142.27,1490,0.015936289026228352,-3.0,0.99,0.00018228534958279231,0.0006358960048662688,0.0003,-126.39453125,0.18186026811599731,-3.2727103233337402,0.14541953802108765,-1.9281322956085205,-3.0,125.29801940917969,175.49813842773438,5.408036708831787,1.160858154296875,5.003826141357422,1.0,-126.39453125,0.18186026811599731,-3.2727103233337402,0.14541953802108765,-1.9281322956085205,-3.0,125.29801940917969,175.49813842773438,5.408036708831787,1490.0,1490.0,0.0,0.015936289026228352,0.015936289026228352,0.0,0.00018228534958279231,0.00018228534958279231,0.0,0.0006358960048662688,0.0006358960048662688,0.0,0.0003,0.0003,0.0,-3.0,-3.0,0.0,0.0,0.24285714285714288,27.485714285714288,83.17142857142858,5345.632,89,Hopper-v5,2854,Agente_4
481.4866316318512,91,372736,371.17933329016114,607.4610853241381,245.96202069991773,149.81,1490,0.015936289026228352,-3.0,0.99,0.00018228534958279231,0.0006358960048662688,0.0003,-127.87712860107422,0.26263993978500366,-2.8104729652404785,0.14327563345432281,-1.9429850578308105,-3.0,126.91751861572266,172.84054565429688,5.235298156738281,1.109466552734375,8.245163202285767,1.0,-127.87712860107422,0.26263993978500366,-2.8104729652404785,0.14327563345432281,-1.9429850578308105,-3.0,126.91751861572266,172.84054565429688,5.235298156738281,1490.0,1490.0,0.0,0.015936289026228352,0.015936289026228352,0.0,0.00018228534958279231,0.00018228534958279231,0.0,0.0006358960048662688,0.0006358960048662688,0.0,0.0003,0.0003,0.0,-3.0,-3.0,0.0,0.0,0.2525,27.7875,83.2875,5366.919,90,Hopper-v5,2854,Agente_4
486.89862632751465,92,376832,385.60195040933826,607.4610853241381,250.79242462892037,155.03,1490,0.015936289026228352,-3.0,0.99,0.00018228534958279231,0.0006358960048662688,0.0003,-122.69488525390625,0.2779161334037781,-2.2723708152770996,0.141174778342247,-1.957756519317627,-3.0,121.2076187133789,178.88619995117188,5.288630962371826,1.560408115386963,7.931421279907227,1.0,-122.69488525390625,0.2779161334037781,-2.2723708152770996,0.141174778342247,-1.957756519317627,-3.0,121.2076187133789,178.88619995117188,5.288630962371826,1490.0,1490.0,0.0,0.015936289026228352,0.015936289026228352,0.0,0.00018228534958279231,0.00018228534958279231,0.0,0.0006358960048662688,0.0006358960048662688,0.0,0.0003,0.0003,0.0,-3.0,-3.0,0.0,0.0,0.21959999999999996,26.044000000000004,83.896,5371.235,91,Hopper-v5,2854,Agente_4
492.46186995506287,93,380928,384.2101316976196,607.4610853241381,250.79242462892037,155.66,1490,0.015936289026228352,-3.0,0.99,0.00018228534958279231,0.0006358960048662688,0.0003,-128.663818359375,0.3198617100715637,-2.833477020263672,0.1392565220594406,-1.9714375734329224,-3.0,127.82496643066406,187.81521606445312,3.0414280891418457,1.3359642028808594,6.31345796585083,1.0,-128.663818359375,0.3198617100715637,-2.833477020263672,0.1392565220594406,-1.9714375734329224,-3.0,127.82496643066406,187.81521606445312,3.0414280891418457,1490.0,1490.0,0.0,0.015936289026228352,0.015936289026228352,0.0,0.00018228534958279231,0.00018228534958279231,0.0,0.0006358960048662688,0.0006358960048662688,0.0,0.0003,0.0003,0.0,-3.0,-3.0,0.0,0.0,0.24000000000000002,29.325000000000003,79.075,5370.142,92,Hopper-v5,2854,Agente_4
498.17267203330994,94,385024,383.5250683486606,608.0587762326988,262.75701205526497,155.41,1490,0.015936289026228352,-3.0,0.99,0.00018228534958279231,0.0006358960048662688,0.0003,-130.27029418945312,0.2238737940788269,-2.748851776123047,0.137395441532135,-1.9848920106887817,-3.0,129.00082397460938,197.9146728515625,1.9845271110534668,1.2274703979492188,5.914447784423828,1.0,-130.27029418945312,0.2238737940788269,-2.748851776123047,0.137395441532135,-1.9848920106887817,-3.0,129.00082397460938,197.9146728515625,1.9845271110534668,1490.0,1490.0,0.0,0.015936289026228352,0.015936289026228352,0.0,0.00018228534958279231,0.00018228534958279231,0.0,0.0006358960048662688,0.0006358960048662688,0.0,0.0003,0.0003,0.0,-3.0,-3.0,0.0,0.0,0.15285714285714286,31.042857142857144,73.04285714285713,5406.433,93,Hopper-v5,2854,Agente_4
503.3879108428955,95,389120,370.7410254975686,608.0587762326988,257.7142957265164,151.56,1490,0.015936289026228352,-3.0,0.99,0.00018228534958279231,0.0006358960048662688,0.0003,-133.23826599121094,0.27734264731407166,-1.2394325733184814,0.1358124315738678,-1.9964805841445923,-3.0,131.91098022460938,195.35195922851562,4.3789567947387695,1.326584815979004,8.835163354873657,1.0,-133.23826599121094,0.27734264731407166,-1.2394325733184814,0.1358124315738678,-1.9964805841445923,-3.0,131.91098022460938,195.35195922851562,4.3789567947387695,1490.0,1490.0,0.0,0.015936289026228352,0.015936289026228352,0.0,0.00018228534958279231,0.00018228534958279231,0.0,0.0006358960048662688,0.0006358960048662688,0.0,0.0003,0.0003,0.0,-3.0,-3.0,0.0,0.0,0.1875,25.799999999999997,80.1125,5383.924,94,Hopper-v5,2854,Agente_4
509.24804067611694,96,393216,369.1983254558901,608.0587762326988,252.03931045264642,151.1,1490,0.015936289026228352,-3.0,0.99,0.00018228534958279231,0.0006358960048662688,0.0003,-135.25177001953125,0.26174110174179077,-1.6697721481323242,0.13425210118293762,-2.008035898208618,-3.0,133.40362548828125,178.9510040283203,4.84653377532959,1.3356895446777344,6.708830833435059,1.0,-135.25177001953125,0.26174110174179077,-1.6697721481323242,0.13425210118293762,-2.008035898208618,-3.0,133.40362548828125,178.9510040283203,4.84653377532959,1490.0,1490.0,0.0,0.015936289026228352,0.015936289026228352,0.0,0.00018228534958279231,0.00018228534958279231,0.0,0.0006358960048662688,0.0006358960048662688,0.0,0.0003,0.0003,0.0,-3.0,-3.0,0.0,0.0,0.24571428571428572,27.157142857142855,84.72857142857141,5422.723,95,Hopper-v5,2854,Agente_4
514.7683379650116,97,397312,366.9605021877334,575.3594670007418,249.4745952552861,149.44,1490,0.015936289026228352,-3.0,0.99,0.00018228534958279231,0.0006358960048662688,0.0003,-137.31948852539062,0.27354466915130615,-2.7153425216674805,0.1329060047864914,-2.018113136291504,-3.0,136.04470825195312,184.818603515625,0.8230446577072144,1.2023162841796875,6.794743537902832,1.0,-137.31948852539062,0.27354466915130615,-2.7153425216674805,0.1329060047864914,-2.018113136291504,-3.0,136.04470825195312,184.818603515625,0.8230446577072144,1490.0,1490.0,0.0,0.015936289026228352,0.015936289026228352,0.0,0.00018228534958279231,0.00018228534958279231,0.0,0.0006358960048662688,0.0006358960048662688,0.0,0.0003,0.0003,0.0,-3.0,-3.0,0.0,0.0,0.21428571428571427,28.02857142857143,84.6,5448.491,96,Hopper-v5,2854,Agente_4
520.3163833618164,98,401408,347.32890509695136,565.3066462790342,242.99660947065243,143.13,1490,0.015936289026228352,-3.0,0.99,0.00018228534958279231,0.0006358960048662688,0.0003,-136.1192626953125,0.2713858485221863,-0.9977124929428101,0.13165777921676636,-2.0275492668151855,-3.0,134.19979858398438,181.41217041015625,2.342958450317383,1.4047813415527344,8.87601375579834,1.0,-136.1192626953125,0.2713858485221863,-0.9977124929428101,0.13165777921676636,-2.0275492668151855,-3.0,134.19979858398438,181.41217041015625,2.342958450317383,1490.0,1490.0,0.0,0.015936289026228352,0.015936289026228352,0.0,0.00018228534958279231,0.00018228534958279231,0.0,0.0006358960048662688,0.0006358960048662688,0.0,0.0003,0.0003,0.0,-3.0,-3.0,0.0,0.0,0.20750000000000002,27.712500000000002,84.6,5467.681,97,Hopper-v5,2854,Agente_4
525.65256524086,99,405504,329.24792254150435,533.5600169958881,242.99660947065243,136.43,1490,0.015936289026228352,-3.0,0.99,0.00018228534958279231,0.0006358960048662688,0.0003,-141.463623046875,0.2983388900756836,-1.7312648296356201,0.13056699931621552,-2.0358688831329346,-3.0,139.650146484375,207.8719024658203,2.8665175437927246,1.4312400817871094,8.831449031829834,1.0,-141.463623046875,0.2983388900756836,-1.7312648296356201,0.13056699931621552,-2.0358688831329346,-3.0,139.650146484375,207.8719024658203,2.8665175437927246,1490.0,1490.0,0.0,0.015936289026228352,0.015936289026228352,0.0,0.00018228534958279231,0.00018228534958279231,0.0,0.0006358960048662688,0.0006358960048662688,0.0,0.0003,0.0003,0.0,-3.0,-3.0,0.0,0.0,0.3042857142857143,27.885714285714283,84.64285714285715,5478.925,98,Hopper-v5,2854,Agente_4
531.1179172992706,100,409600,319.1674256899163,519.7077094235124,242.99660947065243,131.76,1490,0.015936289026228352,-3.0,0.99,0.00018228534958279231,0.0006358960048662688,0.0003,-144.27508544921875,0.3004310131072998,-0.9906048774719238,0.12937836349010468,-2.0450141429901123,-3.0,143.0013427734375,205.18701171875,4.540942668914795,1.2565689086914062,9.065998077392578,1.0,-144.27508544921875,0.3004310131072998,-0.9906048774719238,0.12937836349010468,-2.0450141429901123,-3.0,143.0013427734375,205.18701171875,4.540942668914795,1490.0,1490.0,0.0,0.015936289026228352,0.015936289026228352,0.0,0.00018228534958279231,0.00018228534958279231,0.0,0.0006358960048662688,0.0006358960048662688,0.0,0.0003,0.0003,0.0,-3.0,-3.0,0.0,0.0,0.23,27.775000000000002,84.57499999999999,5499.736,99,Hopper-v5,2854,Agente_4
536.4222419261932,101,413696,313.7864418383848,382.2928229331583,244.17205775567973,129.24,1490,0.015936289026228352,-3.0,0.99,0.00018228534958279231,0.0006358960048662688,0.0003,-143.40509033203125,0.32039323449134827,-1.626051425933838,0.12829065322875977,-2.0534567832946777,-3.0,142.045166015625,214.83009338378906,4.50485897064209,1.3524932861328125,9.978729248046875,1.0,-143.40509033203125,0.32039323449134827,-1.626051425933838,0.12829065322875977,-2.0534567832946777,-3.0,142.045166015625,214.83009338378906,4.50485897064209,1490.0,1490.0,0.0,0.015936289026228352,0.015936289026228352,0.0,0.00018228534958279231,0.00018228534958279231,0.0,0.0006358960048662688,0.0006358960048662688,0.0,0.0003,0.0003,0.0,-3.0,-3.0,0.0,0.0,0.2742857142857143,27.814285714285717,84.54285714285716,5481.733,100,Hopper-v5,2854,Agente_4
541.7804410457611,102,417792,298.3247936545192,382.2928229331583,244.17205775567973,125.46,1490,0.015936289026228352,-3.0,0.99,0.00018228534958279231,0.0006358960048662688,0.0003,-148.03057861328125,0.35484692454338074,-0.5778909921646118,0.1271420121192932,-2.062450647354126,-3.0,146.4308319091797,206.61497497558594,2.5076181888580322,1.66607666015625,11.235759735107422,1.0,-148.03057861328125,0.35484692454338074,-0.5778909921646118,0.1271420121192932,-2.062450647354126,-3.0,146.4308319091797,206.61497497558594,2.5076181888580322,1490.0,1490.0,0.0,0.015936289026228352,0.015936289026228352,0.0,0.00018228534958279231,0.00018228534958279231,0.0,0.0006358960048662688,0.0006358960048662688,0.0,0.0003,0.0003,0.0,-3.0,-3.0,0.0,0.0,0.24857142857142858,27.285714285714285,84.57142857142857,5476.092,101,Hopper-v5,2854,Agente_4
547.8183097839355,103,421888,286.5883685436635,370.59978111325273,246.91168804163166,122.87,1490,0.015936289026228352,-3.0,0.99,0.00018228534958279231,0.0006358960048662688,0.0003,-144.74502563476562,0.37018829584121704,-1.2422821521759033,0.12614575028419495,-2.070317268371582,-3.0,143.2532501220703,200.57925415039062,7.1416521072387695,1.499908447265625,11.685282707214355,1.0,-144.74502563476562,0.37018829584121704,-1.2422821521759033,0.12614575028419495,-2.070317268371582,-3.0,143.2532501220703,200.57925415039062,7.1416521072387695,1490.0,1490.0,0.0,0.015936289026228352,0.015936289026228352,0.0,0.00018228534958279231,0.00018228534958279231,0.0,0.0006358960048662688,0.0006358960048662688,0.0,0.0003,0.0003,0.0,-3.0,-3.0,0.0,0.0,0.24777777777777776,26.888888888888886,84.56666666666666,5523.986,102,Hopper-v5,2854,Agente_4
553.2474341392517,104,425984,279.8148106944639,347.8621266419676,244.20486583923562,121.45,1490,0.015936289026228352,-3.0,0.99,0.00018228534958279231,0.0006358960048662688,0.0003,-148.84478759765625,0.27966272830963135,-1.9079992771148682,0.12509949505329132,-2.078645944595337,-3.0,147.19534301757812,201.92478942871094,1.038388729095459,1.3438796997070312,7.893706321716309,1.0,-148.84478759765625,0.27966272830963135,-1.9079992771148682,0.12509949505329132,-2.078645944595337,-3.0,147.19534301757812,201.92478942871094,1.038388729095459,1490.0,1490.0,0.0,0.015936289026228352,0.015936289026228352,0.0,0.00018228534958279231,0.00018228534958279231,0.0,0.0006358960048662688,0.0006358960048662688,0.0,0.0003,0.0003,0.0,-3.0,-3.0,0.0,0.0,0.23285714285714285,27.11428571428572,84.54285714285713,5495.961,103,Hopper-v5,2854,Agente_4
558.3497099876404,105,430080,278.38402588502794,346.28694541389825,244.20486583923562,121.64,1490,0.015936289026228352,-3.0,0.99,0.00018228534958279231,0.0006358960048662688,0.0003,-142.272705078125,0.3932908773422241,-1.3952953815460205,0.12403504550457001,-2.087191104888916,-3.0,140.69961547851562,216.43807983398438,5.219546318054199,1.574690818786621,15.729303359985352,1.0,-142.272705078125,0.3932908773422241,-1.3952953815460205,0.12403504550457001,-2.087191104888916,-3.0,140.69961547851562,216.43807983398438,5.219546318054199,1490.0,1490.0,0.0,0.015936289026228352,0.015936289026228352,0.0,0.00018228534958279231,0.00018228534958279231,0.0,0.0006358960048662688,0.0006358960048662688,0.0,0.0003,0.0003,0.0,-3.0,-3.0,0.0,0.0,0.2771428571428572,27.514285714285712,84.45714285714284,5484.885,104,Hopper-v5,2854,Agente_4
563.7429056167603,106,434176,279.31745565944783,340.0735204504465,244.20486583923562,121.63,1490,0.015936289026228352,-3.0,0.99,0.00018228534958279231,0.0006358960048662688,0.0003,-145.25897216796875,0.3292084336280823,-0.5257489085197449,0.12290998548269272,-2.0963029861450195,-3.0,143.73785400390625,223.46742248535156,2.92028546333313,1.4859466552734375,11.018646240234375,1.0,-145.25897216796875,0.3292084336280823,-0.5257489085197449,0.12290998548269272,-2.0963029861450195,-3.0,143.73785400390625,223.46742248535156,2.92028546333313,1490.0,1490.0,0.0,0.015936289026228352,0.015936289026228352,0.0,0.00018228534958279231,0.00018228534958279231,0.0,0.0006358960048662688,0.0006358960048662688,0.0,0.0003,0.0003,0.0,-3.0,-3.0,0.0,0.0,0.28,27.5,84.48750000000001,5438.029,105,Hopper-v5,2854,Agente_4
569.1659708023071,107,438272,284.87436156746304,340.0735204504465,249.0313970021838,122.69,1490,0.015936289026228352,-3.0,0.99,0.00018228534958279231,0.0006358960048662688,0.0003,-148.4598388671875,0.37503111362457275,-1.4081250429153442,0.12166502326726913,-2.1064836978912354,-3.0,147.4352569580078,234.95896911621094,12.822968482971191,1.514389991760254,15.804746627807617,1.0,-148.4598388671875,0.37503111362457275,-1.4081250429153442,0.12166502326726913,-2.1064836978912354,-3.0,147.4352569580078,234.95896911621094,12.822968482971191,1490.0,1490.0,0.0,0.015936289026228352,0.015936289026228352,0.0,0.00018228534958279231,0.00018228534958279231,0.0,0.0006358960048662688,0.0006358960048662688,0.0,0.0003,0.0003,0.0,-3.0,-3.0,0.0,0.0,0.2,27.471428571428568,84.52857142857144,5428.47,106,Hopper-v5,2854,Agente_4
574.4650447368622,108,442368,287.91056261800054,375.51694272741156,249.0313970021838,122.96,1490,0.015936289026228352,-3.0,0.99,0.00018228534958279231,0.0006358960048662688,0.0003,-146.99740600585938,0.32447123527526855,-0.752958357334137,0.12034737318754196,-2.117372989654541,-3.0,145.09234619140625,229.91775512695312,-1.0430669784545898,1.4869766235351562,10.046564102172852,1.0,-146.99740600585938,0.32447123527526855,-0.752958357334137,0.12034737318754196,-2.117372989654541,-3.0,145.09234619140625,229.91775512695312,-1.0430669784545898,1490.0,1490.0,0.0,0.015936289026228352,0.015936289026228352,0.0,0.00018228534958279231,0.00018228534958279231,0.0,0.0006358960048662688,0.0006358960048662688,0.0,0.0003,0.0003,0.0,-3.0,-3.0,0.0,0.0,0.33285714285714285,27.785714285714285,84.52857142857144,5403.52,107,Hopper-v5,2854,Agente_4
579.5895788669586,109,446464,286.43843301402154,403.4658041471604,53.36369073764705,123.65,1490,0.015936289026228352,-3.0,0.99,0.00018228534958279231,0.0006358960048662688,0.0003,-148.69322204589844,0.32970431447029114,-1.852987289428711,0.11886084824800491,-2.1298017501831055,-3.0,147.68447875976562,231.2309112548828,2.0489394664764404,1.3922243118286133,9.669096946716309,1.0,-148.69322204589844,0.32970431447029114,-1.852987289428711,0.11886084824800491,-2.1298017501831055,-3.0,147.68447875976562,231.2309112548828,2.0489394664764404,1490.0,1490.0,0.0,0.015936289026228352,0.015936289026228352,0.0,0.00018228534958279231,0.00018228534958279231,0.0,0.0006358960048662688,0.0006358960048662688,0.0,0.0003,0.0003,0.0,-3.0,-3.0,0.0,0.0,0.17285714285714285,25.499999999999996,85.21428571428571,5382.063,108,Hopper-v5,2854,Agente_4
585.4582557678223,110,450560,277.8847579554489,437.826573765574,42.58602185690751,124.92,1490,0.015936289026228352,-3.0,0.99,0.00018228534958279231,0.0006358960048662688,0.0003,-149.94845581054688,0.28470438718795776,-2.386141538619995,0.11732015758752823,-2.1428487300872803,-3.0,149.06893920898438,231.79310607910156,3.4319355487823486,1.489166259765625,9.607810974121094,1.0,-149.94845581054688,0.28470438718795776,-2.386141538619995,0.11732015758752823,-2.1428487300872803,-3.0,149.06893920898438,231.79310607910156,3.4319355487823486,1490.0,1490.0,0.0,0.015936289026228352,0.015936289026228352,0.0,0.00018228534958279231,0.00018228534958279231,0.0,0.0006358960048662688,0.0006358960048662688,0.0,0.0003,0.0003,0.0,-3.0,-3.0,0.0,0.0,0.12625,25.7125,86.0625,5422.681,109,Hopper-v5,2854,Agente_4
590.7177753448486,111,454656,291.205405454297,523.9756321050194,42.58602185690751,132.37,1490,0.015936289026228352,-3.0,0.99,0.00018228534958279231,0.0006358960048662688,0.0003,-150.10084533691406,0.2938341796398163,-2.4203405380249023,0.11537730693817139,-2.1595475673675537,-3.0,148.70635986328125,253.25796508789062,-0.1913680136203766,1.4317169189453125,9.718599319458008,1.0,-150.10084533691406,0.2938341796398163,-2.4203405380249023,0.11537730693817139,-2.1595475673675537,-3.0,148.70635986328125,253.25796508789062,-0.1913680136203766,1490.0,1490.0,0.0,0.015936289026228352,0.015936289026228352,0.0,0.00018228534958279231,0.00018228534958279231,0.0,0.0006358960048662688,0.0006358960048662688,0.0,0.0003,0.0003,0.0,-3.0,-3.0,0.0,0.0,0.1742857142857143,25.285714285714285,86.52857142857144,5417.839,110,Hopper-v5,2854,Agente_4
596.1692581176758,112,458752,306.54767054350117,533.8380322060207,18.29385745012071,141.1,1490,0.015936289026228352,-3.0,0.99,0.00018228534958279231,0.0006358960048662688,0.0003,-155.876220703125,0.32446354627609253,-2.5272555351257324,0.11335548013448715,-2.1772265434265137,-3.0,154.88467407226562,241.59188842773438,4.908436298370361,1.5418224334716797,11.36735486984253,1.0,-155.876220703125,0.32446354627609253,-2.5272555351257324,0.11335548013448715,-2.1772265434265137,-3.0,154.88467407226562,241.59188842773438,4.908436298370361,1490.0,1490.0,0.0,0.015936289026228352,0.015936289026228352,0.0,0.00018228534958279231,0.00018228534958279231,0.0,0.0006358960048662688,0.0006358960048662688,0.0,0.0003,0.0003,0.0,-3.0,-3.0,0.0,0.0,0.29500000000000004,27.6125,85.4375,5427.127,111,Hopper-v5,2854,Agente_4
601.6655628681183,113,462848,345.80901111541823,670.9075279685665,17.03112042160676,153.18,1490,0.015936289026228352,-3.0,0.99,0.00018228534958279231,0.0006358960048662688,0.0003,-151.22010803222656,0.40896928310394287,-0.9460117816925049,0.1115972176194191,-2.192859172821045,-3.0,150.2271728515625,237.76551818847656,-1.5234782695770264,1.5190544128417969,13.315998077392578,1.0,-151.22010803222656,0.40896928310394287,-0.9460117816925049,0.1115972176194191,-2.192859172821045,-3.0,150.2271728515625,237.76551818847656,-1.5234782695770264,1490.0,1490.0,0.0,0.015936289026228352,0.015936289026228352,0.0,0.00018228534958279231,0.00018228534958279231,0.0,0.0006358960048662688,0.0006358960048662688,0.0,0.0003,0.0003,0.0,-3.0,-3.0,0.0,0.0,0.2742857142857143,27.88571428571429,85.45714285714287,5372.667,112,Hopper-v5,2854,Agente_4
607.1992056369781,114,466944,379.77129816159584,670.9075279685665,17.03112042160676,162.25,1490,0.015936289026228352,-3.0,0.99,0.00018228534958279231,0.0006358960048662688,0.0003,-150.22531127929688,0.32193636894226074,-0.677513837814331,0.11012826859951019,-2.2061095237731934,-3.0,149.19857788085938,236.6099395751953,-0.01806694269180298,1.6529998779296875,9.395309209823608,1.0,-150.22531127929688,0.32193636894226074,-0.677513837814331,0.11012826859951019,-2.2061095237731934,-3.0,149.19857788085938,236.6099395751953,-0.01806694269180298,1490.0,1490.0,0.0,0.015936289026228352,0.015936289026228352,0.0,0.00018228534958279231,0.00018228534958279231,0.0,0.0006358960048662688,0.0006358960048662688,0.0,0.0003,0.0003,0.0,-3.0,-3.0,0.0,0.0,0.2475,27.725,85.475,5383.374,113,Hopper-v5,2854,Agente_4
612.5585615634918,115,471040,413.00227626594426,981.9065363701716,17.03112042160676,176.04,1490,0.015936289026228352,-3.0,0.99,0.00018228534958279231,0.0006358960048662688,0.0003,-151.6227264404297,0.3702883720397949,-1.000629186630249,0.10896711051464081,-2.2167091369628906,-3.0,150.46963500976562,251.9442596435547,-3.4340779781341553,1.6330490112304688,13.592300415039062,1.0,-151.6227264404297,0.3702883720397949,-1.000629186630249,0.10896711051464081,-2.2167091369628906,-3.0,150.46963500976562,251.9442596435547,-3.4340779781341553,1490.0,1490.0,0.0,0.015936289026228352,0.015936289026228352,0.0,0.00018228534958279231,0.00018228534958279231,0.0,0.0006358960048662688,0.0006358960048662688,0.0,0.0003,0.0003,0.0,-3.0,-3.0,0.0,0.0,0.2642857142857143,27.7,85.34285714285716,5408.662,114,Hopper-v5,2854,Agente_4
617.8929693698883,116,475136,438.62306158373684,981.9065363701716,17.03112042160676,185.79,1490,0.015936289026228352,-3.0,0.99,0.00018228534958279231,0.0006358960048662688,0.0003,-157.48651123046875,0.4099162518978119,-0.6670447587966919,0.10889307409524918,-2.217388868331909,-3.0,155.84390258789062,238.59567260742188,2.4154226779937744,1.4585647583007812,18.035979747772217,1.0,-157.48651123046875,0.4099162518978119,-0.6670447587966919,0.10889307409524918,-2.217388868331909,-3.0,155.84390258789062,238.59567260742188,2.4154226779937744,1490.0,1490.0,0.0,0.015936289026228352,0.015936289026228352,0.0,0.00018228534958279231,0.00018228534958279231,0.0,0.0006358960048662688,0.0006358960048662688,0.0,0.0003,0.0003,0.0,-3.0,-3.0,0.0,0.0,0.2571428571428572,27.4,84.75714285714285,5402.757,115,Hopper-v5,2854,Agente_4
623.7649011611938,117,479232,491.18759443750497,981.9065363701716,17.03112042160676,207.49,1490,0.015936289026228352,-3.0,0.99,0.00018228534958279231,0.0006358960048662688,0.0003,-157.80770874023438,0.4173572063446045,0.6831643581390381,0.10941272974014282,-2.212628126144409,-3.0,156.01824951171875,268.4858703613281,10.829610824584961,1.6027870178222656,15.068638801574707,1.0,-157.80770874023438,0.4173572063446045,0.6831643581390381,0.10941272974014282,-2.212628126144409,-3.0,156.01824951171875,268.4858703613281,10.829610824584961,1490.0,1490.0,0.0,0.015936289026228352,0.015936289026228352,0.0,0.00018228534958279231,0.00018228534958279231,0.0,0.0006358960048662688,0.0006358960048662688,0.0,0.0003,0.0003,0.0,-3.0,-3.0,0.0,0.0,0.16,32.075,73.57500000000002,5447.238,116,Hopper-v5,2854,Agente_4
629.1154618263245,118,483328,515.9826877698933,1120.0086273548366,17.03112042160676,219.17,1490,0.015936289026228352,-3.0,0.99,0.00018228534958279231,0.0006358960048662688,0.0003,-163.49725341796875,0.3658469319343567,0.5146725177764893,0.11051958054304123,-2.2025625705718994,-3.0,161.82542419433594,278.280517578125,8.249460220336914,1.5681915283203125,15.219598054885864,1.0,-163.49725341796875,0.3658469319343567,0.5146725177764893,0.11051958054304123,-2.2025625705718994,-3.0,161.82542419433594,278.280517578125,8.249460220336914,1490.0,1490.0,0.0,0.015936289026228352,0.015936289026228352,0.0,0.00018228534958279231,0.00018228534958279231,0.0,0.0006358960048662688,0.0006358960048662688,0.0,0.0003,0.0003,0.0,-3.0,-3.0,0.0,0.0,0.1903703703703704,25.462962962962965,84.7925925925926,5452.537,117,Hopper-v5,2854,Agente_4
634.4326164722443,119,487424,518.2060969994742,1120.0086273548366,139.1956092662317,220.39,1490,0.015936289026228352,-3.0,0.99,0.00018228534958279231,0.0006358960048662688,0.0003,-160.207763671875,0.25826188921928406,0.368693470954895,0.111625075340271,-2.1926095485687256,-3.0,158.50701904296875,279.6881103515625,-0.8613148927688599,1.5150184631347656,8.417505025863647,1.0,-160.207763671875,0.25826188921928406,0.368693470954895,0.111625075340271,-2.1926095485687256,-3.0,158.50701904296875,279.6881103515625,-0.8613148927688599,1490.0,1490.0,0.0,0.015936289026228352,0.015936289026228352,0.0,0.00018228534958279231,0.00018228534958279231,0.0,0.0006358960048662688,0.0006358960048662688,0.0,0.0003,0.0003,0.0,-3.0,-3.0,0.0,0.0,0.24714285714285714,27.571428571428573,85.35714285714286,5472.047,118,Hopper-v5,2854,Agente_4
639.8825693130493,120,491520,462.07976280545523,1120.0086273548366,139.1956092662317,194.31,1490,0.015936289026228352,-3.0,0.99,0.00018228534958279231,0.0006358960048662688,0.0003,-169.87347412109375,0.3779457211494446,0.15275408327579498,0.11262884736061096,-2.18365740776062,-3.0,167.90325927734375,278.2705383300781,-3.2627217769622803,1.466318130493164,14.289103984832764,1.0,-169.87347412109375,0.3779457211494446,0.15275408327579498,0.11262884736061096,-2.18365740776062,-3.0,167.90325927734375,278.2705383300781,-3.2627217769622803,1490.0,1490.0,0.0,0.015936289026228352,0.015936289026228352,0.0,0.00018228534958279231,0.00018228534958279231,0.0,0.0006358960048662688,0.0006358960048662688,0.0,0.0003,0.0003,0.0,-3.0,-3.0,0.0,0.0,0.24125000000000002,27.4625,85.2875,5429.858,119,Hopper-v5,2854,Agente_4
645.4061632156372,121,495616,369.8437252378215,914.7050423148315,312.0352933009485,154.07,1490,0.015936289026228352,-3.0,0.99,0.00018228534958279231,0.0006358960048662688,0.0003,-170.19190979003906,0.41334837675094604,0.17795328795909882,0.11341560631990433,-2.176696300506592,-3.0,168.59368896484375,265.0623474121094,-1.3214380741119385,1.5465927124023438,18.904223442077637,1.0,-170.19190979003906,0.41334837675094604,0.17795328795909882,0.11341560631990433,-2.176696300506592,-3.0,168.59368896484375,265.0623474121094,-1.3214380741119385,1490.0,1490.0,0.0,0.015936289026228352,0.015936289026228352,0.0,0.00018228534958279231,0.00018228534958279231,0.0,0.0006358960048662688,0.0006358960048662688,0.0,0.0003,0.0003,0.0,-3.0,-3.0,0.0,0.0,0.2625,28.4125,85.4125,5456.583,120,Hopper-v5,2854,Agente_4
650.8232626914978,122,499712,336.7953404646583,591.2560266135739,312.8636699301605,139.56,1490,0.015936289026228352,-3.0,0.99,0.00018228534958279231,0.0006358960048662688,0.0003,-166.318115234375,0.5560555458068848,1.0902726650238037,0.11378351598978043,-2.173457622528076,-3.0,164.4867401123047,284.51751708984375,6.101759433746338,1.5651626586914062,41.12032699584961,1.0,-166.318115234375,0.5560555458068848,1.0902726650238037,0.11378351598978043,-2.173457622528076,-3.0,164.4867401123047,284.51751708984375,6.101759433746338,1490.0,1490.0,0.0,0.015936289026228352,0.015936289026228352,0.0,0.00018228534958279231,0.00018228534958279231,0.0,0.0006358960048662688,0.0006358960048662688,0.0,0.0003,0.0003,0.0,-3.0,-3.0,0.0,0.0,0.24714285714285714,27.285714285714285,85.14285714285714,5452.962,121,Hopper-v5,2854,Agente_4
656.3708505630493,123,503808,324.0322577155303,400.8113656963993,304.43567803434775,135.13,1490,0.015936289026228352,-3.0,0.99,0.00018228534958279231,0.0006358960048662688,0.0003,-176.3677978515625,0.382403165102005,0.10478061437606812,0.11424200981855392,-2.16943621635437,-3.0,173.7688751220703,282.7703857421875,17.3540096282959,1.461761474609375,12.503631591796875,1.0,-176.3677978515625,0.382403165102005,0.10478061437606812,0.11424200981855392,-2.16943621635437,-3.0,173.7688751220703,282.7703857421875,17.3540096282959,1490.0,1490.0,0.0,0.015936289026228352,0.015936289026228352,0.0,0.00018228534958279231,0.00018228534958279231,0.0,0.0006358960048662688,0.0006358960048662688,0.0,0.0003,0.0003,0.0,-3.0,-3.0,0.0,0.0,0.29874999999999996,27.2875,84.65,5458.628,122,Hopper-v5,2854,Agente_4
661.8146452903748,124,507904,321.9026741138611,424.64128715860465,291.02610850174545,136.16,1490,0.015936289026228352,-3.0,0.99,0.00018228534958279231,0.0006358960048662688,0.0003,-175.45379638671875,0.3397761583328247,-0.2673453092575073,0.11467587947845459,-2.1656455993652344,-3.0,173.11038208007812,286.4583435058594,13.554686546325684,1.4855804443359375,9.112557411193848,1.0,-175.45379638671875,0.3397761583328247,-0.2673453092575073,0.11467587947845459,-2.1656455993652344,-3.0,173.11038208007812,286.4583435058594,13.554686546325684,1490.0,1490.0,0.0,0.015936289026228352,0.015936289026228352,0.0,0.00018228534958279231,0.00018228534958279231,0.0,0.0006358960048662688,0.0006358960048662688,0.0,0.0003,0.0003,0.0,-3.0,-3.0,0.0,0.0,0.2814285714285715,27.357142857142858,84.67142857142856,5449.239,123,Hopper-v5,2854,Agente_4
667.4751439094543,125,512000,318.65757114882604,424.64128715860465,63.03234088150204,136.54,1490,0.015936289026228352,-3.0,0.99,0.00018228534958279231,0.0006358960048662688,0.0003,-180.03347778320312,0.5232229232788086,0.45528608560562134,0.11521375179290771,-2.160966157913208,-3.0,177.87628173828125,297.55010986328125,7.411306858062744,1.5507640838623047,21.566116333007812,1.0,-180.03347778320312,0.5232229232788086,0.45528608560562134,0.11521375179290771,-2.160966157913208,-3.0,177.87628173828125,297.55010986328125,7.411306858062744,1490.0,1490.0,0.0,0.015936289026228352,0.015936289026228352,0.0,0.00018228534958279231,0.00018228534958279231,0.0,0.0006358960048662688,0.0006358960048662688,0.0,0.0003,0.0003,0.0,-3.0,-3.0,0.0,0.0,0.28,26.9375,82.75,5479.534,124,Hopper-v5,2854,Agente_4
673.2500441074371,126,516096,328.29438090106805,774.0134393710933,63.03234088150204,147.12,1490,0.015936289026228352,-3.0,0.99,0.00018228534958279231,0.0006358960048662688,0.0003,-172.394775390625,0.5392075181007385,0.7570289373397827,0.11562194675207138,-2.1574294567108154,-3.0,170.04010009765625,285.28546142578125,14.211159706115723,1.6853203773498535,25.65293788909912,1.0,-172.394775390625,0.5392075181007385,0.7570289373397827,0.11562194675207138,-2.1574294567108154,-3.0,170.04010009765625,285.28546142578125,14.211159706115723,1490.0,1490.0,0.0,0.015936289026228352,0.015936289026228352,0.0,0.00018228534958279231,0.00018228534958279231,0.0,0.0006358960048662688,0.0006358960048662688,0.0,0.0003,0.0003,0.0,-3.0,-3.0,0.0,0.0,0.17285714285714285,32.44285714285714,72.21428571428571,5523.572,125,Hopper-v5,2854,Agente_4
678.6730799674988,127,520192,349.1251407193888,774.0134393710933,63.03234088150204,167.35,1490,0.015936289026228352,-3.0,0.99,0.00018228534958279231,0.0006358960048662688,0.0003,-182.1936492919922,0.4195704162120819,0.8782082796096802,0.11565803736448288,-2.1571173667907715,-3.0,180.58792114257812,270.70538330078125,-2.48085355758667,1.4734649658203125,16.04213523864746,1.0,-182.1936492919922,0.4195704162120819,0.8782082796096802,0.11565803736448288,-2.1571173667907715,-3.0,180.58792114257812,270.70538330078125,-2.48085355758667,1490.0,1490.0,0.0,0.015936289026228352,0.015936289026228352,0.0,0.00018228534958279231,0.00018228534958279231,0.0,0.0006358960048662688,0.0006358960048662688,0.0,0.0003,0.0003,0.0,-3.0,-3.0,0.0,0.0,0.20124999999999998,25.9125,79.225,5479.117,126,Hopper-v5,2854,Agente_4
684.0668978691101,128,524288,373.02940458520925,871.9338129904751,63.03234088150204,193.06,1490,0.015936289026228352,-3.0,0.99,0.00018228534958279231,0.0006358960048662688,0.0003,-182.97227478027344,0.3939937949180603,-0.6370242834091187,0.11600426584482193,-2.154128313064575,-3.0,180.93141174316406,276.3935852050781,-5.561542510986328,1.5020294189453125,14.428817987442017,1.0,-182.97227478027344,0.3939937949180603,-0.6370242834091187,0.11600426584482193,-2.154128313064575,-3.0,180.93141174316406,276.3935852050781,-5.561542510986328,1490.0,1490.0,0.0,0.015936289026228352,0.015936289026228352,0.0,0.00018228534958279231,0.00018228534958279231,0.0,0.0006358960048662688,0.0006358960048662688,0.0,0.0003,0.0003,0.0,-3.0,-3.0,0.0,0.0,0.26857142857142857,26.75714285714286,84.68571428571428,5483.283,127,Hopper-v5,2854,Agente_4
689.4170732498169,129,528384,373.37472708627524,871.9338129904751,63.03234088150204,197.34,1490,0.015936289026228352,-3.0,0.99,0.00018228534958279231,0.0006358960048662688,0.0003,-181.41543579101562,0.6670944690704346,-0.30125316977500916,0.11610919237136841,-2.153224229812622,-3.0,179.57528686523438,288.9849548339844,-1.24907386302948,1.7951393127441406,49.40082359313965,1.0,-181.41543579101562,0.6670944690704346,-0.30125316977500916,0.11610919237136841,-2.153224229812622,-3.0,179.57528686523438,288.9849548339844,-1.24907386302948,1490.0,1490.0,0.0,0.015936289026228352,0.015936289026228352,0.0,0.00018228534958279231,0.00018228534958279231,0.0,0.0006358960048662688,0.0006358960048662688,0.0,0.0003,0.0003,0.0,-3.0,-3.0,0.0,0.0,0.285,27.762500000000003,84.7125,5486.185,128,Hopper-v5,2854,Agente_4
694.9802968502045,130,532480,364.2872213894327,955.2373990676836,63.03234088150204,199.94,1490,0.015936289026228352,-3.0,0.99,0.00018228534958279231,0.0006358960048662688,0.0003,-185.31251525878906,0.40927621722221375,-0.3914116621017456,0.11641199141740799,-2.1506197452545166,-3.0,183.4639892578125,288.13232421875,6.816747665405273,1.6073493957519531,18.255911827087402,1.0,-185.31251525878906,0.40927621722221375,-0.3914116621017456,0.11641199141740799,-2.1506197452545166,-3.0,183.4639892578125,288.13232421875,6.816747665405273,1490.0,1490.0,0.0,0.015936289026228352,0.015936289026228352,0.0,0.00018228534958279231,0.00018228534958279231,0.0,0.0006358960048662688,0.0006358960048662688,0.0,0.0003,0.0003,0.0,-3.0,-3.0,0.0,0.0,0.24428571428571427,27.557142857142857,84.61428571428573,5497.39,129,Hopper-v5,2854,Agente_4
700.313759803772,131,536576,347.7419394770698,955.2373990676836,155.37952520006817,191.52,1490,0.015936289026228352,-3.0,0.99,0.00018228534958279231,0.0006358960048662688,0.0003,-184.16427612304688,0.372037410736084,-0.4439621567726135,0.11579202115535736,-2.1559596061706543,-3.0,182.48236083984375,287.7753601074219,1.7895349264144897,1.6459732055664062,16.348957061767578,1.0,-184.16427612304688,0.372037410736084,-0.4439621567726135,0.11579202115535736,-2.1559596061706543,-3.0,182.48236083984375,287.7753601074219,1.7895349264144897,1490.0,1490.0,0.0,0.015936289026228352,0.015936289026228352,0.0,0.00018228534958279231,0.00018228534958279231,0.0,0.0006358960048662688,0.0006358960048662688,0.0,0.0003,0.0003,0.0,-3.0,-3.0,0.0,0.0,0.23875000000000002,27.9875,84.5,5478.409,130,Hopper-v5,2854,Agente_4
705.7157053947449,132,540672,359.6613637199584,1206.7004821328608,155.37952520006817,210.63,1490,0.015936289026228352,-3.0,0.99,0.00018228534958279231,0.0006358960048662688,0.0003,-186.09951782226562,0.3766743838787079,-0.3863619565963745,0.11447765678167343,-2.1673755645751953,-3.0,185.04946899414062,293.9794006347656,0.9050229787826538,1.7765541076660156,11.14325737953186,1.0,-186.09951782226562,0.3766743838787079,-0.3863619565963745,0.11447765678167343,-2.1673755645751953,-3.0,185.04946899414062,293.9794006347656,0.9050229787826538,1490.0,1490.0,0.0,0.015936289026228352,0.015936289026228352,0.0,0.00018228534958279231,0.00018228534958279231,0.0,0.0006358960048662688,0.0006358960048662688,0.0,0.0003,0.0003,0.0,-3.0,-3.0,0.0,0.0,0.22250000000000003,26.6625,84.51249999999999,5477.218,131,Hopper-v5,2854,Agente_4
711.0499131679535,133,544768,366.93739818832995,1206.7004821328608,155.37952520006817,208.82,1490,0.015936289026228352,-3.0,0.99,0.00018228534958279231,0.0006358960048662688,0.0003,-189.76220703125,0.621923565864563,-5.50142240524292,0.11131437122821808,-2.195396900177002,-3.0,189.04891967773438,294.72955322265625,1.1249029636383057,1.7113609313964844,29.744393348693848,1.0,-189.76220703125,0.621923565864563,-5.50142240524292,0.11131437122821808,-2.195396900177002,-3.0,189.04891967773438,294.72955322265625,1.1249029636383057,1490.0,1490.0,0.0,0.015936289026228352,0.015936289026228352,0.0,0.00018228534958279231,0.00018228534958279231,0.0,0.0006358960048662688,0.0006358960048662688,0.0,0.0003,0.0003,0.0,-3.0,-3.0,0.0,0.0,0.24285714285714285,27.785714285714285,84.48571428571428,5455.739,132,Hopper-v5,2854,Agente_4
716.7497115135193,134,548864,368.5783678353447,1206.7004821328608,165.676224360814,200.09,1490,0.015936289026228352,-3.0,0.99,0.00018228534958279231,0.0006358960048662688,0.0003,-193.5863037109375,0.7233446836471558,-79.92149353027344,0.09767916798591614,-2.3260669708251953,-3.0,190.9625244140625,282.0883483886719,-5.257068634033203,3.0615501403808594,25.39638614654541,1.0,-193.5863037109375,0.7233446836471558,-79.92149353027344,0.09767916798591614,-2.3260669708251953,-3.0,190.9625244140625,282.0883483886719,-5.257068634033203,1490.0,1490.0,0.0,0.015936289026228352,0.015936289026228352,0.0,0.00018228534958279231,0.00018228534958279231,0.0,0.0006358960048662688,0.0006358960048662688,0.0,0.0003,0.0003,0.0,-3.0,-3.0,0.0,0.0,0.21250000000000002,27.125,84.4375,5481.344,133,Hopper-v5,2854,Agente_4
722.2101757526398,135,552960,285.3004692139227,1173.6786716447202,167.95557636221022,131.83,1490,0.015936289026228352,-3.0,0.99,0.00018228534958279231,0.0006358960048662688,0.0003,-199.79156494140625,0.6430542469024658,-160.52310180664062,0.08711196482181549,-2.440561056137085,-3.0,194.05201721191406,293.8793029785156,2.1205596923828125,2.1038246154785156,18.898149490356445,1.0,-199.79156494140625,0.6430542469024658,-160.52310180664062,0.08711196482181549,-2.440561056137085,-3.0,194.05201721191406,293.8793029785156,2.1205596923828125,1490.0,1490.0,0.0,0.015936289026228352,0.015936289026228352,0.0,0.00018228534958279231,0.00018228534958279231,0.0,0.0006358960048662688,0.0006358960048662688,0.0,0.0003,0.0003,0.0,-3.0,-3.0,0.0,0.0,0.28125,26.7125,84.4,5461.371,134,Hopper-v5,2854,Agente_4
728.4265596866608,136,557056,204.1007422312986,298.72195098563645,155.80752639006545,95.8,1490,0.015936289026228352,-3.0,0.99,0.00018228534958279231,0.0006358960048662688,0.0003,-201.13748168945312,0.7275720238685608,-154.85549926757812,0.0806741863489151,-2.51733660697937,-3.0,196.16525268554688,304.96759033203125,1.4538965225219727,2.136014938354492,20.33393096923828,1.0,-201.13748168945312,0.7275720238685608,-154.85549926757812,0.0806741863489151,-2.51733660697937,-3.0,196.16525268554688,304.96759033203125,1.4538965225219727,1490.0,1490.0,0.0,0.015936289026228352,0.015936289026228352,0.0,0.00018228534958279231,0.00018228534958279231,0.0,0.0006358960048662688,0.0006358960048662688,0.0,0.0003,0.0003,0.0,-3.0,-3.0,0.0,0.0,0.29500000000000004,27.075,84.3875,5505.737,135,Hopper-v5,2854,Agente_4
733.8664772510529,137,561152,199.79485604692425,270.85084932776243,155.80752639006545,94.38,1490,0.015936289026228352,-3.0,0.99,0.00018228534958279231,0.0006358960048662688,0.0003,-212.43333435058594,0.6708452701568604,-199.60626220703125,0.07584714144468307,-2.5790352821350098,-3.0,206.43125915527344,326.3918762207031,3.91400146484375,2.4314651489257812,18.62383270263672,1.0,-212.43333435058594,0.6708452701568604,-199.60626220703125,0.07584714144468307,-2.5790352821350098,-3.0,206.43125915527344,326.3918762207031,3.91400146484375,1490.0,1490.0,0.0,0.015936289026228352,0.015936289026228352,0.0,0.00018228534958279231,0.00018228534958279231,0.0,0.0006358960048662688,0.0006358960048662688,0.0,0.0003,0.0003,0.0,-3.0,-3.0,0.0,0.0,0.29857142857142854,27.857142857142858,84.37142857142858,5507.213,136,Hopper-v5,2854,Agente_4
739.2927849292755,138,565248,220.1795665098167,290.1987017697149,155.80752639006545,100.65,1490,0.015936289026228352,-3.0,0.99,0.00018228534958279231,0.0006358960048662688,0.0003,-218.2460174560547,0.8093208074569702,-208.37203979492188,0.07179616391658783,-2.6339242458343506,-3.0,212.40716552734375,322.7972106933594,1.8232448101043701,2.361408233642578,33.40134143829346,1.0,-218.2460174560547,0.8093208074569702,-208.37203979492188,0.07179616391658783,-2.6339242458343506,-3.0,212.40716552734375,322.7972106933594,1.8232448101043701,1490.0,1490.0,0.0,0.015936289026228352,0.015936289026228352,0.0,0.00018228534958279231,0.00018228534958279231,0.0,0.0006358960048662688,0.0006358960048662688,0.0,0.0003,0.0003,0.0,-3.0,-3.0,0.0,0.0,0.28375,28.0125,84.4,5510.451,137,Hopper-v5,2854,Agente_4
744.7187850475311,139,569344,239.6016693564438,290.1987017697149,162.63655055936053,107.1,1490,0.015936289026228352,-3.0,0.99,0.00018228534958279231,0.0006358960048662688,0.0003,-221.34974670410156,0.879465639591217,-211.62672424316406,0.06838198751211166,-2.682645797729492,-3.0,215.45614624023438,336.4334716796875,5.439737319946289,2.3260269165039062,30.56906032562256,1.0,-221.34974670410156,0.879465639591217,-211.62672424316406,0.06838198751211166,-2.682645797729492,-3.0,215.45614624023438,336.4334716796875,5.439737319946289,1490.0,1490.0,0.0,0.015936289026228352,0.015936289026228352,0.0,0.00018228534958279231,0.00018228534958279231,0.0,0.0006358960048662688,0.0006358960048662688,0.0,0.0003,0.0003,0.0,-3.0,-3.0,0.0,0.0,0.2757142857142857,27.814285714285713,84.5,5518.371,138,Hopper-v5,2854,Agente_4
750.0630943775177,140,573440,253.66155197721662,297.4510211954625,164.20701780210058,111.06,1490,0.015936289026228352,-3.0,0.99,0.00018228534958279231,0.0006358960048662688,0.0003,-230.03958129882812,0.8098859190940857,-216.20120239257812,0.0654464140534401,-2.7265236377716064,-3.0,222.96849060058594,331.34429931640625,2.2619059085845947,2.5592422485351562,28.837825775146484,1.0,-230.03958129882812,0.8098859190940857,-216.20120239257812,0.0654464140534401,-2.7265236377716064,-3.0,222.96849060058594,331.34429931640625,2.2619059085845947,1490.0,1490.0,0.0,0.015936289026228352,0.015936289026228352,0.0,0.00018228534958279231,0.00018228534958279231,0.0,0.0006358960048662688,0.0006358960048662688,0.0,0.0003,0.0003,0.0,-3.0,-3.0,0.0,0.0,0.25625,26.8625,84.48750000000001,5496.515,139,Hopper-v5,2854,Agente_4
755.3827941417694,141,577536,258.07672584965377,302.60828371842683,156.90234944984198,112.71,1490,0.015936289026228352,-3.0,0.99,0.00018228534958279231,0.0006358960048662688,0.0003,-231.37640380859375,1.0324649810791016,-229.15403747558594,0.06285480409860611,-2.76692795753479,-3.0,225.15171813964844,360.9296569824219,4.7205400466918945,2.5850486755371094,38.92439079284668,1.0,-231.37640380859375,1.0324649810791016,-229.15403747558594,0.06285480409860611,-2.76692795753479,-3.0,225.15171813964844,360.9296569824219,4.7205400466918945,1490.0,1490.0,0.0,0.015936289026228352,0.015936289026228352,0.0,0.00018228534958279231,0.00018228534958279231,0.0,0.0006358960048662688,0.0006358960048662688,0.0,0.0003,0.0003,0.0,-3.0,-3.0,0.0,0.0,0.18375000000000002,24.700000000000003,84.9125,5494.906,140,Hopper-v5,2854,Agente_4
760.7492158412933,142,581632,256.974966711671,322.3794147651538,152.35031044103056,113.25,1490,0.015936289026228352,-3.0,0.99,0.00018228534958279231,0.0006358960048662688,0.0003,-237.0376434326172,0.9084290266036987,-231.59071350097656,0.06051454320549965,-2.8048715591430664,-3.0,231.04510498046875,343.3847351074219,9.909636497497559,2.5515060424804688,32.25648212432861,1.0,-237.0376434326172,0.9084290266036987,-231.59071350097656,0.06051454320549965,-2.8048715591430664,-3.0,231.04510498046875,343.3847351074219,9.909636497497559,1490.0,1490.0,0.0,0.015936289026228352,0.015936289026228352,0.0,0.00018228534958279231,0.00018228534958279231,0.0,0.0006358960048662688,0.0006358960048662688,0.0,0.0003,0.0003,0.0,-3.0,-3.0,0.0,0.0,0.16999999999999998,25.71428571428571,85.64285714285714,5491.039,141,Hopper-v5,2854,Agente_4
766.8483276367188,143,585728,226.1513190542667,367.22898307687973,152.35031044103056,104.25,1490,0.015936289026228352,-3.0,0.99,0.00018228534958279231,0.0006358960048662688,0.0003,-234.3781280517578,1.0222423076629639,-222.7301025390625,0.058366093784570694,-2.841020107269287,-3.0,228.9001922607422,384.0702209472656,7.436956882476807,2.4262046813964844,50.48651313781738,1.0,-234.3781280517578,1.0222423076629639,-222.7301025390625,0.058366093784570694,-2.841020107269287,-3.0,228.9001922607422,384.0702209472656,7.436956882476807,1490.0,1490.0,0.0,0.015936289026228352,0.015936289026228352,0.0,0.00018228534958279231,0.00018228534958279231,0.0,0.0006358960048662688,0.0006358960048662688,0.0,0.0003,0.0003,0.0,-3.0,-3.0,0.0,0.0,0.17875,25.65,86.4125,5567.111,142,Hopper-v5,2854,Agente_4
698.3125822544098,131,536576,247.86896182550635,337.7816538532997,149.67277277251347,102.7,1430,0.019904409603876978,-3.0,0.99,0.00017499393559948062,0.0009156902470074269,0.0003,-3.2189829349517822,0.06477588415145874,-5.640290260314941,0.0738113522529602,-2.6062426567077637,-3.0,3.283982038497925,13.19900131225586,-19.508403778076172,0.5903301239013672,2.2945218086242676,1.0,-3.2189829349517822,0.06477588415145874,-5.640290260314941,0.0738113522529602,-2.6062426567077637,-3.0,3.283982038497925,13.19900131225586,-19.508403778076172,1430.0,1430.0,0.0,0.019904409603876978,0.019904409603876978,0.0,0.00017499393559948062,0.00017499393559948062,0.0,0.0009156902470074269,0.0009156902470074269,0.0,0.0003,0.0003,0.0,-3.0,-3.0,0.0,0.0,0.16263157894736843,26.336842105263155,78.85263157894735,5343.27,143,Hopper-v5,2854,Agente_4
703.362471818924,132,540672,282.23534713286097,544.1864380133658,149.67277277251347,112.76595744680851,1430,0.019904409603876978,-3.0,0.99,0.00017499393559948062,0.0009156902470074269,0.0003,-6.887000560760498,0.053682077676057816,-7.550398826599121,0.0710386261343956,-2.644531488418579,-3.0,7.037803649902344,19.677759170532227,-3.9891650676727295,0.43025314807891846,2.0913660526275635,1.0,-6.887000560760498,0.053682077676057816,-7.550398826599121,0.0710386261343956,-2.644531488418579,-3.0,7.037803649902344,19.677759170532227,-3.9891650676727295,1430.0,1430.0,0.0,0.019904409603876978,0.019904409603876978,0.0,0.00017499393559948062,0.00017499393559948062,0.0,0.0009156902470074269,0.0009156902470074269,0.0,0.0003,0.0003,0.0,-3.0,-3.0,0.0,0.0,0.21571428571428575,25.614285714285717,83.7,5191.587,144,Hopper-v5,2854,Agente_4
708.4391293525696,133,544768,297.15661790264755,643.6474640697687,146.65317533317887,117.48351648351648,1430,0.019904409603876978,-3.0,0.99,0.00017499393559948062,0.0009156902470074269,0.0003,-10.513530731201172,0.0631510391831398,-13.353667259216309,0.06811987608671188,-2.68648624420166,-3.0,10.490992546081543,29.86355972290039,-2.2310681343078613,0.5001251697540283,2.272545099258423,1.0,-10.513530731201172,0.0631510391831398,-13.353667259216309,0.06811987608671188,-2.68648624420166,-3.0,10.490992546081543,29.86355972290039,-2.2310681343078613,1430.0,1430.0,0.0,0.019904409603876978,0.019904409603876978,0.0,0.00017499393559948062,0.00017499393559948062,0.0,0.0009156902470074269,0.0009156902470074269,0.0,0.0003,0.0003,0.0,-3.0,-3.0,0.0,0.0,0.21285714285714286,27.74285714285714,88.22857142857141,5148.591,145,Hopper-v5,2854,Agente_4
713.5880374908447,134,548864,267.91832782864736,643.6474640697687,108.7508874588411,109.29,1430,0.019904409603876978,-3.0,0.99,0.00017499393559948062,0.0009156902470074269,0.0003,-14.678592681884766,0.06835595518350601,-18.56283187866211,0.06512124836444855,-2.731504440307617,-3.0,14.373136520385742,33.08340072631836,3.9210777282714844,0.4184269905090332,3.120556890964508,1.0,-14.678592681884766,0.06835595518350601,-18.56283187866211,0.06512124836444855,-2.731504440307617,-3.0,14.373136520385742,33.08340072631836,3.9210777282714844,1430.0,1430.0,0.0,0.019904409603876978,0.019904409603876978,0.0,0.00017499393559948062,0.00017499393559948062,0.0,0.0009156902470074269,0.0009156902470074269,0.0,0.0003,0.0003,0.0,-3.0,-3.0,0.0,0.0,0.25142857142857145,27.614285714285717,88.44285714285714,5145.712,146,Hopper-v5,2854,Agente_4
718.6055018901825,135,552960,154.14378605828455,591.0094250649321,27.41004224951302,76.28,1430,0.019904409603876978,-3.0,0.99,0.00017499393559948062,0.0009156902470074269,0.0003,-21.500383377075195,0.21152877807617188,-101.6417236328125,0.05889014154672623,-2.8320815563201904,-3.0,19.61264991760254,54.63030242919922,1.454957127571106,0.9481639862060547,4.083874225616455,1.0,-21.500383377075195,0.21152877807617188,-101.6417236328125,0.05889014154672623,-2.8320815563201904,-3.0,19.61264991760254,54.63030242919922,1.454957127571106,1430.0,1430.0,0.0,0.019904409603876978,0.019904409603876978,0.0,0.00017499393559948062,0.00017499393559948062,0.0,0.0009156902470074269,0.0009156902470074269,0.0,0.0003,0.0003,0.0,-3.0,-3.0,0.0,0.0,0.3014285714285715,27.357142857142858,88.4,5117.539,147,Hopper-v5,2854,Agente_4
723.7541220188141,136,557056,12.305925512041293,235.34804588157095,-0.15907300842122352,28.159235668789808,1430,0.019904409603876978,-3.0,0.99,0.00017499393559948062,0.0009156902470074269,0.0003,-30.187885284423828,0.16457003355026245,-181.92062377929688,0.053013261407613754,-2.937213182449341,-3.0,27.440364837646484,66.67813110351562,-5.9873552322387695,0.7568244934082031,3.987121105194092,1.0,-30.187885284423828,0.16457003355026245,-181.92062377929688,0.053013261407613754,-2.937213182449341,-3.0,27.440364837646484,66.67813110351562,-5.9873552322387695,1430.0,1430.0,0.0,0.019904409603876978,0.019904409603876978,0.0,0.00017499393559948062,0.00017499393559948062,0.0,0.0009156902470074269,0.0009156902470074269,0.0,0.0003,0.0003,0.0,-3.0,-3.0,0.0,0.0,0.1985714285714286,28.11428571428571,88.22857142857143,5120.792,148,Hopper-v5,2854,Agente_4
729.0479054450989,137,561152,1.7880729200315482,6.084036436948789,-0.947649663903074,24.867469879518072,1430,0.019904409603876978,-3.0,0.99,0.00017499393559948062,0.0009156902470074269,0.0003,-38.339271545410156,0.3287447690963745,-225.27206420898438,0.049014922231435776,-3.0156304836273193,-3.0,35.248268127441406,84.44286346435547,-7.240152835845947,0.8399419784545898,37.018930435180664,1.0,-38.339271545410156,0.3287447690963745,-225.27206420898438,0.049014922231435776,-3.0156304836273193,-3.0,35.248268127441406,84.44286346435547,-7.240152835845947,1430.0,1430.0,0.0,0.019904409603876978,0.019904409603876978,0.0,0.00017499393559948062,0.00017499393559948062,0.0,0.0009156902470074269,0.0009156902470074269,0.0,0.0003,0.0003,0.0,-3.0,-3.0,0.0,0.0,0.2,28.485714285714284,88.34285714285714,5143.775,149,Hopper-v5,2854,Agente_4
734.3174602985382,138,565248,-1.439676242164104,3.2181426442869463,-3.348785370073763,19.652582159624412,1430,0.019904409603876978,-3.0,0.99,0.00017499393559948062,0.0009156902470074269,0.0003,-47.95936584472656,0.3290923237800598,-257.65118408203125,0.045954056084156036,-3.080113172531128,-3.0,44.71885299682617,91.81959533691406,-0.6682220697402954,0.7562589645385742,43.335933685302734,1.0,-47.95936584472656,0.3290923237800598,-257.65118408203125,0.045954056084156036,-3.080113172531128,-3.0,44.71885299682617,91.81959533691406,-0.6682220697402954,1430.0,1430.0,0.0,0.019904409603876978,0.019904409603876978,0.0,0.00017499393559948062,0.00017499393559948062,0.0,0.0009156902470074269,0.0009156902470074269,0.0,0.0003,0.0003,0.0,-3.0,-3.0,0.0,0.0,0.19571428571428573,27.614285714285717,88.21428571428574,5157.819,150,Hopper-v5,2854,Agente_4
739.6865355968475,139,569344,-1.1478832586978547,3.4246205281517375,-3.5864738481995673,14.56140350877193,1430,0.019904409603876978,-3.0,0.99,0.00017499393559948062,0.0009156902470074269,0.0003,-53.804237365722656,0.28120124340057373,-276.2289123535156,0.04346204921603203,-3.135867118835449,-3.0,50.22947692871094,96.59222412109375,-4.308741092681885,0.8107109069824219,4.248140931129456,1.0,-53.804237365722656,0.28120124340057373,-276.2289123535156,0.04346204921603203,-3.135867118835449,-3.0,50.22947692871094,96.59222412109375,-4.308741092681885,1430.0,1430.0,0.0,0.019904409603876978,0.019904409603876978,0.0,0.00017499393559948062,0.00017499393559948062,0.0,0.0009156902470074269,0.0009156902470074269,0.0,0.0003,0.0003,0.0,-3.0,-3.0,0.0,0.0,0.25142857142857145,27.871428571428574,88.3,5179.847,151,Hopper-v5,2854,Agente_4
745.1773977279663,140,573440,-2.718723771341754,3.223805964913181,-3.7493289764326914,16.265060240963855,1430,0.019904409603876978,-3.0,0.99,0.00017499393559948062,0.0009156902470074269,0.0003,-59.35114669799805,0.3714812099933624,-279.71533203125,0.04137437045574188,-3.185093641281128,-3.0,56.262168884277344,110.27909851074219,-2.875891923904419,0.893310546875,18.62445592880249,1.0,-59.35114669799805,0.3714812099933624,-279.71533203125,0.04137437045574188,-3.185093641281128,-3.0,56.262168884277344,110.27909851074219,-2.875891923904419,1430.0,1430.0,0.0,0.019904409603876978,0.019904409603876978,0.0,0.00017499393559948062,0.00017499393559948062,0.0,0.0009156902470074269,0.0009156902470074269,0.0,0.0003,0.0003,0.0,-3.0,-3.0,0.0,0.0,0.26375000000000004,27.6,88.3625,5209.625,152,Hopper-v5,2854,Agente_4
750.4129583835602,141,577536,-2.8547276965466355,-1.9057419595807863,-3.7764233904564906,16.281124497991968,1430,0.019904409603876978,-3.0,0.99,0.00017499393559948062,0.0009156902470074269,0.0003,-65.18699645996094,0.5536226034164429,-283.0335693359375,0.039591409265995026,-3.2291431427001953,-3.0,63.069358825683594,119.2590560913086,-0.7018436193466187,0.9589500427246094,69.94595527648926,1.0,-65.18699645996094,0.5536226034164429,-283.0335693359375,0.039591409265995026,-3.2291431427001953,-3.0,63.069358825683594,119.2590560913086,-0.7018436193466187,1430.0,1430.0,0.0,0.019904409603876978,0.019904409603876978,0.0,0.00017499393559948062,0.00017499393559948062,0.0,0.0009156902470074269,0.0009156902470074269,0.0,0.0003,0.0003,0.0,-3.0,-3.0,0.0,0.0,0.2071428571428571,26.099999999999998,88.54285714285716,5197.645,153,Hopper-v5,2854,Agente_4
755.4375941753387,142,581632,-2.815062006108793,-2.043902760165824,-3.592517268687316,17.217573221757323,1430,0.019904409603876978,-3.0,0.99,0.00017499393559948062,0.0009156902470074269,0.0003,-69.2520751953125,0.5199490785598755,-286.38262939453125,0.03802250698208809,-3.2695770263671875,-3.0,67.06622314453125,131.12315368652344,-0.6618530750274658,0.7816238403320312,75.62055015563965,1.0,-69.2520751953125,0.5199490785598755,-286.38262939453125,0.03802250698208809,-3.2695770263671875,-3.0,67.06622314453125,131.12315368652344,-0.6618530750274658,1430.0,1430.0,0.0,0.019904409603876978,0.019904409603876978,0.0,0.00017499393559948062,0.00017499393559948062,0.0,0.0009156902470074269,0.0009156902470074269,0.0,0.0003,0.0003,0.0,-3.0,-3.0,0.0,0.0,0.22428571428571428,25.885714285714283,89.17142857142856,5194.788,154,Hopper-v5,2854,Agente_4
760.6325387954712,143,585728,-3.0074574310270146,-2.06442240392942,-3.7785008456676774,18.502262443438916,1430,0.019904409603876978,-3.0,0.99,0.00017499393559948062,0.0009156902470074269,0.0003,-71.97885131835938,0.5868451595306396,-290.60614013671875,0.036612749099731445,-3.307358741760254,-3.0,70.14241027832031,131.09095764160156,-2.0528483390808105,0.9823093414306641,84.63638496398926,1.0,-71.97885131835938,0.5868451595306396,-290.60614013671875,0.036612749099731445,-3.307358741760254,-3.0,70.14241027832031,131.09095764160156,-2.0528483390808105,1430.0,1430.0,0.0,0.019904409603876978,0.019904409603876978,0.0,0.00017499393559948062,0.00017499393559948062,0.0,0.0009156902470074269,0.0009156902470074269,0.0,0.0003,0.0003,0.0,-3.0,-3.0,0.0,0.0,0.25,26.028571428571432,90.08571428571429,5206.745,155,Hopper-v5,2854,Agente_4
769.0959579944611,144,589824,13.135743096678913,43.551852478994775,3.1970646018947186,20.598958333333332,1430,0.019904409603876978,-3.0,0.99,0.00017499393559948062,0.00011484334053251454,0.0003,-22.63458824157715,0.876545786857605,-457.47906494140625,0.037063948810100555,-3.2951104640960693,-3.0,20.819143295288086,74.21308135986328,-33.47447967529297,5.677447557449341,19.466551303863525,1.0,-22.63458824157715,0.876545786857605,-457.47906494140625,0.037063948810100555,-3.2951104640960693,-3.0,20.819143295288086,74.21308135986328,-33.47447967529297,1430.0,1430.0,0.0,0.019904409603876978,0.019904409603876978,0.0,0.00017499393559948062,0.00017499393559948062,0.0,0.00011484334053251454,0.00011484334053251454,0.0,0.0003,0.0003,0.0,-3.0,-3.0,0.0,0.0,0.23055555555555557,25.188888888888886,85.0111111111111,5604.592,156,Hopper-v5,2854,Agente_4
774.5234451293945,145,593920,4.245254494610065,4.61313452589905,3.5955879683109835,10.0,1430,0.019904409603876978,-3.0,0.99,0.00017499393559948062,0.00011484334053251454,0.0003,-39.147430419921875,0.35442429780960083,-537.6589965820312,0.03443598002195358,-3.3686532974243164,-3.0,32.87977600097656,86.9294662475586,-7.850773811340332,2.0579662322998047,7.199532985687256,1.0,-39.147430419921875,0.35442429780960083,-537.6589965820312,0.03443598002195358,-3.3686532974243164,-3.0,32.87977600097656,86.9294662475586,-7.850773811340332,1430.0,1430.0,0.0,0.019904409603876978,0.019904409603876978,0.0,0.00017499393559948062,0.00017499393559948062,0.0,0.00011484334053251454,0.00011484334053251454,0.0,0.0003,0.0003,0.0,-3.0,-3.0,0.0,0.0,0.30428571428571427,27.757142857142856,88.37142857142858,5507.564,157,Hopper-v5,2854,Agente_4
779.7245287895203,146,598016,4.553311069272191,4.68331290494538,4.432111692516727,10.0,1430,0.019904409603876978,-3.0,0.99,0.00017499393559948062,0.00011484334053251454,0.0003,-47.99366760253906,0.36453837156295776,-544.4208984375,0.03244795650243759,-3.4281177520751953,-3.0,42.49903869628906,89.81864166259766,-7.627339839935303,1.886643409729004,7.766207933425903,1.0,-47.99366760253906,0.36453837156295776,-544.4208984375,0.03244795650243759,-3.4281177520751953,-3.0,42.49903869628906,89.81864166259766,-7.627339839935303,1430.0,1430.0,0.0,0.019904409603876978,0.019904409603876978,0.0,0.00017499393559948062,0.00017499393559948062,0.0,0.00011484334053251454,0.00011484334053251454,0.0,0.0003,0.0003,0.0,-3.0,-3.0,0.0,0.0,0.2625,27.450000000000003,88.225,5400.465,158,Hopper-v5,2854,Agente_4
785.0128583908081,147,602112,4.551357538855836,4.667608265182428,4.441245192610591,10.0,1430,0.019904409603876978,-3.0,0.99,0.00017499393559948062,0.00011484334053251454,0.0003,-59.28905487060547,0.2967522144317627,-571.8011474609375,0.030829785391688347,-3.479274034500122,-3.0,55.18672180175781,110.26949310302734,-6.900938987731934,1.5507726669311523,13.872575759887695,1.0,-59.28905487060547,0.2967522144317627,-571.8011474609375,0.030829785391688347,-3.479274034500122,-3.0,55.18672180175781,110.26949310302734,-6.900938987731934,1430.0,1430.0,0.0,0.019904409603876978,0.019904409603876978,0.0,0.00017499393559948062,0.00017499393559948062,0.0,0.00011484334053251454,0.00011484334053251454,0.0,0.0003,0.0003,0.0,-3.0,-3.0,0.0,0.0,0.25142857142857145,27.842857142857145,88.24285714285715,5368.96,159,Hopper-v5,2854,Agente_4
790.463376045227,148,606208,4.532172365009088,4.681974106344413,4.400000699012974,10.0,1430,0.019904409603876978,-3.0,0.99,0.00017499393559948062,0.00011484334053251454,0.0003,-61.38517761230469,0.38933444023132324,-599.15478515625,0.029447712004184723,-3.525139093399048,-3.0,59.20597457885742,124.12995147705078,-47.23194885253906,1.593489646911621,19.407095909118652,1.0,-61.38517761230469,0.38933444023132324,-599.15478515625,0.029447712004184723,-3.525139093399048,-3.0,59.20597457885742,124.12995147705078,-47.23194885253906,1430.0,1430.0,0.0,0.019904409603876978,0.019904409603876978,0.0,0.00017499393559948062,0.00017499393559948062,0.0,0.00011484334053251454,0.00011484334053251454,0.0,0.0003,0.0003,0.0,-3.0,-3.0,0.0,0.0,0.2742857142857143,27.24285714285714,88.24285714285715,5382.535,160,Hopper-v5,2854,Agente_4
795.7838366031647,149,610304,4.524207291147821,4.670537236631149,4.407387084707726,10.0,1430,0.019904409603876978,-3.0,0.99,0.00017499393559948062,0.00011484334053251454,0.0003,-64.27297973632812,0.5571337938308716,-608.2275390625,0.028225312009453773,-3.5675361156463623,-3.0,63.55550003051758,155.63990783691406,-16.9598445892334,1.6045732498168945,36.66208076477051,1.0,-64.27297973632812,0.5571337938308716,-608.2275390625,0.028225312009453773,-3.5675361156463623,-3.0,63.55550003051758,155.63990783691406,-16.9598445892334,1430.0,1430.0,0.0,0.019904409603876978,0.019904409603876978,0.0,0.00017499393559948062,0.00017499393559948062,0.0,0.00011484334053251454,0.00011484334053251454,0.0,0.0003,0.0003,0.0,-3.0,-3.0,0.0,0.0,0.2275,27.275,88.25,5369.621,161,Hopper-v5,2854,Agente_4
801.1186287403107,150,614400,4.5138249274170255,4.6469061423669755,4.392519397764292,10.0,1430,0.019904409603876978,-3.0,0.99,0.00017499393559948062,0.00011484334053251454,0.0003,-51.03102111816406,0.5791429281234741,-618.9595336914062,0.027132734656333923,-3.6070144176483154,-3.0,55.65819549560547,145.4127960205078,-29.051259994506836,2.3809821605682373,25.189017295837402,1.0,-51.03102111816406,0.5791429281234741,-618.9595336914062,0.027132734656333923,-3.6070144176483154,-3.0,55.65819549560547,145.4127960205078,-29.051259994506836,1430.0,1430.0,0.0,0.019904409603876978,0.019904409603876978,0.0,0.00017499393559948062,0.00017499393559948062,0.0,0.00011484334053251454,0.00011484334053251454,0.0,0.0003,0.0003,0.0,-3.0,-3.0,0.0,0.0,0.25285714285714284,28.314285714285713,88.14285714285714,5362.091,162,Hopper-v5,2854,Agente_4
806.2750523090363,151,618496,4.482187867805839,4.618626299902352,4.041508213375447,9.987745098039216,1430,0.019904409603876978,-3.0,0.99,0.00017499393559948062,0.00011484334053251454,0.0003,-48.97844696044922,0.7501206994056702,-614.9938354492188,0.026141434907913208,-3.6442337036132812,-3.0,54.30474853515625,138.510986328125,-39.41514205932617,3.3828907012939453,52.16133117675781,1.0,-48.97844696044922,0.7501206994056702,-614.9938354492188,0.026141434907913208,-3.6442337036132812,-3.0,54.30474853515625,138.510986328125,-39.41514205932617,1430.0,1430.0,0.0,0.019904409603876978,0.019904409603876978,0.0,0.00017499393559948062,0.00017499393559948062,0.0,0.00011484334053251454,0.00011484334053251454,0.0,0.0003,0.0003,0.0,-3.0,-3.0,0.0,0.0,0.2257142857142857,24.642857142857142,88.14285714285715,5334.646,163,Hopper-v5,2854,Agente_4
811.6246452331543,152,622592,4.313630469609874,4.5521695776890105,4.010185506805244,9.55813953488372,1430,0.019904409603876978,-3.0,0.99,0.00017499393559948062,0.00011484334053251454,0.0003,-39.355594635009766,0.6443815231323242,-629.2777099609375,0.0252308938652277,-3.6796860694885254,-3.0,46.2283821105957,160.40591430664062,-61.451541900634766,2.995589256286621,45.760149002075195,1.0,-39.355594635009766,0.6443815231323242,-629.2777099609375,0.0252308938652277,-3.6796860694885254,-3.0,46.2283821105957,160.40591430664062,-61.451541900634766,1430.0,1430.0,0.0,0.019904409603876978,0.019904409603876978,0.0,0.00017499393559948062,0.00017499393559948062,0.0,0.00011484334053251454,0.00011484334053251454,0.0,0.0003,0.0003,0.0,-3.0,-3.0,0.0,0.0,0.24714285714285716,27.64285714285714,88.17142857142858,5334.663,164,Hopper-v5,2854,Agente_4
817.0270192623138,153,626688,4.1890737293714695,4.56352289259317,3.9697854660291245,9.228699551569507,1430,0.019904409603876978,-3.0,0.99,0.00017499393559948062,0.00011484334053251454,0.0003,-29.474903106689453,0.8003811836242676,-638.1758422851562,0.024391204118728638,-3.7135326862335205,-3.0,35.45671081542969,170.3986358642578,-75.13655853271484,3.389683723449707,81.15519523620605,1.0,-29.474903106689453,0.8003811836242676,-638.1758422851562,0.024391204118728638,-3.7135326862335205,-3.0,35.45671081542969,170.3986358642578,-75.13655853271484,1430.0,1430.0,0.0,0.019904409603876978,0.019904409603876978,0.0,0.00017499393559948062,0.00017499393559948062,0.0,0.00011484334053251454,0.00011484334053251454,0.0,0.0003,0.0003,0.0,-3.0,-3.0,0.0,0.0,0.2875,28.0,88.225,5340.154,165,Hopper-v5,2854,Agente_4
822.5440006256104,154,630784,4.0243776212631355,4.179467092097145,3.6033598996484724,8.991189427312776,1430,0.019904409603876978,-3.0,0.99,0.00017499393559948062,0.00011484334053251454,0.0003,-12.584831237792969,0.9467779397964478,-651.4570922851562,0.023608537390828133,-3.7461469173431396,-3.0,21.083324432373047,162.5150604248047,-92.19589233398438,3.7916826009750366,82.53534889221191,1.0,-12.584831237792969,0.9467779397964478,-651.4570922851562,0.023608537390828133,-3.7461469173431396,-3.0,21.083324432373047,162.5150604248047,-92.19589233398438,1430.0,1430.0,0.0,0.019904409603876978,0.019904409603876978,0.0,0.00017499393559948062,0.00017499393559948062,0.0,0.00011484334053251454,0.00011484334053251454,0.0,0.0003,0.0003,0.0,-3.0,-3.0,0.0,0.0,0.21999999999999997,26.642857142857146,88.55714285714285,5330.022,166,Hopper-v5,2854,Agente_4
827.9588775634766,155,634880,4.00572947471542,4.140322363059085,3.630716904417878,8.991169977924946,1430,0.019904409603876978,-3.0,0.99,0.00017499393559948062,0.00011484334053251454,0.0003,-6.263636589050293,0.863574743270874,-647.4476318359375,0.02287166751921177,-3.7778563499450684,-3.0,14.349393844604492,177.284912109375,-81.90947723388672,3.3273420333862305,81.74610137939453,1.0,-6.263636589050293,0.863574743270874,-647.4476318359375,0.02287166751921177,-3.7778563499450684,-3.0,14.349393844604492,177.284912109375,-81.90947723388672,1430.0,1430.0,0.0,0.019904409603876978,0.019904409603876978,0.0,0.00017499393559948062,0.00017499393559948062,0.0,0.00011484334053251454,0.00011484334053251454,0.0,0.0003,0.0003,0.0,-3.0,-3.0,0.0,0.0,0.22142857142857145,25.714285714285715,89.28571428571429,5329.207,167,Hopper-v5,2854,Agente_4
833.1742308139801,156,638976,4.040273519541609,4.392639659460822,3.6212276656912543,9.0,1430,0.019904409603876978,-3.0,0.99,0.00017499393559948062,0.00011484334053251454,0.0003,1.0719280242919922,0.9829987287521362,-657.0306396484375,0.02217325195670128,-3.808868646621704,-3.0,6.81071662902832,157.7390594482422,-85.27679443359375,3.4704504013061523,81.86651802062988,1.0,1.0719280242919922,0.9829987287521362,-657.0306396484375,0.02217325195670128,-3.808868646621704,-3.0,6.81071662902832,157.7390594482422,-85.27679443359375,1430.0,1430.0,0.0,0.019904409603876978,0.019904409603876978,0.0,0.00017499393559948062,0.00017499393559948062,0.0,0.00011484334053251454,0.00011484334053251454,0.0,0.0003,0.0003,0.0,-3.0,-3.0,0.0,0.0,0.225,26.4125,89.925,5330.621,168,Hopper-v5,2854,Agente_4
838.400792837143,157,643072,4.0550238877106315,4.1763978510388755,3.9136991245402415,9.0,1430,0.019904409603876978,-3.0,0.99,0.00017499393559948062,0.00011484334053251454,0.0003,9.63835620880127,0.8353812098503113,-664.0244750976562,0.02151249535381794,-3.8391213417053223,-3.0,-1.9396052360534668,133.7244415283203,-83.93640899658203,3.3258076906204224,76.05852890014648,1.0,9.63835620880127,0.8353812098503113,-664.0244750976562,0.02151249535381794,-3.8391213417053223,-3.0,-1.9396052360534668,133.7244415283203,-83.93640899658203,1430.0,1430.0,0.0,0.019904409603876978,0.019904409603876978,0.0,0.00017499393559948062,0.00017499393559948062,0.0,0.00011484334053251454,0.00011484334053251454,0.0,0.0003,0.0003,0.0,-3.0,-3.0,0.0,0.0,0.17714285714285719,25.642857142857142,90.15714285714286,5324.547,169,Hopper-v5,2854,Agente_4
843.9284889698029,158,647168,3.686500410221494,4.141582869435952,2.9261694331010277,8.366053169734151,1430,0.019904409603876978,-3.0,0.99,0.00017499393559948062,0.00011484334053251454,0.0003,12.715498924255371,1.0122535228729248,-657.95849609375,0.020885391160845757,-3.8687052726745605,-3.0,-6.471651077270508,150.4929962158203,-78.42872619628906,3.6224069595336914,68.43428802490234,1.0,12.715498924255371,1.0122535228729248,-657.95849609375,0.020885391160845757,-3.8687052726745605,-3.0,-6.471651077270508,150.4929962158203,-78.42872619628906,1430.0,1430.0,0.0,0.019904409603876978,0.019904409603876978,0.0,0.00017499393559948062,0.00017499393559948062,0.0,0.00011484334053251454,0.00011484334053251454,0.0,0.0003,0.0003,0.0,-3.0,-3.0,0.0,0.0,0.22285714285714286,27.500000000000004,88.71428571428571,5332.405,170,Hopper-v5,2854,Agente_4
849.1996104717255,159,651264,2.905829635320206,3.4742468224867653,2.4023940255176166,7.006849315068493,1430,0.019904409603876978,-3.0,0.99,0.00017499393559948062,0.00011484334053251454,0.0003,12.739158630371094,0.8729513883590698,-665.3480224609375,0.020291300490498543,-3.8975629806518555,-3.0,-8.376195907592773,143.73516845703125,-80.5954818725586,3.0592031478881836,58.08722496032715,1.0,12.739158630371094,0.8729513883590698,-665.3480224609375,0.020291300490498543,-3.8975629806518555,-3.0,-8.376195907592773,143.73516845703125,-80.5954818725586,1430.0,1430.0,0.0,0.019904409603876978,0.019904409603876978,0.0,0.00017499393559948062,0.00017499393559948062,0.0,0.00011484334053251454,0.00011484334053251454,0.0,0.0003,0.0003,0.0,-3.0,-3.0,0.0,0.0,0.25375000000000003,26.825,88.63749999999999,5327.095,171,Hopper-v5,2854,Agente_4
854.584145784378,160,655360,2.727879896157151,2.9517443123286196,2.4047081684732543,6.729508196721311,1430,0.019904409603876978,-3.0,0.99,0.00017499393559948062,0.00011484334053251454,0.0003,20.12403678894043,0.8860253691673279,-677.9841918945312,0.019723709672689438,-3.925933837890625,-3.0,-16.882749557495117,133.73904418945312,-109.12306213378906,2.916029930114746,47.79335403442383,1.0,20.12403678894043,0.8860253691673279,-677.9841918945312,0.019723709672689438,-3.925933837890625,-3.0,-16.882749557495117,133.73904418945312,-109.12306213378906,1430.0,1430.0,0.0,0.019904409603876978,0.019904409603876978,0.0,0.00017499393559948062,0.00017499393559948062,0.0,0.00011484334053251454,0.00011484334053251454,0.0,0.0003,0.0003,0.0,-3.0,-3.0,0.0,0.0,0.2275,27.4375,88.57499999999999,5332.409,172,Hopper-v5,2854,Agente_4
859.9441707134247,161,659456,2.659739000068517,2.930653605929559,2.3538623950288593,6.57784911717496,1430,0.019904409603876978,-3.0,0.99,0.00017499393559948062,0.00011484334053251454,0.0003,8.380340576171875,0.6832174062728882,-684.952880859375,0.019178874790668488,-3.9539458751678467,-3.0,-6.291784286499023,139.8141632080078,-107.48052215576172,2.498077869415283,35.502119064331055,1.0,8.380340576171875,0.6832174062728882,-684.952880859375,0.019178874790668488,-3.9539458751678467,-3.0,-6.291784286499023,139.8141632080078,-107.48052215576172,1430.0,1430.0,0.0,0.019904409603876978,0.019904409603876978,0.0,0.00017499393559948062,0.00017499393559948062,0.0,0.00011484334053251454,0.00011484334053251454,0.0,0.0003,0.0003,0.0,-3.0,-3.0,0.0,0.0,0.22714285714285715,27.24285714285714,88.57142857142857,5352.622,173,Hopper-v5,2854,Agente_4
865.3307955265045,162,663552,2.762892276733873,3.06848346242517,2.3718016933234987,6.801980198019802,1430,0.019904409603876978,-3.0,0.99,0.00017499393559948062,0.00011484334053251454,0.0003,12.600702285766602,0.6309374570846558,-679.9016723632812,0.018656659871339798,-3.9815521240234375,-3.0,-11.695322036743164,114.17761993408203,-74.5511474609375,2.6498990058898926,26.449854850769043,1.0,12.600702285766602,0.6309374570846558,-679.9016723632812,0.018656659871339798,-3.9815521240234375,-3.0,-11.695322036743164,114.17761993408203,-74.5511474609375,1430.0,1430.0,0.0,0.019904409603876978,0.019904409603876978,0.0,0.00017499393559948062,0.00017499393559948062,0.0,0.00011484334053251454,0.00011484334053251454,0.0,0.0003,0.0003,0.0,-3.0,-3.0,0.0,0.0,0.2214285714285714,26.357142857142854,89.3,5356.176,174,Hopper-v5,2854,Agente_4
870.563051700592,163,667648,2.8915953896192508,3.0878995279735597,2.4269631323720486,6.97598627787307,1430,0.019904409603876978,-3.0,0.99,0.00017499393559948062,0.00011484334053251454,0.0003,0.13228631019592285,0.5179389715194702,-693.8112182617188,0.018154405057430267,-4.0088419914245605,-3.0,-1.0891845226287842,147.58029174804688,-111.08822631835938,2.357114791870117,15.99249792098999,1.0,0.13228631019592285,0.5179389715194702,-693.8112182617188,0.018154405057430267,-4.0088419914245605,-3.0,-1.0891845226287842,147.58029174804688,-111.08822631835938,1430.0,1430.0,0.0,0.019904409603876978,0.019904409603876978,0.0,0.00017499393559948062,0.00017499393559948062,0.0,0.00011484334053251454,0.00011484334053251454,0.0,0.0003,0.0003,0.0,-3.0,-3.0,0.0,0.0,0.19375,25.7125,90.01249999999999,5338.856,175,Hopper-v5,2854,Agente_4
876.7596032619476,164,671744,2.9196897253469576,3.4197727426192106,2.471576051278814,6.998290598290598,1430,0.019904409603876978,-3.0,0.99,0.00017499393559948062,0.00011484334053251454,0.0003,-1.3235316276550293,0.35916221141815186,-693.9991455078125,0.01767023093998432,-4.035873889923096,-3.0,0.10177624225616455,149.8451385498047,-72.41526794433594,2.00064754486084,13.799310684204102,1.0,-1.3235316276550293,0.35916221141815186,-693.9991455078125,0.01767023093998432,-4.035873889923096,-3.0,0.10177624225616455,149.8451385498047,-72.41526794433594,1430.0,1430.0,0.0,0.019904409603876978,0.019904409603876978,0.0,0.00017499393559948062,0.00017499393559948062,0.0,0.00011484334053251454,0.00011484334053251454,0.0,0.0003,0.0003,0.0,-3.0,-3.0,0.0,0.0,0.1442857142857143,24.942857142857143,90.04285714285713,5406.695,176,Hopper-v5,2854,Agente_4
882.099050283432,165,675840,3.0309077504345936,3.5429650108677793,2.817766046064678,7.113240418118467,1430,0.019904409603876978,-3.0,0.99,0.00017499393559948062,0.00011484334053251454,0.0003,-3.376126766204834,0.37206077575683594,-706.45849609375,0.01720237359404564,-4.062707901000977,-3.0,2.1048507690429688,152.97402954101562,-83.56144714355469,1.791503667831421,11.258638143539429,1.0,-3.376126766204834,0.37206077575683594,-706.45849609375,0.01720237359404564,-4.062707901000977,-3.0,2.1048507690429688,152.97402954101562,-83.56144714355469,1430.0,1430.0,0.0,0.019904409603876978,0.019904409603876978,0.0,0.00017499393559948062,0.00017499393559948062,0.0,0.00011484334053251454,0.00011484334053251454,0.0,0.0003,0.0003,0.0,-3.0,-3.0,0.0,0.0,0.26625,27.05,88.5,5398.933,177,Hopper-v5,2854,Agente_4
887.4017202854156,166,679936,3.5202325163676997,4.087244154168132,2.978599997804879,7.966731898238748,1430,0.019904409603876978,-3.0,0.99,0.00017499393559948062,0.00011484334053251454,0.0003,-13.133563995361328,0.35164308547973633,-704.4324340820312,0.016750920563936234,-4.089302062988281,-3.0,11.547422409057617,143.48019409179688,-81.0375747680664,1.7183789014816284,10.832612037658691,1.0,-13.133563995361328,0.35164308547973633,-704.4324340820312,0.016750920563936234,-4.089302062988281,-3.0,11.547422409057617,143.48019409179688,-81.0375747680664,1430.0,1430.0,0.0,0.019904409603876978,0.019904409603876978,0.0,0.00017499393559948062,0.00017499393559948062,0.0,0.00011484334053251454,0.00011484334053251454,0.0,0.0003,0.0003,0.0,-3.0,-3.0,0.0,0.0,0.3071428571428572,27.47142857142857,88.4,5407.406,178,Hopper-v5,2854,Agente_4
892.8056406974792,167,684032,3.9287386895316945,4.543848492692151,3.500644538636924,8.749469214437367,1430,0.019904409603876978,-3.0,0.99,0.00017499393559948062,0.00011484334053251454,0.0003,-17.4893798828125,0.2882799804210663,-706.2831420898438,0.016316674649715424,-4.115567684173584,-3.0,15.945068359375,157.92515563964844,-73.54210662841797,1.3450698852539062,12.194177627563477,1.0,-17.4893798828125,0.2882799804210663,-706.2831420898438,0.016316674649715424,-4.115567684173584,-3.0,15.945068359375,157.92515563964844,-73.54210662841797,1430.0,1430.0,0.0,0.019904409603876978,0.019904409603876978,0.0,0.00017499393559948062,0.00017499393559948062,0.0,0.00011484334053251454,0.00011484334053251454,0.0,0.0003,0.0003,0.0,-3.0,-3.0,0.0,0.0,0.20875,27.45,88.3875,5424.601,179,Hopper-v5,2854,Agente_4
898.1563682556152,168,688128,4.087461796586376,4.643462454314521,3.4781168910816485,9.033259423503326,1430,0.019904409603876978,-3.0,0.99,0.00017499393559948062,0.00011484334053251454,0.0003,-20.030982971191406,0.3924165368080139,-705.5238037109375,0.015897126868367195,-4.1416168212890625,-3.0,19.26856231689453,151.70675659179688,-84.0600814819336,1.2116280794143677,10.482746124267578,1.0,-20.030982971191406,0.3924165368080139,-705.5238037109375,0.015897126868367195,-4.1416168212890625,-3.0,19.26856231689453,151.70675659179688,-84.0600814819336,1430.0,1430.0,0.0,0.019904409603876978,0.019904409603876978,0.0,0.00017499393559948062,0.00017499393559948062,0.0,0.00011484334053251454,0.00011484334053251454,0.0,0.0003,0.0003,0.0,-3.0,-3.0,0.0,0.0,0.2771428571428572,27.885714285714283,88.38571428571427,5406.629,180,Hopper-v5,2854,Agente_4
903.4441044330597,169,692224,4.4285908808183345,4.643426112070809,3.597032461011151,9.757211538461538,1430,0.019904409603876978,-3.0,0.99,0.00017499393559948062,0.00011484334053251454,0.0003,-21.626482009887695,0.3392601013183594,-718.642333984375,0.015490546822547913,-4.167525291442871,-3.0,20.386032104492188,146.38177490234375,-72.93719482421875,1.379107654094696,8.10462999343872,1.0,-21.626482009887695,0.3392601013183594,-718.642333984375,0.015490546822547913,-4.167525291442871,-3.0,20.386032104492188,146.38177490234375,-72.93719482421875,1430.0,1430.0,0.0,0.019904409603876978,0.019904409603876978,0.0,0.00017499393559948062,0.00017499393559948062,0.0,0.00011484334053251454,0.00011484334053251454,0.0,0.0003,0.0003,0.0,-3.0,-3.0,0.0,0.0,0.17428571428571432,27.714285714285715,80.67142857142856,5408.306,181,Hopper-v5,2854,Agente_4
908.7886726856232,170,696320,4.427423178697489,4.557055262415464,4.248447596178098,9.997395833333334,1430,0.019904409603876978,-3.0,0.99,0.00017499393559948062,0.00011484334053251454,0.0003,-12.290483474731445,0.48252928256988525,-1097.645751953125,0.015000801533460617,-4.199651718139648,-3.0,8.064760208129883,67.38597869873047,-96.16659545898438,1.633490800857544,13.81526231765747,1.0,-12.290483474731445,0.48252928256988525,-1097.645751953125,0.015000801533460617,-4.199651718139648,-3.0,8.064760208129883,67.38597869873047,-96.16659545898438,1430.0,1430.0,0.0,0.019904409603876978,0.019904409603876978,0.0,0.00017499393559948062,0.00017499393559948062,0.0,0.00011484334053251454,0.00011484334053251454,0.0,0.0003,0.0003,0.0,-3.0,-3.0,0.0,0.0,0.20550000000000002,23.860000000000003,84.615,5330.996,182,Hopper-v5,2854,Agente_4
914.1526806354523,171,700416,4.426977171732722,4.534589114639763,4.318760011261841,10.0,1430,0.019904409603876978,-3.0,0.99,0.00017499393559948062,0.00011484334053251454,0.0003,-19.277496337890625,0.19732913374900818,-1112.396484375,0.014459247700870037,-4.23642110824585,-3.0,15.861291885375977,66.13835906982422,-37.522178649902344,1.1444181203842163,4.4916369915008545,1.0,-19.277496337890625,0.19732913374900818,-1112.396484375,0.014459247700870037,-4.23642110824585,-3.0,15.861291885375977,66.13835906982422,-37.522178649902344,1430.0,1430.0,0.0,0.019904409603876978,0.019904409603876978,0.0,0.00017499393559948062,0.00017499393559948062,0.0,0.00011484334053251454,0.00011484334053251454,0.0,0.0003,0.0003,0.0,-3.0,-3.0,0.0,0.0,0.2942857142857143,27.314285714285717,87.72857142857143,5340.845,183,Hopper-v5,2854,Agente_4
919.3150935173035,172,704512,4.430733992139419,4.527966968962545,4.339097532756522,10.0,1430,0.019904409603876978,-3.0,0.99,0.00017499393559948062,0.00011484334053251454,0.0003,-22.38865089416504,0.2277471423149109,-1124.9151611328125,0.013961770571768284,-4.271432399749756,-3.0,19.34441375732422,66.63825988769531,-89.98845672607422,1.0702813863754272,4.5595574378967285,1.0,-22.38865089416504,0.2277471423149109,-1124.9151611328125,0.013961770571768284,-4.271432399749756,-3.0,19.34441375732422,66.63825988769531,-89.98845672607422,1430.0,1430.0,0.0,0.019904409603876978,0.019904409603876978,0.0,0.00017499393559948062,0.00017499393559948062,0.0,0.00011484334053251454,0.00011484334053251454,0.0,0.0003,0.0003,0.0,-3.0,-3.0,0.0,0.0,0.23249999999999998,23.4125,87.98750000000001,5276.248,184,Hopper-v5,2854,Agente_4
924.6455328464508,173,708608,4.428014430082701,4.548247582698483,4.251512423700171,9.997596153846153,1430,0.019904409603876978,-3.0,0.99,0.00017499393559948062,0.00011484334053251454,0.0003,-24.867977142333984,0.22330477833747864,-1128.6009521484375,0.013500617817044258,-4.305019855499268,-3.0,22.192909240722656,68.2282943725586,-67.91358947753906,1.1568043231964111,4.8698554039001465,1.0,-24.867977142333984,0.22330477833747864,-1128.6009521484375,0.013500617817044258,-4.305019855499268,-3.0,22.192909240722656,68.2282943725586,-67.91358947753906,1430.0,1430.0,0.0,0.019904409603876978,0.019904409603876978,0.0,0.00017499393559948062,0.00017499393559948062,0.0,0.00011484334053251454,0.00011484334053251454,0.0,0.0003,0.0003,0.0,-3.0,-3.0,0.0,0.0,0.22714285714285715,25.54285714285714,88.77142857142859,5285.253,185,Hopper-v5,2854,Agente_4
929.9073648452759,174,712704,4.425614713381185,4.54616581261951,4.219379735936029,9.995192307692308,1430,0.019904409603876978,-3.0,0.99,0.00017499393559948062,0.00011484334053251454,0.0003,-27.19603729248047,0.1880200356245041,-1132.83642578125,0.013069895096123219,-4.337443828582764,-3.0,25.14381217956543,87.86260223388672,-64.60745239257812,1.1217578649520874,5.357327580451965,1.0,-27.19603729248047,0.1880200356245041,-1132.83642578125,0.013069895096123219,-4.337443828582764,-3.0,25.14381217956543,87.86260223388672,-64.60745239257812,1430.0,1430.0,0.0,0.019904409603876978,0.019904409603876978,0.0,0.00017499393559948062,0.00017499393559948062,0.0,0.00011484334053251454,0.00011484334053251454,0.0,0.0003,0.0003,0.0,-3.0,-3.0,0.0,0.0,0.17625,25.7,89.2875,5277.948,186,Hopper-v5,2854,Agente_4
935.2058763504028,175,716800,4.429220114977242,4.52872959166304,4.336091586472782,10.0,1430,0.019904409603876978,-3.0,0.99,0.00017499393559948062,0.00011484334053251454,0.0003,-27.12965202331543,0.3081760108470917,-1145.501953125,0.012665276415646076,-4.36889123916626,-3.0,25.776954650878906,107.22181701660156,-100.17823028564453,1.1016206741333008,10.554571151733398,1.0,-27.12965202331543,0.3081760108470917,-1145.501953125,0.012665276415646076,-4.36889123916626,-3.0,25.776954650878906,107.22181701660156,-100.17823028564453,1430.0,1430.0,0.0,0.019904409603876978,0.019904409603876978,0.0,0.00017499393559948062,0.00017499393559948062,0.0,0.00011484334053251454,0.00011484334053251454,0.0,0.0003,0.0003,0.0,-3.0,-3.0,0.0,0.0,0.22428571428571428,25.999999999999996,89.12857142857142,5278.88,187,Hopper-v5,2854,Agente_4
940.7938454151154,176,720896,4.4244271517271,4.528652650756655,4.3183942515952,10.0,1430,0.019904409603876978,-3.0,0.99,0.00017499393559948062,0.00011484334053251454,0.0003,-30.10892677307129,0.23587003350257874,-1153.769287109375,0.012283112853765488,-4.399529933929443,-3.0,28.871686935424805,100.35506439208984,-79.38080596923828,0.9720945358276367,9.491949558258057,1.0,-30.10892677307129,0.23587003350257874,-1153.769287109375,0.012283112853765488,-4.399529933929443,-3.0,28.871686935424805,100.35506439208984,-79.38080596923828,1430.0,1430.0,0.0,0.019904409603876978,0.019904409603876978,0.0,0.00017499393559948062,0.00017499393559948062,0.0,0.00011484334053251454,0.00011484334053251454,0.0,0.0003,0.0003,0.0,-3.0,-3.0,0.0,0.0,0.25625,26.925,87.375,5321.029,188,Hopper-v5,2854,Agente_4
946.4059226512909,177,724992,4.4288261546004914,4.532196108637105,4.346927837614928,10.0,1430,0.019904409603876978,-3.0,0.99,0.00017499393559948062,0.00011484334053251454,0.0003,-26.078214645385742,0.17581164836883545,-1171.50927734375,0.011921055614948273,-4.429449081420898,-3.0,24.341007232666016,112.8011474609375,-59.99385452270508,0.9533700942993164,4.895935535430908,1.0,-26.078214645385742,0.17581164836883545,-1171.50927734375,0.011921055614948273,-4.429449081420898,-3.0,24.341007232666016,112.8011474609375,-59.99385452270508,1430.0,1430.0,0.0,0.019904409603876978,0.019904409603876978,0.0,0.00017499393559948062,0.00017499393559948062,0.0,0.00011484334053251454,0.00011484334053251454,0.0,0.0003,0.0003,0.0,-3.0,-3.0,0.0,0.0,0.30125,27.9625,87.32499999999999,5355.339,189,Hopper-v5,2854,Agente_4
951.823575258255,178,729088,4.425926289384023,4.52846685160773,4.221806250341536,9.995192307692308,1430,0.019904409603876978,-3.0,0.99,0.00017499393559948062,0.00011484334053251454,0.0003,-30.185617446899414,0.21811839938163757,-1172.729248046875,0.011577203869819641,-4.458717346191406,-3.0,29.462295532226562,113.53041076660156,-89.19789123535156,0.9987125396728516,6.555989742279053,1.0,-30.185617446899414,0.21811839938163757,-1172.729248046875,0.011577203869819641,-4.458717346191406,-3.0,29.462295532226562,113.53041076660156,-89.19789123535156,1430.0,1430.0,0.0,0.019904409603876978,0.019904409603876978,0.0,0.00017499393559948062,0.00017499393559948062,0.0,0.00011484334053251454,0.00011484334053251454,0.0,0.0003,0.0003,0.0,-3.0,-3.0,0.0,0.0,0.26625,26.362499999999997,87.3375,5360.73,190,Hopper-v5,2854,Agente_4
957.2362926006317,179,733184,4.42651147708453,4.54573939362848,4.331710295705976,10.0,1430,0.019904409603876978,-3.0,0.99,0.00017499393559948062,0.00011484334053251454,0.0003,-29.167226791381836,0.19011396169662476,-1174.76611328125,0.01124933548271656,-4.487446308135986,-3.0,28.30414581298828,113.03314208984375,-72.443359375,0.9056782722473145,6.753179550170898,1.0,-29.167226791381836,0.19011396169662476,-1174.76611328125,0.01124933548271656,-4.487446308135986,-3.0,28.30414581298828,113.03314208984375,-72.443359375,1430.0,1430.0,0.0,0.019904409603876978,0.019904409603876978,0.0,0.00017499393559948062,0.00017499393559948062,0.0,0.00011484334053251454,0.00011484334053251454,0.0,0.0003,0.0003,0.0,-3.0,-3.0,0.0,0.0,0.21857142857142856,27.9,87.38571428571427,5364.39,191,Hopper-v5,2854,Agente_4
962.6472222805023,180,737280,4.426828506537951,4.528365791600611,4.3395691008034785,10.0,1430,0.019904409603876978,-3.0,0.99,0.00017499393559948062,0.00011484334053251454,0.0003,-26.720111846923828,0.20616604387760162,-1182.8555908203125,0.01093601156026125,-4.5156941413879395,-3.0,26.048418045043945,122.24642181396484,-88.24874114990234,0.7185702323913574,7.85460090637207,1.0,-26.720111846923828,0.20616604387760162,-1182.8555908203125,0.01093601156026125,-4.5156941413879395,-3.0,26.048418045043945,122.24642181396484,-88.24874114990234,1430.0,1430.0,0.0,0.019904409603876978,0.019904409603876978,0.0,0.00017499393559948062,0.00017499393559948062,0.0,0.00011484334053251454,0.00011484334053251454,0.0,0.0003,0.0003,0.0,-3.0,-3.0,0.0,0.0,0.23125,27.2875,87.2375,5371.044,192,Hopper-v5,2854,Agente_4
968.0145750045776,181,741376,4.424638137195008,4.525578670990242,4.228071240984101,9.997590361445782,1430,0.019904409603876978,-3.0,0.99,0.00017499393559948062,0.00011484334053251454,0.0003,-28.102161407470703,0.17386998236179352,-1196.44287109375,0.010635577142238617,-4.543550491333008,-3.0,27.84020233154297,105.51092529296875,-58.610450744628906,0.7933653593063354,4.350976943969727,1.0,-28.102161407470703,0.17386998236179352,-1196.44287109375,0.010635577142238617,-4.543550491333008,-3.0,27.84020233154297,105.51092529296875,-58.610450744628906,1430.0,1430.0,0.0,0.019904409603876978,0.019904409603876978,0.0,0.00017499393559948062,0.00017499393559948062,0.0,0.00011484334053251454,0.00011484334053251454,0.0,0.0003,0.0003,0.0,-3.0,-3.0,0.0,0.0,0.22999999999999998,27.157142857142862,87.21428571428571,5371.136,193,Hopper-v5,2854,Agente_4
973.5990123748779,182,745472,4.427348898632753,4.531751498143617,4.19805693854579,9.997596153846153,1430,0.019904409603876978,-3.0,0.99,0.00017499393559948062,0.00011484334053251454,0.0003,-29.530349731445312,0.15040507912635803,-1195.557373046875,0.010347161442041397,-4.571043014526367,-3.0,28.838048934936523,131.48309326171875,-52.38930892944336,0.5499238967895508,5.728891372680664,1.0,-29.530349731445312,0.15040507912635803,-1195.557373046875,0.010347161442041397,-4.571043014526367,-3.0,28.838048934936523,131.48309326171875,-52.38930892944336,1430.0,1430.0,0.0,0.019904409603876978,0.019904409603876978,0.0,0.00017499393559948062,0.00017499393559948062,0.0,0.00011484334053251454,0.00011484334053251454,0.0,0.0003,0.0003,0.0,-3.0,-3.0,0.0,0.0,0.275,28.025,87.325,5413.653,194,Hopper-v5,2854,Agente_4
976.8563125133514,183,749568,,,,,904,0.02,-3.0,0.99,1.0587347331469029e-05,0.0002733498259346661,0.0003,-22.312129974365234,0.9390434622764587,-1.945235252380371,0.08421562612056732,-2.474374771118164,-3.0,19.988513946533203,76.31751251220703,-72.43457794189453,5.043106555938721,19.07321262359619,1.0,-22.312129974365234,0.9390434622764587,-1.945235252380371,0.08421562612056732,-2.474374771118164,-3.0,19.988513946533203,76.31751251220703,-72.43457794189453,904.0,904.0,0.0,0.02,0.02,0.0,1.0587347331469029e-05,1.0587347331469029e-05,0.0,0.0002733498259346661,0.0002733498259346661,0.0,0.0003,0.0003,0.0,-3.0,-3.0,0.0,0.0,0.20315789473684212,24.442105263157895,84.2894736842105,5376.443,195,Hopper-v5,2854,Agente_4
982.1332049369812,184,753664,301.1848240474317,420.53734659352034,218.9107602627525,195.45454545454547,904,0.02,-3.0,0.99,1.0587347331469029e-05,0.0002733498259346661,0.0003,-28.218074798583984,0.3562585115432739,-0.46171581745147705,0.08294719457626343,-2.489551067352295,-3.0,27.231769561767578,80.47918701171875,-46.595455169677734,1.911576271057129,7.327731609344482,1.0,-28.218074798583984,0.3562585115432739,-0.46171581745147705,0.08294719457626343,-2.489551067352295,-3.0,27.231769561767578,80.47918701171875,-46.595455169677734,904.0,904.0,0.0,0.02,0.02,0.0,1.0587347331469029e-05,1.0587347331469029e-05,0.0,0.0002733498259346661,0.0002733498259346661,0.0,0.0003,0.0003,0.0,-3.0,-3.0,0.0,0.0,0.25857142857142856,26.97142857142857,87.87142857142858,5319.764,196,Hopper-v5,2854,Agente_4
987.3110089302063,185,757760,475.78280169282465,958.0507938306375,218.9107602627525,255.84615384615384,904,0.02,-3.0,0.99,1.0587347331469029e-05,0.0002733498259346661,0.0003,-36.15455627441406,0.30320435762405396,0.18146449327468872,0.08195643872022629,-2.5015673637390137,-3.0,35.26634979248047,161.6168975830078,-32.114437103271484,1.230912208557129,6.52915096282959,1.0,-36.15455627441406,0.30320435762405396,0.18146449327468872,0.08195643872022629,-2.5015673637390137,-3.0,35.26634979248047,161.6168975830078,-32.114437103271484,904.0,904.0,0.0,0.02,0.02,0.0,1.0587347331469029e-05,1.0587347331469029e-05,0.0,0.0002733498259346661,0.0002733498259346661,0.0,0.0003,0.0003,0.0,-3.0,-3.0,0.0,0.0,0.3085714285714286,28.014285714285712,87.87142857142858,5269.25,197,Hopper-v5,2854,Agente_4
992.5900957584381,186,761856,541.9644981739353,1056.2708837210596,218.9107602627525,283.0,904,0.02,-3.0,0.99,1.0587347331469029e-05,0.0002733498259346661,0.0003,-42.815155029296875,0.26626479625701904,-1.0910475254058838,0.08114805817604065,-2.5114798545837402,-3.0,41.410072326660156,74.98277282714844,-46.44659423828125,1.1154125928878784,5.763988256454468,1.0,-42.815155029296875,0.26626479625701904,-1.0910475254058838,0.08114805817604065,-2.5114798545837402,-3.0,41.410072326660156,74.98277282714844,-46.44659423828125,904.0,904.0,0.0,0.02,0.02,0.0,1.0587347331469029e-05,1.0587347331469029e-05,0.0,0.0002733498259346661,0.0002733498259346661,0.0,0.0003,0.0003,0.0,-3.0,-3.0,0.0,0.0,0.21999999999999997,27.271428571428572,87.78571428571429,5268.261,198,Hopper-v5,2854,Agente_4
997.7151379585266,187,765952,567.0568525447437,1056.2708837210596,218.9107602627525,276.9830508474576,904,0.02,-3.0,0.99,1.0587347331469029e-05,0.0002733498259346661,0.0003,-46.172119140625,0.2547014355659485,1.4480504989624023,0.08081600815057755,-2.515580177307129,-3.0,44.621315002441406,78.98319244384766,-18.425451278686523,1.0829896926879883,6.644053936004639,1.0,-46.172119140625,0.2547014355659485,1.4480504989624023,0.08081600815057755,-2.515580177307129,-3.0,44.621315002441406,78.98319244384766,-18.425451278686523,904.0,904.0,0.0,0.02,0.02,0.0,1.0587347331469029e-05,1.0587347331469029e-05,0.0,0.0002733498259346661,0.0002733498259346661,0.0,0.0003,0.0003,0.0,-3.0,-3.0,0.0,0.0,0.20428571428571426,25.071428571428573,88.17142857142858,5236.915,199,Hopper-v5,2854,Agente_4
1002.8475151062012,188,770048,560.0174584874712,1056.2708837210596,218.9107602627525,266.8125,904,0.02,-3.0,0.99,1.0587347331469029e-05,0.0002733498259346661,0.0003,-50.69999313354492,0.27578043937683105,1.093088150024414,0.08114345371723175,-2.5115365982055664,-3.0,49.00669860839844,119.0881576538086,-42.09891891479492,1.0107479095458984,7.688929080963135,1.0,-50.69999313354492,0.27578043937683105,1.093088150024414,0.08114345371723175,-2.5115365982055664,-3.0,49.00669860839844,119.0881576538086,-42.09891891479492,904.0,904.0,0.0,0.02,0.02,0.0,1.0587347331469029e-05,1.0587347331469029e-05,0.0,0.0002733498259346661,0.0002733498259346661,0.0,0.0003,0.0003,0.0,-3.0,-3.0,0.0,0.0,0.16285714285714284,25.67142857142857,88.88571428571429,5217.379,200,Hopper-v5,2854,Agente_4
1007.9459412097931,189,774144,534.7598633305514,1056.2708837210596,242.5727691215609,244.56,904,0.02,-3.0,0.99,1.0587347331469029e-05,0.0002733498259346661,0.0003,-56.28660583496094,0.28240424394607544,1.1669116020202637,0.08196160197257996,-2.501504421234131,-3.0,55.38219451904297,96.98741912841797,-63.38961410522461,0.9912109375,7.789474964141846,1.0,-56.28660583496094,0.28240424394607544,1.1669116020202637,0.08196160197257996,-2.501504421234131,-3.0,55.38219451904297,96.98741912841797,-63.38961410522461,904.0,904.0,0.0,0.02,0.02,0.0,1.0587347331469029e-05,1.0587347331469029e-05,0.0,0.0002733498259346661,0.0002733498259346661,0.0,0.0003,0.0003,0.0,-3.0,-3.0,0.0,0.0,0.17124999999999999,25.375,89.6,5198.675,201,Hopper-v5,2854,Agente_4
1013.0898790359497,190,778240,450.54187933693555,948.3264936956493,301.1257468338755,197.4,904,0.02,-3.0,0.99,1.0587347331469029e-05,0.0002733498259346661,0.0003,-61.74397277832031,0.30382245779037476,0.4012092351913452,0.08319541811943054,-2.486562967300415,-3.0,60.539894104003906,109.23912048339844,-76.97960662841797,0.9855489730834961,7.7030029296875,1.0,-61.74397277832031,0.30382245779037476,0.4012092351913452,0.08319541811943054,-2.486562967300415,-3.0,60.539894104003906,109.23912048339844,-76.97960662841797,904.0,904.0,0.0,0.02,0.02,0.0,1.0587347331469029e-05,1.0587347331469029e-05,0.0,0.0002733498259346661,0.0002733498259346661,0.0,0.0003,0.0003,0.0,-3.0,-3.0,0.0,0.0,0.16285714285714284,24.714285714285715,88.68571428571428,5190.052,202,Hopper-v5,2854,Agente_4
1018.4491875171661,191,782336,382.9178111798454,948.3264936956493,301.1257468338755,173.13,904,0.02,-3.0,0.99,1.0587347331469029e-05,0.0002733498259346661,0.0003,-63.23023223876953,0.3634023368358612,1.2643368244171143,0.08409592509269714,-2.475797176361084,-3.0,62.47505187988281,107.65300750732422,-79.68002319335938,1.0210704803466797,11.594102144241333,1.0,-63.23023223876953,0.3634023368358612,1.2643368244171143,0.08409592509269714,-2.475797176361084,-3.0,62.47505187988281,107.65300750732422,-79.68002319335938,904.0,904.0,0.0,0.02,0.02,0.0,1.0587347331469029e-05,1.0587347331469029e-05,0.0,0.0002733498259346661,0.0002733498259346661,0.0,0.0003,0.0003,0.0,-3.0,-3.0,0.0,0.0,0.23571428571428574,27.4,87.61428571428573,5207.479,203,Hopper-v5,2854,Agente_4
1023.7207081317902,192,786432,345.6324841971182,480.39279368249277,301.1257468338755,159.1,904,0.02,-3.0,0.99,1.0587347331469029e-05,0.0002733498259346661,0.0003,-64.00254821777344,0.3741535246372223,-0.5225406885147095,0.08466576039791107,-2.4690439701080322,-3.0,63.56405258178711,126.9301986694336,-94.2491455078125,1.0970649719238281,9.691089153289795,1.0,-64.00254821777344,0.3741535246372223,-0.5225406885147095,0.08466576039791107,-2.4690439701080322,-3.0,63.56405258178711,126.9301986694336,-94.2491455078125,904.0,904.0,0.0,0.02,0.02,0.0,1.0587347331469029e-05,1.0587347331469029e-05,0.0,0.0002733498259346661,0.0002733498259346661,0.0,0.0003,0.0003,0.0,-3.0,-3.0,0.0,0.0,0.28111111111111103,25.311111111111114,87.58888888888889,5212.368,204,Hopper-v5,2854,Agente_4
1028.8555810451508,193,790528,337.27530783706237,441.74060335046437,301.1257468338755,161.11,904,0.02,-3.0,0.99,1.0587347331469029e-05,0.0002733498259346661,0.0003,-69.29761505126953,0.4538118839263916,-1.6576459407806396,0.08461212366819382,-2.469677686691284,-3.0,68.68411254882812,141.90399169921875,-102.13146209716797,1.0323266983032227,14.895053625106812,1.0,-69.29761505126953,0.4538118839263916,-1.6576459407806396,0.08461212366819382,-2.469677686691284,-3.0,68.68411254882812,141.90399169921875,-102.13146209716797,904.0,904.0,0.0,0.02,0.02,0.0,1.0587347331469029e-05,1.0587347331469029e-05,0.0,0.0002733498259346661,0.0002733498259346661,0.0,0.0003,0.0003,0.0,-3.0,-3.0,0.0,0.0,0.23285714285714285,26.9,87.60000000000001,5187.066,205,Hopper-v5,2854,Agente_4
1034.1421177387238,194,794624,338.6289157650527,401.46356807402185,301.1257468338755,166.87,904,0.02,-3.0,0.99,1.0587347331469029e-05,0.0002733498259346661,0.0003,-64.21424865722656,0.39687952399253845,0.15083172917366028,0.08445770293474197,-2.4715044498443604,-3.0,63.7652473449707,107.42342376708984,-97.89493560791016,1.2334251403808594,18.142589569091797,1.0,-64.21424865722656,0.39687952399253845,0.15083172917366028,0.08445770293474197,-2.4715044498443604,-3.0,63.7652473449707,107.42342376708984,-97.89493560791016,904.0,904.0,0.0,0.02,0.02,0.0,1.0587347331469029e-05,1.0587347331469029e-05,0.0,0.0002733498259346661,0.0002733498259346661,0.0,0.0003,0.0003,0.0,-3.0,-3.0,0.0,0.0,0.25,27.78571428571429,87.60000000000001,5188.354,206,Hopper-v5,2854,Agente_4
1039.1973180770874,195,798720,344.0758120369434,460.3904517484585,301.1257468338755,172.59,904,0.02,-3.0,0.99,1.0587347331469029e-05,0.0002733498259346661,0.0003,-72.64371490478516,0.34517407417297363,0.37301456928253174,0.08346215635538101,-2.4833619594573975,-3.0,72.39390563964844,113.1738052368164,-120.9907455444336,0.8902835845947266,11.137229442596436,1.0,-72.64371490478516,0.34517407417297363,0.37301456928253174,0.08346215635538101,-2.4833619594573975,-3.0,72.39390563964844,113.1738052368164,-120.9907455444336,904.0,904.0,0.0,0.02,0.02,0.0,1.0587347331469029e-05,1.0587347331469029e-05,0.0,0.0002733498259346661,0.0002733498259346661,0.0,0.0003,0.0003,0.0,-3.0,-3.0,0.0,0.0,0.28428571428571425,27.585714285714285,87.6,5175.765,207,Hopper-v5,2854,Agente_4
1044.4539408683777,196,802816,346.9976437479961,460.3904517484585,301.1257468338755,175.92,904,0.02,-3.0,0.99,1.0587347331469029e-05,0.0002733498259346661,0.0003,-72.55561828613281,0.3211045563220978,-3.5440423488616943,0.08185242116451263,-2.5028374195098877,-3.0,72.33479309082031,119.04501342773438,-108.57237243652344,1.115234375,7.150395393371582,1.0,-72.55561828613281,0.3211045563220978,-3.5440423488616943,0.08185242116451263,-2.5028374195098877,-3.0,72.33479309082031,119.04501342773438,-108.57237243652344,904.0,904.0,0.0,0.02,0.02,0.0,1.0587347331469029e-05,1.0587347331469029e-05,0.0,0.0002733498259346661,0.0002733498259346661,0.0,0.0003,0.0003,0.0,-3.0,-3.0,0.0,0.0,0.2041666666666667,26.1875,88.8125,5173.817,208,Hopper-v5,2854,Agente_4
1049.5783593654633,197,806912,346.9976437479961,460.3904517484585,301.1257468338755,175.92,904,0.02,-3.0,0.99,1.0587347331469029e-05,0.0002733498259346661,0.0003,-76.14701080322266,0.38918519020080566,-1.813373327255249,0.08051552623510361,-2.5193052291870117,-3.0,75.7870864868164,150.32254028320312,-118.71605682373047,1.1188488006591797,15.292945384979248,1.0,-76.14701080322266,0.38918519020080566,-1.813373327255249,0.08051552623510361,-2.5193052291870117,-3.0,75.7870864868164,150.32254028320312,-118.71605682373047,904.0,904.0,0.0,0.02,0.02,0.0,1.0587347331469029e-05,1.0587347331469029e-05,0.0,0.0002733498259346661,0.0002733498259346661,0.0,0.0003,0.0003,0.0,-3.0,-3.0,0.0,0.0,0.28285714285714286,27.357142857142858,88.52857142857142,5174.154,209,Hopper-v5,2854,Agente_4
1054.890215396881,198,811008,346.9976437479961,460.3904517484585,301.1257468338755,175.92,904,0.02,-3.0,0.99,1.0587347331469029e-05,0.0002733498259346661,0.0003,-82.65049743652344,0.4100557267665863,1.5518829822540283,0.07903848588466644,-2.537820339202881,-3.0,81.93400573730469,151.0347900390625,-63.00727081298828,1.2100276947021484,13.474858283996582,1.0,-82.65049743652344,0.4100557267665863,1.5518829822540283,0.07903848588466644,-2.537820339202881,-3.0,81.93400573730469,151.0347900390625,-63.00727081298828,904.0,904.0,0.0,0.02,0.02,0.0,1.0587347331469029e-05,1.0587347331469029e-05,0.0,0.0002733498259346661,0.0002733498259346661,0.0,0.0003,0.0003,0.0,-3.0,-3.0,0.0,0.0,0.2725,27.9125,88.4,5192.114,210,Hopper-v5,2854,Agente_4
1060.1619555950165,199,815104,353.8215713267603,1030.1302347116496,301.1257468338755,184.31,904,0.02,-3.0,0.99,1.0587347331469029e-05,0.0002733498259346661,0.0003,-79.59117126464844,0.42681801319122314,-3.2454161643981934,0.07730279117822647,-2.560025215148926,-3.0,78.85026550292969,136.18714904785156,-118.40764617919922,1.0880160331726074,17.945199966430664,1.0,-79.59117126464844,0.42681801319122314,-3.2454161643981934,0.07730279117822647,-2.560025215148926,-3.0,78.85026550292969,136.18714904785156,-118.40764617919922,904.0,904.0,0.0,0.02,0.02,0.0,1.0587347331469029e-05,1.0587347331469029e-05,0.0,0.0002733498259346661,0.0002733498259346661,0.0,0.0003,0.0003,0.0,-3.0,-3.0,0.0,0.0,0.27571428571428575,27.3,88.45714285714287,5209.41,211,Hopper-v5,2854,Agente_4
1065.4523191452026,200,819200,368.08035219064413,1042.2588060953135,301.1257468338755,201.37,904,0.02,-3.0,0.99,1.0587347331469029e-05,0.0002733498259346661,0.0003,-82.17915344238281,0.3875306248664856,-2.4582901000976562,0.07498861104249954,-2.590419054031372,-3.0,81.24995422363281,167.20811462402344,-137.38844299316406,1.1483001708984375,9.964861392974854,1.0,-82.17915344238281,0.3875306248664856,-2.4582901000976562,0.07498861104249954,-2.590419054031372,-3.0,81.24995422363281,167.20811462402344,-137.38844299316406,904.0,904.0,0.0,0.02,0.02,0.0,1.0587347331469029e-05,1.0587347331469029e-05,0.0,0.0002733498259346661,0.0002733498259346661,0.0,0.0003,0.0003,0.0,-3.0,-3.0,0.0,0.0,0.21428571428571427,27.699999999999996,88.27142857142859,5224.229,212,Hopper-v5,2854,Agente_4
1070.845815896988,201,823296,439.8829154185007,1053.5030378871386,308.4610554174595,286.07,904,0.02,-3.0,0.99,1.0587347331469029e-05,0.0002733498259346661,0.0003,-84.54389953613281,0.5262769460678101,-6.280839920043945,0.0709756538271904,-2.645418405532837,-3.0,83.72164154052734,166.72840881347656,-123.6846694946289,0.9517574310302734,34.94049549102783,1.0,-84.54389953613281,0.5262769460678101,-6.280839920043945,0.0709756538271904,-2.645418405532837,-3.0,83.72164154052734,166.72840881347656,-123.6846694946289,904.0,904.0,0.0,0.02,0.02,0.0,1.0587347331469029e-05,1.0587347331469029e-05,0.0,0.0002733498259346661,0.0002733498259346661,0.0,0.0003,0.0003,0.0,-3.0,-3.0,0.0,0.0,0.24714285714285714,27.32857142857143,88.35714285714286,5227.468,213,Hopper-v5,2854,Agente_4
1076.1788051128387,202,827392,505.6217151093179,1066.724898434107,308.4610554174595,361.97,904,0.02,-3.0,0.99,1.0587347331469029e-05,0.0002733498259346661,0.0003,-85.65882873535156,0.5132741928100586,-8.728679656982422,0.0664408877491951,-2.711442708969116,-3.0,84.40719604492188,163.2390899658203,-111.46174621582031,1.2350654602050781,23.775938034057617,1.0,-85.65882873535156,0.5132741928100586,-8.728679656982422,0.0664408877491951,-2.711442708969116,-3.0,84.40719604492188,163.2390899658203,-111.46174621582031,904.0,904.0,0.0,0.02,0.02,0.0,1.0587347331469029e-05,1.0587347331469029e-05,0.0,0.0002733498259346661,0.0002733498259346661,0.0,0.0003,0.0003,0.0,-3.0,-3.0,0.0,0.0,0.19444444444444445,23.58888888888889,88.43333333333334,5233.827,214,Hopper-v5,2854,Agente_4
1081.4909052848816,203,831488,583.907487330737,1185.1865893773147,263.8616809554486,453.92,904,0.02,-3.0,0.99,1.0587347331469029e-05,0.0002733498259346661,0.0003,-89.99514770507812,0.4633098244667053,-12.14301586151123,0.06221597269177437,-2.7771434783935547,-3.0,89.12646484375,147.77000427246094,-106.80477905273438,0.9735183715820312,18.476807594299316,1.0,-89.99514770507812,0.4633098244667053,-12.14301586151123,0.06221597269177437,-2.7771434783935547,-3.0,89.12646484375,147.77000427246094,-106.80477905273438,904.0,904.0,0.0,0.02,0.02,0.0,1.0587347331469029e-05,1.0587347331469029e-05,0.0,0.0002733498259346661,0.0002733498259346661,0.0,0.0003,0.0003,0.0,-3.0,-3.0,0.0,0.0,0.20714285714285713,25.357142857142858,88.98571428571428,5251.586,215,Hopper-v5,2854,Agente_4
1086.6959545612335,204,835584,583.2270887502139,1185.1865893773147,189.38123495718722,476.64,904,0.02,-3.0,0.99,1.0587347331469029e-05,0.0002733498259346661,0.0003,-88.78861999511719,0.5884466171264648,-14.942170143127441,0.05879610776901245,-2.833679676055908,-3.0,88.06166076660156,195.19097900390625,-86.84972381591797,1.2316369414329529,56.51463508605957,1.0,-88.78861999511719,0.5884466171264648,-14.942170143127441,0.05879610776901245,-2.833679676055908,-3.0,88.06166076660156,195.19097900390625,-86.84972381591797,904.0,904.0,0.0,0.02,0.02,0.0,1.0587347331469029e-05,1.0587347331469029e-05,0.0,0.0002733498259346661,0.0002733498259346661,0.0,0.0003,0.0003,0.0,-3.0,-3.0,0.0,0.0,0.18857142857142856,25.514285714285712,89.82857142857144,5243.314,216,Hopper-v5,2854,Agente_4
1092.0654866695404,205,839680,552.8586316400198,1185.1865893773147,164.30277465986424,469.52,904,0.02,-3.0,0.99,1.0587347331469029e-05,0.0002733498259346661,0.0003,-93.2987060546875,0.5921655297279358,-17.648693084716797,0.05566097050905228,-2.8884761333465576,-3.0,92.08025360107422,233.38186645507812,-91.42889404296875,1.4438152313232422,36.57043933868408,1.0,-93.2987060546875,0.5921655297279358,-17.648693084716797,0.05566097050905228,-2.8884761333465576,-3.0,92.08025360107422,233.38186645507812,-91.42889404296875,904.0,904.0,0.0,0.02,0.02,0.0,1.0587347331469029e-05,1.0587347331469029e-05,0.0,0.0002733498259346661,0.0002733498259346661,0.0,0.0003,0.0003,0.0,-3.0,-3.0,0.0,0.0,0.1175,26.1625,90.1375,5274.581,217,Hopper-v5,2854,Agente_4
1097.44522356987,206,843776,407.9362892890819,1185.1865893773147,133.18818805670688,335.28,904,0.02,-3.0,0.99,1.0587347331469029e-05,0.0002733498259346661,0.0003,-96.84638977050781,0.7459882497787476,-14.698860168457031,0.05283117666840553,-2.9406538009643555,-3.0,95.87798309326172,213.73855590820312,-73.7004623413086,1.3996810913085938,86.92342185974121,1.0,-96.84638977050781,0.7459882497787476,-14.698860168457031,0.05283117666840553,-2.9406538009643555,-3.0,95.87798309326172,213.73855590820312,-73.7004623413086,904.0,904.0,0.0,0.02,0.02,0.0,1.0587347331469029e-05,1.0587347331469029e-05,0.0,0.0002733498259346661,0.0002733498259346661,0.0,0.0003,0.0003,0.0,-3.0,-3.0,0.0,0.0,0.26000000000000006,26.114285714285717,88.84285714285714,5286.537,218,Hopper-v5,2854,Agente_4
1102.8237566947937,207,847872,199.58212362287793,555.9946124673356,95.37203072999193,145.89,904,0.02,-3.0,0.99,1.0587347331469029e-05,0.0002733498259346661,0.0003,-99.10751342773438,0.6176072359085083,-32.67204284667969,0.050166357308626175,-2.992410659790039,-3.0,97.99089050292969,221.29005432128906,-68.19834899902344,1.2333602905273438,48.159542083740234,1.0,-99.10751342773438,0.6176072359085083,-32.67204284667969,0.050166357308626175,-2.992410659790039,-3.0,97.99089050292969,221.29005432128906,-68.19834899902344,904.0,904.0,0.0,0.02,0.02,0.0,1.0587347331469029e-05,1.0587347331469029e-05,0.0,0.0002733498259346661,0.0002733498259346661,0.0,0.0003,0.0003,0.0,-3.0,-3.0,0.0,0.0,0.255,27.362499999999997,88.45,5311.78,219,Hopper-v5,2854,Agente_4
1108.0736856460571,208,851968,161.7255485347261,316.4079687156077,95.37203072999193,113.14,904,0.02,-3.0,0.99,1.0587347331469029e-05,0.0002733498259346661,0.0003,-102.65602111816406,0.6299106478691101,-17.12747573852539,0.04791637882590294,-3.0382978916168213,-3.0,101.70455932617188,172.27154541015625,-57.17642593383789,1.290231704711914,50.09357261657715,1.0,-102.65602111816406,0.6299106478691101,-17.12747573852539,0.04791637882590294,-3.0382978916168213,-3.0,101.70455932617188,172.27154541015625,-57.17642593383789,904.0,904.0,0.0,0.02,0.02,0.0,1.0587347331469029e-05,1.0587347331469029e-05,0.0,0.0002733498259346661,0.0002733498259346661,0.0,0.0003,0.0003,0.0,-3.0,-3.0,0.0,0.0,0.2957142857142857,27.985714285714288,88.4142857142857,5305.52,220,Hopper-v5,2854,Agente_4
1122.1607148647308,209,856064,48.91001098751457,52.87277292503491,44.93701439181022,27.7734375,953,0.004870234710193364,-3.0,0.99,0.0001166626237329871,0.0006104601646716181,0.0003,-2.739691734313965,0.5317168235778809,-1243.303466796875,0.00526899890974164,-5.245914936065674,-3.0,3.3307461738586426,28.89750099182129,-32.94772720336914,5.281109094619751,16.01078224182129,1.0,-2.739691734313965,0.5317168235778809,-1243.303466796875,0.00526899890974164,-5.245914936065674,-3.0,3.3307461738586426,28.89750099182129,-32.94772720336914,953.0,953.0,0.0,0.004870234710193364,0.004870234710193364,0.0,0.0001166626237329871,0.0001166626237329871,0.0,0.0006104601646716181,0.0006104601646716181,0.0,0.0003,0.0003,0.0,-3.0,-3.0,0.0,0.0,0.23166666666666672,24.483333333333334,83.73333333333332,5237.928,221,Hopper-v5,2854,Agente_4
1127.3616755008698,210,860160,46.41040091772443,49.85249746169948,42.672055114433824,26.49375,953,0.004870234710193364,-3.0,0.99,0.0001166626237329871,0.0006104601646716181,0.0003,-5.881808280944824,0.17976507544517517,-1241.3681640625,0.005142007023096085,-5.2703118324279785,-3.0,4.97347354888916,13.922807693481445,-9.68819522857666,1.6882902383804321,5.728690266609192,1.0,-5.881808280944824,0.17976507544517517,-1241.3681640625,0.005142007023096085,-5.2703118324279785,-3.0,4.97347354888916,13.922807693481445,-9.68819522857666,953.0,953.0,0.0,0.004870234710193364,0.004870234710193364,0.0,0.0001166626237329871,0.0001166626237329871,0.0,0.0006104601646716181,0.0006104601646716181,0.0,0.0003,0.0003,0.0,-3.0,-3.0,0.0,0.0,0.30124999999999996,26.299999999999997,87.61250000000001,5211.335,222,Hopper-v5,2854,Agente_4
1132.5398223400116,211,864256,51.04490069493835,61.62809515844767,44.768701789847135,29.874015748031496,953,0.004870234710193364,-3.0,0.99,0.0001166626237329871,0.0006104601646716181,0.0003,-6.3423638343811035,0.13001802563667297,-1274.66845703125,0.005017087794840336,-5.294905662536621,-3.0,5.45197868347168,13.97805118560791,-7.494303226470947,1.2621835470199585,4.629835247993469,1.0,-6.3423638343811035,0.13001802563667297,-1274.66845703125,0.005017087794840336,-5.294905662536621,-3.0,5.45197868347168,13.97805118560791,-7.494303226470947,953.0,953.0,0.0,0.004870234710193364,0.004870234710193364,0.0,0.0001166626237329871,0.0001166626237329871,0.0,0.0006104601646716181,0.0006104601646716181,0.0,0.0003,0.0003,0.0,-3.0,-3.0,0.0,0.0,0.32428571428571423,27.28571428571428,87.48571428571428,5196.412,223,Hopper-v5,2854,Agente_4
1137.6684710979462,212,868352,57.54025844788544,100.11502942404717,48.85444109009867,34.38095238095238,953,0.004870234710193364,-3.0,0.99,0.0001166626237329871,0.0006104601646716181,0.0003,-7.320693492889404,0.09971688687801361,-1245.478271484375,0.004894990939646959,-5.31954288482666,-3.0,6.499713897705078,18.873592376708984,-11.207159042358398,1.1153063774108887,3.27216500043869,1.0,-7.320693492889404,0.09971688687801361,-1245.478271484375,0.004894990939646959,-5.31954288482666,-3.0,6.499713897705078,18.873592376708984,-11.207159042358398,953.0,953.0,0.0,0.004870234710193364,0.004870234710193364,0.0,0.0001166626237329871,0.0001166626237329871,0.0,0.0006104601646716181,0.0006104601646716181,0.0,0.0003,0.0003,0.0,-3.0,-3.0,0.0,0.0,0.18285714285714286,25.74285714285714,88.0142857142857,5176.434,224,Hopper-v5,2854,Agente_4
1142.7522978782654,213,872448,60.817288727388366,117.58607671307344,49.64638364282821,37.56,953,0.004870234710193364,-3.0,0.99,0.0001166626237329871,0.0006104601646716181,0.0003,-8.27582836151123,0.09124155342578888,-1293.94482421875,0.004775929264724255,-5.3441667556762695,-3.0,7.475185871124268,19.518817901611328,-6.033475875854492,0.8927159905433655,3.849569618701935,1.0,-8.27582836151123,0.09124155342578888,-1293.94482421875,0.004775929264724255,-5.3441667556762695,-3.0,7.475185871124268,19.518817901611328,-6.033475875854492,953.0,953.0,0.0,0.004870234710193364,0.004870234710193364,0.0,0.0001166626237329871,0.0001166626237329871,0.0,0.0006104601646716181,0.0006104601646716181,0.0,0.0003,0.0003,0.0,-3.0,-3.0,0.0,0.0,0.1742857142857143,25.61428571428571,88.38571428571427,5155.612,225,Hopper-v5,2854,Agente_4
1147.8452847003937,214,876544,72.34321286314487,131.12731251569556,49.64638364282821,57.67,953,0.004870234710193364,-3.0,0.99,0.0001166626237329871,0.0006104601646716181,0.0003,-9.770737648010254,0.10525482892990112,-1270.084228515625,0.004660638980567455,-5.368602752685547,-3.0,8.611790657043457,19.88283920288086,-9.050514221191406,1.013603687286377,3.8429495096206665,1.0,-9.770737648010254,0.10525482892990112,-1270.084228515625,0.004660638980567455,-5.368602752685547,-3.0,8.611790657043457,19.88283920288086,-9.050514221191406,953.0,953.0,0.0,0.004870234710193364,0.004870234710193364,0.0,0.0001166626237329871,0.0001166626237329871,0.0,0.0006104601646716181,0.0006104601646716181,0.0,0.0003,0.0003,0.0,-3.0,-3.0,0.0,0.0,0.20285714285714285,25.757142857142856,89.31428571428572,5143.297,226,Hopper-v5,2854,Agente_4
1152.8977718353271,215,880640,89.88859684322222,346.01307273087144,18.995424656121113,91.93,953,0.004870234710193364,-3.0,0.99,0.0001166626237329871,0.0006104601646716181,0.0003,-12.82887077331543,0.11973447352647781,-1295.751220703125,0.004547702148556709,-5.393133163452148,-3.0,11.311138153076172,29.27924346923828,-6.97903299331665,1.0825653076171875,3.784095346927643,1.0,-12.82887077331543,0.11973447352647781,-1295.751220703125,0.004547702148556709,-5.393133163452148,-3.0,11.311138153076172,29.27924346923828,-6.97903299331665,953.0,953.0,0.0,0.004870234710193364,0.004870234710193364,0.0,0.0001166626237329871,0.0001166626237329871,0.0,0.0006104601646716181,0.0006104601646716181,0.0,0.0003,0.0003,0.0,-3.0,-3.0,0.0,0.0,0.18714285714285714,25.099999999999998,88.57142857142856,5128.52,227,Hopper-v5,2854,Agente_4
1158.028357744217,216,884736,22.483726946419065,242.5172117573915,7.672649546386683,46.88181818181818,953,0.004870234710193364,-3.0,0.99,0.0001166626237329871,0.0006104601646716181,0.0003,-11.64593505859375,0.2846519351005554,-1308.708251953125,0.004436063580214977,-5.417987823486328,-3.0,10.402480125427246,51.82307052612305,-126.07945251464844,1.047731876373291,7.167771816253662,1.0,-11.64593505859375,0.2846519351005554,-1308.708251953125,0.004436063580214977,-5.417987823486328,-3.0,10.402480125427246,51.82307052612305,-126.07945251464844,953.0,953.0,0.0,0.004870234710193364,0.004870234710193364,0.0,0.0001166626237329871,0.0001166626237329871,0.0,0.0006104601646716181,0.0006104601646716181,0.0,0.0003,0.0003,0.0,-3.0,-3.0,0.0,0.0,0.21714285714285714,26.157142857142855,87.21428571428574,5127.542,228,Hopper-v5,2854,Agente_4
1163.2584400177002,217,888832,4.725558001013176,9.580729816102611,-0.9355122146043815,29.458333333333332,953,0.004870234710193364,-3.0,0.99,0.0001166626237329871,0.0006104601646716181,0.0003,-13.453468322753906,0.1289055198431015,-1356.680419921875,0.004327058792114258,-5.442867279052734,-3.0,12.672154426574707,28.09664535522461,-131.65615844726562,0.9325528144836426,3.9048385620117188,1.0,-13.453468322753906,0.1289055198431015,-1356.680419921875,0.004327058792114258,-5.442867279052734,-3.0,12.672154426574707,28.09664535522461,-131.65615844726562,953.0,953.0,0.0,0.004870234710193364,0.004870234710193364,0.0,0.0001166626237329871,0.0001166626237329871,0.0,0.0006104601646716181,0.0006104601646716181,0.0,0.0003,0.0003,0.0,-3.0,-3.0,0.0,0.0,0.3028571428571429,27.471428571428568,87.27142857142857,5137.525,229,Hopper-v5,2854,Agente_4
1168.6315565109253,218,892928,0.10742549033472877,3.2881117926821464,-2.0744879451329385,24.148809523809526,953,0.004870234710193364,-3.0,0.99,0.0001166626237329871,0.0006104601646716181,0.0003,-11.365236282348633,0.2518835961818695,-1314.5916748046875,0.00422124145552516,-5.467626094818115,-3.0,11.221695899963379,36.634586334228516,-152.5702362060547,1.008347988128662,6.5465052127838135,1.0,-11.365236282348633,0.2518835961818695,-1314.5916748046875,0.00422124145552516,-5.467626094818115,-3.0,11.221695899963379,36.634586334228516,-152.5702362060547,953.0,953.0,0.0,0.004870234710193364,0.004870234710193364,0.0,0.0001166626237329871,0.0001166626237329871,0.0,0.0006104601646716181,0.0006104601646716181,0.0,0.0003,0.0003,0.0,-3.0,-3.0,0.0,0.0,0.3071428571428571,28.37142857142857,87.34285714285714,5159.57,230,Hopper-v5,2854,Agente_4
1173.880081653595,219,897024,3.8408904675551607,7.217086453060152,0.05152769532326351,30.30827067669173,953,0.004870234710193364,-3.0,0.99,0.0001166626237329871,0.0006104601646716181,0.0003,-9.650409698486328,0.2797677218914032,-1312.29638671875,0.004118739627301693,-5.492208003997803,-3.0,10.026836395263672,34.410057067871094,-145.58189392089844,0.9141883850097656,6.501076698303223,1.0,-9.650409698486328,0.2797677218914032,-1312.29638671875,0.004118739627301693,-5.492208003997803,-3.0,10.026836395263672,34.410057067871094,-145.58189392089844,953.0,953.0,0.0,0.004870234710193364,0.004870234710193364,0.0,0.0001166626237329871,0.0001166626237329871,0.0,0.0006104601646716181,0.0006104601646716181,0.0,0.0003,0.0003,0.0,-3.0,-3.0,0.0,0.0,0.29000000000000004,27.1875,87.425,5159.53,231,Hopper-v5,2854,Agente_4
1179.1753516197205,220,901120,6.393135964813552,20.143711265104752,2.1950541452995145,34.612612612612615,953,0.004870234710193364,-3.0,0.99,0.0001166626237329871,0.0006104601646716181,0.0003,-13.026501655578613,0.2231040894985199,-1280.311767578125,0.004019540268927813,-5.516587734222412,-3.0,12.837779998779297,34.833534240722656,-157.52459716796875,0.9851751327514648,7.376469135284424,1.0,-13.026501655578613,0.2231040894985199,-1280.311767578125,0.004019540268927813,-5.516587734222412,-3.0,12.837779998779297,34.833534240722656,-157.52459716796875,953.0,953.0,0.0,0.004870234710193364,0.004870234710193364,0.0,0.0001166626237329871,0.0001166626237329871,0.0,0.0006104601646716181,0.0006104601646716181,0.0,0.0003,0.0003,0.0,-3.0,-3.0,0.0,0.0,0.27375,27.2,87.30000000000001,5169.495,232,Hopper-v5,2854,Agente_4
1191.2775480747223,222,909312,7.691266988556534,12.819645345637264,3.529446258612761,27.776923076923076,904,0.02,-3.0,0.99,1.0587347331469029e-05,0.000945456120900636,0.0003,-14.409969329833984,0.4013172686100006,-120.52796936035156,0.0344107411801815,-3.3693864345550537,-3.0,10.661944389343262,35.49045181274414,-20.46901512145996,2.2161648273468018,7.3043376207351685,1.0,-14.409969329833984,0.4013172686100006,-120.52796936035156,0.0344107411801815,-3.3693864345550537,-3.0,10.661944389343262,35.49045181274414,-20.46901512145996,904.0,904.0,0.0,0.02,0.02,0.0,1.0587347331469029e-05,1.0587347331469029e-05,0.0,0.000945456120900636,0.000945456120900636,0.0,0.0003,0.0003,0.0,-3.0,-3.0,0.0,0.0,0.13944444444444445,22.822222222222223,84.79444444444445,5147.111,233,Hopper-v5,2854,Agente_4
1196.7442739009857,223,913408,9.944945535252003,18.85140624222077,5.163132871117057,34.12173913043478,904,0.02,-3.0,0.99,1.0587347331469029e-05,0.000945456120900636,0.0003,-23.10586166381836,0.2647618055343628,-108.01434326171875,0.032978519797325134,-3.4118988513946533,-3.0,20.104825973510742,57.61546325683594,-32.96261978149414,1.4429736137390137,5.090869903564453,1.0,-23.10586166381836,0.2647618055343628,-108.01434326171875,0.032978519797325134,-3.4118988513946533,-3.0,20.104825973510742,57.61546325683594,-32.96261978149414,904.0,904.0,0.0,0.02,0.02,0.0,1.0587347331469029e-05,1.0587347331469029e-05,0.0,0.000945456120900636,0.000945456120900636,0.0,0.0003,0.0003,0.0,-3.0,-3.0,0.0,0.0,0.215,25.5375,87.32499999999999,5301.069,234,Hopper-v5,2854,Agente_4
1202.1464676856995,224,917504,19.252075043442243,51.18662392679707,8.988044756301248,43.83,904,0.02,-3.0,0.99,1.0587347331469029e-05,0.000945456120900636,0.0003,-30.88958740234375,0.2145063877105713,-113.69010925292969,0.03180708363652229,-3.448066234588623,-3.0,28.697269439697266,75.89649200439453,-16.1744327545166,1.1480884552001953,4.415509343147278,1.0,-30.88958740234375,0.2145063877105713,-113.69010925292969,0.03180708363652229,-3.448066234588623,-3.0,28.697269439697266,75.89649200439453,-16.1744327545166,904.0,904.0,0.0,0.02,0.02,0.0,1.0587347331469029e-05,1.0587347331469029e-05,0.0,0.000945456120900636,0.000945456120900636,0.0,0.0003,0.0003,0.0,-3.0,-3.0,0.0,0.0,0.20285714285714287,31.642857142857142,74.24285714285715,5331.36,235,Hopper-v5,2854,Agente_4
1207.320151090622,225,921600,28.042948616342596,65.08218094307996,9.483896714630125,51.45,904,0.02,-3.0,0.99,1.0587347331469029e-05,0.000945456120900636,0.0003,-34.368465423583984,0.2599564790725708,-93.14375305175781,0.030784545466303825,-3.4807424545288086,-3.0,32.585906982421875,61.063838958740234,-16.683961868286133,1.0761637687683105,4.922398090362549,1.0,-34.368465423583984,0.2599564790725708,-93.14375305175781,0.030784545466303825,-3.4807424545288086,-3.0,32.585906982421875,61.063838958740234,-16.683961868286133,904.0,904.0,0.0,0.02,0.02,0.0,1.0587347331469029e-05,1.0587347331469029e-05,0.0,0.000945456120900636,0.000945456120900636,0.0,0.0003,0.0003,0.0,-3.0,-3.0,0.0,0.0,0.21999999999999997,25.414285714285715,80.51428571428572,5289.278,236,Hopper-v5,2854,Agente_4
1212.4755301475525,226,925696,40.361651375049746,120.79877238554627,15.236697110891326,62.1,904,0.02,-3.0,0.99,1.0587347331469029e-05,0.000945456120900636,0.0003,-41.39459991455078,0.2863881289958954,-91.16911315917969,0.029890799894928932,-3.510204553604126,-3.0,40.20396423339844,88.14837646484375,-14.232281684875488,0.9609718322753906,5.2544050216674805,1.0,-41.39459991455078,0.2863881289958954,-91.16911315917969,0.029890799894928932,-3.510204553604126,-3.0,40.20396423339844,88.14837646484375,-14.232281684875488,904.0,904.0,0.0,0.02,0.02,0.0,1.0587347331469029e-05,1.0587347331469029e-05,0.0,0.000945456120900636,0.000945456120900636,0.0,0.0003,0.0003,0.0,-3.0,-3.0,0.0,0.0,0.20428571428571426,25.442857142857143,86.55714285714285,5260.069,237,Hopper-v5,2854,Agente_4
1217.602084159851,227,929792,56.135618002103946,162.6877364503475,17.397884103838233,76.21,904,0.02,-3.0,0.99,1.0587347331469029e-05,0.000945456120900636,0.0003,-45.67267608642578,0.2681429982185364,-83.781982421875,0.029090115800499916,-3.5373568534851074,-3.0,44.56703186035156,82.36506652832031,-22.48614501953125,1.0149445533752441,4.922866225242615,1.0,-45.67267608642578,0.2681429982185364,-83.781982421875,0.029090115800499916,-3.5373568534851074,-3.0,44.56703186035156,82.36506652832031,-22.48614501953125,904.0,904.0,0.0,0.02,0.02,0.0,1.0587347331469029e-05,1.0587347331469029e-05,0.0,0.000945456120900636,0.000945456120900636,0.0,0.0003,0.0003,0.0,-3.0,-3.0,0.0,0.0,0.20428571428571432,25.5,88.04285714285713,5235.809,238,Hopper-v5,2854,Agente_4
1222.6768970489502,228,933888,80.59740863790564,188.42675735778474,21.809254933444286,96.71,904,0.02,-3.0,0.99,1.0587347331469029e-05,0.000945456120900636,0.0003,-47.333919525146484,0.3174300789833069,-76.61128234863281,0.028361346572637558,-3.5627281665802,-3.0,47.061500549316406,105.63496398925781,-27.414125442504883,1.0777387619018555,4.4500651359558105,1.0,-47.333919525146484,0.3174300789833069,-76.61128234863281,0.028361346572637558,-3.5627281665802,-3.0,47.061500549316406,105.63496398925781,-27.414125442504883,904.0,904.0,0.0,0.02,0.02,0.0,1.0587347331469029e-05,1.0587347331469029e-05,0.0,0.000945456120900636,0.000945456120900636,0.0,0.0003,0.0003,0.0,-3.0,-3.0,0.0,0.0,0.19142857142857145,23.942857142857143,88.37142857142855,5211.466,239,Hopper-v5,2854,Agente_4
1227.8246710300446,229,937984,109.93012921827604,241.91752348779056,26.08175952694593,117.45,904,0.02,-3.0,0.99,1.0587347331469029e-05,0.000945456120900636,0.0003,-50.68754196166992,0.2622188329696655,-68.82252502441406,0.027683047577738762,-3.586935043334961,-3.0,50.389198303222656,111.95549011230469,-31.525375366210938,1.0429840087890625,6.30155611038208,1.0,-50.68754196166992,0.2622188329696655,-68.82252502441406,0.027683047577738762,-3.586935043334961,-3.0,50.389198303222656,111.95549011230469,-31.525375366210938,904.0,904.0,0.0,0.02,0.02,0.0,1.0587347331469029e-05,1.0587347331469029e-05,0.0,0.000945456120900636,0.000945456120900636,0.0,0.0003,0.0003,0.0,-3.0,-3.0,0.0,0.0,0.2,22.34,88.67999999999999,5201.963,240,Hopper-v5,2854,Agente_4
1232.9647438526154,230,942080,124.7481135732993,316.09046306975534,26.507810659749936,127.24,904,0.02,-3.0,0.99,1.0587347331469029e-05,0.000945456120900636,0.0003,-52.57578659057617,0.2794073522090912,-67.66011810302734,0.02707171067595482,-3.6092660427093506,-3.0,52.75892639160156,109.669677734375,-21.678539276123047,1.1849336624145508,6.114933013916016,1.0,-52.57578659057617,0.2794073522090912,-67.66011810302734,0.02707171067595482,-3.6092660427093506,-3.0,52.75892639160156,109.669677734375,-21.678539276123047,904.0,904.0,0.0,0.02,0.02,0.0,1.0587347331469029e-05,1.0587347331469029e-05,0.0,0.000945456120900636,0.000945456120900636,0.0,0.0003,0.0003,0.0,-3.0,-3.0,0.0,0.0,0.23857142857142857,25.614285714285717,88.5,5193.906,241,Hopper-v5,2854,Agente_4
1238.2373089790344,231,946176,132.36893355778795,316.09046306975534,32.52793712142006,130.48,904,0.02,-3.0,0.99,1.0587347331469029e-05,0.000945456120900636,0.0003,-54.53055953979492,0.23957288265228271,-78.23294830322266,0.026506051421165466,-3.6303822994232178,-3.0,54.48603057861328,124.0631103515625,-26.482675552368164,1.0319972038269043,5.746311187744141,1.0,-54.53055953979492,0.23957288265228271,-78.23294830322266,0.026506051421165466,-3.6303822994232178,-3.0,54.48603057861328,124.0631103515625,-26.482675552368164,904.0,904.0,0.0,0.02,0.02,0.0,1.0587347331469029e-05,1.0587347331469029e-05,0.0,0.000945456120900636,0.000945456120900636,0.0,0.0003,0.0003,0.0,-3.0,-3.0,0.0,0.0,0.27875,27.349999999999998,87.0,5200.672,242,Hopper-v5,2854,Agente_4
1243.6777453422546,232,950272,130.2807132145105,397.372562226702,45.475634613779825,127.75,904,0.02,-3.0,0.99,1.0587347331469029e-05,0.000945456120900636,0.0003,-54.25714111328125,0.2630462050437927,-46.19275665283203,0.025992749258875847,-3.649937629699707,-3.0,54.41631317138672,128.45947265625,-33.24884033203125,1.0529193878173828,5.935000896453857,1.0,-54.25714111328125,0.2630462050437927,-46.19275665283203,0.025992749258875847,-3.649937629699707,-3.0,54.41631317138672,128.45947265625,-33.24884033203125,904.0,904.0,0.0,0.02,0.02,0.0,1.0587347331469029e-05,1.0587347331469029e-05,0.0,0.000945456120900636,0.000945456120900636,0.0,0.0003,0.0003,0.0,-3.0,-3.0,0.0,0.0,0.27285714285714285,28.300000000000004,87.0,5229.0,243,Hopper-v5,2854,Agente_4
1248.9277038574219,233,954368,125.83995951012908,397.372562226702,45.475634613779825,123.71,904,0.02,-3.0,0.99,1.0587347331469029e-05,0.000945456120900636,0.0003,-58.77547073364258,0.33880066871643066,-57.46040725708008,0.025497905910015106,-3.669158935546875,-3.0,57.59495544433594,114.9901351928711,-29.666025161743164,1.3399219512939453,9.641179323196411,1.0,-58.77547073364258,0.33880066871643066,-57.46040725708008,0.025497905910015106,-3.669158935546875,-3.0,57.59495544433594,114.9901351928711,-29.666025161743164,904.0,904.0,0.0,0.02,0.02,0.0,1.0587347331469029e-05,1.0587347331469029e-05,0.0,0.000945456120900636,0.000945456120900636,0.0,0.0003,0.0003,0.0,-3.0,-3.0,0.0,0.0,0.30428571428571427,27.9,86.9,5207.296,244,Hopper-v5,2854,Agente_4
1254.1578116416931,234,958464,134.98954266378033,397.372562226702,47.13976170301839,128.44,904,0.02,-3.0,0.99,1.0587347331469029e-05,0.000945456120900636,0.0003,-62.453094482421875,0.4014958143234253,-54.00218963623047,0.025040224194526672,-3.6872718334198,-3.0,61.765193939208984,127.62625122070312,-57.90217590332031,1.2740521430969238,20.570825576782227,1.0,-62.453094482421875,0.4014958143234253,-54.00218963623047,0.025040224194526672,-3.6872718334198,-3.0,61.765193939208984,127.62625122070312,-57.90217590332031,904.0,904.0,0.0,0.02,0.02,0.0,1.0587347331469029e-05,1.0587347331469029e-05,0.0,0.000945456120900636,0.000945456120900636,0.0,0.0003,0.0003,0.0,-3.0,-3.0,0.0,0.0,0.25,26.4125,86.775,5189.967,245,Hopper-v5,2854,Agente_4
1263.729365348816,235,962560,7.100029935717621,33.30338703711414,3.3388511650191424,14.405109489051094,1356,0.007458154754361098,-3.0,0.99,0.0001610733722737013,0.0002733498259346661,0.0003,-22.570758819580078,2.9046735763549805,-657.7067260742188,0.02284115180373192,-3.779191493988037,-3.0,6.065313339233398,74.8681869506836,-76.14141082763672,13.618448734283447,62.81518268585205,1.0,-22.570758819580078,2.9046735763549805,-657.7067260742188,0.02284115180373192,-3.779191493988037,-3.0,6.065313339233398,74.8681869506836,-76.14141082763672,1356.0,1356.0,0.0,0.007458154754361098,0.007458154754361098,0.0,0.0001610733722737013,0.0001610733722737013,0.0,0.0002733498259346661,0.0002733498259346661,0.0,0.0003,0.0003,0.0,-3.0,-3.0,0.0,0.0,0.16333333333333333,23.37222222222222,83.66666666666667,5216.011,246,Hopper-v5,2854,Agente_4
1268.967093706131,236,966656,4.427344264045466,4.5227040810437575,4.3192206101859725,10.0,1356,0.007458154754361098,-3.0,0.99,0.0001610733722737013,0.0002733498259346661,0.0003,-26.673255920410156,0.9249281287193298,-672.088134765625,0.020969955250620842,-3.8646645545959473,-3.0,17.619831085205078,63.829505920410156,-47.61042022705078,4.065378665924072,18.033957481384277,1.0,-26.673255920410156,0.9249281287193298,-672.088134765625,0.020969955250620842,-3.8646645545959473,-3.0,17.619831085205078,63.829505920410156,-47.61042022705078,1356.0,1356.0,0.0,0.007458154754361098,0.007458154754361098,0.0,0.0001610733722737013,0.0001610733722737013,0.0,0.0002733498259346661,0.0002733498259346661,0.0,0.0003,0.0003,0.0,-3.0,-3.0,0.0,0.0,0.16999999999999998,25.3375,88.525,5217.688,247,Hopper-v5,2854,Agente_4
1274.015697002411,237,970752,4.430435609746376,4.534552200190426,4.338731023998206,10.0,1356,0.007458154754361098,-3.0,0.99,0.0001610733722737013,0.0002733498259346661,0.0003,-27.581018447875977,0.44018906354904175,-684.851806640625,0.019708074629306793,-3.926726818084717,-3.0,23.104969024658203,50.73468780517578,-46.63104248046875,2.244673728942871,8.313031435012817,1.0,-27.581018447875977,0.44018906354904175,-684.851806640625,0.019708074629306793,-3.926726818084717,-3.0,23.104969024658203,50.73468780517578,-46.63104248046875,1356.0,1356.0,0.0,0.007458154754361098,0.007458154754361098,0.0,0.0001610733722737013,0.0001610733722737013,0.0,0.0002733498259346661,0.0002733498259346661,0.0,0.0003,0.0003,0.0,-3.0,-3.0,0.0,0.0,0.10142857142857142,23.02857142857143,89.71428571428574,5156.255,248,Hopper-v5,2854,Agente_4
1279.6175520420074,238,974848,4.429095335527507,4.548504634961714,4.251545165457446,9.997578692493947,1356,0.007458154754361098,-3.0,0.99,0.0001610733722737013,0.0002733498259346661,0.0003,-30.561416625976562,0.3572750985622406,-693.2066650390625,0.018712680786848068,-3.9785537719726562,-3.0,25.591665267944336,58.07227325439453,-66.41332244873047,1.5165157318115234,6.180630683898926,1.0,-30.561416625976562,0.3572750985622406,-693.2066650390625,0.018712680786848068,-3.9785537719726562,-3.0,25.591665267944336,58.07227325439453,-66.41332244873047,1356.0,1356.0,0.0,0.007458154754361098,0.007458154754361098,0.0,0.0001610733722737013,0.0001610733722737013,0.0,0.0002733498259346661,0.0002733498259346661,0.0,0.0003,0.0003,0.0,-3.0,-3.0,0.0,0.0,0.11,17.2375,85.57499999999999,5263.595,249,Hopper-v5,2854,Agente_4
1284.6035392284393,239,978944,4.426143193269393,4.546010640452724,4.22368421802071,9.997584541062801,1356,0.007458154754361098,-3.0,0.99,0.0001610733722737013,0.0002733498259346661,0.0003,-30.917673110961914,0.4222452640533447,-708.457763671875,0.017872776836156845,-4.024476528167725,-3.0,27.13720703125,63.162261962890625,-54.486732482910156,1.4022374153137207,9.338242530822754,1.0,-30.917673110961914,0.4222452640533447,-708.457763671875,0.017872776836156845,-4.024476528167725,-3.0,27.13720703125,63.162261962890625,-54.486732482910156,1356.0,1356.0,0.0,0.007458154754361098,0.007458154754361098,0.0,0.0001610733722737013,0.0001610733722737013,0.0,0.0002733498259346661,0.0002733498259346661,0.0,0.0003,0.0003,0.0,-3.0,-3.0,0.0,0.0,0.11,18.542857142857144,70.65714285714286,5205.404,250,Hopper-v5,2854,Agente_4
1289.523545742035,240,983040,4.429162807067948,4.530825075176823,4.219407823374548,9.997524752475247,1356,0.007458154754361098,-3.0,0.99,0.0001610733722737013,0.0002733498259346661,0.0003,-26.265432357788086,0.4625997543334961,-727.4187622070312,0.017137398943305016,-4.066492080688477,-3.0,24.38645362854004,66.19725799560547,-63.248573303222656,1.2232038974761963,14.768221139907837,1.0,-26.265432357788086,0.4625997543334961,-727.4187622070312,0.017137398943305016,-4.066492080688477,-3.0,24.38645362854004,66.19725799560547,-63.248573303222656,1356.0,1356.0,0.0,0.007458154754361098,0.007458154754361098,0.0,0.0001610733722737013,0.0001610733722737013,0.0,0.0002733498259346661,0.0002733498259346661,0.0,0.0003,0.0003,0.0,-3.0,-3.0,0.0,0.0,0.06571428571428571,17.142857142857142,71.37142857142857,5155.584,251,Hopper-v5,2854,Agente_4
1294.417896747589,241,987136,4.425660745027427,4.528802826507831,4.318673643175507,10.0,1356,0.007458154754361098,-3.0,0.99,0.0001610733722737013,0.0002733498259346661,0.0003,-33.26144790649414,0.39777374267578125,-724.33837890625,0.016478369012475014,-4.105706691741943,-3.0,31.41034507751465,74.12616729736328,-52.85946273803711,1.220015525817871,11.779782772064209,1.0,-33.26144790649414,0.39777374267578125,-724.33837890625,0.016478369012475014,-4.105706691741943,-3.0,31.41034507751465,74.12616729736328,-52.85946273803711,1356.0,1356.0,0.0,0.007458154754361098,0.007458154754361098,0.0,0.0001610733722737013,0.0001610733722737013,0.0,0.0002733498259346661,0.0002733498259346661,0.0,0.0003,0.0003,0.0,-3.0,-3.0,0.0,0.0,0.061666666666666675,15.5,60.449999999999996,5116.324,252,Hopper-v5,2854,Agente_4
1299.1417491436005,242,991232,4.425179245929182,4.532507672722874,4.194543891580583,9.995169082125605,1356,0.007458154754361098,-3.0,0.99,0.0001610733722737013,0.0002733498259346661,0.0003,-31.52922821044922,0.5723005533218384,-756.421630859375,0.015876756981015205,-4.142899036407471,-3.0,31.10820770263672,79.57842254638672,-45.544952392578125,1.2360095977783203,32.698452949523926,1.0,-31.52922821044922,0.5723005533218384,-756.421630859375,0.015876756981015205,-4.142899036407471,-3.0,31.10820770263672,79.57842254638672,-45.544952392578125,1356.0,1356.0,0.0,0.007458154754361098,0.007458154754361098,0.0,0.0001610733722737013,0.0001610733722737013,0.0,0.0002733498259346661,0.0002733498259346661,0.0,0.0003,0.0003,0.0,-3.0,-3.0,0.0,0.0,0.07,12.1,51.85714285714285,5065.71,253,Hopper-v5,2854,Agente_4
1303.8711421489716,243,995328,4.4279548905681185,4.530359972429887,4.265359595097257,9.997590361445782,1356,0.007458154754361098,-3.0,0.99,0.0001610733722737013,0.0002733498259346661,0.0003,-28.76870346069336,0.5726920962333679,-750.822998046875,0.015321878716349602,-4.178473472595215,-3.0,28.774738311767578,83.74036407470703,-70.92398071289062,1.3284754753112793,30.212313652038574,1.0,-28.76870346069336,0.5726920962333679,-750.822998046875,0.015321878716349602,-4.178473472595215,-3.0,28.774738311767578,83.74036407470703,-70.92398071289062,1356.0,1356.0,0.0,0.007458154754361098,0.007458154754361098,0.0,0.0001610733722737013,0.0001610733722737013,0.0,0.0002733498259346661,0.0002733498259346661,0.0,0.0003,0.0003,0.0,-3.0,-3.0,0.0,0.0,0.060000000000000005,11.350000000000001,49.03333333333333,5026.592,254,Hopper-v5,2854,Agente_4
1308.5331313610077,244,999424,4.423539420739796,4.54423866339748,4.221801888294124,9.99757281553398,1356,0.007458154754361098,-3.0,0.99,0.0001610733722737013,0.0002733498259346661,0.0003,-27.131990432739258,0.45757612586021423,-785.2916259765625,0.014803585596382618,-4.212885856628418,-3.0,27.971477508544922,86.15435028076172,-51.49115753173828,1.206294059753418,23.472017288208008,1.0,-27.131990432739258,0.45757612586021423,-785.2916259765625,0.014803585596382618,-4.212885856628418,-3.0,27.971477508544922,86.15435028076172,-51.49115753173828,1356.0,1356.0,0.0,0.007458154754361098,0.007458154754361098,0.0,0.0001610733722737013,0.0001610733722737013,0.0,0.0002733498259346661,0.0002733498259346661,0.0,0.0003,0.0003,0.0,-3.0,-3.0,0.0,0.0,0.07142857142857142,9.87142857142857,32.7,4988.552,255,Hopper-v5,2854,Agente_4
1313.0933966636658,245,1003520,4.426076675505993,4.537832379997146,4.33198993964723,10.0,1356,0.007458154754361098,-3.0,0.99,0.0001610733722737013,0.0002733498259346661,0.0003,-31.704879760742188,0.4601671099662781,-788.6415405273438,0.014314457774162292,-4.246485233306885,-3.0,32.70958709716797,92.29549407958984,-49.98744583129883,1.2464652061462402,20.060988426208496,1.0,-31.704879760742188,0.4601671099662781,-788.6415405273438,0.014314457774162292,-4.246485233306885,-3.0,32.70958709716797,92.29549407958984,-49.98744583129883,1356.0,1356.0,0.0,0.007458154754361098,0.007458154754361098,0.0,0.0001610733722737013,0.0001610733722737013,0.0,0.0002733498259346661,0.0002733498259346661,0.0,0.0003,0.0003,0.0,-3.0,-3.0,0.0,0.0,0.05833333333333333,7.949999999999999,31.483333333333334,4921.903,256,Hopper-v5,2854,Agente_4
