time_total_s,training_iteration,timesteps_total,env_runners/episode_return_mean,env_runners/episode_return_max,env_runners/episode_return_min,env_runners/episode_len_mean,config/lr,config/entropy_coeff,config/lambda,config/clip_param,config/train_batch_size,config/vf_loss_coeff,config/gamma,info/learner/default_policy/learner_stats/kl,info/learner/default_policy/learner_stats/entropy,info/learner/default_policy/learner_stats/vf_explained_var,info/learner/default_policy/learner_stats/policy_loss,info/learner/default_policy/learner_stats/vf_loss,custom_metrics/policy_kl,custom_metrics/vf_explained_var,custom_metrics/policy_entropy,custom_metrics/diagnostics_valid,custom_metrics/pbt_desired_lr,custom_metrics/pbt_effective_lr,custom_metrics/pbt_mismatch_lr,custom_metrics/pbt_desired_clip_param,custom_metrics/pbt_effective_clip_param,custom_metrics/pbt_mismatch_clip_param,custom_metrics/pbt_desired_lambda,custom_metrics/pbt_effective_lambda,custom_metrics/pbt_mismatch_lambda,custom_metrics/pbt_desired_entropy_coeff,custom_metrics/pbt_effective_entropy_coeff,custom_metrics/pbt_mismatch_entropy_coeff,custom_metrics/pbt_effective_hp_mismatch_count,perf/gpu_util_percent0,perf/cpu_util_percent,perf/ram_util_percent,timers/training_iteration_time_ms,causal_order,entorno,semilla,agente_id
6.9538209438323975,1,23928,-1.2720328976788986,36.09516311145942,-16.011682520977587,18.58490566037736,4.7092213295159586e-05,0.0,0.9781784486524453,0.4985918432583918,23923,0.5,0.99,0.045374793019626575,8.463980813648389,0.08312706908454066,-0.05301780311147804,5.296662541057753,0.045374793019626575,0.08312706908454066,8.463980813648389,1.0,4.7092213295159586e-05,4.7092213295159586e-05,0.0,0.4985918432583918,0.4985918432583918,0.0,0.9781784486524453,0.9781784486524453,0.0,0.0,0.0,0.0,0.0,0.356,45.089999999999996,69.19,6926.747,0,Walker2d-v5,6198,Agente_1
13.24721384048462,2,47856,5.335424463298037,92.08893228136175,-12.624858776620975,25.419181034482758,4.7092213295159586e-05,0.0,0.9781784486524453,0.4985918432583918,23923,0.5,0.99,0.042356020308919974,8.299225701456484,0.2190461136724638,-0.055991989430849966,5.419234976042872,0.042356020308919974,0.2190461136724638,8.299225701456484,1.0,4.7092213295159586e-05,4.7092213295159586e-05,0.0,0.4985918432583918,0.4985918432583918,0.0,0.9781784486524453,0.9781784486524453,0.0,0.0,0.0,0.0,0.0,0.6466666666666666,36.13333333333333,71.41111111111111,6601.617,1,Walker2d-v5,6198,Agente_1
18.48633313179016,3,71784,25.629331893063707,228.8789704911456,-8.215804144723343,50.400862068965516,4.7092213295159586e-05,0.0,0.9781784486524453,0.4985918432583918,23923,0.5,0.99,0.025048463954961967,8.173740554892499,0.20043857304946236,-0.035614451650611084,7.316130554157755,0.025048463954961967,0.20043857304946236,8.173740554892499,1.0,4.7092213295159586e-05,4.7092213295159586e-05,0.0,0.4985918432583918,0.4985918432583918,0.0,0.9781784486524453,0.9781784486524453,0.0,0.0,0.0,0.0,0.0,0.83,39.57142857142857,71.67142857142856,6142.642,2,Walker2d-v5,6198,Agente_1
25.003157138824463,4,95712,61.42090247790912,364.2323404310731,-3.9650574686558198,85.24175824175825,4.7092213295159586e-05,0.0,0.9781784486524453,0.4985918432583918,23923,0.5,0.99,0.012061475440113219,8.12304578449415,0.19102136194705963,-0.013336024012254631,8.388555938264599,0.012061475440113219,0.19102136194705963,8.12304578449415,1.0,4.7092213295159586e-05,4.7092213295159586e-05,0.0,0.4985918432583918,0.4985918432583918,0.0,0.9781784486524453,0.9781784486524453,0.0,0.0,0.0,0.0,0.0,0.5322222222222223,44.08888888888889,71.82222222222222,6232.485,3,Walker2d-v5,6198,Agente_1
30.974312782287598,5,119640,119.77361159126112,444.8064667237048,-0.3898413433417762,133.10344827586206,4.7092213295159586e-05,0.0,0.9781784486524453,0.4985918432583918,23923,0.5,0.99,0.01014337325296251,8.088901387090269,0.18847043099610702,-0.00591715423633223,9.013792048329892,0.01014337325296251,0.18847043099610702,8.088901387090269,1.0,4.7092213295159586e-05,4.7092213295159586e-05,0.0,0.4985918432583918,0.4985918432583918,0.0,0.9781784486524453,0.9781784486524453,0.0,0.0,0.0,0.0,0.0,0.8444444444444446,37.95555555555555,71.78888888888888,6177.265,4,Walker2d-v5,6198,Agente_1
37.89584159851074,6,143568,203.91240585110634,585.7175717901583,8.73931210069847,174.73846153846154,4.7092213295159586e-05,0.0,0.9781784486524453,0.4985918432583918,23923,0.5,0.99,0.008511973825902122,8.01363819371099,0.1417126618001772,-0.006098635583792044,9.468935290626858,0.008511973825902122,0.1417126618001772,8.01363819371099,1.0,4.7092213295159586e-05,4.7092213295159586e-05,0.0,0.4985918432583918,0.4985918432583918,0.0,0.9781784486524453,0.9781784486524453,0.0,0.0,0.0,0.0,0.0,0.6866666666666666,41.455555555555556,71.77777777777777,6299.511,5,Walker2d-v5,6198,Agente_1
43.457226037979126,7,167496,265.5409812802696,733.8842973339634,-5.764700825692008,207.98230088495575,4.7092213295159586e-05,0.0,0.9781784486524453,0.4985918432583918,23923,0.5,0.99,0.008589919153396493,7.988069990406865,0.1270725007938302,-0.019304375050832396,9.660928284603617,0.008589919153396493,0.1270725007938302,7.988069990406865,1.0,4.7092213295159586e-05,4.7092213295159586e-05,0.0,0.4985918432583918,0.4985918432583918,0.0,0.9781784486524453,0.9781784486524453,0.0,0.0,0.0,0.0,0.0,0.9149999999999999,32.525,71.7125,6192.17,6,Walker2d-v5,6198,Agente_1
50.929927349090576,8,191424,267.55246409216403,594.7323169601718,5.938546026628567,201.34453781512605,4.7092213295159586e-05,0.0,0.9781784486524453,0.4985918432583918,23923,0.5,0.99,0.008534163595368228,7.972685960064764,0.1298808287019315,-0.008770028428862923,9.696773860765541,0.008534163595368228,0.1298808287019315,7.972685960064764,1.0,4.7092213295159586e-05,4.7092213295159586e-05,0.0,0.4985918432583918,0.4985918432583918,0.0,0.9781784486524453,0.9781784486524453,0.0,0.0,0.0,0.0,0.0,0.576,44.330000000000005,71.75000000000001,6350.762,7,Walker2d-v5,6198,Agente_1
56.91966438293457,9,215352,301.9625316180436,637.4680528097439,1.5221306079781507,212.08849557522123,4.7092213295159586e-05,0.0,0.9781784486524453,0.4985918432583918,23923,0.5,0.99,0.008453474037908207,7.9547682938368425,0.11294678333012954,-0.009852609665983397,9.808536376123843,0.008453474037908207,0.11294678333012954,7.9547682938368425,1.0,4.7092213295159586e-05,4.7092213295159586e-05,0.0,0.4985918432583918,0.4985918432583918,0.0,0.9781784486524453,0.9781784486524453,0.0,0.0,0.0,0.0,0.0,0.5844444444444445,34.91111111111111,66.51111111111112,6309.566,8,Walker2d-v5,6198,Agente_1
62.64818501472473,10,239280,285.59711420769855,494.46995149877864,41.11869622675623,193.58878504672896,4.7092213295159586e-05,0.0,0.9781784486524453,0.4985918432583918,23923,0.5,0.99,0.00790818851618618,7.970631172346033,0.14650707568811333,-0.015422557421919444,9.74758266158726,0.00790818851618618,0.14650707568811333,7.970631172346033,1.0,4.7092213295159586e-05,4.7092213295159586e-05,0.0,0.4985918432583918,0.4985918432583918,0.0,0.9781784486524453,0.9781784486524453,0.0,0.0,0.0,0.0,0.0,0.2088888888888889,29.444444444444443,58.08888888888888,5717.607,9,Walker2d-v5,6198,Agente_1
69.40936708450317,11,263208,300.44169281160316,551.5036463247186,11.55987378143731,202.88695652173914,4.7092213295159586e-05,0.0,0.9781784486524453,0.4985918432583918,23923,0.5,0.99,0.0077789849733602276,7.950547935651696,0.1887916949780091,-0.011030506893344547,9.739291508301445,0.0077789849733602276,0.1887916949780091,7.950547935651696,1.0,4.7092213295159586e-05,4.7092213295159586e-05,0.0,0.4985918432583918,0.4985918432583918,0.0,0.9781784486524453,0.9781784486524453,0.0,0.0,0.0,0.0,0.0,0.42444444444444446,42.32222222222222,62.64444444444444,6231.845,10,Walker2d-v5,6198,Agente_1
75.41551065444946,12,287136,299.58946932839274,549.752971738891,-0.9635129842374613,188.104,4.7092213295159586e-05,0.0,0.9781784486524453,0.4985918432583918,23923,0.5,0.99,0.008257662022962272,7.929887416051781,0.15224041666673577,-0.008863802331135325,9.772384430014569,0.008257662022962272,0.15224041666673577,7.929887416051781,1.0,4.7092213295159586e-05,4.7092213295159586e-05,0.0,0.4985918432583918,0.4985918432583918,0.0,0.9781784486524453,0.9781784486524453,0.0,0.0,0.0,0.0,0.0,0.33999999999999997,44.7375,69.35,6153.013,11,Walker2d-v5,6198,Agente_1
81.94167637825012,13,311064,317.26292135573976,714.0125153521227,96.62134471038861,192.51968503937007,4.7092213295159586e-05,0.0,0.9781784486524453,0.4985918432583918,23923,0.5,0.99,0.00900744607684512,7.898427892767865,0.17358244113300159,-0.012454026200525138,9.796699932347174,0.00900744607684512,0.17358244113300159,7.898427892767865,1.0,4.7092213295159586e-05,4.7092213295159586e-05,0.0,0.4985918432583918,0.4985918432583918,0.0,0.9781784486524453,0.9781784486524453,0.0,0.0,0.0,0.0,0.0,0.7677777777777778,34.7,70.78888888888888,6243.953,12,Walker2d-v5,6198,Agente_1
86.730877161026,14,334992,333.0756130149364,644.8169588162771,78.68962120710786,200.1404958677686,4.7092213295159586e-05,0.0,0.9781784486524453,0.4985918432583918,23923,0.5,0.99,0.008600455672520817,7.9262855011483895,0.2144709261863128,-0.006653036043533812,9.812398533199145,0.008600455672520817,0.2144709261863128,7.9262855011483895,1.0,4.7092213295159586e-05,4.7092213295159586e-05,0.0,0.4985918432583918,0.4985918432583918,0.0,0.9781784486524453,0.9781784486524453,0.0,0.0,0.0,0.0,0.0,0.6514285714285715,32.457142857142856,68.78571428571428,5950.743,13,Walker2d-v5,6198,Agente_1
93.03920793533325,15,358920,322.1813998257425,585.4621906259611,68.9780628104427,188.6953125,4.7092213295159586e-05,0.0,0.9781784486524453,0.4985918432583918,23923,0.5,0.99,0.008880725980658177,7.871242377032404,0.2609145452146945,-0.015536472116313552,9.793210788395093,0.008880725980658177,0.2609145452146945,7.871242377032404,1.0,4.7092213295159586e-05,4.7092213295159586e-05,0.0,0.4985918432583918,0.4985918432583918,0.0,0.9781784486524453,0.9781784486524453,0.0,0.0,0.0,0.0,0.0,0.5,38.02222222222222,62.21111111111112,6007.888,14,Walker2d-v5,6198,Agente_1
99.2378842830658,16,382848,327.18666373031573,527.0772647998103,68.01089967708727,193.06542056074767,4.7092213295159586e-05,0.0,0.9781784486524453,0.4985918432583918,23923,0.5,0.99,0.00836309932608702,7.823131120723227,0.24271828013917673,-0.02196039752224865,9.765423905331156,0.00836309932608702,0.24271828013917673,7.823131120723227,1.0,4.7092213295159586e-05,4.7092213295159586e-05,0.0,0.4985918432583918,0.4985918432583918,0.0,0.9781784486524453,0.9781784486524453,0.0,0.0,0.0,0.0,0.0,0.5944444444444444,35.66666666666666,65.14444444444445,6187.204,15,Walker2d-v5,6198,Agente_1
105.07451319694519,17,406776,324.5703391718456,631.389309411349,31.37953184628392,193.78991596638656,4.7092213295159586e-05,0.0,0.9781784486524453,0.4985918432583918,23923,0.5,0.99,0.007306890546047014,7.853867795156396,0.29226600812829057,-0.01925439122740341,9.701724491948667,0.007306890546047014,0.29226600812829057,7.853867795156396,1.0,4.7092213295159586e-05,4.7092213295159586e-05,0.0,0.4985918432583918,0.4985918432583918,0.0,0.9781784486524453,0.9781784486524453,0.0,0.0,0.0,0.0,0.0,0.47,38.125,65.775,6004.294,16,Walker2d-v5,6198,Agente_1
111.99207043647766,18,430704,338.48978700998975,598.6945439115765,51.29752663239894,195.408,4.7092213295159586e-05,0.0,0.9781784486524453,0.4985918432583918,23923,0.5,0.99,0.008443868269086639,7.822377516912377,0.30448495797489,-0.01497036380207409,9.694007342794666,0.008443868269086639,0.30448495797489,7.822377516912377,1.0,4.7092213295159586e-05,4.7092213295159586e-05,0.0,0.4985918432583918,0.4985918432583918,0.0,0.9781784486524453,0.9781784486524453,0.0,0.0,0.0,0.0,0.0,0.4880000000000001,42.129999999999995,68.26,6305.168,17,Walker2d-v5,6198,Agente_1
118.19947552680969,19,454632,346.484906580975,512.5536789930006,116.66234258681433,193.54330708661416,4.7092213295159586e-05,0.0,0.9781784486524453,0.4985918432583918,23923,0.5,0.99,0.0079377244326758,7.820358292952828,0.31294490513594253,-0.01476924340038196,9.666625186671382,0.0079377244326758,0.31294490513594253,7.820358292952828,1.0,4.7092213295159586e-05,4.7092213295159586e-05,0.0,0.4985918432583918,0.4985918432583918,0.0,0.9781784486524453,0.9781784486524453,0.0,0.0,0.0,0.0,0.0,0.5577777777777778,38.91111111111111,70.45555555555556,6278.226,18,Walker2d-v5,6198,Agente_1
125.16965651512146,20,478560,341.92729277279597,547.5455801517747,70.7902722605537,190.048,4.7092213295159586e-05,0.0,0.9781784486524453,0.4985918432583918,23923,0.5,0.99,0.008212189636675327,7.851925009229909,0.3476221157156903,-0.017334369731986005,9.631069444573443,0.008212189636675327,0.3476221157156903,7.851925009229909,1.0,4.7092213295159586e-05,4.7092213295159586e-05,0.0,0.4985918432583918,0.4985918432583918,0.0,0.9781784486524453,0.9781784486524453,0.0,0.0,0.0,0.0,0.0,0.7466666666666666,38.97777777777778,70.4,6414.75,19,Walker2d-v5,6198,Agente_1
131.4011745452881,21,502488,348.9155771268052,541.7214757510689,192.38146147452449,188.1811023622047,4.7092213295159586e-05,0.0,0.9781784486524453,0.4985918432583918,23923,0.5,0.99,0.007664286024468627,7.785486201618029,0.32007711659307064,-0.01307650158262771,9.634173778865648,0.007664286024468627,0.32007711659307064,7.785486201618029,1.0,4.7092213295159586e-05,4.7092213295159586e-05,0.0,0.4985918432583918,0.4985918432583918,0.0,0.9781784486524453,0.9781784486524453,0.0,0.0,0.0,0.0,0.0,0.6000000000000001,37.00000000000001,70.37777777777778,6381.847,20,Walker2d-v5,6198,Agente_1
137.2642948627472,22,526416,356.1004223031636,465.5567150844415,191.28058374479235,191.07142857142858,4.7092213295159586e-05,0.0,0.9781784486524453,0.4985918432583918,23923,0.5,0.99,0.00777402961065807,7.8014913444933685,0.3650985947121745,-0.01395515153467979,9.598598144365393,0.00777402961065807,0.3650985947121745,7.8014913444933685,1.0,4.7092213295159586e-05,4.7092213295159586e-05,0.0,0.4985918432583918,0.4985918432583918,0.0,0.9781784486524453,0.9781784486524453,0.0,0.0,0.0,0.0,0.0,0.7437499999999999,39.875,70.3875,6305.57,21,Walker2d-v5,6198,Agente_1
142.76164388656616,23,550344,354.0462848593634,499.2003572846467,114.79011101879703,186.9291338582677,4.7092213295159586e-05,0.0,0.9781784486524453,0.4985918432583918,23923,0.5,0.99,0.008006114128131785,7.783726328352223,0.37476584898388904,-0.013213599969268493,9.599422342880912,0.008006114128131785,0.37476584898388904,7.783726328352223,1.0,4.7092213295159586e-05,4.7092213295159586e-05,0.0,0.4985918432583918,0.4985918432583918,0.0,0.9781784486524453,0.9781784486524453,0.0,0.0,0.0,0.0,0.0,0.6325000000000001,36.349999999999994,63.6375,6202.893,22,Walker2d-v5,6198,Agente_1
148.55092668533325,24,574272,369.1491423059146,611.9929241402311,81.30747043433477,195.30645161290323,4.7092213295159586e-05,0.0,0.9781784486524453,0.4985918432583918,23923,0.5,0.99,0.007425237719076983,7.746114543209905,0.42448402047157285,-0.014906787736665296,9.572608280181885,0.007425237719076983,0.42448402047157285,7.746114543209905,1.0,4.7092213295159586e-05,4.7092213295159586e-05,0.0,0.4985918432583918,0.4985918432583918,0.0,0.9781784486524453,0.9781784486524453,0.0,0.0,0.0,0.0,0.0,0.2225,47.425,64.2625,6155.314,23,Walker2d-v5,6198,Agente_1
154.0665934085846,25,598200,365.5333724596189,483.25448689995716,103.64467757014658,195.1153846153846,4.7092213295159586e-05,0.0,0.9781784486524453,0.4985918432583918,23923,0.5,0.99,0.008518777762658535,7.5518849517988125,0.4236758195835611,-0.010927399588019951,9.610891785828963,0.008518777762658535,0.4236758195835611,7.5518849517988125,1.0,4.7092213295159586e-05,4.7092213295159586e-05,0.0,0.4985918432583918,0.4985918432583918,0.0,0.9781784486524453,0.9781784486524453,0.0,0.0,0.0,0.0,0.0,0.35625,35.1125,62.262499999999996,5503.349,24,Walker2d-v5,6198,Agente_1
159.57181596755981,26,622128,376.35401264214954,506.4243455301535,78.45256440377486,198.136,4.7092213295159586e-05,0.0,0.9781784486524453,0.4985918432583918,23923,0.5,0.99,0.008680209597439344,7.58595854614092,0.46735355452350946,-0.012680677251647348,9.539024270099143,0.008680209597439344,0.46735355452350946,7.58595854614092,1.0,4.7092213295159586e-05,4.7092213295159586e-05,0.0,0.4985918432583918,0.4985918432583918,0.0,0.9781784486524453,0.9781784486524453,0.0,0.0,0.0,0.0,0.0,0.5775,45.8125,64.575,5498.789,25,Walker2d-v5,6198,Agente_1
164.79377484321594,27,646056,399.863494332805,669.2736062508762,274.32653485556335,207.640350877193,4.7092213295159586e-05,0.0,0.9781784486524453,0.4985918432583918,23923,0.5,0.99,0.009341733159576308,7.578187283225682,0.44938002397184784,-0.01675841160442518,9.58053995422695,0.009341733159576308,0.44938002397184784,7.578187283225682,1.0,4.7092213295159586e-05,4.7092213295159586e-05,0.0,0.4985918432583918,0.4985918432583918,0.0,0.9781784486524453,0.9781784486524453,0.0,0.0,0.0,0.0,0.0,0.7100000000000001,38.24285714285715,65.64285714285714,5401.167,26,Walker2d-v5,6198,Agente_1
170.27064895629883,28,669984,395.48109439111494,526.8135187196295,44.235939992180185,202.5728155339806,4.7092213295159586e-05,0.0,0.9781784486524453,0.4985918432583918,23923,0.5,0.99,0.009242475630004413,7.51276663593624,0.43953663473543914,-0.009923243862779244,9.593903786203136,0.009242475630004413,0.43953663473543914,7.51276663593624,1.0,4.7092213295159586e-05,4.7092213295159586e-05,0.0,0.4985918432583918,0.4985918432583918,0.0,0.9781784486524453,0.9781784486524453,0.0,0.0,0.0,0.0,0.0,0.45875,35.55,61.625,5463.531,27,Walker2d-v5,6198,Agente_1
176.84614777565002,29,693912,395.2812608269639,600.1501089969415,79.07474558468854,200.18103448275863,4.7092213295159586e-05,0.0,0.9781784486524453,0.4985918432583918,23923,0.5,0.99,0.008271411916623195,7.51909759355628,0.44852470237275827,-0.00812821804707789,9.587648198915565,0.008271411916623195,0.44852470237275827,7.51909759355628,1.0,4.7092213295159586e-05,4.7092213295159586e-05,0.0,0.4985918432583918,0.4985918432583918,0.0,0.9781784486524453,0.9781784486524453,0.0,0.0,0.0,0.0,0.0,0.3888888888888889,41.97777777777778,64.55555555555556,6012.047,28,Walker2d-v5,6198,Agente_1
183.7865388393402,30,717840,410.16602326799165,606.7126576858462,176.25895120554867,206.11016949152543,4.7092213295159586e-05,0.0,0.9781784486524453,0.4985918432583918,23923,0.5,0.99,0.00811512482705241,7.552283899680428,0.44775592607000597,-0.017378056923980298,9.567052903382674,0.00811512482705241,0.44775592607000597,7.552283899680428,1.0,4.7092213295159586e-05,4.7092213295159586e-05,0.0,0.4985918432583918,0.4985918432583918,0.0,0.9781784486524453,0.9781784486524453,0.0,0.0,0.0,0.0,0.0,0.48599999999999993,40.67,69.43,6318.007,29,Walker2d-v5,6198,Agente_1
189.93025183677673,31,741768,411.5322222628249,702.3335549219233,177.26701807387556,203.40677966101694,4.7092213295159586e-05,0.0,0.9781784486524453,0.4985918432583918,23923,0.5,0.99,0.008572772957734781,7.504314529377481,0.48587331318336985,-0.017661852502952453,9.570872346214626,0.008572772957734781,0.48587331318336985,7.504314529377481,1.0,4.7092213295159586e-05,4.7092213295159586e-05,0.0,0.4985918432583918,0.4985918432583918,0.0,0.9781784486524453,0.9781784486524453,0.0,0.0,0.0,0.0,0.0,0.7977777777777777,39.32222222222222,70.66666666666667,6271.138,30,Walker2d-v5,6198,Agente_1
196.0037500858307,32,765696,418.01352350397633,592.7731510494623,262.91353983114254,203.93859649122808,4.7092213295159586e-05,0.0,0.9781784486524453,0.4985918432583918,23923,0.5,0.99,0.008243647105091836,7.48503592532614,0.4602998151727345,-0.022998072696930688,9.525330215951671,0.008243647105091836,0.4602998151727345,7.48503592532614,1.0,4.7092213295159586e-05,4.7092213295159586e-05,0.0,0.4985918432583918,0.4985918432583918,0.0,0.9781784486524453,0.9781784486524453,0.0,0.0,0.0,0.0,0.0,0.715,37.6,65.4875,6228.641,31,Walker2d-v5,6198,Agente_1
210.0435118675232,34,813552,430.55230227717726,617.9419721359624,95.57281676656594,209.0,4.7092213295159586e-05,0.0,0.9781784486524453,0.4985918432583918,23923,0.5,0.99,0.009112293852440117,7.285310291207355,0.5048185040121493,-0.017156819393858314,9.561792935495792,0.009112293852440117,0.5048185040121493,7.285310291207355,1.0,4.7092213295159586e-05,4.7092213295159586e-05,0.0,0.4985918432583918,0.4985918432583918,0.0,0.9781784486524453,0.9781784486524453,0.0,0.0,0.0,0.0,0.0,0.5209090909090909,35.02727272727273,70.22727272727273,7391.543,32,Walker2d-v5,6198,Agente_1
216.59006547927856,35,837480,445.3288636681768,567.242121760271,250.33516974947156,214.82142857142858,4.7092213295159586e-05,0.0,0.9781784486524453,0.4985918432583918,23923,0.5,0.99,0.009067018102549533,7.322411006429921,0.5306713621253553,-0.02074945546767634,9.457913104347561,0.009067018102549533,0.5306713621253553,7.322411006429921,1.0,4.7092213295159586e-05,4.7092213295159586e-05,0.0,0.4985918432583918,0.4985918432583918,0.0,0.9781784486524453,0.9781784486524453,0.0,0.0,0.0,0.0,0.0,0.5944444444444444,40.011111111111106,66.5,6963.433,33,Walker2d-v5,6198,Agente_1
222.84846663475037,36,861408,446.71374932481893,641.2496058158979,308.56185177351534,214.12844036697248,4.7092213295159586e-05,0.0,0.9781784486524453,0.4985918432583918,23923,0.5,0.99,0.00924433554554644,7.378043636031773,0.5509310826011325,-0.017813277331626284,9.404331098432126,0.00924433554554644,0.5509310826011325,7.378043636031773,1.0,4.7092213295159586e-05,4.7092213295159586e-05,0.0,0.4985918432583918,0.4985918432583918,0.0,0.9781784486524453,0.9781784486524453,0.0,0.0,0.0,0.0,0.0,0.5233333333333333,41.13333333333333,66.71111111111111,6723.697,34,Walker2d-v5,6198,Agente_1
228.7637493610382,37,885336,467.9657152552251,608.8896809942796,332.97703679186026,217.89583333333334,4.7092213295159586e-05,0.0,0.9781784486524453,0.4985918432583918,23923,0.5,0.99,0.00952603371134391,7.187879542682482,0.5560770296532175,-0.012836109988553368,9.398606070228245,0.00952603371134391,0.5560770296532175,7.187879542682482,1.0,4.7092213295159586e-05,4.7092213295159586e-05,0.0,0.4985918432583918,0.4985918432583918,0.0,0.9781784486524453,0.9781784486524453,0.0,0.0,0.0,0.0,0.0,0.42,30.744444444444444,57.666666666666664,5905.872,35,Walker2d-v5,6198,Agente_1
234.25824451446533,38,909264,460.76909317052844,638.2546593683608,86.26829652967737,215.00925925925927,4.7092213295159586e-05,0.0,0.9781784486524453,0.4985918432583918,23923,0.5,0.99,0.007430129204516086,7.297631763375324,0.6054272336804348,-0.013271918431248354,9.07917267654253,0.007430129204516086,0.6054272336804348,7.297631763375324,1.0,4.7092213295159586e-05,4.7092213295159586e-05,0.0,0.4985918432583918,0.4985918432583918,0.0,0.9781784486524453,0.9781784486524453,0.0,0.0,0.0,0.0,0.0,0.42857142857142866,39.51428571428572,58.814285714285724,5694.557,36,Walker2d-v5,6198,Agente_1
239.4831850528717,39,933192,462.542477072794,697.0797662380905,99.49686242062255,216.38938053097345,4.7092213295159586e-05,0.0,0.9781784486524453,0.4985918432583918,23923,0.5,0.99,0.008224057027828365,7.311445292182591,0.6318445261405862,-0.015129535754575677,8.939010463590208,0.008224057027828365,0.6318445261405862,7.311445292182591,1.0,4.7092213295159586e-05,4.7092213295159586e-05,0.0,0.4985918432583918,0.4985918432583918,0.0,0.9781784486524453,0.9781784486524453,0.0,0.0,0.0,0.0,0.0,0.54125,45.1375,67.5875,5534.047,37,Walker2d-v5,6198,Agente_1
245.5191056728363,40,957120,459.02451806002153,738.0174868299025,266.0091810297938,213.04545454545453,4.7092213295159586e-05,0.0,0.9781784486524453,0.4985918432583918,23923,0.5,0.99,0.009912117865172584,7.273436889441117,0.648919831281123,-0.01328531400826962,8.949577814599742,0.009912117865172584,0.648919831281123,7.273436889441117,1.0,4.7092213295159586e-05,4.7092213295159586e-05,0.0,0.4985918432583918,0.4985918432583918,0.0,0.9781784486524453,0.9781784486524453,0.0,0.0,0.0,0.0,0.0,0.44625,38.4625,70.2125,5656.414,38,Walker2d-v5,6198,Agente_1
251.01282334327698,41,981048,471.9815661119769,630.7463492047289,286.1528235141801,212.8909090909091,4.7092213295159586e-05,0.0,0.9781784486524453,0.4985918432583918,23923,0.5,0.99,0.008809014678595501,7.270059193735538,0.6649835989527081,-0.01877692918009732,8.932384822679603,0.008809014678595501,0.6649835989527081,7.270059193735538,1.0,4.7092213295159586e-05,4.7092213295159586e-05,0.0,0.4985918432583918,0.4985918432583918,0.0,0.9781784486524453,0.9781784486524453,0.0,0.0,0.0,0.0,0.0,0.6775,42.4875,71.07499999999999,5621.178,39,Walker2d-v5,6198,Agente_1
257.4619987010956,42,1004976,474.5236262703547,789.6192291351165,123.40795979769949,218.21428571428572,4.7092213295159586e-05,0.0,0.9781784486524453,0.4985918432583918,23923,0.5,0.99,0.008512174706145188,7.305151448042497,0.6461360858834309,-0.013586137034808812,8.75160407398058,0.008512174706145188,0.6461360858834309,7.305151448042497,1.0,4.7092213295159586e-05,4.7092213295159586e-05,0.0,0.4985918432583918,0.4985918432583918,0.0,0.9781784486524453,0.9781784486524453,0.0,0.0,0.0,0.0,0.0,0.7799999999999999,33.47777777777778,71.06666666666666,5757.493,40,Walker2d-v5,6198,Agente_1
263.4351632595062,43,1028904,469.14189291798704,654.25475484245,101.46931887534318,213.56880733944953,4.7092213295159586e-05,0.0,0.9781784486524453,0.4985918432583918,23923,0.5,0.99,0.008941858100186674,7.301692880754885,0.6486474692821502,-0.016752786444419104,8.789296267343603,0.008941858100186674,0.6486474692821502,7.301692880754885,1.0,4.7092213295159586e-05,4.7092213295159586e-05,0.0,0.4985918432583918,0.4985918432583918,0.0,0.9781784486524453,0.9781784486524453,0.0,0.0,0.0,0.0,0.0,0.8187500000000001,32.6625,63.2,5786.153,41,Walker2d-v5,6198,Agente_1
270.18479800224304,44,1052832,486.48606614074214,618.4753844045232,121.42565667056138,225.4862385321101,4.7092213295159586e-05,0.0,0.9781784486524453,0.4985918432583918,23923,0.5,0.99,0.008998383646758156,7.305213214003522,0.6612141274887583,-0.014220174126650977,8.60567610471145,0.008998383646758156,0.6612141274887583,7.305213214003522,1.0,4.7092213295159586e-05,4.7092213295159586e-05,0.0,0.4985918432583918,0.4985918432583918,0.0,0.9781784486524453,0.9781784486524453,0.0,0.0,0.0,0.0,0.0,0.46111111111111114,48.04444444444445,66.48888888888888,5904.868,42,Walker2d-v5,6198,Agente_1
276.13147354125977,45,1076760,481.13195173272675,685.8776131640391,176.65079349791222,221.03703703703704,4.7092213295159586e-05,0.0,0.9781784486524453,0.4985918432583918,23923,0.5,0.99,0.009663986667035952,7.332836084780486,0.6368513450674389,-0.020104128737812456,8.691407033671503,0.009663986667035952,0.6368513450674389,7.332836084780486,1.0,4.7092213295159586e-05,4.7092213295159586e-05,0.0,0.4985918432583918,0.4985918432583918,0.0,0.9781784486524453,0.9781784486524453,0.0,0.0,0.0,0.0,0.0,0.9233333333333333,37.07777777777777,70.6888888888889,5907.957,43,Walker2d-v5,6198,Agente_1
282.2289340496063,46,1100688,497.5218656923829,687.7335298401941,126.28624050113375,226.43636363636364,4.7092213295159586e-05,0.0,0.9781784486524453,0.4985918432583918,23923,0.5,0.99,0.010491299844595589,7.31936953689741,0.6714494382557662,-0.018997499650425236,8.601635246691496,0.010491299844595589,0.6714494382557662,7.31936953689741,1.0,4.7092213295159586e-05,4.7092213295159586e-05,0.0,0.4985918432583918,0.4985918432583918,0.0,0.9781784486524453,0.9781784486524453,0.0,0.0,0.0,0.0,0.0,0.8425,40.625,70.9375,5925.362,44,Walker2d-v5,6198,Agente_1
289.3438980579376,47,1124616,491.3803559762661,691.0584823912321,125.14268265352118,220.0566037735849,4.7092213295159586e-05,0.0,0.9781784486524453,0.4985918432583918,23923,0.5,0.99,0.008351251160527918,7.287812169738438,0.6432657795107883,-0.013793078812001192,8.771971879834714,0.008351251160527918,0.6432657795107883,7.287812169738438,1.0,4.7092213295159586e-05,4.7092213295159586e-05,0.0,0.4985918432583918,0.4985918432583918,0.0,0.9781784486524453,0.9781784486524453,0.0,0.0,0.0,0.0,0.0,0.905,38.21,70.92999999999999,6044.835,45,Walker2d-v5,6198,Agente_1
295.88024067878723,48,1148544,514.5078889721589,675.4373560194948,335.5794769666221,228.32380952380953,4.7092213295159586e-05,0.0,0.9781784486524453,0.4985918432583918,23923,0.5,0.99,0.009224181816060394,7.259072992076044,0.6151254309260327,-0.01221474582410377,8.579031238348588,0.009224181816060394,0.6151254309260327,7.259072992076044,1.0,4.7092213295159586e-05,4.7092213295159586e-05,0.0,0.4985918432583918,0.4985918432583918,0.0,0.9781784486524453,0.9781784486524453,0.0,0.0,0.0,0.0,0.0,0.8455555555555556,37.733333333333334,70.88888888888889,6148.909,46,Walker2d-v5,6198,Agente_1
302.0353376865387,49,1172472,512.2221736960446,759.6980343797819,217.9004492465321,226.08823529411765,4.7092213295159586e-05,0.0,0.9781784486524453,0.4985918432583918,23923,0.5,0.99,0.00984101787417678,7.251164458108985,0.6084792705981628,-0.015889331759156092,8.802671578656073,0.00984101787417678,0.6084792705981628,7.251164458108985,1.0,4.7092213295159586e-05,4.7092213295159586e-05,0.0,0.4985918432583918,0.4985918432583918,0.0,0.9781784486524453,0.9781784486524453,0.0,0.0,0.0,0.0,0.0,0.6944444444444444,36.800000000000004,65.61111111111111,6241.772,47,Walker2d-v5,6198,Agente_1
307.8343732357025,50,1196400,515.8551551106061,739.7419790234688,126.39592388822739,229.11009174311926,4.7092213295159586e-05,0.0,0.9781784486524453,0.4985918432583918,23923,0.5,0.99,0.00865305438865514,7.302133558107459,0.6486290804717851,-0.02202498578749921,8.708421954901322,0.00865305438865514,0.6486290804717851,7.302133558107459,1.0,4.7092213295159586e-05,4.7092213295159586e-05,0.0,0.4985918432583918,0.4985918432583918,0.0,0.9781784486524453,0.9781784486524453,0.0,0.0,0.0,0.0,0.0,0.46,45.962500000000006,63.575,6218.45,48,Walker2d-v5,6198,Agente_1
313.929899930954,51,1220328,513.0210866133295,676.2723891048203,46.72121118426511,230.30693069306932,4.7092213295159586e-05,0.0,0.9781784486524453,0.4985918432583918,23923,0.5,0.99,0.008868559221434185,7.3084790551144145,0.6320692742648332,-0.015740826069984747,8.699039949541506,0.008868559221434185,0.6320692742648332,7.3084790551144145,1.0,4.7092213295159586e-05,4.7092213295159586e-05,0.0,0.4985918432583918,0.4985918432583918,0.0,0.9781784486524453,0.9781784486524453,0.0,0.0,0.0,0.0,0.0,0.7722222222222223,35.88888888888889,69.95555555555556,6278.525,49,Walker2d-v5,6198,Agente_1
321.23888897895813,52,1244256,526.1284052112305,678.9126781987306,156.94289034699702,227.2,4.7092213295159586e-05,0.0,0.9781784486524453,0.4985918432583918,23923,0.5,0.99,0.009478913436163092,7.255547257091688,0.6476665487755899,-0.008552576188483964,8.757733025758164,0.009478913436163092,0.6476665487755899,7.255547257091688,1.0,4.7092213295159586e-05,4.7092213295159586e-05,0.0,0.4985918432583918,0.4985918432583918,0.0,0.9781784486524453,0.9781784486524453,0.0,0.0,0.0,0.0,0.0,0.915,38.45,70.62,6364.109,50,Walker2d-v5,6198,Agente_1
327.90475487709045,53,1268184,536.5162579441181,705.1676223839823,115.65715770753974,232.15533980582524,4.7092213295159586e-05,0.0,0.9781784486524453,0.4985918432583918,23923,0.5,0.99,0.007979899174142702,7.300853891994642,0.6709627829168154,-0.0002588380755775649,8.667485760605853,0.007979899174142702,0.6709627829168154,7.300853891994642,1.0,4.7092213295159586e-05,4.7092213295159586e-05,0.0,0.4985918432583918,0.4985918432583918,0.0,0.9781784486524453,0.9781784486524453,0.0,0.0,0.0,0.0,0.0,0.7266666666666667,39.544444444444444,70.54444444444444,6433.351,51,Walker2d-v5,6198,Agente_1
333.9285933971405,54,1292112,545.2210182579249,794.8300976548111,402.9207043574123,230.65714285714284,4.7092213295159586e-05,0.0,0.9781784486524453,0.4985918432583918,23923,0.5,0.99,0.009624426561727571,7.2621794825014865,0.6547337839136953,-0.018845503878496265,8.705540481857632,0.009624426561727571,0.6547337839136953,7.2621794825014865,1.0,4.7092213295159586e-05,4.7092213295159586e-05,0.0,0.4985918432583918,0.4985918432583918,0.0,0.9781784486524453,0.9781784486524453,0.0,0.0,0.0,0.0,0.0,0.705,39.3875,70.5375,6360.804,52,Walker2d-v5,6198,Agente_1
340.71186900138855,55,1316040,538.1327748694218,689.916008439565,147.89782495978866,229.6346153846154,4.7092213295159586e-05,0.0,0.9781784486524453,0.4985918432583918,23923,0.5,0.99,0.009750867447798203,7.280116828628208,0.6724188906990963,-0.011514840169769266,8.574989374824192,0.009750867447798203,0.6724188906990963,7.280116828628208,1.0,4.7092213295159586e-05,4.7092213295159586e-05,0.0,0.4985918432583918,0.4985918432583918,0.0,0.9781784486524453,0.9781784486524453,0.0,0.0,0.0,0.0,0.0,0.8709999999999999,34.12,68.33000000000001,6444.97,53,Walker2d-v5,6198,Agente_1
346.7388286590576,56,1339968,552.6608693377788,755.6009121327678,402.7980033723411,229.6509433962264,4.7092213295159586e-05,0.0,0.9781784486524453,0.4985918432583918,23923,0.5,0.99,0.009721338765767423,7.210432005965191,0.6649983421615933,-0.014831570130975351,8.755263010315273,0.009721338765767423,0.6649983421615933,7.210432005965191,1.0,4.7092213295159586e-05,4.7092213295159586e-05,0.0,0.4985918432583918,0.4985918432583918,0.0,0.9781784486524453,0.9781784486524453,0.0,0.0,0.0,0.0,0.0,0.59375,35.8625,61.4875,6438.074,54,Walker2d-v5,6198,Agente_1
354.0297100543976,57,1363896,556.9500577148135,711.8970851524451,118.4927233590905,235.64,4.7092213295159586e-05,0.0,0.9781784486524453,0.4985918432583918,23923,0.5,0.99,0.009790263872298016,7.175638639408609,0.6548168552958447,-0.013474789674839248,8.626770163619,0.009790263872298016,0.6548168552958447,7.175638639408609,1.0,4.7092213295159586e-05,4.7092213295159586e-05,0.0,0.4985918432583918,0.4985918432583918,0.0,0.9781784486524453,0.9781784486524453,0.0,0.0,0.0,0.0,0.0,0.531,40.290000000000006,64.97,6455.543,55,Walker2d-v5,6198,Agente_1
359.37300062179565,58,1387824,613.8201931674686,799.711218114157,77.38356186016901,245.92,4.7092213295159586e-05,0.0,0.9781784486524453,0.4985918432583918,23923,0.5,0.99,0.009971900740429734,6.780789589881897,0.6091939361199089,-0.01153877355441775,8.917042868033699,0.009971900740429734,0.6091939361199089,6.780789589881897,1.0,4.7092213295159586e-05,4.7092213295159586e-05,0.0,0.4985918432583918,0.4985918432583918,0.0,0.9781784486524453,0.9781784486524453,0.0,0.0,0.0,0.0,0.0,0.36124999999999996,31.6875,60.0375,5329.191,56,Walker2d-v5,6198,Agente_1
365.4535541534424,59,1411752,624.8233057135539,919.7278570888445,158.87387550040935,253.82,4.7092213295159586e-05,0.0,0.9781784486524453,0.4985918432583918,23923,0.5,0.99,0.009911652726251581,6.794083415943644,0.6580102470905884,-0.011307254842603984,8.874348274521205,0.009911652726251581,0.6580102470905884,6.794083415943644,1.0,4.7092213295159586e-05,4.7092213295159586e-05,0.0,0.4985918432583918,0.4985918432583918,0.0,0.9781784486524453,0.9781784486524453,0.0,0.0,0.0,0.0,0.0,0.5237499999999999,35.0375,63.9875,5697.378,57,Walker2d-v5,6198,Agente_1
372.9475243091583,60,1435680,620.8499945899428,829.3154691448614,145.25495950823648,246.64,4.7092213295159586e-05,0.0,0.9781784486524453,0.4985918432583918,23923,0.5,0.99,0.009588933385194927,6.775230036611142,0.6532895659622939,-0.011663247094206188,8.864422182414843,0.009588933385194927,0.6532895659622939,6.775230036611142,1.0,4.7092213295159586e-05,4.7092213295159586e-05,0.0,0.4985918432583918,0.4985918432583918,0.0,0.9781784486524453,0.9781784486524453,0.0,0.0,0.0,0.0,0.0,0.6327272727272727,40.19090909090909,65.8090909090909,6291.4,58,Walker2d-v5,6198,Agente_1
378.762610912323,61,1459608,616.7355708488111,782.8901180911121,475.63043597764465,238.3921568627451,4.7092213295159586e-05,0.0,0.9781784486524453,0.4985918432583918,23923,0.5,0.99,0.009482808493153836,6.761329234164694,0.6884789061287175,-0.01987925298390505,8.86409127401269,0.009482808493153836,0.6884789061287175,6.761329234164694,1.0,4.7092213295159586e-05,4.7092213295159586e-05,0.0,0.4985918432583918,0.4985918432583918,0.0,0.9781784486524453,0.9781784486524453,0.0,0.0,0.0,0.0,0.0,0.74875,43.675,70.19999999999999,6169.751,59,Walker2d-v5,6198,Agente_1
384.4498655796051,62,1483536,614.9972951991537,867.5876343466897,458.8888724338794,240.29,4.7092213295159586e-05,0.0,0.9781784486524453,0.4985918432583918,23923,0.5,0.99,0.010113824221132191,6.770692517446435,0.6304818569318108,-0.01914506404782119,8.877582503401715,0.010113824221132191,0.6304818569318108,6.770692517446435,1.0,4.7092213295159586e-05,4.7092213295159586e-05,0.0,0.4985918432583918,0.4985918432583918,0.0,0.9781784486524453,0.9781784486524453,0.0,0.0,0.0,0.0,0.0,0.72875,40.8875,70.41250000000001,6071.278,60,Walker2d-v5,6198,Agente_1
389.6688575744629,63,1507464,606.7062556629601,772.8257468359201,106.33264030301272,236.49514563106797,4.7092213295159586e-05,0.0,0.9781784486524453,0.4985918432583918,23923,0.5,0.99,0.01055065197558238,6.792008016420447,0.6122559480045153,-0.018064880622145923,8.920211067407028,0.01055065197558238,0.6122559480045153,6.792008016420447,1.0,4.7092213295159586e-05,4.7092213295159586e-05,0.0,0.4985918432583918,0.4985918432583918,0.0,0.9781784486524453,0.9781784486524453,0.0,0.0,0.0,0.0,0.0,0.8814285714285713,34.81428571428571,70.39999999999999,5927.428,61,Walker2d-v5,6198,Agente_1
395.2568578720093,64,1531392,611.5792505869509,755.9989379653057,442.7448610974289,234.36,4.7092213295159586e-05,0.0,0.9781784486524453,0.4985918432583918,23923,0.5,0.99,0.009470650219784306,6.816592076550359,0.6482136458158493,-0.015916431278152312,8.862245737988015,0.009470650219784306,0.6482136458158493,6.816592076550359,1.0,4.7092213295159586e-05,4.7092213295159586e-05,0.0,0.4985918432583918,0.4985918432583918,0.0,0.9781784486524453,0.9781784486524453,0.0,0.0,0.0,0.0,0.0,0.7012499999999999,37.25,67.125,5877.055,62,Walker2d-v5,6198,Agente_1
400.2519474029541,65,1555320,615.7098892356239,771.8697668952206,470.40245334725176,238.92079207920793,4.7092213295159586e-05,0.0,0.9781784486524453,0.4985918432583918,23923,0.5,0.99,0.009804741734615163,6.860390569852746,0.6168470619813256,-0.010485967479484238,8.859363576640254,0.009804741734615163,0.6168470619813256,6.860390569852746,1.0,4.7092213295159586e-05,4.7092213295159586e-05,0.0,0.4985918432583918,0.4985918432583918,0.0,0.9781784486524453,0.9781784486524453,0.0,0.0,0.0,0.0,0.0,0.7299999999999999,38.31428571428571,66.42857142857143,5765.177,63,Walker2d-v5,6198,Agente_1
406.4326910972595,66,1579248,604.3052845926355,839.1469291995844,364.50441498711183,236.86,4.7092213295159586e-05,0.0,0.9781784486524453,0.4985918432583918,23923,0.5,0.99,0.010792197490200519,6.730630407126053,0.5976109687400901,-0.01818919654166245,8.881401657021565,0.010792197490200519,0.5976109687400901,6.730630407126053,1.0,4.7092213295159586e-05,4.7092213295159586e-05,0.0,0.4985918432583918,0.4985918432583918,0.0,0.9781784486524453,0.9781784486524453,0.0,0.0,0.0,0.0,0.0,0.6022222222222222,37.45555555555555,61.044444444444444,5810.236,64,Walker2d-v5,6198,Agente_1
412.5938446521759,67,1603176,645.6733241208505,967.91988948325,476.14454209852926,238.0568181818182,4.7092213295159586e-05,0.0,0.9781784486524453,0.4985918432583918,23923,0.5,0.99,0.010882630679976748,6.450342670730922,0.6421289611121882,-0.01005088461401022,8.920549181233282,0.010882630679976748,0.6421289611121882,6.450342670730922,1.0,4.7092213295159586e-05,4.7092213295159586e-05,0.0,0.4985918432583918,0.4985918432583918,0.0,0.9781784486524453,0.9781784486524453,0.0,0.0,0.0,0.0,0.0,0.5877777777777778,32.855555555555554,66.01111111111112,6146.989,65,Walker2d-v5,6198,Agente_1
418.7016203403473,68,1627104,672.064585331603,967.91988948325,40.695965320529794,248.87,4.7092213295159586e-05,0.0,0.9781784486524453,0.4985918432583918,23923,0.5,0.99,0.01041131309411076,6.4691951990127565,0.6613879954037459,-0.01862145776293524,8.925461661297343,0.01041131309411076,0.6613879954037459,6.4691951990127565,1.0,4.7092213295159586e-05,4.7092213295159586e-05,0.0,0.4985918432583918,0.4985918432583918,0.0,0.9781784486524453,0.9781784486524453,0.0,0.0,0.0,0.0,0.0,0.5055555555555555,39.388888888888886,65.97777777777779,6122.082,66,Walker2d-v5,6198,Agente_1
424.37276673316956,69,1651032,669.1824586534639,865.1992581352958,470.0752833841455,249.88,4.7092213295159586e-05,0.0,0.9781784486524453,0.4985918432583918,23923,0.5,0.99,0.010054479242092424,6.520230890356976,0.6522427060033964,-0.01427972377480372,8.944657451173534,0.010054479242092424,0.6522427060033964,6.520230890356976,1.0,4.7092213295159586e-05,4.7092213295159586e-05,0.0,0.4985918432583918,0.4985918432583918,0.0,0.9781784486524453,0.9781784486524453,0.0,0.0,0.0,0.0,0.0,0.5371428571428571,44.6,68.08571428571429,5967.133,67,Walker2d-v5,6198,Agente_1
431.1468517780304,70,1674960,662.1313409027289,854.7664881755869,156.8256306206101,245.62,4.7092213295159586e-05,0.0,0.9781784486524453,0.4985918432583918,23923,0.5,0.99,0.009126869346294805,6.585231345632802,0.6568708479404449,-0.012617363410232507,8.981093891807225,0.009126869346294805,0.6568708479404449,6.585231345632802,1.0,4.7092213295159586e-05,4.7092213295159586e-05,0.0,0.4985918432583918,0.4985918432583918,0.0,0.9781784486524453,0.9781784486524453,0.0,0.0,0.0,0.0,0.0,0.8480000000000001,38.5,70.41,6164.521,68,Walker2d-v5,6198,Agente_1
438.0283136367798,71,1698888,662.1607348804346,855.5993590813022,120.99883593528453,242.96,4.7092213295159586e-05,0.0,0.9781784486524453,0.4985918432583918,23923,0.5,0.99,0.00961732696937954,6.553085897279822,0.608861756713494,-0.014698321323679842,8.960080951193104,0.00961732696937954,0.608861756713494,6.553085897279822,1.0,4.7092213295159586e-05,4.7092213295159586e-05,0.0,0.4985918432583918,0.4985918432583918,0.0,0.9781784486524453,0.9781784486524453,0.0,0.0,0.0,0.0,0.0,0.7211111111111111,35.86666666666667,70.46666666666665,6305.042,69,Walker2d-v5,6198,Agente_1
444.544780254364,72,1722816,669.6892362947249,811.4512645176707,508.2919071419262,247.2058823529412,4.7092213295159586e-05,0.0,0.9781784486524453,0.4985918432583918,23923,0.5,0.99,0.010448185088054505,6.530257347355718,0.608699485141298,-0.02114171891108803,8.882453729795373,0.010448185088054505,0.608699485141298,6.530257347355718,1.0,4.7092213295159586e-05,4.7092213295159586e-05,0.0,0.4985918432583918,0.4985918432583918,0.0,0.9781784486524453,0.9781784486524453,0.0,0.0,0.0,0.0,0.0,0.682,39.65,70.41,6338.088,70,Walker2d-v5,6198,Agente_1
450.0803642272949,73,1746744,666.9854474672636,894.0479474008449,453.6943219095556,244.24,4.7092213295159586e-05,0.0,0.9781784486524453,0.4985918432583918,23923,0.5,0.99,0.010953508336383097,6.54201979637146,0.56423884526543,-0.019065796589964757,8.901065587997437,0.010953508336383097,0.56423884526543,6.54201979637146,1.0,4.7092213295159586e-05,4.7092213295159586e-05,0.0,0.4985918432583918,0.4985918432583918,0.0,0.9781784486524453,0.9781784486524453,0.0,0.0,0.0,0.0,0.0,0.5900000000000001,37.833333333333336,65.02222222222223,6222.17,71,Walker2d-v5,6198,Agente_1
456.19454550743103,74,1770672,643.6503946870771,787.4838782422936,23.16314808751918,235.7450980392157,4.7092213295159586e-05,0.0,0.9781784486524453,0.4985918432583918,23923,0.5,0.99,0.011093311335444805,6.526698015047156,0.5407892947611601,-0.020479363028931878,9.009949661337812,0.011093311335444805,0.5407892947611601,6.526698015047156,1.0,4.7092213295159586e-05,4.7092213295159586e-05,0.0,0.4985918432583918,0.4985918432583918,0.0,0.9781784486524453,0.9781784486524453,0.0,0.0,0.0,0.0,0.0,0.4925,42.2875,69.8375,6207.087,72,Walker2d-v5,6198,Agente_1
461.47777032852173,75,1794600,657.579103640129,897.3586473163391,282.3142108113188,243.87,4.7092213295159586e-05,0.0,0.9781784486524453,0.4985918432583918,23923,0.5,0.99,0.01001656375817971,6.459791510001473,0.5022009889716688,-0.012915766773664433,8.980031697646432,0.01001656375817971,0.5022009889716688,6.459791510001473,1.0,4.7092213295159586e-05,4.7092213295159586e-05,0.0,0.4985918432583918,0.4985918432583918,0.0,0.9781784486524453,0.9781784486524453,0.0,0.0,0.0,0.0,0.0,0.91375,29.625,67.075,6103.253,73,Walker2d-v5,6198,Agente_1
467.6447193622589,76,1818528,718.1036908231888,1094.0557565307788,549.7017063848496,257.17105263157896,4.7092213295159586e-05,0.0,0.9781784486524453,0.4985918432583918,23923,0.5,0.99,0.011062518819982041,6.321040085087652,0.5834034267974937,-0.01523715119059805,9.110492498978324,0.011062518819982041,0.5834034267974937,6.321040085087652,1.0,4.7092213295159586e-05,4.7092213295159586e-05,0.0,0.4985918432583918,0.4985918432583918,0.0,0.9781784486524453,0.9781784486524453,0.0,0.0,0.0,0.0,0.0,0.4911111111111111,32.48888888888889,60.82222222222222,6153.683,74,Walker2d-v5,6198,Agente_1
475.03598976135254,77,1842456,722.756586185509,1025.6512825427956,544.2081956773833,259.46,4.7092213295159586e-05,0.0,0.9781784486524453,0.4985918432583918,23923,0.5,0.99,0.01030954490515401,6.349998897054921,0.6515321083690809,-0.014208824134877195,8.957141536215078,0.01030954490515401,0.6515321083690809,6.349998897054921,1.0,4.7092213295159586e-05,4.7092213295159586e-05,0.0,0.4985918432583918,0.4985918432583918,0.0,0.9781784486524453,0.9781784486524453,0.0,0.0,0.0,0.0,0.0,0.45099999999999996,41.269999999999996,65.76999999999998,6766.394,75,Walker2d-v5,6198,Agente_1
482.1350407600403,78,1866384,721.7801713425829,918.9836870531653,481.66011421683646,257.23,4.7092213295159586e-05,0.0,0.9781784486524453,0.4985918432583918,23923,0.5,0.99,0.009722638402032,6.392207370633664,0.6008630879547285,-0.015085145361397578,8.892375925312871,0.009722638402032,0.6008630879547285,6.392207370633664,1.0,4.7092213295159586e-05,4.7092213295159586e-05,0.0,0.4985918432583918,0.4985918432583918,0.0,0.9781784486524453,0.9781784486524453,0.0,0.0,0.0,0.0,0.0,0.556,39.849999999999994,69.03,6874.123,76,Walker2d-v5,6198,Agente_1
488.3582262992859,79,1890312,714.0842694364457,1054.2992044098241,505.5263079151007,252.18,4.7092213295159586e-05,0.0,0.9781784486524453,0.4985918432583918,23923,0.5,0.99,0.010410893659726476,6.278431768002718,0.6472539888775867,-0.017517661117017268,8.902751914314601,0.010410893659726476,0.6472539888775867,6.278431768002718,1.0,4.7092213295159586e-05,4.7092213295159586e-05,0.0,0.4985918432583918,0.4985918432583918,0.0,0.9781784486524453,0.9781784486524453,0.0,0.0,0.0,0.0,0.0,0.8811111111111111,36.0,68.95555555555555,6706.712,77,Walker2d-v5,6198,Agente_1
495.05605840682983,80,1914240,696.5445541467362,880.883890519193,96.20825533633983,249.82,4.7092213295159586e-05,0.0,0.9781784486524453,0.4985918432583918,23923,0.5,0.99,0.011277633800162458,6.277354006145312,0.6359933591407279,-0.01872310762334129,8.981042542664902,0.011277633800162458,0.6359933591407279,6.277354006145312,1.0,4.7092213295159586e-05,4.7092213295159586e-05,0.0,0.4985918432583918,0.4985918432583918,0.0,0.9781784486524453,0.9781784486524453,0.0,0.0,0.0,0.0,0.0,0.4822222222222222,36.14444444444445,62.24444444444444,6702.754,78,Walker2d-v5,6198,Agente_1
501.4643542766571,81,1938168,695.5893691253207,974.5562589680848,33.22138274646135,247.56,4.7092213295159586e-05,0.0,0.9781784486524453,0.4985918432583918,23923,0.5,0.99,0.010113687961171782,6.326117749836134,0.612118074297905,-0.01089313112847183,8.959688993122267,0.010113687961171782,0.612118074297905,6.326117749836134,1.0,4.7092213295159586e-05,4.7092213295159586e-05,0.0,0.4985918432583918,0.4985918432583918,0.0,0.9781784486524453,0.9781784486524453,0.0,0.0,0.0,0.0,0.0,0.5822222222222222,34.388888888888886,62.94444444444444,6651.879,79,Walker2d-v5,6198,Agente_1
507.3320345878601,82,1962096,751.4496771071068,947.0877608093949,558.7558544250433,258.75342465753425,4.7092213295159586e-05,0.0,0.9781784486524453,0.4985918432583918,23923,0.5,0.99,0.01247388354158458,6.011904379595881,0.6017381718625193,-0.01997226630742459,8.982732148792433,0.01247388354158458,0.6017381718625193,6.011904379595881,1.0,4.7092213295159586e-05,4.7092213295159586e-05,0.0,0.4985918432583918,0.4985918432583918,0.0,0.9781784486524453,0.9781784486524453,0.0,0.0,0.0,0.0,0.0,0.7144444444444444,28.977777777777778,63.07777777777777,5856.547,80,Walker2d-v5,6198,Agente_1
513.4288668632507,83,1986024,762.6638730340362,1058.9805749186607,507.22484941062584,263.95,4.7092213295159586e-05,0.0,0.9781784486524453,0.4985918432583918,23923,0.5,0.99,0.010778132211643147,6.244662828030793,0.6844473531712656,-0.01730478931542324,8.896103207961373,0.010778132211643147,0.6844473531712656,6.244662828030793,1.0,4.7092213295159586e-05,4.7092213295159586e-05,0.0,0.4985918432583918,0.4985918432583918,0.0,0.9781784486524453,0.9781784486524453,0.0,0.0,0.0,0.0,0.0,0.34750000000000003,45.2625,60.1875,5969.94,81,Walker2d-v5,6198,Agente_1
519.8496136665344,84,2009952,753.7690071686297,1029.493613373875,533.5877051132359,257.82,4.7092213295159586e-05,0.0,0.9781784486524453,0.4985918432583918,23923,0.5,0.99,0.011609229449063802,6.081846278646718,0.661449155341024,-0.014465850559265718,9.014384920700737,0.011609229449063802,0.661449155341024,6.081846278646718,1.0,4.7092213295159586e-05,4.7092213295159586e-05,0.0,0.4985918432583918,0.4985918432583918,0.0,0.9781784486524453,0.9781784486524453,0.0,0.0,0.0,0.0,0.0,0.49222222222222217,41.78888888888889,68.27777777777777,6115.676,82,Walker2d-v5,6198,Agente_1
9.629068613052368,1,32688,-1.286036709385531,36.09516311145942,-16.011682520977587,18.42018244013683,1.2925721404593822e-05,0.0,0.9141013125991718,0.18639745119683085,32686,0.5,0.99,0.008624755814930217,8.50165778266059,0.16677354441748726,-0.026501350736777698,4.4963255685473245,0.008624755814930217,0.16677354441748726,8.50165778266059,1.0,1.2925721404593822e-05,1.2925721404593822e-05,0.0,0.18639745119683085,0.18639745119683085,0.0,0.9141013125991718,0.9141013125991718,0.0,0.0,0.0,0.0,0.0,0.3721428571428572,41.942857142857136,69.4,9595.392,0,Walker2d-v5,6198,Agente_2
17.64047884941101,2,65376,1.228920532806731,47.94965629018547,-15.777061855762486,21.214471968709258,1.2925721404593822e-05,0.0,0.9141013125991718,0.18639745119683085,32686,0.5,0.99,0.011312532693535734,8.460281880696614,0.334016209746164,-0.03276198200940613,4.503269380614871,0.011312532693535734,0.334016209746164,8.460281880696614,1.0,1.2925721404593822e-05,1.2925721404593822e-05,0.0,0.18639745119683085,0.18639745119683085,0.0,0.9141013125991718,0.9141013125991718,0.0,0.0,0.0,0.0,0.0,0.6936363636363637,37.154545454545456,71.58181818181819,8790.094,1,Walker2d-v5,6198,Agente_2
27.76208758354187,3,98064,4.785981421107803,113.56267848001987,-14.576153000382424,26.155324259407525,1.2925721404593822e-05,0.0,0.9141013125991718,0.18639745119683085,32686,0.5,0.99,0.01121105908007376,8.412294852544392,0.3726250033529978,-0.0359083825249284,5.0394950404999745,0.01121105908007376,0.3726250033529978,8.412294852544392,1.0,1.2925721404593822e-05,1.2925721404593822e-05,0.0,0.18639745119683085,0.18639745119683085,0.0,0.9141013125991718,0.9141013125991718,0.0,0.0,0.0,0.0,0.0,0.66,42.0,71.77142857142857,9227.024,2,Walker2d-v5,6198,Agente_2
35.51327657699585,4,130752,10.786872725667555,123.167955892657,-24.3485379029516,35.758810572687224,1.2925721404593822e-05,0.0,0.9141013125991718,0.18639745119683085,32686,0.5,0.99,0.010364706634046018,8.359141234746055,0.39831304105501325,-0.02495561788775145,5.939480483342731,0.010364706634046018,0.39831304105501325,8.359141234746055,1.0,1.2925721404593822e-05,1.2925721404593822e-05,0.0,0.18639745119683085,0.18639745119683085,0.0,0.9141013125991718,0.9141013125991718,0.0,0.0,0.0,0.0,0.0,0.6490909090909092,42.65454545454545,71.75454545454546,8852.906,3,Walker2d-v5,6198,Agente_2
43.070215702056885,5,163440,19.649538205765655,187.3261925409793,-18.376877338442878,49.221374045801525,1.2925721404593822e-05,0.0,0.9141013125991718,0.18639745119683085,32686,0.5,0.99,0.009356120187632258,8.300324520232186,0.42292906623038035,-0.027175704401636882,6.719483318782988,0.009356120187632258,0.42292906623038035,8.300324520232186,1.0,1.2925721404593822e-05,1.2925721404593822e-05,0.0,0.18639745119683085,0.18639745119683085,0.0,0.9141013125991718,0.9141013125991718,0.0,0.0,0.0,0.0,0.0,0.898,34.26,71.68,8571.194,4,Walker2d-v5,6198,Agente_2
51.05554556846619,6,196128,36.455990206239676,304.05670433252226,-16.380135770450963,69.64224137931035,1.2925721404593822e-05,0.0,0.9141013125991718,0.18639745119683085,32686,0.5,0.99,0.008347322457542305,8.222452021402026,0.46508267682696147,-0.022537275013469513,7.481048367515442,0.008347322457542305,0.46508267682696147,8.222452021402026,1.0,1.2925721404593822e-05,1.2925721404593822e-05,0.0,0.18639745119683085,0.18639745119683085,0.0,0.9141013125991718,0.9141013125991718,0.0,0.0,0.0,0.0,0.0,0.6363636363636362,42.663636363636364,71.71818181818183,8471.442,5,Walker2d-v5,6198,Agente_2
48.54964876174927,31,160648,220.3226053334713,246.03991401165234,194.60529665529023,115.0,0.00010747485066924504,0.0,0.9511526203351504,0.4736236535276691,4168,0.5,0.99,0.010161867478564488,7.607821470499038,-1.0,-0.029335890151560306,8.66805613040924,0.010161867478564488,-1.0,7.607821470499038,1.0,0.00010747485066924504,0.00010747485066924504,0.0,0.4736236535276691,0.4736236535276691,0.0,0.9511526203351504,0.9511526203351504,0.0,0.0,0.0,0.0,0.0,0.52,17.2,68.4,1368.147,6,Walker2d-v5,6198,Agente_2
49.51158857345581,32,164816,299.41996246345985,396.03532969318354,194.60529665529023,172.6060606060606,0.00010747485066924504,0.0,0.9511526203351504,0.4736236535276691,4168,0.5,0.99,0.009746408455430355,7.978806430101395,-0.13802616521716118,-0.030605493602342902,7.249840086698532,0.009746408455430355,-0.13802616521716118,7.978806430101395,1.0,0.00010747485066924504,0.00010747485066924504,0.0,0.4736236535276691,0.4736236535276691,0.0,0.9511526203351504,0.9511526203351504,0.0,0.0,0.0,0.0,0.0,0.61,29.7,60.5,1159.025,7,Walker2d-v5,6198,Agente_2
50.64402103424072,33,168984,304.3678775099754,396.03532969318354,194.60529665529023,175.3,0.00010747485066924504,0.0,0.9511526203351504,0.4736236535276691,4168,0.5,0.99,0.009555451397318393,7.885783755779267,0.14320888221263886,-0.024116337310988455,7.345533418655395,0.009555451397318393,0.14320888221263886,7.885783755779267,1.0,0.00010747485066924504,0.00010747485066924504,0.0,0.4736236535276691,0.4736236535276691,0.0,0.9511526203351504,0.9511526203351504,0.0,0.0,0.0,0.0,0.0,0.25,39.5,54.1,1145.858,8,Walker2d-v5,6198,Agente_2
51.92066931724548,34,173152,302.5675852514121,479.0483162566471,126.3653270832972,176.5205479452055,0.00010747485066924504,0.0,0.9511526203351504,0.4736236535276691,4168,0.5,0.99,0.009017815803417761,7.69675013422966,0.12307334169745446,-0.022264806315070017,8.062243914604187,0.009017815803417761,0.12307334169745446,7.69675013422966,1.0,0.00010747485066924504,0.00010747485066924504,0.0,0.4736236535276691,0.4736236535276691,0.0,0.9511526203351504,0.9511526203351504,0.0,0.0,0.0,0.0,0.0,0.18000000000000002,37.25,56.849999999999994,1175.373,9,Walker2d-v5,6198,Agente_2
52.93644404411316,35,177320,307.5290274283985,479.0483162566471,126.3653270832972,180.20618556701032,0.00010747485066924504,0.0,0.9511526203351504,0.4736236535276691,4168,0.5,0.99,0.00777977218003798,7.874730396270752,0.0321036621928215,-0.024189584283158184,6.8404998779296875,0.00777977218003798,0.0321036621928215,7.874730396270752,1.0,0.00010747485066924504,0.00010747485066924504,0.0,0.4736236535276691,0.4736236535276691,0.0,0.9511526203351504,0.9511526203351504,0.0,0.0,0.0,0.0,0.0,0.47,28.65,56.7,1141.578,10,Walker2d-v5,6198,Agente_2
53.6970100402832,36,181488,309.5560974579655,479.0483162566471,126.3653270832972,181.42,0.00010747485066924504,0.0,0.9511526203351504,0.4736236535276691,4168,0.5,0.99,0.01067929594692032,7.8528172135353085,0.06673649623990059,-0.028187978686764835,6.8173278093338014,0.01067929594692032,0.06673649623990059,7.8528172135353085,1.0,0.00010747485066924504,0.00010747485066924504,0.0,0.4736236535276691,0.4736236535276691,0.0,0.9511526203351504,0.9511526203351504,0.0,0.0,0.0,0.0,0.0,0.48,25.1,52.5,1076.592,11,Walker2d-v5,6198,Agente_2
54.91464447975159,37,185656,308.27971281110587,479.0483162566471,126.3653270832972,180.71,0.00010747485066924504,0.0,0.9511526203351504,0.4736236535276691,4168,0.5,0.99,0.008102915516064967,7.763529187440872,0.23597112894058228,-0.01905921841971576,7.121548384428024,0.008102915516064967,0.23597112894058228,7.763529187440872,1.0,0.00010747485066924504,0.00010747485066924504,0.0,0.4736236535276691,0.4736236535276691,0.0,0.9511526203351504,0.9511526203351504,0.0,0.0,0.0,0.0,0.0,0.175,36.15,54.4,1094.857,12,Walker2d-v5,6198,Agente_2
56.395888566970825,38,189824,313.1900273041659,479.0483162566471,216.9053184273134,183.93,0.00010747485066924504,0.0,0.9511526203351504,0.4736236535276691,4168,0.5,0.99,0.011434712964182836,7.7907831311225895,0.3458665706217289,-0.03321501817554236,7.16203943490982,0.011434712964182836,0.3458665706217289,7.7907831311225895,1.0,0.00010747485066924504,0.00010747485066924504,0.0,0.4736236535276691,0.4736236535276691,0.0,0.9511526203351504,0.9511526203351504,0.0,0.0,0.0,0.0,0.0,0.14,45.45,56.95,1141.734,13,Walker2d-v5,6198,Agente_2
57.26859951019287,39,193992,310.3970796149528,452.89335058449234,153.81702943504627,183.87,0.00010747485066924504,0.0,0.9511526203351504,0.4736236535276691,4168,0.5,0.99,0.010128716991221153,7.843650281429291,0.27015585228800776,-0.03196178501239046,6.436040127277375,0.010128716991221153,0.27015585228800776,7.843650281429291,1.0,0.00010747485066924504,0.00010747485066924504,0.0,0.4736236535276691,0.4736236535276691,0.0,0.9511526203351504,0.9511526203351504,0.0,0.0,0.0,0.0,0.0,0.05,28.8,58.8,1110.745,14,Walker2d-v5,6198,Agente_2
58.15936827659607,40,198160,311.7820243405429,477.18064316376586,153.81702943504627,184.63,0.00010747485066924504,0.0,0.9511526203351504,0.4736236535276691,4168,0.5,0.99,0.008807146107255904,7.930611085891724,0.26141346246004105,-0.019692543777637184,6.673395013809204,0.008807146107255904,0.26141346246004105,7.930611085891724,1.0,0.00010747485066924504,0.00010747485066924504,0.0,0.4736236535276691,0.4736236535276691,0.0,0.9511526203351504,0.9511526203351504,0.0,0.0,0.0,0.0,0.0,0.05,18.9,60.4,1087.427,15,Walker2d-v5,6198,Agente_2
59.31003379821777,41,202328,312.07580099888577,477.18064316376586,153.81702943504627,184.95,0.00010747485066924504,0.0,0.9511526203351504,0.4736236535276691,4168,0.5,0.99,0.008012873963889434,7.8308886110782625,0.3096811532974243,-0.01715142435859889,6.844511938095093,0.008012873963889434,0.3096811532974243,7.8308886110782625,1.0,0.00010747485066924504,0.00010747485066924504,0.0,0.4736236535276691,0.4736236535276691,0.0,0.9511526203351504,0.9511526203351504,0.0,0.0,0.0,0.0,0.0,0.28500000000000003,27.05,61.45,1064.796,16,Walker2d-v5,6198,Agente_2
60.79657053947449,42,206496,311.47600551054296,477.18064316376586,153.81702943504627,185.33,0.00010747485066924504,0.0,0.9511526203351504,0.4736236535276691,4168,0.5,0.99,0.008294069834573748,7.902264088392258,0.3474086903035641,-0.02181354073109105,6.856551158428192,0.008294069834573748,0.3474086903035641,7.902264088392258,1.0,0.00010747485066924504,0.00010747485066924504,0.0,0.4736236535276691,0.4736236535276691,0.0,0.9511526203351504,0.9511526203351504,0.0,0.0,0.0,0.0,0.0,0.08,40.8,62.85,1116.946,17,Walker2d-v5,6198,Agente_2
62.3302206993103,43,210664,,,,,0.00010747485066924504,0.0,0.9511526203351504,0.4736236535276691,4168,0.5,0.99,0.007114011282465587,7.573079460859299,-0.9888968750834465,-0.013113809004426002,6.014304202795029,0.007114011282465587,-0.9888968750834465,7.573079460859299,1.0,0.00010747485066924504,0.00010747485066924504,0.0,0.4736236535276691,0.4736236535276691,0.0,0.9511526203351504,0.9511526203351504,0.0,0.0,0.0,0.0,0.0,0.4566666666666667,31.0,69.66666666666667,1521.387,18,Walker2d-v5,6198,Agente_2
63.716188192367554,44,214832,306.7360065797445,400.3323840418835,251.9560963897558,176.59375,0.00010747485066924504,0.0,0.9511526203351504,0.4736236535276691,4168,0.5,0.99,0.009481795285410044,8.034060221910476,0.425724957883358,-0.019608614756725727,6.09283236861229,0.009481795285410044,0.425724957883358,8.034060221910476,1.0,0.00010747485066924504,0.00010747485066924504,0.0,0.4736236535276691,0.4736236535276691,0.0,0.9511526203351504,0.9511526203351504,0.0,0.0,0.0,0.0,0.0,0.625,40.2,70.05,1446.802,19,Walker2d-v5,6198,Agente_2
64.72465586662292,45,219000,301.12115762446365,400.3323840418835,123.42023960545464,174.4561403508772,0.00010747485066924504,0.0,0.9511526203351504,0.4736236535276691,4168,0.5,0.99,0.011038197640209546,8.003157925605773,0.39809281155467036,-0.023666111961938442,6.554585701227188,0.011038197640209546,0.39809281155467036,8.003157925605773,1.0,0.00010747485066924504,0.00010747485066924504,0.0,0.4736236535276691,0.4736236535276691,0.0,0.9511526203351504,0.9511526203351504,0.0,0.0,0.0,0.0,0.0,0.76,33.3,70.1,1297.079,20,Walker2d-v5,6198,Agente_2
66.21875953674316,46,223168,307.74303912996123,422.9049271688848,123.42023960545464,178.7027027027027,0.00010747485066924504,0.0,0.9511526203351504,0.4736236535276691,4168,0.5,0.99,0.008763050117840976,7.812935107946396,0.5459610633552074,-0.02207380556501448,6.627758502960205,0.008763050117840976,0.5459610633552074,7.812935107946396,1.0,0.00010747485066924504,0.00010747485066924504,0.0,0.4736236535276691,0.4736236535276691,0.0,0.9511526203351504,0.9511526203351504,0.0,0.0,0.0,0.0,0.0,0.5833333333333334,38.9,70.63333333333334,1341.657,21,Walker2d-v5,6198,Agente_2
67.5314393043518,47,227336,309.8505262838665,423.90681453472126,123.42023960545464,179.83333333333334,0.00010747485066924504,0.0,0.9511526203351504,0.4736236535276691,4168,0.5,0.99,0.00802689277202262,7.891589790582657,0.4140556141734123,-0.020348800148349257,6.32046211361885,0.00802689277202262,0.4140556141734123,7.891589790582657,1.0,0.00010747485066924504,0.00010747485066924504,0.0,0.4736236535276691,0.4736236535276691,0.0,0.9511526203351504,0.9511526203351504,0.0,0.0,0.0,0.0,0.0,0.81,41.9,70.8,1334.011,22,Walker2d-v5,6198,Agente_2
68.56938004493713,48,231504,312.1581746066764,423.90681453472126,123.42023960545464,181.51,0.00010747485066924504,0.0,0.9511526203351504,0.4736236535276691,4168,0.5,0.99,0.007778045690611179,7.826580744981766,0.43673165142536163,-0.008249538211384789,6.272356623411179,0.007778045690611179,0.43673165142536163,7.826580744981766,1.0,0.00010747485066924504,0.00010747485066924504,0.0,0.4736236535276691,0.4736236535276691,0.0,0.9511526203351504,0.9511526203351504,0.0,0.0,0.0,0.0,0.0,0.89,29.6,70.8,1283.112,23,Walker2d-v5,6198,Agente_2
69.73008894920349,49,235672,312.42302390190974,423.90681453472126,123.42023960545464,182.14,0.00010747485066924504,0.0,0.9511526203351504,0.4736236535276691,4168,0.5,0.99,0.008540344036759961,7.94946802854538,0.45904372856020925,-0.019071692088618874,6.017898017168045,0.008540344036759961,0.45904372856020925,7.94946802854538,1.0,0.00010747485066924504,0.00010747485066924504,0.0,0.4736236535276691,0.4736236535276691,0.0,0.9511526203351504,0.9511526203351504,0.0,0.0,0.0,0.0,0.0,0.79,29.150000000000002,70.85,1264.289,24,Walker2d-v5,6198,Agente_2
70.96443748474121,50,239840,321.97067587697154,621.052724247244,225.51766787600167,188.35,0.00010747485066924504,0.0,0.9511526203351504,0.4736236535276691,4168,0.5,0.99,0.00987915925879861,7.747149974107742,0.4999345526099205,-0.02343260607449338,6.491536152362824,0.00987915925879861,0.4999345526099205,7.747149974107742,1.0,0.00010747485066924504,0.00010747485066924504,0.0,0.4736236535276691,0.4736236535276691,0.0,0.9511526203351504,0.9511526203351504,0.0,0.0,0.0,0.0,0.0,0.99,34.3,70.8,1259.411,25,Walker2d-v5,6198,Agente_2
72.37229943275452,51,244008,322.13651662589893,621.052724247244,225.51766787600167,188.53,0.00010747485066924504,0.0,0.9511526203351504,0.4736236535276691,4168,0.5,0.99,0.007605074981506732,7.799162346124649,0.5690473638474941,-0.016792451008223,5.849479818344117,0.007605074981506732,0.5690473638474941,7.799162346124649,1.0,0.00010747485066924504,0.00010747485066924504,0.0,0.4736236535276691,0.4736236535276691,0.0,0.9511526203351504,0.9511526203351504,0.0,0.0,0.0,0.0,0.0,0.49666666666666665,35.46666666666666,70.83333333333333,1274.729,26,Walker2d-v5,6198,Agente_2
73.62573456764221,52,248176,323.2512842344546,621.052724247244,225.51766787600167,189.32,0.00010747485066924504,0.0,0.9511526203351504,0.4736236535276691,4168,0.5,0.99,0.007610026918882795,7.814191591739655,0.533019008487463,-0.014538361760787665,5.892722260951996,0.007610026918882795,0.533019008487463,7.814191591739655,1.0,0.00010747485066924504,0.00010747485066924504,0.0,0.4736236535276691,0.4736236535276691,0.0,0.9511526203351504,0.9511526203351504,0.0,0.0,0.0,0.0,0.0,0.23,46.9,70.9,1271.704,27,Walker2d-v5,6198,Agente_2
77.3411693572998,55,260680,,,,,0.00010747485066924504,0.0,0.9511526203351504,0.4736236535276691,4168,0.5,0.99,0.0072308649781923275,7.455067855119705,-0.8418300725519657,-0.007915564673021435,4.633742570877075,0.0072308649781923275,-0.8418300725519657,7.455067855119705,1.0,0.00010747485066924504,0.00010747485066924504,0.0,0.4736236535276691,0.4736236535276691,0.0,0.9511526203351504,0.9511526203351504,0.0,0.0,0.0,0.0,0.0,0.3,18.6,52.85,1241.777,28,Walker2d-v5,6198,Agente_2
78.4424102306366,56,264848,312.4511536488288,368.122952754523,254.73411040555177,178.0625,0.00010747485066924504,0.0,0.9511526203351504,0.4736236535276691,4168,0.5,0.99,0.007199834210587142,8.0056420981884,0.6825626827776432,-0.014035321213304997,5.021751052141189,0.007199834210587142,0.6825626827776432,8.0056420981884,1.0,0.00010747485066924504,0.00010747485066924504,0.0,0.4736236535276691,0.4736236535276691,0.0,0.9511526203351504,0.9511526203351504,0.0,0.0,0.0,0.0,0.0,0.11499999999999999,25.299999999999997,54.150000000000006,1165.512,29,Walker2d-v5,6198,Agente_2
79.59445357322693,57,269016,311.24294773947435,368.122952754523,254.73411040555177,177.31578947368422,0.00010747485066924504,0.0,0.9511526203351504,0.4736236535276691,4168,0.5,0.99,0.008017981715738642,7.699030941724777,0.7193960472941399,-0.020128510822542012,5.761747074127197,0.008017981715738642,0.7193960472941399,7.699030941724777,1.0,0.00010747485066924504,0.00010747485066924504,0.0,0.4736236535276691,0.4736236535276691,0.0,0.9511526203351504,0.9511526203351504,0.0,0.0,0.0,0.0,0.0,0.27,35.5,56.9,1157.337,30,Walker2d-v5,6198,Agente_2
80.73587203025818,58,273184,314.62592373222236,432.0367237806238,254.73411040555177,179.4,0.00010747485066924504,0.0,0.9511526203351504,0.4736236535276691,4168,0.5,0.99,0.008413073551309935,7.614554625749588,0.7468500852584838,-0.019190658850129695,4.714829543232918,0.008413073551309935,0.7468500852584838,7.614554625749588,1.0,0.00010747485066924504,0.00010747485066924504,0.0,0.4736236535276691,0.4736236535276691,0.0,0.9511526203351504,0.9511526203351504,0.0,0.0,0.0,0.0,0.0,0.64,38.6,58.6,1151.061,31,Walker2d-v5,6198,Agente_2
81.56664896011353,59,277352,313.6189075439167,432.0367237806238,254.73411040555177,178.3469387755102,0.00010747485066924504,0.0,0.9511526203351504,0.4736236535276691,4168,0.5,0.99,0.010281386571841722,7.823854231834412,0.750865887850523,-0.019245431560557337,4.406286516785622,0.010281386571841722,0.750865887850523,7.823854231834412,1.0,0.00010747485066924504,0.00010747485066924504,0.0,0.4736236535276691,0.4736236535276691,0.0,0.9511526203351504,0.9511526203351504,0.0,0.0,0.0,0.0,0.0,0.5549999999999999,25.700000000000003,60.05,1085.343,32,Walker2d-v5,6198,Agente_2
82.8076229095459,60,281520,316.6910056159934,432.0367237806238,254.06552544372596,180.58,0.00010747485066924504,0.0,0.9511526203351504,0.4736236535276691,4168,0.5,0.99,0.010364147069594765,7.869899237155915,0.7876368783414364,-0.0250054050819017,4.607799163460731,0.010364147069594765,0.7876368783414364,7.869899237155915,1.0,0.00010747485066924504,0.00010747485066924504,0.0,0.4736236535276691,0.4736236535276691,0.0,0.9511526203351504,0.9511526203351504,0.0,0.0,0.0,0.0,0.0,0.87,39.4,60.9,1109.789,33,Walker2d-v5,6198,Agente_2
83.7116003036499,61,285688,319.91366601632967,447.9501538418832,254.06552544372596,183.78,0.00010747485066924504,0.0,0.9511526203351504,0.4736236535276691,4168,0.5,0.99,0.009379872991485173,7.762841427326203,0.8010132730007171,-0.020971290313173085,4.406459873914718,0.009379872991485173,0.8010132730007171,7.762841427326203,1.0,0.00010747485066924504,0.00010747485066924504,0.0,0.4736236535276691,0.4736236535276691,0.0,0.9511526203351504,0.9511526203351504,0.0,0.0,0.0,0.0,0.0,0.54,27.35,59.95,1078.278,34,Walker2d-v5,6198,Agente_2
84.85997676849365,62,289856,321.5480053985138,447.9501538418832,253.58502523447336,184.81,0.00010747485066924504,0.0,0.9511526203351504,0.4736236535276691,4168,0.5,0.99,0.010099108231588615,7.760356712341308,0.828203771263361,-0.023207111039664597,4.306186956167221,0.010099108231588615,0.828203771263361,7.760356712341308,1.0,0.00010747485066924504,0.00010747485066924504,0.0,0.4736236535276691,0.4736236535276691,0.0,0.9511526203351504,0.9511526203351504,0.0,0.0,0.0,0.0,0.0,0.22,41.2,58.3,1085.34,35,Walker2d-v5,6198,Agente_2
86.1645233631134,63,294024,321.73790659678207,447.9501538418832,127.06320987172221,187.64,0.00010747485066924504,0.0,0.9511526203351504,0.4736236535276691,4168,0.5,0.99,0.00980745057167951,7.992238485813141,0.7624420315027237,-0.028165993606671692,5.0161759674549105,0.00980745057167951,0.7624420315027237,7.992238485813141,1.0,0.00010747485066924504,0.00010747485066924504,0.0,0.4736236535276691,0.4736236535276691,0.0,0.9511526203351504,0.9511526203351504,0.0,0.0,0.0,0.0,0.0,0.16499999999999998,41.15,57.8,1108.076,36,Walker2d-v5,6198,Agente_2
87.52279138565063,64,298192,320.3188831457014,447.9501538418832,127.06320987172221,186.76,0.00010747485066924504,0.0,0.9511526203351504,0.4736236535276691,4168,0.5,0.99,0.010409425659963745,7.785270822048187,0.8107557952404022,-0.02344159798230976,4.4675923645496365,0.010409425659963745,0.8107557952404022,7.785270822048187,1.0,0.00010747485066924504,0.00010747485066924504,0.0,0.4736236535276691,0.4736236535276691,0.0,0.9511526203351504,0.9511526203351504,0.0,0.0,0.0,0.0,0.0,0.77,45.65,61.8,1131.948,37,Walker2d-v5,6198,Agente_2
88.61802744865417,65,302360,322.3595004949322,447.9501538418832,127.06320987172221,187.95,0.00010747485066924504,0.0,0.9511526203351504,0.4736236535276691,4168,0.5,0.99,0.008980862697717385,7.673672240972519,0.794395773857832,-0.025293972389772535,3.689858701825142,0.008980862697717385,0.794395773857832,7.673672240972519,1.0,0.00010747485066924504,0.00010747485066924504,0.0,0.4736236535276691,0.4736236535276691,0.0,0.9511526203351504,0.9511526203351504,0.0,0.0,0.0,0.0,0.0,0.43,40.35,65.85,1115.998,38,Walker2d-v5,6198,Agente_2
90.33125925064087,66,306528,319.18385890958945,419.6597495111595,127.06320987172221,185.29,0.00010747485066924504,0.0,0.9511526203351504,0.4736236535276691,4168,0.5,0.99,0.009746433897362294,7.983884996175766,0.7952310435473919,-0.01860158140771091,4.12645398080349,0.009746433897362294,0.7952310435473919,7.983884996175766,1.0,0.00010747485066924504,0.00010747485066924504,0.0,0.4736236535276691,0.4736236535276691,0.0,0.9511526203351504,0.9511526203351504,0.0,0.0,0.0,0.0,0.0,0.185,51.45,67.45,1177.12,39,Walker2d-v5,6198,Agente_2
92.65926551818848,61,319216,306.34731440483176,362.1084254802475,245.62032443506132,169.33333333333334,0.00010747485066924504,0.0,0.9,0.4736236535276691,6252,0.5,0.99,0.00737583401763356,7.65040199359258,-0.02643952121337255,-0.001569825503975153,4.008425857623418,0.00737583401763356,-0.02643952121337255,7.65040199359258,1.0,0.00010747485066924504,0.00010747485066924504,0.0,0.4736236535276691,0.4736236535276691,0.0,0.9,0.9,0.0,0.0,0.0,0.0,0.0,0.31666666666666665,22.133333333333336,63.366666666666674,1793.899,40,Walker2d-v5,6198,Agente_2
95.1240303516388,62,325472,319.94253339740465,412.85490468511966,245.62032443506132,181.22222222222223,0.00010747485066924504,0.0,0.9,0.4736236535276691,6252,0.5,0.99,0.00825083254784052,7.771953626473745,0.4287141109506289,-0.015306935257588824,4.134529717763265,0.00825083254784052,0.4287141109506289,7.771953626473745,1.0,0.00010747485066924504,0.00010747485066924504,0.0,0.4736236535276691,0.4736236535276691,0.0,0.9,0.9,0.0,0.0,0.0,0.0,0.0,0.7200000000000001,45.2,65.525,2123.024,41,Walker2d-v5,6198,Agente_2
97.13278198242188,63,331728,321.9367578505861,412.85490468511966,180.95317802448784,184.34444444444443,0.00010747485066924504,0.0,0.9,0.4736236535276691,6252,0.5,0.99,0.009885938763136436,7.781992888450622,0.49409283647934593,-0.006357427158703407,4.20903902053833,0.009885938763136436,0.49409283647934593,7.781992888450622,1.0,0.00010747485066924504,0.00010747485066924504,0.0,0.4736236535276691,0.4736236535276691,0.0,0.9,0.9,0.0,0.0,0.0,0.0,0.0,0.155,49.7,68.3,2080.599,42,Walker2d-v5,6198,Agente_2
98.65469312667847,64,337984,329.4030504999515,436.04305013201406,180.95317802448784,189.88,0.00010747485066924504,0.0,0.9,0.4736236535276691,6252,0.5,0.99,0.00868444752677533,7.609032889207204,0.5216397638122241,0.001133930504632493,4.125422449906667,0.00868444752677533,0.5216397638122241,7.609032889207204,1.0,0.00010747485066924504,0.00010747485066924504,0.0,0.4736236535276691,0.4736236535276691,0.0,0.9,0.9,0.0,0.0,0.0,0.0,0.0,0.35,32.0,69.9,1938.718,43,Walker2d-v5,6198,Agente_2
100.22431540489197,65,344240,330.7354996092213,436.04305013201406,180.95317802448784,189.46,0.00010747485066924504,0.0,0.9,0.4736236535276691,6252,0.5,0.99,0.009962383085561062,7.648484500249227,0.5929019093513489,-0.0005255576921626926,4.416402717431386,0.009962383085561062,0.5929019093513489,7.648484500249227,1.0,0.00010747485066924504,0.00010747485066924504,0.0,0.4736236535276691,0.4736236535276691,0.0,0.9,0.9,0.0,0.0,0.0,0.0,0.0,0.93,34.733333333333334,70.53333333333333,1862.921,44,Walker2d-v5,6198,Agente_2
102.0625274181366,66,350496,337.7697840798265,465.1081098221205,257.19836927622805,193.35,0.00010747485066924504,0.0,0.9,0.4736236535276691,6252,0.5,0.99,0.009416059924130119,7.594309135278066,0.5644871537884076,-0.0055859019747003915,4.010644326607387,0.009416059924130119,0.5644871537884076,7.594309135278066,1.0,0.00010747485066924504,0.00010747485066924504,0.0,0.4736236535276691,0.4736236535276691,0.0,0.9,0.9,0.0,0.0,0.0,0.0,0.0,0.535,47.8,70.45,1856.499,45,Walker2d-v5,6198,Agente_2
103.850510597229,67,356752,336.6383400506752,465.1081098221205,257.19836927622805,191.92,0.00010747485066924504,0.0,0.9,0.4736236535276691,6252,0.5,0.99,0.010571464592203483,7.580508025487264,0.5873481303453445,-0.002403524393836657,3.805544306834539,0.010571464592203483,0.5873481303453445,7.580508025487264,1.0,0.00010747485066924504,0.00010747485066924504,0.0,0.4736236535276691,0.4736236535276691,0.0,0.9,0.9,0.0,0.0,0.0,0.0,0.0,0.47,38.9,70.43333333333334,1845.451,46,Walker2d-v5,6198,Agente_2
105.41184306144714,68,363008,340.7014417663006,465.1081098221205,273.44865453295915,194.25,0.00010747485066924504,0.0,0.9,0.4736236535276691,6252,0.5,0.99,0.011409031261185495,7.554659163951873,0.5951230719685554,-0.006092560260246197,4.298607816298802,0.011409031261185495,0.5951230719685554,7.554659163951873,1.0,0.00010747485066924504,0.00010747485066924504,0.0,0.4736236535276691,0.4736236535276691,0.0,0.9,0.9,0.0,0.0,0.0,0.0,0.0,0.98,34.45,70.45,1808.823,47,Walker2d-v5,6198,Agente_2
106.81967115402222,69,369264,334.3376188573517,529.0494670052183,252.8788222874214,189.35,0.00010747485066924504,0.0,0.9,0.4736236535276691,6252,0.5,0.99,0.007891644018188041,7.666037686665853,0.570336855451266,-0.0024516612213725847,4.059187390406927,0.007891644018188041,0.570336855451266,7.666037686665853,1.0,0.00010747485066924504,0.00010747485066924504,0.0,0.4736236535276691,0.4736236535276691,0.0,0.9,0.9,0.0,0.0,0.0,0.0,0.0,0.925,34.5,70.45,1762.83,48,Walker2d-v5,6198,Agente_2
108.7796413898468,70,375520,335.06670239600237,529.0494670052183,102.23624418614303,191.09,0.00010747485066924504,0.0,0.9,0.4736236535276691,6252,0.5,0.99,0.014104905730209793,7.4784657994906105,0.5889252930879593,0.009123816923238336,4.32083057363828,0.014104905730209793,0.5889252930879593,7.4784657994906105,1.0,0.00010747485066924504,0.00010747485066924504,0.0,0.4736236535276691,0.4736236535276691,0.0,0.9,0.9,0.0,0.0,0.0,0.0,0.0,0.7833333333333333,45.9,70.4,1781.236,49,Walker2d-v5,6198,Agente_2
110.50696873664856,71,381776,333.9203074189442,529.0494670052183,102.23624418614303,190.87,0.00010747485066924504,0.0,0.9,0.4736236535276691,6252,0.5,0.99,0.01042248590485239,7.472767269611358,0.6786734342575074,-0.00519837187603116,3.995372368892034,0.01042248590485239,0.6786734342575074,7.472767269611358,1.0,0.00010747485066924504,0.00010747485066924504,0.0,0.4736236535276691,0.4736236535276691,0.0,0.9,0.9,0.0,0.0,0.0,0.0,0.0,0.58,35.05,70.4,1773.286,50,Walker2d-v5,6198,Agente_2
112.25837683677673,72,388032,337.1294452198145,472.1448647727512,102.23624418614303,192.19,0.00010747485066924504,0.0,0.9,0.4736236535276691,6252,0.5,0.99,0.009449459749521338,7.339942141373952,0.6186789030830065,-0.0001394439721480012,4.240221309661865,0.009449459749521338,0.6186789030830065,7.339942141373952,1.0,0.00010747485066924504,0.00010747485066924504,0.0,0.4736236535276691,0.4736236535276691,0.0,0.9,0.9,0.0,0.0,0.0,0.0,0.0,0.88,34.300000000000004,70.4,1701.845,51,Walker2d-v5,6198,Agente_2
113.90270352363586,73,394288,334.26201842484295,472.1448647727512,261.3144258069654,188.55,0.00010747485066924504,0.0,0.9,0.4736236535276691,6252,0.5,0.99,0.00985595025655736,7.3439851601918535,0.6437478736042976,-0.0041011985546598835,4.025050630172093,0.00985595025655736,0.6437478736042976,7.3439851601918535,1.0,0.00010747485066924504,0.00010747485066924504,0.0,0.4736236535276691,0.4736236535276691,0.0,0.9,0.9,0.0,0.0,0.0,0.0,0.0,0.9450000000000001,37.1,70.4,1665.379,52,Walker2d-v5,6198,Agente_2
115.63347721099854,74,400544,333.97915365502837,472.1448647727512,261.3144258069654,187.79,0.00010747485066924504,0.0,0.9,0.4736236535276691,6252,0.5,0.99,0.009423764114338458,7.504210658868154,0.6760551030437152,0.004567305929958821,3.7160066068172455,0.009423764114338458,0.6760551030437152,7.504210658868154,1.0,0.00010747485066924504,0.00010747485066924504,0.0,0.4736236535276691,0.4736236535276691,0.0,0.9,0.9,0.0,0.0,0.0,0.0,0.0,0.5599999999999999,46.1,70.4,1686.196,53,Walker2d-v5,6198,Agente_2
117.2953269481659,75,406800,337.1578864979952,513.5588985695775,261.3144258069654,190.86,0.00010747485066924504,0.0,0.9,0.4736236535276691,6252,0.5,0.99,0.008694100238926694,7.322052224477132,0.6577836116154988,-0.0034116343750307957,3.9009441673755645,0.008694100238926694,0.6577836116154988,7.322052224477132,1.0,0.00010747485066924504,0.00010747485066924504,0.0,0.4736236535276691,0.4736236535276691,0.0,0.9,0.9,0.0,0.0,0.0,0.0,0.0,0.7166666666666667,35.9,70.36666666666666,1695.361,54,Walker2d-v5,6198,Agente_2
119.10004496574402,76,413056,342.32820623399084,513.5588985695775,254.73626330859392,195.14,0.00010747485066924504,0.0,0.9,0.4736236535276691,6252,0.5,0.99,0.009447676982260116,7.4176334301630655,0.6485086833437284,0.010381099853354196,3.9423373520374296,0.009447676982260116,0.6485086833437284,7.4176334301630655,1.0,0.00010747485066924504,0.00010747485066924504,0.0,0.4736236535276691,0.4736236535276691,0.0,0.9,0.9,0.0,0.0,0.0,0.0,0.0,0.78,34.349999999999994,70.4,1692.398,55,Walker2d-v5,6198,Agente_2
121.24396777153015,77,419312,339.5365866224967,513.5588985695775,81.66474128937898,194.12,0.00010747485066924504,0.0,0.9,0.4736236535276691,6252,0.5,0.99,0.012389596946635113,7.265630626678467,0.6694641942779224,-0.005640776602861782,3.8418537159760793,0.012389596946635113,0.6694641942779224,7.265630626678467,1.0,0.00010747485066924504,0.00010747485066924504,0.0,0.4736236535276691,0.4736236535276691,0.0,0.9,0.9,0.0,0.0,0.0,0.0,0.0,0.44999999999999996,41.800000000000004,70.4,1727.501,56,Walker2d-v5,6198,Agente_2
123.16460061073303,78,425568,335.8403810827729,434.30812411628494,81.66474128937898,191.34,0.00010747485066924504,0.0,0.9,0.4736236535276691,6252,0.5,0.99,0.009165193576260814,7.408956042925516,0.7095225304365158,0.0028963615962614617,3.7972048461437224,0.009165193576260814,0.7095225304365158,7.408956042925516,1.0,0.00010747485066924504,0.00010747485066924504,0.0,0.4736236535276691,0.4736236535276691,0.0,0.9,0.9,0.0,0.0,0.0,0.0,0.0,0.7033333333333333,39.56666666666667,70.4,1762.962,57,Walker2d-v5,6198,Agente_2
124.97766089439392,79,431824,337.9997707337074,468.01274416650074,81.66474128937898,193.1,0.00010747485066924504,0.0,0.9,0.4736236535276691,6252,0.5,0.99,0.010381192874410772,7.307110261917114,0.6963326811790467,0.0031231142813339828,3.959570876757304,0.010381192874410772,0.6963326811790467,7.307110261917114,1.0,0.00010747485066924504,0.00010747485066924504,0.0,0.4736236535276691,0.4736236535276691,0.0,0.9,0.9,0.0,0.0,0.0,0.0,0.0,0.915,35.35,70.4,1803.416,58,Walker2d-v5,6198,Agente_2
127.19344139099121,80,438080,342.2741744802099,496.76299757646575,257.8436587356325,194.51,0.00010747485066924504,0.0,0.9,0.4736236535276691,6252,0.5,0.99,0.01041535635740729,7.213902811209361,0.7576336696743965,0.013540173484943806,3.763000524044037,0.01041535635740729,0.7576336696743965,7.213902811209361,1.0,0.00010747485066924504,0.00010747485066924504,0.0,0.4736236535276691,0.4736236535276691,0.0,0.9,0.9,0.0,0.0,0.0,0.0,0.0,0.6875,39.8,69.0,1828.847,59,Walker2d-v5,6198,Agente_2
128.82295036315918,81,444336,346.3694237025422,496.76299757646575,257.8436587356325,197.15,0.00010747485066924504,0.0,0.9,0.4736236535276691,6252,0.5,0.99,0.01239170634992964,6.9795061628023785,0.7360121086239815,0.008478005587433775,3.882441335916519,0.01239170634992964,0.7360121086239815,6.9795061628023785,1.0,0.00010747485066924504,0.00010747485066924504,0.0,0.4736236535276691,0.4736236535276691,0.0,0.9,0.9,0.0,0.0,0.0,0.0,0.0,0.26,31.549999999999997,61.1,1819.456,60,Walker2d-v5,6198,Agente_2
130.29943466186523,82,450592,344.30231180004046,496.76299757646575,262.913048521701,193.95,0.00010747485066924504,0.0,0.9,0.4736236535276691,6252,0.5,0.99,0.012629410876373488,7.005652431646983,0.7761436606446902,0.012143049916873375,4.072858119010926,0.012629410876373488,0.7761436606446902,7.005652431646983,1.0,0.00010747485066924504,0.00010747485066924504,0.0,0.4736236535276691,0.4736236535276691,0.0,0.9,0.9,0.0,0.0,0.0,0.0,0.0,0.855,33.55,56.05,1792.318,61,Walker2d-v5,6198,Agente_2
132.48267650604248,83,456848,344.81192382486984,457.6227187012863,276.2935916407903,192.92,0.00010747485066924504,0.0,0.9,0.4736236535276691,6252,0.5,0.99,0.011897273836090487,7.007561405499776,0.732470977306366,0.009431880828924478,4.1717907845973965,0.011897273836090487,0.732470977306366,7.007561405499776,1.0,0.00010747485066924504,0.00010747485066924504,0.0,0.4736236535276691,0.4736236535276691,0.0,0.9,0.9,0.0,0.0,0.0,0.0,0.0,0.10000000000000002,59.76666666666667,61.23333333333333,1846.152,62,Walker2d-v5,6198,Agente_2
134.354989528656,84,463104,343.342241419982,424.1317165280831,276.2935916407903,190.78,0.00010747485066924504,0.0,0.9,0.4736236535276691,6252,0.5,0.99,0.016797162105672215,7.044560583432515,0.6889590322971344,0.003931137193770458,4.268701328833898,0.016797162105672215,0.6889590322971344,7.044560583432515,1.0,0.00010747485066924504,0.00010747485066924504,0.0,0.4736236535276691,0.4736236535276691,0.0,0.9,0.9,0.0,0.0,0.0,0.0,0.0,0.16666666666666666,46.36666666666667,66.2,1860.344,63,Walker2d-v5,6198,Agente_2
136.47311210632324,85,469360,328.1309836887034,365.93698216582635,289.0707910028165,174.27777777777777,0.00010747485066924504,0.0,0.9,0.4736236535276691,6252,0.5,0.99,0.010050098105179246,7.010050495465596,0.7208502680063248,0.009626535077889761,3.20309649904569,0.010050098105179246,0.7208502680063248,7.010050495465596,1.0,0.00010747485066924504,0.00010747485066924504,0.0,0.4736236535276691,0.4736236535276691,0.0,0.9,0.9,0.0,0.0,0.0,0.0,0.0,0.3925,32.825,62.425,2104.757,64,Walker2d-v5,6198,Agente_2
138.42387628555298,86,475616,351.32129477113097,453.36477786824815,279.7339948100334,190.44897959183675,0.00010747485066924504,0.0,0.9,0.4736236535276691,6252,0.5,0.99,0.014945270124614277,6.842783204714457,0.8771430283784867,-0.0010363746977721652,3.1437365929285686,0.014945270124614277,0.8771430283784867,6.842783204714457,1.0,0.00010747485066924504,0.00010747485066924504,0.0,0.4736236535276691,0.4736236535276691,0.0,0.9,0.9,0.0,0.0,0.0,0.0,0.0,0.52,42.8,65.35,2022.646,65,Walker2d-v5,6198,Agente_2
140.19426012039185,87,481872,356.22233450856356,453.36477786824815,279.7339948100334,193.73417721518987,0.00010747485066924504,0.0,0.9,0.4736236535276691,6252,0.5,0.99,0.013554722003421678,6.807576219240825,0.8958723559975624,0.006163362956916292,3.254805875817935,0.013554722003421678,0.8958723559975624,6.807576219240825,1.0,0.00010747485066924504,0.00010747485066924504,0.0,0.4736236535276691,0.4736236535276691,0.0,0.9,0.9,0.0,0.0,0.0,0.0,0.0,0.36000000000000004,43.133333333333326,67.80000000000001,1935.132,66,Walker2d-v5,6198,Agente_2
141.6851944923401,88,488128,365.4759558494519,522.6641486155956,279.7339948100334,199.87,0.00010747485066924504,0.0,0.9,0.4736236535276691,6252,0.5,0.99,0.014401272393736992,6.610371196269989,0.8977038537462553,0.004391612104761104,3.2827610333760577,0.014401272393736992,0.8977038537462553,6.610371196269989,1.0,0.00010747485066924504,0.00010747485066924504,0.0,0.4736236535276691,0.4736236535276691,0.0,0.9,0.9,0.0,0.0,0.0,0.0,0.0,0.71,32.95,68.94999999999999,1820.884,67,Walker2d-v5,6198,Agente_2
143.63817811012268,89,494384,371.31535182790947,560.2105224209931,283.39676548616126,203.12,0.00010747485066924504,0.0,0.9,0.4736236535276691,6252,0.5,0.99,0.01564749398457934,6.606009308497111,0.890618679424127,0.0055609510745853186,3.4070867955684663,0.01564749398457934,0.890618679424127,6.606009308497111,1.0,0.00010747485066924504,0.00010747485066924504,0.0,0.4736236535276691,0.4736236535276691,0.0,0.9,0.9,0.0,0.0,0.0,0.0,0.0,0.25333333333333335,45.23333333333333,62.6,1844.675,68,Walker2d-v5,6198,Agente_2
145.6603181362152,90,500640,373.85142236683714,560.2105224209931,288.59371117891607,204.12,0.00010747485066924504,0.0,0.9,0.4736236535276691,6252,0.5,0.99,0.01741189410839373,6.464575044314066,0.9099204902847607,0.0074105863381798065,3.4439488569895427,0.01741189410839373,0.9099204902847607,6.464575044314066,1.0,0.00010747485066924504,0.00010747485066924504,0.0,0.4736236535276691,0.4736236535276691,0.0,0.9,0.9,0.0,0.0,0.0,0.0,0.0,0.36333333333333334,37.0,58.70000000000001,1871.943,69,Walker2d-v5,6198,Agente_2
147.8948335647583,91,506896,375.65745894409537,560.2105224209931,288.59371117891607,203.76,0.00010747485066924504,0.0,0.9,0.4736236535276691,6252,0.5,0.99,0.012609608295436676,6.422416194279989,0.9004116589824359,0.006113692411842445,3.356339120864868,0.012609608295436676,0.9004116589824359,6.422416194279989,1.0,0.00010747485066924504,0.00010747485066924504,0.0,0.4736236535276691,0.4736236535276691,0.0,0.9,0.9,0.0,0.0,0.0,0.0,0.0,0.59,43.800000000000004,61.73333333333333,1921.511,70,Walker2d-v5,6198,Agente_2
150.0138499736786,92,513152,374.5740604511884,483.7056723702722,281.48770140344305,202.86,0.00010747485066924504,0.0,0.9,0.4736236535276691,6252,0.5,0.99,0.012258870293590008,6.546259864171346,0.9264526963233948,0.008696392124208311,3.25195489525795,0.012258870293590008,0.9264526963233948,6.546259864171346,1.0,0.00010747485066924504,0.00010747485066924504,0.0,0.4736236535276691,0.4736236535276691,0.0,0.9,0.9,0.0,0.0,0.0,0.0,0.0,0.37333333333333335,55.133333333333326,66.66666666666667,1944.887,71,Walker2d-v5,6198,Agente_2
151.8541784286499,93,519408,345.22113864681984,365.36038438720124,276.76703045290344,176.28571428571428,0.00010747485066924504,0.0,0.9,0.4736236535276691,6252,0.5,0.99,0.011389155004872812,6.648812079429627,0.7873917718728384,0.007304229160460333,3.2736792743206022,0.011389155004872812,0.7873917718728384,6.648812079429627,1.0,0.00010747485066924504,0.00010747485066924504,0.0,0.4736236535276691,0.4736236535276691,0.0,0.9,0.9,0.0,0.0,0.0,0.0,0.0,0.3133333333333333,29.3,63.26666666666667,1830.055,72,Walker2d-v5,6198,Agente_2
153.5563304424286,94,525664,371.53544414185683,468.0743920299985,276.76703045290344,198.78571428571428,0.00010747485066924504,0.0,0.9,0.4736236535276691,6252,0.5,0.99,0.012327436242291394,6.419155478477478,0.9365228657921155,-0.006583220383618027,3.281770517428716,0.012327436242291394,0.9365228657921155,6.419155478477478,1.0,0.00010747485066924504,0.00010747485066924504,0.0,0.4736236535276691,0.4736236535276691,0.0,0.9,0.9,0.0,0.0,0.0,0.0,0.0,0.7633333333333333,38.6,64.86666666666667,1758.68,73,Walker2d-v5,6198,Agente_2
155.31310200691223,95,531920,379.79768280901425,478.14614875595936,276.76703045290344,203.97260273972603,0.00010747485066924504,0.0,0.9,0.4736236535276691,6252,0.5,0.99,0.01493219398516885,6.285016361872355,0.9278370425105095,0.0035122951958328485,3.2190007150173185,0.01493219398516885,0.9278370425105095,6.285016361872355,1.0,0.00010747485066924504,0.00010747485066924504,0.0,0.4736236535276691,0.4736236535276691,0.0,0.9,0.9,0.0,0.0,0.0,0.0,0.0,0.65,40.0,68.1,1754.444,74,Walker2d-v5,6198,Agente_2
156.53762698173523,96,538176,384.5833898892135,489.87997569855196,321.79076354908693,206.35,0.00010747485066924504,0.0,0.9,0.4736236535276691,6252,0.5,0.99,0.015487655117908616,6.225201221307119,0.9424959157903989,0.005670602503232658,3.24541618625323,0.015487655117908616,0.9424959157903989,6.225201221307119,1.0,0.00010747485066924504,0.00010747485066924504,0.0,0.4736236535276691,0.4736236535276691,0.0,0.9,0.9,0.0,0.0,0.0,0.0,0.0,0.41,30.0,66.9,1618.816,75,Walker2d-v5,6198,Agente_2
158.57768535614014,97,544432,385.2041857997797,489.87997569855196,113.08854252312113,208.26,0.00010747485066924504,0.0,0.9,0.4736236535276691,6252,0.5,0.99,0.014258861678293518,6.455105002721151,0.9265304416418075,-0.006450021686032414,3.342162482937177,0.014258861678293518,0.9265304416418075,6.455105002721151,1.0,0.00010747485066924504,0.00010747485066924504,0.0,0.4736236535276691,0.4736236535276691,0.0,0.9,0.9,0.0,0.0,0.0,0.0,0.0,0.3666666666666667,42.03333333333333,62.26666666666667,1700.303,76,Walker2d-v5,6198,Agente_2
160.53017258644104,98,550688,386.8792250453322,489.87997569855196,113.08854252312113,208.81,0.00010747485066924504,0.0,0.9,0.4736236535276691,6252,0.5,0.99,0.015894548825842018,6.347617296377818,0.9385802681247394,0.004177152982447296,3.110947239398956,0.015894548825842018,0.9385802681247394,6.347617296377818,1.0,0.00010747485066924504,0.00010747485066924504,0.0,0.4736236535276691,0.4736236535276691,0.0,0.9,0.9,0.0,0.0,0.0,0.0,0.0,0.29000000000000004,40.85,60.7,1740.098,77,Walker2d-v5,6198,Agente_2
162.57134413719177,99,556944,388.32580541314894,514.7515424707022,113.08854252312113,211.06,0.00010747485066924504,0.0,0.9,0.4736236535276691,6252,0.5,0.99,0.014486521060219578,6.366447683175405,0.9413639714320501,0.007793451011336098,3.1994748294353483,0.014486521060219578,0.9413639714320501,6.366447683175405,1.0,0.00010747485066924504,0.00010747485066924504,0.0,0.4736236535276691,0.4736236535276691,0.0,0.9,0.9,0.0,0.0,0.0,0.0,0.0,0.63,37.96666666666666,61.1,1781.187,78,Walker2d-v5,6198,Agente_2
167.17039346694946,101,569456,350.5178586569231,378.503669630183,323.2074545079125,176.83333333333334,0.00010747485066924504,0.0,0.9,0.4736236535276691,6252,0.5,0.99,0.01078335621156607,6.553888583183289,0.8493352994322777,0.00031992848962545393,2.978664909799894,0.01078335621156607,0.8493352994322777,6.553888583183289,1.0,0.00010747485066924504,0.00010747485066924504,0.0,0.4736236535276691,0.4736236535276691,0.0,0.9,0.9,0.0,0.0,0.0,0.0,0.0,0.35750000000000004,55.15,70.375,2317.209,79,Walker2d-v5,6198,Agente_2
168.80724215507507,102,575712,378.8942717089038,509.3145221744055,67.52862875836685,202.6046511627907,0.00010747485066924504,0.0,0.9,0.4736236535276691,6252,0.5,0.99,0.01299085424131287,6.388700465361278,0.9393108010292053,-0.004485920915612951,2.8767644345760344,0.01299085424131287,0.9393108010292053,6.388700465361278,1.0,0.00010747485066924504,0.00010747485066924504,0.0,0.4736236535276691,0.4736236535276691,0.0,0.9,0.9,0.0,0.0,0.0,0.0,0.0,0.97,29.35,70.6,1972.244,80,Walker2d-v5,6198,Agente_2
170.94565653800964,103,581968,385.0028808970388,509.3145221744055,67.52862875836685,205.0958904109589,0.00010747485066924504,0.0,0.9,0.4736236535276691,6252,0.5,0.99,0.014058082447445486,6.369874020417531,0.9526360914111137,0.009594450999672214,2.835415851076444,0.014058082447445486,0.9526360914111137,6.369874020417531,1.0,0.00010747485066924504,0.00010747485066924504,0.0,0.4736236535276691,0.4736236535276691,0.0,0.9,0.9,0.0,0.0,0.0,0.0,0.0,0.47333333333333333,42.36666666666667,70.6,2022.899,81,Walker2d-v5,6198,Agente_2
172.7793893814087,104,588224,390.96205572157095,512.0348235063383,67.52862875836685,209.06,0.00010747485066924504,0.0,0.9,0.4736236535276691,6252,0.5,0.99,0.012759315235030044,6.172031203905742,0.9491978759566942,0.01348737720400095,2.9779120008150737,0.012759315235030044,0.9491978759566942,6.172031203905742,1.0,0.00010747485066924504,0.00010747485066924504,0.0,0.4736236535276691,0.4736236535276691,0.0,0.9,0.9,0.0,0.0,0.0,0.0,0.0,0.8566666666666668,41.699999999999996,70.7,1972.192,82,Walker2d-v5,6198,Agente_2
174.67888236045837,105,594480,397.09087146946746,512.0348235063383,319.3563687190638,211.51,0.00010747485066924504,0.0,0.9,0.4736236535276691,6252,0.5,0.99,0.011864761806524864,6.295401775836945,0.9513426522413889,0.009462477076643458,2.880826073884964,0.011864761806524864,0.9513426522413889,6.295401775836945,1.0,0.00010747485066924504,0.00010747485066924504,0.0,0.4736236535276691,0.4736236535276691,0.0,0.9,0.9,0.0,0.0,0.0,0.0,0.0,0.81,39.9,70.7,1955.003,83,Walker2d-v5,6198,Agente_2
176.41830897331238,106,600736,398.63253521662256,512.0348235063383,319.3563687190638,212.53,0.00010747485066924504,0.0,0.9,0.4736236535276691,6252,0.5,0.99,0.0139368838686399,6.224904755751292,0.9392631540695826,0.005736279922227065,3.032633591691653,0.0139368838686399,0.9392631540695826,6.224904755751292,1.0,0.00010747485066924504,0.00010747485066924504,0.0,0.4736236535276691,0.4736236535276691,0.0,0.9,0.9,0.0,0.0,0.0,0.0,0.0,0.4566666666666666,33.06666666666667,67.66666666666667,1917.427,84,Walker2d-v5,6198,Agente_2
177.84691667556763,107,606992,393.21602352351334,507.28544345244865,156.78130222880455,213.68,0.00010747485066924504,0.0,0.9,0.4736236535276691,6252,0.5,0.99,0.01387582055231178,6.554255398114522,0.9178889135519663,-0.014628544015189012,3.0509287446737288,0.01387582055231178,0.9178889135519663,6.554255398114522,1.0,0.00010747485066924504,0.00010747485066924504,0.0,0.4736236535276691,0.4736236535276691,0.0,0.9,0.9,0.0,0.0,0.0,0.0,0.0,0.9099999999999999,29.6,62.85,1845.788,85,Walker2d-v5,6198,Agente_2
179.8062081336975,108,613248,393.44856504209775,506.4795272355972,156.78130222880455,212.81,0.00010747485066924504,0.0,0.9,0.4736236535276691,6252,0.5,0.99,0.012747735717827407,6.248459108670553,0.9445874482393265,0.0008260531971851985,2.7617778609196346,0.012747735717827407,0.9445874482393265,6.248459108670553,1.0,0.00010747485066924504,0.00010747485066924504,0.0,0.4736236535276691,0.4736236535276691,0.0,0.9,0.9,0.0,0.0,0.0,0.0,0.0,0.6866666666666666,43.833333333333336,65.56666666666666,1858.276,86,Walker2d-v5,6198,Agente_2
181.33707976341248,109,619504,360.16410174399334,380.6382780964861,327.6003509590095,180.35714285714286,0.00010747485066924504,0.0,0.9,0.4736236535276691,6252,0.5,0.99,0.012110229747972347,6.482994508743286,0.867177757124106,0.013000052461090187,2.87822603782018,0.012110229747972347,0.867177757124106,6.482994508743286,1.0,0.00010747485066924504,0.00010747485066924504,0.0,0.4736236535276691,0.4736236535276691,0.0,0.9,0.9,0.0,0.0,0.0,0.0,0.0,0.41333333333333333,20.666666666666668,58.53333333333334,1521.333,87,Walker2d-v5,6198,Agente_2
183.05891108512878,110,625760,385.4060434155438,494.7574639901048,327.6003509590095,199.21951219512195,0.00010747485066924504,0.0,0.9,0.4736236535276691,6252,0.5,0.99,0.013481177036980322,6.4024954279263815,0.950581505894661,0.0033431299962103367,2.6303533792495726,0.013481177036980322,0.950581505894661,6.4024954279263815,1.0,0.00010747485066924504,0.00010747485066924504,0.0,0.4736236535276691,0.4736236535276691,0.0,0.9,0.9,0.0,0.0,0.0,0.0,0.0,0.755,38.8,57.35,1614.541,88,Walker2d-v5,6198,Agente_2
185.2880642414093,111,632016,389.3663355698014,494.7574639901048,327.6003509590095,202.55555555555554,0.00010747485066924504,0.0,0.9,0.4736236535276691,6252,0.5,0.99,0.013650217152341307,6.333308978875478,0.9527405773599943,0.00777863267964373,2.6957506418228148,0.013650217152341307,0.9527405773599943,6.333308978875478,1.0,0.00010747485066924504,0.00010747485066924504,0.0,0.4736236535276691,0.4736236535276691,0.0,0.9,0.9,0.0,0.0,0.0,0.0,0.0,0.36999999999999994,57.23333333333333,63.699999999999996,1815.931,89,Walker2d-v5,6198,Agente_2
187.4411952495575,112,638272,393.07321094901124,543.2138534383055,282.3372447828509,205.57,0.00010747485066924504,0.0,0.9,0.4736236535276691,6252,0.5,0.99,0.012908004634300595,6.130253859361013,0.9489899103840193,-0.005588178375425438,2.705425431330999,0.012908004634300595,0.9489899103840193,6.130253859361013,1.0,0.00010747485066924504,0.00010747485066924504,0.0,0.4736236535276691,0.4736236535276691,0.0,0.9,0.9,0.0,0.0,0.0,0.0,0.0,0.25,37.5,67.63333333333334,1896.665,90,Walker2d-v5,6198,Agente_2
189.8331151008606,113,644528,394.86162934721085,543.2138534383055,282.3372447828509,206.03,0.00010747485066924504,0.0,0.9,0.4736236535276691,6252,0.5,0.99,0.01417225872525402,6.132934518655142,0.9521556625763575,0.0011309830433068177,2.489408672849337,0.01417225872525402,0.9521556625763575,6.132934518655142,1.0,0.00010747485066924504,0.00010747485066924504,0.0,0.4736236535276691,0.4736236535276691,0.0,0.9,0.9,0.0,0.0,0.0,0.0,0.0,0.22333333333333336,53.96666666666667,69.66666666666667,1993.055,91,Walker2d-v5,6198,Agente_2
191.45458722114563,114,650784,390.9666956818432,543.2138534383055,282.3372447828509,202.14,0.00010747485066924504,0.0,0.9,0.4736236535276691,6252,0.5,0.99,0.014503655239180565,5.873181462287903,0.9496110906203588,0.002167700859718025,2.8554919521013895,0.014503655239180565,0.9496110906203588,5.873181462287903,1.0,0.00010747485066924504,0.00010747485066924504,0.0,0.4736236535276691,0.4736236535276691,0.0,0.9,0.9,0.0,0.0,0.0,0.0,0.0,0.45,31.833333333333332,70.39999999999999,1929.477,92,Walker2d-v5,6198,Agente_2
192.99643993377686,115,657040,387.54120827118606,487.1771703359248,282.3372447828509,198.98,0.00010747485066924504,0.0,0.9,0.4736236535276691,6252,0.5,0.99,0.012542059153232307,6.420606398582459,0.9500701069831848,0.005952392945376536,2.611999288201332,0.012542059153232307,0.9500701069831848,6.420606398582459,1.0,0.00010747485066924504,0.00010747485066924504,0.0,0.4736236535276691,0.4736236535276691,0.0,0.9,0.9,0.0,0.0,0.0,0.0,0.0,0.99,25.2,71.0,1872.72,93,Walker2d-v5,6198,Agente_2
194.8712568283081,116,663296,387.23013857920296,487.1771703359248,309.0567630735979,198.8,0.00010747485066924504,0.0,0.9,0.4736236535276691,6252,0.5,0.99,0.01474412210942925,6.364915970961253,0.9397144109010697,-0.002628507597061495,2.730272592107455,0.01474412210942925,0.9397144109010697,6.364915970961253,1.0,0.00010747485066924504,0.00010747485066924504,0.0,0.4736236535276691,0.4736236535276691,0.0,0.9,0.9,0.0,0.0,0.0,0.0,0.0,0.8666666666666667,39.43333333333333,71.0,1871.33,94,Walker2d-v5,6198,Agente_2
210.43526697158813,34,818336,427.07285610406313,617.9419721359624,95.57281676656594,207.08196721311475,0.00022611086490525523,0.0,0.99,0.4371716553039273,28707,0.5,0.99,0.024877814233851943,7.301271741730826,0.5465680586440222,-0.02337959801578628,9.136141680819648,0.024877814233851943,0.5465680586440222,7.301271741730826,1.0,0.00022611086490525523,0.00022611086490525523,0.0,0.4371716553039273,0.4371716553039273,0.0,0.99,0.99,0.0,0.0,0.0,0.0,0.0,0.56,34.26363636363636,64.89999999999999,7787.871,95,Walker2d-v5,6198,Agente_2
216.5446252822876,35,847048,441.94574834052605,701.252527670148,287.5935497618675,214.625,0.00022611086490525523,0.0,0.99,0.4371716553039273,28707,0.5,0.99,0.018014573900602907,7.400173641102654,0.6064427345991135,-0.024643655211132553,8.875071785279683,0.018014573900602907,0.6064427345991135,7.400173641102654,1.0,0.00022611086490525523,0.00022611086490525523,0.0,0.4371716553039273,0.4371716553039273,0.0,0.99,0.99,0.0,0.0,0.0,0.0,0.0,0.52,33.833333333333336,59.51111111111111,6943.341,96,Walker2d-v5,6198,Agente_2
224.5898494720459,36,875760,458.9418826490174,639.251576152938,265.9697367895286,212.83471074380165,0.00022611086490525523,0.0,0.99,0.4371716553039273,28707,0.5,0.99,0.01869956732927164,7.290023263863155,0.6004421895103795,-0.024134678144140966,9.250631729194096,0.01869956732927164,0.6004421895103795,7.290023263863155,1.0,0.00022611086490525523,0.00022611086490525523,0.0,0.4371716553039273,0.4371716553039273,0.0,0.99,0.99,0.0,0.0,0.0,0.0,0.0,0.4775,37.925000000000004,62.21666666666666,8031.202,97,Walker2d-v5,6198,Agente_2
234.08020424842834,37,904472,463.16218358789337,672.6547349764897,96.96022272630023,218.27480916030535,0.00022611086490525523,0.0,0.99,0.4371716553039273,28707,0.5,0.99,0.018991820708366327,7.352164120333535,0.5795860913183007,-0.026121663849335165,9.160844599349158,0.018991820708366327,0.5795860913183007,7.352164120333535,1.0,0.00022611086490525523,0.00022611086490525523,0.0,0.4371716553039273,0.4371716553039273,0.0,0.99,0.99,0.0,0.0,0.0,0.0,0.0,0.5346153846153847,40.300000000000004,70.19230769230771,8755.468,98,Walker2d-v5,6198,Agente_2
241.4055359363556,38,933184,454.60438124765994,636.4276327642617,147.14164967197033,212.65413533834587,0.00022611086490525523,0.0,0.99,0.4371716553039273,28707,0.5,0.99,0.018842895356855176,7.352200707367488,0.5727560183831624,-0.026486039234857473,9.076265805108207,0.018842895356855176,0.5727560183831624,7.352200707367488,1.0,0.00022611086490525523,0.00022611086490525523,0.0,0.4371716553039273,0.4371716553039273,0.0,0.99,0.99,0.0,0.0,0.0,0.0,0.0,0.557,42.550000000000004,71.08,8275.67,99,Walker2d-v5,6198,Agente_2
247.44211173057556,39,961896,446.40697520292974,639.1950445182985,51.56306612956208,209.65441176470588,0.00022611086490525523,0.0,0.99,0.4371716553039273,28707,0.5,0.99,0.018570439911699006,7.3058168666703365,0.6224823225821767,-0.028071081867840672,8.915140988145556,0.018570439911699006,0.6224823225821767,7.3058168666703365,1.0,0.00022611086490525523,0.00022611086490525523,0.0,0.4371716553039273,0.4371716553039273,0.0,0.99,0.99,0.0,0.0,0.0,0.0,0.0,0.8825000000000001,36.0375,70.2875,7712.52,100,Walker2d-v5,6198,Agente_2
254.75248861312866,40,990608,468.86224316602744,583.4125257083829,151.9225917021886,212.65573770491804,0.00022611086490525523,0.0,0.99,0.4371716553039273,28707,0.5,0.99,0.01911942619938479,7.057902102810996,0.5964084228234632,-0.02839319382744309,8.971834557397026,0.01911942619938479,0.5964084228234632,7.057902102810996,1.0,0.00022611086490525523,0.00022611086490525523,0.0,0.4371716553039273,0.4371716553039273,0.0,0.99,0.99,0.0,0.0,0.0,0.0,0.0,0.8490909090909092,34.35454545454546,70.44545454545454,7299.288,101,Walker2d-v5,6198,Agente_2
263.23042488098145,41,1019320,469.4441511459644,648.6561242027595,113.90570621916716,213.453125,0.00022611086490525523,0.0,0.99,0.4371716553039273,28707,0.5,0.99,0.01992895665670023,7.1945647673947475,0.6576933443546296,-0.030869626305398665,8.885977346556528,0.01992895665670023,0.6576933443546296,7.1945647673947475,1.0,0.00022611086490525523,0.00022611086490525523,0.0,0.4371716553039273,0.4371716553039273,0.0,0.99,0.99,0.0,0.0,0.0,0.0,0.0,0.8525,40.86666666666667,70.95833333333333,7881.386,102,Walker2d-v5,6198,Agente_2
270.1785845756531,42,1048032,459.4420574955874,656.7654225150038,237.19354852936448,210.35036496350364,0.00022611086490525523,0.0,0.99,0.4371716553039273,28707,0.5,0.99,0.018738437353334084,7.229167286838804,0.6924731487674373,-0.029430623221144613,8.82485687477248,0.018738437353334084,0.6924731487674373,7.229167286838804,1.0,0.00022611086490525523,0.00022611086490525523,0.0,0.4371716553039273,0.4371716553039273,0.0,0.99,0.99,0.0,0.0,0.0,0.0,0.0,0.8822222222222222,38.800000000000004,70.91111111111111,7566.681,103,Walker2d-v5,6198,Agente_2
301.28121161460876,49,1167688,545.4301861643343,727.1413202203519,90.99845025094497,233.8923076923077,5.65106559541915e-05,0.0,0.9,0.39887347460671346,19138,0.5,0.99,0.010501474791444075,6.926101113654472,0.6229688998815176,-0.012118104331799455,8.6577742048212,0.010501474791444075,0.6229688998815176,6.926101113654472,1.0,5.65106559541915e-05,5.65106559541915e-05,0.0,0.39887347460671346,0.39887347460671346,0.0,0.9,0.9,0.0,0.0,0.0,0.0,0.0,0.50125,37.5875,67.2875,5388.673,104,Walker2d-v5,6198,Agente_2
306.7729332447052,50,1186832,554.500729743082,784.075735220998,90.99845025094497,239.22,5.65106559541915e-05,0.0,0.9,0.39887347460671346,19138,0.5,0.99,0.010604350391700004,6.800975129411027,0.6605553660843824,-0.011707228145285232,8.833209287798082,0.010604350391700004,0.6605553660843824,6.800975129411027,1.0,5.65106559541915e-05,5.65106559541915e-05,0.0,0.39887347460671346,0.39887347460671346,0.0,0.9,0.9,0.0,0.0,0.0,0.0,0.0,0.7625,39.987500000000004,70.4,5433.476,105,Walker2d-v5,6198,Agente_2
311.8992738723755,51,1205976,567.5875905055137,801.4335093792005,338.57776127285155,238.4,5.65106559541915e-05,0.0,0.9,0.39887347460671346,19138,0.5,0.99,0.010289244086856638,6.865129397366498,0.6615594039092193,-0.018771051942698052,8.705047722120543,0.010289244086856638,0.6615594039092193,6.865129397366498,1.0,5.65106559541915e-05,5.65106559541915e-05,0.0,0.39887347460671346,0.39887347460671346,0.0,0.9,0.9,0.0,0.0,0.0,0.0,0.0,0.9085714285714286,36.22857142857143,70.60000000000001,5326.589,106,Walker2d-v5,6198,Agente_2
317.7046902179718,52,1225120,570.1622135610045,746.2758359268392,101.59292479062763,239.74,5.65106559541915e-05,0.0,0.9,0.39887347460671346,19138,0.5,0.99,0.008917295885623537,6.902920313139219,0.6511051066823907,-0.015177083440829773,8.799583566511,0.008917295885623537,0.6511051066823907,6.902920313139219,1.0,5.65106559541915e-05,5.65106559541915e-05,0.0,0.39887347460671346,0.39887347460671346,0.0,0.9,0.9,0.0,0.0,0.0,0.0,0.0,0.705,39.75,70.5625,5443.926,107,Walker2d-v5,6198,Agente_2
323.62937808036804,53,1244264,589.5041807046946,746.2758359268392,406.88017829320717,246.14,5.65106559541915e-05,0.0,0.9,0.39887347460671346,19138,0.5,0.99,0.009302307245744068,6.844668787878913,0.6297659371350263,-0.01579159005117175,8.874672924505697,0.009302307245744068,0.6297659371350263,6.844668787878913,1.0,5.65106559541915e-05,5.65106559541915e-05,0.0,0.39887347460671346,0.39887347460671346,0.0,0.9,0.9,0.0,0.0,0.0,0.0,0.0,0.7549999999999999,39.1,70.55,5537.609,108,Walker2d-v5,6198,Agente_2
328.84579038619995,54,1263408,572.7295332979849,773.5091323226676,241.1509528859828,241.26,5.65106559541915e-05,0.0,0.9,0.39887347460671346,19138,0.5,0.99,0.009656876900013427,6.925797002379959,0.6799220732740454,-0.018127555601500176,8.714065719295192,0.009656876900013427,0.6799220732740454,6.925797002379959,1.0,5.65106559541915e-05,5.65106559541915e-05,0.0,0.39887347460671346,0.39887347460671346,0.0,0.9,0.9,0.0,0.0,0.0,0.0,0.0,0.8885714285714287,39.9,70.52857142857144,5482.107,109,Walker2d-v5,6198,Agente_2
333.375839471817,55,1282552,547.246739989001,791.4582356170758,92.05345883785523,232.09,5.65106559541915e-05,0.0,0.9,0.39887347460671346,19138,0.5,0.99,0.009849786588902872,6.910642050408028,0.6738636640278068,-0.024281639646033984,8.80619995787337,0.009849786588902872,0.6738636640278068,6.910642050408028,1.0,5.65106559541915e-05,5.65106559541915e-05,0.0,0.39887347460671346,0.39887347460671346,0.0,0.9,0.9,0.0,0.0,0.0,0.0,0.0,0.9042857142857142,31.928571428571427,65.77142857142857,5343.945,110,Walker2d-v5,6198,Agente_2
338.0756494998932,56,1301696,542.0162116978833,690.4509292209672,92.05345883785523,231.86,5.65106559541915e-05,0.0,0.9,0.39887347460671346,19138,0.5,0.99,0.010014118286199124,6.956741842063698,0.6407686460662533,-0.027950616573562494,8.770558220631367,0.010014118286199124,0.6407686460662533,6.956741842063698,1.0,5.65106559541915e-05,5.65106559541915e-05,0.0,0.39887347460671346,0.39887347460671346,0.0,0.9,0.9,0.0,0.0,0.0,0.0,0.0,0.5066666666666667,33.733333333333334,60.300000000000004,5262.068,111,Walker2d-v5,6198,Agente_2
343.0458173751831,57,1320840,549.9297578640166,749.2419029693333,238.5765632420295,231.41,5.65106559541915e-05,0.0,0.9,0.39887347460671346,19138,0.5,0.99,0.010105988308203303,6.918993445989248,0.6905569169972394,-0.012191164055587473,8.738560416247394,0.010105988308203303,0.6905569169972394,6.918993445989248,1.0,5.65106559541915e-05,5.65106559541915e-05,0.0,0.39887347460671346,0.39887347460671346,0.0,0.9,0.9,0.0,0.0,0.0,0.0,0.0,0.5571428571428572,41.97142857142857,65.55714285714286,5228.631,112,Walker2d-v5,6198,Agente_2
348.04580760002136,58,1339984,580.6918159257655,732.7393078318613,73.77169466248571,236.77272727272728,5.65106559541915e-05,0.0,0.9,0.39887347460671346,19138,0.5,0.99,0.00886824093070807,6.698580937772184,0.8777025996027766,-0.014791320465706491,5.7015489243172315,0.00886824093070807,0.8777025996027766,6.698580937772184,1.0,5.65106559541915e-05,5.65106559541915e-05,0.0,0.39887347460671346,0.39887347460671346,0.0,0.9,0.9,0.0,0.0,0.0,0.0,0.0,0.4714285714285715,33.67142857142857,62.542857142857144,4991.008,113,Walker2d-v5,6198,Agente_2
353.0821249485016,59,1359128,582.4418421794319,743.6008695735784,73.77169466248571,240.62,5.65106559541915e-05,0.0,0.9,0.39887347460671346,19138,0.5,0.99,0.009626840794673528,6.554449395875673,0.8924753549936656,-0.018070502083345846,6.591333101891182,0.009626840794673528,0.8924753549936656,6.554449395875673,1.0,5.65106559541915e-05,5.65106559541915e-05,0.0,0.39887347460671346,0.39887347460671346,0.0,0.9,0.9,0.0,0.0,0.0,0.0,0.0,0.41625,34.85,60.0,5008.838,114,Walker2d-v5,6198,Agente_2
358.060049533844,60,1378272,581.2731825229395,773.3894850869244,115.93988474104839,241.58,5.65106559541915e-05,0.0,0.9,0.39887347460671346,19138,0.5,0.99,0.00966506602093727,6.606954309102651,0.9071739267658543,-0.018471027621244255,6.716740172618144,0.00966506602093727,0.9071739267658543,6.606954309102651,1.0,5.65106559541915e-05,5.65106559541915e-05,0.0,0.39887347460671346,0.39887347460671346,0.0,0.9,0.9,0.0,0.0,0.0,0.0,0.0,0.40499999999999997,41.56666666666666,62.21666666666667,4993.84,115,Walker2d-v5,6198,Agente_2
362.5645670890808,61,1397416,602.3260843807786,778.3347570479073,426.2822536502237,240.95384615384614,5.65106559541915e-05,0.0,0.9,0.39887347460671346,19138,0.5,0.99,0.010271505658936544,6.494180889387389,0.8862299245757026,-0.021649924504595835,6.857536171578072,0.010271505658936544,0.8862299245757026,6.494180889387389,1.0,5.65106559541915e-05,5.65106559541915e-05,0.0,0.39887347460671346,0.39887347460671346,0.0,0.9,0.9,0.0,0.0,0.0,0.0,0.0,0.7457142857142857,37.5,70.01428571428572,4489.345,116,Walker2d-v5,6198,Agente_2
367.36239361763,62,1416560,589.8063282277267,720.6026959695995,95.0515812210354,241.31,5.65106559541915e-05,0.0,0.9,0.39887347460671346,19138,0.5,0.99,0.009153045369145263,6.405560150661984,0.8989057461957674,-0.017321705798039565,7.139540334649988,0.009153045369145263,0.8989057461957674,6.405560150661984,1.0,5.65106559541915e-05,5.65106559541915e-05,0.0,0.39887347460671346,0.39887347460671346,0.0,0.9,0.9,0.0,0.0,0.0,0.0,0.0,0.9228571428571429,33.82857142857143,70.35714285714286,4637.816,117,Walker2d-v5,6198,Agente_2
372.5022850036621,63,1435704,606.2573584552474,870.4011257427114,372.30681735401305,248.27,5.65106559541915e-05,0.0,0.9,0.39887347460671346,19138,0.5,0.99,0.009987547787711043,6.45348540770041,0.8883830544110891,-0.01989506071030691,7.064311117739291,0.009987547787711043,0.8883830544110891,6.45348540770041,1.0,5.65106559541915e-05,5.65106559541915e-05,0.0,0.39887347460671346,0.39887347460671346,0.0,0.9,0.9,0.0,0.0,0.0,0.0,0.0,0.6471428571428571,42.614285714285714,70.42857142857143,4800.324,118,Walker2d-v5,6198,Agente_2
377.33912467956543,64,1454848,589.9363491771405,705.3731175783886,79.43560288830419,238.48,5.65106559541915e-05,0.0,0.9,0.39887347460671346,19138,0.5,0.99,0.010440530796020883,6.374127654771547,0.895110813347069,-0.017975443294523535,7.261006896560256,0.010440530796020883,0.895110813347069,6.374127654771547,1.0,5.65106559541915e-05,5.65106559541915e-05,0.0,0.39887347460671346,0.39887347460671346,0.0,0.9,0.9,0.0,0.0,0.0,0.0,0.0,0.89,36.957142857142856,70.39999999999999,4806.106,119,Walker2d-v5,6198,Agente_2
382.2423312664032,65,1473992,597.5972035179203,793.1237341519656,412.070915480126,239.62,5.65106559541915e-05,0.0,0.9,0.39887347460671346,19138,0.5,0.99,0.011282462756099522,6.444126323751501,0.9004060339283299,-0.024860512597385694,7.2292810066326245,0.011282462756099522,0.9004060339283299,6.444126323751501,1.0,5.65106559541915e-05,5.65106559541915e-05,0.0,0.39887347460671346,0.39887347460671346,0.0,0.9,0.9,0.0,0.0,0.0,0.0,0.0,0.6671428571428573,38.81428571428571,65.89999999999999,4822.386,120,Walker2d-v5,6198,Agente_2
387.48877143859863,66,1493136,593.4875410324976,792.5170323381537,203.92514514571653,241.25,5.65106559541915e-05,0.0,0.9,0.39887347460671346,19138,0.5,0.99,0.010217036820152292,6.529515649176933,0.8925792640930897,-0.01887965040231073,7.338045414074047,0.010217036820152292,0.8925792640930897,6.529515649176933,1.0,5.65106559541915e-05,5.65106559541915e-05,0.0,0.39887347460671346,0.39887347460671346,0.0,0.9,0.9,0.0,0.0,0.0,0.0,0.0,0.7271428571428572,38.24285714285714,65.37142857142858,4890.782,121,Walker2d-v5,6198,Agente_2
392.615487575531,67,1512280,577.3852930771276,722.5575888356548,417.83642160541115,228.7846153846154,5.65106559541915e-05,0.0,0.9,0.39887347460671346,19138,0.5,0.99,0.010523172054987427,6.298722961786631,0.8928160003713659,-0.022416469588170986,6.764669571696101,0.010523172054987427,0.8928160003713659,6.298722961786631,1.0,5.65106559541915e-05,5.65106559541915e-05,0.0,0.39887347460671346,0.39887347460671346,0.0,0.9,0.9,0.0,0.0,0.0,0.0,0.0,0.5549999999999999,31.624999999999996,63.25000000000001,5112.592,122,Walker2d-v5,6198,Agente_2
397.2960731983185,68,1531424,571.9453676439226,733.88040642052,205.72213516790106,230.45,5.65106559541915e-05,0.0,0.9,0.39887347460671346,19138,0.5,0.99,0.012033277805096224,6.311317767323675,0.8996815270668751,-0.023237254865769597,7.204894967981287,0.012033277805096224,0.8996815270668751,6.311317767323675,1.0,5.65106559541915e-05,5.65106559541915e-05,0.0,0.39887347460671346,0.39887347460671346,0.0,0.9,0.9,0.0,0.0,0.0,0.0,0.0,0.29714285714285715,42.01428571428571,64.6,4889.879,123,Walker2d-v5,6198,Agente_2
411.964403629303,66,1587856,648.8849770866138,811.7917387541366,508.22618667036807,247.7123287671233,3.0139016508902136e-05,0.0,0.99,0.4,22965,0.5,0.99,0.008416802342551323,6.6370695905251935,0.607606942680749,-0.007860197207297791,9.31041616526517,0.008416802342551323,0.607606942680749,6.6370695905251935,1.0,3.0139016508902136e-05,3.0139016508902136e-05,0.0,0.4,0.4,0.0,0.99,0.99,0.0,0.0,0.0,0.0,0.0,0.7166666666666668,33.855555555555554,70.1888888888889,6296.68,124,Walker2d-v5,6198,Agente_2
418.5558168888092,67,1610824,646.5137086312162,821.4871931592216,82.01556969635888,247.87,3.0139016508902136e-05,0.0,0.99,0.4,22965,0.5,0.99,0.00703681879732275,6.766474478895014,0.6124151076782833,-0.00792689758183604,9.224792991984975,0.00703681879732275,0.6124151076782833,6.766474478895014,1.0,3.0139016508902136e-05,3.0139016508902136e-05,0.0,0.4,0.4,0.0,0.99,0.99,0.0,0.0,0.0,0.0,0.0,0.6980000000000001,36.2,70.52,6439.132,125,Walker2d-v5,6198,Agente_2
423.98718094825745,68,1633792,644.8241867885479,858.2415164716987,411.1449825560488,245.67,3.0139016508902136e-05,0.0,0.99,0.4,22965,0.5,0.99,0.006885322833892877,6.737341362779791,0.6462235983122478,-0.009015211556106805,9.254889098080723,0.006885322833892877,0.6462235983122478,6.737341362779791,1.0,3.0139016508902136e-05,3.0139016508902136e-05,0.0,0.4,0.4,0.0,0.99,0.99,0.0,0.0,0.0,0.0,0.0,0.6014285714285714,44.41428571428571,70.41428571428573,6099.396,126,Walker2d-v5,6198,Agente_2
430.12779808044434,69,1656760,643.4495131246317,816.267008858996,399.44350847965745,242.71,3.0139016508902136e-05,0.0,0.99,0.4,22965,0.5,0.99,0.0071590798825790425,6.711229238726876,0.6360353793610226,-0.008395472077906809,9.287900309129196,0.0071590798825790425,0.6360353793610226,6.711229238726876,1.0,3.0139016508902136e-05,3.0139016508902136e-05,0.0,0.4,0.4,0.0,0.99,0.99,0.0,0.0,0.0,0.0,0.0,0.87,32.044444444444444,67.77777777777777,6106.234,127,Walker2d-v5,6198,Agente_2
436.3306841850281,70,1679728,626.782314497885,858.9725397081147,487.6851527951426,238.20792079207922,3.0139016508902136e-05,0.0,0.99,0.4,22965,0.5,0.99,0.007249452825447571,6.6886375882408835,0.665190787748857,-0.014110787979073145,9.262343124909835,0.007249452825447571,0.665190787748857,6.6886375882408835,1.0,3.0139016508902136e-05,3.0139016508902136e-05,0.0,0.4,0.4,0.0,0.99,0.99,0.0,0.0,0.0,0.0,0.0,0.5575,41.6125,66.775,6122.668,128,Walker2d-v5,6198,Agente_2
442.7462782859802,71,1702696,609.2613333177317,767.7290738376003,77.1684640009116,231.66,3.0139016508902136e-05,0.0,0.99,0.4,22965,0.5,0.99,0.006957976567678708,6.7682014378634365,0.6451333766633814,-0.014415787655690853,9.272441202943975,0.006957976567678708,0.6451333766633814,6.7682014378634365,1.0,3.0139016508902136e-05,3.0139016508902136e-05,0.0,0.4,0.4,0.0,0.99,0.99,0.0,0.0,0.0,0.0,0.0,0.568888888888889,39.355555555555554,70.1,6169.237,129,Walker2d-v5,6198,Agente_2
456.0041301250458,73,1773064,692.5340621968288,1011.2795583103751,486.0974542273888,252.2216216216216,8.154668014640611e-05,0.0,0.9,0.4603284073274415,50242,0.5,0.99,0.014710545968692082,6.416144319456451,0.6404453266031888,-0.013697397662326694,8.91811569758824,0.014710545968692082,0.6404453266031888,6.416144319456451,1.0,8.154668014640611e-05,8.154668014640611e-05,0.0,0.4603284073274415,0.4603284073274415,0.0,0.9,0.9,0.0,0.0,0.0,0.0,0.0,0.3225,38.61875,58.94375,11447.767,130,Walker2d-v5,6198,Agente_2
469.0324749946594,74,1823312,679.6945289448487,856.8836044551467,2.0380185836943863,243.57368421052632,8.154668014640611e-05,0.0,0.9,0.4603284073274415,50242,0.5,0.99,0.01377624961062304,6.333555770406917,0.8814174844902389,-0.014354236105609,6.615972801130646,0.01377624961062304,0.8814174844902389,6.333555770406917,1.0,8.154668014640611e-05,8.154668014640611e-05,0.0,0.4603284073274415,0.4603284073274415,0.0,0.9,0.9,0.0,0.0,0.0,0.0,0.0,0.7273684210526316,36.14736842105263,69.22631578947367,13016.739,131,Walker2d-v5,6198,Agente_2
481.7948091030121,75,1873560,677.0754128903138,884.3735022476001,475.6247729005494,241.48076923076923,8.154668014640611e-05,0.0,0.9,0.4603284073274415,50242,0.5,0.99,0.013892399775233237,6.416742069380624,0.8872244713865981,-0.012583734933286905,6.858414488909196,0.013892399775233237,0.8872244713865981,6.416742069380624,1.0,8.154668014640611e-05,8.154668014640611e-05,0.0,0.4603284073274415,0.4603284073274415,0.0,0.9,0.9,0.0,0.0,0.0,0.0,0.0,0.5111764705882352,36.95882352941176,62.92941176470588,12882.18,132,Walker2d-v5,6198,Agente_2
493.8488988876343,76,1923808,689.0282525014502,946.7774645972099,521.9498748449709,246.53439153439155,8.154668014640611e-05,0.0,0.9,0.4603284073274415,50242,0.5,0.99,0.014336974278320562,6.345643019676208,0.895183969091396,-0.017434480156255316,6.5869583402361185,0.014336974278320562,0.895183969091396,6.345643019676208,1.0,8.154668014640611e-05,8.154668014640611e-05,0.0,0.4603284073274415,0.4603284073274415,0.0,0.9,0.9,0.0,0.0,0.0,0.0,0.0,0.4888235294117647,37.08823529411765,62.1235294117647,12039.263,133,Walker2d-v5,6198,Agente_2
506.81254839897156,81,1964112,735.3713983987664,958.9252170278916,167.13536734552636,254.53956834532374,6.78127871450298e-05,0.0,0.99,0.4786481695280561,40299,0.5,0.99,0.013083590790539985,6.105151570148957,0.8075248186404889,-0.01438665121065405,7.774020267144228,0.013083590790539985,0.8075248186404889,6.105151570148957,1.0,6.78127871450298e-05,6.78127871450298e-05,0.0,0.4786481695280561,0.4786481695280561,0.0,0.99,0.99,0.0,0.0,0.0,0.0,0.0,0.6507142857142857,30.799999999999994,65.59285714285714,9760.483,134,Walker2d-v5,6198,Agente_2
513.4003162384033,82,2004416,732.5744871161572,963.658717611448,81.37133081996282,259.03125,6.78127871450298e-05,0.0,0.99,0.4786481695280561,40299,0.5,0.99,0.013687954706480302,6.299193049088503,0.8077106141891235,-0.01575928810171974,8.286115090052286,0.013687954706480302,0.8077106141891235,6.299193049088503,1.0,6.78127871450298e-05,6.78127871450298e-05,0.0,0.4786481695280561,0.4786481695280561,0.0,0.99,0.99,0.0,0.0,0.0,0.0,0.0,0.3222222222222222,15.644444444444446,46.21111111111111,8169.894,135,Walker2d-v5,6198,Agente_2
2.422067642211914,1,5216,-0.809683966288688,20.779519821225215,-16.011682520977587,19.031372549019608,8.95623755577042e-05,0.0,0.9554445762096649,0.3946863779397243,5210,0.5,0.99,0.03041198992927093,8.498385705947875,0.07601167440414429,-0.03719831693917513,4.989259343147278,0.03041198992927093,0.07601167440414429,8.498385705947875,1.0,8.95623755577042e-05,8.95623755577042e-05,0.0,0.3946863779397243,0.3946863779397243,0.0,0.9554445762096649,0.9554445762096649,0.0,0.0,0.0,0.0,0.0,0.17250000000000001,47.55,68.0,2409.355,0,Walker2d-v5,6198,Agente_3
4.156495571136475,2,10432,1.4343895463799385,50.81561151949283,-10.824107908394609,22.03404255319149,8.95623755577042e-05,0.0,0.9554445762096649,0.3946863779397243,5210,0.5,0.99,0.03399426120071439,8.428559732437133,0.25919550836086275,-0.04887234833091497,5.014655809402466,0.03399426120071439,0.25919550836086275,8.428559732437133,1.0,8.95623755577042e-05,8.95623755577042e-05,0.0,0.3946863779397243,0.3946863779397243,0.0,0.9554445762096649,0.9554445762096649,0.0,0.0,0.0,0.0,0.0,0.245,54.6,69.2,2064.165,1,Walker2d-v5,6198,Agente_3
5.796406269073486,3,15648,7.4970805734099795,65.22517891112709,-7.150643846319989,29.16867469879518,8.95623755577042e-05,0.0,0.9554445762096649,0.3946863779397243,5210,0.5,0.99,0.028004003687528894,8.313774814605713,0.27768749415874483,-0.05590947236865759,5.745563316345215,0.028004003687528894,0.27768749415874483,8.313774814605713,1.0,8.95623755577042e-05,8.95623755577042e-05,0.0,0.3946863779397243,0.3946863779397243,0.0,0.9554445762096649,0.9554445762096649,0.0,0.0,0.0,0.0,0.0,0.51,37.93333333333334,70.2,1917.807,2,Walker2d-v5,6198,Agente_3
7.053502798080444,4,20864,15.38414401337162,97.83850882360353,-10.812443568371938,42.643478260869564,8.95623755577042e-05,0.0,0.9554445762096649,0.3946863779397243,5210,0.5,0.99,0.017820297072757965,8.25861008644104,0.31096510410308836,-0.056478222459554674,6.867376732826233,0.017820297072757965,0.31096510410308836,8.25861008644104,1.0,8.95623755577042e-05,8.95623755577042e-05,0.0,0.3946863779397243,0.3946863779397243,0.0,0.9554445762096649,0.9554445762096649,0.0,0.0,0.0,0.0,0.0,0.85,38.4,70.5,1749.924,3,Walker2d-v5,6198,Agente_3
8.829087257385254,5,26080,24.19932070785231,169.06260554085281,-5.1639196524235675,57.42,8.95623755577042e-05,0.0,0.9554445762096649,0.3946863779397243,5210,0.5,0.99,0.01622976178798126,8.166954145431518,0.3405754721164703,-0.02847982831299305,7.485320329666138,0.01622976178798126,0.3405754721164703,8.166954145431518,1.0,8.95623755577042e-05,8.95623755577042e-05,0.0,0.3946863779397243,0.3946863779397243,0.0,0.9554445762096649,0.9554445762096649,0.0,0.0,0.0,0.0,0.0,0.66,33.93333333333334,71.2,1752.439,4,Walker2d-v5,6198,Agente_3
10.339054822921753,6,31296,40.997241539636995,358.83420646466806,-6.013623862715903,71.44,8.95623755577042e-05,0.0,0.9554445762096649,0.3946863779397243,5210,0.5,0.99,0.01600645642305608,8.081433811187743,0.3505785828828812,-0.02760988414287567,8.064097137451173,0.01600645642305608,0.3505785828828812,8.081433811187743,1.0,8.95623755577042e-05,8.95623755577042e-05,0.0,0.3946863779397243,0.3946863779397243,0.0,0.9554445762096649,0.9554445762096649,0.0,0.0,0.0,0.0,0.0,0.2,39.1,71.5,1709.751,5,Walker2d-v5,6198,Agente_3
11.935580968856812,7,36512,68.51070899053047,358.83420646466806,-6.013623862715903,95.01,8.95623755577042e-05,0.0,0.9554445762096649,0.3946863779397243,5210,0.5,0.99,0.014221930742496624,8.069719190597533,0.34270762622356415,-0.02970218926668167,8.44574179649353,0.014221930742496624,0.34270762622356415,8.069719190597533,1.0,8.95623755577042e-05,8.95623755577042e-05,0.0,0.3946863779397243,0.3946863779397243,0.0,0.9554445762096649,0.9554445762096649,0.0,0.0,0.0,0.0,0.0,0.9199999999999999,37.45,71.5,1690.904,6,Walker2d-v5,6198,Agente_3
13.486401081085205,8,41728,91.50210966560535,347.78939553837455,-4.96175003530314,111.5,8.95623755577042e-05,0.0,0.9554445762096649,0.3946863779397243,5210,0.5,0.99,0.012480914541956736,8.004699034690857,0.31955127835273744,-0.02170433335006237,9.142398414611817,0.012480914541956736,0.31955127835273744,8.004699034690857,1.0,8.95623755577042e-05,8.95623755577042e-05,0.0,0.3946863779397243,0.3946863779397243,0.0,0.9554445762096649,0.9554445762096649,0.0,0.0,0.0,0.0,0.0,0.8633333333333333,32.333333333333336,71.56666666666666,1671.741,7,Walker2d-v5,6198,Agente_3
14.932143926620483,9,46944,136.94666905620534,479.0452449217208,-4.96175003530314,141.53,8.95623755577042e-05,0.0,0.9554445762096649,0.3946863779397243,5210,0.5,0.99,0.014329667100828374,7.926578764915466,0.3247611278295517,-0.03812649939209223,9.137743148803711,0.014329667100828374,0.3247611278295517,7.926578764915466,1.0,8.95623755577042e-05,8.95623755577042e-05,0.0,0.3946863779397243,0.3946863779397243,0.0,0.9554445762096649,0.9554445762096649,0.0,0.0,0.0,0.0,0.0,0.83,37.6,71.65,1645.1,8,Walker2d-v5,6198,Agente_3
16.24866795539856,10,52160,172.72149525382167,479.0452449217208,-3.630265309221712,158.21,8.95623755577042e-05,0.0,0.9554445762096649,0.3946863779397243,5210,0.5,0.99,0.012978329319303157,7.959864835739136,0.332447412610054,-0.023993336483836173,9.199773359298707,0.012978329319303157,0.332447412610054,7.959864835739136,1.0,8.95623755577042e-05,8.95623755577042e-05,0.0,0.3946863779397243,0.3946863779397243,0.0,0.9554445762096649,0.9554445762096649,0.0,0.0,0.0,0.0,0.0,0.49,47.5,71.7,1611.263,9,Walker2d-v5,6198,Agente_3
17.604641914367676,11,57376,197.49400572394245,479.0452449217208,-3.630265309221712,167.24,8.95623755577042e-05,0.0,0.9554445762096649,0.3946863779397243,5210,0.5,0.99,0.014656903949507978,7.9545774126052855,0.33508597433567044,-0.03220097228884697,9.367689561843871,0.014656903949507978,0.33508597433567044,7.9545774126052855,1.0,8.95623755577042e-05,8.95623755577042e-05,0.0,0.3946863779397243,0.3946863779397243,0.0,0.9554445762096649,0.9554445762096649,0.0,0.0,0.0,0.0,0.0,0.915,38.5,71.7,1504.849,10,Walker2d-v5,6198,Agente_3
19.603595495224,12,62592,209.775109428679,456.83050511711616,15.192743045231813,169.4,8.95623755577042e-05,0.0,0.9554445762096649,0.3946863779397243,5210,0.5,0.99,0.012256051492367987,7.910713572502136,0.3294619566202164,-0.03671184074133635,9.567251482009887,0.012256051492367987,0.3294619566202164,7.910713572502136,1.0,8.95623755577042e-05,8.95623755577042e-05,0.0,0.3946863779397243,0.3946863779397243,0.0,0.9554445762096649,0.9554445762096649,0.0,0.0,0.0,0.0,0.0,0.42333333333333334,54.76666666666667,71.73333333333333,1531.476,11,Walker2d-v5,6198,Agente_3
21.2850444316864,13,67808,219.81769749859748,539.9730234357372,15.192743045231813,168.59,8.95623755577042e-05,0.0,0.9554445762096649,0.3946863779397243,5210,0.5,0.99,0.013692859494185541,7.906824684143066,0.2796357148885727,-0.01650242827832699,9.436836194992065,0.013692859494185541,0.2796357148885727,7.906824684143066,1.0,8.95623755577042e-05,8.95623755577042e-05,0.0,0.3946863779397243,0.3946863779397243,0.0,0.9554445762096649,0.9554445762096649,0.0,0.0,0.0,0.0,0.0,0.21333333333333335,57.300000000000004,71.8,1536.067,12,Walker2d-v5,6198,Agente_3
22.507364511489868,14,73024,237.85743554947746,539.9730234357372,5.119933098091359,175.91,8.95623755577042e-05,0.0,0.9554445762096649,0.3946863779397243,5210,0.5,0.99,0.012952257843571714,7.820052299499512,0.3200804591178894,-0.03984022438526154,9.509268646240235,0.012952257843571714,0.3200804591178894,7.820052299499512,1.0,8.95623755577042e-05,8.95623755577042e-05,0.0,0.3946863779397243,0.3946863779397243,0.0,0.9554445762096649,0.9554445762096649,0.0,0.0,0.0,0.0,0.0,0.88,33.6,71.9,1532.723,13,Walker2d-v5,6198,Agente_3
23.844356536865234,15,78240,250.84220517646355,539.9730234357372,5.119933098091359,178.97,8.95623755577042e-05,0.0,0.9554445762096649,0.3946863779397243,5210,0.5,0.99,0.015740053450281268,7.760248031616211,0.2601911044120789,-0.04658435644581914,9.561755714416504,0.015740053450281268,0.2601911044120789,7.760248031616211,1.0,8.95623755577042e-05,8.95623755577042e-05,0.0,0.3946863779397243,0.3946863779397243,0.0,0.9554445762096649,0.9554445762096649,0.0,0.0,0.0,0.0,0.0,0.925,25.85,72.0,1489.312,14,Walker2d-v5,6198,Agente_3
25.168258905410767,16,83456,258.1451517932738,491.04521721744715,5.119933098091359,178.91,8.95623755577042e-05,0.0,0.9554445762096649,0.3946863779397243,5210,0.5,0.99,0.01097004430659581,7.7059121799469,0.1898992305994034,-0.044017828162759544,9.678911046981812,0.01097004430659581,0.1898992305994034,7.7059121799469,1.0,8.95623755577042e-05,8.95623755577042e-05,0.0,0.3946863779397243,0.3946863779397243,0.0,0.9554445762096649,0.9554445762096649,0.0,0.0,0.0,0.0,0.0,0.985,25.7,71.6,1470.705,15,Walker2d-v5,6198,Agente_3
26.899367809295654,17,88672,259.1449026886113,481.4021308324407,5.119933098091359,167.94,8.95623755577042e-05,0.0,0.9554445762096649,0.3946863779397243,5210,0.5,0.99,0.013108835305611138,7.727895112037658,0.17104520082473754,-0.0378162557259202,9.713415002822876,0.013108835305611138,0.17104520082473754,7.727895112037658,1.0,8.95623755577042e-05,8.95623755577042e-05,0.0,0.3946863779397243,0.3946863779397243,0.0,0.9554445762096649,0.9554445762096649,0.0,0.0,0.0,0.0,0.0,0.915,37.65,71.8,1484.972,16,Walker2d-v5,6198,Agente_3
28.15175437927246,18,93888,268.4503904385333,436.3384232582115,41.59082545460471,167.64,8.95623755577042e-05,0.0,0.9554445762096649,0.3946863779397243,5210,0.5,0.99,0.013243609149576514,7.735224237442017,-0.07358912825584411,-0.04254294312559068,9.65268427848816,0.013243609149576514,-0.07358912825584411,7.735224237442017,1.0,8.95623755577042e-05,8.95623755577042e-05,0.0,0.3946863779397243,0.3946863779397243,0.0,0.9554445762096649,0.9554445762096649,0.0,0.0,0.0,0.0,0.0,0.98,36.7,71.8,1455.145,17,Walker2d-v5,6198,Agente_3
29.895591259002686,19,99104,281.57434818432546,464.46994941848607,74.96971651091316,172.78,8.95623755577042e-05,0.0,0.9554445762096649,0.3946863779397243,5210,0.5,0.99,0.013469623130804393,7.8122757005691525,0.11982025742530823,-0.03529739012941718,9.632909603118897,0.013469623130804393,0.11982025742530823,7.8122757005691525,1.0,8.95623755577042e-05,8.95623755577042e-05,0.0,0.3946863779397243,0.3946863779397243,0.0,0.9554445762096649,0.9554445762096649,0.0,0.0,0.0,0.0,0.0,0.68,41.1,71.73333333333333,1485.024,18,Walker2d-v5,6198,Agente_3
31.96405339241028,20,104320,284.8012399151118,464.46994941848607,74.96971651091316,173.52,8.95623755577042e-05,0.0,0.9554445762096649,0.3946863779397243,5210,0.5,0.99,0.013360035079240334,7.709599556922913,-0.032483103275299074,-0.042373742498457434,9.656861839294434,0.013360035079240334,-0.032483103275299074,7.709599556922913,1.0,8.95623755577042e-05,8.95623755577042e-05,0.0,0.3946863779397243,0.3946863779397243,0.0,0.9554445762096649,0.9554445762096649,0.0,0.0,0.0,0.0,0.0,0.5766666666666667,43.73333333333333,71.7,1559.825,19,Walker2d-v5,6198,Agente_3
33.85611963272095,21,109536,293.11411564774465,464.46994941848607,99.27447362904499,176.68,8.95623755577042e-05,0.0,0.9554445762096649,0.3946863779397243,5210,0.5,0.99,0.012027223817422055,7.812761120796203,0.08891836583614349,-0.04198612917214632,9.594417610168456,0.012027223817422055,0.08891836583614349,7.812761120796203,1.0,8.95623755577042e-05,8.95623755577042e-05,0.0,0.3946863779397243,0.3946863779397243,0.0,0.9554445762096649,0.9554445762096649,0.0,0.0,0.0,0.0,0.0,0.495,50.400000000000006,71.7,1613.533,20,Walker2d-v5,6198,Agente_3
35.16559982299805,22,114752,294.1787517312176,464.46994941848607,98.9730244769031,175.58,8.95623755577042e-05,0.0,0.9554445762096649,0.3946863779397243,5210,0.5,0.99,0.012580727494641905,7.741476764678955,0.01943037211894989,-0.038665687516331676,9.640857734680175,0.012580727494641905,0.01943037211894989,7.741476764678955,1.0,8.95623755577042e-05,8.95623755577042e-05,0.0,0.3946863779397243,0.3946863779397243,0.0,0.9554445762096649,0.9554445762096649,0.0,0.0,0.0,0.0,0.0,0.8200000000000001,37.7,71.7,1544.933,21,Walker2d-v5,6198,Agente_3
36.665258169174194,23,119968,291.44213794961934,424.0944826764501,98.9730244769031,172.14,8.95623755577042e-05,0.0,0.9554445762096649,0.3946863779397243,5210,0.5,0.99,0.010778514997073217,7.851466031074524,-0.05762681663036347,-0.036694410294294356,9.6175843334198,0.010778514997073217,-0.05762681663036347,7.851466031074524,1.0,8.95623755577042e-05,8.95623755577042e-05,0.0,0.3946863779397243,0.3946863779397243,0.0,0.9554445762096649,0.9554445762096649,0.0,0.0,0.0,0.0,0.0,0.815,36.5,71.7,1526.817,22,Walker2d-v5,6198,Agente_3
37.9489061832428,24,125184,288.4117754269361,397.6263049575504,98.9730244769031,172.0,8.95623755577042e-05,0.0,0.9554445762096649,0.3946863779397243,5210,0.5,0.99,0.011503997363033704,7.7651971292495725,-0.07802693486213684,-0.03585154661908746,9.637701768875122,0.011503997363033704,-0.07802693486213684,7.7651971292495725,1.0,8.95623755577042e-05,8.95623755577042e-05,0.0,0.3946863779397243,0.3946863779397243,0.0,0.9554445762096649,0.9554445762096649,0.0,0.0,0.0,0.0,0.0,0.9299999999999999,36.599999999999994,71.6,1532.869,23,Walker2d-v5,6198,Agente_3
39.55044388771057,25,130400,295.37487865221334,409.65665053501993,107.00445777222713,176.8,8.95623755577042e-05,0.0,0.9554445762096649,0.3946863779397243,5210,0.5,0.99,0.010542974243653589,7.715232448577881,-0.055973567962646485,-0.033094873931258914,9.557538232803346,0.010542974243653589,-0.055973567962646485,7.715232448577881,1.0,8.95623755577042e-05,8.95623755577042e-05,0.0,0.3946863779397243,0.3946863779397243,0.0,0.9554445762096649,0.9554445762096649,0.0,0.0,0.0,0.0,0.0,0.865,37.3,71.65,1558.847,24,Walker2d-v5,6198,Agente_3
40.91607069969177,26,135616,294.25940046070014,409.65665053501993,107.00445777222713,175.66,8.95623755577042e-05,0.0,0.9554445762096649,0.3946863779397243,5210,0.5,0.99,0.010022556935145985,7.779391765594482,-0.11081193208694458,-0.025470183100551366,9.307001857757568,0.010022556935145985,-0.11081193208694458,7.779391765594482,1.0,8.95623755577042e-05,8.95623755577042e-05,0.0,0.3946863779397243,0.3946863779397243,0.0,0.9554445762096649,0.9554445762096649,0.0,0.0,0.0,0.0,0.0,0.94,31.1,71.7,1563.424,25,Walker2d-v5,6198,Agente_3
42.234628677368164,27,140832,295.53994783590946,409.65665053501993,155.63853311236505,175.89,8.95623755577042e-05,0.0,0.9554445762096649,0.3946863779397243,5210,0.5,0.99,0.010732755572753376,7.757837467193603,-0.07453960835933686,-0.02671896940097213,9.291187534332275,0.010732755572753376,-0.07453960835933686,7.757837467193603,1.0,8.95623755577042e-05,8.95623755577042e-05,0.0,0.3946863779397243,0.3946863779397243,0.0,0.9554445762096649,0.9554445762096649,0.0,0.0,0.0,0.0,0.0,0.99,24.75,71.7,1521.944,26,Walker2d-v5,6198,Agente_3
43.66949415206909,28,146048,293.8856687397805,405.06420066319373,217.91922797228486,172.36,8.95623755577042e-05,0.0,0.9554445762096649,0.3946863779397243,5210,0.5,0.99,0.009830973667558283,7.865767974853515,-0.22864132046699523,-0.021486218147911133,9.067271552085877,0.009830973667558283,-0.22864132046699523,7.865767974853515,1.0,8.95623755577042e-05,8.95623755577042e-05,0.0,0.3946863779397243,0.3946863779397243,0.0,0.9554445762096649,0.9554445762096649,0.0,0.0,0.0,0.0,0.0,0.85,39.3,71.75,1540.218,27,Walker2d-v5,6198,Agente_3
45.68926525115967,29,151264,302.3144060835317,457.6780748741341,222.6459319381667,178.32,8.95623755577042e-05,0.0,0.9554445762096649,0.3946863779397243,5210,0.5,0.99,0.008514832899963949,7.831235160827637,-0.08301636457443237,-0.031046436741016804,9.020042905807495,0.008514832899963949,-0.08301636457443237,7.831235160827637,1.0,8.95623755577042e-05,8.95623755577042e-05,0.0,0.3946863779397243,0.3946863779397243,0.0,0.9554445762096649,0.9554445762096649,0.0,0.0,0.0,0.0,0.0,0.3466666666666667,55.46666666666667,71.76666666666667,1567.723,28,Walker2d-v5,6198,Agente_3
47.168111085891724,30,156480,308.3320897589503,457.6780748741341,225.99518164924498,182.77,8.95623755577042e-05,0.0,0.9554445762096649,0.3946863779397243,5210,0.5,0.99,0.009137217509633047,7.835924606323243,-0.17475512564182283,-0.025248398594558238,8.487325143814086,0.009137217509633047,-0.17475512564182283,7.835924606323243,1.0,8.95623755577042e-05,8.95623755577042e-05,0.0,0.3946863779397243,0.3946863779397243,0.0,0.9554445762096649,0.9554445762096649,0.0,0.0,0.0,0.0,0.0,0.2,42.55,71.75,1508.898,29,Walker2d-v5,6198,Agente_3
48.80179142951965,31,161696,309.2156990482695,457.6780748741341,235.34695077477832,182.24,8.95623755577042e-05,0.0,0.9554445762096649,0.3946863779397243,5210,0.5,0.99,0.007326665627988405,7.888913097381592,-0.2802018886804581,-0.02020871449261904,8.02299500465393,0.007326665627988405,-0.2802018886804581,7.888913097381592,1.0,8.95623755577042e-05,8.95623755577042e-05,0.0,0.3946863779397243,0.3946863779397243,0.0,0.9554445762096649,0.9554445762096649,0.0,0.0,0.0,0.0,0.0,0.83,38.55,71.75,1482.904,30,Walker2d-v5,6198,Agente_3
50.18929624557495,32,166912,306.87730256085126,454.1114663405988,98.53897606555721,183.62,8.95623755577042e-05,0.0,0.9554445762096649,0.3946863779397243,5210,0.5,0.99,0.008220338304745382,7.882886605262756,-0.08932750284671784,-0.02329907603561878,8.106505970954895,0.008220338304745382,-0.08932750284671784,7.882886605262756,1.0,8.95623755577042e-05,8.95623755577042e-05,0.0,0.3946863779397243,0.3946863779397243,0.0,0.9554445762096649,0.9554445762096649,0.0,0.0,0.0,0.0,0.0,0.905,36.65,71.7,1490.675,31,Walker2d-v5,6198,Agente_3
51.638458251953125,33,172128,303.49996645461465,454.1114663405988,98.53897606555721,182.16,8.95623755577042e-05,0.0,0.9554445762096649,0.3946863779397243,5210,0.5,0.99,0.008074709376960526,7.896896152496338,-0.0844478839635849,-0.025133294239640235,7.863241901397705,0.008074709376960526,-0.0844478839635849,7.896896152496338,1.0,8.95623755577042e-05,8.95623755577042e-05,0.0,0.3946863779397243,0.3946863779397243,0.0,0.9554445762096649,0.9554445762096649,0.0,0.0,0.0,0.0,0.0,0.18,35.7,64.25,1485.502,32,Walker2d-v5,6198,Agente_3
53.399497985839844,34,177344,304.0964849160915,454.1114663405988,98.53897606555721,182.84,8.95623755577042e-05,0.0,0.9554445762096649,0.3946863779397243,5210,0.5,0.99,0.0066941047566797356,7.877753367424011,0.013754073977470398,-0.021581219863146543,7.6226666021347045,0.0066941047566797356,0.013754073977470398,7.877753367424011,1.0,8.95623755577042e-05,8.95623755577042e-05,0.0,0.3946863779397243,0.3946863779397243,0.0,0.9554445762096649,0.9554445762096649,0.0,0.0,0.0,0.0,0.0,0.4033333333333333,38.26666666666667,64.60000000000001,1533.189,33,Walker2d-v5,6198,Agente_3
54.811745166778564,35,182560,304.7469068464932,472.65538154545914,111.29592782260242,183.07,8.95623755577042e-05,0.0,0.9554445762096649,0.3946863779397243,5210,0.5,0.99,0.007582286161741649,7.912849602699279,0.08537260770797729,-0.023646849375218153,7.373062553405762,0.007582286161741649,0.08537260770797729,7.912849602699279,1.0,8.95623755577042e-05,8.95623755577042e-05,0.0,0.3946863779397243,0.3946863779397243,0.0,0.9554445762096649,0.9554445762096649,0.0,0.0,0.0,0.0,0.0,0.975,37.0,68.1,1514.426,34,Walker2d-v5,6198,Agente_3
56.08124876022339,36,187776,312.9910885450612,484.13684036679285,111.76118232838456,187.68,8.95623755577042e-05,0.0,0.9554445762096649,0.3946863779397243,5210,0.5,0.99,0.006396766886100522,7.908092699050903,0.0722864454984665,-0.017594166146591306,7.3077281665802,0.006396766886100522,0.0722864454984665,7.908092699050903,1.0,8.95623755577042e-05,8.95623755577042e-05,0.0,0.3946863779397243,0.3946863779397243,0.0,0.9554445762096649,0.9554445762096649,0.0,0.0,0.0,0.0,0.0,0.87,27.1,69.9,1504.794,35,Walker2d-v5,6198,Agente_3
57.2623827457428,37,192992,314.28256488617035,484.13684036679285,101.50438987935375,189.47,8.95623755577042e-05,0.0,0.9554445762096649,0.3946863779397243,5210,0.5,0.99,0.010005712541696994,7.955670762062073,0.08950342297554016,-0.02022639276459813,7.459013524055481,0.010005712541696994,0.08950342297554016,7.955670762062073,1.0,8.95623755577042e-05,8.95623755577042e-05,0.0,0.3946863779397243,0.3946863779397243,0.0,0.9554445762096649,0.9554445762096649,0.0,0.0,0.0,0.0,0.0,0.52,34.0,70.8,1491.312,36,Walker2d-v5,6198,Agente_3
58.42898726463318,38,198208,312.0675281241207,484.13684036679285,101.50438987935375,189.26,8.95623755577042e-05,0.0,0.9554445762096649,0.3946863779397243,5210,0.5,0.99,0.006830956617304765,7.89045476436615,0.06485727369785309,-0.014564647823572158,6.776775074005127,0.006830956617304765,0.06485727369785309,7.89045476436615,1.0,8.95623755577042e-05,8.95623755577042e-05,0.0,0.3946863779397243,0.3946863779397243,0.0,0.9554445762096649,0.9554445762096649,0.0,0.0,0.0,0.0,0.0,0.97,32.150000000000006,63.55,1464.802,37,Walker2d-v5,6198,Agente_3
59.81367015838623,39,203424,312.175061846816,484.13684036679285,97.68353938702981,191.94,8.95623755577042e-05,0.0,0.9554445762096649,0.3946863779397243,5210,0.5,0.99,0.007365694536129013,7.978318877220154,0.16168695867061614,-0.01786503814160824,6.963107752799988,0.007365694536129013,0.16168695867061614,7.978318877220154,1.0,8.95623755577042e-05,8.95623755577042e-05,0.0,0.3946863779397243,0.3946863779397243,0.0,0.9554445762096649,0.9554445762096649,0.0,0.0,0.0,0.0,0.0,0.265,31.9,56.349999999999994,1401.721,38,Walker2d-v5,6198,Agente_3
61.253233432769775,40,208640,309.08115878143695,541.996054371288,97.68353938702981,189.37,8.95623755577042e-05,0.0,0.9554445762096649,0.3946863779397243,5210,0.5,0.99,0.0075957349143573084,7.857512140274048,0.04263205349445343,-0.020835070200264455,7.0901719665527345,0.0075957349143573084,0.04263205349445343,7.857512140274048,1.0,8.95623755577042e-05,8.95623755577042e-05,0.0,0.3946863779397243,0.3946863779397243,0.0,0.9554445762096649,0.9554445762096649,0.0,0.0,0.0,0.0,0.0,0.08,36.65,57.55,1397.659,39,Walker2d-v5,6198,Agente_3
62.614545822143555,41,213856,272.2235119214166,302.9822086965252,234.34133586877172,144.57142857142858,8.95623755577042e-05,0.0,0.9554445762096649,0.3946863779397243,5210,0.5,0.99,0.007251958538472979,7.651018137931824,-0.8806284964084625,-0.03580483946017921,6.674796180725098,0.007251958538472979,-0.8806284964084625,7.651018137931824,1.0,8.95623755577042e-05,8.95623755577042e-05,0.0,0.3946863779397243,0.3946863779397243,0.0,0.9554445762096649,0.9554445762096649,0.0,0.0,0.0,0.0,0.0,0.2866666666666667,18.366666666666667,61.46666666666666,1353.22,40,Walker2d-v5,6198,Agente_3
63.885403871536255,42,219072,302.80364977180886,384.38639380908415,234.34133586877172,173.10256410256412,8.95623755577042e-05,0.0,0.9554445762096649,0.3946863779397243,5210,0.5,0.99,0.007150917856051819,7.824442210197449,0.05377173125743866,-0.02247479574754834,6.532772741317749,0.007150917856051819,0.05377173125743866,7.824442210197449,1.0,8.95623755577042e-05,8.95623755577042e-05,0.0,0.3946863779397243,0.3946863779397243,0.0,0.9554445762096649,0.9554445762096649,0.0,0.0,0.0,0.0,0.0,0.08,47.5,62.8,1305.3,41,Walker2d-v5,6198,Agente_3
65.75346994400024,43,224288,305.4790251608458,411.29299996924476,234.34133586877172,174.5,8.95623755577042e-05,0.0,0.9554445762096649,0.3946863779397243,5210,0.5,0.99,0.007133912019162381,7.8560774755477905,0.11346868872642517,-0.020656635332852603,6.161879591941833,0.007133912019162381,0.11346868872642517,7.8560774755477905,1.0,8.95623755577042e-05,8.95623755577042e-05,0.0,0.3946863779397243,0.3946863779397243,0.0,0.9554445762096649,0.9554445762096649,0.0,0.0,0.0,0.0,0.0,0.5733333333333334,49.76666666666667,61.300000000000004,1488.864,42,Walker2d-v5,6198,Agente_3
67.17587018013,44,229504,310.5185268354363,454.2336889619038,234.34133586877172,177.98,8.95623755577042e-05,0.0,0.9554445762096649,0.3946863779397243,5210,0.5,0.99,0.006215706992443302,7.8848791646957395,0.16707079946994782,-0.022999305333942174,6.592728333473206,0.006215706992443302,0.16707079946994782,7.8848791646957395,1.0,8.95623755577042e-05,8.95623755577042e-05,0.0,0.3946863779397243,0.3946863779397243,0.0,0.9554445762096649,0.9554445762096649,0.0,0.0,0.0,0.0,0.0,0.32,35.75,60.5,1469.058,43,Walker2d-v5,6198,Agente_3
68.60600471496582,45,234720,311.00125082018764,454.2336889619038,125.488569872586,179.77,8.95623755577042e-05,0.0,0.9554445762096649,0.3946863779397243,5210,0.5,0.99,0.006840517437085509,7.849117722511291,0.26007603645324706,-0.020760290399193762,6.317938685417175,0.006840517437085509,0.26007603645324706,7.849117722511291,1.0,8.95623755577042e-05,8.95623755577042e-05,0.0,0.3946863779397243,0.3946863779397243,0.0,0.9554445762096649,0.9554445762096649,0.0,0.0,0.0,0.0,0.0,0.46,37.56666666666667,65.5,1459.182,44,Walker2d-v5,6198,Agente_3
70.55458950996399,46,239936,310.658494872616,454.2336889619038,125.488569872586,180.72,8.95623755577042e-05,0.0,0.9554445762096649,0.3946863779397243,5210,0.5,0.99,0.007402737243519368,7.811208000183106,0.2949343609809876,-0.017750724852085113,6.427758808135986,0.007402737243519368,0.2949343609809876,7.811208000183106,1.0,8.95623755577042e-05,8.95623755577042e-05,0.0,0.3946863779397243,0.3946863779397243,0.0,0.9554445762096649,0.9554445762096649,0.0,0.0,0.0,0.0,0.0,0.12,52.2,67.94999999999999,1538.414,45,Walker2d-v5,6198,Agente_3
72.17951035499573,47,245152,309.5149010525992,383.7140994054939,125.488569872586,179.8,8.95623755577042e-05,0.0,0.9554445762096649,0.3946863779397243,5210,0.5,0.99,0.006483476087469171,7.8134602308273315,0.3701054859161377,-0.016100076250731944,5.892072701454163,0.006483476087469171,0.3701054859161377,7.8134602308273315,1.0,8.95623755577042e-05,8.95623755577042e-05,0.0,0.3946863779397243,0.3946863779397243,0.0,0.9554445762096649,0.9554445762096649,0.0,0.0,0.0,0.0,0.0,0.15666666666666668,47.0,69.53333333333335,1548.847,46,Walker2d-v5,6198,Agente_3
73.76075482368469,48,250368,309.1627464423246,418.8843712550972,125.488569872586,180.18,8.95623755577042e-05,0.0,0.9554445762096649,0.3946863779397243,5210,0.5,0.99,0.008905708640922968,7.866090006828308,0.287927423119545,-0.01632289554923773,5.805015339851379,0.008905708640922968,0.287927423119545,7.866090006828308,1.0,8.95623755577042e-05,8.95623755577042e-05,0.0,0.3946863779397243,0.3946863779397243,0.0,0.9554445762096649,0.9554445762096649,0.0,0.0,0.0,0.0,0.0,0.625,40.5,70.1,1551.472,47,Walker2d-v5,6198,Agente_3
75.18023943901062,49,255584,311.03870342846506,418.8843712550972,117.39709537152356,182.4,8.95623755577042e-05,0.0,0.9554445762096649,0.3946863779397243,5210,0.5,0.99,0.007996351067413343,7.8962077617645265,0.29398074209690095,-0.017912828885018824,5.785387177467346,0.007996351067413343,0.29398074209690095,7.8962077617645265,1.0,8.95623755577042e-05,8.95623755577042e-05,0.0,0.3946863779397243,0.3946863779397243,0.0,0.9554445762096649,0.9554445762096649,0.0,0.0,0.0,0.0,0.0,0.76,32.25,70.1,1535.335,48,Walker2d-v5,6198,Agente_3
77.02028369903564,50,260800,314.37680403544107,430.07530804747284,117.39709537152356,184.72,8.95623755577042e-05,0.0,0.9554445762096649,0.3946863779397243,5210,0.5,0.99,0.00640247257275405,7.902601599693298,0.3775286328792572,-0.019700685497373343,5.713925132751465,0.00640247257275405,0.3775286328792572,7.902601599693298,1.0,8.95623755577042e-05,8.95623755577042e-05,0.0,0.3946863779397243,0.3946863779397243,0.0,0.9554445762096649,0.9554445762096649,0.0,0.0,0.0,0.0,0.0,0.6,42.3,70.9,1564.932,49,Walker2d-v5,6198,Agente_3
78.36381363868713,51,266016,317.13673746289425,430.07530804747284,117.39709537152356,186.23,8.95623755577042e-05,0.0,0.9554445762096649,0.3946863779397243,5210,0.5,0.99,0.00676966770857689,7.800045170783997,0.31335599839687345,-0.019925671014934778,5.179344403743744,0.00676966770857689,0.31335599839687345,7.800045170783997,1.0,8.95623755577042e-05,8.95623755577042e-05,0.0,0.3946863779397243,0.3946863779397243,0.0,0.9554445762096649,0.9554445762096649,0.0,0.0,0.0,0.0,0.0,0.89,30.200000000000003,70.8,1563.099,50,Walker2d-v5,6198,Agente_3
79.64497494697571,52,271232,318.27598526744094,430.07530804747284,117.39709537152356,186.13,8.95623755577042e-05,0.0,0.9554445762096649,0.3946863779397243,5210,0.5,0.99,0.0066748929933237375,7.818711152076721,0.27296140015125275,-0.017320805136114358,5.018002779483795,0.0066748929933237375,0.27296140015125275,7.818711152076721,1.0,8.95623755577042e-05,8.95623755577042e-05,0.0,0.3946863779397243,0.3946863779397243,0.0,0.9554445762096649,0.9554445762096649,0.0,0.0,0.0,0.0,0.0,0.79,29.1,70.9,1564.279,51,Walker2d-v5,6198,Agente_3
80.91640782356262,53,276448,323.5568020456582,430.07530804747284,250.77553143282316,187.8,8.95623755577042e-05,0.0,0.9554445762096649,0.3946863779397243,5210,0.5,0.99,0.006424618806995568,7.750125007629395,0.1865748280286789,-0.01652190860360861,5.113493266105652,0.006424618806995568,0.1865748280286789,7.750125007629395,1.0,8.95623755577042e-05,8.95623755577042e-05,0.0,0.3946863779397243,0.3946863779397243,0.0,0.9554445762096649,0.9554445762096649,0.0,0.0,0.0,0.0,0.0,0.99,34.3,70.8,1504.521,52,Walker2d-v5,6198,Agente_3
82.38659334182739,54,281664,323.78528784323936,463.52369102076375,250.77553143282316,187.44,8.95623755577042e-05,0.0,0.9554445762096649,0.3946863779397243,5210,0.5,0.99,0.006239000126879546,7.742005972862244,0.33228897988796235,-0.009103773152455688,4.620256569385528,0.006239000126879546,0.33228897988796235,7.742005972862244,1.0,8.95623755577042e-05,8.95623755577042e-05,0.0,0.3946863779397243,0.3946863779397243,0.0,0.9554445762096649,0.9554445762096649,0.0,0.0,0.0,0.0,0.0,0.49666666666666665,35.1,70.83333333333333,1509.553,53,Walker2d-v5,6198,Agente_3
83.82276058197021,55,286880,322.22314312420974,463.52369102076375,250.77553143282316,185.82,8.95623755577042e-05,0.0,0.9554445762096649,0.3946863779397243,5210,0.5,0.99,0.005788955387397436,7.65063542842865,0.34984288692474363,-0.007345061367377639,4.7238147568702695,0.005788955387397436,0.34984288692474363,7.65063542842865,1.0,8.95623755577042e-05,8.95623755577042e-05,0.0,0.3946863779397243,0.3946863779397243,0.0,0.9554445762096649,0.9554445762096649,0.0,0.0,0.0,0.0,0.0,0.61,33.25,70.9,1510.202,54,Walker2d-v5,6198,Agente_3
85.07022523880005,56,292096,320.8076980573937,463.52369102076375,250.77553143282316,183.44,8.95623755577042e-05,0.0,0.9554445762096649,0.3946863779397243,5210,0.5,0.99,0.0065982180419450745,7.655219993591309,0.36978403210639954,-0.0042326140590012076,4.612096247673034,0.0065982180419450745,0.36978403210639954,7.655219993591309,1.0,8.95623755577042e-05,8.95623755577042e-05,0.0,0.3946863779397243,0.3946863779397243,0.0,0.9554445762096649,0.9554445762096649,0.0,0.0,0.0,0.0,0.0,0.99,34.5,64.9,1440.574,55,Walker2d-v5,6198,Agente_3
86.45702385902405,57,297312,321.12512645694784,525.741567010666,247.98349784244078,183.06,8.95623755577042e-05,0.0,0.9554445762096649,0.3946863779397243,5210,0.5,0.99,0.006711933389224214,7.6977773284912105,0.37376129925251006,-0.013524482194334268,4.488716795444488,0.006711933389224214,0.37376129925251006,7.6977773284912105,1.0,8.95623755577042e-05,8.95623755577042e-05,0.0,0.3946863779397243,0.3946863779397243,0.0,0.9554445762096649,0.9554445762096649,0.0,0.0,0.0,0.0,0.0,0.66,32.9,62.63333333333333,1417.168,56,Walker2d-v5,6198,Agente_3
88.0961549282074,58,302528,322.33289929081616,525.741567010666,135.05797354831552,185.12,8.95623755577042e-05,0.0,0.9554445762096649,0.3946863779397243,5210,0.5,0.99,0.00674485347351947,7.669298191070556,0.40664265155792234,-0.009574887193739414,4.4512669730186465,0.00674485347351947,0.40664265155792234,7.669298191070556,1.0,8.95623755577042e-05,8.95623755577042e-05,0.0,0.3946863779397243,0.3946863779397243,0.0,0.9554445762096649,0.9554445762096649,0.0,0.0,0.0,0.0,0.0,0.44999999999999996,46.75,63.25,1422.761,57,Walker2d-v5,6198,Agente_3
89.45763111114502,59,307744,322.73707562620984,525.741567010666,135.05797354831552,185.01,8.95623755577042e-05,0.0,0.9554445762096649,0.3946863779397243,5210,0.5,0.99,0.006032625981833917,7.726222271919251,0.382426096200943,-0.010403567673638463,4.096437849998474,0.006032625981833917,0.382426096200943,7.726222271919251,1.0,8.95623755577042e-05,8.95623755577042e-05,0.0,0.3946863779397243,0.3946863779397243,0.0,0.9554445762096649,0.9554445762096649,0.0,0.0,0.0,0.0,0.0,0.31,34.150000000000006,60.150000000000006,1417.476,58,Walker2d-v5,6198,Agente_3
90.85392665863037,60,312960,328.7042434435591,444.677569609273,135.05797354831552,189.25,8.95623755577042e-05,0.0,0.9554445762096649,0.3946863779397243,5210,0.5,0.99,0.006469797282952641,7.67482506275177,0.3971830552816391,-0.01251365308649838,4.120673983097077,0.006469797282952641,0.3971830552816391,7.67482506275177,1.0,8.95623755577042e-05,8.95623755577042e-05,0.0,0.3946863779397243,0.3946863779397243,0.0,0.9554445762096649,0.9554445762096649,0.0,0.0,0.0,0.0,0.0,0.525,29.0,62.55,1372.599,59,Walker2d-v5,6198,Agente_3
92.21602821350098,61,318176,283.93591495157335,305.08723405264345,245.62032443506132,150.28571428571428,8.95623755577042e-05,0.0,0.9554445762096649,0.3946863779397243,5210,0.5,0.99,0.006248477639456359,7.640258584022522,-0.5251064658164978,-0.001004406390711665,3.5268800187110902,0.006248477639456359,-0.5251064658164978,7.640258584022522,1.0,8.95623755577042e-05,8.95623755577042e-05,0.0,0.3946863779397243,0.3946863779397243,0.0,0.9554445762096649,0.9554445762096649,0.0,0.0,0.0,0.0,0.0,0.8666666666666667,21.833333333333332,61.46666666666667,1349.542,60,Walker2d-v5,6198,Agente_3
93.59386825561523,62,323392,322.3255751796411,416.20483931393693,245.62032443506132,182.43589743589743,8.95623755577042e-05,0.0,0.9554445762096649,0.3946863779397243,5210,0.5,0.99,0.007899111888436892,7.719283084869385,0.44235238909721375,-0.014937497088685631,3.915213053226471,0.007899111888436892,0.44235238909721375,7.719283084869385,1.0,8.95623755577042e-05,8.95623755577042e-05,0.0,0.3946863779397243,0.3946863779397243,0.0,0.9554445762096649,0.9554445762096649,0.0,0.0,0.0,0.0,0.0,0.2,36.1,56.95,1357.191,61,Walker2d-v5,6198,Agente_3
95.45546674728394,63,328608,323.7258910035522,416.20483931393693,245.62032443506132,183.23076923076923,8.95623755577042e-05,0.0,0.9554445762096649,0.3946863779397243,5210,0.5,0.99,0.008460976150254283,7.849968266487122,0.4962282329797745,-0.005464113000780344,4.450981166362762,0.008460976150254283,0.4962282329797745,7.849968266487122,1.0,8.95623755577042e-05,8.95623755577042e-05,0.0,0.3946863779397243,0.3946863779397243,0.0,0.9554445762096649,0.9554445762096649,0.0,0.0,0.0,0.0,0.0,0.16499999999999998,40.7,58.400000000000006,1520.735,62,Walker2d-v5,6198,Agente_3
96.9450089931488,64,333824,319.9270551109629,416.20483931393693,214.79730883157418,183.80645161290323,8.95623755577042e-05,0.0,0.9554445762096649,0.3946863779397243,5210,0.5,0.99,0.006072992729714315,7.888727369308472,0.5138807439804077,-0.0072730698809027675,4.74761236667633,0.006072992729714315,0.5138807439804077,7.888727369308472,1.0,8.95623755577042e-05,8.95623755577042e-05,0.0,0.3946863779397243,0.3946863779397243,0.0,0.9554445762096649,0.9554445762096649,0.0,0.0,0.0,0.0,0.0,0.77,46.55,62.45,1509.649,63,Walker2d-v5,6198,Agente_3
98.48667287826538,65,339040,327.3132524132588,547.3659930232176,214.79730883157418,189.53,8.95623755577042e-05,0.0,0.9554445762096649,0.3946863779397243,5210,0.5,0.99,0.0064615007921111104,7.787358636856079,0.468178933262825,-0.006246667932718992,4.498376445770264,0.0064615007921111104,0.468178933262825,7.787358636856079,1.0,8.95623755577042e-05,8.95623755577042e-05,0.0,0.3946863779397243,0.3946863779397243,0.0,0.9554445762096649,0.9554445762096649,0.0,0.0,0.0,0.0,0.0,0.33666666666666667,46.56666666666666,66.63333333333334,1513.307,64,Walker2d-v5,6198,Agente_3
99.70296430587769,66,344256,328.3082025857164,547.3659930232176,214.79730883157418,192.18,8.95623755577042e-05,0.0,0.9554445762096649,0.3946863779397243,5210,0.5,0.99,0.008107070452579137,7.6948809146881105,0.45390633583068846,-0.010884093507193028,4.408880355358124,0.008107070452579137,0.45390633583068846,7.6948809146881105,1.0,8.95623755577042e-05,8.95623755577042e-05,0.0,0.3946863779397243,0.3946863779397243,0.0,0.9554445762096649,0.9554445762096649,0.0,0.0,0.0,0.0,0.0,0.15,47.7,68.0,1462.072,65,Walker2d-v5,6198,Agente_3
101.08319973945618,67,349472,334.13217977548345,547.3659930232176,227.04241352177544,193.68,8.95623755577042e-05,0.0,0.9554445762096649,0.3946863779397243,5210,0.5,0.99,0.006835935375929694,7.461789579391479,0.5004556614160538,-0.006504260171204805,4.709711892604828,0.006835935375929694,0.5004556614160538,7.461789579391479,1.0,8.95623755577042e-05,8.95623755577042e-05,0.0,0.3946863779397243,0.3946863779397243,0.0,0.9554445762096649,0.9554445762096649,0.0,0.0,0.0,0.0,0.0,0.535,35.25,64.55000000000001,1448.609,66,Walker2d-v5,6198,Agente_3
102.39041209220886,68,354688,334.4953733009412,547.3659930232176,126.63981617368017,194.68,8.95623755577042e-05,0.0,0.9554445762096649,0.3946863779397243,5210,0.5,0.99,0.006499993929828633,7.647454538345337,0.5229128044843674,-0.02048285407945514,4.66824392080307,0.006499993929828633,0.5229128044843674,7.647454538345337,1.0,8.95623755577042e-05,8.95623755577042e-05,0.0,0.3946863779397243,0.3946863779397243,0.0,0.9554445762096649,0.9554445762096649,0.0,0.0,0.0,0.0,0.0,0.53,28.65,62.900000000000006,1429.233,67,Walker2d-v5,6198,Agente_3
103.99445986747742,69,359904,328.5871271062439,488.0837169198911,126.63981617368017,189.53,8.95623755577042e-05,0.0,0.9554445762096649,0.3946863779397243,5210,0.5,0.99,0.0072857711332471806,7.575273904800415,0.5296207743883133,-0.04256797270849347,4.382806975841522,0.0072857711332471806,0.5296207743883133,7.575273904800415,1.0,8.95623755577042e-05,8.95623755577042e-05,0.0,0.3946863779397243,0.3946863779397243,0.0,0.9554445762096649,0.9554445762096649,0.0,0.0,0.0,0.0,0.0,0.81,40.5,65.1,1447.049,68,Walker2d-v5,6198,Agente_3
107.35831427574158,71,370336,273.6205067554453,297.91386096793235,217.84796277520473,144.83333333333334,8.95623755577042e-05,0.0,0.9554445762096649,0.3946863779397243,5210,0.5,0.99,0.006823836995755038,7.525731244087219,-0.17192460775375365,0.0014697917364537717,3.309906873703003,0.006823836995755038,-0.17192460775375365,7.525731244087219,1.0,8.95623755577042e-05,8.95623755577042e-05,0.0,0.3946863779397243,0.3946863779397243,0.0,0.9554445762096649,0.9554445762096649,0.0,0.0,0.0,0.0,0.0,0.6699999999999999,23.566666666666666,70.16666666666667,1633.798,69,Walker2d-v5,6198,Agente_3
108.89347100257874,72,375552,322.1639947535172,389.6330949584786,217.84796277520473,181.66666666666666,8.95623755577042e-05,0.0,0.9554445762096649,0.3946863779397243,5210,0.5,0.99,0.007151067310587678,7.639570531845092,0.6378169995546341,-0.008072743406519294,3.8291434717178343,0.007151067310587678,0.6378169995546341,7.639570531845092,1.0,8.95623755577042e-05,8.95623755577042e-05,0.0,0.3946863779397243,0.3946863779397243,0.0,0.9554445762096649,0.9554445762096649,0.0,0.0,0.0,0.0,0.0,0.9450000000000001,37.900000000000006,70.5,1579.787,70,Walker2d-v5,6198,Agente_3
110.6871337890625,73,380768,328.9719971853684,409.12868443071926,217.84796277520473,185.140625,8.95623755577042e-05,0.0,0.9554445762096649,0.3946863779397243,5210,0.5,0.99,0.0077206753157952335,7.620693368911743,0.5293173497915268,-0.007856838349252939,4.204602651596069,0.0077206753157952335,0.5293173497915268,7.620693368911743,1.0,8.95623755577042e-05,8.95623755577042e-05,0.0,0.3946863779397243,0.3946863779397243,0.0,0.9554445762096649,0.9554445762096649,0.0,0.0,0.0,0.0,0.0,0.3133333333333333,44.73333333333333,70.43333333333334,1647.345,71,Walker2d-v5,6198,Agente_3
112.25859642028809,74,385984,330.6768417903619,441.23700643952617,217.84796277520473,186.83157894736843,8.95623755577042e-05,0.0,0.9554445762096649,0.3946863779397243,5210,0.5,0.99,0.00784310875900701,7.561267700195312,0.5973728412389755,-0.009527428969740868,4.318852591514587,0.00784310875900701,0.5973728412389755,7.561267700195312,1.0,8.95623755577042e-05,8.95623755577042e-05,0.0,0.3946863779397243,0.3946863779397243,0.0,0.9554445762096649,0.9554445762096649,0.0,0.0,0.0,0.0,0.0,0.575,33.15,70.45,1625.27,72,Walker2d-v5,6198,Agente_3
113.61134767532349,75,391200,335.06107137771454,441.23700643952617,235.5052072682031,188.7,8.95623755577042e-05,0.0,0.9554445762096649,0.3946863779397243,5210,0.5,0.99,0.007263022887036641,7.4815092325210575,0.60075623691082,-0.008867023838683962,4.263878977298736,0.007263022887036641,0.60075623691082,7.4815092325210575,1.0,8.95623755577042e-05,8.95623755577042e-05,0.0,0.3946863779397243,0.3946863779397243,0.0,0.9554445762096649,0.9554445762096649,0.0,0.0,0.0,0.0,0.0,0.98,33.75,70.45,1568.652,73,Walker2d-v5,6198,Agente_3
115.17611050605774,76,396416,332.13034117333183,441.23700643952617,235.5052072682031,187.01,8.95623755577042e-05,0.0,0.9554445762096649,0.3946863779397243,5210,0.5,0.99,0.0089928566369872,7.49628125667572,0.6036361145973206,-0.006867456212639809,4.12482194185257,0.0089928566369872,0.6036361145973206,7.49628125667572,1.0,8.95623755577042e-05,8.95623755577042e-05,0.0,0.3946863779397243,0.3946863779397243,0.0,0.9554445762096649,0.9554445762096649,0.0,0.0,0.0,0.0,0.0,0.87,40.9,70.4,1565.603,74,Walker2d-v5,6198,Agente_3
116.9397349357605,77,401632,328.4208720718627,417.5497383034315,235.5052072682031,182.98,8.95623755577042e-05,0.0,0.9554445762096649,0.3946863779397243,5210,0.5,0.99,0.007613672923289414,7.409374189376831,0.6332078152894973,-0.005348303560167551,3.9247811937332155,0.007613672923289414,0.6332078152894973,7.409374189376831,1.0,8.95623755577042e-05,8.95623755577042e-05,0.0,0.3946863779397243,0.3946863779397243,0.0,0.9554445762096649,0.9554445762096649,0.0,0.0,0.0,0.0,0.0,0.775,45.849999999999994,70.4,1592.083,75,Walker2d-v5,6198,Agente_3
118.35081171989441,78,406848,328.3826721788587,417.8096322082714,235.5052072682031,182.87,8.95623755577042e-05,0.0,0.9554445762096649,0.3946863779397243,5210,0.5,0.99,0.009639406057522138,7.399335227012634,0.5735393995046616,-0.0064497564174234865,4.022628836631775,0.009639406057522138,0.5735393995046616,7.399335227012634,1.0,8.95623755577042e-05,8.95623755577042e-05,0.0,0.3946863779397243,0.3946863779397243,0.0,0.9554445762096649,0.9554445762096649,0.0,0.0,0.0,0.0,0.0,0.17,39.6,70.4,1568.143,76,Walker2d-v5,6198,Agente_3
119.88366317749023,79,412064,327.85392732588775,417.8096322082714,280.78033297562945,181.94,8.95623755577042e-05,0.0,0.9554445762096649,0.3946863779397243,5210,0.5,0.99,0.007955976738012396,7.6133873701095585,0.6511173808574676,-0.0008308742009103298,3.844564323425293,0.007955976738012396,0.6511173808574676,7.6133873701095585,1.0,8.95623755577042e-05,8.95623755577042e-05,0.0,0.3946863779397243,0.3946863779397243,0.0,0.9554445762096649,0.9554445762096649,0.0,0.0,0.0,0.0,0.0,0.865,35.1,70.4,1563.119,77,Walker2d-v5,6198,Agente_3
121.39770531654358,80,417280,330.4098947112819,434.23035494670205,255.59710278998287,184.48,8.95623755577042e-05,0.0,0.9554445762096649,0.3946863779397243,5210,0.5,0.99,0.007837669780092255,7.451048641204834,0.5966229683160782,-0.005155420247465372,3.773258149623871,0.007837669780092255,0.5966229683160782,7.451048641204834,1.0,8.95623755577042e-05,8.95623755577042e-05,0.0,0.3946863779397243,0.3946863779397243,0.0,0.9554445762096649,0.9554445762096649,0.0,0.0,0.0,0.0,0.0,0.8766666666666666,31.5,70.4,1557.043,78,Walker2d-v5,6198,Agente_3
122.99719572067261,81,422496,328.0081337504054,434.23035494670205,255.59710278998287,182.59,8.95623755577042e-05,0.0,0.9554445762096649,0.3946863779397243,5210,0.5,0.99,0.007405825811392788,7.500090026855469,0.6567578786611556,0.006300457464531064,3.6507910013198854,0.007405825811392788,0.6567578786611556,7.500090026855469,1.0,8.95623755577042e-05,8.95623755577042e-05,0.0,0.3946863779397243,0.3946863779397243,0.0,0.9554445762096649,0.9554445762096649,0.0,0.0,0.0,0.0,0.0,0.15,49.900000000000006,70.4,1552.667,79,Walker2d-v5,6198,Agente_3
124.55567812919617,82,427712,328.89443916227697,434.23035494670205,255.59710278998287,182.13,8.95623755577042e-05,0.0,0.9554445762096649,0.3946863779397243,5210,0.5,0.99,0.007822561887669508,7.430811643600464,0.6445330309867859,0.012531166151165962,3.542471163272858,0.007822561887669508,0.6445330309867859,7.430811643600464,1.0,8.95623755577042e-05,8.95623755577042e-05,0.0,0.3946863779397243,0.3946863779397243,0.0,0.9554445762096649,0.9554445762096649,0.0,0.0,0.0,0.0,0.0,0.585,40.95,70.4,1555.088,80,Walker2d-v5,6198,Agente_3
125.89827370643616,83,432928,334.989736009835,516.5162442624237,267.71290977973115,186.29,8.95623755577042e-05,0.0,0.9554445762096649,0.3946863779397243,5210,0.5,0.99,0.007478438068937976,7.3916991472244264,0.6180804258584977,0.00333707807585597,3.3554855036735534,0.007478438068937976,0.6180804258584977,7.3916991472244264,1.0,8.95623755577042e-05,8.95623755577042e-05,0.0,0.3946863779397243,0.3946863779397243,0.0,0.9554445762096649,0.9554445762096649,0.0,0.0,0.0,0.0,0.0,0.98,30.95,70.4,1509.885,81,Walker2d-v5,6198,Agente_3
127.18406248092651,84,438144,330.01259608559945,516.5162442624237,267.71290977973115,181.85,8.95623755577042e-05,0.0,0.9554445762096649,0.3946863779397243,5210,0.5,0.99,0.0065249036885143144,7.41882441520691,0.6069866716861725,-0.001146565843373537,3.8270830607414243,0.0065249036885143144,0.6069866716861725,7.41882441520691,1.0,8.95623755577042e-05,8.95623755577042e-05,0.0,0.3946863779397243,0.3946863779397243,0.0,0.9554445762096649,0.9554445762096649,0.0,0.0,0.0,0.0,0.0,0.885,29.450000000000003,70.4,1481.448,82,Walker2d-v5,6198,Agente_3
128.92176985740662,85,443360,329.0173484842201,516.5162442624237,267.71290977973115,181.77,8.95623755577042e-05,0.0,0.9554445762096649,0.3946863779397243,5210,0.5,0.99,0.009115820451988839,7.444315896034241,0.612093334197998,0.003975022295489908,3.8340507793426513,0.009115820451988839,0.612093334197998,7.444315896034241,1.0,8.95623755577042e-05,8.95623755577042e-05,0.0,0.3946863779397243,0.3946863779397243,0.0,0.9554445762096649,0.9554445762096649,0.0,0.0,0.0,0.0,0.0,0.585,49.55,70.4,1519.668,83,Walker2d-v5,6198,Agente_3
130.7160620689392,86,448576,322.33727401777685,399.84841564960806,178.11519507356542,177.58,8.95623755577042e-05,0.0,0.9554445762096649,0.3946863779397243,5210,0.5,0.99,0.007769169504463207,7.350716528892517,0.6733848702907562,-0.005731818918138743,3.9414404964447023,0.007769169504463207,0.6733848702907562,7.350716528892517,1.0,8.95623755577042e-05,8.95623755577042e-05,0.0,0.3946863779397243,0.3946863779397243,0.0,0.9554445762096649,0.9554445762096649,0.0,0.0,0.0,0.0,0.0,0.42999999999999994,40.53333333333334,70.4,1543.172,84,Walker2d-v5,6198,Agente_3
132.126859664917,87,453792,323.8682551074477,399.84841564960806,178.11519507356542,178.98,8.95623755577042e-05,0.0,0.9554445762096649,0.3946863779397243,5210,0.5,0.99,0.00841907183071271,7.364434285163879,0.640183464884758,0.009355775183066725,4.034792079925537,0.00841907183071271,0.640183464884758,7.364434285163879,1.0,8.95623755577042e-05,8.95623755577042e-05,0.0,0.3946863779397243,0.3946863779397243,0.0,0.9554445762096649,0.9554445762096649,0.0,0.0,0.0,0.0,0.0,0.915,35.15,70.4,1507.87,85,Walker2d-v5,6198,Agente_3
133.3409502506256,88,459008,324.3430103579863,408.76083252381136,178.11519507356542,179.19,8.95623755577042e-05,0.0,0.9554445762096649,0.3946863779397243,5210,0.5,0.99,0.008011130575523566,7.262433423995971,0.6481500262022019,0.0031962279789149763,4.045749430656433,0.008011130575523566,0.6481500262022019,7.262433423995971,1.0,8.95623755577042e-05,8.95623755577042e-05,0.0,0.3946863779397243,0.3946863779397243,0.0,0.9554445762096649,0.9554445762096649,0.0,0.0,0.0,0.0,0.0,0.85,28.8,70.4,1487.871,86,Walker2d-v5,6198,Agente_3
134.65442442893982,89,464224,330.7549450692431,422.60239449939525,245.02737423241035,182.08,8.95623755577042e-05,0.0,0.9554445762096649,0.3946863779397243,5210,0.5,0.99,0.008617428340894549,7.321976079940796,0.696676059961319,0.00489740502089262,3.5698444557189943,0.008617428340894549,0.696676059961319,7.321976079940796,1.0,8.95623755577042e-05,8.95623755577042e-05,0.0,0.3946863779397243,0.3946863779397243,0.0,0.9554445762096649,0.9554445762096649,0.0,0.0,0.0,0.0,0.0,0.64,45.650000000000006,70.4,1465.933,87,Walker2d-v5,6198,Agente_3
136.012309551239,90,469440,331.0463108829868,422.60239449939525,245.02737423241035,182.01,8.95623755577042e-05,0.0,0.9554445762096649,0.3946863779397243,5210,0.5,0.99,0.008032172876992262,7.3296842193603515,0.673476682305336,-0.0013990662386640907,3.7307913851737977,0.008032172876992262,0.673476682305336,7.3296842193603515,1.0,8.95623755577042e-05,8.95623755577042e-05,0.0,0.3946863779397243,0.3946863779397243,0.0,0.9554445762096649,0.9554445762096649,0.0,0.0,0.0,0.0,0.0,0.48,38.5,67.6,1450.322,88,Walker2d-v5,6198,Agente_3
137.58506178855896,91,474656,301.7155165533932,316.7826593791272,288.54988182631905,157.2,8.95623755577042e-05,0.0,0.9554445762096649,0.3946863779397243,5210,0.5,0.99,0.00878823707345951,7.3396403598785405,0.3058547365665436,0.005414388105273247,2.8723377180099487,0.00878823707345951,0.3058547365665436,7.3396403598785405,1.0,8.95623755577042e-05,8.95623755577042e-05,0.0,0.3946863779397243,0.3946863779397243,0.0,0.9554445762096649,0.9554445762096649,0.0,0.0,0.0,0.0,0.0,0.24666666666666667,24.433333333333334,61.4,1562.125,89,Walker2d-v5,6198,Agente_3
138.8745138645172,92,479872,332.52071432652207,409.01039806700777,265.85645785241775,181.19444444444446,8.95623755577042e-05,0.0,0.9554445762096649,0.3946863779397243,5210,0.5,0.99,0.008848184795642738,7.406123857498169,0.6931390947103501,0.015413593910634517,3.4213043022155762,0.008848184795642738,0.6931390947103501,7.406123857498169,1.0,8.95623755577042e-05,8.95623755577042e-05,0.0,0.3946863779397243,0.3946863779397243,0.0,0.9554445762096649,0.9554445762096649,0.0,0.0,0.0,0.0,0.0,0.625,36.849999999999994,57.1,1420.851,90,Walker2d-v5,6198,Agente_3
140.1354079246521,93,485088,333.19013729950507,440.8581566614637,265.85645785241775,182.52380952380952,8.95623755577042e-05,0.0,0.9554445762096649,0.3946863779397243,5210,0.5,0.99,0.00937535304852645,7.480881156921387,0.7343545579910278,0.014261409007012844,4.059507071971893,0.00937535304852645,0.7343545579910278,7.480881156921387,1.0,8.95623755577042e-05,8.95623755577042e-05,0.0,0.3946863779397243,0.3946863779397243,0.0,0.9554445762096649,0.9554445762096649,0.0,0.0,0.0,0.0,0.0,0.5549999999999999,29.450000000000003,59.5,1363.399,91,Walker2d-v5,6198,Agente_3
141.11722660064697,94,490304,336.6705069465954,510.81987228328046,265.85645785241775,185.6421052631579,8.95623755577042e-05,0.0,0.9554445762096649,0.3946863779397243,5210,0.5,0.99,0.009165377763929427,7.1787425851821896,0.6946213376522065,0.00398222329095006,3.7555285835266115,0.009165377763929427,0.6946213376522065,7.1787425851821896,1.0,8.95623755577042e-05,8.95623755577042e-05,0.0,0.3946863779397243,0.3946863779397243,0.0,0.9554445762096649,0.9554445762096649,0.0,0.0,0.0,0.0,0.0,0.86,26.75,60.95,1265.635,92,Walker2d-v5,6198,Agente_3
142.63635444641113,95,495520,336.65524304462656,510.81987228328046,269.6280183264691,186.03,8.95623755577042e-05,0.0,0.9554445762096649,0.3946863779397243,5210,0.5,0.99,0.009719933928208776,7.108065481185913,0.7145409733057022,0.0045516094751656055,3.7483289194107057,0.009719933928208776,0.7145409733057022,7.108065481185913,1.0,8.95623755577042e-05,8.95623755577042e-05,0.0,0.3946863779397243,0.3946863779397243,0.0,0.9554445762096649,0.9554445762096649,0.0,0.0,0.0,0.0,0.0,0.245,46.95,62.25,1314.267,93,Walker2d-v5,6198,Agente_3
144.00548911094666,96,500736,338.4785979089106,510.81987228328046,278.708283948126,186.15,8.95623755577042e-05,0.0,0.9554445762096649,0.3946863779397243,5210,0.5,0.99,0.011109159747420563,7.065552201271057,0.7275689256191253,0.006020672861486673,3.995621497631073,0.011109159747420563,0.7275689256191253,7.065552201271057,1.0,8.95623755577042e-05,8.95623755577042e-05,0.0,0.3946863779397243,0.3946863779397243,0.0,0.9554445762096649,0.9554445762096649,0.0,0.0,0.0,0.0,0.0,0.22,40.3,63.800000000000004,1320.226,94,Walker2d-v5,6198,Agente_3
145.5184977054596,97,505952,341.1482036373863,419.7989604885837,279.31740222213875,186.36,8.95623755577042e-05,0.0,0.9554445762096649,0.3946863779397243,5210,0.5,0.99,0.009874008182814578,6.908991584777832,0.7436375945806504,0.008766582915559411,4.100386447906494,0.009874008182814578,0.7436375945806504,6.908991584777832,1.0,8.95623755577042e-05,8.95623755577042e-05,0.0,0.3946863779397243,0.3946863779397243,0.0,0.9554445762096649,0.9554445762096649,0.0,0.0,0.0,0.0,0.0,0.78,40.8,66.25,1346.222,95,Walker2d-v5,6198,Agente_3
146.9806363582611,98,511168,347.0614209258046,448.7414931264347,279.31740222213875,189.43,8.95623755577042e-05,0.0,0.9554445762096649,0.3946863779397243,5210,0.5,0.99,0.009409518352622399,7.054027409553528,0.7930452340841293,0.0044816752709448335,3.692870810031891,0.009409518352622399,0.7930452340841293,7.054027409553528,1.0,8.95623755577042e-05,8.95623755577042e-05,0.0,0.3946863779397243,0.3946863779397243,0.0,0.9554445762096649,0.9554445762096649,0.0,0.0,0.0,0.0,0.0,0.455,45.45,68.15,1359.031,96,Walker2d-v5,6198,Agente_3
148.4734706878662,99,516384,349.28912471405516,448.7414931264347,283.1530046396897,189.94,8.95623755577042e-05,0.0,0.9554445762096649,0.3946863779397243,5210,0.5,0.99,0.00994224818962266,6.918593521118164,0.7622670751810073,0.0027345888316631316,4.100835411548615,0.00994224818962266,0.7622670751810073,6.918593521118164,1.0,8.95623755577042e-05,8.95623755577042e-05,0.0,0.3946863779397243,0.3946863779397243,0.0,0.9554445762096649,0.9554445762096649,0.0,0.0,0.0,0.0,0.0,0.6233333333333333,33.36666666666667,68.0,1372.478,97,Walker2d-v5,6198,Agente_3
150.22382736206055,100,521600,349.7542953295387,448.7414931264347,283.1530046396897,189.72,8.95623755577042e-05,0.0,0.9554445762096649,0.3946863779397243,5210,0.5,0.99,0.01071443490416641,6.905330929756165,0.7605380517244339,0.01867154747247696,3.833559362888336,0.01071443490416641,0.7605380517244339,6.905330929756165,1.0,8.95623755577042e-05,8.95623755577042e-05,0.0,0.3946863779397243,0.3946863779397243,0.0,0.9554445762096649,0.9554445762096649,0.0,0.0,0.0,0.0,0.0,0.155,49.95,61.55,1409.225,98,Walker2d-v5,6198,Agente_3
151.7088406085968,101,526816,299.3124421797836,299.3124421797836,299.3124421797836,155.0,8.95623755577042e-05,0.0,0.9554445762096649,0.3946863779397243,5210,0.5,0.99,0.009143753616373063,7.099386134147644,0.30268183767795565,0.01392159502953291,3.335944287776947,0.009143753616373063,0.30268183767795565,7.099386134147644,1.0,8.95623755577042e-05,8.95623755577042e-05,0.0,0.3946863779397243,0.3946863779397243,0.0,0.9554445762096649,0.9554445762096649,0.0,0.0,0.0,0.0,0.0,0.5466666666666667,22.23333333333333,63.23333333333333,1472.236,99,Walker2d-v5,6198,Agente_3
153.71090650558472,102,532032,354.396401877749,420.6467390132111,299.3124421797836,187.875,8.95623755577042e-05,0.0,0.9554445762096649,0.3946863779397243,5210,0.5,0.99,0.012134140893467702,6.6685445642471315,0.7341618186235428,0.010371289122849703,3.660418667793274,0.012134140893467702,0.7341618186235428,6.6685445642471315,1.0,8.95623755577042e-05,8.95623755577042e-05,0.0,0.3946863779397243,0.3946863779397243,0.0,0.9554445762096649,0.9554445762096649,0.0,0.0,0.0,0.0,0.0,0.59,44.900000000000006,64.55,1731.55,100,Walker2d-v5,6198,Agente_3
155.2350046634674,103,537248,358.7980984114632,421.550001345172,299.3124421797836,191.15625,8.95623755577042e-05,0.0,0.9554445762096649,0.3946863779397243,5210,0.5,0.99,0.018163706149571225,6.533475542068482,0.7474880093336105,0.015980163998901845,4.599319343566894,0.018163706149571225,0.7474880093336105,6.533475542068482,1.0,8.95623755577042e-05,8.95623755577042e-05,0.0,0.3946863779397243,0.3946863779397243,0.0,0.9554445762096649,0.9554445762096649,0.0,0.0,0.0,0.0,0.0,0.98,37.23333333333334,67.56666666666666,1658.334,101,Walker2d-v5,6198,Agente_3
156.59103870391846,104,542464,361.1090807809054,439.7003295850986,299.3124421797836,192.3684210526316,8.95623755577042e-05,0.0,0.9554445762096649,0.3946863779397243,5210,0.5,0.99,0.014127168924878787,6.4189121580123905,0.7550181394815445,0.013459818623960017,4.69775741815567,0.014127168924878787,0.7550181394815445,6.4189121580123905,1.0,8.95623755577042e-05,8.95623755577042e-05,0.0,0.3946863779397243,0.3946863779397243,0.0,0.9554445762096649,0.9554445762096649,0.0,0.0,0.0,0.0,0.0,0.5,39.7,69.1,1579.92,102,Walker2d-v5,6198,Agente_3
158.29174208641052,105,547680,364.0535231580123,472.95455594831066,296.6471144434706,194.3,8.95623755577042e-05,0.0,0.9554445762096649,0.3946863779397243,5210,0.5,0.99,0.014938757213822101,6.396128754615784,0.798278060555458,0.020723242973908783,4.340859003067017,0.014938757213822101,0.798278060555458,6.396128754615784,1.0,8.95623755577042e-05,8.95623755577042e-05,0.0,0.3946863779397243,0.3946863779397243,0.0,0.9554445762096649,0.9554445762096649,0.0,0.0,0.0,0.0,0.0,0.3133333333333333,41.300000000000004,63.1,1601.54,103,Walker2d-v5,6198,Agente_3
159.70995092391968,106,552896,369.8208536872597,498.51461463198325,296.6471144434706,197.87,8.95623755577042e-05,0.0,0.9554445762096649,0.3946863779397243,5210,0.5,0.99,0.012342495719185536,6.25325394153595,0.803988772034645,0.017283412143588067,4.408686213493347,0.012342495719185536,0.803988772034645,6.25325394153595,1.0,8.95623755577042e-05,8.95623755577042e-05,0.0,0.3946863779397243,0.3946863779397243,0.0,0.9554445762096649,0.9554445762096649,0.0,0.0,0.0,0.0,0.0,0.33,36.5,63.45,1569.344,104,Walker2d-v5,6198,Agente_3
161.42546129226685,107,558112,373.29339356412146,498.51461463198325,296.6471144434706,199.12,8.95623755577042e-05,0.0,0.9554445762096649,0.3946863779397243,5210,0.5,0.99,0.009248946844018065,6.521510348320008,0.7738275957107544,0.004303818680346012,4.075377509593964,0.009248946844018065,0.7738275957107544,6.521510348320008,1.0,8.95623755577042e-05,8.95623755577042e-05,0.0,0.3946863779397243,0.3946863779397243,0.0,0.9554445762096649,0.9554445762096649,0.0,0.0,0.0,0.0,0.0,0.685,41.05,66.55,1588.368,105,Walker2d-v5,6198,Agente_3
162.59658551216125,108,563328,376.44058158849913,498.51461463198325,296.6471144434706,199.64,8.95623755577042e-05,0.0,0.9554445762096649,0.3946863779397243,5210,0.5,0.99,0.012778793698416849,6.127158427238465,0.7646665692329406,0.013490097783505916,4.285837411880493,0.012778793698416849,0.7646665692329406,6.127158427238465,1.0,8.95623755577042e-05,8.95623755577042e-05,0.0,0.3946863779397243,0.3946863779397243,0.0,0.9554445762096649,0.9554445762096649,0.0,0.0,0.0,0.0,0.0,0.91,34.05,68.65,1535.061,106,Walker2d-v5,6198,Agente_3
163.75673151016235,109,568544,380.0030008318989,450.0551038021896,319.003160920445,201.09,8.95623755577042e-05,0.0,0.9554445762096649,0.3946863779397243,5210,0.5,0.99,0.010774409493606071,5.999275789260865,0.7963770496845245,0.01640803665854037,3.916002857685089,0.010774409493606071,0.7963770496845245,5.999275789260865,1.0,8.95623755577042e-05,8.95623755577042e-05,0.0,0.3946863779397243,0.3946863779397243,0.0,0.9554445762096649,0.9554445762096649,0.0,0.0,0.0,0.0,0.0,0.485,36.0,63.900000000000006,1491.964,107,Walker2d-v5,6198,Agente_3
165.1821494102478,110,573760,380.1755724001985,481.16250536885997,331.0390313102734,199.75,8.95623755577042e-05,0.0,0.9554445762096649,0.3946863779397243,5210,0.5,0.99,0.012708724112562776,5.971706643104553,0.7994438868761062,0.018691218299791215,4.214547646045685,0.012708724112562776,0.7994438868761062,5.971706643104553,1.0,8.95623755577042e-05,8.95623755577042e-05,0.0,0.3946863779397243,0.3946863779397243,0.0,0.9554445762096649,0.9554445762096649,0.0,0.0,0.0,0.0,0.0,0.41500000000000004,41.349999999999994,62.15,1483.927,108,Walker2d-v5,6198,Agente_3
166.6472132205963,111,578976,,,,,8.95623755577042e-05,0.0,0.9554445762096649,0.3946863779397243,5210,0.5,0.99,0.011845845598728479,6.959334197044373,-0.07897354185581207,0.01471314275637269,3.9143328404426576,0.011845845598728479,-0.07897354185581207,6.959334197044373,1.0,8.95623755577042e-05,8.95623755577042e-05,0.0,0.3946863779397243,0.3946863779397243,0.0,0.9554445762096649,0.9554445762096649,0.0,0.0,0.0,0.0,0.0,0.5866666666666667,22.333333333333332,63.699999999999996,1455.612,109,Walker2d-v5,6198,Agente_3
168.52498054504395,112,584192,389.11019483072084,499.8855082786577,330.00555286338886,206.4375,8.95623755577042e-05,0.0,0.9554445762096649,0.3946863779397243,5210,0.5,0.99,0.012290688230059459,5.934727892875672,0.7628361761569977,0.01073528990149498,4.194086139202118,0.012290688230059459,0.7628361761569977,5.934727892875672,1.0,8.95623755577042e-05,8.95623755577042e-05,0.0,0.3946863779397243,0.3946863779397243,0.0,0.9554445762096649,0.9554445762096649,0.0,0.0,0.0,0.0,0.0,0.28,46.5,67.44999999999999,1661.283,110,Walker2d-v5,6198,Agente_3
169.8340790271759,113,589408,387.55427480963533,499.8855082786577,327.3012707966758,204.23809523809524,8.95623755577042e-05,0.0,0.9554445762096649,0.3946863779397243,5210,0.5,0.99,0.012078906382303103,5.670523328781128,0.7862325775623321,0.007431227546185255,4.6159962058067325,0.012078906382303103,0.7862325775623321,5.670523328781128,1.0,8.95623755577042e-05,8.95623755577042e-05,0.0,0.3946863779397243,0.3946863779397243,0.0,0.9554445762096649,0.9554445762096649,0.0,0.0,0.0,0.0,0.0,0.51,44.5,69.15,1539.51,111,Walker2d-v5,6198,Agente_3
171.68812012672424,114,594624,387.7713893120578,499.8855082786577,323.05844430466783,204.1978021978022,8.95623755577042e-05,0.0,0.9554445762096649,0.3946863779397243,5210,0.5,0.99,0.013419095571662184,5.389270877838134,0.8075771725177765,0.008262659218162298,4.719581897258759,0.013419095571662184,0.8075771725177765,5.389270877838134,1.0,8.95623755577042e-05,8.95623755577042e-05,0.0,0.3946863779397243,0.3946863779397243,0.0,0.9554445762096649,0.9554445762096649,0.0,0.0,0.0,0.0,0.0,0.22333333333333336,41.5,70.23333333333333,1613.412,112,Walker2d-v5,6198,Agente_3
173.05996894836426,115,599840,389.210464828795,499.8855082786577,323.05844430466783,204.96,8.95623755577042e-05,0.0,0.9554445762096649,0.3946863779397243,5210,0.5,0.99,0.009903408255231625,6.144967756271362,0.8484142327308655,0.00428066254593432,3.869792366027832,0.009903408255231625,0.8484142327308655,6.144967756271362,1.0,8.95623755577042e-05,8.95623755577042e-05,0.0,0.3946863779397243,0.3946863779397243,0.0,0.9554445762096649,0.9554445762096649,0.0,0.0,0.0,0.0,0.0,0.865,31.95,70.7,1563.111,113,Walker2d-v5,6198,Agente_3
174.4484086036682,116,605056,391.50247697710705,499.8855082786577,323.05844430466783,206.34,8.95623755577042e-05,0.0,0.9554445762096649,0.3946863779397243,5210,0.5,0.99,0.009612713431633892,6.301525239944458,0.7982138097286224,0.016296561667695643,3.78095885515213,0.009612713431633892,0.7982138097286224,6.301525239944458,1.0,8.95623755577042e-05,8.95623755577042e-05,0.0,0.3946863779397243,0.3946863779397243,0.0,0.9554445762096649,0.9554445762096649,0.0,0.0,0.0,0.0,0.0,0.97,31.8,70.7,1531.946,114,Walker2d-v5,6198,Agente_3
175.95220065116882,117,610272,396.58566437855654,477.2493702154404,323.05844430466783,209.38,8.95623755577042e-05,0.0,0.9554445762096649,0.3946863779397243,5210,0.5,0.99,0.010642645501793595,5.722466945648193,0.7889597254991532,0.01199663375504315,4.018845646381378,0.010642645501793595,0.7889597254991532,5.722466945648193,1.0,8.95623755577042e-05,8.95623755577042e-05,0.0,0.3946863779397243,0.3946863779397243,0.0,0.9554445762096649,0.9554445762096649,0.0,0.0,0.0,0.0,0.0,0.47333333333333333,41.333333333333336,70.6,1526.31,115,Walker2d-v5,6198,Agente_3
177.57603573799133,118,615488,394.3269788039184,489.9212419435675,125.83292169345685,209.84,8.95623755577042e-05,0.0,0.9554445762096649,0.3946863779397243,5210,0.5,0.99,0.011752988174293932,5.676091966629028,0.8038702481985092,0.006191845992580056,3.737620644569397,0.011752988174293932,0.8038702481985092,5.676091966629028,1.0,8.95623755577042e-05,8.95623755577042e-05,0.0,0.3946863779397243,0.3946863779397243,0.0,0.9554445762096649,0.9554445762096649,0.0,0.0,0.0,0.0,0.0,0.89,41.6,70.7,1536.855,116,Walker2d-v5,6198,Agente_3
179.02357125282288,119,620704,392.3033860304021,489.9212419435675,125.83292169345685,208.06,8.95623755577042e-05,0.0,0.9554445762096649,0.3946863779397243,5210,0.5,0.99,0.013298954777255859,5.844835867881775,0.8251168656349183,0.027263171589002013,3.6543282794952394,0.013298954777255859,0.8251168656349183,5.844835867881775,1.0,8.95623755577042e-05,8.95623755577042e-05,0.0,0.3946863779397243,0.3946863779397243,0.0,0.9554445762096649,0.9554445762096649,0.0,0.0,0.0,0.0,0.0,0.79,42.7,70.7,1525.423,117,Walker2d-v5,6198,Agente_3
180.33819484710693,120,625920,391.0806610653165,489.9212419435675,125.83292169345685,206.83,8.95623755577042e-05,0.0,0.9554445762096649,0.3946863779397243,5210,0.5,0.99,0.010766547467737838,5.786955699920655,0.843301911354065,0.015115592130459845,3.5724587059020996,0.010766547467737838,0.843301911354065,5.786955699920655,1.0,8.95623755577042e-05,8.95623755577042e-05,0.0,0.3946863779397243,0.3946863779397243,0.0,0.9554445762096649,0.9554445762096649,0.0,0.0,0.0,0.0,0.0,0.9099999999999999,31.5,70.7,1503.075,118,Walker2d-v5,6198,Agente_3
192.37798357009888,31,754624,409.8111883535398,605.9741354360372,281.6613448606856,199.49101796407186,5.65106559541915e-05,0.0,0.9164083122651282,0.1770919286482888,36782,0.5,0.99,0.004866873951697319,7.363307299412472,0.49539133939944524,-0.008381574943294407,9.600750889576657,0.004866873951697319,0.49539133939944524,7.363307299412472,1.0,5.65106559541915e-05,5.65106559541915e-05,0.0,0.1770919286482888,0.1770919286482888,0.0,0.9164083122651282,0.9164083122651282,0.0,0.0,0.0,0.0,0.0,0.5716666666666667,32.93333333333333,62.949999999999996,8577.295,119,Walker2d-v5,6198,Agente_3
201.67799139022827,32,791408,416.3486922708589,579.4576948496729,59.28846763889173,205.77966101694915,5.65106559541915e-05,0.0,0.9164083122651282,0.1770919286482888,36782,0.5,0.99,0.006063592319850681,7.479924158311226,0.5090421524685873,-0.011944254298864955,9.537805502179642,0.006063592319850681,0.5090421524685873,7.479924158311226,1.0,5.65106559541915e-05,5.65106559541915e-05,0.0,0.1770919286482888,0.1770919286482888,0.0,0.9164083122651282,0.9164083122651282,0.0,0.0,0.0,0.0,0.0,0.38230769230769235,43.830769230769235,68.2076923076923,8932.151,120,Walker2d-v5,6198,Agente_3
211.514790058136,33,828192,419.57514747144904,642.8815817759111,91.75225341179639,209.44571428571427,5.65106559541915e-05,0.0,0.9164083122651282,0.1770919286482888,36782,0.5,0.99,0.006180852008462903,7.527628294850739,0.5086977141843715,-0.008787154432543567,9.481366204543852,0.006180852008462903,0.5086977141843715,7.527628294850739,1.0,5.65106559541915e-05,5.65106559541915e-05,0.0,0.1770919286482888,0.1770919286482888,0.0,0.9164083122651282,0.9164083122651282,0.0,0.0,0.0,0.0,0.0,0.71,37.199999999999996,67.85,9229.824,121,Walker2d-v5,6198,Agente_3
220.4800579547882,34,864976,426.57103930008475,752.3143685113945,229.85895730406816,210.94886363636363,5.65106559541915e-05,0.0,0.9164083122651282,0.1770919286482888,36782,0.5,0.99,0.005910253880093005,7.554328768689867,0.5019336579551159,-0.010904356024005043,9.383339210295341,0.005910253880093005,0.5019336579551159,7.554328768689867,1.0,5.65106559541915e-05,5.65106559541915e-05,0.0,0.1770919286482888,0.1770919286482888,0.0,0.9164083122651282,0.9164083122651282,0.0,0.0,0.0,0.0,0.0,0.5575000000000001,35.80833333333334,63.85833333333333,9160.427,122,Walker2d-v5,6198,Agente_3
232.05645418167114,35,901760,420.84130305551867,584.7675747168402,96.75471504588465,200.81437125748502,5.65106559541915e-05,0.0,0.9164083122651282,0.1770919286482888,36782,0.5,0.99,0.005660148798574229,7.265528533828091,0.7831375297526239,-0.006616399828082239,7.091334903743905,0.005660148798574229,0.7831375297526239,7.265528533828091,1.0,5.65106559541915e-05,5.65106559541915e-05,0.0,0.1770919286482888,0.1770919286482888,0.0,0.9164083122651282,0.9164083122651282,0.0,0.0,0.0,0.0,0.0,0.5941176470588235,38.23529411764706,70.18235294117646,11561.648,123,Walker2d-v5,6198,Agente_3
242.52176594734192,36,938544,433.98581504862904,663.1791393890172,115.47353459769025,209.3050847457627,5.65106559541915e-05,0.0,0.9164083122651282,0.1770919286482888,36782,0.5,0.99,0.005493948388872262,7.346213577834654,0.8616039417159389,-0.006215475302871684,6.455794631931144,0.005493948388872262,0.8616039417159389,7.346213577834654,1.0,5.65106559541915e-05,5.65106559541915e-05,0.0,0.1770919286482888,0.1770919286482888,0.0,0.9164083122651282,0.9164083122651282,0.0,0.0,0.0,0.0,0.0,0.7285714285714286,38.51428571428572,71.06428571428572,11005.855,124,Walker2d-v5,6198,Agente_3
265.2595021724701,43,1033688,495.35030147971764,689.5749156862195,368.1278005978743,216.02654867256638,3.767377063612767e-05,0.0,0.99,0.39887347460671346,28707,0.5,0.99,0.007606675974797664,7.0183989558901105,0.6529485619493893,-0.011297124206820237,8.854435487304414,0.007606675974797664,0.6529485619493893,7.0183989558901105,1.0,3.767377063612767e-05,3.767377063612767e-05,0.0,0.39887347460671346,0.39887347460671346,0.0,0.99,0.99,0.0,0.0,0.0,0.0,0.0,0.7027272727272728,34.445454545454545,69.72727272727273,7784.702,125,Walker2d-v5,6198,Agente_3
272.07149267196655,44,1062400,501.4264437027867,692.4670596036929,99.13211095226353,226.03846153846155,3.767377063612767e-05,0.0,0.99,0.39887347460671346,28707,0.5,0.99,0.007634943550205559,7.070718754189355,0.6553435339459351,-0.012619557298187698,8.837930668251856,0.007634943550205559,0.6553435339459351,7.070718754189355,1.0,3.767377063612767e-05,3.767377063612767e-05,0.0,0.39887347460671346,0.39887347460671346,0.0,0.99,0.99,0.0,0.0,0.0,0.0,0.0,0.807,39.4,70.96000000000001,7291.257,126,Walker2d-v5,6198,Agente_3
279.2821340560913,45,1091112,505.4186809144135,723.3612473071678,104.47515716700057,228.36,3.767377063612767e-05,0.0,0.99,0.39887347460671346,28707,0.5,0.99,0.0067013254638109586,7.1447621805327275,0.6509442269802094,-0.011435871682728508,8.79142348766327,0.0067013254638109586,0.6509442269802094,7.1447621805327275,1.0,3.767377063612767e-05,3.767377063612767e-05,0.0,0.39887347460671346,0.39887347460671346,0.0,0.99,0.99,0.0,0.0,0.0,0.0,0.0,0.9020000000000001,38.23,70.96,7259.795,127,Walker2d-v5,6198,Agente_3
287.38184428215027,46,1119824,503.1703714610583,792.8156437709786,79.97417993037324,219.7846153846154,3.767377063612767e-05,0.0,0.99,0.39887347460671346,28707,0.5,0.99,0.006609097941486652,7.122423229898725,0.6716346804584775,-0.011039783715802644,8.745677363021032,0.006609097941486652,0.6716346804584775,7.122423229898725,1.0,3.767377063612767e-05,3.767377063612767e-05,0.0,0.39887347460671346,0.39887347460671346,0.0,0.99,0.99,0.0,0.0,0.0,0.0,0.0,0.8727272727272727,37.73636363636364,70.9090909090909,7466.861,128,Walker2d-v5,6198,Agente_3
294.8909773826599,47,1148536,510.17714898879626,723.5537418245304,274.00701674664697,225.3969465648855,3.767377063612767e-05,0.0,0.99,0.39887347460671346,28707,0.5,0.99,0.007378368766057975,7.168898719549179,0.6633838028780051,-0.010834497539326549,8.739605239459447,0.007378368766057975,0.6633838028780051,7.168898719549179,1.0,3.767377063612767e-05,3.767377063612767e-05,0.0,0.39887347460671346,0.39887347460671346,0.0,0.99,0.99,0.0,0.0,0.0,0.0,0.0,0.618181818181818,37.409090909090914,64.33636363636364,7472.445,129,Walker2d-v5,6198,Agente_3
303.6330072879791,48,1177248,506.9055851220743,680.9197753424022,283.2522901195515,217.69291338582678,3.767377063612767e-05,0.0,0.99,0.39887347460671346,28707,0.5,0.99,0.007275472466556459,7.121328739609037,0.6745657128947121,-0.012675327055954507,8.856250247785024,0.007275472466556459,0.6745657128947121,7.121328739609037,1.0,3.767377063612767e-05,3.767377063612767e-05,0.0,0.39887347460671346,0.39887347460671346,0.0,0.99,0.99,0.0,0.0,0.0,0.0,0.0,0.6249999999999999,42.96666666666667,67.725,7682.314,130,Walker2d-v5,6198,Agente_3
310.9935863018036,49,1205960,517.1987898220308,680.0669119743632,82.13366841504414,228.17557251908397,3.767377063612767e-05,0.0,0.99,0.39887347460671346,28707,0.5,0.99,0.006925029621392501,7.200887203216553,0.6590215115674904,-0.011513322861199932,8.772339302301408,0.006925029621392501,0.6590215115674904,7.200887203216553,1.0,3.767377063612767e-05,3.767377063612767e-05,0.0,0.39887347460671346,0.39887347460671346,0.0,0.99,0.99,0.0,0.0,0.0,0.0,0.0,0.869,38.540000000000006,70.64000000000001,7634.793,131,Walker2d-v5,6198,Agente_3
318.359662771225,50,1234672,518.3857648933632,691.8186963186396,152.46013945829392,225.33070866141733,3.767377063612767e-05,0.0,0.99,0.39887347460671346,28707,0.5,0.99,0.00675071573340191,7.2309266201087405,0.6667592689394951,-0.011429858814725385,8.77819658432688,0.00675071573340191,0.6667592689394951,7.2309266201087405,1.0,3.767377063612767e-05,3.767377063612767e-05,0.0,0.39887347460671346,0.39887347460671346,0.0,0.99,0.99,0.0,0.0,0.0,0.0,0.0,0.8119999999999999,37.67,70.55999999999999,7599.506,132,Walker2d-v5,6198,Agente_3
325.88760924339294,51,1263384,520.196167128875,721.3651188809226,104.2655034124403,228.57258064516128,3.767377063612767e-05,0.0,0.99,0.39887347460671346,28707,0.5,0.99,0.006748240178343956,7.292472308022635,0.6537407266242163,-0.012764615063289447,8.759531497955322,0.006748240178343956,0.6537407266242163,7.292472308022635,1.0,3.767377063612767e-05,3.767377063612767e-05,0.0,0.39887347460671346,0.39887347460671346,0.0,0.99,0.99,0.0,0.0,0.0,0.0,0.0,0.7554545454545455,39.70909090909091,70.53636363636363,7590.003,133,Walker2d-v5,6198,Agente_3
333.35747599601746,52,1292096,531.9420948469424,720.0657263597327,157.18960067588014,227.93650793650792,3.767377063612767e-05,0.0,0.99,0.39887347460671346,28707,0.5,0.99,0.006639305182449919,7.205518924338477,0.6491755907024656,-0.011240901365610106,8.84827356338501,0.006639305182449919,0.6491755907024656,7.205518924338477,1.0,3.767377063612767e-05,3.767377063612767e-05,0.0,0.39887347460671346,0.39887347460671346,0.0,0.99,0.99,0.0,0.0,0.0,0.0,0.0,0.873,33.89,67.32,7576.448,134,Walker2d-v5,6198,Agente_3
339.63552689552307,53,1320808,596.6464659159415,907.1756996303573,405.43557911784586,241.009900990099,3.767377063612767e-05,0.0,0.99,0.39887347460671346,28707,0.5,0.99,0.0076631804917855215,6.819302034378052,0.5753834231623581,-0.012541411417935576,9.326842256954738,0.0076631804917855215,0.5753834231623581,6.819302034378052,1.0,3.767377063612767e-05,3.767377063612767e-05,0.0,0.39887347460671346,0.39887347460671346,0.0,0.99,0.99,0.0,0.0,0.0,0.0,0.0,0.5777777777777778,31.077777777777776,59.51111111111111,6265.843,135,Walker2d-v5,6198,Agente_3
347.3158025741577,54,1349520,587.1260241213263,739.6925656563071,385.5637706097026,239.7560975609756,3.767377063612767e-05,0.0,0.99,0.39887347460671346,28707,0.5,0.99,0.008234650393673675,6.9072620136397225,0.617679285045181,-0.013853748205916158,9.245723383767265,0.008234650393673675,0.617679285045181,6.9072620136397225,1.0,3.767377063612767e-05,3.767377063612767e-05,0.0,0.39887347460671346,0.39887347460671346,0.0,0.99,0.99,0.0,0.0,0.0,0.0,0.0,0.47818181818181826,36.56363636363636,61.96363636363637,6967.383,136,Walker2d-v5,6198,Agente_3
354.8625361919403,55,1378232,601.4761827908667,838.8627621371786,335.91405171510735,241.8910891089109,3.767377063612767e-05,0.0,0.99,0.39887347460671346,28707,0.5,0.99,0.008605720367696945,6.845006167888641,0.5579158464712756,-0.014283343407857632,9.261431355135782,0.008605720367696945,0.5579158464712756,6.845006167888641,1.0,3.767377063612767e-05,3.767377063612767e-05,0.0,0.39887347460671346,0.39887347460671346,0.0,0.99,0.99,0.0,0.0,0.0,0.0,0.0,0.6354545454545454,37.45454545454545,64.86363636363636,7535.757,137,Walker2d-v5,6198,Agente_3
363.74714374542236,56,1406944,595.8233407832302,896.2482207364399,225.96199017319955,244.225,3.767377063612767e-05,0.0,0.99,0.39887347460671346,28707,0.5,0.99,0.007443904770947866,6.859631596292768,0.5925501461539949,-0.012507523789203593,9.257338569845473,0.007443904770947866,0.5925501461539949,6.859631596292768,1.0,3.767377063612767e-05,3.767377063612767e-05,0.0,0.39887347460671346,0.39887347460671346,0.0,0.99,0.99,0.0,0.0,0.0,0.0,0.0,0.8315384615384617,38.53846153846154,70.15384615384613,8204.407,138,Walker2d-v5,6198,Agente_3
372.71125626564026,57,1435656,573.226776060644,815.8340653876041,99.52935697030506,233.608,3.767377063612767e-05,0.0,0.99,0.39887347460671346,28707,0.5,0.99,0.00721452485002906,6.922671073675156,0.6249898797699384,-0.012064492140364433,9.271627044677734,0.00721452485002906,0.6249898797699384,6.922671073675156,1.0,3.767377063612767e-05,3.767377063612767e-05,0.0,0.39887347460671346,0.39887347460671346,0.0,0.99,0.99,0.0,0.0,0.0,0.0,0.0,0.7533333333333333,39.36666666666667,70.37499999999999,8452.881,139,Walker2d-v5,6198,Agente_3
381.0471315383911,58,1464368,551.207298968005,782.5609535639389,79.04814096394323,227.03225806451613,3.767377063612767e-05,0.0,0.99,0.39887347460671346,28707,0.5,0.99,0.007187466770164974,6.939370308603559,0.6063458196818828,-0.01180498950915145,9.338069004671913,0.007187466770164974,0.6063458196818828,6.939370308603559,1.0,3.767377063612767e-05,3.767377063612767e-05,0.0,0.39887347460671346,0.39887347460671346,0.0,0.99,0.99,0.0,0.0,0.0,0.0,0.0,0.6158333333333333,41.68333333333333,67.14166666666667,8420.368,140,Walker2d-v5,6198,Agente_3
397.00728845596313,64,1536176,631.6456969507566,876.677239351196,479.77754014716254,242.37373737373738,3.767377063612767e-05,0.0,0.99,0.5,28707,0.5,0.99,0.0089716587876216,6.641091118540083,0.6537907127823148,-0.013063170494777815,8.958253159693308,0.0089716587876216,0.6537907127823148,6.641091118540083,1.0,3.767377063612767e-05,3.767377063612767e-05,0.0,0.5,0.5,0.0,0.99,0.99,0.0,0.0,0.0,0.0,0.0,0.40727272727272723,32.663636363636364,61.8,7326.494,141,Walker2d-v5,6198,Agente_3
405.6542510986328,65,1564888,657.1900888520415,906.9267916078966,438.3431831846761,251.21666666666667,3.767377063612767e-05,0.0,0.99,0.5,28707,0.5,0.99,0.008701569462248707,6.669830076183591,0.6833002221371446,-0.011942113847804388,8.91139053787504,0.008701569462248707,0.6833002221371446,6.669830076183591,1.0,3.767377063612767e-05,3.767377063612767e-05,0.0,0.5,0.5,0.0,0.99,0.99,0.0,0.0,0.0,0.0,0.0,0.5583333333333332,39.800000000000004,65.71666666666667,7979.742,142,Walker2d-v5,6198,Agente_3
414.37378549575806,66,1593600,641.5225997227516,808.7429131070712,125.2639121721264,246.24561403508773,3.767377063612767e-05,0.0,0.99,0.5,28707,0.5,0.99,0.009000360848923758,6.742925661802292,0.657966530748776,-0.012585598982072302,8.916205877917154,0.009000360848923758,0.657966530748776,6.742925661802292,1.0,3.767377063612767e-05,3.767377063612767e-05,0.0,0.5,0.5,0.0,0.99,0.99,0.0,0.0,0.0,0.0,0.0,0.6383333333333334,39.65833333333334,65.825,8221.777,143,Walker2d-v5,6198,Agente_3
421.6620104312897,67,1622312,630.3815420117925,855.1991272776262,374.72880798267505,242.14529914529913,3.767377063612767e-05,0.0,0.99,0.5,28707,0.5,0.99,0.009108042846777867,6.76879357951028,0.6606706161584173,-0.015550221782177687,8.875791061776026,0.009108042846777867,0.6606706161584173,6.76879357951028,1.0,3.767377063612767e-05,3.767377063612767e-05,0.0,0.5,0.5,0.0,0.99,0.99,0.0,0.0,0.0,0.0,0.0,0.685,39.87,69.71,7984.833,144,Walker2d-v5,6198,Agente_3
429.623895406723,68,1651024,628.3052080349554,796.8088056515134,464.0398254008999,238.5983606557377,3.767377063612767e-05,0.0,0.99,0.5,28707,0.5,0.99,0.00881464092005412,6.773950574227742,0.6360079257615975,-0.013235453050583601,8.870051624945232,0.00881464092005412,0.6360079257615975,6.773950574227742,1.0,3.767377063612767e-05,3.767377063612767e-05,0.0,0.5,0.5,0.0,0.99,0.99,0.0,0.0,0.0,0.0,0.0,0.7736363636363636,37.345454545454544,70.53636363636363,7978.21,145,Walker2d-v5,6198,Agente_3
453.500137090683,73,1751528,693.495284498762,1011.2795583103751,486.0974542273888,251.29166666666666,5.65106559541915e-05,0.0,0.99,0.44495227286723915,28707,0.5,0.99,0.010855564273411685,6.383216301032475,0.5945973410138062,-0.014551647850644908,8.887126731021064,0.010855564273411685,0.5945973410138062,6.383216301032475,1.0,5.65106559541915e-05,5.65106559541915e-05,0.0,0.44495227286723915,0.44495227286723915,0.0,0.99,0.99,0.0,0.0,0.0,0.0,0.0,0.7130769230769232,35.11538461538461,69.14615384615385,8942.413,146,Walker2d-v5,6198,Agente_3
460.06699538230896,74,1780240,671.0007709696334,909.5825521708614,471.7066945857793,246.56410256410257,5.65106559541915e-05,0.0,0.99,0.44495227286723915,28707,0.5,0.99,0.011503393260006607,6.399302235671452,0.6475614727607795,-0.015942164713383784,8.886907072578158,0.011503393260006607,0.6475614727607795,6.399302235671452,1.0,5.65106559541915e-05,5.65106559541915e-05,0.0,0.44495227286723915,0.44495227286723915,0.0,0.99,0.99,0.0,0.0,0.0,0.0,0.0,0.5055555555555555,32.7,58.72222222222222,7747.773,147,Walker2d-v5,6198,Agente_3
467.2914640903473,75,1808952,696.4138328133494,976.0857923796816,372.43118117747764,249.8556701030928,5.65106559541915e-05,0.0,0.99,0.44495227286723915,28707,0.5,0.99,0.011637014754108376,6.308458231176648,0.5562746032008103,-0.01569553396298683,9.310919141769409,0.011637014754108376,0.5562746032008103,6.308458231176648,1.0,5.65106559541915e-05,5.65106559541915e-05,0.0,0.44495227286723915,0.44495227286723915,0.0,0.99,0.99,0.0,0.0,0.0,0.0,0.0,0.4327272727272727,35.24545454545454,61.35454545454545,7210.491,148,Walker2d-v5,6198,Agente_3
475.1754627227783,76,1837664,677.2795564243821,919.2979935787823,463.57978714883507,245.1639344262295,5.65106559541915e-05,0.0,0.99,0.44495227286723915,28707,0.5,0.99,0.011400169851757505,6.397944837808609,0.6038988529571465,-0.014607066972114677,9.236648310933795,0.011400169851757505,0.6038988529571465,6.397944837808609,1.0,5.65106559541915e-05,5.65106559541915e-05,0.0,0.44495227286723915,0.44495227286723915,0.0,0.99,0.99,0.0,0.0,0.0,0.0,0.0,0.440909090909091,44.47272727272727,67.7090909090909,7541.733,149,Walker2d-v5,6198,Agente_3
482.09728026390076,77,1866376,699.402556304326,872.4153208265762,516.554909971433,251.88288288288288,5.65106559541915e-05,0.0,0.99,0.44495227286723915,28707,0.5,0.99,0.011133729117292768,6.314602514675685,0.5924689419567585,-0.013913488467889173,9.293834781646728,0.011133729117292768,0.5924689419567585,6.314602514675685,1.0,5.65106559541915e-05,5.65106559541915e-05,0.0,0.44495227286723915,0.44495227286723915,0.0,0.99,0.99,0.0,0.0,0.0,0.0,0.0,0.67,34.455555555555556,69.34444444444445,7330.836,150,Walker2d-v5,6198,Agente_3
489.47261095046997,78,1895088,699.739424864592,936.2187891509685,504.0121019787925,255.90265486725664,5.65106559541915e-05,0.0,0.99,0.44495227286723915,28707,0.5,0.99,0.011217338079138375,6.422775444814137,0.5646488619702202,-0.015881636266463568,9.305430684770856,0.011217338079138375,0.5646488619702202,6.422775444814137,1.0,5.65106559541915e-05,5.65106559541915e-05,0.0,0.44495227286723915,0.44495227286723915,0.0,0.99,0.99,0.0,0.0,0.0,0.0,0.0,0.6209090909090909,40.41818181818182,65.63636363636364,7338.856,151,Walker2d-v5,6198,Agente_3
496.5868170261383,79,1923800,709.218050105991,941.40394066971,474.52156982801085,254.5257731958763,5.65106559541915e-05,0.0,0.99,0.44495227286723915,28707,0.5,0.99,0.011777384759833455,6.356980538368225,0.5397962646824973,-0.01453651641828141,9.228085597923824,0.011777384759833455,0.5397962646824973,6.356980538368225,1.0,5.65106559541915e-05,5.65106559541915e-05,0.0,0.44495227286723915,0.44495227286723915,0.0,0.99,0.99,0.0,0.0,0.0,0.0,0.0,0.4036363636363637,29.55454545454546,58.42727272727273,7100.49,152,Walker2d-v5,6198,Agente_3
505.17801785469055,80,1952512,698.1088959211012,841.9521156014064,503.823507385859,244.9747899159664,5.65106559541915e-05,0.0,0.99,0.44495227286723915,28707,0.5,0.99,0.010788236883620876,6.269935697317123,0.5472676891301359,-0.012070861026378615,9.282027125358582,0.010788236883620876,0.5472676891301359,6.269935697317123,1.0,5.65106559541915e-05,5.65106559541915e-05,0.0,0.44495227286723915,0.44495227286723915,0.0,0.99,0.99,0.0,0.0,0.0,0.0,0.0,0.38636363636363635,43.53636363636363,61.34545454545455,7835.891,153,Walker2d-v5,6198,Agente_3
513.9523539543152,81,1981224,719.3793026346444,942.7362359362556,504.445637538817,256.75531914893617,5.65106559541915e-05,0.0,0.99,0.44495227286723915,28707,0.5,0.99,0.01111700573694975,6.228653143133436,0.5210274450480938,-0.013126737481382275,9.269155842917305,0.01111700573694975,0.5210274450480938,6.228653143133436,1.0,5.65106559541915e-05,5.65106559541915e-05,0.0,0.44495227286723915,0.44495227286723915,0.0,0.99,0.99,0.0,0.0,0.0,0.0,0.0,0.4276923076923077,38.246153846153845,67.55384615384615,8764.808,154,Walker2d-v5,6198,Agente_3
519.4595229625702,82,2009936,696.5284250117428,1034.026271741883,359.3416723263643,246.82905982905982,5.65106559541915e-05,0.0,0.99,0.44495227286723915,28707,0.5,0.99,0.012464516178339102,6.174135960851397,0.5692843457417829,-0.016239240274964168,9.293714203153337,0.012464516178339102,0.5692843457417829,6.174135960851397,1.0,5.65106559541915e-05,5.65106559541915e-05,0.0,0.44495227286723915,0.44495227286723915,0.0,0.99,0.99,0.0,0.0,0.0,0.0,0.0,0.8085714285714287,23.62857142857143,58.800000000000004,7129.447,155,Walker2d-v5,6198,Agente_3
15.083429336547852,1,57504,-1.1461544642738397,37.123932770161296,-16.011682520977587,18.42483870967742,5.97918854543442e-05,0.0,0.9601166268320015,0.4745411457248254,57498,0.5,0.99,0.06002882729649822,8.453027032102858,0.2422386887882437,-0.06813563539846135,4.140340388459819,0.06002882729649822,0.2422386887882437,8.453027032102858,1.0,5.97918854543442e-05,5.97918854543442e-05,0.0,0.4745411457248254,0.4745411457248254,0.0,0.9601166268320015,0.9601166268320015,0.0,0.0,0.0,0.0,0.0,0.531904761904762,40.26666666666667,70.31428571428572,15041.598,0,Walker2d-v5,6198,Agente_4
29.252946853637695,2,115008,8.063382931869189,114.01408694632771,-22.951856648925894,29.816241540864134,5.97918854543442e-05,0.0,0.9601166268320015,0.4745411457248254,57498,0.5,0.99,0.04755404367047699,8.323046041386467,0.2821712575320687,-0.060941208034221615,5.445558985642024,0.04755404367047699,0.2821712575320687,8.323046041386467,1.0,5.97918854543442e-05,5.97918854543442e-05,0.0,0.4745411457248254,0.4745411457248254,0.0,0.9601166268320015,0.9601166268320015,0.0,0.0,0.0,0.0,0.0,0.7345,40.735,71.74499999999999,14589.859,1,Walker2d-v5,6198,Agente_4
44.74224591255188,3,172512,39.45669866828515,401.69705229795136,-16.53739952087444,65.56401384083046,5.97918854543442e-05,0.0,0.9601166268320015,0.4745411457248254,57498,0.5,0.99,0.02275391489798234,8.236732218095234,0.30767621318144456,-0.028916694301213804,7.668965704951968,0.02275391489798234,0.30767621318144456,8.236732218095234,1.0,5.97918854543442e-05,5.97918854543442e-05,0.0,0.4745411457248254,0.4745411457248254,0.0,0.9601166268320015,0.9601166268320015,0.0,0.0,0.0,0.0,0.0,0.7618181818181818,38.80909090909091,71.7,14883.816,2,Walker2d-v5,6198,Agente_4
58.909690141677856,4,230016,87.20934723602177,469.7281417195152,-9.418357732962743,114.560327198364,5.97918854543442e-05,0.0,0.9601166268320015,0.4745411457248254,57498,0.5,0.99,0.012000882194771691,8.224835796015602,0.35174495306398185,-0.014568475085876083,8.497105446032116,0.012000882194771691,0.35174495306398185,8.224835796015602,1.0,5.97918854543442e-05,5.97918854543442e-05,0.0,0.4745411457248254,0.4745411457248254,0.0,0.9601166268320015,0.9601166268320015,0.0,0.0,0.0,0.0,0.0,0.6042105263157895,38.478947368421046,68.90526315789474,14700.862,3,Walker2d-v5,6198,Agente_4
74.94829678535461,5,287520,151.97294660261352,722.3082587367422,-15.11491893915662,158.69565217391303,5.97918854543442e-05,0.0,0.9601166268320015,0.4745411457248254,57498,0.5,0.99,0.010285567416203135,8.133412035448211,0.36935126196060863,-0.01256422031105363,8.956769181149346,0.010285567416203135,0.36935126196060863,8.133412035448211,1.0,5.97918854543442e-05,5.97918854543442e-05,0.0,0.4745411457248254,0.4745411457248254,0.0,0.9601166268320015,0.9601166268320015,0.0,0.0,0.0,0.0,0.0,0.5752173913043478,37.65217391304348,69.97826086956523,16026.519,4,Walker2d-v5,6198,Agente_4
78.45968675613403,51,267056,299.6869722999333,338.3084795529046,221.20146907696778,167.4814814814815,7.164990044616337e-05,0.0,0.9812809124173949,0.4736236535276691,6252,0.5,0.99,0.006546238833835119,7.8000883102417,-0.3363257666428884,-0.008640447825503847,5.212366851170858,0.006546238833835119,-0.3363257666428884,7.8000883102417,1.0,7.164990044616337e-05,7.164990044616337e-05,0.0,0.4736236535276691,0.4736236535276691,0.0,0.9812809124173949,0.9812809124173949,0.0,0.0,0.0,0.0,0.0,0.6,24.46666666666667,63.26666666666667,1430.12,5,Walker2d-v5,6198,Agente_4
79.66429233551025,52,273312,308.3207587537499,476.1422933157029,221.20146907696778,175.0,7.164990044616337e-05,0.0,0.9812809124173949,0.4736236535276691,6252,0.5,0.99,0.005610707310552243,7.906523541609446,0.29522847731908164,-0.011448380975828816,5.491369581222534,0.005610707310552243,0.29522847731908164,7.906523541609446,1.0,7.164990044616337e-05,7.164990044616337e-05,0.0,0.4736236535276691,0.4736236535276691,0.0,0.9812809124173949,0.9812809124173949,0.0,0.0,0.0,0.0,0.0,0.06,37.3,54.4,1312.615,6,Walker2d-v5,6198,Agente_4
80.71392464637756,53,279568,307.23133750534225,476.1422933157029,74.34816690367009,179.87640449438203,7.164990044616337e-05,0.0,0.9812809124173949,0.4736236535276691,6252,0.5,0.99,0.007981918496913447,7.929469203948974,0.32225036720434824,-0.014223221650657555,4.995673112074534,0.007981918496913447,0.32225036720434824,7.929469203948974,1.0,7.164990044616337e-05,7.164990044616337e-05,0.0,0.4736236535276691,0.4736236535276691,0.0,0.9812809124173949,0.9812809124173949,0.0,0.0,0.0,0.0,0.0,0.29,18.0,51.95,1222.21,7,Walker2d-v5,6198,Agente_4
82.14025020599365,54,285824,311.59485865634224,476.1422933157029,74.34816690367009,184.73,7.164990044616337e-05,0.0,0.9812809124173949,0.4736236535276691,6252,0.5,0.99,0.006840149784996659,7.861035446325938,0.3345991273721059,-0.009441236748049657,4.789139846960704,0.006840149784996659,0.3345991273721059,7.861035446325938,1.0,7.164990044616337e-05,7.164990044616337e-05,0.0,0.4736236535276691,0.4736236535276691,0.0,0.9812809124173949,0.9812809124173949,0.0,0.0,0.0,0.0,0.0,0.19,25.1,53.349999999999994,1270.931,8,Walker2d-v5,6198,Agente_4
83.54256558418274,55,292080,315.207721944059,459.65717900277446,98.97172189482367,187.43,7.164990044616337e-05,0.0,0.9812809124173949,0.4736236535276691,6252,0.5,0.99,0.0073351248909602875,7.854348321755727,0.2965682903925578,-0.012169316255797943,4.629002273082733,0.0073351248909602875,0.2965682903925578,7.854348321755727,1.0,7.164990044616337e-05,7.164990044616337e-05,0.0,0.4736236535276691,0.4736236535276691,0.0,0.9812809124173949,0.9812809124173949,0.0,0.0,0.0,0.0,0.0,0.15,28.7,55.0,1294.396,9,Walker2d-v5,6198,Agente_4
85.0029764175415,56,298336,317.7935885744404,459.65717900277446,98.97172189482367,185.27,7.164990044616337e-05,0.0,0.9812809124173949,0.4736236535276691,6252,0.5,0.99,0.00701080459740903,7.729180240631104,0.3897265329957008,-0.013796998156855504,4.7159468611081445,0.00701080459740903,0.3897265329957008,7.729180240631104,1.0,7.164990044616337e-05,7.164990044616337e-05,0.0,0.4736236535276691,0.4736236535276691,0.0,0.9812809124173949,0.9812809124173949,0.0,0.0,0.0,0.0,0.0,0.455,38.2,57.55,1320.372,10,Walker2d-v5,6198,Agente_4
86.26922869682312,57,304592,322.0269753601123,407.32448516215067,98.97172189482367,185.35,7.164990044616337e-05,0.0,0.9812809124173949,0.4736236535276691,6252,0.5,0.99,0.006043293910109545,7.741019121805826,0.3493633598089218,-0.014752215410893162,4.353195287783941,0.006043293910109545,0.3493633598089218,7.741019121805826,1.0,7.164990044616337e-05,7.164990044616337e-05,0.0,0.4736236535276691,0.4736236535276691,0.0,0.9812809124173949,0.9812809124173949,0.0,0.0,0.0,0.0,0.0,0.24,29.85,59.85,1311.355,11,Walker2d-v5,6198,Agente_4
87.81260681152344,58,310848,321.6115204915338,406.61374286061624,98.97172189482367,184.66,7.164990044616337e-05,0.0,0.9812809124173949,0.4736236535276691,6252,0.5,0.99,0.006843374770536078,7.728820359706878,0.4274905284245809,-0.029581092375641067,4.709336441755295,0.006843374770536078,0.4274905284245809,7.728820359706878,1.0,7.164990044616337e-05,7.164990044616337e-05,0.0,0.4736236535276691,0.4736236535276691,0.0,0.9812809124173949,0.9812809124173949,0.0,0.0,0.0,0.0,0.0,0.865,32.05,61.5,1338.724,12,Walker2d-v5,6198,Agente_4
89.52208852767944,59,317104,311.6021676149484,343.41812990636487,272.4105408039573,171.6153846153846,7.164990044616337e-05,0.0,0.9812809124173949,0.4736236535276691,6252,0.5,0.99,0.00647329910534662,7.667499625682831,-0.025342419246832528,-0.008003284471730392,5.456836211681366,0.00647329910534662,-0.025342419246832528,7.667499625682831,1.0,7.164990044616337e-05,7.164990044616337e-05,0.0,0.4736236535276691,0.4736236535276691,0.0,0.9812809124173949,0.9812809124173949,0.0,0.0,0.0,0.0,0.0,0.6366666666666667,22.2,63.26666666666667,1699.807,13,Walker2d-v5,6198,Agente_4
91.19928026199341,60,323360,317.79335256957216,453.70988569572256,263.16417200706167,178.3,7.164990044616337e-05,0.0,0.9812809124173949,0.4736236535276691,6252,0.5,0.99,0.0062113163251524385,7.791007137298584,0.42768657207489014,-0.01062391536931197,5.447847600777944,0.0062113163251524385,0.42768657207489014,7.791007137298584,1.0,7.164990044616337e-05,7.164990044616337e-05,0.0,0.4736236535276691,0.4736236535276691,0.0,0.9812809124173949,0.9812809124173949,0.0,0.0,0.0,0.0,0.0,0.79,38.05,64.35,1681.899,14,Walker2d-v5,6198,Agente_4
93.4100730419159,61,329616,320.53944767200034,468.84994465872603,263.16417200706167,180.04301075268816,7.164990044616337e-05,0.0,0.9812809124173949,0.4736236535276691,6252,0.5,0.99,0.007443638785480289,7.726118528842926,0.4287958403428396,-0.017778247501701115,4.948733268181483,0.007443638785480289,0.4287958403428396,7.726118528842926,1.0,7.164990044616337e-05,7.164990044616337e-05,0.0,0.4736236535276691,0.4736236535276691,0.0,0.9812809124173949,0.9812809124173949,0.0,0.0,0.0,0.0,0.0,0.38000000000000006,51.96666666666666,67.43333333333334,1854.791,15,Walker2d-v5,6198,Agente_4
94.79187536239624,62,335872,324.83127252597245,468.84994465872603,263.16417200706167,183.41,7.164990044616337e-05,0.0,0.9812809124173949,0.4736236535276691,6252,0.5,0.99,0.007457488382715383,7.695400810241699,0.40004327247540156,-0.013425962370820343,4.928658636411031,0.007457488382715383,0.40004327247540156,7.695400810241699,1.0,7.164990044616337e-05,7.164990044616337e-05,0.0,0.4736236535276691,0.4736236535276691,0.0,0.9812809124173949,0.9812809124173949,0.0,0.0,0.0,0.0,0.0,0.525,30.0,66.85,1733.168,16,Walker2d-v5,6198,Agente_4
96.34717440605164,63,342128,323.9722889564722,468.84994465872603,265.6610015875861,181.5,7.164990044616337e-05,0.0,0.9812809124173949,0.4736236535276691,6252,0.5,0.99,0.007570493374290285,7.6717036962509155,0.3921347012122472,-0.006690734066069126,4.984571216503779,0.007570493374290285,0.3921347012122472,7.6717036962509155,1.0,7.164990044616337e-05,7.164990044616337e-05,0.0,0.4736236535276691,0.4736236535276691,0.0,0.9812809124173949,0.9812809124173949,0.0,0.0,0.0,0.0,0.0,0.37,32.95,62.5,1694.795,17,Walker2d-v5,6198,Agente_4
98.17899060249329,64,348384,323.7558992454062,396.1498222323312,263.5706575375776,180.82,7.164990044616337e-05,0.0,0.9812809124173949,0.4736236535276691,6252,0.5,0.99,0.008662380318583018,7.52891036272049,0.3892457644144694,-0.0163561694479237,5.223155291875203,0.008662380318583018,0.3892457644144694,7.52891036272049,1.0,7.164990044616337e-05,7.164990044616337e-05,0.0,0.4736236535276691,0.4736236535276691,0.0,0.9812809124173949,0.9812809124173949,0.0,0.0,0.0,0.0,0.0,0.51,40.766666666666666,64.53333333333333,1715.446,18,Walker2d-v5,6198,Agente_4
100.14561295509338,65,354640,325.24657001239274,396.1498222323312,263.5706575375776,181.58,7.164990044616337e-05,0.0,0.9812809124173949,0.4736236535276691,6252,0.5,0.99,0.006755581136455173,7.579810953140258,0.4269336998462677,-0.00834312109121432,4.901077177127203,0.006755581136455173,0.4269336998462677,7.579810953140258,1.0,7.164990044616337e-05,7.164990044616337e-05,0.0,0.4736236535276691,0.4736236535276691,0.0,0.9812809124173949,0.9812809124173949,0.0,0.0,0.0,0.0,0.0,0.37333333333333335,51.93333333333334,67.76666666666667,1750.021,19,Walker2d-v5,6198,Agente_4
101.49951672554016,66,360896,328.1526831079552,396.1498222323312,248.98223059050332,183.59,7.164990044616337e-05,0.0,0.9812809124173949,0.4736236535276691,6252,0.5,0.99,0.008365901822010831,7.584002641836802,0.39947345356146496,-0.0121264144545421,5.24491517941157,0.008365901822010831,0.39947345356146496,7.584002641836802,1.0,7.164990044616337e-05,7.164990044616337e-05,0.0,0.4736236535276691,0.4736236535276691,0.0,0.9812809124173949,0.9812809124173949,0.0,0.0,0.0,0.0,0.0,0.29,31.4,69.5,1698.881,20,Walker2d-v5,6198,Agente_4
103.21218752861023,67,367152,328.7338954946428,412.02416360604155,248.98223059050332,182.22,7.164990044616337e-05,0.0,0.9812809124173949,0.4736236535276691,6252,0.5,0.99,0.007351505980500406,7.556138745943705,0.40140805492798487,-0.006691990668574969,4.757494785388311,0.007351505980500406,0.40140805492798487,7.556138745943705,1.0,7.164990044616337e-05,7.164990044616337e-05,0.0,0.4736236535276691,0.4736236535276691,0.0,0.9812809124173949,0.9812809124173949,0.0,0.0,0.0,0.0,0.0,0.83,35.55,70.2,1699.106,21,Walker2d-v5,6198,Agente_4
104.69947004318237,68,373408,326.513064707261,434.49061026132193,248.98223059050332,180.22,7.164990044616337e-05,0.0,0.9812809124173949,0.4736236535276691,6252,0.5,0.99,0.007874095322889237,7.488791974385579,0.39172522674004234,-0.006746831753601631,5.032299860318502,0.007874095322889237,0.39172522674004234,7.488791974385579,1.0,7.164990044616337e-05,7.164990044616337e-05,0.0,0.4736236535276691,0.4736236535276691,0.0,0.9812809124173949,0.9812809124173949,0.0,0.0,0.0,0.0,0.0,0.9450000000000001,38.05,70.6,1676.494,22,Walker2d-v5,6198,Agente_4
106.42962861061096,69,379664,326.0216082241775,439.57211839980766,269.9437974855004,179.47,7.164990044616337e-05,0.0,0.9812809124173949,0.4736236535276691,6252,0.5,0.99,0.007582150016742162,7.581274692217509,0.45369982918103535,-0.004135002211357156,4.940173216660818,0.007582150016742162,0.45369982918103535,7.581274692217509,1.0,7.164990044616337e-05,7.164990044616337e-05,0.0,0.4736236535276691,0.4736236535276691,0.0,0.9812809124173949,0.9812809124173949,0.0,0.0,0.0,0.0,0.0,0.3133333333333333,44.53333333333333,70.4,1678.512,23,Walker2d-v5,6198,Agente_4
108.10684156417847,70,385920,325.83377003159234,439.57211839980766,271.04114136671865,179.54,7.164990044616337e-05,0.0,0.9812809124173949,0.4736236535276691,6252,0.5,0.99,0.008393503169842612,7.4947526216506954,0.4103244299689929,-0.00567086529918015,4.900522651274999,0.008393503169842612,0.4103244299689929,7.4947526216506954,1.0,7.164990044616337e-05,7.164990044616337e-05,0.0,0.4736236535276691,0.4736236535276691,0.0,0.9812809124173949,0.9812809124173949,0.0,0.0,0.0,0.0,0.0,0.575,33.1,70.45,1678.499,24,Walker2d-v5,6198,Agente_4
109.85162663459778,71,392176,324.9968799324472,439.57211839980766,270.41661997682604,178.81,7.164990044616337e-05,0.0,0.9812809124173949,0.4736236535276691,6252,0.5,0.99,0.00662230641816374,7.263531076908111,0.4425406123201052,-0.026419773527110616,5.348186602195104,0.00662230641816374,0.4425406123201052,7.263531076908111,1.0,7.164990044616337e-05,7.164990044616337e-05,0.0,0.4736236535276691,0.4736236535276691,0.0,0.9812809124173949,0.9812809124173949,0.0,0.0,0.0,0.0,0.0,0.98,33.8,70.5,1631.752,25,Walker2d-v5,6198,Agente_4
111.81851840019226,72,398432,321.00204518425414,401.55053149160943,263.605693711293,175.03,7.164990044616337e-05,0.0,0.9812809124173949,0.4736236535276691,6252,0.5,0.99,0.009330143452825724,7.510012010733287,0.5165030355254809,0.0027413088362663986,5.308681539694468,0.009330143452825724,0.5165030355254809,7.510012010733287,1.0,7.164990044616337e-05,7.164990044616337e-05,0.0,0.4736236535276691,0.4736236535276691,0.0,0.9812809124173949,0.9812809124173949,0.0,0.0,0.0,0.0,0.0,0.8466666666666667,44.4,70.4,1690.284,26,Walker2d-v5,6198,Agente_4
113.75850129127502,73,404688,326.2238652409911,431.8275884291283,263.605693711293,179.03,7.164990044616337e-05,0.0,0.9812809124173949,0.4736236535276691,6252,0.5,0.99,0.008206830513669654,7.314264035224914,0.4944793994228045,-0.005534485960379243,4.749622521797816,0.008206830513669654,0.4944793994228045,7.314264035224914,1.0,7.164990044616337e-05,7.164990044616337e-05,0.0,0.4736236535276691,0.4736236535276691,0.0,0.9812809124173949,0.9812809124173949,0.0,0.0,0.0,0.0,0.0,0.36333333333333334,39.666666666666664,70.4,1729.148,27,Walker2d-v5,6198,Agente_4
115.38624405860901,74,410944,327.8419450659045,431.8275884291283,263.605693711293,178.72,7.164990044616337e-05,0.0,0.9812809124173949,0.4736236535276691,6252,0.5,0.99,0.009076165218368714,7.402979628245036,0.5160006766517957,0.007710161440384885,4.925173342227936,0.009076165218368714,0.5160006766517957,7.402979628245036,1.0,7.164990044616337e-05,7.164990044616337e-05,0.0,0.4736236535276691,0.4736236535276691,0.0,0.9812809124173949,0.9812809124173949,0.0,0.0,0.0,0.0,0.0,0.865,35.2,70.4,1709.039,28,Walker2d-v5,6198,Agente_4
116.9014356136322,75,417200,329.6126979162782,431.8275884291283,268.571816013869,178.9,7.164990044616337e-05,0.0,0.9812809124173949,0.4736236535276691,6252,0.5,0.99,0.009234382277039306,7.153225779533386,0.4926741932829221,-0.004044165074204405,4.92290382583936,0.009234382277039306,0.4926741932829221,7.153225779533386,1.0,7.164990044616337e-05,7.164990044616337e-05,0.0,0.4736236535276691,0.4736236535276691,0.0,0.9812809124173949,0.9812809124173949,0.0,0.0,0.0,0.0,0.0,0.825,33.15,70.4,1663.678,29,Walker2d-v5,6198,Agente_4
119.19514989852905,76,423456,324.8621671508804,392.06875335794314,242.89843724693065,174.44,7.164990044616337e-05,0.0,0.9812809124173949,0.4736236535276691,6252,0.5,0.99,0.010586221323812121,7.205459670225779,0.5587049201130867,0.003135530666137735,5.040643014510473,0.010586221323812121,0.5587049201130867,7.205459670225779,1.0,7.164990044616337e-05,7.164990044616337e-05,0.0,0.4736236535276691,0.4736236535276691,0.0,0.9812809124173949,0.9812809124173949,0.0,0.0,0.0,0.0,0.0,0.5625,42.025000000000006,70.45,1757.676,30,Walker2d-v5,6198,Agente_4
120.95892429351807,77,429712,328.70428829797254,388.2342416927034,242.89843724693065,176.47,7.164990044616337e-05,0.0,0.9812809124173949,0.4736236535276691,6252,0.5,0.99,0.008994766344252033,7.039400728543599,0.522761129339536,-0.0111521459184587,5.134765040874481,0.008994766344252033,0.522761129339536,7.039400728543599,1.0,7.164990044616337e-05,7.164990044616337e-05,0.0,0.4736236535276691,0.4736236535276691,0.0,0.9812809124173949,0.9812809124173949,0.0,0.0,0.0,0.0,0.0,0.59,35.3,70.4,1762.83,31,Walker2d-v5,6198,Agente_4
122.83185076713562,78,435968,326.94168524767815,388.2342416927034,242.89843724693065,175.37,7.164990044616337e-05,0.0,0.9812809124173949,0.4736236535276691,6252,0.5,0.99,0.009439234885455032,7.0716667373975115,0.5530094871918361,-0.007391963123033444,5.5601861874262495,0.009439234885455032,0.5530094871918361,7.0716667373975115,1.0,7.164990044616337e-05,7.164990044616337e-05,0.0,0.4736236535276691,0.4736236535276691,0.0,0.9812809124173949,0.9812809124173949,0.0,0.0,0.0,0.0,0.0,0.9166666666666666,30.7,70.46666666666667,1801.667,32,Walker2d-v5,6198,Agente_4
124.74984407424927,79,442224,329.29514247249915,435.434833295964,259.7713029825779,176.55,7.164990044616337e-05,0.0,0.9812809124173949,0.4736236535276691,6252,0.5,0.99,0.01083092646967998,7.103333314259847,0.49682140300671257,-0.0014254481997340918,5.1751838505268095,0.01083092646967998,0.49682140300671257,7.103333314259847,1.0,7.164990044616337e-05,7.164990044616337e-05,0.0,0.4736236535276691,0.4736236535276691,0.0,0.9812809124173949,0.9812809124173949,0.0,0.0,0.0,0.0,0.0,0.585,49.7,70.4,1820.092,33,Walker2d-v5,6198,Agente_4
126.71540474891663,80,448480,327.0750581565638,435.434833295964,264.82419357634507,175.7,7.164990044616337e-05,0.0,0.9812809124173949,0.4736236535276691,6252,0.5,0.99,0.010564204316566853,7.01060528755188,0.5491582031051317,-0.008349618160476286,5.181635777155559,0.010564204316566853,0.5491582031051317,7.01060528755188,1.0,7.164990044616337e-05,7.164990044616337e-05,0.0,0.4736236535276691,0.4736236535276691,0.0,0.9812809124173949,0.9812809124173949,0.0,0.0,0.0,0.0,0.0,0.42999999999999994,40.333333333333336,70.4,1849.263,34,Walker2d-v5,6198,Agente_4
128.56375646591187,81,454736,323.0455242151097,435.434833295964,264.82419357634507,172.4,7.164990044616337e-05,0.0,0.9812809124173949,0.4736236535276691,6252,0.5,0.99,0.010306668294924748,6.795393319924672,0.5502352878451348,-0.010134950994203489,5.069673909743627,0.010306668294924748,0.5502352878451348,6.795393319924672,1.0,7.164990044616337e-05,7.164990044616337e-05,0.0,0.4736236535276691,0.4736236535276691,0.0,0.9812809124173949,0.9812809124173949,0.0,0.0,0.0,0.0,0.0,0.8933333333333334,33.0,70.4,1859.795,35,Walker2d-v5,6198,Agente_4
130.165753364563,82,460992,326.34483971648245,418.20766090600034,267.63082951210333,173.68,7.164990044616337e-05,0.0,0.9812809124173949,0.4736236535276691,6252,0.5,0.99,0.012691664940151288,6.893563028176626,0.6053426931301753,-0.006549843493849039,4.861856571833292,0.012691664940151288,0.6053426931301753,6.893563028176626,1.0,7.164990044616337e-05,7.164990044616337e-05,0.0,0.4736236535276691,0.4736236535276691,0.0,0.9812809124173949,0.9812809124173949,0.0,0.0,0.0,0.0,0.0,0.64,45.9,70.4,1823.399,36,Walker2d-v5,6198,Agente_4
137.63542008399963,22,532240,352.76003893114716,603.898479466394,77.02293908894282,188.32608695652175,3.767377063612767e-05,0.0,0.9,0.46859475632886194,29745,0.5,0.99,0.006554379521715244,7.68966518188345,0.3714745624312039,-0.013471445409131462,9.661541095273249,0.006554379521715244,0.3714745624312039,7.68966518188345,1.0,3.767377063612767e-05,3.767377063612767e-05,0.0,0.46859475632886194,0.46859475632886194,0.0,0.9,0.9,0.0,0.0,0.0,0.0,0.0,0.41,29.577777777777776,61.0,6224.453,37,Walker2d-v5,6198,Agente_4
145.42201399803162,23,561992,360.2778485402997,860.4359925585422,92.21491770206978,195.3846153846154,3.767377063612767e-05,0.0,0.9,0.46859475632886194,29745,0.5,0.99,0.007282824609771116,7.75094638528495,0.4028363543337789,-0.01335045817982534,9.567595613413843,0.007282824609771116,0.4028363543337789,7.75094638528495,1.0,3.767377063612767e-05,3.767377063612767e-05,0.0,0.46859475632886194,0.46859475632886194,0.0,0.9,0.9,0.0,0.0,0.0,0.0,0.0,0.5536363636363636,38.91818181818182,64.84545454545454,6999.787,38,Walker2d-v5,6198,Agente_4
153.7272503376007,24,591744,350.59686630722706,575.8497156940546,37.4211762070317,188.74468085106383,3.767377063612767e-05,0.0,0.9,0.46859475632886194,29745,0.5,0.99,0.009368372812533143,7.678859357176156,0.6233345089287593,-0.01689551103025161,7.831875847948009,0.009368372812533143,0.6233345089287593,7.678859357176156,1.0,3.767377063612767e-05,3.767377063612767e-05,0.0,0.46859475632886194,0.46859475632886194,0.0,0.9,0.9,0.0,0.0,0.0,0.0,0.0,0.6124999999999999,38.29166666666667,65.29166666666667,8290.834,39,Walker2d-v5,6198,Agente_4
168.01460671424866,26,651248,370.13523696315866,553.6199085348419,81.3524602498231,200.0076923076923,3.767377063612767e-05,0.0,0.9,0.46859475632886194,29745,0.5,0.99,0.007066170589722178,7.546692557992606,0.8449345554771095,-0.009636279818569791,7.115041981072261,0.007066170589722178,0.8449345554771095,7.546692557992606,1.0,3.767377063612767e-05,3.767377063612767e-05,0.0,0.46859475632886194,0.46859475632886194,0.0,0.9,0.9,0.0,0.0,0.0,0.0,0.0,0.41181818181818186,38.54545454545455,65.3,7225.21,40,Walker2d-v5,6198,Agente_4
175.5421380996704,27,681000,391.1120911329779,550.255706921408,266.0914922337354,208.64864864864865,3.767377063612767e-05,0.0,0.9,0.46859475632886194,29745,0.5,0.99,0.00749540607659567,7.554524453755083,0.8900300645622714,-0.010982559748186634,7.158611671677951,0.00749540607659567,0.8900300645622714,7.554524453755083,1.0,3.767377063612767e-05,3.767377063612767e-05,0.0,0.46859475632886194,0.46859475632886194,0.0,0.9,0.9,0.0,0.0,0.0,0.0,0.0,0.4990000000000001,39.07000000000001,70.37,7369.225,41,Walker2d-v5,6198,Agente_4
183.06748032569885,28,710752,383.370839332479,537.7313513213608,144.97042536149786,203.90070921985816,3.767377063612767e-05,0.0,0.9,0.46859475632886194,29745,0.5,0.99,0.007119620565152155,7.559220137267277,0.9042439774192613,-0.012050913833081722,7.07438550981982,0.007119620565152155,0.9042439774192613,7.559220137267277,1.0,3.767377063612767e-05,3.767377063612767e-05,0.0,0.46859475632886194,0.46859475632886194,0.0,0.9,0.9,0.0,0.0,0.0,0.0,0.0,0.7380000000000001,36.44,68.58000000000001,7416.356,42,Walker2d-v5,6198,Agente_4
200.79122233390808,30,770256,379.04295949502114,523.8352580108441,126.32363463833534,199.49618320610688,3.767377063612767e-05,0.0,0.9,0.46859475632886194,29745,0.5,0.99,0.00726935581579747,7.527796626913137,0.913893388674177,-0.012067756393988585,6.806963266997502,0.00726935581579747,0.913893388674177,7.527796626913137,1.0,3.767377063612767e-05,3.767377063612767e-05,0.0,0.46859475632886194,0.46859475632886194,0.0,0.9,0.9,0.0,0.0,0.0,0.0,0.0,0.5608333333333333,39.68333333333333,70.31666666666666,8230.444,43,Walker2d-v5,6198,Agente_4
208.38207936286926,31,800008,373.98391751693345,541.4143395465579,75.77831527359093,197.83333333333334,3.767377063612767e-05,0.0,0.9,0.46859475632886194,29745,0.5,0.99,0.007770343857912943,7.550821629885969,0.9131641874025608,-0.013374603382343876,6.854092073440552,0.007770343857912943,0.9131641874025608,7.550821629885969,1.0,3.767377063612767e-05,3.767377063612767e-05,0.0,0.46859475632886194,0.46859475632886194,0.0,0.9,0.9,0.0,0.0,0.0,0.0,0.0,0.6499999999999999,38.50909090909091,67.15454545454546,7905.085,44,Walker2d-v5,6198,Agente_4
210.11418056488037,34,818336,427.07285610406313,617.9419721359624,95.57281676656594,207.08196721311475,1.7027535068409554e-05,0.0,0.9,0.47313202265678866,28707,0.5,0.99,0.004737952898819645,7.300828927755356,0.5061616851815156,-0.0100336992082053,9.588936482157026,0.004737952898819645,0.5061616851815156,7.300828927755356,1.0,1.7027535068409554e-05,1.7027535068409554e-05,0.0,0.47313202265678866,0.47313202265678866,0.0,0.9,0.9,0.0,0.0,0.0,0.0,0.0,0.5254545454545454,29.85454545454546,59.37272727272727,7462.116,45,Walker2d-v5,6198,Agente_4
216.64029574394226,35,847048,434.24820197906837,660.9712450078464,170.10959590522012,208.72794117647058,1.7027535068409554e-05,0.0,0.9,0.47313202265678866,28707,0.5,0.99,0.008701560214746882,7.285995006561279,0.5040356451911586,-0.011311727323170219,9.53989280632564,0.008701560214746882,0.5040356451911586,7.285995006561279,1.0,1.7027535068409554e-05,1.7027535068409554e-05,0.0,0.47313202265678866,0.47313202265678866,0.0,0.9,0.9,0.0,0.0,0.0,0.0,0.0,0.43,34.24444444444444,57.93333333333333,6986.722,46,Walker2d-v5,6198,Agente_4
226.52586221694946,36,875760,453.7716363094523,674.6221645933987,262.9840018803859,212.14166666666668,1.7027535068409554e-05,0.0,0.9,0.47313202265678866,28707,0.5,0.99,0.01125852443427195,7.136034783295223,0.7441349809723241,-0.01237547029075878,7.495882051331656,0.01125852443427195,0.7441349809723241,7.136034783295223,1.0,1.7027535068409554e-05,1.7027535068409554e-05,0.0,0.47313202265678866,0.47313202265678866,0.0,0.9,0.9,0.0,0.0,0.0,0.0,0.0,0.6092857142857143,37.33571428571428,70.15714285714286,9870.548,47,Walker2d-v5,6198,Agente_4
235.94329023361206,37,904472,464.5587032256421,816.1062696217988,118.77415201418692,222.4496124031008,1.7027535068409554e-05,0.0,0.9,0.47313202265678866,28707,0.5,0.99,0.007379950581949887,7.176008843524116,0.7890704034694603,-0.009476551822652774,7.496851954289845,0.007379950581949887,0.7890704034694603,7.176008843524116,1.0,1.7027535068409554e-05,1.7027535068409554e-05,0.0,0.47313202265678866,0.47313202265678866,0.0,0.9,0.9,0.0,0.0,0.0,0.0,0.0,0.693846153846154,39.73846153846154,71.0923076923077,9639.038,48,Walker2d-v5,6198,Agente_4
242.29949688911438,38,933184,467.2536236590755,805.2653086606538,299.6574352941537,223.47286821705427,1.7027535068409554e-05,0.0,0.9,0.47313202265678866,28707,0.5,0.99,0.00923204256693168,7.14118589758873,0.8260258472391537,-0.012139317246952228,7.238534216369901,0.00923204256693168,0.8260258472391537,7.14118589758873,1.0,1.7027535068409554e-05,1.7027535068409554e-05,0.0,0.47313202265678866,0.47313202265678866,0.0,0.9,0.9,0.0,0.0,0.0,0.0,0.0,0.8333333333333334,33.0,64.6888888888889,8540.261,49,Walker2d-v5,6198,Agente_4
251.0981662273407,39,961896,459.6111957296903,643.0103443400824,277.02882030693377,219.1076923076923,1.7027535068409554e-05,0.0,0.9,0.47313202265678866,28707,0.5,0.99,0.00928685084780422,7.085371231181281,0.849258788462196,-0.010986711101473442,7.141301207031522,0.00928685084780422,0.849258788462196,7.085371231181281,1.0,1.7027535068409554e-05,1.7027535068409554e-05,0.0,0.47313202265678866,0.47313202265678866,0.0,0.9,0.9,0.0,0.0,0.0,0.0,0.0,0.6124999999999999,45.60833333333334,66.88333333333333,8601.384,50,Walker2d-v5,6198,Agente_4
258.37552523612976,40,990608,451.98022728291164,678.159678739568,93.4427853404541,219.59055118110237,1.7027535068409554e-05,0.0,0.9,0.47313202265678866,28707,0.5,0.99,0.007454999162519016,7.115090265444347,0.8591175588113921,-0.009613926903278168,6.973365583590099,0.007454999162519016,0.8591175588113921,7.115090265444347,1.0,1.7027535068409554e-05,1.7027535068409554e-05,0.0,0.47313202265678866,0.47313202265678866,0.0,0.9,0.9,0.0,0.0,0.0,0.0,0.0,0.784,40.62,70.89,8334.426,51,Walker2d-v5,6198,Agente_4
266.0578918457031,41,1019320,472.52907396069935,674.0887686338676,75.19451804461907,224.3230769230769,1.7027535068409554e-05,0.0,0.9,0.47313202265678866,28707,0.5,0.99,0.008833837212913448,7.041238569361823,0.8664841174014977,-0.011484832552793835,6.9426658221653526,0.008833837212913448,0.8664841174014977,7.041238569361823,1.0,1.7027535068409554e-05,1.7027535068409554e-05,0.0,0.47313202265678866,0.47313202265678866,0.0,0.9,0.9,0.0,0.0,0.0,0.0,0.0,0.9209090909090907,36.97272727272727,70.99090909090908,8224.052,52,Walker2d-v5,6198,Agente_4
273.33564805984497,42,1048032,465.14617960460174,652.6426698558347,83.77997539699689,227.8548387096774,1.7027535068409554e-05,0.0,0.9,0.47313202265678866,28707,0.5,0.99,0.00899951578249524,7.074296857629504,0.8731469341686794,-0.008593342915576483,6.731174535410744,0.00899951578249524,0.8731469341686794,7.074296857629504,1.0,1.7027535068409554e-05,1.7027535068409554e-05,0.0,0.47313202265678866,0.47313202265678866,0.0,0.9,0.9,0.0,0.0,0.0,0.0,0.0,0.841,38.900000000000006,70.95,8087.461,53,Walker2d-v5,6198,Agente_4
280.39337730407715,43,1076744,467.5711387008982,817.5728099478887,145.9663351119283,232.45238095238096,1.7027535068409554e-05,0.0,0.9,0.47313202265678866,28707,0.5,0.99,0.006744554116913405,7.091647455521993,0.8861827536353043,-0.00944965488743037,6.685691152300153,0.006744554116913405,0.8861827536353043,7.091647455521993,1.0,1.7027535068409554e-05,1.7027535068409554e-05,0.0,0.47313202265678866,0.47313202265678866,0.0,0.9,0.9,0.0,0.0,0.0,0.0,0.0,0.7130000000000001,36.45,67.42,7957.513,54,Walker2d-v5,6198,Agente_4
287.9507200717926,44,1105456,509.61050933328573,717.2520847504167,358.1780176470022,231.99056603773585,1.7027535068409554e-05,0.0,0.9,0.47313202265678866,28707,0.5,0.99,0.009605806323507571,6.551864226375307,0.8726371951401234,-0.012793125717767648,6.411316788196563,0.009605806323507571,0.8726371951401234,6.551864226375307,1.0,1.7027535068409554e-05,1.7027535068409554e-05,0.0,0.47313202265678866,0.47313202265678866,0.0,0.9,0.9,0.0,0.0,0.0,0.0,0.0,0.8036363636363638,37.11818181818182,70.31818181818183,7543.001,55,Walker2d-v5,6198,Agente_4
295.190491437912,45,1134168,515.1143433900025,738.3821920918699,181.72828505377322,240.68852459016392,1.7027535068409554e-05,0.0,0.9,0.47313202265678866,28707,0.5,0.99,0.007524344945003301,6.660609635284969,0.8841646952288491,-0.009550550490218614,6.40097781079156,0.007524344945003301,0.8841646952288491,6.660609635284969,1.0,1.7027535068409554e-05,1.7027535068409554e-05,0.0,0.47313202265678866,0.47313202265678866,0.0,0.9,0.9,0.0,0.0,0.0,0.0,0.0,0.731,39.46999999999999,70.6,7385.362,56,Walker2d-v5,6198,Agente_4
302.1492393016815,46,1162880,508.3287883326161,682.1565931776717,114.17213129610765,235.39344262295083,1.7027535068409554e-05,0.0,0.9,0.47313202265678866,28707,0.5,0.99,0.007446832963523892,6.6639741812433515,0.8905484239969935,-0.009432879665733447,6.68844763806888,0.007446832963523892,0.8905484239969935,6.6639741812433515,1.0,1.7027535068409554e-05,1.7027535068409554e-05,0.0,0.47313202265678866,0.47313202265678866,0.0,0.9,0.9,0.0,0.0,0.0,0.0,0.0,0.738,38.22,70.53,7239.597,57,Walker2d-v5,6198,Agente_4
309.1818082332611,47,1191592,495.9821958249626,665.0490379913514,377.573405508292,228.0,1.7027535068409554e-05,0.0,0.9,0.47313202265678866,28707,0.5,0.99,0.007953428857194921,6.673440139634269,0.8936161950230599,-0.010201050663766052,6.626151765244348,0.007953428857194921,0.8936161950230599,6.673440139634269,1.0,1.7027535068409554e-05,1.7027535068409554e-05,0.0,0.47313202265678866,0.47313202265678866,0.0,0.9,0.9,0.0,0.0,0.0,0.0,0.0,0.89,36.62,70.53999999999999,7185.082,58,Walker2d-v5,6198,Agente_4
335.156610250473,55,1283488,584.7319363903622,829.0917563020556,327.0754374862707,236.92424242424244,4.5208524763353205e-05,0.0,0.9,0.3190987796853708,20079,0.5,0.99,0.007509045854684099,6.627295050254235,0.8642841424697485,-0.013663166510657623,5.961983916698358,0.007509045854684099,0.8642841424697485,6.627295050254235,1.0,4.5208524763353205e-05,4.5208524763353205e-05,0.0,0.3190987796853708,0.3190987796853708,0.0,0.9,0.9,0.0,0.0,0.0,0.0,0.0,0.62,36.74444444444444,64.51111111111112,6302.428,59,Walker2d-v5,6198,Agente_4
340.49606347084045,56,1303568,583.8360526300246,784.3276515071894,86.3400797508309,241.74,4.5208524763353205e-05,0.0,0.9,0.3190987796853708,20079,0.5,0.99,0.006866715208222255,6.640913815376086,0.8813031503787407,-0.01579982919427447,6.86572598921947,0.006866715208222255,0.8813031503787407,6.640913815376086,1.0,4.5208524763353205e-05,4.5208524763353205e-05,0.0,0.3190987796853708,0.3190987796853708,0.0,0.9,0.9,0.0,0.0,0.0,0.0,0.0,0.555,33.5625,59.5625,5815.62,60,Walker2d-v5,6198,Agente_4
345.9578289985657,57,1323648,580.7162321190506,764.2848842421934,410.4580767925087,238.7,4.5208524763353205e-05,0.0,0.9,0.3190987796853708,20079,0.5,0.99,0.00770674926058696,6.660387506240453,0.8959857330872463,-0.016580374026671053,6.929899308620355,0.00770674926058696,0.8959857330872463,6.660387506240453,1.0,4.5208524763353205e-05,4.5208524763353205e-05,0.0,0.3190987796853708,0.3190987796853708,0.0,0.9,0.9,0.0,0.0,0.0,0.0,0.0,0.3785714285714285,39.31428571428571,61.75714285714286,5692.969,61,Walker2d-v5,6198,Agente_4
352.5345914363861,58,1343728,588.1714905599027,779.2665605254841,324.5043312659859,238.6818181818182,4.5208524763353205e-05,0.0,0.9,0.3190987796853708,20079,0.5,0.99,0.007223326364011365,6.533887344751602,0.8933806828963451,-0.013533265883914935,6.778962514339349,0.007223326364011365,0.8933806828963451,6.533887344751602,1.0,4.5208524763353205e-05,4.5208524763353205e-05,0.0,0.3190987796853708,0.3190987796853708,0.0,0.9,0.9,0.0,0.0,0.0,0.0,0.0,0.506,32.35,63.279999999999994,6568.165,62,Walker2d-v5,6198,Agente_4
357.6171154975891,59,1363808,585.0676008045546,765.1593069066909,357.771152095209,238.48,4.5208524763353205e-05,0.0,0.9,0.3190987796853708,20079,0.5,0.99,0.0074023381799447514,6.512226191545144,0.8985326742514586,-0.016037584635882805,7.255930332037119,0.0074023381799447514,0.8985326742514586,6.512226191545144,1.0,4.5208524763353205e-05,4.5208524763353205e-05,0.0,0.3190987796853708,0.3190987796853708,0.0,0.9,0.9,0.0,0.0,0.0,0.0,0.0,0.4842857142857143,44.48571428571428,63.785714285714285,5818.481,63,Walker2d-v5,6198,Agente_4
363.0706548690796,60,1383888,593.5092271871393,818.199102969612,423.5064024802855,239.49,4.5208524763353205e-05,0.0,0.9,0.3190987796853708,20079,0.5,0.99,0.0073273548586982595,6.461418574895614,0.891819096222902,-0.012771995038462755,7.1961876196739,0.0073273548586982595,0.891819096222902,6.461418574895614,1.0,4.5208524763353205e-05,4.5208524763353205e-05,0.0,0.3190987796853708,0.3190987796853708,0.0,0.9,0.9,0.0,0.0,0.0,0.0,0.0,0.797142857142857,40.57142857142857,69.52857142857142,5693.192,64,Walker2d-v5,6198,Agente_4
368.58881545066833,61,1403968,597.0024255044232,725.8044899933851,424.2826563653238,239.62,4.5208524763353205e-05,0.0,0.9,0.3190987796853708,20079,0.5,0.99,0.007373581404975155,6.571324423031929,0.9030455951507275,-0.014098051295448572,7.304666114464784,0.007373581404975155,0.9030455951507275,6.571324423031929,1.0,4.5208524763353205e-05,4.5208524763353205e-05,0.0,0.3190987796853708,0.3190987796853708,0.0,0.9,0.9,0.0,0.0,0.0,0.0,0.0,0.865,36.474999999999994,70.2875,5647.217,65,Walker2d-v5,6198,Agente_4
374.297785282135,62,1424048,583.7006360305978,712.2181151674911,161.4965659313385,234.99,4.5208524763353205e-05,0.0,0.9,0.3190987796853708,20079,0.5,0.99,0.00798734733745196,6.5439499965080845,0.8586232732503842,-0.01579614682839467,7.426478488628681,0.00798734733745196,0.8586232732503842,6.5439499965080845,1.0,4.5208524763353205e-05,4.5208524763353205e-05,0.0,0.3190987796853708,0.3190987796853708,0.0,0.9,0.9,0.0,0.0,0.0,0.0,0.0,0.7233333333333334,39.53333333333333,70.38888888888889,5657.489,66,Walker2d-v5,6198,Agente_4
379.60109186172485,63,1444128,576.1194589358123,739.4160322922869,376.56829711587267,232.8,4.5208524763353205e-05,0.0,0.9,0.3190987796853708,20079,0.5,0.99,0.007061642595640595,6.6158596980266084,0.8902792815978711,-0.015380956511944533,7.405991905163496,0.007061642595640595,0.8902792815978711,6.6158596980266084,1.0,4.5208524763353205e-05,4.5208524763353205e-05,0.0,0.3190987796853708,0.3190987796853708,0.0,0.9,0.9,0.0,0.0,0.0,0.0,0.0,0.8614285714285714,39.771428571428565,70.35714285714285,5596.643,67,Walker2d-v5,6198,Agente_4
395.1134853363037,64,1526608,628.2564673124092,876.677239351196,479.77754014716254,242.1904761904762,1.1984765415985876e-05,0.0,0.9,0.13407216094215882,19138,0.5,0.99,0.0016947631973185228,6.666062491648906,0.6260696618943601,-0.007325241911048825,8.904657494055257,0.0016947631973185228,0.6260696618943601,6.666062491648906,1.0,1.1984765415985876e-05,1.1984765415985876e-05,0.0,0.13407216094215882,0.13407216094215882,0.0,0.9,0.9,0.0,0.0,0.0,0.0,0.0,0.6312500000000001,32.7625,60.575,5434.172,68,Walker2d-v5,6198,Agente_4
399.58291244506836,65,1545752,645.3010462122413,876.677239351196,514.0807131356777,244.72,1.1984765415985876e-05,0.0,0.9,0.13407216094215882,19138,0.5,0.99,0.0024547554397154393,6.614963282765569,0.6755143682698945,-0.002377708226039603,8.900992082905125,0.0024547554397154393,0.6755143682698945,6.614963282765569,1.0,1.1984765415985876e-05,1.1984765415985876e-05,0.0,0.13407216094215882,0.13407216094215882,0.0,0.9,0.9,0.0,0.0,0.0,0.0,0.0,0.45,36.699999999999996,61.15714285714286,4946.74,69,Walker2d-v5,6198,Agente_4
408.4339952468872,67,1584040,658.1259369034807,872.9564442266594,503.7654140690623,248.65079365079364,1.1984765415985876e-05,0.0,0.9,0.13407216094215882,19138,0.5,0.99,0.0026341100353298574,6.666450749216853,0.8626467538846506,-0.007532501099882899,6.544759423023946,0.0026341100353298574,0.8626467538846506,6.666450749216853,1.0,1.1984765415985876e-05,1.1984765415985876e-05,0.0,0.13407216094215882,0.13407216094215882,0.0,0.9,0.9,0.0,0.0,0.0,0.0,0.0,0.46833333333333343,39.11666666666667,68.85000000000001,4159.527,70,Walker2d-v5,6198,Agente_4
413.7202208042145,68,1603184,659.6313377102474,868.6177018131266,507.0275807517157,251.54,1.1984765415985876e-05,0.0,0.9,0.13407216094215882,19138,0.5,0.99,0.002728815945798684,6.526548388197615,0.8522770617459271,-0.005777341761701815,7.254421337230785,0.002728815945798684,0.8522770617459271,6.526548388197615,1.0,1.1984765415985876e-05,1.1984765415985876e-05,0.0,0.13407216094215882,0.13407216094215882,0.0,0.9,0.9,0.0,0.0,0.0,0.0,0.0,0.80375,36.525000000000006,64.425,4716.713,71,Walker2d-v5,6198,Agente_4
419.7270574569702,69,1622328,654.4013145727433,860.5324710787954,522.0611073528096,247.37,1.1984765415985876e-05,0.0,0.9,0.13407216094215882,19138,0.5,0.99,0.0032005334728367144,6.678444354598587,0.8882987125499828,-0.008671036367682187,7.4376518700573895,0.0032005334728367144,0.8882987125499828,6.678444354598587,1.0,1.1984765415985876e-05,1.1984765415985876e-05,0.0,0.13407216094215882,0.13407216094215882,0.0,0.9,0.9,0.0,0.0,0.0,0.0,0.0,0.615,40.9875,69.875,5143.39,72,Walker2d-v5,6198,Agente_4
424.85225772857666,70,1641472,644.3245624909683,919.2847826470338,461.8648629508613,245.68,1.1984765415985876e-05,0.0,0.9,0.13407216094215882,19138,0.5,0.99,0.002694253277393334,6.67509627471099,0.8593696321990039,-0.004906836851827196,7.58474502047977,0.002694253277393334,0.8593696321990039,6.67509627471099,1.0,1.1984765415985876e-05,1.1984765415985876e-05,0.0,0.13407216094215882,0.13407216094215882,0.0,0.9,0.9,0.0,0.0,0.0,0.0,0.0,0.8342857142857143,39.18571428571429,70.54285714285716,5136.241,73,Walker2d-v5,6198,Agente_4
429.3046553134918,71,1660616,642.0425818747655,919.2847826470338,461.8648629508613,246.0,1.1984765415985876e-05,0.0,0.9,0.13407216094215882,19138,0.5,0.99,0.0027976655711009282,6.769338431229462,0.8789499498702384,-0.007548059966113116,7.335836735287228,0.0027976655711009282,0.8789499498702384,6.769338431229462,1.0,1.1984765415985876e-05,1.1984765415985876e-05,0.0,0.13407216094215882,0.13407216094215882,0.0,0.9,0.9,0.0,0.0,0.0,0.0,0.0,0.7933333333333334,31.75,70.46666666666665,4997.176,74,Walker2d-v5,6198,Agente_4
434.33337450027466,72,1679760,645.2240487108845,924.5545518243248,180.8980572356599,250.84,1.1984765415985876e-05,0.0,0.9,0.13407216094215882,19138,0.5,0.99,0.0029926147325002946,6.732579781558062,0.831459546250266,-0.005592413138396837,7.596244920266641,0.0029926147325002946,0.831459546250266,6.732579781558062,1.0,1.1984765415985876e-05,1.1984765415985876e-05,0.0,0.13407216094215882,0.13407216094215882,0.0,0.9,0.9,0.0,0.0,0.0,0.0,0.0,0.6799999999999999,42.97142857142858,70.41428571428573,5000.323,75,Walker2d-v5,6198,Agente_4
439.3457100391388,73,1698904,640.2934773196537,816.7663443007441,180.8980572356599,248.48,1.1984765415985876e-05,0.0,0.9,0.13407216094215882,19138,0.5,0.99,0.002606754235335216,6.7651507738474255,0.856150600877968,-0.004227775496405524,7.601026281150611,0.002606754235335216,0.856150600877968,6.7651507738474255,1.0,1.1984765415985876e-05,1.1984765415985876e-05,0.0,0.13407216094215882,0.13407216094215882,0.0,0.9,0.9,0.0,0.0,0.0,0.0,0.0,0.89,32.300000000000004,68.71428571428571,5000.069,76,Walker2d-v5,6198,Agente_4
445.2468776702881,74,1718048,635.5470415214577,816.7663443007441,470.37177185837254,242.49,1.1984765415985876e-05,0.0,0.9,0.13407216094215882,19138,0.5,0.99,0.0031132225812071854,6.652993856894003,0.7946624440115851,-0.010109726762449419,7.819188422125739,0.0031132225812071854,0.7946624440115851,6.652993856894003,1.0,1.1984765415985876e-05,1.1984765415985876e-05,0.0,0.13407216094215882,0.13407216094215882,0.0,0.9,0.9,0.0,0.0,0.0,0.0,0.0,0.5111111111111111,40.44444444444445,65.85555555555555,5111.102,77,Walker2d-v5,6198,Agente_4
451.08736634254456,75,1737192,635.2223295533518,840.0515918924456,450.92702103425177,240.99,1.1984765415985876e-05,0.0,0.9,0.13407216094215882,19138,0.5,0.99,0.0029494786174492785,6.646687505051896,0.796391823485091,-0.003500635640041248,7.588065031412485,0.0029494786174492785,0.796391823485091,6.646687505051896,1.0,1.1984765415985876e-05,1.1984765415985876e-05,0.0,0.13407216094215882,0.13407216094215882,0.0,0.9,0.9,0.0,0.0,0.0,0.0,0.0,0.5725,40.975,70.15,5190.811,78,Walker2d-v5,6198,Agente_4
455.0208399295807,76,1756336,629.8832141686711,773.992726128335,486.95556652064124,239.05,1.1984765415985876e-05,0.0,0.9,0.13407216094215882,19138,0.5,0.99,0.002787580723469472,6.704022047970746,0.8345031082630158,-0.0040136033769797635,7.75556955981899,0.002787580723469472,0.8345031082630158,6.704022047970746,1.0,1.1984765415985876e-05,1.1984765415985876e-05,0.0,0.13407216094215882,0.13407216094215882,0.0,0.9,0.9,0.0,0.0,0.0,0.0,0.0,0.82,30.46666666666667,64.73333333333333,5063.92,79,Walker2d-v5,6198,Agente_4
460.1497993469238,77,1775480,614.8975660479068,774.4570672866888,357.5632740797528,235.09,1.1984765415985876e-05,0.0,0.9,0.13407216094215882,19138,0.5,0.99,0.0026349820445191016,6.678462105828363,0.8192599431888478,-0.005327794386224972,7.671006805832322,0.0026349820445191016,0.8192599431888478,6.678462105828363,1.0,1.1984765415985876e-05,1.1984765415985876e-05,0.0,0.13407216094215882,0.13407216094215882,0.0,0.9,0.9,0.0,0.0,0.0,0.0,0.0,0.42,33.71428571428571,57.942857142857136,5159.541,80,Walker2d-v5,6198,Agente_4
465.48564171791077,78,1794624,621.3783136673861,786.9257946026619,357.5632740797528,239.56,1.1984765415985876e-05,0.0,0.9,0.13407216094215882,19138,0.5,0.99,0.0030180239104378712,6.691206220678381,0.7976836707140949,-0.005940500264232223,7.5990170543258255,0.0030180239104378712,0.7976836707140949,6.691206220678381,1.0,1.1984765415985876e-05,1.1984765415985876e-05,0.0,0.13407216094215882,0.13407216094215882,0.0,0.9,0.9,0.0,0.0,0.0,0.0,0.0,0.2785714285714286,49.42857142857143,56.74285714285714,5164.705,81,Walker2d-v5,6198,Agente_4
471.8385226726532,79,1813768,679.3049770187129,808.3730277912244,530.4448231498262,255.65079365079364,1.1984765415985876e-05,0.0,0.9,0.13407216094215882,19138,0.5,0.99,0.0028486440549264874,6.658146278278248,0.876394752715085,-0.00886845426835321,7.521405781926336,0.0028486440549264874,0.876394752715085,6.658146278278248,1.0,1.1984765415985876e-05,1.1984765415985876e-05,0.0,0.13407216094215882,0.13407216094215882,0.0,0.9,0.9,0.0,0.0,0.0,0.0,0.0,0.4066666666666666,37.95555555555555,66.5,6341.604,82,Walker2d-v5,6198,Agente_4
478.3861906528473,80,1832912,681.6644327817554,838.0646749427711,554.2484347973432,256.33,1.1984765415985876e-05,0.0,0.9,0.13407216094215882,19138,0.5,0.99,0.0029993166707287387,6.317983193010897,0.8753702605092848,-0.0034579035272268026,7.877958835137857,0.0029993166707287387,0.8753702605092848,6.317983193010897,1.0,1.1984765415985876e-05,1.1984765415985876e-05,0.0,0.13407216094215882,0.13407216094215882,0.0,0.9,0.9,0.0,0.0,0.0,0.0,0.0,0.561,39.8,69.03,6438.362,83,Walker2d-v5,6198,Agente_4
483.31795263290405,81,1852056,667.4650003865812,838.0646749427711,81.55411926756288,252.46,1.1984765415985876e-05,0.0,0.9,0.13407216094215882,19138,0.5,0.99,0.002659745296863843,6.502784480275334,0.8707466036886782,-0.005620062769063421,7.774761278564865,0.002659745296863843,0.8707466036886782,6.502784480275334,1.0,1.1984765415985876e-05,1.1984765415985876e-05,0.0,0.13407216094215882,0.13407216094215882,0.0,0.9,0.9,0.0,0.0,0.0,0.0,0.0,0.8999999999999998,36.800000000000004,69.60000000000001,5931.362,84,Walker2d-v5,6198,Agente_4
488.77772188186646,79,1895096,728.4047031060754,1035.1869030638993,523.627247371015,254.7835051546392,5.65106559541915e-05,0.0,0.9483095620348083,0.39887347460671346,28707,0.5,0.99,0.011212574255530242,6.191831547021866,0.6267927100615842,-0.015801827888935804,8.926883611508778,0.011212574255530242,0.6267927100615842,6.191831547021866,1.0,5.65106559541915e-05,5.65106559541915e-05,0.0,0.39887347460671346,0.39887347460671346,0.0,0.9483095620348083,0.9483095620348083,0.0,0.0,0.0,0.0,0.0,0.606,31.07,62.67,6628.742,85,Walker2d-v5,6198,Agente_4
497.04248690605164,80,1923808,732.7660302814751,979.4769778904929,548.1817650387685,256.719298245614,5.65106559541915e-05,0.0,0.9483095620348083,0.39887347460671346,28707,0.5,0.99,0.01105902872358087,6.200984078645706,0.6717503742447921,-0.014743063158156084,8.997228014469147,0.01105902872358087,0.6717503742447921,6.200984078645706,1.0,5.65106559541915e-05,5.65106559541915e-05,0.0,0.39887347460671346,0.39887347460671346,0.0,0.9483095620348083,0.9483095620348083,0.0,0.0,0.0,0.0,0.0,0.32833333333333337,34.39166666666666,58.666666666666664,7441.236,86,Walker2d-v5,6198,Agente_4
503.0136535167694,81,1952520,736.0705318863032,948.9007567406603,167.13536734552636,255.55208333333334,5.65106559541915e-05,0.0,0.9483095620348083,0.39887347460671346,28707,0.5,0.99,0.010210721809874531,6.137425130605697,0.789699127631528,-0.012543225148692726,7.711544954776764,0.010210721809874531,0.789699127631528,6.137425130605697,1.0,5.65106559541915e-05,5.65106559541915e-05,0.0,0.39887347460671346,0.39887347460671346,0.0,0.9483095620348083,0.9483095620348083,0.0,0.0,0.0,0.0,0.0,0.4977777777777778,32.98888888888889,59.599999999999994,5958.891,87,Walker2d-v5,6198,Agente_4
510.6127767562866,82,1981232,730.324121949596,1072.9828044690082,486.30647155731987,253.43478260869566,5.65106559541915e-05,0.0,0.9483095620348083,0.39887347460671346,28707,0.5,0.99,0.01095737515009095,6.124068603345326,0.8045746908656188,-0.015041460986581764,8.256655576399394,0.01095737515009095,0.8045746908656188,6.124068603345326,1.0,5.65106559541915e-05,5.65106559541915e-05,0.0,0.39887347460671346,0.39887347460671346,0.0,0.9483095620348083,0.9483095620348083,0.0,0.0,0.0,0.0,0.0,0.32399999999999995,43.980000000000004,66.09,6773.596,88,Walker2d-v5,6198,Agente_4
516.9824540615082,83,2009944,713.0697539415729,972.099671280843,145.91784154442345,247.6,5.65106559541915e-05,0.0,0.9483095620348083,0.39887347460671346,28707,0.5,0.99,0.01069175027945956,6.122444838285446,0.7845728891236442,-0.014897969666136695,8.299599938733238,0.01069175027945956,0.7845728891236442,6.122444838285446,1.0,5.65106559541915e-05,5.65106559541915e-05,0.0,0.39887347460671346,0.39887347460671346,0.0,0.9483095620348083,0.9483095620348083,0.0,0.0,0.0,0.0,0.0,0.8055555555555555,32.48888888888889,64.93333333333334,6634.772,89,Walker2d-v5,6198,Agente_4
