time_total_s,training_iteration,timesteps_total,env_runners/episode_return_mean,env_runners/episode_return_max,env_runners/episode_return_min,env_runners/episode_len_mean,config/lr,config/entropy_coeff,config/lambda,config/clip_param,config/train_batch_size,config/vf_loss_coeff,config/gamma,info/learner/default_policy/learner_stats/kl,info/learner/default_policy/learner_stats/entropy,info/learner/default_policy/learner_stats/vf_explained_var,info/learner/default_policy/learner_stats/policy_loss,info/learner/default_policy/learner_stats/vf_loss,custom_metrics/policy_kl,custom_metrics/vf_explained_var,custom_metrics/policy_entropy,custom_metrics/diagnostics_valid,custom_metrics/pbt_desired_lr,custom_metrics/pbt_effective_lr,custom_metrics/pbt_mismatch_lr,custom_metrics/pbt_desired_clip_param,custom_metrics/pbt_effective_clip_param,custom_metrics/pbt_mismatch_clip_param,custom_metrics/pbt_desired_lambda,custom_metrics/pbt_effective_lambda,custom_metrics/pbt_mismatch_lambda,custom_metrics/pbt_desired_entropy_coeff,custom_metrics/pbt_effective_entropy_coeff,custom_metrics/pbt_mismatch_entropy_coeff,custom_metrics/pbt_effective_hp_mismatch_count,perf/gpu_util_percent0,perf/cpu_util_percent,perf/ram_util_percent,timers/training_iteration_time_ms,causal_order,entorno,semilla,agente_id
16.163482666015625,1,59048,-0.7883360423131994,73.90740005725246,-17.500221368957973,18.574414186193792,0.0002142078033125583,0.0,0.9064132323042493,0.2414087295104281,59045,0.5,0.99,0.026193120872257683,8.495314998626709,0.4102082696168319,-0.0447666906994646,2.9306647056082022,0.026193120872257683,0.4102082696168319,8.495314998626709,1.0,0.0002142078033125583,0.0002142078033125583,0.0,0.2414087295104281,0.2414087295104281,0.0,0.9064132323042493,0.9064132323042493,0.0,0.0,0.0,0.0,0.0,0.57,43.19565217391305,56.68695652173913,16112.559,0,Walker2d-v5,5603,Agente_1
15.889585971832275,12,57680,8.423387774006745,27.064322638060105,-1.206995666600282,31.333333333333332,7.070107863594683e-05,0.0,0.9436617839802434,0.30824118465916694,3910,0.5,0.99,0.014457059778631,7.485058150972638,0.2752632098538535,-0.05280692111700773,9.522455978393555,0.014457059778631,0.2752632098538535,7.485058150972638,1.0,7.070107863594683e-05,7.070107863594683e-05,0.0,0.30824118465916694,0.30824118465916694,0.0,0.9436617839802434,0.9436617839802434,0.0,0.0,0.0,0.0,0.0,0.6966666666666668,28.366666666666664,56.26666666666667,1437.912,1,Walker2d-v5,5603,Agente_1
17.062506437301636,13,61592,189.32898163457455,371.50634414315726,-1.206995666600282,134.5142857142857,7.070107863594683e-05,0.0,0.9436617839802434,0.30824118465916694,3910,0.5,0.99,0.011712593931172575,7.293470403126308,0.30377682958330426,-0.033353374685559954,9.431319795336043,0.011712593931172575,0.30377682958330426,7.293470403126308,1.0,7.070107863594683e-05,7.070107863594683e-05,0.0,0.30824118465916694,0.30824118465916694,0.0,0.9436617839802434,0.9436617839802434,0.0,0.0,0.0,0.0,0.0,0.23,48.9,56.9,1299.178,2,Walker2d-v5,5603,Agente_1
18.144590377807617,14,65504,219.48263918808559,506.0239465029796,-1.206995666600282,158.53846153846155,7.070107863594683e-05,0.0,0.9436617839802434,0.30824118465916694,3910,0.5,0.99,0.011602149582696647,7.147836542129516,0.3044004738330841,-0.014444921272141593,9.536482661111014,0.011602149582696647,0.3044004738330841,7.147836542129516,1.0,7.070107863594683e-05,7.070107863594683e-05,0.0,0.30824118465916694,0.30824118465916694,0.0,0.9436617839802434,0.9436617839802434,0.0,0.0,0.0,0.0,0.0,0.535,33.8,57.2,1223.311,3,Walker2d-v5,5603,Agente_1
19.09456205368042,15,69416,237.36622654359712,506.0239465029796,-1.206995666600282,170.3661971830986,7.070107863594683e-05,0.0,0.9436617839802434,0.30824118465916694,3910,0.5,0.99,0.012407929220561137,7.08083336012704,0.18773521610668728,-0.01468908100255898,9.571969154902867,0.012407929220561137,0.18773521610668728,7.08083336012704,1.0,7.070107863594683e-05,7.070107863594683e-05,0.0,0.30824118465916694,0.30824118465916694,0.0,0.9436617839802434,0.9436617839802434,0.0,0.0,0.0,0.0,0.0,0.87,39.0,57.1,1152.689,4,Walker2d-v5,5603,Agente_1
20.30128788948059,16,73328,247.9355036082054,652.348178388578,-1.206995666600282,172.05208333333334,7.070107863594683e-05,0.0,0.9436617839802434,0.30824118465916694,3910,0.5,0.99,0.014515542937442661,6.933095530101231,0.1975908304963793,-0.07906487227550575,9.633669172014509,0.014515542937442661,0.1975908304963793,6.933095530101231,1.0,7.070107863594683e-05,7.070107863594683e-05,0.0,0.30824118465916694,0.30824118465916694,0.0,0.9436617839802434,0.9436617839802434,0.0,0.0,0.0,0.0,0.0,0.99,36.7,57.1,1159.833,5,Walker2d-v5,5603,Agente_1
21.40729832649231,17,77240,278.981135533752,652.348178388578,6.978795005816911,187.54,7.070107863594683e-05,0.0,0.9436617839802434,0.30824118465916694,3910,0.5,0.99,0.010368421315381836,6.998194919313703,0.13655068363462175,-0.005851842196924346,9.675906440189907,0.010368421315381836,0.13655068363462175,6.998194919313703,1.0,7.070107863594683e-05,7.070107863594683e-05,0.0,0.30824118465916694,0.30824118465916694,0.0,0.9436617839802434,0.9436617839802434,0.0,0.0,0.0,0.0,0.0,0.535,46.65,57.150000000000006,1149.17,6,Walker2d-v5,5603,Agente_1
22.440927028656006,18,81152,292.3019270414963,652.348178388578,6.978795005816911,192.35,7.070107863594683e-05,0.0,0.9436617839802434,0.30824118465916694,3910,0.5,0.99,0.010831933799116606,6.872575664520264,0.1351722138268607,-0.01859869956970215,9.768678270067488,0.010831933799116606,0.1351722138268607,6.872575664520264,1.0,7.070107863594683e-05,7.070107863594683e-05,0.0,0.30824118465916694,0.30824118465916694,0.0,0.9436617839802434,0.9436617839802434,0.0,0.0,0.0,0.0,0.0,0.92,36.6,57.1,1131.004,7,Walker2d-v5,5603,Agente_1
23.35286784172058,19,85064,302.74287998043695,652.348178388578,6.978795005816911,191.66,7.070107863594683e-05,0.0,0.9436617839802434,0.30824118465916694,3910,0.5,0.99,0.015018315515252262,6.80071885245187,0.16216998526028226,-0.02431509888597897,9.710498087746757,0.015018315515252262,0.16216998526028226,6.80071885245187,1.0,7.070107863594683e-05,7.070107863594683e-05,0.0,0.30824118465916694,0.30824118465916694,0.0,0.9436617839802434,0.9436617839802434,0.0,0.0,0.0,0.0,0.0,0.61,31.200000000000003,57.1,1102.479,8,Walker2d-v5,5603,Agente_1
24.730077743530273,20,88976,309.31436711114037,652.348178388578,6.978795005816911,189.81,7.070107863594683e-05,0.0,0.9436617839802434,0.30824118465916694,3910,0.5,0.99,0.010901248606387526,6.881322567803519,0.12971573982919965,-0.0635419024420636,9.671543788909911,0.010901248606387526,0.12971573982919965,6.881322567803519,1.0,7.070107863594683e-05,7.070107863594683e-05,0.0,0.30824118465916694,0.30824118465916694,0.0,0.9436617839802434,0.9436617839802434,0.0,0.0,0.0,0.0,0.0,0.17,41.7,57.1,1131.638,9,Walker2d-v5,5603,Agente_1
25.819992065429688,21,92888,319.6051968799295,499.65514343055406,61.58345722776667,189.33,7.070107863594683e-05,0.0,0.9436617839802434,0.30824118465916694,3910,0.5,0.99,0.011873992960317992,6.848351642063686,0.10666605574744088,-0.037354597768613274,9.652275494166783,0.011873992960317992,0.10666605574744088,6.848351642063686,1.0,7.070107863594683e-05,7.070107863594683e-05,0.0,0.30824118465916694,0.30824118465916694,0.0,0.9436617839802434,0.9436617839802434,0.0,0.0,0.0,0.0,0.0,0.86,40.5,57.0,1126.242,10,Walker2d-v5,5603,Agente_1
26.786054134368896,22,96800,320.72252514210874,499.65514343055406,61.58345722776667,188.03,7.070107863594683e-05,0.0,0.9436617839802434,0.30824118465916694,3910,0.5,0.99,0.011750534250833361,6.844296659742083,0.16177267261913844,0.01120981542127473,9.648243195669991,0.011750534250833361,0.16177267261913844,6.844296659742083,1.0,7.070107863594683e-05,7.070107863594683e-05,0.0,0.30824118465916694,0.30824118465916694,0.0,0.9436617839802434,0.9436617839802434,0.0,0.0,0.0,0.0,0.0,0.8,32.0,56.95,1078.02,11,Walker2d-v5,5603,Agente_1
28.095075607299805,23,100712,321.1534448749359,477.3804584387655,61.58345722776667,186.03,7.070107863594683e-05,0.0,0.9436617839802434,0.30824118465916694,3910,0.5,0.99,0.013941606909169683,7.128986208779471,0.2419340423175267,-0.057254848309925624,9.643965121677944,0.013941606909169683,0.2419340423175267,7.128986208779471,1.0,7.070107863594683e-05,7.070107863594683e-05,0.0,0.30824118465916694,0.30824118465916694,0.0,0.9436617839802434,0.9436617839802434,0.0,0.0,0.0,0.0,0.0,0.615,40.65,56.8,1091.776,12,Walker2d-v5,5603,Agente_1
29.417757987976074,24,104624,324.11290118659696,641.184609976195,61.58345722776667,186.2,7.070107863594683e-05,0.0,0.9436617839802434,0.30824118465916694,3910,0.5,0.99,0.01214354537057391,6.649826601573399,0.2672417845044817,-0.04561329143387931,9.729382991790771,0.01214354537057391,0.2672417845044817,6.649826601573399,1.0,7.070107863594683e-05,7.070107863594683e-05,0.0,0.30824118465916694,0.30824118465916694,0.0,0.9436617839802434,0.9436617839802434,0.0,0.0,0.0,0.0,0.0,0.18,44.5,56.6,1115.63,13,Walker2d-v5,5603,Agente_1
30.4610538482666,25,108536,330.7877214521453,641.184609976195,168.64714705035954,188.61,7.070107863594683e-05,0.0,0.9436617839802434,0.30824118465916694,3910,0.5,0.99,0.011096350940559725,6.964337437493461,0.35906432271003724,-0.011571363466126578,9.677865341731481,0.011096350940559725,0.35906432271003724,6.964337437493461,1.0,7.070107863594683e-05,7.070107863594683e-05,0.0,0.30824118465916694,0.30824118465916694,0.0,0.9436617839802434,0.9436617839802434,0.0,0.0,0.0,0.0,0.0,0.81,36.6,56.6,1124.688,14,Walker2d-v5,5603,Agente_1
31.784581899642944,26,112448,335.57801086393044,641.184609976195,168.64714705035954,189.73,7.070107863594683e-05,0.0,0.9436617839802434,0.30824118465916694,3910,0.5,0.99,0.011655019750469365,6.868281323569161,0.2769382042544229,-0.038834777660667896,9.62403895514352,0.011655019750469365,0.2769382042544229,6.868281323569161,1.0,7.070107863594683e-05,7.070107863594683e-05,0.0,0.30824118465916694,0.30824118465916694,0.0,0.9436617839802434,0.9436617839802434,0.0,0.0,0.0,0.0,0.0,0.9299999999999999,34.5,56.55,1136.922,15,Walker2d-v5,5603,Agente_1
32.72593855857849,27,116360,342.0018986003935,641.184609976195,168.64714705035954,192.48,7.070107863594683e-05,0.0,0.9436617839802434,0.30824118465916694,3910,0.5,0.99,0.011949517873082576,6.84864274433681,0.3362049043178558,-0.0013923507183790206,9.585709530966623,0.011949517873082576,0.3362049043178558,6.84864274433681,1.0,7.070107863594683e-05,7.070107863594683e-05,0.0,0.30824118465916694,0.30824118465916694,0.0,0.9436617839802434,0.9436617839802434,0.0,0.0,0.0,0.0,0.0,0.595,30.849999999999998,50.9,1120.362,16,Walker2d-v5,5603,Agente_1
33.77266263961792,28,120272,345.86566980146694,641.184609976195,197.12261896452273,193.47,7.070107863594683e-05,0.0,0.9436617839802434,0.30824118465916694,3910,0.5,0.99,0.01261670906283793,6.922286776133946,0.367660733631679,-0.044658767910940304,9.611462143489293,0.01261670906283793,0.367660733631679,6.922286776133946,1.0,7.070107863594683e-05,7.070107863594683e-05,0.0,0.30824118465916694,0.30824118465916694,0.0,0.9436617839802434,0.9436617839802434,0.0,0.0,0.0,0.0,0.0,0.07,48.4,48.2,1121.854,17,Walker2d-v5,5603,Agente_1
34.759554862976074,29,124184,346.36420275044907,468.64800558994267,172.96189233662463,191.85,7.070107863594683e-05,0.0,0.9436617839802434,0.30824118465916694,3910,0.5,0.99,0.012767673958400597,7.095883001599993,0.35026297484125407,-0.02817891828183617,9.575840595790318,0.012767673958400597,0.35026297484125407,7.095883001599993,1.0,7.070107863594683e-05,7.070107863594683e-05,0.0,0.30824118465916694,0.30824118465916694,0.0,0.9436617839802434,0.9436617839802434,0.0,0.0,0.0,0.0,0.0,0.37,31.0,46.1,1128.972,18,Walker2d-v5,5603,Agente_1
35.70427656173706,30,128096,348.8245264627229,495.53728073737267,172.96189233662463,192.23,7.070107863594683e-05,0.0,0.9436617839802434,0.30824118465916694,3910,0.5,0.99,0.015902724430946234,7.000383962903704,0.3123621259416853,-0.017572264905486787,9.532887663160052,0.015902724430946234,0.3123621259416853,7.000383962903704,1.0,7.070107863594683e-05,7.070107863594683e-05,0.0,0.30824118465916694,0.30824118465916694,0.0,0.9436617839802434,0.9436617839802434,0.0,0.0,0.0,0.0,0.0,0.14,36.6,42.9,1085.987,19,Walker2d-v5,5603,Agente_1
36.63733100891113,31,132008,357.4564166979388,495.53728073737267,172.96189233662463,199.89,7.070107863594683e-05,0.0,0.9436617839802434,0.30824118465916694,3910,0.5,0.99,0.011943167379857705,7.230237647465297,0.4662524793829237,-0.0012858822941780091,9.537460654122489,0.011943167379857705,0.4662524793829237,7.230237647465297,1.0,7.070107863594683e-05,7.070107863594683e-05,0.0,0.30824118465916694,0.30824118465916694,0.0,0.9436617839802434,0.9436617839802434,0.0,0.0,0.0,0.0,0.0,0.11,28.95,39.7,1070.593,20,Walker2d-v5,5603,Agente_1
37.27557396888733,32,135920,360.63860079301287,495.53728073737267,172.96189233662463,202.4,7.070107863594683e-05,0.0,0.9436617839802434,0.30824118465916694,3910,0.5,0.99,0.011939062219919703,6.981676496778216,0.5306673450129372,-0.03194562704967601,9.521845041002546,0.011939062219919703,0.5306673450129372,6.981676496778216,1.0,7.070107863594683e-05,7.070107863594683e-05,0.0,0.30824118465916694,0.30824118465916694,0.0,0.9436617839802434,0.9436617839802434,0.0,0.0,0.0,0.0,0.0,,,,1037.926,21,Walker2d-v5,5603,Agente_1
37.90484809875488,33,139832,358.3458812981473,495.53728073737267,71.72329258622806,200.38,7.070107863594683e-05,0.0,0.9436617839802434,0.30824118465916694,3910,0.5,0.99,0.011659858144620167,7.23063291822161,0.3686039200850895,-0.018234447709151676,9.492736830030168,0.011659858144620167,0.3686039200850895,7.23063291822161,1.0,7.070107863594683e-05,7.070107863594683e-05,0.0,0.30824118465916694,0.30824118465916694,0.0,0.9436617839802434,0.9436617839802434,0.0,0.0,0.0,0.0,0.0,0.18,16.4,37.0,970.162,22,Walker2d-v5,5603,Agente_1
38.69330382347107,34,143744,363.66289997109516,495.53728073737267,71.72329258622806,204.03,7.070107863594683e-05,0.0,0.9436617839802434,0.30824118465916694,3910,0.5,0.99,0.010759507853591848,6.942589841570173,0.4427690821034568,-0.023247976068939483,9.465855966295514,0.010759507853591848,0.4427690821034568,6.942589841570173,1.0,7.070107863594683e-05,7.070107863594683e-05,0.0,0.30824118465916694,0.30824118465916694,0.0,0.9436617839802434,0.9436617839802434,0.0,0.0,0.0,0.0,0.0,0.32,24.25,38.35,917.057,23,Walker2d-v5,5603,Agente_1
39.47162127494812,35,147656,363.0544732464551,469.204462837832,71.72329258622806,203.11,7.070107863594683e-05,0.0,0.9436617839802434,0.30824118465916694,3910,0.5,0.99,0.011700696123963489,7.240886592864991,0.4358125933579036,-0.009988539080534662,9.224151148114885,0.011700696123963489,0.4358125933579036,7.240886592864991,1.0,7.070107863594683e-05,7.070107863594683e-05,0.0,0.30824118465916694,0.30824118465916694,0.0,0.9436617839802434,0.9436617839802434,0.0,0.0,0.0,0.0,0.0,0.29,20.8,39.5,890.883,24,Walker2d-v5,5603,Agente_1
40.321470975875854,36,151568,361.8152261895014,533.8129442022118,71.72329258622806,200.89,7.070107863594683e-05,0.0,0.9436617839802434,0.30824118465916694,3910,0.5,0.99,0.010963192265522333,7.292605004991803,0.5890211590698787,-0.0747062406369618,9.245707484654018,0.010963192265522333,0.5890211590698787,7.292605004991803,1.0,7.070107863594683e-05,7.070107863594683e-05,0.0,0.30824118465916694,0.30824118465916694,0.0,0.9436617839802434,0.9436617839802434,0.0,0.0,0.0,0.0,0.0,0.08,34.5,39.8,843.786,25,Walker2d-v5,5603,Agente_1
41.287439823150635,37,155480,368.37849197395735,533.8129442022118,71.72329258622806,204.88,7.070107863594683e-05,0.0,0.9436617839802434,0.30824118465916694,3910,0.5,0.99,0.00971494398649416,7.124313838141305,0.578575678382601,-0.02351280865924699,9.218672602517264,0.00971494398649416,0.578575678382601,7.124313838141305,1.0,7.070107863594683e-05,7.070107863594683e-05,0.0,0.30824118465916694,0.30824118465916694,0.0,0.9436617839802434,0.9436617839802434,0.0,0.0,0.0,0.0,0.0,0.21,33.4,42.2,845.923,26,Walker2d-v5,5603,Agente_1
42.30030560493469,38,159392,,,,,7.070107863594683e-05,0.0,0.9436617839802434,0.30824118465916694,3910,0.5,0.99,0.007273923454861118,6.343909215927124,-0.10143667800085886,-0.0021628711904798236,8.713935906546457,0.007273923454861118,-0.10143667800085886,6.343909215927124,1.0,7.070107863594683e-05,7.070107863594683e-05,0.0,0.30824118465916694,0.30824118465916694,0.0,0.9436617839802434,0.9436617839802434,0.0,0.0,0.0,0.0,0.0,0.155,17.65,47.3,1000.782,27,Walker2d-v5,5603,Agente_1
43.452471017837524,39,163304,364.2968179908879,419.97470800742883,88.77090297033097,197.85185185185185,7.070107863594683e-05,0.0,0.9436617839802434,0.30824118465916694,3910,0.5,0.99,0.010208494420969926,6.136657176698957,0.7133650030408587,-0.038035952885236056,8.037247174126762,0.010208494420969926,0.7133650030408587,6.136657176698957,1.0,7.070107863594683e-05,7.070107863594683e-05,0.0,0.30824118465916694,0.30824118465916694,0.0,0.9436617839802434,0.9436617839802434,0.0,0.0,0.0,0.0,0.0,0.29,34.15,48.55,1069.302,28,Walker2d-v5,5603,Agente_1
44.807323932647705,40,167216,374.00757814371275,538.7284137375807,88.77090297033097,206.2,7.070107863594683e-05,0.0,0.9436617839802434,0.30824118465916694,3910,0.5,0.99,0.009011018527962733,5.757612534931728,0.49440119777406966,-0.04922694180692945,9.285695402962821,0.009011018527962733,0.49440119777406966,5.757612534931728,1.0,7.070107863594683e-05,7.070107863594683e-05,0.0,0.30824118465916694,0.30824118465916694,0.0,0.9436617839802434,0.9436617839802434,0.0,0.0,0.0,0.0,0.0,0.445,48.0,51.55,1160.487,29,Walker2d-v5,5603,Agente_1
45.749054193496704,41,171128,387.51271880874316,601.8706503307046,88.77090297033097,213.16949152542372,7.070107863594683e-05,0.0,0.9436617839802434,0.30824118465916694,3910,0.5,0.99,0.005684861282393935,6.68736903326852,0.7623531128679003,-0.02727319183094161,7.547650214603969,0.005684861282393935,0.7623531128679003,6.68736903326852,1.0,7.070107863594683e-05,7.070107863594683e-05,0.0,0.30824118465916694,0.30824118465916694,0.0,0.9436617839802434,0.9436617839802434,0.0,0.0,0.0,0.0,0.0,0.86,43.1,53.3,1102.666,30,Walker2d-v5,5603,Agente_1
46.64110565185547,42,175040,390.60471168593426,601.8706503307046,88.77090297033097,215.71621621621622,7.070107863594683e-05,0.0,0.9436617839802434,0.30824118465916694,3910,0.5,0.99,0.008579835135138377,5.80287925856454,0.6444090826170785,-0.017789873374359947,8.610151154654366,0.008579835135138377,0.6444090826170785,5.80287925856454,1.0,7.070107863594683e-05,7.070107863594683e-05,0.0,0.30824118465916694,0.30824118465916694,0.0,0.9436617839802434,0.9436617839802434,0.0,0.0,0.0,0.0,0.0,0.86,37.6,49.9,1057.969,31,Walker2d-v5,5603,Agente_1
47.549224853515625,43,178952,392.340383785859,601.8706503307046,88.77090297033097,216.33695652173913,7.070107863594683e-05,0.0,0.9436617839802434,0.30824118465916694,3910,0.5,0.99,0.0077002904572249726,6.7884034837995255,0.7888438378061567,-0.03130377461867673,7.581076805932181,0.0077002904572249726,0.7888438378061567,6.7884034837995255,1.0,7.070107863594683e-05,7.070107863594683e-05,0.0,0.30824118465916694,0.30824118465916694,0.0,0.9436617839802434,0.9436617839802434,0.0,0.0,0.0,0.0,0.0,0.84,32.2,47.8,1030.756,32,Walker2d-v5,5603,Agente_1
48.522791385650635,44,182864,390.17582182352714,601.8706503307046,88.77090297033097,216.41,7.070107863594683e-05,0.0,0.9436617839802434,0.30824118465916694,3910,0.5,0.99,0.008440359558361317,6.6417669909341,0.7653638899326325,-0.03117489702999592,7.181159516743251,0.008440359558361317,0.7653638899326325,6.6417669909341,1.0,7.070107863594683e-05,7.070107863594683e-05,0.0,0.30824118465916694,0.30824118465916694,0.0,0.9436617839802434,0.9436617839802434,0.0,0.0,0.0,0.0,0.0,0.32999999999999996,36.0,48.55,1021.254,33,Walker2d-v5,5603,Agente_1
49.57319164276123,45,186776,392.41963173402337,601.8706503307046,159.11009112808426,220.28,7.070107863594683e-05,0.0,0.9436617839802434,0.30824118465916694,3910,0.5,0.99,0.008054012355257458,6.490934760229928,0.653087604045868,-0.06280016138085297,7.51783299446106,0.008054012355257458,0.653087604045868,6.490934760229928,1.0,7.070107863594683e-05,7.070107863594683e-05,0.0,0.30824118465916694,0.30824118465916694,0.0,0.9436617839802434,0.9436617839802434,0.0,0.0,0.0,0.0,0.0,0.19,39.7,51.3,1023.169,34,Walker2d-v5,5603,Agente_1
50.69444465637207,46,190688,392.72520307911094,539.2374171067962,159.11009112808426,219.3,7.070107863594683e-05,0.0,0.9436617839802434,0.30824118465916694,3910,0.5,0.99,0.010351746218761296,6.584267473220825,0.783156853062766,-0.0391635037958622,6.955036224637713,0.010351746218761296,0.783156853062766,6.584267473220825,1.0,7.070107863594683e-05,7.070107863594683e-05,0.0,0.30824118465916694,0.30824118465916694,0.0,0.9436617839802434,0.9436617839802434,0.0,0.0,0.0,0.0,0.0,0.7350000000000001,43.15,53.0,1032.566,35,Walker2d-v5,5603,Agente_1
51.795100927352905,47,194600,390.3373719601207,539.2374171067962,159.11009112808426,217.21,7.070107863594683e-05,0.0,0.9436617839802434,0.30824118465916694,3910,0.5,0.99,0.01001227303318696,6.216609341757638,0.728607234784535,-0.02793557063809463,7.890087011882237,0.01001227303318696,0.728607234784535,6.216609341757638,1.0,7.070107863594683e-05,7.070107863594683e-05,0.0,0.30824118465916694,0.30824118465916694,0.0,0.9436617839802434,0.9436617839802434,0.0,0.0,0.0,0.0,0.0,0.67,48.6,54.1,1038.423,36,Walker2d-v5,5603,Agente_1
52.538968324661255,48,198512,391.64560133234556,513.6430025682848,159.11009112808426,216.61,7.070107863594683e-05,0.0,0.9436617839802434,0.30824118465916694,3910,0.5,0.99,0.010596865023295063,6.921591561181205,0.8097680721964154,-0.04435306223375457,6.899325922557286,0.010596865023295063,0.8097680721964154,6.921591561181205,1.0,7.070107863594683e-05,7.070107863594683e-05,0.0,0.30824118465916694,0.30824118465916694,0.0,0.9436617839802434,0.9436617839802434,0.0,0.0,0.0,0.0,0.0,0.08,25.0,54.6,1011.71,37,Walker2d-v5,5603,Agente_1
53.68828368186951,49,202424,399.03156487585034,608.9667131486449,283.71771966675203,219.93,7.070107863594683e-05,0.0,0.9436617839802434,0.30824118465916694,3910,0.5,0.99,0.010915400463688586,6.538208586829049,0.7725982342447554,-0.03567412697843143,7.299916805539812,0.010915400463688586,0.7725982342447554,6.538208586829049,1.0,7.070107863594683e-05,7.070107863594683e-05,0.0,0.30824118465916694,0.30824118465916694,0.0,0.9436617839802434,0.9436617839802434,0.0,0.0,0.0,0.0,0.0,0.45999999999999996,34.5,52.849999999999994,1011.7,38,Walker2d-v5,5603,Agente_1
54.70103478431702,50,206336,404.51410084969217,608.9667131486449,277.9845058827882,222.66,7.070107863594683e-05,0.0,0.9436617839802434,0.30824118465916694,3910,0.5,0.99,0.010482424449998818,6.639448847089495,0.8593140116759709,0.001354729277747018,7.3701291833605085,0.010482424449998818,0.8593140116759709,6.639448847089495,1.0,7.070107863594683e-05,7.070107863594683e-05,0.0,0.30824118465916694,0.30824118465916694,0.0,0.9436617839802434,0.9436617839802434,0.0,0.0,0.0,0.0,0.0,0.82,40.3,48.3,977.402,39,Walker2d-v5,5603,Agente_1
55.824052810668945,51,210248,,,,,7.070107863594683e-05,0.0,0.9436617839802434,0.30824118465916694,3910,0.5,0.99,0.0076004636931311055,5.863304948806762,-0.014066570997238159,-0.0017551376351288388,5.412165307998658,0.0076004636931311055,-0.014066570997238159,5.863304948806762,1.0,7.070107863594683e-05,7.070107863594683e-05,0.0,0.30824118465916694,0.30824118465916694,0.0,0.9436617839802434,0.9436617839802434,0.0,0.0,0.0,0.0,0.0,0.28,17.3,56.25,1112.916,40,Walker2d-v5,5603,Agente_1
56.887245893478394,52,214160,409.70991539089897,476.8055406199932,341.75748662116655,216.28571428571428,7.070107863594683e-05,0.0,0.9436617839802434,0.30824118465916694,3910,0.5,0.99,0.013557017309358344,5.514253807067871,0.8270574288708823,-0.012646293320826122,7.379697356905256,0.013557017309358344,0.8270574288708823,5.514253807067871,1.0,7.070107863594683e-05,7.070107863594683e-05,0.0,0.30824118465916694,0.30824118465916694,0.0,0.9436617839802434,0.9436617839802434,0.0,0.0,0.0,0.0,0.0,0.845,39.45,56.650000000000006,1081.342,41,Walker2d-v5,5603,Agente_1
58.01837110519409,53,218072,402.97542927664074,476.8055406199932,91.358350575482,217.8125,7.070107863594683e-05,0.0,0.9436617839802434,0.30824118465916694,3910,0.5,0.99,0.00994979073147988,5.637797907420567,0.28932217359542844,-0.010512808444244522,6.578332676206316,0.00994979073147988,0.28932217359542844,5.637797907420567,1.0,7.070107863594683e-05,7.070107863594683e-05,0.0,0.30824118465916694,0.30824118465916694,0.0,0.9436617839802434,0.9436617839802434,0.0,0.0,0.0,0.0,0.0,0.85,36.8,56.7,1094.309,42,Walker2d-v5,5603,Agente_1
59.14809775352478,54,221984,410.01392297329016,602.6492114828104,91.358350575482,221.88135593220338,7.070107863594683e-05,0.0,0.9436617839802434,0.30824118465916694,3910,0.5,0.99,0.013925268386706843,6.3373717648642405,0.8462321928569249,-0.018464679111327445,6.40188706942967,0.013925268386706843,0.8462321928569249,6.3373717648642405,1.0,7.070107863594683e-05,7.070107863594683e-05,0.0,0.30824118465916694,0.30824118465916694,0.0,0.9436617839802434,0.9436617839802434,0.0,0.0,0.0,0.0,0.0,0.635,39.599999999999994,56.849999999999994,1100.207,43,Walker2d-v5,5603,Agente_1
60.438167572021484,55,225896,413.80613999527924,602.6492114828104,91.358350575482,224.52307692307693,7.070107863594683e-05,0.0,0.9436617839802434,0.30824118465916694,3910,0.5,0.99,0.0115154099141364,5.510323517663139,0.6349452725478582,-0.07914757068668093,7.61249783379691,0.0115154099141364,0.6349452725478582,5.510323517663139,1.0,7.070107863594683e-05,7.070107863594683e-05,0.0,0.30824118465916694,0.30824118465916694,0.0,0.9436617839802434,0.9436617839802434,0.0,0.0,0.0,0.0,0.0,0.08,40.55,56.95,1135.904,44,Walker2d-v5,5603,Agente_1
61.65348505973816,56,229808,412.2524752520747,602.6492114828104,91.358350575482,223.23076923076923,7.070107863594683e-05,0.0,0.9436617839802434,0.30824118465916694,3910,0.5,0.99,0.012085886253459778,7.139615072522845,0.8530053181307656,0.002535543590784073,6.089486169815063,0.012085886253459778,0.8530053181307656,7.139615072522845,1.0,7.070107863594683e-05,7.070107863594683e-05,0.0,0.30824118465916694,0.30824118465916694,0.0,0.9436617839802434,0.9436617839802434,0.0,0.0,0.0,0.0,0.0,0.85,44.1,57.1,1147.092,45,Walker2d-v5,5603,Agente_1
62.68714714050293,57,233720,413.29499563980994,602.6492114828104,91.358350575482,224.08,7.070107863594683e-05,0.0,0.9436617839802434,0.30824118465916694,3910,0.5,0.99,0.012079086331505095,5.4832784312111995,0.8209076923983437,-0.08478516255106244,7.755767154693603,0.012079086331505095,0.8209076923983437,5.4832784312111995,1.0,7.070107863594683e-05,7.070107863594683e-05,0.0,0.30824118465916694,0.30824118465916694,0.0,0.9436617839802434,0.9436617839802434,0.0,0.0,0.0,0.0,0.0,0.92,35.75,57.2,1129.307,46,Walker2d-v5,5603,Agente_1
63.75934052467346,58,237632,418.79227705773997,602.6492114828104,91.358350575482,227.19,7.070107863594683e-05,0.0,0.9436617839802434,0.30824118465916694,3910,0.5,0.99,0.011923003406679657,7.258285120555333,0.8990493391241346,0.034892797549920425,6.022354452950614,0.011923003406679657,0.8990493391241346,7.258285120555333,1.0,7.070107863594683e-05,7.070107863594683e-05,0.0,0.30824118465916694,0.30824118465916694,0.0,0.9436617839802434,0.9436617839802434,0.0,0.0,0.0,0.0,0.0,0.78,47.1,57.3,1120.651,47,Walker2d-v5,5603,Agente_1
64.81016659736633,59,241544,415.4782838225519,602.6492114828104,71.51286496856473,226.05,7.070107863594683e-05,0.0,0.9436617839802434,0.30824118465916694,3910,0.5,0.99,0.010894343950245198,5.857139812197004,0.7965542009898594,-0.054068791813084056,7.6850150857652935,0.010894343950245198,0.7965542009898594,5.857139812197004,1.0,7.070107863594683e-05,7.070107863594683e-05,0.0,0.30824118465916694,0.30824118465916694,0.0,0.9436617839802434,0.9436617839802434,0.0,0.0,0.0,0.0,0.0,0.5,35.25,57.1,1111.354,48,Walker2d-v5,5603,Agente_1
65.7635567188263,60,245456,413.44513922265367,566.6691570872468,71.51286496856473,223.96,7.070107863594683e-05,0.0,0.9436617839802434,0.30824118465916694,3910,0.5,0.99,0.013876955584731019,6.742266661780221,0.8744295077664511,-0.020799637479441507,6.548735094070435,0.013876955584731019,0.8744295077664511,6.742266661780221,1.0,7.070107863594683e-05,7.070107863594683e-05,0.0,0.30824118465916694,0.30824118465916694,0.0,0.9436617839802434,0.9436617839802434,0.0,0.0,0.0,0.0,0.0,0.16,49.4,57.1,1094.638,49,Walker2d-v5,5603,Agente_1
66.7185730934143,61,249368,410.7342086692575,566.6691570872468,38.94307940462172,220.43,7.070107863594683e-05,0.0,0.9436617839802434,0.30824118465916694,3910,0.5,0.99,0.01115194078031761,6.414168405532837,0.8517686086041587,-0.0007106989888208253,7.279185077122279,0.01115194078031761,0.8517686086041587,6.414168405532837,1.0,7.070107863594683e-05,7.070107863594683e-05,0.0,0.30824118465916694,0.30824118465916694,0.0,0.9436617839802434,0.9436617839802434,0.0,0.0,0.0,0.0,0.0,0.8999999999999999,37.1,56.9,1077.822,50,Walker2d-v5,5603,Agente_1
67.76845860481262,62,253280,413.6129274492091,566.6691570872468,38.94307940462172,221.39,7.070107863594683e-05,0.0,0.9436617839802434,0.30824118465916694,3910,0.5,0.99,0.011954680990311318,6.748646708897182,0.9215133947985513,-0.0492170585585492,6.856154939106532,0.011954680990311318,0.9215133947985513,6.748646708897182,1.0,7.070107863594683e-05,7.070107863594683e-05,0.0,0.30824118465916694,0.30824118465916694,0.0,0.9436617839802434,0.9436617839802434,0.0,0.0,0.0,0.0,0.0,0.97,41.1,56.9,1076.848,51,Walker2d-v5,5603,Agente_1
68.88213801383972,63,257192,413.55738142968994,566.6691570872468,38.94307940462172,220.43,7.070107863594683e-05,0.0,0.9436617839802434,0.30824118465916694,3910,0.5,0.99,0.011409436046129226,6.923854909624372,0.846784074817385,-0.001829120676432337,7.063390234538487,0.011409436046129226,0.846784074817385,6.923854909624372,1.0,7.070107863594683e-05,7.070107863594683e-05,0.0,0.30824118465916694,0.30824118465916694,0.0,0.9436617839802434,0.9436617839802434,0.0,0.0,0.0,0.0,0.0,0.905,36.15,56.849999999999994,1074.913,52,Walker2d-v5,5603,Agente_1
69.82727098464966,64,261104,407.9823550007651,566.6691570872468,38.94307940462172,220.75,7.070107863594683e-05,0.0,0.9436617839802434,0.30824118465916694,3910,0.5,0.99,0.010906712540184214,6.960217653002058,0.6863442139966147,-0.03315020852855274,7.4463659763336185,0.010906712540184214,0.6863442139966147,6.960217653002058,1.0,7.070107863594683e-05,7.070107863594683e-05,0.0,0.30824118465916694,0.30824118465916694,0.0,0.9436617839802434,0.9436617839802434,0.0,0.0,0.0,0.0,0.0,0.2,42.4,56.7,1056.755,53,Walker2d-v5,5603,Agente_1
70.75172019004822,65,265016,413.27841214870523,531.5857004890081,38.94307940462172,220.37,7.070107863594683e-05,0.0,0.9436617839802434,0.30824118465916694,3910,0.5,0.99,0.010433150914468569,7.349078341892787,0.8755567644323622,-0.01426549333679889,6.328682334082467,0.010433150914468569,0.8755567644323622,7.349078341892787,1.0,7.070107863594683e-05,7.070107863594683e-05,0.0,0.30824118465916694,0.30824118465916694,0.0,0.9436617839802434,0.9436617839802434,0.0,0.0,0.0,0.0,0.0,0.2,31.1,56.6,1020.029,54,Walker2d-v5,5603,Agente_1
71.7830696105957,66,268928,414.72353386923044,536.7181378536919,38.94307940462172,222.41,7.070107863594683e-05,0.0,0.9436617839802434,0.30824118465916694,3910,0.5,0.99,0.012134997562991754,6.666114357539586,0.8656549649579185,-0.013118954002857208,7.439022016525269,0.012134997562991754,0.8656549649579185,6.666114357539586,1.0,7.070107863594683e-05,7.070107863594683e-05,0.0,0.30824118465916694,0.30824118465916694,0.0,0.9436617839802434,0.9436617839802434,0.0,0.0,0.0,0.0,0.0,0.45999999999999996,33.05,49.15,1001.774,55,Walker2d-v5,5603,Agente_1
72.84998488426208,67,272840,423.68047612605943,628.9822718042354,72.06646258551474,227.36,7.070107863594683e-05,0.0,0.9436617839802434,0.30824118465916694,3910,0.5,0.99,0.00973852581300889,7.343734816142491,0.861634202514376,-0.010968962471399989,6.886361558096749,0.00973852581300889,0.861634202514376,7.343734816142491,1.0,7.070107863594683e-05,7.070107863594683e-05,0.0,0.30824118465916694,0.30824118465916694,0.0,0.9436617839802434,0.9436617839802434,0.0,0.0,0.0,0.0,0.0,0.1,32.4,48.35,1005.215,56,Walker2d-v5,5603,Agente_1
73.9430787563324,68,276752,419.8443567044041,628.9822718042354,72.06646258551474,227.84,7.070107863594683e-05,0.0,0.9436617839802434,0.30824118465916694,3910,0.5,0.99,0.012026571177037633,7.011166960852487,0.8317603690283639,-0.032769064392362324,7.472259044647217,0.012026571177037633,0.8317603690283639,7.011166960852487,1.0,7.070107863594683e-05,7.070107863594683e-05,0.0,0.30824118465916694,0.30824118465916694,0.0,0.9436617839802434,0.9436617839802434,0.0,0.0,0.0,0.0,0.0,0.18,53.4,50.4,1007.557,57,Walker2d-v5,5603,Agente_1
75.2979211807251,69,280664,423.18925509726273,628.9822718042354,72.06646258551474,228.85,7.070107863594683e-05,0.0,0.9436617839802434,0.30824118465916694,3910,0.5,0.99,0.012322704981696526,7.292029067448207,0.821582520859582,0.009714491239615848,7.0935797623225625,0.012322704981696526,0.821582520859582,7.292029067448207,1.0,7.070107863594683e-05,7.070107863594683e-05,0.0,0.30824118465916694,0.30824118465916694,0.0,0.9436617839802434,0.9436617839802434,0.0,0.0,0.0,0.0,0.0,0.69,38.4,47.05,1038.28,58,Walker2d-v5,5603,Agente_1
76.170973777771,70,284576,430.71106604971914,685.4288549443768,100.51255112024424,230.56,7.070107863594683e-05,0.0,0.9436617839802434,0.30824118465916694,3910,0.5,0.99,0.012984381011587434,7.150331047603062,0.8748466525759016,-0.04109175343598638,7.149857200895037,0.012984381011587434,0.8748466525759016,7.150331047603062,1.0,7.070107863594683e-05,7.070107863594683e-05,0.0,0.30824118465916694,0.30824118465916694,0.0,0.9436617839802434,0.9436617839802434,0.0,0.0,0.0,0.0,0.0,0.2,36.3,45.8,1030.301,59,Walker2d-v5,5603,Agente_1
77.04860043525696,71,288488,433.9922650170327,685.4288549443768,100.51255112024424,232.88,7.070107863594683e-05,0.0,0.9436617839802434,0.30824118465916694,3910,0.5,0.99,0.013478646269608622,6.997938776016236,0.8193803949015481,0.012844307188476836,7.318300880704608,0.013478646269608622,0.8193803949015481,6.997938776016236,1.0,7.070107863594683e-05,7.070107863594683e-05,0.0,0.30824118465916694,0.30824118465916694,0.0,0.9436617839802434,0.9436617839802434,0.0,0.0,0.0,0.0,0.0,0.31,33.3,47.35,1022.497,60,Walker2d-v5,5603,Agente_1
78.63743376731873,72,292400,442.1261244979459,685.4288549443768,100.51255112024424,235.57,7.070107863594683e-05,0.0,0.9436617839802434,0.30824118465916694,3910,0.5,0.99,0.0137336683941872,6.8391768183026995,0.8233571606022971,-0.03456435602690492,7.6704323223658974,0.0137336683941872,0.8233571606022971,6.8391768183026995,1.0,7.070107863594683e-05,7.070107863594683e-05,0.0,0.30824118465916694,0.30824118465916694,0.0,0.9436617839802434,0.9436617839802434,0.0,0.0,0.0,0.0,0.0,0.29000000000000004,50.2,51.099999999999994,1075.496,61,Walker2d-v5,5603,Agente_1
80.0964081287384,73,296312,441.13967906252606,685.4288549443768,100.51255112024424,234.29,7.070107863594683e-05,0.0,0.9436617839802434,0.30824118465916694,3910,0.5,0.99,0.011046472001180519,7.330716623578753,0.8608179058347429,-0.007389829201357705,6.781833757672991,0.011046472001180519,0.8608179058347429,7.330716623578753,1.0,7.070107863594683e-05,7.070107863594683e-05,0.0,0.30824118465916694,0.30824118465916694,0.0,0.9436617839802434,0.9436617839802434,0.0,0.0,0.0,0.0,0.0,0.515,45.1,53.45,1110.4,62,Walker2d-v5,5603,Agente_1
80.90010070800781,74,300224,450.3892413715732,685.4288549443768,100.51255112024424,238.2,7.070107863594683e-05,0.0,0.9436617839802434,0.30824118465916694,3910,0.5,0.99,0.015316184920603909,6.752471126828875,0.8868636846542358,-0.028232775522129876,7.157922608511789,0.015316184920603909,0.8868636846542358,6.752471126828875,1.0,7.070107863594683e-05,7.070107863594683e-05,0.0,0.30824118465916694,0.30824118465916694,0.0,0.9436617839802434,0.9436617839802434,0.0,0.0,0.0,0.0,0.0,0.19,31.1,54.8,1095.863,63,Walker2d-v5,5603,Agente_1
82.02872443199158,75,304136,455.36236307240404,685.4288549443768,143.79169207978472,238.89,7.070107863594683e-05,0.0,0.9436617839802434,0.30824118465916694,3910,0.5,0.99,0.014606484220296676,7.447954525266375,0.8316944812025343,-0.011018911749124527,7.457140289034162,0.014606484220296676,0.8316944812025343,7.447954525266375,1.0,7.070107863594683e-05,7.070107863594683e-05,0.0,0.30824118465916694,0.30824118465916694,0.0,0.9436617839802434,0.9436617839802434,0.0,0.0,0.0,0.0,0.0,0.505,35.85,50.6,1116.518,64,Walker2d-v5,5603,Agente_1
83.07536840438843,76,308048,459.7682785175872,685.4288549443768,121.40569148895055,241.95,7.070107863594683e-05,0.0,0.9436617839802434,0.30824118465916694,3910,0.5,0.99,0.013033601923546355,7.488484913962228,0.7727949772562299,-0.03297627262238945,6.9133256162915915,0.013033601923546355,0.7727949772562299,7.488484913962228,1.0,7.070107863594683e-05,7.070107863594683e-05,0.0,0.30824118465916694,0.30824118465916694,0.0,0.9436617839802434,0.9436617839802434,0.0,0.0,0.0,0.0,0.0,0.365,34.3,48.65,1118.226,65,Walker2d-v5,5603,Agente_1
84.30546522140503,77,311960,65.35371224783026,65.35371224783026,65.35371224783026,122.0,7.070107863594683e-05,0.0,0.9436617839802434,0.30824118465916694,3910,0.5,0.99,0.007816186108228321,6.255612012318203,0.3769085168838501,-0.007535189390182495,4.853913296972002,0.007816186108228321,0.3769085168838501,6.255612012318203,1.0,7.070107863594683e-05,7.070107863594683e-05,0.0,0.30824118465916694,0.30824118465916694,0.0,0.9436617839802434,0.9436617839802434,0.0,0.0,0.0,0.0,0.0,0.58,18.65,49.8,1218.263,66,Walker2d-v5,5603,Agente_1
85.37654733657837,78,315872,382.24811374296206,486.4399740686512,65.35371224783026,210.125,7.070107863594683e-05,0.0,0.9436617839802434,0.30824118465916694,3910,0.5,0.99,0.02565905632072827,3.820251078265054,0.7030171121869768,-0.013816775168691363,8.06133075441633,0.02565905632072827,0.7030171121869768,3.820251078265054,1.0,7.070107863594683e-05,7.070107863594683e-05,0.0,0.30824118465916694,0.30824118465916694,0.0,0.9436617839802434,0.9436617839802434,0.0,0.0,0.0,0.0,0.0,0.32,35.05,49.400000000000006,1139.325,67,Walker2d-v5,5603,Agente_1
86.75914764404297,79,319784,396.0447817523037,533.9817368406909,65.35371224783026,226.96969696969697,7.070107863594683e-05,0.0,0.9436617839802434,0.30824118465916694,3910,0.5,0.99,0.010694950882628161,5.281599293436323,0.6866550828729358,-0.013077137459601675,6.6738898481641495,0.010694950882628161,0.6866550828729358,5.281599293436323,1.0,7.070107863594683e-05,7.070107863594683e-05,0.0,0.30824118465916694,0.30824118465916694,0.0,0.9436617839802434,0.9436617839802434,0.0,0.0,0.0,0.0,0.0,0.875,43.9,51.55,1215.695,68,Walker2d-v5,5603,Agente_1
88.25882053375244,80,323696,400.8297909553543,533.9817368406909,65.35371224783026,224.48333333333332,7.070107863594683e-05,0.0,0.9436617839802434,0.30824118465916694,3910,0.5,0.99,0.01893737438232555,5.338379124232701,0.7621944120952061,-0.016284254565835,6.712597874232701,0.01893737438232555,0.7621944120952061,5.338379124232701,1.0,7.070107863594683e-05,7.070107863594683e-05,0.0,0.30824118465916694,0.30824118465916694,0.0,0.9436617839802434,0.9436617839802434,0.0,0.0,0.0,0.0,0.0,0.16,47.0,47.5,1284.192,69,Walker2d-v5,5603,Agente_1
89.00725626945496,81,327608,405.3820753594733,533.9817368406909,65.35371224783026,225.65151515151516,7.070107863594683e-05,0.0,0.9436617839802434,0.30824118465916694,3910,0.5,0.99,0.01161318805409662,4.713326740264892,0.7013319620064327,-0.03237859569489956,7.510991096496582,0.01161318805409662,0.7013319620064327,4.713326740264892,1.0,7.070107863594683e-05,7.070107863594683e-05,0.0,0.30824118465916694,0.30824118465916694,0.0,0.9436617839802434,0.9436617839802434,0.0,0.0,0.0,0.0,0.0,0.89,30.6,46.5,1175.283,70,Walker2d-v5,5603,Agente_1
89.7169349193573,82,331520,409.01038196535086,533.9817368406909,65.35371224783026,226.1304347826087,7.070107863594683e-05,0.0,0.9436617839802434,0.30824118465916694,3910,0.5,0.99,0.015622824318208066,5.8501345225742885,0.748149950163705,-0.016505886055529117,7.026414830344064,0.015622824318208066,0.748149950163705,5.8501345225742885,1.0,7.070107863594683e-05,7.070107863594683e-05,0.0,0.30824118465916694,0.30824118465916694,0.0,0.9436617839802434,0.9436617839802434,0.0,0.0,0.0,0.0,0.0,0.35,23.7,47.3,1095.375,71,Walker2d-v5,5603,Agente_1
90.69775676727295,83,335432,416.10203897607215,550.3409581290837,76.02899927661346,227.76,7.070107863594683e-05,0.0,0.9436617839802434,0.30824118465916694,3910,0.5,0.99,0.014921736931656986,4.519579638753618,0.7177085169724056,-0.03569159401314599,7.836899702889578,0.014921736931656986,0.7177085169724056,4.519579638753618,1.0,7.070107863594683e-05,7.070107863594683e-05,0.0,0.30824118465916694,0.30824118465916694,0.0,0.9436617839802434,0.9436617839802434,0.0,0.0,0.0,0.0,0.0,0.35,39.3,47.7,1077.147,72,Walker2d-v5,5603,Agente_1
91.56497645378113,84,339344,424.13401904213356,550.3409581290837,76.02899927661346,227.89,7.070107863594683e-05,0.0,0.9436617839802434,0.30824118465916694,3910,0.5,0.99,0.015284008897184061,6.155666637420654,0.866783960376467,-0.01430501751601696,6.443429211207799,0.015284008897184061,0.866783960376467,6.155666637420654,1.0,7.070107863594683e-05,7.070107863594683e-05,0.0,0.30824118465916694,0.30824118465916694,0.0,0.9436617839802434,0.9436617839802434,0.0,0.0,0.0,0.0,0.0,0.22000000000000003,30.75,49.099999999999994,1049.611,73,Walker2d-v5,5603,Agente_1
92.80202293395996,85,343256,424.5976418277926,550.3409581290837,76.02899927661346,224.02,7.070107863594683e-05,0.0,0.9436617839802434,0.30824118465916694,3910,0.5,0.99,0.02148194661053172,5.089341752869743,0.6708386991705213,-0.004639773443341255,7.715867383139474,0.02148194661053172,0.6708386991705213,5.089341752869743,1.0,7.070107863594683e-05,7.070107863594683e-05,0.0,0.30824118465916694,0.30824118465916694,0.0,0.9436617839802434,0.9436617839802434,0.0,0.0,0.0,0.0,0.0,0.08,54.7,50.2,1069.399,74,Walker2d-v5,5603,Agente_1
94.18409776687622,86,347168,432.248629794928,550.3409581290837,76.02899927661346,229.43,7.070107863594683e-05,0.0,0.9436617839802434,0.30824118465916694,3910,0.5,0.99,0.01170306159599152,6.504192413602556,0.8269562295504979,-0.05298318306782416,7.212007406779698,0.01170306159599152,0.8269562295504979,6.504192413602556,1.0,7.070107863594683e-05,7.070107863594683e-05,0.0,0.30824118465916694,0.30824118465916694,0.0,0.9436617839802434,0.9436617839802434,0.0,0.0,0.0,0.0,0.0,0.17500000000000002,46.95,52.349999999999994,1099.469,75,Walker2d-v5,5603,Agente_1
95.03179597854614,87,351080,418.6727734515901,550.3409581290837,70.52547027327718,228.3,7.070107863594683e-05,0.0,0.9436617839802434,0.30824118465916694,3910,0.5,0.99,0.008424000603294448,6.194118206841605,0.7303844843591962,-0.007574407463627202,7.8424497400011335,0.008424000603294448,0.7303844843591962,6.194118206841605,1.0,7.070107863594683e-05,7.070107863594683e-05,0.0,0.30824118465916694,0.30824118465916694,0.0,0.9436617839802434,0.9436617839802434,0.0,0.0,0.0,0.0,0.0,0.96,37.9,53.8,1061.201,76,Walker2d-v5,5603,Agente_1
95.81889772415161,88,354992,425.624008717467,550.3409581290837,70.52547027327718,228.6,7.070107863594683e-05,0.0,0.9436617839802434,0.30824118465916694,3910,0.5,0.99,0.011119147990653541,5.566226066861834,0.857483069385801,-0.0047826018716607775,7.497945622035435,0.011119147990653541,0.857483069385801,5.566226066861834,1.0,7.070107863594683e-05,7.070107863594683e-05,0.0,0.30824118465916694,0.30824118465916694,0.0,0.9436617839802434,0.9436617839802434,0.0,0.0,0.0,0.0,0.0,0.42,29.25,49.2,1033.059,77,Walker2d-v5,5603,Agente_1
96.90647459030151,89,358904,434.2539078629673,607.9329810515565,70.52547027327718,232.42,7.070107863594683e-05,0.0,0.9436617839802434,0.30824118465916694,3910,0.5,0.99,0.010834290508916768,5.970750175203595,0.890881449835641,-0.004710850332464491,7.255451365879604,0.010834290508916768,0.890881449835641,5.970750175203595,1.0,7.070107863594683e-05,7.070107863594683e-05,0.0,0.30824118465916694,0.30824118465916694,0.0,0.9436617839802434,0.9436617839802434,0.0,0.0,0.0,0.0,0.0,0.1,34.4,48.1,1003.801,78,Walker2d-v5,5603,Agente_1
98.13887476921082,90,362816,,,,,7.070107863594683e-05,0.0,0.9436617839802434,0.30824118465916694,3910,0.5,0.99,0.005663209033499258,5.791051271983555,0.4668337847505297,-0.0016919799681220735,4.340012128012521,0.005663209033499258,0.4668337847505297,5.791051271983555,1.0,7.070107863594683e-05,7.070107863594683e-05,0.0,0.30824118465916694,0.30824118465916694,0.0,0.9436617839802434,0.9436617839802434,0.0,0.0,0.0,0.0,0.0,0.22,72.35,49.2,1219.335,79,Walker2d-v5,5603,Agente_1
99.3528242111206,91,366728,412.1369100376173,482.8644031535593,109.9455491151604,216.76,7.070107863594683e-05,0.0,0.9436617839802434,0.30824118465916694,3910,0.5,0.99,0.012428673320599565,2.6481344614710127,0.8082285216876439,-0.030636210313865115,8.070830753871373,0.012428673320599565,0.8082285216876439,2.6481344614710127,1.0,7.070107863594683e-05,7.070107863594683e-05,0.0,0.30824118465916694,0.30824118465916694,0.0,0.9436617839802434,0.9436617839802434,0.0,0.0,0.0,0.0,0.0,0.2,34.85,49.25,1211.857,80,Walker2d-v5,5603,Agente_1
100.15251445770264,92,370640,427.71479863530914,511.6971094103086,109.9455491151604,229.5625,7.070107863594683e-05,0.0,0.9436617839802434,0.30824118465916694,3910,0.5,0.99,0.01374319725031715,4.621855517796107,0.6940694749355316,-0.03962231629661151,6.364477627617973,0.01374319725031715,0.6940694749355316,4.621855517796107,1.0,7.070107863594683e-05,7.070107863594683e-05,0.0,0.30824118465916694,0.30824118465916694,0.0,0.9436617839802434,0.9436617839802434,0.0,0.0,0.0,0.0,0.0,0.98,35.1,51.3,1071.198,81,Walker2d-v5,5603,Agente_1
101.21403360366821,93,374552,419.98048948637285,511.6971094103086,91.31414705306186,224.91379310344828,7.070107863594683e-05,0.0,0.9436617839802434,0.30824118465916694,3910,0.5,0.99,0.011739339795479151,4.466970481191363,0.8105969403471266,-0.02807705385078277,7.3715565953935895,0.011739339795479151,0.8105969403471266,4.466970481191363,1.0,7.070107863594683e-05,7.070107863594683e-05,0.0,0.30824118465916694,0.30824118465916694,0.0,0.9436617839802434,0.9436617839802434,0.0,0.0,0.0,0.0,0.0,0.27,50.7,52.6,1065.592,82,Walker2d-v5,5603,Agente_1
102.38268089294434,94,378464,425.974234230207,571.1290610222507,91.31414705306186,227.78787878787878,7.070107863594683e-05,0.0,0.9436617839802434,0.30824118465916694,3910,0.5,0.99,0.009533524829333015,4.266107228824071,0.7922646931239536,-0.02981396152504853,6.983082158224923,0.009533524829333015,0.7922646931239536,4.266107228824071,1.0,7.070107863594683e-05,7.070107863594683e-05,0.0,0.30824118465916694,0.30824118465916694,0.0,0.9436617839802434,0.9436617839802434,0.0,0.0,0.0,0.0,0.0,0.525,39.0,54.1,1083.779,83,Walker2d-v5,5603,Agente_1
103.31518578529358,95,382376,435.1636862391453,571.1290610222507,91.31414705306186,228.88888888888889,7.070107863594683e-05,0.0,0.9436617839802434,0.30824118465916694,3910,0.5,0.99,0.015637079362828186,4.665493736948286,0.8397169053554535,-0.0170386332486357,7.3449897357395715,0.015637079362828186,0.8397169053554535,4.665493736948286,1.0,7.070107863594683e-05,7.070107863594683e-05,0.0,0.30824118465916694,0.30824118465916694,0.0,0.9436617839802434,0.9436617839802434,0.0,0.0,0.0,0.0,0.0,0.19,32.0,55.3,1056.049,84,Walker2d-v5,5603,Agente_1
104.31979155540466,96,386288,433.5378150133133,571.1290610222507,91.31414705306186,228.33,7.070107863594683e-05,0.0,0.9436617839802434,0.30824118465916694,3910,0.5,0.99,0.00983305495174136,4.536878538131714,0.7991881608963013,-0.023173219604151588,7.524777521405901,0.00983305495174136,0.7991881608963013,4.536878538131714,1.0,7.070107863594683e-05,7.070107863594683e-05,0.0,0.30824118465916694,0.30824118465916694,0.0,0.9436617839802434,0.9436617839802434,0.0,0.0,0.0,0.0,0.0,0.21000000000000002,30.7,53.5,1047.377,85,Walker2d-v5,5603,Agente_1
105.12623071670532,97,390200,441.2899531378966,571.1290610222507,91.31414705306186,229.71,7.070107863594683e-05,0.0,0.9436617839802434,0.30824118465916694,3910,0.5,0.99,0.01147832314891275,5.630215065819876,0.8379369778292519,-0.015563828418297426,7.359859541484288,0.01147832314891275,0.8379369778292519,5.630215065819876,1.0,7.070107863594683e-05,7.070107863594683e-05,0.0,0.30824118465916694,0.30824118465916694,0.0,0.9436617839802434,0.9436617839802434,0.0,0.0,0.0,0.0,0.0,0.21,31.5,48.5,1015.625,86,Walker2d-v5,5603,Agente_1
106.20039129257202,98,394112,437.73847700474704,571.1290610222507,91.31414705306186,225.48,7.070107863594683e-05,0.0,0.9436617839802434,0.30824118465916694,3910,0.5,0.99,0.010019082415341732,5.183286169597081,0.8237632470471519,-0.033363757774766,7.588656432288033,0.010019082415341732,0.8237632470471519,5.183286169597081,1.0,7.070107863594683e-05,7.070107863594683e-05,0.0,0.30824118465916694,0.30824118465916694,0.0,0.9436617839802434,0.9436617839802434,0.0,0.0,0.0,0.0,0.0,0.07,34.1,48.900000000000006,1020.62,87,Walker2d-v5,5603,Agente_1
107.595773935318,99,398024,448.8648797277863,598.125492000184,120.86404035172819,229.89,7.070107863594683e-05,0.0,0.9436617839802434,0.30824118465916694,3910,0.5,0.99,0.00977020198624814,5.908514247621809,0.8051574230194092,-0.0162216383431639,7.086917700086321,0.00977020198624814,0.8051574230194092,5.908514247621809,1.0,7.070107863594683e-05,7.070107863594683e-05,0.0,0.30824118465916694,0.30824118465916694,0.0,0.9436617839802434,0.9436617839802434,0.0,0.0,0.0,0.0,0.0,0.72,44.0,51.7,1056.834,88,Walker2d-v5,5603,Agente_1
108.95496344566345,100,401936,448.2795843260655,598.125492000184,120.86404035172819,227.46,7.070107863594683e-05,0.0,0.9436617839802434,0.30824118465916694,3910,0.5,0.99,0.009674343659935403,5.11554570879255,0.8536228724888393,-0.051366516468780384,7.3153443540845595,0.009674343659935403,0.8536228724888393,5.11554570879255,1.0,7.070107863594683e-05,7.070107863594683e-05,0.0,0.30824118465916694,0.30824118465916694,0.0,0.9436617839802434,0.9436617839802434,0.0,0.0,0.0,0.0,0.0,0.42,45.099999999999994,53.9,1070.039,89,Walker2d-v5,5603,Agente_1
109.80078434944153,101,405848,456.4519086058783,660.2953155087266,120.86404035172819,233.18,7.070107863594683e-05,0.0,0.9436617839802434,0.30824118465916694,3910,0.5,0.99,0.010158166680983932,5.167787878853934,0.8498920066016061,-0.0017869063253913608,7.482145411627633,0.010158166680983932,0.8498920066016061,5.167787878853934,1.0,7.070107863594683e-05,7.070107863594683e-05,0.0,0.30824118465916694,0.30824118465916694,0.0,0.9436617839802434,0.9436617839802434,0.0,0.0,0.0,0.0,0.0,0.77,34.9,54.7,1033.289,90,Walker2d-v5,5603,Agente_1
122.29346823692322,89,447600,497.6677011909833,628.1527803021129,73.82262368379475,235.70967741935485,0.000531478752814647,0.0,0.99,0.3416323028669078,17452,0.5,0.99,0.09916013688506486,5.975075423016268,0.8081080995938357,0.023463057113044403,7.592095680797802,0.09916013688506486,0.8081080995938357,5.975075423016268,1.0,0.000531478752814647,0.000531478752814647,0.0,0.3416323028669078,0.3416323028669078,0.0,0.99,0.99,0.0,0.0,0.0,0.0,0.0,0.4525,39.425,50.875,5392.58,91,Walker2d-v5,5603,Agente_1
127.26347064971924,90,465056,517.5229273559744,781.4823714805475,50.07704236517306,251.26,0.000531478752814647,0.0,0.99,0.3416323028669078,17452,0.5,0.99,0.09908428637271059,5.706969564101275,0.8163049783776788,0.02752695004181827,7.746605836643893,0.09908428637271059,0.8163049783776788,5.706969564101275,1.0,0.000531478752814647,0.000531478752814647,0.0,0.3416323028669078,0.3416323028669078,0.0,0.99,0.99,0.0,0.0,0.0,0.0,0.0,0.6085714285714285,41.05714285714286,56.642857142857146,5174.376,92,Walker2d-v5,5603,Agente_1
131.72701573371887,91,482512,515.2823210563188,781.4823714805475,44.860679714332484,252.74,0.000531478752814647,0.0,0.99,0.3416323028669078,17452,0.5,0.99,0.03506466085961138,5.558182625910815,0.8785511737360674,-0.0024905365179566778,7.650756966366488,0.03506466085961138,0.8785511737360674,5.558182625910815,1.0,0.000531478752814647,0.000531478752814647,0.0,0.3416323028669078,0.3416323028669078,0.0,0.99,0.99,0.0,0.0,0.0,0.0,0.0,0.7600000000000001,42.56666666666667,57.31666666666666,4932.793,93,Walker2d-v5,5603,Agente_1
136.53160333633423,92,499968,514.9173288580681,697.4465897579652,44.860679714332484,248.61,0.000531478752814647,0.0,0.99,0.3416323028669078,17452,0.5,0.99,0.025452585953804802,5.861093328279607,0.8669914073803846,-0.006236253054264714,7.529356683001799,0.025452585953804802,0.8669914073803846,5.861093328279607,1.0,0.000531478752814647,0.000531478752814647,0.0,0.3416323028669078,0.3416323028669078,0.0,0.99,0.99,0.0,0.0,0.0,0.0,0.0,0.6885714285714286,40.75714285714286,57.44285714285714,4897.121,94,Walker2d-v5,5603,Agente_1
141.44320607185364,93,517424,518.9435462031983,679.4610705035715,61.349989255337256,246.8,0.000531478752814647,0.0,0.99,0.3416323028669078,17452,0.5,0.99,0.025052342843661576,5.723579831684337,0.9210346817970276,-0.0004312863518648288,6.971607654234942,0.025052342843661576,0.9210346817970276,5.723579831684337,1.0,0.000531478752814647,0.000531478752814647,0.0,0.3416323028669078,0.3416323028669078,0.0,0.99,0.99,0.0,0.0,0.0,0.0,0.0,0.6142857142857144,38.028571428571425,57.4,4897.64,95,Walker2d-v5,5603,Agente_1
146.1437063217163,94,534880,514.1064713215685,695.188555052121,46.674368413470766,243.86,0.000531478752814647,0.0,0.99,0.3416323028669078,17452,0.5,0.99,0.034370307460689864,6.023821827944587,0.8499635512337965,0.0031787397422115594,7.29468048881082,0.034370307460689864,0.8499635512337965,6.023821827944587,1.0,0.000531478752814647,0.000531478752814647,0.0,0.3416323028669078,0.3416323028669078,0.0,0.99,0.99,0.0,0.0,0.0,0.0,0.0,0.5916666666666667,45.21666666666667,51.300000000000004,4862.988,96,Walker2d-v5,5603,Agente_1
150.27163648605347,95,552336,489.39831916200814,701.7544006771697,33.82266000003904,236.47540983606558,0.000531478752814647,0.0,0.99,0.3416323028669078,17452,0.5,0.99,0.017486620240379527,6.016238664879518,0.7955463651348563,-0.00584940613959642,8.000564817821278,0.017486620240379527,0.7955463651348563,6.016238664879518,1.0,0.000531478752814647,0.000531478752814647,0.0,0.3416323028669078,0.3416323028669078,0.0,0.99,0.99,0.0,0.0,0.0,0.0,0.0,0.26666666666666666,30.100000000000005,42.18333333333333,4114.001,97,Walker2d-v5,5603,Agente_1
154.0879647731781,96,569792,497.93086800863114,775.4750310865038,33.82266000003904,243.54,0.000531478752814647,0.0,0.99,0.3416323028669078,17452,0.5,0.99,0.014432820632044454,5.7505474336007065,0.8588295230094124,-0.0070848019875805164,7.334002030597014,0.014432820632044454,0.8588295230094124,5.7505474336007065,1.0,0.000531478752814647,0.000531478752814647,0.0,0.3416323028669078,0.3416323028669078,0.0,0.99,0.99,0.0,0.0,0.0,0.0,0.0,0.4366666666666667,31.899999999999995,47.550000000000004,3958.927,98,Walker2d-v5,5603,Agente_1
158.67564249038696,97,587248,502.3220808889275,713.2369267428799,118.02362677269608,237.55,0.000531478752814647,0.0,0.99,0.3416323028669078,17452,0.5,0.99,0.037015404985493876,5.3908522409551285,0.6836455599350088,0.018647615811513626,7.5822483665802896,0.037015404985493876,0.6836455599350088,5.3908522409551285,1.0,0.000531478752814647,0.000531478752814647,0.0,0.3416323028669078,0.3416323028669078,0.0,0.99,0.99,0.0,0.0,0.0,0.0,0.0,0.3316666666666667,40.083333333333336,47.833333333333336,4163.586,99,Walker2d-v5,5603,Agente_1
142.95531582832336,103,535648,,,,,6.787303549050896e-05,0.0,0.99,0.4464076720095565,3753,0.5,0.99,0.004582429252229685,7.405070359366281,-0.4325489435877119,-0.030730167669909342,4.727407479286194,0.004582429252229685,-0.4325489435877119,7.405070359366281,1.0,6.787303549050896e-05,6.787303549050896e-05,0.0,0.4464076720095565,0.4464076720095565,0.0,0.99,0.99,0.0,0.0,0.0,0.0,0.0,0.195,21.25,49.85,1286.855,100,Walker2d-v5,5603,Agente_1
144.08399057388306,104,539408,505.08267655925556,612.4268680622185,418.97889791921386,213.88888888888889,6.787303549050896e-05,0.0,0.99,0.4464076720095565,3753,0.5,0.99,0.045821722987550724,3.4543702925954545,0.5511344288076673,0.0019264473845916135,8.713128307887485,0.045821722987550724,0.5511344288076673,3.4543702925954545,1.0,6.787303549050896e-05,6.787303549050896e-05,0.0,0.4464076720095565,0.4464076720095565,0.0,0.99,0.99,0.0,0.0,0.0,0.0,0.0,0.93,33.400000000000006,49.400000000000006,1202.199,101,Walker2d-v5,5603,Agente_1
145.15366053581238,105,543168,548.2908289462567,696.5351519996275,418.97889791921386,238.875,6.787303549050896e-05,0.0,0.99,0.4464076720095565,3753,0.5,0.99,0.011611624410371795,6.9175802503313335,0.733228611946106,-0.007913099867956979,5.586729356220791,0.011611624410371795,0.733228611946106,6.9175802503313335,1.0,6.787303549050896e-05,6.787303549050896e-05,0.0,0.4464076720095565,0.4464076720095565,0.0,0.99,0.99,0.0,0.0,0.0,0.0,0.0,0.76,49.0,51.4,1154.116,102,Walker2d-v5,5603,Agente_1
146.39619398117065,106,546928,531.1390369496208,696.5351519996275,340.0425760808048,230.88888888888889,6.787303549050896e-05,0.0,0.99,0.4464076720095565,3753,0.5,0.99,0.02824812023076707,4.540043476649693,0.34906119874545505,0.0017521189392677376,7.783513804844447,0.02824812023076707,0.34906119874545505,4.540043476649693,1.0,6.787303549050896e-05,6.787303549050896e-05,0.0,0.4464076720095565,0.4464076720095565,0.0,0.99,0.99,0.0,0.0,0.0,0.0,0.0,0.445,44.65,52.75,1172.978,103,Walker2d-v5,5603,Agente_1
147.61542391777039,107,550688,544.5362862573915,696.5351519996275,340.0425760808048,239.38709677419354,6.787303549050896e-05,0.0,0.99,0.4464076720095565,3753,0.5,0.99,0.015136550361577454,6.35144054549081,0.7316512593201229,0.0053172802552580835,6.63582329750061,0.015136550361577454,0.7316512593201229,6.35144054549081,1.0,6.787303549050896e-05,6.787303549050896e-05,0.0,0.4464076720095565,0.4464076720095565,0.0,0.99,0.99,0.0,0.0,0.0,0.0,0.0,0.095,39.099999999999994,54.45,1179.983,104,Walker2d-v5,5603,Agente_1
148.8209445476532,108,554448,532.3722351134471,696.5351519996275,84.69492861702696,240.63291139240508,6.787303549050896e-05,0.0,0.99,0.4464076720095565,3753,0.5,0.99,0.019144013849290785,6.305076278959002,0.7051137804985046,-0.011526512886796679,6.829100152424403,0.019144013849290785,0.7051137804985046,6.305076278959002,1.0,6.787303549050896e-05,6.787303549050896e-05,0.0,0.4464076720095565,0.4464076720095565,0.0,0.99,0.99,0.0,0.0,0.0,0.0,0.0,0.21,34.4,55.95,1181.959,105,Walker2d-v5,5603,Agente_1
150.0734543800354,109,558208,534.0218681900353,696.5351519996275,84.69492861702696,242.12359550561797,6.787303549050896e-05,0.0,0.99,0.4464076720095565,3753,0.5,0.99,0.016718180352576644,6.02484540939331,0.6054215805871146,-0.014505574745791299,6.3736760071345735,0.016718180352576644,0.6054215805871146,6.02484540939331,1.0,6.787303549050896e-05,6.787303549050896e-05,0.0,0.4464076720095565,0.4464076720095565,0.0,0.99,0.99,0.0,0.0,0.0,0.0,0.0,0.92,55.4,56.4,1190.749,106,Walker2d-v5,5603,Agente_1
151.0253324508667,110,561968,539.1742779924286,704.7836024314091,84.69492861702696,245.72,6.787303549050896e-05,0.0,0.99,0.4464076720095565,3753,0.5,0.99,0.010621336075148844,4.992754656927926,0.8446506994111197,-0.029278842679091862,7.509346124104091,0.010621336075148844,0.8446506994111197,4.992754656927926,1.0,6.787303549050896e-05,6.787303549050896e-05,0.0,0.4464076720095565,0.4464076720095565,0.0,0.99,0.99,0.0,0.0,0.0,0.0,0.0,0.58,36.5,57.1,1159.179,107,Walker2d-v5,5603,Agente_1
151.96587944030762,111,565728,538.7760714355485,832.7469405548146,84.69492861702696,249.5,6.787303549050896e-05,0.0,0.99,0.4464076720095565,3753,0.5,0.99,0.015368602641683538,6.895624876022339,0.8754085080964225,-0.038579120274100986,6.224015133721488,0.015368602641683538,0.8754085080964225,6.895624876022339,1.0,6.787303549050896e-05,6.787303549050896e-05,0.0,0.4464076720095565,0.4464076720095565,0.0,0.99,0.99,0.0,0.0,0.0,0.0,0.0,0.17,31.4,57.3,1133.523,108,Walker2d-v5,5603,Agente_1
152.93332147598267,112,569488,528.2114195954751,832.7469405548146,84.69492861702696,247.46,6.787303549050896e-05,0.0,0.99,0.4464076720095565,3753,0.5,0.99,0.015662892477510987,5.814506384304591,0.7303517188344683,0.005810996810240405,7.3319666385650635,0.015662892477510987,0.7303517188344683,5.814506384304591,1.0,6.787303549050896e-05,6.787303549050896e-05,0.0,0.4464076720095565,0.4464076720095565,0.0,0.99,0.99,0.0,0.0,0.0,0.0,0.0,0.985,38.6,57.45,1115.841,109,Walker2d-v5,5603,Agente_1
154.15015029907227,113,573248,532.5670731781975,832.7469405548146,84.69492861702696,251.42,6.787303549050896e-05,0.0,0.99,0.4464076720095565,3753,0.5,0.99,0.012637637171012881,6.698347759246826,0.8063749858311244,-0.012231441108243805,5.932934515816825,0.012637637171012881,0.8063749858311244,6.698347759246826,1.0,6.787303549050896e-05,6.787303549050896e-05,0.0,0.4464076720095565,0.4464076720095565,0.0,0.99,0.99,0.0,0.0,0.0,0.0,0.0,0.98,48.0,57.4,1107.647,110,Walker2d-v5,5603,Agente_1
155.0036232471466,114,577008,528.1201249817316,832.7469405548146,84.69492861702696,251.14,6.787303549050896e-05,0.0,0.99,0.4464076720095565,3753,0.5,0.99,0.018042438566174365,4.798279333114624,0.2648194066115788,-0.018059029962335313,7.841136401040213,0.018042438566174365,0.2648194066115788,4.798279333114624,1.0,6.787303549050896e-05,6.787303549050896e-05,0.0,0.4464076720095565,0.4464076720095565,0.0,0.99,0.99,0.0,0.0,0.0,0.0,0.0,0.21,34.6,57.4,1080.065,111,Walker2d-v5,5603,Agente_1
156.1774914264679,115,580768,543.3131164177387,832.7469405548146,152.05262272895175,253.36,6.787303549050896e-05,0.0,0.99,0.4464076720095565,3753,0.5,0.99,0.009177348741130638,6.1128976481301445,0.8801637700625828,-0.020019847633583204,6.774188300541469,0.009177348741130638,0.8801637700625828,6.1128976481301445,1.0,6.787303549050896e-05,6.787303549050896e-05,0.0,0.4464076720095565,0.4464076720095565,0.0,0.99,0.99,0.0,0.0,0.0,0.0,0.0,0.47,40.85,57.4,1090.277,112,Walker2d-v5,5603,Agente_1
157.22121787071228,116,584528,536.9070931117087,832.7469405548146,84.22049448118183,252.48,6.787303549050896e-05,0.0,0.99,0.4464076720095565,3753,0.5,0.99,0.008214153382453203,5.83481308392116,0.7981563534055437,-0.023707222672445433,7.445089714867728,0.008214153382453203,0.7981563534055437,5.83481308392116,1.0,6.787303549050896e-05,6.787303549050896e-05,0.0,0.4464076720095565,0.4464076720095565,0.0,0.99,0.99,0.0,0.0,0.0,0.0,0.0,0.665,39.1,57.4,1070.4,113,Walker2d-v5,5603,Agente_1
158.3169069290161,117,588288,532.2105848754848,832.7469405548146,84.22049448118183,248.85,6.787303549050896e-05,0.0,0.99,0.4464076720095565,3753,0.5,0.99,0.017814002029159122,6.256655022076198,0.8407476280416761,-0.025689084295715606,6.82283273424421,0.017814002029159122,0.8407476280416761,6.256655022076198,1.0,6.787303549050896e-05,6.787303549050896e-05,0.0,0.4464076720095565,0.4464076720095565,0.0,0.99,0.99,0.0,0.0,0.0,0.0,0.0,0.78,33.8,57.3,1057.727,114,Walker2d-v5,5603,Agente_1
159.47671175003052,118,592048,529.6517608586041,752.5712355519632,84.22049448118183,248.82,6.787303549050896e-05,0.0,0.99,0.4464076720095565,3753,0.5,0.99,0.012750640741329075,5.819957733154297,0.7960521323340279,-0.025493692779647453,7.320410714830671,0.012750640741329075,0.7960521323340279,5.819957733154297,1.0,6.787303549050896e-05,6.787303549050896e-05,0.0,0.4464076720095565,0.4464076720095565,0.0,0.99,0.99,0.0,0.0,0.0,0.0,0.0,0.08,39.75,57.2,1053.208,115,Walker2d-v5,5603,Agente_1
160.73827171325684,119,595808,539.6021893783601,752.5712355519632,84.22049448118183,250.75,6.787303549050896e-05,0.0,0.99,0.4464076720095565,3753,0.5,0.99,0.011638266269151895,6.2637307371412,0.8767632876123701,-0.01994129049458674,7.030527979987008,0.011638266269151895,0.8767632876123701,6.2637307371412,1.0,6.787303549050896e-05,6.787303549050896e-05,0.0,0.4464076720095565,0.4464076720095565,0.0,0.99,0.99,0.0,0.0,0.0,0.0,0.0,0.975,40.1,57.25,1053.312,116,Walker2d-v5,5603,Agente_1
162.03297781944275,120,599568,536.0356868606738,752.5712355519632,84.22049448118183,249.33,6.787303549050896e-05,0.0,0.99,0.4464076720095565,3753,0.5,0.99,0.012855577862241521,5.663968535831996,0.839432145016534,-0.027161822135427168,6.731673376900809,0.012855577862241521,0.839432145016534,5.663968535831996,1.0,6.787303549050896e-05,6.787303549050896e-05,0.0,0.4464076720095565,0.4464076720095565,0.0,0.99,0.99,0.0,0.0,0.0,0.0,0.0,0.98,45.4,57.1,1087.998,117,Walker2d-v5,5603,Agente_1
162.88391637802124,121,603328,536.4710143966582,752.5712355519632,84.22049448118183,249.93,6.787303549050896e-05,0.0,0.99,0.4464076720095565,3753,0.5,0.99,0.00980730848719499,5.633013820648193,0.809026688337326,-0.025355454860255124,7.14528329713004,0.00980730848719499,0.809026688337326,5.633013820648193,1.0,6.787303549050896e-05,6.787303549050896e-05,0.0,0.4464076720095565,0.4464076720095565,0.0,0.99,0.99,0.0,0.0,0.0,0.0,0.0,0.7150000000000001,38.5,57.0,1078.909,118,Walker2d-v5,5603,Agente_1
163.9396731853485,122,607088,537.1492560148915,752.5712355519632,96.7802304443697,248.72,6.787303549050896e-05,0.0,0.99,0.4464076720095565,3753,0.5,0.99,0.009831625841928014,5.952772011075701,0.8948068576199668,-0.005890461163861411,6.8096095561981205,0.009831625841928014,0.8948068576199668,5.952772011075701,1.0,6.787303549050896e-05,6.787303549050896e-05,0.0,0.4464076720095565,0.4464076720095565,0.0,0.99,0.99,0.0,0.0,0.0,0.0,0.0,0.89,39.6,56.9,1087.878,119,Walker2d-v5,5603,Agente_1
165.10600805282593,123,610848,540.2944773734184,752.5712355519632,96.7802304443697,249.22,6.787303549050896e-05,0.0,0.99,0.4464076720095565,3753,0.5,0.99,0.014494725898735591,5.868989532334464,0.8861388725893838,-0.04109813693378653,7.0951188359941755,0.014494725898735591,0.8861388725893838,5.868989532334464,1.0,6.787303549050896e-05,6.787303549050896e-05,0.0,0.4464076720095565,0.4464076720095565,0.0,0.99,0.99,0.0,0.0,0.0,0.0,0.0,0.555,38.650000000000006,57.0,1083.171,120,Walker2d-v5,5603,Agente_1
165.9736385345459,124,614608,543.310003839982,729.6801495459516,96.7802304443697,249.94,6.787303549050896e-05,0.0,0.99,0.4464076720095565,3753,0.5,0.99,0.011154042143607512,5.8780626228877475,0.809128064768655,-0.022719650396278927,6.913813781738281,0.011154042143607512,0.809128064768655,5.8780626228877475,1.0,6.787303549050896e-05,6.787303549050896e-05,0.0,0.4464076720095565,0.4464076720095565,0.0,0.99,0.99,0.0,0.0,0.0,0.0,0.0,0.7,43.5,57.0,1084.811,121,Walker2d-v5,5603,Agente_1
166.87146973609924,125,618368,549.955585549118,729.6801495459516,96.7802304443697,251.44,6.787303549050896e-05,0.0,0.99,0.4464076720095565,3753,0.5,0.99,0.011073537346549398,5.461057608468192,0.8933144245828901,-0.0405378415116242,7.42643677847726,0.011073537346549398,0.8933144245828901,5.461057608468192,1.0,6.787303549050896e-05,6.787303549050896e-05,0.0,0.4464076720095565,0.4464076720095565,0.0,0.99,0.99,0.0,0.0,0.0,0.0,0.0,0.7,40.3,56.8,1057.209,122,Walker2d-v5,5603,Agente_1
168.02187824249268,126,622128,544.3080715893716,768.564449590135,104.95842345615571,249.44,6.787303549050896e-05,0.0,0.99,0.4464076720095565,3753,0.5,0.99,0.012039469377071198,6.116150059018817,0.8087449908256531,-0.019927314828549113,6.966947998319354,0.012039469377071198,0.8087449908256531,6.116150059018817,1.0,6.787303549050896e-05,6.787303549050896e-05,0.0,0.4464076720095565,0.4464076720095565,0.0,0.99,0.99,0.0,0.0,0.0,0.0,0.0,0.8,36.3,56.6,1068.079,123,Walker2d-v5,5603,Agente_1
169.1745481491089,127,625888,546.2487244796499,768.564449590135,104.95842345615571,249.7,6.787303549050896e-05,0.0,0.99,0.4464076720095565,3753,0.5,0.99,0.012210878217722763,5.8231279713766915,0.8412916762488228,-0.034462756557124004,6.724242503302438,0.012210878217722763,0.8412916762488228,5.8231279713766915,1.0,6.787303549050896e-05,6.787303549050896e-05,0.0,0.4464076720095565,0.4464076720095565,0.0,0.99,0.99,0.0,0.0,0.0,0.0,0.0,0.65,39.0,56.650000000000006,1073.904,124,Walker2d-v5,5603,Agente_1
170.40869688987732,128,629648,541.8639634243419,768.564449590135,104.95842345615571,248.01,6.787303549050896e-05,0.0,0.99,0.4464076720095565,3753,0.5,0.99,0.009989910849357589,6.27647750718253,0.8821771034172603,0.004239314475229808,6.869657577787127,0.009989910849357589,0.8821771034172603,6.27647750718253,1.0,6.787303549050896e-05,6.787303549050896e-05,0.0,0.4464076720095565,0.4464076720095565,0.0,0.99,0.99,0.0,0.0,0.0,0.0,0.0,0.52,51.0,56.7,1081.709,125,Walker2d-v5,5603,Agente_1
171.3464126586914,129,633408,539.4742453128223,768.564449590135,104.95842345615571,247.32,6.787303549050896e-05,0.0,0.99,0.4464076720095565,3753,0.5,0.99,0.008865804662699312,6.169452333450318,0.8982941108090537,-0.05486927617873464,6.599091046197074,0.008865804662699312,0.8982941108090537,6.169452333450318,1.0,6.787303549050896e-05,6.787303549050896e-05,0.0,0.4464076720095565,0.4464076720095565,0.0,0.99,0.99,0.0,0.0,0.0,0.0,0.0,0.58,37.2,56.7,1050.073,126,Walker2d-v5,5603,Agente_1
172.30651092529297,130,637168,542.3381115263157,768.564449590135,104.95842345615571,248.98,6.787303549050896e-05,0.0,0.99,0.4464076720095565,3753,0.5,0.99,0.010192708526093545,5.681617627825056,0.881049040385655,-0.03578544336238078,7.322104958125523,0.010192708526093545,0.881049040385655,5.681617627825056,1.0,6.787303549050896e-05,6.787303549050896e-05,0.0,0.4464076720095565,0.4464076720095565,0.0,0.99,0.99,0.0,0.0,0.0,0.0,0.0,0.17,31.3,56.6,1016.461,127,Walker2d-v5,5603,Agente_1
173.2586226463318,131,640928,538.0464084960793,768.564449590135,104.95842345615571,245.92,6.787303549050896e-05,0.0,0.99,0.4464076720095565,3753,0.5,0.99,0.010103086631092342,6.226710775920323,0.8736168350492205,-0.029434988967009953,6.698488855361939,0.010103086631092342,0.8736168350492205,6.226710775920323,1.0,6.787303549050896e-05,6.787303549050896e-05,0.0,0.4464076720095565,0.4464076720095565,0.0,0.99,0.99,0.0,0.0,0.0,0.0,0.0,0.8,43.3,56.8,1026.941,128,Walker2d-v5,5603,Agente_1
174.21443152427673,132,644688,531.9045695824337,768.564449590135,323.4609342668766,242.76,6.787303549050896e-05,0.0,0.99,0.4464076720095565,3753,0.5,0.99,0.010676154904285796,5.703719397953578,0.8551576154572623,-0.039370237503732954,7.1673269203731,0.010676154904285796,0.8551576154572623,5.703719397953578,1.0,6.787303549050896e-05,6.787303549050896e-05,0.0,0.4464076720095565,0.4464076720095565,0.0,0.99,0.99,0.0,0.0,0.0,0.0,0.0,0.98,36.85,56.7,1016.536,129,Walker2d-v5,5603,Agente_1
175.6765604019165,133,648448,535.5607013247693,694.4429043181443,324.73383593301907,243.96,6.787303549050896e-05,0.0,0.99,0.4464076720095565,3753,0.5,0.99,0.012403148493571539,6.456044381005423,0.8245401978492737,-0.024709861565913472,6.918371738706316,0.012403148493571539,0.8245401978492737,6.456044381005423,1.0,6.787303549050896e-05,6.787303549050896e-05,0.0,0.4464076720095565,0.4464076720095565,0.0,0.99,0.99,0.0,0.0,0.0,0.0,0.0,0.775,41.55,56.75,1046.153,130,Walker2d-v5,5603,Agente_1
176.48528480529785,134,652208,532.5051615063818,694.4429043181443,179.12826011764494,243.15,6.787303549050896e-05,0.0,0.99,0.4464076720095565,3753,0.5,0.99,0.010652497280638532,6.241747195380075,0.8546548707144601,-0.03600139044491308,6.767326825005668,0.010652497280638532,0.8546548707144601,6.241747195380075,1.0,6.787303549050896e-05,6.787303549050896e-05,0.0,0.4464076720095565,0.4464076720095565,0.0,0.99,0.99,0.0,0.0,0.0,0.0,0.0,0.84,27.4,50.9,1039.862,131,Walker2d-v5,5603,Agente_1
177.51935029029846,135,655968,535.4252221045085,694.4429043181443,179.12826011764494,244.63,6.787303549050896e-05,0.0,0.99,0.4464076720095565,3753,0.5,0.99,0.011095305755017243,5.954678276606969,0.8362926176616123,-0.027053720450827053,7.18670197214399,0.011095305755017243,0.8362926176616123,5.954678276606969,1.0,6.787303549050896e-05,6.787303549050896e-05,0.0,0.4464076720095565,0.4464076720095565,0.0,0.99,0.99,0.0,0.0,0.0,0.0,0.0,0.84,42.6,50.9,1053.774,132,Walker2d-v5,5603,Agente_1
178.4787311553955,136,659728,533.0523444074963,758.3740540651777,117.10195102821298,248.57,6.787303549050896e-05,0.0,0.99,0.4464076720095565,3753,0.5,0.99,0.010330560016882373,6.6947221755981445,0.863522538968495,-0.032254336308687924,6.805084569113595,0.010330560016882373,0.863522538968495,6.6947221755981445,1.0,6.787303549050896e-05,6.787303549050896e-05,0.0,0.4464076720095565,0.4464076720095565,0.0,0.99,0.99,0.0,0.0,0.0,0.0,0.0,0.445,31.099999999999998,48.55,1034.955,133,Walker2d-v5,5603,Agente_1
179.47778630256653,137,663488,532.9751984034996,758.3740540651777,117.10195102821298,249.25,6.787303549050896e-05,0.0,0.99,0.4464076720095565,3753,0.5,0.99,0.010890921347475211,5.929298332759312,0.8908706281866346,-0.03727225597415652,6.417864397593907,0.010890921347475211,0.8908706281866346,5.929298332759312,1.0,6.787303549050896e-05,6.787303549050896e-05,0.0,0.4464076720095565,0.4464076720095565,0.0,0.99,0.99,0.0,0.0,0.0,0.0,0.0,0.28,32.6,43.5,1019.995,134,Walker2d-v5,5603,Agente_1
180.210209608078,138,667248,533.0282875504082,758.3740540651777,117.10195102821298,251.56,6.787303549050896e-05,0.0,0.99,0.4464076720095565,3753,0.5,0.99,0.015444036177671348,5.520756626129151,0.8378105708530971,-0.025562166023467267,6.9773388181413925,0.015444036177671348,0.8378105708530971,5.520756626129151,1.0,6.787303549050896e-05,6.787303549050896e-05,0.0,0.4464076720095565,0.4464076720095565,0.0,0.99,0.99,0.0,0.0,0.0,0.0,0.0,0.195,34.849999999999994,44.8,969.805,135,Walker2d-v5,5603,Agente_1
180.99885988235474,139,671008,533.1942480779979,758.3740540651777,117.10195102821298,251.05,6.787303549050896e-05,0.0,0.99,0.4464076720095565,3753,0.5,0.99,0.011927391094234605,5.917269624982562,0.7239640201841082,-0.021353421839220184,6.677540097917829,0.011927391094234605,0.7239640201841082,5.917269624982562,1.0,6.787303549050896e-05,6.787303549050896e-05,0.0,0.4464076720095565,0.4464076720095565,0.0,0.99,0.99,0.0,0.0,0.0,0.0,0.0,0.09,31.0,39.3,954.633,136,Walker2d-v5,5603,Agente_1
181.70048093795776,140,674768,534.7609130582618,758.3740540651777,117.10195102821298,250.2,6.787303549050896e-05,0.0,0.99,0.4464076720095565,3753,0.5,0.99,0.018268653472530007,5.642444896697998,0.8085015416145325,-0.010100371736500944,6.8245790209089,0.018268653472530007,0.8085015416145325,5.642444896697998,1.0,6.787303549050896e-05,6.787303549050896e-05,0.0,0.4464076720095565,0.4464076720095565,0.0,0.99,0.99,0.0,0.0,0.0,0.0,0.0,0.09,23.1,36.8,929.15,137,Walker2d-v5,5603,Agente_1
182.33178782463074,141,678528,534.5802481451984,758.3740540651777,117.10195102821298,250.43,6.787303549050896e-05,0.0,0.99,0.4464076720095565,3753,0.5,0.99,0.010845965695105925,5.92810332434518,0.8686365757669722,-0.01536820578788008,6.35006651197161,0.010845965695105925,0.8686365757669722,5.92810332434518,1.0,6.787303549050896e-05,6.787303549050896e-05,0.0,0.4464076720095565,0.4464076720095565,0.0,0.99,0.99,0.0,0.0,0.0,0.0,0.0,0.54,15.3,37.8,897.311,138,Walker2d-v5,5603,Agente_1
183.02580285072327,142,682288,533.7958677268593,715.8179509423953,117.10195102821298,245.7,6.787303549050896e-05,0.0,0.99,0.4464076720095565,3753,0.5,0.99,0.023145363411562616,5.1648197310311454,0.7000489209379469,0.008317144787205117,6.834830706460135,0.023145363411562616,0.7000489209379469,5.1648197310311454,1.0,6.787303549050896e-05,6.787303549050896e-05,0.0,0.4464076720095565,0.4464076720095565,0.0,0.99,0.99,0.0,0.0,0.0,0.0,0.0,0.12,22.4,38.2,871.381,139,Walker2d-v5,5603,Agente_1
183.81162405014038,143,686048,542.6967265014279,715.8179509423953,347.41958637511664,248.17,6.787303549050896e-05,0.0,0.99,0.4464076720095565,3753,0.5,0.99,0.009370952504104935,5.6550287246704105,0.7678926195417132,-0.0015922369169337409,6.378869703837803,0.009370952504104935,0.7678926195417132,5.6550287246704105,1.0,6.787303549050896e-05,6.787303549050896e-05,0.0,0.4464076720095565,0.4464076720095565,0.0,0.99,0.99,0.0,0.0,0.0,0.0,0.0,0.3,26.8,39.6,803.693,140,Walker2d-v5,5603,Agente_1
184.8049075603485,144,689808,544.9811693030376,717.2230811377395,347.41958637511664,247.41,6.787303549050896e-05,0.0,0.99,0.4464076720095565,3753,0.5,0.99,0.02339830508748751,4.898256087303162,0.7530832282134465,-0.008486346235232693,7.128720460619245,0.02339830508748751,0.7530832282134465,4.898256087303162,1.0,6.787303549050896e-05,6.787303549050896e-05,0.0,0.4464076720095565,0.4464076720095565,0.0,0.99,0.99,0.0,0.0,0.0,0.0,0.0,0.19,20.15,40.4,822.49,141,Walker2d-v5,5603,Agente_1
185.76072478294373,145,693568,,,,,6.787303549050896e-05,0.0,0.99,0.4464076720095565,3753,0.5,0.99,0.0032797477761063016,8.269856820787702,0.7748587233679635,-0.0011701497648443494,6.431179966245379,0.0032797477761063016,0.7748587233679635,8.269856820787702,1.0,6.787303549050896e-05,6.787303549050896e-05,0.0,0.4464076720095565,0.4464076720095565,0.0,0.99,0.99,0.0,0.0,0.0,0.0,0.0,0.235,12.05,44.4,946.34,142,Walker2d-v5,5603,Agente_1
186.45918464660645,146,697328,489.8676816209624,552.6813213528083,457.04993699235297,217.5,6.787303549050896e-05,0.0,0.99,0.4464076720095565,3753,0.5,0.99,0.024098778552745767,3.227790001460484,0.47189021536282133,0.0030195262815271105,9.312929425920759,0.024098778552745767,0.47189021536282133,3.227790001460484,1.0,6.787303549050896e-05,6.787303549050896e-05,0.0,0.4464076720095565,0.4464076720095565,0.0,0.99,0.99,0.0,0.0,0.0,0.0,0.0,0.21,28.0,39.9,817.33,143,Walker2d-v5,5603,Agente_1
187.62924671173096,147,701088,584.9606263633716,731.9443640835456,457.04993699235297,262.16129032258067,6.787303549050896e-05,0.0,0.99,0.4464076720095565,3753,0.5,0.99,0.02742804701067923,6.172192573547363,0.6456610058035169,0.006618386986000198,7.003277022497994,0.02742804701067923,0.6456610058035169,6.172192573547363,1.0,6.787303549050896e-05,6.787303549050896e-05,0.0,0.4464076720095565,0.4464076720095565,0.0,0.99,0.99,0.0,0.0,0.0,0.0,0.0,0.29000000000000004,31.8,41.05,930.587,144,Walker2d-v5,5603,Agente_1
188.47712397575378,148,704848,575.3435138025553,742.158369972387,117.08702380497259,260.77142857142854,6.787303549050896e-05,0.0,0.99,0.4464076720095565,3753,0.5,0.99,0.00783945836883504,4.122230740955898,0.37950093235288346,-0.02743977579687323,8.747282573154994,0.00783945836883504,0.37950093235288346,4.122230740955898,1.0,6.787303549050896e-05,6.787303549050896e-05,0.0,0.4464076720095565,0.4464076720095565,0.0,0.99,0.99,0.0,0.0,0.0,0.0,0.0,0.08,39.7,43.1,906.517,145,Walker2d-v5,5603,Agente_1
189.4917447566986,149,708608,579.5804010835334,742.158369972387,117.08702380497259,260.3965517241379,6.787303549050896e-05,0.0,0.99,0.4464076720095565,3753,0.5,0.99,0.010807391721599353,5.3271020412445065,0.6630117390836988,-0.0014954615916524614,7.786175898143223,0.010807391721599353,0.6630117390836988,5.3271020412445065,1.0,6.787303549050896e-05,6.787303549050896e-05,0.0,0.4464076720095565,0.4464076720095565,0.0,0.99,0.99,0.0,0.0,0.0,0.0,0.0,0.08,35.599999999999994,45.0,926.216,146,Walker2d-v5,5603,Agente_1
190.42964673042297,150,712368,583.7740149892082,743.9206670195064,117.08702380497259,262.54545454545456,6.787303549050896e-05,0.0,0.99,0.4464076720095565,3753,0.5,0.99,0.00858553423963063,5.152209639549255,0.6407906200204577,0.019385781378618308,8.070269925253731,0.00858553423963063,0.6407906200204577,5.152209639549255,1.0,6.787303549050896e-05,6.787303549050896e-05,0.0,0.4464076720095565,0.4464076720095565,0.0,0.99,0.99,0.0,0.0,0.0,0.0,0.0,0.18,31.8,46.0,926.567,147,Walker2d-v5,5603,Agente_1
191.25807857513428,151,716128,572.5178925740393,743.9206670195064,68.52057654816755,257.2352941176471,6.787303549050896e-05,0.0,0.99,0.4464076720095565,3753,0.5,0.99,0.01240423926044189,5.170395398139954,0.5479545669896262,-0.024171774302210125,8.415417507716588,0.01240423926044189,0.5479545669896262,5.170395398139954,1.0,6.787303549050896e-05,6.787303549050896e-05,0.0,0.4464076720095565,0.4464076720095565,0.0,0.99,0.99,0.0,0.0,0.0,0.0,0.0,0.11,16.2,47.1,910.716,148,Walker2d-v5,5603,Agente_1
192.10508704185486,152,719888,573.3362583608902,743.9206670195064,68.52057654816755,258.7979797979798,6.787303549050896e-05,0.0,0.99,0.4464076720095565,3753,0.5,0.99,0.007720628028073407,6.089180871418544,0.5695702578340258,-0.01512813355241503,8.600194719859532,0.007720628028073407,0.5695702578340258,6.089180871418544,1.0,6.787303549050896e-05,6.787303549050896e-05,0.0,0.4464076720095565,0.4464076720095565,0.0,0.99,0.99,0.0,0.0,0.0,0.0,0.0,0.095,27.25,41.6,901.277,149,Walker2d-v5,5603,Agente_1
193.05740690231323,153,723648,573.09165730198,743.9206670195064,68.52057654816755,260.53,6.787303549050896e-05,0.0,0.99,0.4464076720095565,3753,0.5,0.99,0.014094294405627547,5.165609094074794,0.54991723213877,-0.00880122607839959,8.549265173503331,0.014094294405627547,0.54991723213877,5.165609094074794,1.0,6.787303549050896e-05,6.787303549050896e-05,0.0,0.4464076720095565,0.4464076720095565,0.0,0.99,0.99,0.0,0.0,0.0,0.0,0.0,0.05,29.4,40.8,905.784,150,Walker2d-v5,5603,Agente_1
193.97678923606873,154,727408,568.352892109324,743.9206670195064,68.52057654816755,258.87,6.787303549050896e-05,0.0,0.99,0.4464076720095565,3753,0.5,0.99,0.01742380557266837,5.790053769520351,0.4311644102845873,0.01747441424855164,8.278044285093035,0.01742380557266837,0.4311644102845873,5.790053769520351,1.0,6.787303549050896e-05,6.787303549050896e-05,0.0,0.4464076720095565,0.4464076720095565,0.0,0.99,0.99,0.0,0.0,0.0,0.0,0.0,0.14,28.25,42.8,905.843,151,Walker2d-v5,5603,Agente_1
195.0257134437561,155,731168,569.6804972518183,816.4972679367035,68.52057654816755,260.14,6.787303549050896e-05,0.0,0.99,0.4464076720095565,3753,0.5,0.99,0.006616836884599512,5.377683830261231,0.7964364877768926,-0.04833003202719348,8.210926859719413,0.006616836884599512,0.7964364877768926,5.377683830261231,1.0,6.787303549050896e-05,6.787303549050896e-05,0.0,0.4464076720095565,0.4464076720095565,0.0,0.99,0.99,0.0,0.0,0.0,0.0,0.0,0.52,35.8,44.9,914.876,152,Walker2d-v5,5603,Agente_1
195.76813673973083,156,734928,569.6936678673574,816.4972679367035,68.52057654816755,260.73,6.787303549050896e-05,0.0,0.99,0.4464076720095565,3753,0.5,0.99,0.005829951504918946,5.719652427945818,0.7307046217577798,-0.021601959584014757,8.264130994251795,0.005829951504918946,0.7307046217577798,5.719652427945818,1.0,6.787303549050896e-05,6.787303549050896e-05,0.0,0.4464076720095565,0.4464076720095565,0.0,0.99,0.99,0.0,0.0,0.0,0.0,0.0,0.82,27.6,45.8,919.059,153,Walker2d-v5,5603,Agente_1
196.51656937599182,157,738688,563.0241839884698,816.4972679367035,68.52057654816755,258.11,6.787303549050896e-05,0.0,0.99,0.4464076720095565,3753,0.5,0.99,0.013368228679116459,4.388856141907828,0.42522573726517815,-0.0018818913027644157,8.951839569636753,0.013368228679116459,0.42522573726517815,4.388856141907828,1.0,6.787303549050896e-05,6.787303549050896e-05,0.0,0.4464076720095565,0.4464076720095565,0.0,0.99,0.99,0.0,0.0,0.0,0.0,0.0,0.27,24.1,46.8,877.265,154,Walker2d-v5,5603,Agente_1
197.58312702178955,158,742448,576.2293237284782,816.4972679367035,157.615549309471,262.61,6.787303549050896e-05,0.0,0.99,0.4464076720095565,3753,0.5,0.99,0.00827321865149965,5.51962126323155,0.7231819314616067,-0.026941734552383422,8.440245825903757,0.00827321865149965,0.7231819314616067,5.51962126323155,1.0,6.787303549050896e-05,6.787303549050896e-05,0.0,0.4464076720095565,0.4464076720095565,0.0,0.99,0.99,0.0,0.0,0.0,0.0,0.0,0.08,28.35,47.6,899.437,155,Walker2d-v5,5603,Agente_1
198.70865654945374,159,746208,,,,,6.787303549050896e-05,0.0,0.99,0.4464076720095565,3753,0.5,0.99,0.0030618135093923677,8.320958518981934,0.8065747150353023,-0.04452646491783006,6.244256557737078,0.0030618135093923677,0.8065747150353023,8.320958518981934,1.0,6.787303549050896e-05,6.787303549050896e-05,0.0,0.4464076720095565,0.4464076720095565,0.0,0.99,0.99,0.0,0.0,0.0,0.0,0.0,0.08,22.55,53.0,1113.543,156,Walker2d-v5,5603,Agente_1
199.6486701965332,160,749968,501.3357788469534,612.5105416829093,463.37282767859153,222.625,6.787303549050896e-05,0.0,0.99,0.4464076720095565,3753,0.5,0.99,0.01496503409894753,2.869590023585728,0.5349034547805787,-0.04660551947142397,9.17299165725708,0.01496503409894753,0.5349034547805787,2.869590023585728,1.0,6.787303549050896e-05,6.787303549050896e-05,0.0,0.4464076720095565,0.4464076720095565,0.0,0.99,0.99,0.0,0.0,0.0,0.0,0.0,0.09,33.0,54.3,1020.576,157,Walker2d-v5,5603,Agente_1
200.61252307891846,161,753728,577.6908559549659,729.9879091946776,446.6303060367426,256.7,6.787303549050896e-05,0.0,0.99,0.4464076720095565,3753,0.5,0.99,0.023829037604653942,6.6910860163824895,0.7282331960541861,-0.003112858533859253,7.226368938173566,0.023829037604653942,0.7282331960541861,6.6910860163824895,1.0,6.787303549050896e-05,6.787303549050896e-05,0.0,0.4464076720095565,0.4464076720095565,0.0,0.99,0.99,0.0,0.0,0.0,0.0,0.0,0.98,32.65,55.3,997.254,158,Walker2d-v5,5603,Agente_1
201.79333972930908,162,757488,553.7174701208166,729.9879091946776,113.88227777792414,259.0285714285714,6.787303549050896e-05,0.0,0.99,0.4464076720095565,3753,0.5,0.99,0.018979453091950354,4.036287093162537,0.12350315366472517,-0.005183235928416252,9.162816878727504,0.018979453091950354,0.12350315366472517,4.036287093162537,1.0,6.787303549050896e-05,6.787303549050896e-05,0.0,0.4464076720095565,0.4464076720095565,0.0,0.99,0.99,0.0,0.0,0.0,0.0,0.0,0.525,40.55,56.400000000000006,1040.071,159,Walker2d-v5,5603,Agente_1
202.96985292434692,163,761248,574.1548722112169,729.9879091946776,113.88227777792414,259.36206896551727,6.787303549050896e-05,0.0,0.99,0.4464076720095565,3753,0.5,0.99,0.020901008215670508,5.479979314122882,0.5915048888751439,0.010065546738249914,8.19256101335798,0.020901008215670508,0.5915048888751439,5.479979314122882,1.0,6.787303549050896e-05,6.787303549050896e-05,0.0,0.4464076720095565,0.4464076720095565,0.0,0.99,0.99,0.0,0.0,0.0,0.0,0.0,0.18,45.1,56.9,1065.567,160,Walker2d-v5,5603,Agente_1
203.8921821117401,164,765008,582.9433779110504,787.3230307590661,113.88227777792414,265.92537313432837,6.787303549050896e-05,0.0,0.99,0.4464076720095565,3753,0.5,0.99,0.018951208128211355,4.726216176577977,0.5823854310171944,-0.021895365922578743,9.091902460370745,0.018951208128211355,0.5823854310171944,4.726216176577977,1.0,6.787303549050896e-05,6.787303549050896e-05,0.0,0.4464076720095565,0.4464076720095565,0.0,0.99,0.99,0.0,0.0,0.0,0.0,0.0,0.98,31.9,57.0,1039.692,161,Walker2d-v5,5603,Agente_1
205.01818013191223,165,768768,584.3382735019646,787.3230307590661,113.88227777792414,265.35632183908046,6.787303549050896e-05,0.0,0.99,0.4464076720095565,3753,0.5,0.99,0.013110771140366394,4.648706153460911,0.4966021750654493,0.01612082730446543,8.258744532721384,0.013110771140366394,0.4966021750654493,4.648706153460911,1.0,6.787303549050896e-05,6.787303549050896e-05,0.0,0.4464076720095565,0.4464076720095565,0.0,0.99,0.99,0.0,0.0,0.0,0.0,0.0,0.615,41.05,56.95,1050.203,162,Walker2d-v5,5603,Agente_1
206.0900902748108,166,772528,588.3771013590456,829.8610850671649,113.88227777792414,266.28125,6.787303549050896e-05,0.0,0.99,0.4464076720095565,3753,0.5,0.99,0.009553243600333059,5.485987676892962,0.31808368137904575,-0.04071437381207943,8.331813335418701,0.009553243600333059,0.31808368137904575,5.485987676892962,1.0,6.787303549050896e-05,6.787303549050896e-05,0.0,0.4464076720095565,0.4464076720095565,0.0,0.99,0.99,0.0,0.0,0.0,0.0,0.0,0.89,38.55,57.05,1051.769,163,Walker2d-v5,5603,Agente_1
207.15095472335815,167,776288,593.2656850064911,829.8610850671649,113.88227777792414,268.65,6.787303549050896e-05,0.0,0.99,0.4464076720095565,3753,0.5,0.99,0.00655753443211974,5.643530171258109,0.7682554824011666,-0.0207678028515407,8.360893038340977,0.00655753443211974,0.7682554824011666,5.643530171258109,1.0,6.787303549050896e-05,6.787303549050896e-05,0.0,0.4464076720095565,0.4464076720095565,0.0,0.99,0.99,0.0,0.0,0.0,0.0,0.0,0.82,34.2,57.1,1051.281,164,Walker2d-v5,5603,Agente_1
208.34298515319824,168,780048,586.541202304865,829.8610850671649,113.88227777792414,268.33,6.787303549050896e-05,0.0,0.99,0.4464076720095565,3753,0.5,0.99,0.00787820516062701,5.702801479612078,0.6871335055146899,0.0068116519999291214,8.492483718054634,0.00787820516062701,0.6871335055146899,5.702801479612078,1.0,6.787303549050896e-05,6.787303549050896e-05,0.0,0.4464076720095565,0.4464076720095565,0.0,0.99,0.99,0.0,0.0,0.0,0.0,0.0,0.925,37.55,57.2,1064.332,165,Walker2d-v5,5603,Agente_1
209.227783203125,169,783808,586.9500853748754,829.8610850671649,209.68861611348615,265.26,6.787303549050896e-05,0.0,0.99,0.4464076720095565,3753,0.5,0.99,0.017407236404557935,4.302068821021488,0.537127697467804,0.011383743264845439,8.571484354564122,0.017407236404557935,0.537127697467804,4.302068821021488,1.0,6.787303549050896e-05,6.787303549050896e-05,0.0,0.4464076720095565,0.4464076720095565,0.0,0.99,0.99,0.0,0.0,0.0,0.0,0.0,0.96,41.8,57.2,1040.51,166,Walker2d-v5,5603,Agente_1
210.14917540550232,170,787568,586.5122590006745,829.8610850671649,209.68861611348615,264.94,6.787303549050896e-05,0.0,0.99,0.4464076720095565,3753,0.5,0.99,0.006486286066683533,5.103854806082589,0.5452052508081708,-0.045670940394380265,8.414277914592198,0.006486286066683533,0.5452052508081708,5.103854806082589,1.0,6.787303549050896e-05,6.787303549050896e-05,0.0,0.4464076720095565,0.4464076720095565,0.0,0.99,0.99,0.0,0.0,0.0,0.0,0.0,0.18,40.3,57.2,1038.506,167,Walker2d-v5,5603,Agente_1
211.24074149131775,171,791328,578.5927222410722,829.8610850671649,133.5349466443469,259.51,6.787303549050896e-05,0.0,0.99,0.4464076720095565,3753,0.5,0.99,0.010877300968630672,4.946841597557068,0.5288623784269605,-0.02429755037384374,7.935942452294486,0.010877300968630672,0.5288623784269605,4.946841597557068,1.0,6.787303549050896e-05,6.787303549050896e-05,0.0,0.4464076720095565,0.4464076720095565,0.0,0.99,0.99,0.0,0.0,0.0,0.0,0.0,0.98,40.4,57.2,1051.482,168,Walker2d-v5,5603,Agente_1
212.19342851638794,172,795088,572.3923954839559,829.8610850671649,133.5349466443469,257.07,6.787303549050896e-05,0.0,0.99,0.4464076720095565,3753,0.5,0.99,0.0055655886848269024,5.970102310180664,0.6438332787581853,0.0017831692738192423,8.539746291296822,0.0055655886848269024,0.6438332787581853,5.970102310180664,1.0,6.787303549050896e-05,6.787303549050896e-05,0.0,0.4464076720095565,0.4464076720095565,0.0,0.99,0.99,0.0,0.0,0.0,0.0,0.0,0.99,31.3,57.1,1028.75,169,Walker2d-v5,5603,Agente_1
213.14427947998047,173,798848,566.9752394894201,769.1980031828283,133.5349466443469,254.72,6.787303549050896e-05,0.0,0.99,0.4464076720095565,3753,0.5,0.99,0.00936836371251307,5.266877719334194,0.660544056551797,-0.033567057177424434,8.052706834248134,0.00936836371251307,0.660544056551797,5.266877719334194,1.0,6.787303549050896e-05,6.787303549050896e-05,0.0,0.4464076720095565,0.4464076720095565,0.0,0.99,0.99,0.0,0.0,0.0,0.0,0.0,0.585,36.95,57.150000000000006,1006.036,170,Walker2d-v5,5603,Agente_1
214.3310444355011,174,802608,566.7945288720782,769.1980031828283,133.5349466443469,255.91,6.787303549050896e-05,0.0,0.99,0.4464076720095565,3753,0.5,0.99,0.0067538990751797555,5.198884463310241,0.6382749429770879,0.0001204244260277067,8.180249493462698,0.0067538990751797555,0.6382749429770879,5.198884463310241,1.0,6.787303549050896e-05,6.787303549050896e-05,0.0,0.4464076720095565,0.4464076720095565,0.0,0.99,0.99,0.0,0.0,0.0,0.0,0.0,0.98,47.8,57.0,1032.477,171,Walker2d-v5,5603,Agente_1
215.30748867988586,175,806368,570.8846040970038,769.1980031828283,133.5349466443469,252.5,6.787303549050896e-05,0.0,0.99,0.4464076720095565,3753,0.5,0.99,0.012127393785340246,5.282128282955715,0.6882503381797246,-0.019029499590396882,8.40953790800912,0.012127393785340246,0.6882503381797246,5.282128282955715,1.0,6.787303549050896e-05,6.787303549050896e-05,0.0,0.4464076720095565,0.4464076720095565,0.0,0.99,0.99,0.0,0.0,0.0,0.0,0.0,0.8,35.95,57.05,1017.397,172,Walker2d-v5,5603,Agente_1
216.4415352344513,176,810128,578.155686263269,769.1980031828283,133.5349466443469,254.3,6.787303549050896e-05,0.0,0.99,0.4464076720095565,3753,0.5,0.99,0.005422575818790522,5.255339281899588,0.7089844380106245,-0.009300198778510094,8.528213923318045,0.005422575818790522,0.7089844380106245,5.255339281899588,1.0,6.787303549050896e-05,6.787303549050896e-05,0.0,0.4464076720095565,0.4464076720095565,0.0,0.99,0.99,0.0,0.0,0.0,0.0,0.0,0.91,44.3,56.9,1023.576,173,Walker2d-v5,5603,Agente_1
217.21697402000427,177,813888,578.704994954855,865.2273438597639,133.5349466443469,257.11,6.787303549050896e-05,0.0,0.99,0.4464076720095565,3753,0.5,0.99,0.015413034081601447,4.49405654839107,0.5486105918884278,-0.0002963559968130929,8.450613273893083,0.015413034081601447,0.5486105918884278,4.49405654839107,1.0,6.787303549050896e-05,6.787303549050896e-05,0.0,0.4464076720095565,0.4464076720095565,0.0,0.99,0.99,0.0,0.0,0.0,0.0,0.0,0.27,29.7,56.8,995.037,174,Walker2d-v5,5603,Agente_1
218.1634659767151,178,817648,582.8882627467004,865.2273438597639,144.3807557926784,258.01,6.787303549050896e-05,0.0,0.99,0.4464076720095565,3753,0.5,0.99,0.012016650728712972,4.4877659048352925,0.5697239475590842,-0.016637019919497627,8.594252211706978,0.012016650728712972,0.5697239475590842,4.4877659048352925,1.0,6.787303549050896e-05,6.787303549050896e-05,0.0,0.4464076720095565,0.4464076720095565,0.0,0.99,0.99,0.0,0.0,0.0,0.0,0.0,0.595,37.75,56.849999999999994,970.255,175,Walker2d-v5,5603,Agente_1
219.3708324432373,179,821408,587.6079138213815,865.2273438597639,144.3807557926784,257.85,6.787303549050896e-05,0.0,0.99,0.4464076720095565,3753,0.5,0.99,0.007297898174809753,4.8667517798287525,0.631793063879013,0.006294596088784081,7.959022917066302,0.007297898174809753,0.631793063879013,4.8667517798287525,1.0,6.787303549050896e-05,6.787303549050896e-05,0.0,0.4464076720095565,0.4464076720095565,0.0,0.99,0.99,0.0,0.0,0.0,0.0,0.0,0.99,55.1,56.8,1002.21,176,Walker2d-v5,5603,Agente_1
220.47007632255554,180,825168,587.395577245873,865.2273438597639,158.55193702493705,257.13,6.787303549050896e-05,0.0,0.99,0.4464076720095565,3753,0.5,0.99,0.008185726378178515,5.724949714115688,0.6883675626346043,-0.010925090286348547,7.7088457993098665,0.008185726378178515,0.6883675626346043,5.724949714115688,1.0,6.787303549050896e-05,6.787303549050896e-05,0.0,0.4464076720095565,0.4464076720095565,0.0,0.99,0.99,0.0,0.0,0.0,0.0,0.0,0.17,36.4,56.8,1020.472,177,Walker2d-v5,5603,Agente_1
221.4754662513733,181,828928,583.5360534732139,865.2273438597639,158.55193702493705,253.97,6.787303549050896e-05,0.0,0.99,0.4464076720095565,3753,0.5,0.99,0.007067256679563018,5.37005500793457,0.6485933193138668,-0.015661767976624625,7.829086766924177,0.007067256679563018,0.6485933193138668,5.37005500793457,1.0,6.787303549050896e-05,6.787303549050896e-05,0.0,0.4464076720095565,0.4464076720095565,0.0,0.99,0.99,0.0,0.0,0.0,0.0,0.0,0.94,33.1,56.7,1011.626,178,Walker2d-v5,5603,Agente_1
222.36226892471313,182,832688,580.2780470865521,865.2273438597639,158.55193702493705,253.7,6.787303549050896e-05,0.0,0.99,0.4464076720095565,3753,0.5,0.99,0.006793132366640618,5.860134083884103,0.7625934285776955,-0.051886376685329846,8.000266756330218,0.006793132366640618,0.7625934285776955,5.860134083884103,1.0,6.787303549050896e-05,6.787303549050896e-05,0.0,0.4464076720095565,0.4464076720095565,0.0,0.99,0.99,0.0,0.0,0.0,0.0,0.0,0.5599999999999999,36.95,56.8,1004.865,179,Walker2d-v5,5603,Agente_1
223.3790557384491,183,836448,578.7240848408501,865.2273438597639,158.55193702493705,255.17,6.787303549050896e-05,0.0,0.99,0.4464076720095565,3753,0.5,0.99,0.012839850242016837,5.214751754488264,0.6486080271857125,-0.013357104600540229,8.297464309419905,0.012839850242016837,0.6486080271857125,5.214751754488264,1.0,6.787303549050896e-05,6.787303549050896e-05,0.0,0.4464076720095565,0.4464076720095565,0.0,0.99,0.99,0.0,0.0,0.0,0.0,0.0,0.88,39.4,56.7,1011.104,180,Walker2d-v5,5603,Agente_1
224.5400927066803,184,840208,580.0203983616838,807.0397116923588,158.55193702493705,254.21,6.787303549050896e-05,0.0,0.99,0.4464076720095565,3753,0.5,0.99,0.007867937093085078,5.652932977676391,0.6751817728791918,0.006261982449463435,7.83513035774231,0.007867937093085078,0.6751817728791918,5.652932977676391,1.0,6.787303549050896e-05,6.787303549050896e-05,0.0,0.4464076720095565,0.4464076720095565,0.0,0.99,0.99,0.0,0.0,0.0,0.0,0.0,0.815,38.0,56.7,1008.552,181,Walker2d-v5,5603,Agente_1
225.87363409996033,185,843968,580.8777117069278,807.0397116923588,158.55193702493705,254.95,6.787303549050896e-05,0.0,0.99,0.4464076720095565,3753,0.5,0.99,0.005365667927253526,5.842624534879412,0.7348329152379717,-0.022554561070033483,8.33778886795044,0.005365667927253526,0.7348329152379717,5.842624534879412,1.0,6.787303549050896e-05,6.787303549050896e-05,0.0,0.4464076720095565,0.4464076720095565,0.0,0.99,0.99,0.0,0.0,0.0,0.0,0.0,0.59,37.35,56.6,1044.278,182,Walker2d-v5,5603,Agente_1
226.98810124397278,186,847728,577.4211575423365,807.0397116923588,158.55193702493705,255.92,6.787303549050896e-05,0.0,0.99,0.4464076720095565,3753,0.5,0.99,0.00804855997661694,5.61211404800415,0.6650048409189496,0.023435063074742045,8.203390645980836,0.00804855997661694,0.6650048409189496,5.61211404800415,1.0,6.787303549050896e-05,6.787303549050896e-05,0.0,0.4464076720095565,0.4464076720095565,0.0,0.99,0.99,0.0,0.0,0.0,0.0,0.0,0.96,46.1,56.7,1042.365,183,Walker2d-v5,5603,Agente_1
227.95761799812317,187,851488,578.2178412885191,807.0397116923588,156.55573024504443,256.75,6.787303549050896e-05,0.0,0.99,0.4464076720095565,3753,0.5,0.99,0.0059360677561406715,5.740200192587716,0.48561332992144995,-0.0029133377862828116,8.316645329339163,0.0059360677561406715,0.48561332992144995,5.740200192587716,1.0,6.787303549050896e-05,6.787303549050896e-05,0.0,0.4464076720095565,0.4464076720095565,0.0,0.99,0.99,0.0,0.0,0.0,0.0,0.0,0.495,35.85,56.7,1061.812,184,Walker2d-v5,5603,Agente_1
228.85164999961853,188,855248,584.3845275966901,807.0397116923588,156.55573024504443,259.47,6.787303549050896e-05,0.0,0.99,0.4464076720095565,3753,0.5,0.99,0.007309875319957168,5.359001902171544,0.6801772594451905,-0.008124134583132608,8.571963964189802,0.007309875319957168,0.6801772594451905,5.359001902171544,1.0,6.787303549050896e-05,6.787303549050896e-05,0.0,0.4464076720095565,0.4464076720095565,0.0,0.99,0.99,0.0,0.0,0.0,0.0,0.0,0.81,31.6,56.7,1056.543,185,Walker2d-v5,5603,Agente_1
229.9671187400818,189,859008,581.9439960757022,807.0397116923588,156.55573024504443,259.17,6.787303549050896e-05,0.0,0.99,0.4464076720095565,3753,0.5,0.99,0.005884683556905657,6.053126314708165,0.7157283442361014,-0.02645423784852028,8.247993585041591,0.005884683556905657,0.7157283442361014,6.053126314708165,1.0,6.787303549050896e-05,6.787303549050896e-05,0.0,0.4464076720095565,0.4464076720095565,0.0,0.99,0.99,0.0,0.0,0.0,0.0,0.0,0.6,35.95,56.7,1047.657,186,Walker2d-v5,5603,Agente_1
230.81947994232178,190,862768,576.7381157194764,807.0397116923588,156.55573024504443,256.58,6.787303549050896e-05,0.0,0.99,0.4464076720095565,3753,0.5,0.99,0.015609923290042259,5.684292244911194,0.47304928813661845,-0.009432390864406313,8.253624255316598,0.015609923290042259,0.47304928813661845,5.684292244911194,1.0,6.787303549050896e-05,6.787303549050896e-05,0.0,0.4464076720095565,0.4464076720095565,0.0,0.99,0.99,0.0,0.0,0.0,0.0,0.0,0.08,24.7,51.2,1022.554,187,Walker2d-v5,5603,Agente_1
231.62453770637512,191,866528,576.4553834337036,789.5663256449214,156.55573024504443,256.35,6.787303549050896e-05,0.0,0.99,0.4464076720095565,3753,0.5,0.99,0.0063818320942248515,5.067690787996565,0.7236573483262744,0.008877931269151824,8.638131468636649,0.0063818320942248515,0.7236573483262744,5.067690787996565,1.0,6.787303549050896e-05,6.787303549050896e-05,0.0,0.4464076720095565,0.4464076720095565,0.0,0.99,0.99,0.0,0.0,0.0,0.0,0.0,0.25,33.4,48.5,1002.51,188,Walker2d-v5,5603,Agente_1
232.72777128219604,192,870288,569.7040513604201,790.5587854185,156.55573024504443,253.47,6.787303549050896e-05,0.0,0.99,0.4464076720095565,3753,0.5,0.99,0.006362063452460071,6.988667801448277,0.6968553798539298,-0.01988996977784804,7.938874673843384,0.006362063452460071,0.6968553798539298,6.988667801448277,1.0,6.787303549050896e-05,6.787303549050896e-05,0.0,0.4464076720095565,0.4464076720095565,0.0,0.99,0.99,0.0,0.0,0.0,0.0,0.0,0.9099999999999999,36.95,48.95,1024.282,189,Walker2d-v5,5603,Agente_1
233.83856463432312,193,874048,565.698602103351,790.5587854185,141.35311075113862,253.75,6.787303549050896e-05,0.0,0.99,0.4464076720095565,3753,0.5,0.99,0.006612760584747386,5.017851993015834,0.5998721565519061,-0.009738120223794665,8.657781117303031,0.006612760584747386,0.5998721565519061,5.017851993015834,1.0,6.787303549050896e-05,6.787303549050896e-05,0.0,0.4464076720095565,0.4464076720095565,0.0,0.99,0.99,0.0,0.0,0.0,0.0,0.0,0.95,47.7,51.4,1033.73,190,Walker2d-v5,5603,Agente_1
234.96125030517578,194,877808,569.7466456278559,800.6525401602038,141.35311075113862,255.11,6.787303549050896e-05,0.0,0.99,0.4464076720095565,3753,0.5,0.99,0.014854408163020187,6.140892703192574,0.5341969192028045,-0.026801129310790983,8.034110403060913,0.014854408163020187,0.5341969192028045,6.140892703192574,1.0,6.787303549050896e-05,6.787303549050896e-05,0.0,0.4464076720095565,0.4464076720095565,0.0,0.99,0.99,0.0,0.0,0.0,0.0,0.0,0.495,45.25,53.2,1029.68,191,Walker2d-v5,5603,Agente_1
235.8559296131134,195,881568,567.9505246985525,800.6525401602038,141.35311075113862,254.44,6.787303549050896e-05,0.0,0.99,0.4464076720095565,3753,0.5,0.99,0.0058139862442788265,5.469352521215167,0.6909464146409716,-0.01328074208327702,8.778461980819703,0.0058139862442788265,0.6909464146409716,5.469352521215167,1.0,6.787303549050896e-05,6.787303549050896e-05,0.0,0.4464076720095565,0.4464076720095565,0.0,0.99,0.99,0.0,0.0,0.0,0.0,0.0,0.2,41.0,54.6,986.344,192,Walker2d-v5,5603,Agente_1
236.68774676322937,196,885328,562.1875016925618,800.6525401602038,141.35311075113862,251.38,6.787303549050896e-05,0.0,0.99,0.4464076720095565,3753,0.5,0.99,0.006457586508310799,6.6270804064614435,0.7068705848285131,-0.020062391353505,7.431886121204921,0.006457586508310799,0.7068705848285131,6.6270804064614435,1.0,6.787303549050896e-05,6.787303549050896e-05,0.0,0.4464076720095565,0.4464076720095565,0.0,0.99,0.99,0.0,0.0,0.0,0.0,0.0,0.2,21.6,50.6,958.083,193,Walker2d-v5,5603,Agente_1
237.57746148109436,197,889088,559.4876177777934,800.6525401602038,141.35311075113862,251.39,6.787303549050896e-05,0.0,0.99,0.4464076720095565,3753,0.5,0.99,0.005910513804649652,5.92763340813773,0.7194982503141676,-0.03632128172154937,8.25777256829398,0.005910513804649652,0.7194982503141676,5.92763340813773,1.0,6.787303549050896e-05,6.787303549050896e-05,0.0,0.4464076720095565,0.4464076720095565,0.0,0.99,0.99,0.0,0.0,0.0,0.0,0.0,0.185,33.7,48.6,950.157,194,Walker2d-v5,5603,Agente_1
238.72608518600464,198,892848,561.2629709211493,800.6525401602038,141.35311075113862,253.42,6.787303549050896e-05,0.0,0.99,0.4464076720095565,3753,0.5,0.99,0.007296685900655575,6.152141032900129,0.80614829318864,-0.027773059638483182,8.06396325656346,0.007296685900655575,0.80614829318864,6.152141032900129,1.0,6.787303549050896e-05,6.787303549050896e-05,0.0,0.4464076720095565,0.4464076720095565,0.0,0.99,0.99,0.0,0.0,0.0,0.0,0.0,0.24,45.1,49.5,975.916,195,Walker2d-v5,5603,Agente_1
240.01094007492065,199,896608,558.5783054377065,800.6525401602038,141.35311075113862,251.38,6.787303549050896e-05,0.0,0.99,0.4464076720095565,3753,0.5,0.99,0.004103550117101154,6.02771759714399,0.725910244669233,-0.028756538006876196,8.504603760583061,0.004103550117101154,0.725910244669233,6.02771759714399,1.0,6.787303549050896e-05,6.787303549050896e-05,0.0,0.4464076720095565,0.4464076720095565,0.0,0.99,0.99,0.0,0.0,0.0,0.0,0.0,0.1366666666666667,38.46666666666667,52.46666666666667,992.722,196,Walker2d-v5,5603,Agente_1
241.00888323783875,200,900368,546.2310699883084,777.3320057097351,125.34746808569243,246.28,6.787303549050896e-05,0.0,0.99,0.4464076720095565,3753,0.5,0.99,0.009163856282508017,6.457360083716257,0.6794398444039481,-0.03697592525609902,7.551270083018712,0.009163856282508017,0.6794398444039481,6.457360083716257,1.0,6.787303549050896e-05,6.787303549050896e-05,0.0,0.4464076720095565,0.4464076720095565,0.0,0.99,0.99,0.0,0.0,0.0,0.0,0.0,0.18000000000000002,35.95,54.75,1007.35,197,Walker2d-v5,5603,Agente_1
242.04472661018372,201,904128,,,,,6.787303549050896e-05,0.0,0.99,0.4464076720095565,3753,0.5,0.99,0.005572067535832961,8.341982071740286,0.7546939935003009,-0.015244111897689955,6.568421152659825,0.005572067535832961,0.7546939935003009,8.341982071740286,1.0,6.787303549050896e-05,6.787303549050896e-05,0.0,0.4464076720095565,0.4464076720095565,0.0,0.99,0.99,0.0,0.0,0.0,0.0,0.0,0.25,19.15,54.2,1023.688,198,Walker2d-v5,5603,Agente_1
243.0246205329895,202,907888,490.5314764124252,577.9443558505708,422.53537358353134,216.25,6.787303549050896e-05,0.0,0.99,0.4464076720095565,3753,0.5,0.99,0.014401696513440193,2.9948621238980975,0.4274338824408395,-0.016646788588591983,9.192304311479841,0.014401696513440193,0.4274338824408395,2.9948621238980975,1.0,6.787303549050896e-05,6.787303549050896e-05,0.0,0.4464076720095565,0.4464076720095565,0.0,0.99,0.99,0.0,0.0,0.0,0.0,0.0,0.22,32.5,55.8,995.159,199,Walker2d-v5,5603,Agente_1
244.07223510742188,203,911648,598.9552274567773,750.3921107992837,422.53537358353134,259.0967741935484,6.787303549050896e-05,0.0,0.99,0.4464076720095565,3753,0.5,0.99,0.015963966877045876,6.2226848125457765,0.7429898262023926,-0.005731147594217743,7.343970646177019,0.015963966877045876,0.7429898262023926,6.2226848125457765,1.0,6.787303549050896e-05,6.787303549050896e-05,0.0,0.4464076720095565,0.4464076720095565,0.0,0.99,0.99,0.0,0.0,0.0,0.0,0.0,0.575,39.25,56.400000000000006,1008.151,200,Walker2d-v5,5603,Agente_1
245.1948766708374,204,915408,575.9388056138608,750.3921107992837,75.30923867213646,252.225,6.787303549050896e-05,0.0,0.99,0.4464076720095565,3753,0.5,0.99,0.016485387991633616,4.30874638898032,0.42390209691865105,0.0018567479082516262,8.426002243586948,0.016485387991633616,0.42390209691865105,4.30874638898032,1.0,6.787303549050896e-05,6.787303549050896e-05,0.0,0.4464076720095565,0.4464076720095565,0.0,0.99,0.99,0.0,0.0,0.0,0.0,0.0,0.99,43.2,56.9,1033.401,201,Walker2d-v5,5603,Agente_1
246.39589929580688,205,919168,588.9607688822367,750.3921107992837,75.30923867213646,256.26785714285717,6.787303549050896e-05,0.0,0.99,0.4464076720095565,3753,0.5,0.99,0.04766700984743823,5.196574466569083,0.30425824097224646,0.021929959686739105,8.113835975102015,0.04766700984743823,0.30425824097224646,5.196574466569083,1.0,6.787303549050896e-05,6.787303549050896e-05,0.0,0.4464076720095565,0.4464076720095565,0.0,0.99,0.99,0.0,0.0,0.0,0.0,0.0,0.895,36.45,57.0,1064.261,202,Walker2d-v5,5603,Agente_1
247.33686351776123,206,922928,598.4581194281466,750.3921107992837,75.30923867213646,262.5735294117647,6.787303549050896e-05,0.0,0.99,0.4464076720095565,3753,0.5,0.99,0.02324285295991493,4.90945109299251,0.23537464567593167,0.01463321984878608,8.128239025388446,0.02324285295991493,0.23537464567593167,4.90945109299251,1.0,6.787303549050896e-05,6.787303549050896e-05,0.0,0.4464076720095565,0.4464076720095565,0.0,0.99,0.99,0.0,0.0,0.0,0.0,0.0,0.6,37.75,57.1,1042.307,203,Walker2d-v5,5603,Agente_1
248.5148618221283,207,926688,594.9143450538293,750.3921107992837,75.30923867213646,261.79761904761904,6.787303549050896e-05,0.0,0.99,0.4464076720095565,3753,0.5,0.99,0.009243727636411287,5.132369351387024,0.6299465647765569,0.027930421275751932,8.274214819499425,0.009243727636411287,0.6299465647765569,5.132369351387024,1.0,6.787303549050896e-05,6.787303549050896e-05,0.0,0.4464076720095565,0.4464076720095565,0.0,0.99,0.99,0.0,0.0,0.0,0.0,0.0,0.12,50.5,57.1,1059.977,204,Walker2d-v5,5603,Agente_1
249.55584692955017,208,930448,593.2469798729938,750.3921107992837,75.30923867213646,260.8484848484849,6.787303549050896e-05,0.0,0.99,0.4464076720095565,3753,0.5,0.99,0.010802511100493056,5.3678670576640535,0.45150930370603287,0.011701501533389091,8.003390714100428,0.010802511100493056,0.45150930370603287,5.3678670576640535,1.0,6.787303549050896e-05,6.787303549050896e-05,0.0,0.4464076720095565,0.4464076720095565,0.0,0.99,0.99,0.0,0.0,0.0,0.0,0.0,0.8,36.2,57.1,1056.201,205,Walker2d-v5,5603,Agente_1
250.5847203731537,209,934208,596.5382313653155,750.3921107992837,75.30923867213646,262.39,6.787303549050896e-05,0.0,0.99,0.4464076720095565,3753,0.5,0.99,0.012139120737888984,5.320294448307583,0.5708298436232976,0.0012237447180918285,8.370778914860317,0.012139120737888984,0.5708298436232976,5.320294448307583,1.0,6.787303549050896e-05,6.787303549050896e-05,0.0,0.4464076720095565,0.4464076720095565,0.0,0.99,0.99,0.0,0.0,0.0,0.0,0.0,0.64,39.1,57.0,1052.197,206,Walker2d-v5,5603,Agente_1
251.84656238555908,210,937968,593.2882600600534,750.3921107992837,75.30923867213646,261.73,6.787303549050896e-05,0.0,0.99,0.4464076720095565,3753,0.5,0.99,0.007914250133775827,5.715059586933681,0.560238448211125,-0.03380382539970534,7.922415999003819,0.007914250133775827,0.560238448211125,5.715059586933681,1.0,6.787303549050896e-05,6.787303549050896e-05,0.0,0.4464076720095565,0.4464076720095565,0.0,0.99,0.99,0.0,0.0,0.0,0.0,0.0,0.93,37.95,56.95,1072.044,207,Walker2d-v5,5603,Agente_1
253.0274624824524,211,941728,597.3147356101495,775.1122385815786,380.7442699842914,262.24,6.787303549050896e-05,0.0,0.99,0.4464076720095565,3753,0.5,0.99,0.009473706438867729,5.602261056218828,0.5971765867301396,-0.019531214982271193,8.272619138445172,0.009473706438867729,0.5971765867301396,5.602261056218828,1.0,6.787303549050896e-05,6.787303549050896e-05,0.0,0.4464076720095565,0.4464076720095565,0.0,0.99,0.99,0.0,0.0,0.0,0.0,0.0,0.84,39.65,56.95,1086.466,208,Walker2d-v5,5603,Agente_1
253.9333348274231,212,945488,594.345189863217,775.1122385815786,380.7442699842914,261.9,6.787303549050896e-05,0.0,0.99,0.4464076720095565,3753,0.5,0.99,0.007747085462532206,5.623899061339242,0.5060956137520927,0.0115884626816426,7.811226408822196,0.007747085462532206,0.5060956137520927,5.623899061339242,1.0,6.787303549050896e-05,6.787303549050896e-05,0.0,0.4464076720095565,0.4464076720095565,0.0,0.99,0.99,0.0,0.0,0.0,0.0,0.0,0.94,35.3,56.8,1079.335,209,Walker2d-v5,5603,Agente_1
254.9508514404297,213,949248,594.0821490590615,777.0360609257601,380.7442699842914,260.01,6.787303549050896e-05,0.0,0.99,0.4464076720095565,3753,0.5,0.99,0.00821490273488702,4.88895218031747,0.424839232649122,-0.011800146794744901,8.3475932938712,0.00821490273488702,0.424839232649122,4.88895218031747,1.0,6.787303549050896e-05,6.787303549050896e-05,0.0,0.4464076720095565,0.4464076720095565,0.0,0.99,0.99,0.0,0.0,0.0,0.0,0.0,0.94,40.2,56.9,1076.651,210,Walker2d-v5,5603,Agente_1
255.84485793113708,214,953008,600.6999797298786,777.0360609257601,380.7442699842914,261.66,6.787303549050896e-05,0.0,0.99,0.4464076720095565,3753,0.5,0.99,0.015525685276121035,5.774439457484654,0.4176424903529031,-0.0348658949136734,8.17531418800354,0.015525685276121035,0.4176424903529031,5.774439457484654,1.0,6.787303549050896e-05,6.787303549050896e-05,0.0,0.4464076720095565,0.4464076720095565,0.0,0.99,0.99,0.0,0.0,0.0,0.0,0.0,0.9199999999999999,37.45,56.849999999999994,1053.798,211,Walker2d-v5,5603,Agente_1
256.8528039455414,215,956768,601.0317954292146,777.0360609257601,419.716196581136,263.88,6.787303549050896e-05,0.0,0.99,0.4464076720095565,3753,0.5,0.99,0.011635387841878193,5.441092579705375,0.5497992387839726,-0.011159656941890717,8.542172186715263,0.011635387841878193,0.5497992387839726,5.441092579705375,1.0,6.787303549050896e-05,6.787303549050896e-05,0.0,0.4464076720095565,0.4464076720095565,0.0,0.99,0.99,0.0,0.0,0.0,0.0,0.0,0.95,37.3,57.0,1034.825,212,Walker2d-v5,5603,Agente_1
257.72020173072815,216,960528,603.6813033607737,777.0360609257601,407.6715998500405,266.79,6.787303549050896e-05,0.0,0.99,0.4464076720095565,3753,0.5,0.99,0.013956956277408089,5.581020297322954,0.586244649546487,-0.010129055646913392,8.0779196534838,0.013956956277408089,0.586244649546487,5.581020297322954,1.0,6.787303549050896e-05,6.787303549050896e-05,0.0,0.4464076720095565,0.4464076720095565,0.0,0.99,0.99,0.0,0.0,0.0,0.0,0.0,0.95,36.6,56.9,1027.336,213,Walker2d-v5,5603,Agente_1
258.6038796901703,217,964288,595.4600939432776,777.0360609257601,144.93441771749607,266.16,6.787303549050896e-05,0.0,0.99,0.4464076720095565,3753,0.5,0.99,0.005750719433048549,6.395726067679269,0.7184555820056371,-0.02490034635577883,7.877116673333305,0.005750719433048549,0.7184555820056371,6.395726067679269,1.0,6.787303549050896e-05,6.787303549050896e-05,0.0,0.4464076720095565,0.4464076720095565,0.0,0.99,0.99,0.0,0.0,0.0,0.0,0.0,0.24,25.9,51.3,998.205,214,Walker2d-v5,5603,Agente_1
259.3973524570465,218,968048,592.0461797908226,777.0360609257601,144.93441771749607,264.89,6.787303549050896e-05,0.0,0.99,0.4464076720095565,3753,0.5,0.99,0.013211332495393436,5.279113282476152,0.380965017420905,0.01658712471170085,8.309117228644235,0.013211332495393436,0.380965017420905,5.279113282476152,1.0,6.787303549050896e-05,6.787303549050896e-05,0.0,0.4464076720095565,0.4464076720095565,0.0,0.99,0.99,0.0,0.0,0.0,0.0,0.0,0.19,31.25,41.1,973.803,215,Walker2d-v5,5603,Agente_1
260.19372057914734,219,971808,591.9840291399488,777.0360609257601,144.93441771749607,265.77,6.787303549050896e-05,0.0,0.99,0.4464076720095565,3753,0.5,0.99,0.011256701027741655,5.2864194733755925,0.4605253670896803,-0.009011908733685101,7.823449679783413,0.011256701027741655,0.4605253670896803,5.2864194733755925,1.0,6.787303549050896e-05,6.787303549050896e-05,0.0,0.4464076720095565,0.4464076720095565,0.0,0.99,0.99,0.0,0.0,0.0,0.0,0.0,0.21,28.6,40.3,950.325,216,Walker2d-v5,5603,Agente_1
261.1437976360321,220,975568,584.4568556084811,753.7147088235607,144.93441771749607,262.91,6.787303549050896e-05,0.0,0.99,0.4464076720095565,3753,0.5,0.99,0.03129089575396782,4.645709208079746,0.21199670774596077,0.025030585644500596,8.45732068334307,0.03129089575396782,0.21199670774596077,4.645709208079746,1.0,6.787303549050896e-05,6.787303549050896e-05,0.0,0.4464076720095565,0.4464076720095565,0.0,0.99,0.99,0.0,0.0,0.0,0.0,0.0,0.07,39.5,42.2,918.98,217,Walker2d-v5,5603,Agente_1
262.2393317222595,221,979328,582.2163066585622,753.7147088235607,144.93441771749607,261.05,6.787303549050896e-05,0.0,0.99,0.4464076720095565,3753,0.5,0.99,0.01403685806150991,6.226649379730224,0.5450619356972831,-0.013919901901057788,8.102393136705672,0.01403685806150991,0.5450619356972831,6.226649379730224,1.0,6.787303549050896e-05,6.787303549050896e-05,0.0,0.4464076720095565,0.4464076720095565,0.0,0.99,0.99,0.0,0.0,0.0,0.0,0.0,0.15,38.8,44.15,910.796,218,Walker2d-v5,5603,Agente_1
263.0916271209717,222,983088,591.0622748138078,781.6253793101969,144.93441771749607,263.04,6.787303549050896e-05,0.0,0.99,0.4464076720095565,3753,0.5,0.99,0.014814405890566767,5.512891210828509,-0.012674594776970999,-0.06409336794167757,8.547442831311907,0.014814405890566767,-0.012674594776970999,5.512891210828509,1.0,6.787303549050896e-05,6.787303549050896e-05,0.0,0.4464076720095565,0.4464076720095565,0.0,0.99,0.99,0.0,0.0,0.0,0.0,0.0,0.46,29.3,40.3,905.63,219,Walker2d-v5,5603,Agente_1
263.7703218460083,223,986848,580.2483668173036,781.6253793101969,144.93441771749607,261.43,6.787303549050896e-05,0.0,0.99,0.4464076720095565,3753,0.5,0.99,0.011803962085312897,5.72843142918178,0.4450258425303868,-0.013420818346951689,8.257931961332048,0.011803962085312897,0.4450258425303868,5.72843142918178,1.0,6.787303549050896e-05,6.787303549050896e-05,0.0,0.4464076720095565,0.4464076720095565,0.0,0.99,0.99,0.0,0.0,0.0,0.0,0.0,0.09,19.0,38.2,871.944,220,Walker2d-v5,5603,Agente_1
264.4655866622925,224,990608,585.1680905661416,781.6253793101969,164.15218268744445,261.64,6.787303549050896e-05,0.0,0.99,0.4464076720095565,3753,0.5,0.99,0.005876799752406571,6.115425147329058,0.46477380565234594,-0.011951606401375362,8.144481243406023,0.005876799752406571,0.46477380565234594,6.115425147329058,1.0,6.787303549050896e-05,6.787303549050896e-05,0.0,0.4464076720095565,0.4464076720095565,0.0,0.99,0.99,0.0,0.0,0.0,0.0,0.0,0.09,20.7,38.6,852.143,221,Walker2d-v5,5603,Agente_1
265.3108983039856,225,994368,599.2504340381021,911.0010588883742,164.15218268744445,267.53,6.787303549050896e-05,0.0,0.99,0.4464076720095565,3753,0.5,0.99,0.008680328705772159,4.8972377095903665,0.473966760294778,0.0265641663223505,8.036724758148193,0.008680328705772159,0.473966760294778,4.8972377095903665,1.0,6.787303549050896e-05,6.787303549050896e-05,0.0,0.4464076720095565,0.4464076720095565,0.0,0.99,0.99,0.0,0.0,0.0,0.0,0.0,0.25,33.2,39.4,835.915,222,Walker2d-v5,5603,Agente_1
266.4785587787628,226,998128,597.0756519607653,911.0010588883742,164.15218268744445,265.96,6.787303549050896e-05,0.0,0.99,0.4464076720095565,3753,0.5,0.99,0.010266541198542914,5.960279897281102,0.40940688507897516,-0.009200837782451085,8.238230868748255,0.010266541198542914,0.40940688507897516,5.960279897281102,1.0,6.787303549050896e-05,6.787303549050896e-05,0.0,0.4464076720095565,0.4464076720095565,0.0,0.99,0.99,0.0,0.0,0.0,0.0,0.0,0.23,34.95,40.0,865.493,223,Walker2d-v5,5603,Agente_1
267.48227548599243,227,1001888,597.8027430927131,1034.6823008367376,164.15218268744445,270.5,6.787303549050896e-05,0.0,0.99,0.4464076720095565,3753,0.5,0.99,0.006990116050084387,5.2458210400172645,0.5106268814631871,0.027928478749735013,8.151251370566232,0.006990116050084387,0.5106268814631871,5.2458210400172645,1.0,6.787303549050896e-05,6.787303549050896e-05,0.0,0.4464076720095565,0.4464076720095565,0.0,0.99,0.99,0.0,0.0,0.0,0.0,0.0,0.18,41.5,43.3,877.296,224,Walker2d-v5,5603,Agente_1
268.3974823951721,228,1005648,594.9983606685452,1034.6823008367376,164.15218268744445,271.51,6.787303549050896e-05,0.0,0.99,0.4464076720095565,3753,0.5,0.99,0.002979972054163227,6.356776605333601,0.6750152715614863,0.00676857339484351,8.569065162113734,0.002979972054163227,0.6750152715614863,6.356776605333601,1.0,6.787303549050896e-05,6.787303549050896e-05,0.0,0.4464076720095565,0.4464076720095565,0.0,0.99,0.99,0.0,0.0,0.0,0.0,0.0,0.84,32.0,44.6,889.039,225,Walker2d-v5,5603,Agente_1
269.34283566474915,229,1009408,,,,,6.787303549050896e-05,0.0,0.99,0.4464076720095565,3753,0.5,0.99,0.003069853866224731,8.392711380549839,0.7541937794004168,-0.033649233542382716,6.902312081200736,0.003069853866224731,0.7541937794004168,8.392711380549839,1.0,6.787303549050896e-05,6.787303549050896e-05,0.0,0.4464076720095565,0.4464076720095565,0.0,0.99,0.99,0.0,0.0,0.0,0.0,0.0,0.87,13.3,48.55,938.033,226,Walker2d-v5,5603,Agente_1
270.2794704437256,230,1013168,486.79606719029886,554.6688004699336,381.4239980043928,209.28571428571428,6.787303549050896e-05,0.0,0.99,0.4464076720095565,3753,0.5,0.99,0.019478108362402834,3.4520841411181857,0.08199022156851632,-0.0025912698890481678,8.99360066822597,0.019478108362402834,0.08199022156851632,3.4520841411181857,1.0,6.787303549050896e-05,6.787303549050896e-05,0.0,0.4464076720095565,0.4464076720095565,0.0,0.99,0.99,0.0,0.0,0.0,0.0,0.0,0.93,32.9,44.3,930.182,227,Walker2d-v5,5603,Agente_1
271.57841515541077,231,1016928,577.4589362011706,777.313524914824,381.4239980043928,258.26666666666665,6.787303549050896e-05,0.0,0.99,0.4464076720095565,3753,0.5,0.99,0.028670960953656635,6.347924644606454,0.4453596259866442,0.008851617574691772,7.36206704548427,0.028670960953656635,0.4453596259866442,6.347924644606454,1.0,6.787303549050896e-05,6.787303549050896e-05,0.0,0.4464076720095565,0.4464076720095565,0.0,0.99,0.99,0.0,0.0,0.0,0.0,0.0,0.235,42.650000000000006,42.150000000000006,1048.825,228,Walker2d-v5,5603,Agente_1
272.84206461906433,232,1020688,587.2412956792335,777.313524914824,381.4239980043928,266.030303030303,6.787303549050896e-05,0.0,0.99,0.4464076720095565,3753,0.5,0.99,0.024234262885875067,4.629244821412223,-0.16751812270709446,0.00506716011358159,9.024744306291852,0.024234262885875067,-0.16751812270709446,4.629244821412223,1.0,6.787303549050896e-05,6.787303549050896e-05,0.0,0.4464076720095565,0.4464076720095565,0.0,0.99,0.99,0.0,0.0,0.0,0.0,0.0,0.12,45.0,44.5,1099.814,229,Walker2d-v5,5603,Agente_1
273.7374393939972,233,1024448,591.1298707501038,777.313524914824,110.90527200922517,265.0344827586207,6.787303549050896e-05,0.0,0.99,0.4464076720095565,3753,0.5,0.99,0.014924817002611234,4.889176879610334,0.06403141617774963,-0.004046989658049175,8.066695540291922,0.014924817002611234,0.06403141617774963,4.889176879610334,1.0,6.787303549050896e-05,6.787303549050896e-05,0.0,0.4464076720095565,0.4464076720095565,0.0,0.99,0.99,0.0,0.0,0.0,0.0,0.0,0.21,31.7,45.9,1057.077,230,Walker2d-v5,5603,Agente_1
274.50293707847595,234,1028208,600.4020637551039,791.0906378775929,110.90527200922517,272.65625,6.787303549050896e-05,0.0,0.99,0.4464076720095565,3753,0.5,0.99,0.030992925753110155,4.707193868500846,0.19452827657972063,0.027585140402827946,8.08896976198469,0.030992925753110155,0.19452827657972063,4.707193868500846,1.0,6.787303549050896e-05,6.787303549050896e-05,0.0,0.4464076720095565,0.4464076720095565,0.0,0.99,0.99,0.0,0.0,0.0,0.0,0.0,0.21,19.6,46.5,1006.742,231,Walker2d-v5,5603,Agente_1
275.30846667289734,235,1031968,600.9997553142437,802.057612139784,110.90527200922517,270.1411764705882,6.787303549050896e-05,0.0,0.99,0.4464076720095565,3753,0.5,0.99,0.01710174158927527,5.269479622159685,0.39611622265407015,0.005215080295290266,7.86496502331325,0.01710174158927527,0.39611622265407015,5.269479622159685,1.0,6.787303549050896e-05,6.787303549050896e-05,0.0,0.4464076720095565,0.4464076720095565,0.0,0.99,0.99,0.0,0.0,0.0,0.0,0.0,0.42,19.2,47.4,976.349,232,Walker2d-v5,5603,Agente_1
276.320885181427,236,1035728,603.5257785492331,802.057612139784,110.90527200922517,271.03225806451616,6.787303549050896e-05,0.0,0.99,0.4464076720095565,3753,0.5,0.99,0.010501219705357862,5.71548683983939,0.4911532248769488,-0.03132033348083496,7.781876598085676,0.010501219705357862,0.4911532248769488,5.71548683983939,1.0,6.787303549050896e-05,6.787303549050896e-05,0.0,0.4464076720095565,0.4464076720095565,0.0,0.99,0.99,0.0,0.0,0.0,0.0,0.0,0.9299999999999999,28.299999999999997,48.4,979.144,233,Walker2d-v5,5603,Agente_1
277.1850197315216,237,1039488,616.5267231189182,802.057612139784,110.90527200922517,276.64,6.787303549050896e-05,0.0,0.99,0.4464076720095565,3753,0.5,0.99,0.006635207245458982,4.533983162471226,0.3539515325001308,-0.0013239261827298573,8.669321005684989,0.006635207245458982,0.3539515325001308,4.533983162471226,1.0,6.787303549050896e-05,6.787303549050896e-05,0.0,0.4464076720095565,0.4464076720095565,0.0,0.99,0.99,0.0,0.0,0.0,0.0,0.0,0.98,34.7,49.3,964.824,234,Walker2d-v5,5603,Agente_1
278.48217248916626,238,1043248,620.0592429154182,802.057612139784,110.90527200922517,275.38,6.787303549050896e-05,0.0,0.99,0.4464076720095565,3753,0.5,0.99,0.007317237408252757,6.720689078739711,0.6446069504533495,-0.012957172601350717,7.496645838873727,0.007317237408252757,0.6446069504533495,6.720689078739711,1.0,6.787303549050896e-05,6.787303549050896e-05,0.0,0.4464076720095565,0.4464076720095565,0.0,0.99,0.99,0.0,0.0,0.0,0.0,0.0,0.245,37.5,44.65,996.858,235,Walker2d-v5,5603,Agente_1
279.4817533493042,239,1047008,620.7080874036833,816.860227667513,110.90527200922517,276.09,6.787303549050896e-05,0.0,0.99,0.4464076720095565,3753,0.5,0.99,0.008099445450820244,4.081512924603054,0.266948562008994,-0.006866690729345594,8.81712236404419,0.008099445450820244,0.266948562008994,4.081512924603054,1.0,6.787303549050896e-05,6.787303549050896e-05,0.0,0.4464076720095565,0.4464076720095565,0.0,0.99,0.99,0.0,0.0,0.0,0.0,0.0,0.18,38.6,44.5,1001.775,236,Walker2d-v5,5603,Agente_1
280.35036611557007,240,1050768,627.3988518799971,816.860227667513,430.46387572022235,279.39,6.787303549050896e-05,0.0,0.99,0.4464076720095565,3753,0.5,0.99,0.009119440837093862,5.9947826862335205,0.3765608957835606,-0.001786038146487304,7.936417184557233,0.009119440837093862,0.3765608957835606,5.9947826862335205,1.0,6.787303549050896e-05,6.787303549050896e-05,0.0,0.4464076720095565,0.4464076720095565,0.0,0.99,0.99,0.0,0.0,0.0,0.0,0.0,0.11000000000000001,31.25,45.7,995.39,237,Walker2d-v5,5603,Agente_1
281.1100447177887,241,1054528,622.9446845712486,816.860227667513,416.2498704651224,274.63,6.787303549050896e-05,0.0,0.99,0.4464076720095565,3753,0.5,0.99,0.008386354775263628,5.157657933235169,0.21970451644488742,-0.01681952700018883,8.399300963538034,0.008386354775263628,0.21970451644488742,5.157657933235169,1.0,6.787303549050896e-05,6.787303549050896e-05,0.0,0.4464076720095565,0.4464076720095565,0.0,0.99,0.99,0.0,0.0,0.0,0.0,0.0,0.16,27.4,47.1,941.55,238,Walker2d-v5,5603,Agente_1
281.89430594444275,242,1058288,626.4095078846295,816.860227667513,416.2498704651224,274.51,6.787303549050896e-05,0.0,0.99,0.4464076720095565,3753,0.5,0.99,0.017754782118624593,5.222347576277596,0.47507619602339607,-0.004588067105838231,8.481650584084647,0.017754782118624593,0.47507619602339607,5.222347576277596,1.0,6.787303549050896e-05,6.787303549050896e-05,0.0,0.4464076720095565,0.4464076720095565,0.0,0.99,0.99,0.0,0.0,0.0,0.0,0.0,0.16,20.8,47.4,893.217,239,Walker2d-v5,5603,Agente_1
282.8385088443756,243,1062048,,,,,6.787303549050896e-05,0.0,0.99,0.4464076720095565,3753,0.5,0.99,0.002005507472704345,8.439247608184814,0.8057202168873379,-0.004529821872711182,6.05415220941816,0.002005507472704345,0.8057202168873379,8.439247608184814,1.0,6.787303549050896e-05,6.787303549050896e-05,0.0,0.4464076720095565,0.4464076720095565,0.0,0.99,0.99,0.0,0.0,0.0,0.0,0.0,0.34,11.95,45.2,936.185,240,Walker2d-v5,5603,Agente_1
283.56783270835876,244,1065808,452.88143907016814,573.0489764293816,156.12514621280826,211.27272727272728,6.787303549050896e-05,0.0,0.99,0.4464076720095565,3753,0.5,0.99,0.009943829731206019,3.5439099618366785,0.26961388673101155,-0.06691093370318413,9.229752104622976,0.009943829731206019,0.26961388673101155,3.5439099618366785,1.0,6.787303549050896e-05,6.787303549050896e-05,0.0,0.4464076720095565,0.4464076720095565,0.0,0.99,0.99,0.0,0.0,0.0,0.0,0.0,0.86,21.4,40.8,827.517,241,Walker2d-v5,5603,Agente_1
285.0149042606354,245,1069568,541.502659739171,691.733678930278,156.12514621280826,244.59375,6.787303549050896e-05,0.0,0.99,0.4464076720095565,3753,0.5,0.99,0.011952105381013618,6.976703929901123,0.5431157912526812,-0.0074108048209122245,7.622632462637765,0.011952105381013618,0.5431157912526812,6.976703929901123,1.0,6.787303549050896e-05,6.787303549050896e-05,0.0,0.4464076720095565,0.4464076720095565,0.0,0.99,0.99,0.0,0.0,0.0,0.0,0.0,0.22,39.3,42.15,1029.125,242,Walker2d-v5,5603,Agente_1
286.534556388855,246,1073328,544.4141032577579,691.733678930278,156.12514621280826,240.92857142857142,6.787303549050896e-05,0.0,0.99,0.4464076720095565,3753,0.5,0.99,0.011685657736338076,3.9224883999143327,0.08953226804733276,-0.009351335226425103,8.845322343281337,0.011685657736338076,0.08953226804733276,3.9224883999143327,1.0,6.787303549050896e-05,6.787303549050896e-05,0.0,0.4464076720095565,0.4464076720095565,0.0,0.99,0.99,0.0,0.0,0.0,0.0,0.0,0.175,45.849999999999994,44.6,1148.61,243,Walker2d-v5,5603,Agente_1
287.36364555358887,247,1077088,571.5864669613559,760.173083765906,156.12514621280826,250.4516129032258,6.787303549050896e-05,0.0,0.99,0.4464076720095565,3753,0.5,0.99,0.005671967753940927,6.820705359322684,0.8258039951324463,-0.008342887341443981,7.394886016845703,0.005671967753940927,0.8258039951324463,6.820705359322684,1.0,6.787303549050896e-05,6.787303549050896e-05,0.0,0.4464076720095565,0.4464076720095565,0.0,0.99,0.99,0.0,0.0,0.0,0.0,0.0,0.29,39.0,46.0,1083.117,244,Walker2d-v5,5603,Agente_1
288.1192190647125,248,1080848,573.121045887804,760.173083765906,156.12514621280826,251.63235294117646,6.787303549050896e-05,0.0,0.99,0.4464076720095565,3753,0.5,0.99,0.012590089215414732,4.610737376553672,0.20087734035083227,-0.0011646825021931102,8.477844401768275,0.012590089215414732,0.20087734035083227,4.610737376553672,1.0,6.787303549050896e-05,6.787303549050896e-05,0.0,0.4464076720095565,0.4464076720095565,0.0,0.99,0.99,0.0,0.0,0.0,0.0,0.0,0.29,19.65,47.0,1027.03,245,Walker2d-v5,5603,Agente_1
288.97005343437195,249,1084608,579.9065344880125,760.173083765906,156.12514621280826,253.0989010989011,6.787303549050896e-05,0.0,0.99,0.4464076720095565,3753,0.5,0.99,0.01384941235862373,4.85588640485491,0.3185888971601214,-0.019285009827997003,7.6674894469124935,0.01384941235862373,0.3185888971601214,4.85588640485491,1.0,6.787303549050896e-05,6.787303549050896e-05,0.0,0.4464076720095565,0.4464076720095565,0.0,0.99,0.99,0.0,0.0,0.0,0.0,0.0,0.28,36.7,47.8,999.732,246,Walker2d-v5,5603,Agente_1
290.0668544769287,250,1088368,580.3023699140497,853.065639303192,156.12514621280826,254.74,6.787303549050896e-05,0.0,0.99,0.4464076720095565,3753,0.5,0.99,0.009552628005050273,5.785962179728917,0.5706274569034576,-0.03951990801308836,8.38450402532305,0.009552628005050273,0.5706274569034576,5.785962179728917,1.0,6.787303549050896e-05,6.787303549050896e-05,0.0,0.4464076720095565,0.4464076720095565,0.0,0.99,0.99,0.0,0.0,0.0,0.0,0.0,0.28,40.6,48.5,1009.866,247,Walker2d-v5,5603,Agente_1
291.413889169693,251,1092128,591.1912359453238,853.065639303192,395.5440839103401,257.56,6.787303549050896e-05,0.0,0.99,0.4464076720095565,3753,0.5,0.99,0.01886752134076752,5.4220182350703645,0.10484722512108939,-0.0084500468735184,8.117212540762765,0.01886752134076752,0.10484722512108939,5.4220182350703645,1.0,6.787303549050896e-05,6.787303549050896e-05,0.0,0.4464076720095565,0.4464076720095565,0.0,0.99,0.99,0.0,0.0,0.0,0.0,0.0,0.25,40.15,48.900000000000006,1045.945,248,Walker2d-v5,5603,Agente_1
292.5165514945984,252,1095888,587.5499263157733,853.065639303192,395.5440839103401,256.42,6.787303549050896e-05,0.0,0.99,0.4464076720095565,3753,0.5,0.99,0.02046259067275449,5.4673217705317905,0.42186445934431893,-0.010043273999222687,8.05103371483939,0.02046259067275449,0.42186445934431893,5.4673217705317905,1.0,6.787303549050896e-05,6.787303549050896e-05,0.0,0.4464076720095565,0.4464076720095565,0.0,0.99,0.99,0.0,0.0,0.0,0.0,0.0,0.33,37.25,45.7,1050.573,249,Walker2d-v5,5603,Agente_1
293.5711154937744,253,1099648,578.4956151648558,853.065639303192,377.32903696905464,255.26,6.787303549050896e-05,0.0,0.99,0.4464076720095565,3753,0.5,0.99,0.0109961701667219,5.2160262107849125,0.231608224766595,-0.005342089916978564,8.047674560546875,0.0109961701667219,0.231608224766595,5.2160262107849125,1.0,6.787303549050896e-05,6.787303549050896e-05,0.0,0.4464076720095565,0.4464076720095565,0.0,0.99,0.99,0.0,0.0,0.0,0.0,0.0,0.83,39.3,46.2,1061.581,250,Walker2d-v5,5603,Agente_1
294.5265839099884,254,1103408,574.7972201335925,925.2790961540383,377.32903696905464,253.61,6.787303549050896e-05,0.0,0.99,0.4464076720095565,3753,0.5,0.99,0.011382920397980861,5.539009257725307,0.3113066119807107,-0.035600480384060315,8.413284846714564,0.011382920397980861,0.3113066119807107,5.539009257725307,1.0,6.787303549050896e-05,6.787303549050896e-05,0.0,0.4464076720095565,0.4464076720095565,0.0,0.99,0.99,0.0,0.0,0.0,0.0,0.0,0.56,33.05,48.65,1083.954,251,Walker2d-v5,5603,Agente_1
295.91940236091614,255,1107168,578.5463262184486,925.2790961540383,377.32903696905464,253.32,6.787303549050896e-05,0.0,0.99,0.4464076720095565,3753,0.5,0.99,0.01141026899650959,5.712751299994332,0.5391533689839499,-0.00879602325814111,7.796151256561279,0.01141026899650959,0.5391533689839499,5.712751299994332,1.0,6.787303549050896e-05,6.787303549050896e-05,0.0,0.4464076720095565,0.4464076720095565,0.0,0.99,0.99,0.0,0.0,0.0,0.0,0.0,0.165,56.35,51.7,1078.59,252,Walker2d-v5,5603,Agente_1
297.37638998031616,256,1110928,577.2380870817344,925.2790961540383,377.32903696905464,254.78,6.787303549050896e-05,0.0,0.99,0.4464076720095565,3753,0.5,0.99,0.010154687031484042,5.614548805781773,0.46429527061326165,0.009723112359642983,8.144614853177751,0.010154687031484042,0.46429527061326165,5.614548805781773,1.0,6.787303549050896e-05,6.787303549050896e-05,0.0,0.4464076720095565,0.4464076720095565,0.0,0.99,0.99,0.0,0.0,0.0,0.0,0.0,0.205,60.5,53.45,1072.269,253,Walker2d-v5,5603,Agente_1
298.5725111961365,257,1114688,,,,,6.787303549050896e-05,0.0,0.99,0.4464076720095565,3753,0.5,0.99,0.00235226868920124,8.394893428257534,0.7873414763382502,-0.0034825423998492105,6.006304332188198,0.00235226868920124,0.7873414763382502,8.394893428257534,1.0,6.787303549050896e-05,6.787303549050896e-05,0.0,0.4464076720095565,0.4464076720095565,0.0,0.99,0.99,0.0,0.0,0.0,0.0,0.0,0.12000000000000001,20.3,47.9,1187.333,254,Walker2d-v5,5603,Agente_1
299.3921232223511,258,1118448,474.17735146129615,593.4054992147877,378.93978564329655,217.9,6.787303549050896e-05,0.0,0.99,0.4464076720095565,3753,0.5,0.99,0.013463448508822954,3.3441153935023715,0.05946646247591291,-0.05067443693322795,8.927230187824794,0.013463448508822954,0.05946646247591291,3.3441153935023715,1.0,6.787303549050896e-05,6.787303549050896e-05,0.0,0.4464076720095565,0.4464076720095565,0.0,0.99,0.99,0.0,0.0,0.0,0.0,0.0,0.34,27.7,49.2,997.86,255,Walker2d-v5,5603,Agente_1
300.4592249393463,259,1122208,580.5840271019275,883.1490708457825,378.93978564329655,256.9,6.787303549050896e-05,0.0,0.99,0.4464076720095565,3753,0.5,0.99,0.01741475962979686,5.964813981737409,0.14248635343142918,-0.016371189590011326,7.708659253801618,0.01741475962979686,0.14248635343142918,5.964813981737409,1.0,6.787303549050896e-05,6.787303549050896e-05,0.0,0.4464076720095565,0.4464076720095565,0.0,0.99,0.99,0.0,0.0,0.0,0.0,0.0,0.8,35.6,50.7,1017.616,256,Walker2d-v5,5603,Agente_1
301.6092767715454,260,1125968,560.8498055131395,915.5140753625632,82.27354512189468,254.69767441860466,6.787303549050896e-05,0.0,0.99,0.4464076720095565,3753,0.5,0.99,0.026636289627796423,4.082934049197606,0.15914925336837768,0.01578802171030215,8.69485947745187,0.026636289627796423,0.15914925336837768,4.082934049197606,1.0,6.787303549050896e-05,6.787303549050896e-05,0.0,0.4464076720095565,0.4464076720095565,0.0,0.99,0.99,0.0,0.0,0.0,0.0,0.0,0.81,41.9,53.3,1047.229,257,Walker2d-v5,5603,Agente_1
302.5501368045807,261,1129728,559.6350325877477,915.5140753625632,82.27354512189468,250.19672131147541,6.787303549050896e-05,0.0,0.99,0.4464076720095565,3753,0.5,0.99,0.0078789969645056,6.908380351747785,0.7540706251348768,-0.01380193531513214,7.053436286108834,0.0078789969645056,0.7540706251348768,6.908380351747785,1.0,6.787303549050896e-05,6.787303549050896e-05,0.0,0.4464076720095565,0.4464076720095565,0.0,0.99,0.99,0.0,0.0,0.0,0.0,0.0,0.98,41.0,54.9,1024.174,258,Walker2d-v5,5603,Agente_1
303.48188400268555,262,1133488,560.4022553099993,915.5140753625632,82.27354512189468,249.30882352941177,6.787303549050896e-05,0.0,0.99,0.4464076720095565,3753,0.5,0.99,0.010134828182097927,4.337540691239493,0.31380170243127004,-0.015970905923417638,8.980391502380371,0.010134828182097927,0.31380170243127004,4.337540691239493,1.0,6.787303549050896e-05,6.787303549050896e-05,0.0,0.4464076720095565,0.4464076720095565,0.0,0.99,0.99,0.0,0.0,0.0,0.0,0.0,0.98,32.0,49.6,1006.744,259,Walker2d-v5,5603,Agente_1
304.36079382896423,263,1137248,571.6709046363013,915.5140753625632,82.27354512189468,252.27472527472528,6.787303549050896e-05,0.0,0.99,0.4464076720095565,3753,0.5,0.99,0.014283380578438353,5.283992396082197,0.3802115031651088,-0.01297982410926904,7.583069065638951,0.014283380578438353,0.3802115031651088,5.283992396082197,1.0,6.787303549050896e-05,6.787303549050896e-05,0.0,0.4464076720095565,0.4464076720095565,0.0,0.99,0.99,0.0,0.0,0.0,0.0,0.0,0.8200000000000001,28.65,47.35,986.832,260,Walker2d-v5,5603,Agente_1
305.6339247226715,264,1141008,573.5464231406316,915.5140753625632,82.27354512189468,252.91,6.787303549050896e-05,0.0,0.99,0.4464076720095565,3753,0.5,0.99,0.010716712462557813,5.332958023888724,0.5439483446734292,0.006411441947732653,8.344283866882325,0.010716712462557813,0.5439483446734292,5.332958023888724,1.0,6.787303549050896e-05,6.787303549050896e-05,0.0,0.4464076720095565,0.4464076720095565,0.0,0.99,0.99,0.0,0.0,0.0,0.0,0.0,0.78,39.0,42.6,1021.299,261,Walker2d-v5,5603,Agente_1
307.38468837738037,265,1144768,572.896101660036,915.5140753625632,82.27354512189468,250.86,6.787303549050896e-05,0.0,0.99,0.4464076720095565,3753,0.5,0.99,0.009558853585076577,6.4671061379568915,0.5856835969856807,-0.023071883299521038,7.834694583075387,0.009558853585076577,0.5856835969856807,6.4671061379568915,1.0,6.787303549050896e-05,6.787303549050896e-05,0.0,0.4464076720095565,0.4464076720095565,0.0,0.99,0.99,0.0,0.0,0.0,0.0,0.0,0.17666666666666667,42.96666666666666,41.96666666666667,1100.85,262,Walker2d-v5,5603,Agente_1
308.7254877090454,266,1148528,564.4012619339835,915.5140753625632,82.27354512189468,248.6,6.787303549050896e-05,0.0,0.99,0.4464076720095565,3753,0.5,0.99,0.01751099801967939,5.03635550226484,0.2932363680430821,-0.01053109945995467,8.283057982581003,0.01751099801967939,0.2932363680430821,5.03635550226484,1.0,6.787303549050896e-05,6.787303549050896e-05,0.0,0.4464076720095565,0.4464076720095565,0.0,0.99,0.99,0.0,0.0,0.0,0.0,0.0,0.37,48.85,48.099999999999994,1123.48,263,Walker2d-v5,5603,Agente_1
309.79706025123596,267,1152288,579.4300354019974,856.0883329049019,336.4577912767486,253.78,6.787303549050896e-05,0.0,0.99,0.4464076720095565,3753,0.5,0.99,0.009717309130324533,5.494387660707746,0.4943818816116878,-0.022019961902073452,8.06193117414202,0.009717309130324533,0.4943818816116878,5.494387660707746,1.0,6.787303549050896e-05,6.787303549050896e-05,0.0,0.4464076720095565,0.4464076720095565,0.0,0.99,0.99,0.0,0.0,0.0,0.0,0.0,0.17,50.1,51.4,1110.916,264,Walker2d-v5,5603,Agente_1
310.60159611701965,268,1156048,586.1344244905703,894.2197002648883,336.4577912767486,256.27,6.787303549050896e-05,0.0,0.99,0.4464076720095565,3753,0.5,0.99,0.0077460750950324704,5.777172374725342,0.37390656300953456,-0.012120767363480158,8.35321158681597,0.0077460750950324704,0.37390656300953456,5.777172374725342,1.0,6.787303549050896e-05,6.787303549050896e-05,0.0,0.4464076720095565,0.4464076720095565,0.0,0.99,0.99,0.0,0.0,0.0,0.0,0.0,0.17,34.2,52.6,1109.695,265,Walker2d-v5,5603,Agente_1
311.6095094680786,269,1159808,585.5313663692519,894.2197002648883,336.4577912767486,256.66,6.787303549050896e-05,0.0,0.99,0.4464076720095565,3753,0.5,0.99,0.019365411861248762,5.70883161681039,0.48336114883422854,0.0008865711013121264,7.780112763813563,0.019365411861248762,0.48336114883422854,5.70883161681039,1.0,6.787303549050896e-05,6.787303549050896e-05,0.0,0.4464076720095565,0.4464076720095565,0.0,0.99,0.99,0.0,0.0,0.0,0.0,0.0,0.245,31.95,54.55,1103.458,266,Walker2d-v5,5603,Agente_1
313.05697083473206,270,1163568,583.7900166342137,894.2197002648883,336.4577912767486,258.64,6.787303549050896e-05,0.0,0.99,0.4464076720095565,3753,0.5,0.99,0.015028541198054362,5.468815112113953,0.1130780177456992,-0.027015639149716924,8.014338970184326,0.015028541198054362,0.1130780177456992,5.468815112113953,1.0,6.787303549050896e-05,6.787303549050896e-05,0.0,0.4464076720095565,0.4464076720095565,0.0,0.99,0.99,0.0,0.0,0.0,0.0,0.0,0.08,56.55,55.85,1133.311,267,Walker2d-v5,5603,Agente_1
301.22569012641907,207,1162680,584.8241880160704,756.1798230918109,96.5279587685029,257.041095890411,5.2126491256710884e-05,0.0,0.99,0.1,23714,0.5,0.99,0.004807935107395875,4.964591870100602,0.7457075382056444,0.007778779764497734,5.3732077370519225,0.004807935107395875,0.7457075382056444,4.964591870100602,1.0,5.2126491256710884e-05,5.2126491256710884e-05,0.0,0.1,0.1,0.0,0.99,0.99,0.0,0.0,0.0,0.0,0.0,0.4975,31.5,49.55,5366.937,268,Walker2d-v5,5603,Agente_1
306.8035695552826,208,1186400,586.2288864725338,782.3993949562739,86.69074136694572,260.73,5.2126491256710884e-05,0.0,0.99,0.1,23714,0.5,0.99,0.006459337197719977,5.017805672210196,0.7747353977483252,0.013630441685571619,5.447861046894737,0.006459337197719977,0.7747353977483252,5.017805672210196,1.0,5.2126491256710884e-05,5.2126491256710884e-05,0.0,0.1,0.1,0.0,0.99,0.99,0.0,0.0,0.0,0.0,0.0,0.26625,32.7375,42.1,5465.141,269,Walker2d-v5,5603,Agente_1
312.145699262619,209,1210120,596.8565135396984,907.4374385982447,99.00196410120103,263.02,5.2126491256710884e-05,0.0,0.99,0.1,23714,0.5,0.99,0.005697777648527128,4.9608685394992,0.7951121851153996,0.009735422974209422,5.38446577269098,0.005697777648527128,0.7951121851153996,4.9608685394992,1.0,5.2126491256710884e-05,5.2126491256710884e-05,0.0,0.1,0.1,0.0,0.99,0.99,0.0,0.0,0.0,0.0,0.0,0.4171428571428572,34.48571428571429,49.028571428571425,5419.198,270,Walker2d-v5,5603,Agente_1
318.48387813568115,210,1233840,591.4159421122102,827.0640003404768,95.43820061544166,256.3243243243243,5.2126491256710884e-05,0.0,0.99,0.1,23714,0.5,0.99,0.006551086252970618,4.908588091186855,0.5201547266348548,0.007025991858023664,8.370077835995218,0.006551086252970618,0.5201547266348548,4.908588091186855,1.0,5.2126491256710884e-05,5.2126491256710884e-05,0.0,0.1,0.1,0.0,0.99,0.99,0.0,0.0,0.0,0.0,0.0,0.44000000000000006,32.27,49.46,6324.772,271,Walker2d-v5,5603,Agente_1
323.64988112449646,211,1257560,606.5385846796739,864.4502864251964,138.45132905305502,262.76,5.2126491256710884e-05,0.0,0.99,0.1,23714,0.5,0.99,0.005980713121370291,4.871258415864862,0.5705461442470551,0.012209444827116701,8.205910802924114,0.005980713121370291,0.5705461442470551,4.871258415864862,1.0,5.2126491256710884e-05,5.2126491256710884e-05,0.0,0.1,0.1,0.0,0.99,0.99,0.0,0.0,0.0,0.0,0.0,0.34428571428571425,37.357142857142854,42.7,5739.978,272,Walker2d-v5,5603,Agente_1
329.8200788497925,212,1281280,582.7849464371059,750.8593683388364,138.45132905305502,253.31,5.2126491256710884e-05,0.0,0.99,0.1,23714,0.5,0.99,0.005734323864339785,4.954064927930418,0.579119641236637,0.0057910695307604645,8.334943396112193,0.005734323864339785,0.579119641236637,4.954064927930418,1.0,5.2126491256710884e-05,5.2126491256710884e-05,0.0,0.1,0.1,0.0,0.99,0.99,0.0,0.0,0.0,0.0,0.0,0.47625,36.2375,50.1875,5878.395,273,Walker2d-v5,5603,Agente_1
337.42756819725037,213,1305000,605.6362406536257,732.0535272857107,439.6199592541154,258.3285714285714,5.2126491256710884e-05,0.0,0.99,0.1,23714,0.5,0.99,0.00597653639510448,4.699111094682113,0.5018427444540936,0.013225520094451697,8.259165984651316,0.00597653639510448,0.5018427444540936,4.699111094682113,1.0,5.2126491256710884e-05,5.2126491256710884e-05,0.0,0.1,0.1,0.0,0.99,0.99,0.0,0.0,0.0,0.0,0.0,0.40454545454545454,41.62727272727273,51.85454545454545,7592.768,274,Walker2d-v5,5603,Agente_1
343.2883539199829,214,1328720,592.0352126569993,750.1895867585692,119.66847637745543,256.68,5.2126491256710884e-05,0.0,0.99,0.1,23714,0.5,0.99,0.005549974688959913,4.83586510160695,0.6269626962101977,0.008772103838703554,8.061269655434982,0.005549974688959913,0.6269626962101977,4.83586510160695,1.0,5.2126491256710884e-05,5.2126491256710884e-05,0.0,0.1,0.1,0.0,0.99,0.99,0.0,0.0,0.0,0.0,0.0,0.42200000000000004,36.21,52.160000000000004,6719.09,275,Walker2d-v5,5603,Agente_1
349.77030897140503,215,1352440,593.9228915141367,808.5910627637165,453.17831684166595,255.96,5.2126491256710884e-05,0.0,0.99,0.1,23714,0.5,0.99,0.006009512589097362,4.913209480824678,0.6097332546244497,0.009155363662411337,8.22380779929783,0.006009512589097362,0.6097332546244497,4.913209480824678,1.0,5.2126491256710884e-05,5.2126491256710884e-05,0.0,0.1,0.1,0.0,0.99,0.99,0.0,0.0,0.0,0.0,0.0,0.5977777777777777,39.077777777777776,56.355555555555554,6636.645,276,Walker2d-v5,5603,Agente_1
354.7045259475708,216,1376160,594.0908163247211,914.9716587522548,204.24859090512385,263.69,5.2126491256710884e-05,0.0,0.99,0.1,23714,0.5,0.99,0.00558520954222771,5.198188224046127,0.6556261869876281,0.006295643597031417,8.238215132381605,0.00558520954222771,0.6556261869876281,5.198188224046127,1.0,5.2126491256710884e-05,5.2126491256710884e-05,0.0,0.1,0.1,0.0,0.99,0.99,0.0,0.0,0.0,0.0,0.0,0.732857142857143,33.32857142857143,52.25714285714286,6207.817,277,Walker2d-v5,5603,Agente_1
361.21537947654724,217,1399880,585.7434668466859,751.3236612362444,171.49481521526076,255.53,5.2126491256710884e-05,0.0,0.99,0.1,23714,0.5,0.99,0.005231327658691251,5.1482467340386435,0.6598455145307209,0.008697966407255633,8.147303734654965,0.005231327658691251,0.6598455145307209,5.1482467340386435,1.0,5.2126491256710884e-05,5.2126491256710884e-05,0.0,0.1,0.1,0.0,0.99,0.99,0.0,0.0,0.0,0.0,0.0,0.2866666666666667,41.833333333333336,48.95555555555555,6266.415,278,Walker2d-v5,5603,Agente_1
366.86768674850464,215,1432512,596.3115628811472,912.7008862394794,105.22558190797587,260.9004975124378,5.2126491256710884e-05,0.0,0.9,0.14675298484991645,56361,0.5,0.99,0.005444212854120411,4.781332954276691,0.7985791957920247,0.005960747041654858,5.174145420247858,0.005444212854120411,0.7985791957920247,4.781332954276691,1.0,5.2126491256710884e-05,5.2126491256710884e-05,0.0,0.14675298484991645,0.14675298484991645,0.0,0.9,0.9,0.0,0.0,0.0,0.0,0.0,0.5933333333333335,37.74285714285715,57.190476190476204,14765.997,279,Walker2d-v5,5603,Agente_1
380.50205755233765,216,1488880,585.1855198768445,1125.0446138587843,113.47938366173766,257.7077625570776,5.2126491256710884e-05,0.0,0.9,0.14675298484991645,56361,0.5,0.99,0.004414564926833671,5.126443418156017,0.8221362503550269,0.0038587222349914635,5.118603394465013,0.004414564926833671,0.8221362503550269,5.126443418156017,1.0,5.2126491256710884e-05,5.2126491256710884e-05,0.0,0.14675298484991645,0.14675298484991645,0.0,0.9,0.9,0.0,0.0,0.0,0.0,0.0,0.6678947368421052,38.02631578947368,55.17368421052631,14190.205,280,Walker2d-v5,5603,Agente_1
393.7697112560272,217,1545248,588.0100977076836,804.2630907882802,92.56892498664742,252.62745098039215,5.2126491256710884e-05,0.0,0.9,0.14675298484991645,56361,0.5,0.99,0.007022089580000127,4.746533479907296,0.805303486368873,0.005886413845318285,4.912079366987402,0.007022089580000127,0.805303486368873,4.746533479907296,1.0,5.2126491256710884e-05,5.2126491256710884e-05,0.0,0.14675298484991645,0.14675298484991645,0.0,0.9,0.9,0.0,0.0,0.0,0.0,0.0,0.2615789473684211,33.94210526315789,45.67368421052632,13251.257,281,Walker2d-v5,5603,Agente_1
406.6762523651123,218,1601616,600.4141164537099,855.0229428139947,94.1181506964371,261.085,5.2126491256710884e-05,0.0,0.9,0.14675298484991645,56361,0.5,0.99,0.006993661228387654,4.759393704262647,0.7992980112270875,0.007381900444796139,4.982986795468764,0.006993661228387654,0.7992980112270875,4.759393704262647,1.0,5.2126491256710884e-05,5.2126491256710884e-05,0.0,0.14675298484991645,0.14675298484991645,0.0,0.9,0.9,0.0,0.0,0.0,0.0,0.0,0.3331578947368421,33.18947368421052,48.07368421052632,12893.165,282,Walker2d-v5,5603,Agente_1
421.00593638420105,219,1657984,595.6598946419937,801.6361417372923,69.28283865446402,259.3838383838384,5.2126491256710884e-05,0.0,0.9,0.14675298484991645,56361,0.5,0.99,0.0067347163933500565,4.736258871772073,0.788128972270272,0.007560268409380858,4.869715864008123,0.0067347163933500565,0.788128972270272,4.736258871772073,1.0,5.2126491256710884e-05,5.2126491256710884e-05,0.0,0.14675298484991645,0.14675298484991645,0.0,0.9,0.9,0.0,0.0,0.0,0.0,0.0,0.5742857142857143,34.99999999999999,50.92857142857143,14315.382,283,Walker2d-v5,5603,Agente_1
435.448139667511,220,1714352,607.5566374926741,858.803171848865,145.4405291471872,262.9238578680203,5.2126491256710884e-05,0.0,0.9,0.14675298484991645,56361,0.5,0.99,0.006438613746775829,4.632081190022555,0.8039553185484626,0.007910295444202017,4.721512253717942,0.006438613746775829,0.8039553185484626,4.632081190022555,1.0,5.2126491256710884e-05,5.2126491256710884e-05,0.0,0.14675298484991645,0.14675298484991645,0.0,0.9,0.9,0.0,0.0,0.0,0.0,0.0,0.5157142857142857,35.25714285714286,48.55714285714286,14427.182,284,Walker2d-v5,5603,Agente_1
450.66347670555115,221,1770720,597.3408240707143,859.2204740429396,91.86036890733303,261.8994974874372,5.2126491256710884e-05,0.0,0.9,0.14675298484991645,56361,0.5,0.99,0.006241659825530387,4.804032030322335,0.7959970889308235,0.006662669015878981,4.718349952047522,0.006241659825530387,0.7959970889308235,4.804032030322335,1.0,5.2126491256710884e-05,5.2126491256710884e-05,0.0,0.14675298484991645,0.14675298484991645,0.0,0.9,0.9,0.0,0.0,0.0,0.0,0.0,0.6381818181818182,39.79545454545454,57.98181818181817,15203.488,285,Walker2d-v5,5603,Agente_1
467.56556701660156,222,1827088,579.3771581986247,772.5106877352077,101.06258694877339,250.38565022421525,5.2126491256710884e-05,0.0,0.9,0.14675298484991645,56361,0.5,0.99,0.005868751195534752,4.858116509697654,0.8247790532762354,0.00389633630995046,4.731726862300526,0.005868751195534752,0.8247790532762354,4.858116509697654,1.0,5.2126491256710884e-05,5.2126491256710884e-05,0.0,0.14675298484991645,0.14675298484991645,0.0,0.9,0.9,0.0,0.0,0.0,0.0,0.0,0.6647826086956522,37.452173913043474,59.24782608695652,16044.884,286,Walker2d-v5,5603,Agente_1
484.3501019477844,223,1883456,569.2377712880071,816.9594626452172,407.56876177856236,246.90829694323145,5.2126491256710884e-05,0.0,0.9,0.14675298484991645,56361,0.5,0.99,0.005408307636019329,5.115439419312911,0.8390560613978992,0.0018305243297734044,4.731976400938901,0.005408307636019329,0.8390560613978992,5.115439419312911,1.0,5.2126491256710884e-05,5.2126491256710884e-05,0.0,0.14675298484991645,0.14675298484991645,0.0,0.9,0.9,0.0,0.0,0.0,0.0,0.0,0.5695652173913043,40.6,59.75652173913045,16287.651,287,Walker2d-v5,5603,Agente_1
500.5867784023285,224,1939824,554.737315218468,793.1384503737077,371.4129998061412,241.20762711864407,5.2126491256710884e-05,0.0,0.9,0.14675298484991645,56361,0.5,0.99,0.005266460821413717,5.305552223378962,0.8470283030379903,0.0011618971308185295,4.893939036239277,0.005266460821413717,0.8470283030379903,5.305552223378962,1.0,5.2126491256710884e-05,5.2126491256710884e-05,0.0,0.14675298484991645,0.14675298484991645,0.0,0.9,0.9,0.0,0.0,0.0,0.0,0.0,0.6760869565217392,37.81739130434782,60.04347826086958,16270.846,288,Walker2d-v5,5603,Agente_1
516.6231226921082,225,1996192,555.5232734616006,779.9812669614071,122.22310143022531,241.48917748917748,5.2126491256710884e-05,0.0,0.9,0.14675298484991645,56361,0.5,0.99,0.0052660708174783735,5.364965513402765,0.8577853189273315,-1.2128812006928703e-05,5.000907104882327,0.0052660708174783735,0.8577853189273315,5.364965513402765,1.0,5.2126491256710884e-05,5.2126491256710884e-05,0.0,0.14675298484991645,0.14675298484991645,0.0,0.9,0.9,0.0,0.0,0.0,0.0,0.0,0.6340909090909091,37.699999999999996,57.7909090909091,16221.815,289,Walker2d-v5,5603,Agente_1
525.8749783039093,226,2052560,537.2239076654918,825.568374099961,168.379661372659,233.40243902439025,5.2126491256710884e-05,0.0,0.9,0.14675298484991645,56361,0.5,0.99,0.004913403014705454,5.486419786756689,0.8632831090688705,-0.0008094193769449538,5.104569580121474,0.004913403014705454,0.8632831090688705,5.486419786756689,1.0,5.2126491256710884e-05,5.2126491256710884e-05,0.0,0.14675298484991645,0.14675298484991645,0.0,0.9,0.9,0.0,0.0,0.0,0.0,0.0,0.403076923076923,15.469230769230771,36.28461538461538,15058.409,290,Walker2d-v5,5603,Agente_1
1.7882273197174072,1,6760,-0.6635233651241198,27.132159415855448,-12.716264996961922,18.25,8.262265320164803e-05,0.0,0.9120398338151219,0.3880485052284782,6754,0.5,0.99,0.031161641532358213,8.500881994687594,0.18482518792152405,-0.04839905656587619,4.122889632445116,0.031161641532358213,0.18482518792152405,8.500881994687594,1.0,8.262265320164803e-05,8.262265320164803e-05,0.0,0.3880485052284782,0.3880485052284782,0.0,0.9120398338151219,0.9120398338151219,0.0,0.0,0.0,0.0,0.0,0.22333333333333336,33.53333333333333,53.0,1774.283,0,Walker2d-v5,5603,Agente_2
4.053256034851074,2,13520,3.4401183247753395,49.29691125423397,-15.780183280421396,23.570934256055363,8.262265320164803e-05,0.0,0.9120398338151219,0.3880485052284782,6754,0.5,0.99,0.036877267082980746,8.391328892341027,0.3766154238810906,-0.057665011272407495,4.662984488560603,0.036877267082980746,0.3766154238810906,8.391328892341027,1.0,8.262265320164803e-05,8.262265320164803e-05,0.0,0.3880485052284782,0.3880485052284782,0.0,0.9120398338151219,0.9120398338151219,0.0,0.0,0.0,0.0,0.0,0.4166666666666667,48.96666666666666,55.43333333333334,2013.133,1,Walker2d-v5,5603,Agente_2
5.9089343547821045,3,20280,11.641326355423733,69.63083710350172,-11.072249468634887,36.31843575418994,8.262265320164803e-05,0.0,0.9120398338151219,0.3880485052284782,6754,0.5,0.99,0.03155419403987113,8.294713453146128,0.4075723790205442,-0.06945115562814932,5.898311394911546,0.03155419403987113,0.4075723790205442,8.294713453146128,1.0,8.262265320164803e-05,8.262265320164803e-05,0.0,0.3880485052284782,0.3880485052284782,0.0,0.9120398338151219,0.9120398338151219,0.0,0.0,0.0,0.0,0.0,0.6766666666666667,42.06666666666666,56.300000000000004,1955.587,2,Walker2d-v5,5603,Agente_2
7.7326226234436035,4,27040,32.219790084294566,240.87770482992207,-6.051589703617785,62.78,8.262265320164803e-05,0.0,0.9120398338151219,0.3880485052284782,6754,0.5,0.99,0.021959133374576386,8.140032881956834,0.4192806275991293,-0.060693934516837966,7.249126504017757,0.021959133374576386,0.4192806275991293,8.140032881956834,1.0,8.262265320164803e-05,8.262265320164803e-05,0.0,0.3880485052284782,0.3880485052284782,0.0,0.9120398338151219,0.9120398338151219,0.0,0.0,0.0,0.0,0.0,0.12666666666666668,47.699999999999996,56.666666666666664,1920.291,3,Walker2d-v5,5603,Agente_2
9.400547981262207,5,33800,52.21503885336156,299.5147809295896,-1.2694226364330685,91.19,8.262265320164803e-05,0.0,0.9120398338151219,0.3880485052284782,6754,0.5,0.99,0.012824113685145187,8.073737657987154,0.47117416170927195,-0.027856688717236885,7.95540043757512,0.012824113685145187,0.47117416170927195,8.073737657987154,1.0,8.262265320164803e-05,8.262265320164803e-05,0.0,0.3880485052284782,0.3880485052284782,0.0,0.9120398338151219,0.9120398338151219,0.0,0.0,0.0,0.0,0.0,0.76,29.6,57.95,1867.778,4,Walker2d-v5,5603,Agente_2
11.175265550613403,6,40560,90.71929850038688,396.27459507345003,-15.169025631791415,124.27,8.262265320164803e-05,0.0,0.9120398338151219,0.3880485052284782,6754,0.5,0.99,0.011619241537230734,7.833712863922119,0.41857512776668254,-0.028242661632024324,8.244170086200421,0.011619241537230734,0.41857512776668254,7.833712863922119,1.0,8.262265320164803e-05,8.262265320164803e-05,0.0,0.3880485052284782,0.3880485052284782,0.0,0.9120398338151219,0.9120398338151219,0.0,0.0,0.0,0.0,0.0,0.9199999999999999,33.6,57.800000000000004,1849.864,5,Walker2d-v5,5603,Agente_2
13.229886531829834,7,47320,120.04897314478143,396.27459507345003,-15.169025631791415,146.14,8.262265320164803e-05,0.0,0.9120398338151219,0.3880485052284782,6754,0.5,0.99,0.010986981235048286,7.869662328866812,0.4346342783707839,-0.03491463403289135,8.31476252262409,0.010986981235048286,0.4346342783707839,7.869662328866812,1.0,8.262265320164803e-05,8.262265320164803e-05,0.0,0.3880485052284782,0.3880485052284782,0.0,0.9120398338151219,0.9120398338151219,0.0,0.0,0.0,0.0,0.0,0.495,40.6,58.1,1877.334,6,Walker2d-v5,5603,Agente_2
14.80007290840149,8,54080,162.95725504505842,529.0037604785756,-15.169025631791415,178.26,8.262265320164803e-05,0.0,0.9120398338151219,0.3880485052284782,6754,0.5,0.99,0.011542028469277564,7.72735633116502,0.47426818792636577,-0.0361542556148309,8.54138451722952,0.011542028469277564,0.47426818792636577,7.72735633116502,1.0,8.262265320164803e-05,8.262265320164803e-05,0.0,0.3880485052284782,0.3880485052284782,0.0,0.9120398338151219,0.9120398338151219,0.0,0.0,0.0,0.0,0.0,0.9833333333333334,28.666666666666668,57.93333333333334,1837.531,7,Walker2d-v5,5603,Agente_2
16.758296728134155,9,60840,204.75856489370565,582.225481799304,1.4909300444560067,199.13,8.262265320164803e-05,0.0,0.9120398338151219,0.3880485052284782,6754,0.5,0.99,0.009565836341397908,7.496226017291729,0.4083822337480692,-0.04224523374667535,8.817270686076238,0.009565836341397908,0.4083822337480692,7.496226017291729,1.0,8.262265320164803e-05,8.262265320164803e-05,0.0,0.3880485052284782,0.3880485052284782,0.0,0.9120398338151219,0.9120398338151219,0.0,0.0,0.0,0.0,0.0,0.5,37.56666666666667,55.6,1849.786,8,Walker2d-v5,5603,Agente_2
18.616079568862915,10,67600,252.5585761689219,582.225481799304,4.158630948344865,218.06,8.262265320164803e-05,0.0,0.9120398338151219,0.3880485052284782,6754,0.5,0.99,0.009265045355669617,7.459981503853431,0.41035656287119937,-0.02391448410657736,8.785475188035232,0.009265045355669617,0.41035656287119937,7.459981503853431,1.0,8.262265320164803e-05,8.262265320164803e-05,0.0,0.3880485052284782,0.3880485052284782,0.0,0.9120398338151219,0.9120398338151219,0.0,0.0,0.0,0.0,0.0,0.865,32.45,48.6,1849.317,9,Walker2d-v5,5603,Agente_2
20.36400818824768,11,74360,283.23177279101145,582.225481799304,12.113634996239634,217.88,8.262265320164803e-05,0.0,0.9120398338151219,0.3880485052284782,6754,0.5,0.99,0.01083207601264943,7.474943278386043,0.42052519367291374,-0.03452932618271846,8.482737922668457,0.01083207601264943,0.42052519367291374,7.474943278386043,1.0,8.262265320164803e-05,8.262265320164803e-05,0.0,0.3880485052284782,0.3880485052284782,0.0,0.9120398338151219,0.9120398338151219,0.0,0.0,0.0,0.0,0.0,0.49333333333333335,43.63333333333333,50.0,1845.344,10,Walker2d-v5,5603,Agente_2
22.19528865814209,12,81120,299.83125819701837,639.0072983870887,70.41065504197391,217.16,8.262265320164803e-05,0.0,0.9120398338151219,0.3880485052284782,6754,0.5,0.99,0.009309843234656839,7.407674169540405,0.43912885051507217,-0.03185154368671087,8.575423288345338,0.009309843234656839,0.43912885051507217,7.407674169540405,1.0,8.262265320164803e-05,8.262265320164803e-05,0.0,0.3880485052284782,0.3880485052284782,0.0,0.9120398338151219,0.9120398338151219,0.0,0.0,0.0,0.0,0.0,0.18,45.349999999999994,53.15,1802.434,11,Walker2d-v5,5603,Agente_2
23.945918560028076,13,87880,300.4526953978977,646.4593676725395,70.41065504197391,207.22,8.262265320164803e-05,0.0,0.9120398338151219,0.3880485052284782,6754,0.5,0.99,0.008048189967611016,7.444731261179998,0.470176964539748,-0.020028702843074616,8.061804503660936,0.008048189967611016,0.470176964539748,7.444731261179998,1.0,8.262265320164803e-05,8.262265320164803e-05,0.0,0.3880485052284782,0.3880485052284782,0.0,0.9120398338151219,0.9120398338151219,0.0,0.0,0.0,0.0,0.0,0.5100000000000001,30.2,55.26666666666667,1792.399,12,Walker2d-v5,5603,Agente_2
25.714380979537964,14,94640,307.9845200569955,646.4593676725395,75.38639263282307,211.21,8.262265320164803e-05,0.0,0.9120398338151219,0.3880485052284782,6754,0.5,0.99,0.007749471653481194,7.468721441122201,0.6354873881890224,-0.029989618320877737,8.235277447333702,0.007749471653481194,0.6354873881890224,7.468721441122201,1.0,8.262265320164803e-05,8.262265320164803e-05,0.0,0.3880485052284782,0.3880485052284782,0.0,0.9120398338151219,0.9120398338151219,0.0,0.0,0.0,0.0,0.0,0.5800000000000001,43.85,56.65,1786.524,13,Walker2d-v5,5603,Agente_2
27.196175813674927,15,101400,313.8117216451083,646.4593676725395,75.38639263282307,211.8,8.262265320164803e-05,0.0,0.9120398338151219,0.3880485052284782,6754,0.5,0.99,0.006884991743013066,7.421492745326115,0.6596680540304918,-0.030614087229164748,7.495081446721003,0.006884991743013066,0.6596680540304918,7.421492745326115,1.0,8.262265320164803e-05,8.262265320164803e-05,0.0,0.3880485052284782,0.3880485052284782,0.0,0.9120398338151219,0.9120398338151219,0.0,0.0,0.0,0.0,0.0,0.535,40.8,57.1,1767.8,14,Walker2d-v5,5603,Agente_2
28.969769716262817,16,108160,322.18973837946805,637.3947940730429,91.87159672616399,215.27,8.262265320164803e-05,0.0,0.9120398338151219,0.3880485052284782,6754,0.5,0.99,0.008023453684206918,7.38051134623014,0.681769722700119,-0.024195065098599745,7.5814516764420725,0.008023453684206918,0.681769722700119,7.38051134623014,1.0,8.262265320164803e-05,8.262265320164803e-05,0.0,0.3880485052284782,0.3880485052284782,0.0,0.9120398338151219,0.9120398338151219,0.0,0.0,0.0,0.0,0.0,0.9,32.96666666666666,57.1,1767.269,15,Walker2d-v5,5603,Agente_2
30.87370204925537,17,114920,324.94738590678554,586.4439651991253,60.22685483284626,210.93,8.262265320164803e-05,0.0,0.9120398338151219,0.3880485052284782,6754,0.5,0.99,0.007276956603541643,7.397215722157405,0.7034343884541439,-0.02773298118263483,7.493396135476919,0.007276956603541643,0.7034343884541439,7.397215722157405,1.0,8.262265320164803e-05,8.262265320164803e-05,0.0,0.3880485052284782,0.3880485052284782,0.0,0.9120398338151219,0.9120398338151219,0.0,0.0,0.0,0.0,0.0,0.4066666666666667,44.0,57.13333333333333,1752.374,16,Walker2d-v5,5603,Agente_2
32.64129710197449,18,121680,320.0355944479234,586.4439651991253,60.22685483284626,207.69,8.262265320164803e-05,0.0,0.9120398338151219,0.3880485052284782,6754,0.5,0.99,0.006375430859630936,7.4847783455481895,0.7795676153439742,-0.02381508764452659,7.447862716821524,0.006375430859630936,0.7795676153439742,7.4847783455481895,1.0,8.262265320164803e-05,8.262265320164803e-05,0.0,0.3880485052284782,0.3880485052284782,0.0,0.9120398338151219,0.9120398338151219,0.0,0.0,0.0,0.0,0.0,0.25,35.75,57.2,1771.978,17,Walker2d-v5,5603,Agente_2
34.46987438201904,19,128440,322.32976915598033,586.4439651991253,60.22685483284626,208.16,8.262265320164803e-05,0.0,0.9120398338151219,0.3880485052284782,6754,0.5,0.99,0.006229908876635958,7.480259414819571,0.7329899068062122,-0.018208276831473295,6.9184343741490295,0.006229908876635958,0.7329899068062122,7.480259414819571,1.0,8.262265320164803e-05,8.262265320164803e-05,0.0,0.3880485052284782,0.3880485052284782,0.0,0.9120398338151219,0.9120398338151219,0.0,0.0,0.0,0.0,0.0,0.6666666666666666,38.4,57.03333333333333,1758.661,18,Walker2d-v5,5603,Agente_2
36.23293089866638,20,135200,319.83282539293987,477.88397860950886,66.83618090803938,207.68,8.262265320164803e-05,0.0,0.9120398338151219,0.3880485052284782,6754,0.5,0.99,0.006216904115941501,7.436901371295636,0.8316447771512545,-0.017873673871732675,6.880544163630559,0.006216904115941501,0.8316447771512545,7.436901371295636,1.0,8.262265320164803e-05,8.262265320164803e-05,0.0,0.3880485052284782,0.3880485052284782,0.0,0.9120398338151219,0.9120398338151219,0.0,0.0,0.0,0.0,0.0,0.8300000000000001,39.2,57.0,1749.109,19,Walker2d-v5,5603,Agente_2
38.281301498413086,21,141960,342.28901219501984,495.02186623599187,66.83618090803938,212.98,8.262265320164803e-05,0.0,0.9120398338151219,0.3880485052284782,6754,0.5,0.99,0.006828147723913739,7.368458289366502,0.7462711554307204,-0.02546514029113146,6.50524533711947,0.006828147723913739,0.7462711554307204,7.368458289366502,1.0,8.262265320164803e-05,8.262265320164803e-05,0.0,0.3880485052284782,0.3880485052284782,0.0,0.9120398338151219,0.9120398338151219,0.0,0.0,0.0,0.0,0.0,0.7399999999999999,37.0,56.79999999999999,1779.505,20,Walker2d-v5,5603,Agente_2
40.18802881240845,22,148720,344.1849030010598,495.02186623599187,66.83618090803938,216.07,8.262265320164803e-05,0.0,0.9120398338151219,0.3880485052284782,6754,0.5,0.99,0.0070746507974315765,7.452048232005192,0.819851527764247,-0.013253060255486232,6.557730018175565,0.0070746507974315765,0.819851527764247,7.452048232005192,1.0,8.262265320164803e-05,8.262265320164803e-05,0.0,0.3880485052284782,0.3880485052284782,0.0,0.9120398338151219,0.9120398338151219,0.0,0.0,0.0,0.0,0.0,0.6,39.266666666666666,56.53333333333333,1786.415,21,Walker2d-v5,5603,Agente_2
42.09406566619873,23,155480,347.19517812224143,495.02186623599187,66.83618090803938,218.6,8.262265320164803e-05,0.0,0.9120398338151219,0.3880485052284782,6754,0.5,0.99,0.006892229699280086,7.349896973830003,0.7985003718963036,-0.0467308651512632,6.512591450030987,0.006892229699280086,0.7985003718963036,7.349896973830003,1.0,8.262265320164803e-05,8.262265320164803e-05,0.0,0.3880485052284782,0.3880485052284782,0.0,0.9120398338151219,0.9120398338151219,0.0,0.0,0.0,0.0,0.0,0.91,36.4,54.699999999999996,1802.128,22,Walker2d-v5,5603,Agente_2
43.54547333717346,24,162240,354.0820443816059,502.59547514153934,73.7028221866056,218.72,8.262265320164803e-05,0.0,0.9120398338151219,0.3880485052284782,6754,0.5,0.99,0.007649349628907377,7.389590905262874,0.8123566123155447,-0.05339629054069519,6.216139485285832,0.007649349628907377,0.8123566123155447,7.389590905262874,1.0,8.262265320164803e-05,8.262265320164803e-05,0.0,0.3880485052284782,0.3880485052284782,0.0,0.9120398338151219,0.9120398338151219,0.0,0.0,0.0,0.0,0.0,0.195,35.400000000000006,48.05,1770.4,23,Walker2d-v5,5603,Agente_2
46.207226037979126,25,169000,301.18390236729635,400.24452374212433,77.53225357796781,188.57142857142858,8.262265320164803e-05,0.0,0.9120398338151219,0.3880485052284782,6754,0.5,0.99,0.006430705942554042,7.394717678656945,0.7784362022693341,-0.021235455271716303,6.092426817233746,0.006430705942554042,0.7784362022693341,7.394717678656945,1.0,8.262265320164803e-05,8.262265320164803e-05,0.0,0.3880485052284782,0.3880485052284782,0.0,0.9120398338151219,0.9120398338151219,0.0,0.0,0.0,0.0,0.0,0.4825,31.0,49.725,2651.861,24,Walker2d-v5,5603,Agente_2
48.24291205406189,26,175760,360.88499128777113,499.65072135278484,77.53225357796781,217.6,8.262265320164803e-05,0.0,0.9120398338151219,0.3880485052284782,6754,0.5,0.99,0.008077967236973703,7.368539087588971,0.8366023141604203,-0.024279788279762633,5.834099133198078,0.008077967236973703,0.8366023141604203,7.368539087588971,1.0,8.262265320164803e-05,8.262265320164803e-05,0.0,0.3880485052284782,0.3880485052284782,0.0,0.9120398338151219,0.9120398338151219,0.0,0.0,0.0,0.0,0.0,0.5166666666666667,40.9,53.86666666666667,2338.804,25,Walker2d-v5,5603,Agente_2
49.66213250160217,27,182520,362.6266333660234,571.212339168824,77.53225357796781,226.0142857142857,8.262265320164803e-05,0.0,0.9120398338151219,0.3880485052284782,6754,0.5,0.99,0.007990156074531395,7.39944013448862,0.8740871062645545,-0.02060795916387668,6.193141823548537,0.007990156074531395,0.8740871062645545,7.39944013448862,1.0,8.262265320164803e-05,8.262265320164803e-05,0.0,0.3880485052284782,0.3880485052284782,0.0,0.9120398338151219,0.9120398338151219,0.0,0.0,0.0,0.0,0.0,0.1,32.849999999999994,52.9,2028.013,26,Walker2d-v5,5603,Agente_2
51.141854763031006,28,189280,361.7735395964534,571.212339168824,77.53225357796781,225.02,8.262265320164803e-05,0.0,0.9120398338151219,0.3880485052284782,6754,0.5,0.99,0.007572741016785865,7.392438580439641,0.865554601412553,-0.022556390470037095,5.998441498096173,0.007572741016785865,0.865554601412553,7.392438580439641,1.0,8.262265320164803e-05,8.262265320164803e-05,0.0,0.3880485052284782,0.3880485052284782,0.0,0.9120398338151219,0.9120398338151219,0.0,0.0,0.0,0.0,0.0,0.52,34.15,48.3,1887.836,27,Walker2d-v5,5603,Agente_2
53.458678007125854,29,196040,370.2357756235858,571.212339168824,92.80303902115918,226.66,8.262265320164803e-05,0.0,0.9120398338151219,0.3880485052284782,6754,0.5,0.99,0.006264439549256796,7.350893922952506,0.8740377893814674,-0.020891696501236696,6.005226025214562,0.006264439549256796,0.8740377893814674,7.350893922952506,1.0,8.262265320164803e-05,8.262265320164803e-05,0.0,0.3880485052284782,0.3880485052284782,0.0,0.9120398338151219,0.9120398338151219,0.0,0.0,0.0,0.0,0.0,0.17666666666666667,42.0,43.73333333333333,1970.885,28,Walker2d-v5,5603,Agente_2
55.44207286834717,30,202800,365.5927358157646,619.0882221340978,82.20776369568823,226.82,8.262265320164803e-05,0.0,0.9120398338151219,0.3880485052284782,6754,0.5,0.99,0.006909683455873724,7.4346695569845345,0.8708962197487171,-0.021582263650802465,6.586588019591112,0.006909683455873724,0.8708962197487171,7.4346695569845345,1.0,8.262265320164803e-05,8.262265320164803e-05,0.0,0.3880485052284782,0.3880485052284782,0.0,0.9120398338151219,0.9120398338151219,0.0,0.0,0.0,0.0,0.0,0.6,46.6,48.166666666666664,1970.919,29,Walker2d-v5,5603,Agente_2
57.53195118904114,31,209560,361.3038885631619,619.0882221340978,67.68864980215542,227.0,8.262265320164803e-05,0.0,0.9120398338151219,0.3880485052284782,6754,0.5,0.99,0.00746916737401849,7.367780681756827,0.8932275460316584,-0.025292369035574105,6.210519823661217,0.00746916737401849,0.8932275460316584,7.367780681756827,1.0,8.262265320164803e-05,8.262265320164803e-05,0.0,0.3880485052284782,0.3880485052284782,0.0,0.9120398338151219,0.9120398338151219,0.0,0.0,0.0,0.0,0.0,0.27666666666666667,39.96666666666667,53.56666666666666,1985.845,30,Walker2d-v5,5603,Agente_2
59.483701944351196,32,216320,363.064819304086,619.0882221340978,67.68864980215542,231.54,8.262265320164803e-05,0.0,0.9120398338151219,0.3880485052284782,6754,0.5,0.99,0.006477529676787806,7.3571064178760235,0.8718166805230654,-0.020971516720377482,6.582275860126202,0.006477529676787806,0.8718166805230654,7.3571064178760235,1.0,8.262265320164803e-05,8.262265320164803e-05,0.0,0.3880485052284782,0.3880485052284782,0.0,0.9120398338151219,0.9120398338151219,0.0,0.0,0.0,0.0,0.0,0.5033333333333333,36.66666666666667,56.03333333333333,1980.04,31,Walker2d-v5,5603,Agente_2
61.162455558776855,33,223080,376.37885031434604,531.1919536083288,67.68864980215542,228.66,8.262265320164803e-05,0.0,0.9120398338151219,0.3880485052284782,6754,0.5,0.99,0.007600022211996614,7.291045691416814,0.8979415723910699,-0.0238378401272572,6.140474761449374,0.007600022211996614,0.8979415723910699,7.291045691416814,1.0,8.262265320164803e-05,8.262265320164803e-05,0.0,0.3880485052284782,0.3880485052284782,0.0,0.9120398338151219,0.9120398338151219,0.0,0.0,0.0,0.0,0.0,0.845,40.7,56.7,1945.446,32,Walker2d-v5,5603,Agente_2
62.58648657798767,34,229840,371.88139777757794,539.5653375198715,73.16815691649569,233.2,8.262265320164803e-05,0.0,0.9120398338151219,0.3880485052284782,6754,0.5,0.99,0.006095374560782847,7.4168529253739575,0.8935619180019085,-0.022810646862937854,6.419798498887282,0.006095374560782847,0.8935619180019085,7.4168529253739575,1.0,8.262265320164803e-05,8.262265320164803e-05,0.0,0.3880485052284782,0.3880485052284782,0.0,0.9120398338151219,0.9120398338151219,0.0,0.0,0.0,0.0,0.0,0.98,41.099999999999994,56.8,1892.141,33,Walker2d-v5,5603,Agente_2
64.03613209724426,35,236600,374.04996499672075,539.5653375198715,73.16815691649569,233.8,8.262265320164803e-05,0.0,0.9120398338151219,0.3880485052284782,6754,0.5,0.99,0.006261782646330315,7.323372254004846,0.8994249609800485,-0.020785323415811244,6.599786167878371,0.006261782646330315,0.8994249609800485,7.323372254004846,1.0,8.262265320164803e-05,8.262265320164803e-05,0.0,0.3880485052284782,0.3880485052284782,0.0,0.9120398338151219,0.9120398338151219,0.0,0.0,0.0,0.0,0.0,0.185,41.05,56.9,1770.89,34,Walker2d-v5,5603,Agente_2
65.96502089500427,36,243360,372.2431726532044,611.5484827548353,73.16815691649569,230.5,8.262265320164803e-05,0.0,0.9120398338151219,0.3880485052284782,6754,0.5,0.99,0.006834798397847827,7.287663136995755,0.8872835833292742,-0.023414288482700402,6.596802696814904,0.006834798397847827,0.8872835833292742,7.287663136995755,1.0,8.262265320164803e-05,8.262265320164803e-05,0.0,0.3880485052284782,0.3880485052284782,0.0,0.9120398338151219,0.9120398338151219,0.0,0.0,0.0,0.0,0.0,0.6166666666666667,35.96666666666667,57.13333333333333,1760.192,35,Walker2d-v5,5603,Agente_2
67.96501994132996,37,250120,374.9015671133576,611.5484827548353,74.78520846873305,228.43,8.262265320164803e-05,0.0,0.9120398338151219,0.3880485052284782,6754,0.5,0.99,0.007584799401313201,7.369516031558697,0.8820636194485885,-0.023780650559526224,6.909546580681434,0.007584799401313201,0.8820636194485885,7.369516031558697,1.0,8.262265320164803e-05,8.262265320164803e-05,0.0,0.3880485052284782,0.3880485052284782,0.0,0.9120398338151219,0.9120398338151219,0.0,0.0,0.0,0.0,0.0,0.7999999999999999,38.13333333333333,57.166666666666664,1818.565,36,Walker2d-v5,5603,Agente_2
70.20701909065247,38,256880,373.6419748904628,611.5484827548353,74.78520846873305,232.37,8.262265320164803e-05,0.0,0.9120398338151219,0.3880485052284782,6754,0.5,0.99,0.007085280759537664,7.383235417879545,0.89038500556579,-0.025881783277369463,6.387887668609619,0.007085280759537664,0.89038500556579,7.383235417879545,1.0,8.262265320164803e-05,8.262265320164803e-05,0.0,0.3880485052284782,0.3880485052284782,0.0,0.9120398338151219,0.9120398338151219,0.0,0.0,0.0,0.0,0.0,0.6066666666666666,41.03333333333333,57.06666666666667,1894.711,37,Walker2d-v5,5603,Agente_2
74.18348526954651,56,274712,346.3047427666256,379.9542387931655,289.9718959222397,163.66666666666666,7.070107863594683e-05,0.0,0.99,0.4650079916766213,5865,0.5,0.99,0.01569005288633556,6.867776116457852,0.4808185344392603,-0.02916441260921684,7.408616187355735,0.01569005288633556,0.4808185344392603,6.867776116457852,1.0,7.070107863594683e-05,7.070107863594683e-05,0.0,0.4650079916766213,0.4650079916766213,0.0,0.99,0.99,0.0,0.0,0.0,0.0,0.0,0.26,33.4,50.0,2008.62,38,Walker2d-v5,5603,Agente_2
75.73513579368591,57,280584,434.7691062605808,507.72898063849004,289.9718959222397,221.66666666666666,7.070107863594683e-05,0.0,0.99,0.4650079916766213,5865,0.5,0.99,0.018887814379889855,7.124618283185092,0.8627667166969993,-0.03917298145930875,7.008230456438931,0.018887814379889855,0.8627667166969993,7.124618283185092,1.0,7.070107863594683e-05,7.070107863594683e-05,0.0,0.4650079916766213,0.4650079916766213,0.0,0.99,0.99,0.0,0.0,0.0,0.0,0.0,0.6233333333333333,40.666666666666664,53.76666666666667,1773.997,39,Walker2d-v5,5603,Agente_2
77.10895538330078,58,286456,431.58601501067557,507.72898063849004,219.74796409895905,224.19354838709677,7.070107863594683e-05,0.0,0.99,0.4650079916766213,5865,0.5,0.99,0.015079847056900193,7.243170044638894,0.8638897651975805,-0.02409652847458016,6.9165346795862375,0.015079847056900193,0.8638897651975805,7.243170044638894,1.0,7.070107863594683e-05,7.070107863594683e-05,0.0,0.4650079916766213,0.4650079916766213,0.0,0.99,0.99,0.0,0.0,0.0,0.0,0.0,0.505,35.7,51.0,1637.318,40,Walker2d-v5,5603,Agente_2
78.32634043693542,59,292328,437.73579799785904,691.7412242713377,219.74796409895905,228.3956043956044,7.070107863594683e-05,0.0,0.99,0.4650079916766213,5865,0.5,0.99,0.01643043089160611,6.623270862752741,0.8668612897396087,-0.025910579717972063,7.300730011679909,0.01643043089160611,0.8668612897396087,6.623270862752741,1.0,7.070107863594683e-05,7.070107863594683e-05,0.0,0.4650079916766213,0.4650079916766213,0.0,0.99,0.99,0.0,0.0,0.0,0.0,0.0,0.24,34.1,48.3,1528.964,41,Walker2d-v5,5603,Agente_2
79.49922776222229,60,298200,438.80106025943036,691.7412242713377,219.74796409895905,228.69,7.070107863594683e-05,0.0,0.99,0.4650079916766213,5865,0.5,0.99,0.01391186910166818,6.897614310004494,0.8569872070442547,-0.0426622770388018,7.12489391673695,0.01391186910166818,0.8569872070442547,6.897614310004494,1.0,7.070107863594683e-05,7.070107863594683e-05,0.0,0.4650079916766213,0.4650079916766213,0.0,0.99,0.99,0.0,0.0,0.0,0.0,0.0,0.37,36.400000000000006,50.0,1454.954,42,Walker2d-v5,5603,Agente_2
81.13520956039429,61,304072,442.62851735641124,691.7412242713377,219.74796409895905,230.92,7.070107863594683e-05,0.0,0.99,0.4650079916766213,5865,0.5,0.99,0.015798334682106296,6.658947372436524,0.8733018864284862,-0.05724069233983755,7.59880541454662,0.015798334682106296,0.8733018864284862,6.658947372436524,1.0,7.070107863594683e-05,7.070107863594683e-05,0.0,0.4650079916766213,0.4650079916766213,0.0,0.99,0.99,0.0,0.0,0.0,0.0,0.0,0.26,40.86666666666667,46.166666666666664,1483.012,43,Walker2d-v5,5603,Agente_2
82.48829531669617,62,309944,451.0646391090315,691.7412242713377,219.74796409895905,237.33,7.070107863594683e-05,0.0,0.99,0.4650079916766213,5865,0.5,0.99,0.019390477236381477,6.642998699708419,0.8479437286203558,-0.03588717430830002,7.503948870572176,0.019390477236381477,0.8479437286203558,6.642998699708419,1.0,7.070107863594683e-05,7.070107863594683e-05,0.0,0.4650079916766213,0.4650079916766213,0.0,0.99,0.99,0.0,0.0,0.0,0.0,0.0,0.22,36.400000000000006,48.7,1462.476,44,Walker2d-v5,5603,Agente_2
84.2698564529419,63,315816,453.5437471540624,677.8467656365291,54.8863257444014,236.76,7.070107863594683e-05,0.0,0.99,0.4650079916766213,5865,0.5,0.99,0.014492471916111587,6.738517540151423,0.8485766752199693,-0.06068318916315382,7.23134841485457,0.014492471916111587,0.8485766752199693,6.738517540151423,1.0,7.070107863594683e-05,7.070107863594683e-05,0.0,0.4650079916766213,0.4650079916766213,0.0,0.99,0.99,0.0,0.0,0.0,0.0,0.0,0.25,49.15,52.150000000000006,1501.022,45,Walker2d-v5,5603,Agente_2
85.85188484191895,64,321688,460.61040788669663,696.8508273443277,54.8863257444014,239.27,7.070107863594683e-05,0.0,0.99,0.4650079916766213,5865,0.5,0.99,0.020926514366841398,6.56884932084517,0.8311822750351646,-0.03830425427718596,7.503633564168757,0.020926514366841398,0.8311822750351646,6.56884932084517,1.0,7.070107863594683e-05,7.070107863594683e-05,0.0,0.4650079916766213,0.4650079916766213,0.0,0.99,0.99,0.0,0.0,0.0,0.0,0.0,0.1,42.35,54.25,1508.872,46,Walker2d-v5,5603,Agente_2
87.50010514259338,65,327560,436.2929936015869,436.2929936015869,436.2929936015869,183.0,7.070107863594683e-05,0.0,0.99,0.4650079916766213,5865,0.5,0.99,0.012235310176568552,6.574809230457653,0.23083252960985357,-0.05617282306775451,9.527929635481401,0.012235310176568552,0.23083252960985357,6.574809230457653,1.0,7.070107863594683e-05,7.070107863594683e-05,0.0,0.4650079916766213,0.4650079916766213,0.0,0.99,0.99,0.0,0.0,0.0,0.0,0.0,0.23,24.566666666666666,48.23333333333333,1635.254,47,Walker2d-v5,5603,Agente_2
89.20003867149353,66,333432,470.5445531560929,600.4765539317481,406.5384794641596,226.2258064516129,7.070107863594683e-05,0.0,0.99,0.4650079916766213,5865,0.5,0.99,0.014496515978746835,6.863445650447499,0.7606619455597617,-0.027650004168125717,8.871169372038407,0.014496515978746835,0.7606619455597617,6.863445650447499,1.0,7.070107863594683e-05,7.070107863594683e-05,0.0,0.4650079916766213,0.4650079916766213,0.0,0.99,0.99,0.0,0.0,0.0,0.0,0.0,0.17500000000000002,41.7,50.3,1662.218,48,Walker2d-v5,5603,Agente_2
90.87650227546692,67,339304,460.91449467401975,600.4765539317481,384.43572411962424,223.85,7.070107863594683e-05,0.0,0.99,0.4650079916766213,5865,0.5,0.99,0.015174309997316662,6.612623665549538,0.7630328265103427,-0.02841981877996163,8.54477162361145,0.015174309997316662,0.7630328265103427,6.612623665549538,1.0,7.070107863594683e-05,7.070107863594683e-05,0.0,0.4650079916766213,0.4650079916766213,0.0,0.99,0.99,0.0,0.0,0.0,0.0,0.0,0.5,44.53333333333333,53.23333333333333,1663.893,49,Walker2d-v5,5603,Agente_2
92.10370349884033,68,345176,467.48293700264594,600.4765539317481,384.43572411962424,227.0235294117647,7.070107863594683e-05,0.0,0.99,0.4650079916766213,5865,0.5,0.99,0.014752664275940994,6.171336607499556,0.7134167855436152,-0.0016718621958385813,8.370675073970448,0.014752664275940994,0.7134167855436152,6.171336607499556,1.0,7.070107863594683e-05,7.070107863594683e-05,0.0,0.4650079916766213,0.4650079916766213,0.0,0.99,0.99,0.0,0.0,0.0,0.0,0.0,0.42,29.7,50.3,1552.256,50,Walker2d-v5,5603,Agente_2
93.41848945617676,69,351048,473.9005556776464,941.8084683271663,384.43572411962424,233.66,7.070107863594683e-05,0.0,0.99,0.4650079916766213,5865,0.5,0.99,0.01525779890150509,6.1852076270363545,0.6580853142521598,-0.034582498330961574,8.370675195347179,0.01525779890150509,0.6580853142521598,6.1852076270363545,1.0,7.070107863594683e-05,7.070107863594683e-05,0.0,0.4650079916766213,0.4650079916766213,0.0,0.99,0.99,0.0,0.0,0.0,0.0,0.0,0.26,30.5,48.05,1502.783,51,Walker2d-v5,5603,Agente_2
94.67183446884155,70,356920,475.0270453886217,941.8084683271663,88.56883053722606,234.87,7.070107863594683e-05,0.0,0.99,0.4650079916766213,5865,0.5,0.99,0.012338228677584663,6.45959134535356,0.6580405679616061,-0.03902598402716897,8.802100029858677,0.012338228677584663,0.6580405679616061,6.45959134535356,1.0,7.070107863594683e-05,7.070107863594683e-05,0.0,0.4650079916766213,0.4650079916766213,0.0,0.99,0.99,0.0,0.0,0.0,0.0,0.0,0.7,28.700000000000003,43.3,1459.107,52,Walker2d-v5,5603,Agente_2
96.32233810424805,71,362792,476.4204083018488,941.8084683271663,84.95571783342467,238.11,7.070107863594683e-05,0.0,0.99,0.4650079916766213,5865,0.5,0.99,0.01844667196472239,6.16722397370772,0.6057686513120478,-0.02941902977499095,8.98714786009355,0.01844667196472239,0.6057686513120478,6.16722397370772,1.0,7.070107863594683e-05,7.070107863594683e-05,0.0,0.4650079916766213,0.4650079916766213,0.0,0.99,0.99,0.0,0.0,0.0,0.0,0.0,0.31500000000000006,42.0,42.85,1484.229,53,Walker2d-v5,5603,Agente_2
97.97459363937378,72,368664,478.8138910154496,941.8084683271663,84.95571783342467,238.22,7.070107863594683e-05,0.0,0.99,0.4650079916766213,5865,0.5,0.99,0.017318502083997538,6.446923767436634,0.6214761777357621,-0.0030855378982695665,8.481283096833662,0.017318502083997538,0.6214761777357621,6.446923767436634,1.0,7.070107863594683e-05,7.070107863594683e-05,0.0,0.4650079916766213,0.4650079916766213,0.0,0.99,0.99,0.0,0.0,0.0,0.0,0.0,0.31666666666666665,50.9,47.833333333333336,1503.601,54,Walker2d-v5,5603,Agente_2
99.37128114700317,73,374536,483.26390892369744,750.9690914020946,84.95571783342467,238.02,7.070107863594683e-05,0.0,0.99,0.4650079916766213,5865,0.5,0.99,0.018918672093489228,5.987256210500544,0.6050148579207334,-0.04004267992621118,8.557458405061201,0.018918672093489228,0.6050148579207334,5.987256210500544,1.0,7.070107863594683e-05,7.070107863594683e-05,0.0,0.4650079916766213,0.4650079916766213,0.0,0.99,0.99,0.0,0.0,0.0,0.0,0.0,0.515,38.8,52.650000000000006,1490.661,55,Walker2d-v5,5603,Agente_2
100.99686789512634,74,380408,375.13610025927375,410.2579620475038,340.0142384710437,163.0,7.070107863594683e-05,0.0,0.99,0.4650079916766213,5865,0.5,0.99,0.023988981172443986,6.260956261374734,0.08736239780079234,-0.02670952884311026,9.47824555310336,0.023988981172443986,0.08736239780079234,6.260956261374734,1.0,7.070107863594683e-05,7.070107863594683e-05,0.0,0.4650079916766213,0.4650079916766213,0.0,0.99,0.99,0.0,0.0,0.0,0.0,0.0,0.21,24.733333333333334,51.833333333333336,1616.313,56,Walker2d-v5,5603,Agente_2
102.65856862068176,75,386280,486.0839170134991,709.2632341844895,106.62510275746305,230.21212121212122,7.070107863594683e-05,0.0,0.99,0.4650079916766213,5865,0.5,0.99,0.014683047248399816,6.575767061927102,0.38539967807856473,-0.04751690654084086,8.61348185972734,0.014683047248399816,0.38539967807856473,6.575767061927102,1.0,7.070107863594683e-05,7.070107863594683e-05,0.0,0.4650079916766213,0.4650079916766213,0.0,0.99,0.99,0.0,0.0,0.0,0.0,0.0,0.07,33.95,48.95,1634.111,57,Walker2d-v5,5603,Agente_2
104.07442450523376,76,392152,486.02343801775277,709.2632341844895,72.6619220786601,233.43333333333334,7.070107863594683e-05,0.0,0.99,0.4650079916766213,5865,0.5,0.99,0.023147992641580375,5.470848855105314,0.34030860662460327,-0.02068036770956083,8.530713705583052,0.023147992641580375,0.34030860662460327,5.470848855105314,1.0,7.070107863594683e-05,7.070107863594683e-05,0.0,0.4650079916766213,0.4650079916766213,0.0,0.99,0.99,0.0,0.0,0.0,0.0,0.0,0.72,44.0,51.6,1556.828,58,Walker2d-v5,5603,Agente_2
105.46946287155151,77,398024,490.883082011281,709.2632341844895,72.6619220786601,235.23809523809524,7.070107863594683e-05,0.0,0.99,0.4650079916766213,5865,0.5,0.99,0.018607132608634527,5.595262106982145,0.5114566727118058,-0.011752267249605873,8.77821313684637,0.018607132608634527,0.5114566727118058,5.595262106982145,1.0,7.070107863594683e-05,7.070107863594683e-05,0.0,0.4650079916766213,0.4650079916766213,0.0,0.99,0.99,0.0,0.0,0.0,0.0,0.0,0.42,45.2,53.85,1513.741,59,Walker2d-v5,5603,Agente_2
106.93340349197388,78,403896,499.95532931940687,709.2632341844895,72.6619220786601,237.34,7.070107863594683e-05,0.0,0.99,0.4650079916766213,5865,0.5,0.99,0.01837530117910236,5.838299829309637,0.3586924677545374,-0.004330809515985576,8.964064637097445,0.01837530117910236,0.3586924677545374,5.838299829309637,1.0,7.070107863594683e-05,7.070107863594683e-05,0.0,0.4650079916766213,0.4650079916766213,0.0,0.99,0.99,0.0,0.0,0.0,0.0,0.0,0.54,37.95,55.1,1501.205,60,Walker2d-v5,5603,Agente_2
108.35760831832886,79,409768,507.4583165231052,709.2632341844895,72.6619220786601,240.9,7.070107863594683e-05,0.0,0.99,0.4650079916766213,5865,0.5,0.99,0.00932303063263217,6.032367845015092,0.4313945163380016,-0.019844855469736185,8.663864317807285,0.00932303063263217,0.4313945163380016,6.032367845015092,1.0,7.070107863594683e-05,7.070107863594683e-05,0.0,0.4650079916766213,0.4650079916766213,0.0,0.99,0.99,0.0,0.0,0.0,0.0,0.0,0.19,29.8,50.95,1486.108,61,Walker2d-v5,5603,Agente_2
109.53997921943665,80,415640,508.2785180464577,699.8987203343993,297.10700649715653,237.47,7.070107863594683e-05,0.0,0.99,0.4650079916766213,5865,0.5,0.99,0.01164845316591461,5.589405324242332,0.5798639503392307,-0.025842806019566275,8.936997587030584,0.01164845316591461,0.5798639503392307,5.589405324242332,1.0,7.070107863594683e-05,7.070107863594683e-05,0.0,0.4650079916766213,0.4650079916766213,0.0,0.99,0.99,0.0,0.0,0.0,0.0,0.0,0.9,31.5,39.9,1441.111,62,Walker2d-v5,5603,Agente_2
111.24789214134216,81,421512,518.676027133257,804.2191184157183,297.10700649715653,242.06,7.070107863594683e-05,0.0,0.99,0.4650079916766213,5865,0.5,0.99,0.010887378209670054,5.481358506462791,0.4489001534201882,-0.03675008964809504,8.857371603358876,0.010887378209670054,0.4489001534201882,5.481358506462791,1.0,7.070107863594683e-05,7.070107863594683e-05,0.0,0.4650079916766213,0.4650079916766213,0.0,0.99,0.99,0.0,0.0,0.0,0.0,0.0,0.22,44.4,43.4,1473.27,63,Walker2d-v5,5603,Agente_2
113.01421856880188,82,427384,527.2500547809284,804.2191184157183,297.10700649715653,244.74,7.070107863594683e-05,0.0,0.99,0.4650079916766213,5865,0.5,0.99,0.01439754483620742,5.5749055103822185,0.46519016298380766,-0.0274500695141879,8.877925391630693,0.01439754483620742,0.46519016298380766,5.5749055103822185,1.0,7.070107863594683e-05,7.070107863594683e-05,0.0,0.4650079916766213,0.4650079916766213,0.0,0.99,0.99,0.0,0.0,0.0,0.0,0.0,0.225,53.65,49.150000000000006,1504.698,64,Walker2d-v5,5603,Agente_2
114.87623357772827,83,433256,377.92684018608963,426.73556835561095,321.9555266108944,165.75,7.070107863594683e-05,0.0,0.99,0.4650079916766213,5865,0.5,0.99,0.008513472208077714,6.31772684617476,0.16543245694854042,-0.03360944698480042,9.521515560150146,0.008513472208077714,0.16543245694854042,6.31772684617476,1.0,7.070107863594683e-05,7.070107863594683e-05,0.0,0.4650079916766213,0.4650079916766213,0.0,0.99,0.99,0.0,0.0,0.0,0.0,0.0,0.47666666666666674,65.66666666666667,56.199999999999996,1853.173,65,Walker2d-v5,5603,Agente_2
116.72659802436829,84,439128,491.7388038661325,699.1124266495125,246.89126688730067,223.54545454545453,7.070107863594683e-05,0.0,0.99,0.4650079916766213,5865,0.5,0.99,0.018054449985819784,5.943351903828708,0.3988447546958923,-0.017935688336464493,8.876058370416814,0.018054449985819784,0.3988447546958923,5.943351903828708,1.0,7.070107863594683e-05,7.070107863594683e-05,0.0,0.4650079916766213,0.4650079916766213,0.0,0.99,0.99,0.0,0.0,0.0,0.0,0.0,0.8433333333333334,36.06666666666666,57.0,1846.719,66,Walker2d-v5,5603,Agente_2
118.33475279808044,85,445000,516.174239856938,747.0647263033405,246.89126688730067,237.48214285714286,7.070107863594683e-05,0.0,0.99,0.4650079916766213,5865,0.5,0.99,0.01284777801397881,5.6960113677111535,0.22447866147214715,0.02443746348673647,8.54877550385215,0.01284777801397881,0.22447866147214715,5.6960113677111535,1.0,7.070107863594683e-05,7.070107863594683e-05,0.0,0.4650079916766213,0.4650079916766213,0.0,0.99,0.99,0.0,0.0,0.0,0.0,0.0,0.7949999999999999,38.5,57.25,1762.885,67,Walker2d-v5,5603,Agente_2
120.28064250946045,86,450872,517.6918996635968,747.0647263033405,246.89126688730067,241.65,7.070107863594683e-05,0.0,0.99,0.4650079916766213,5865,0.5,0.99,0.01617963785058898,5.861206899989735,0.352211594581604,-0.0049105323597111485,8.483334281227805,0.01617963785058898,0.352211594581604,5.861206899989735,1.0,7.070107863594683e-05,7.070107863594683e-05,0.0,0.4650079916766213,0.4650079916766213,0.0,0.99,0.99,0.0,0.0,0.0,0.0,0.0,0.37666666666666665,44.400000000000006,57.29999999999999,1805.331,68,Walker2d-v5,5603,Agente_2
121.74667286872864,87,456744,519.7277226451204,747.0647263033405,246.89126688730067,243.07,7.070107863594683e-05,0.0,0.99,0.4650079916766213,5865,0.5,0.99,0.011355070089534406,5.826665483821522,0.40708695433356545,-0.02547124062072147,8.935705679113214,0.011355070089534406,0.40708695433356545,5.826665483821522,1.0,7.070107863594683e-05,7.070107863594683e-05,0.0,0.4650079916766213,0.4650079916766213,0.0,0.99,0.99,0.0,0.0,0.0,0.0,0.0,0.965,39.05,57.349999999999994,1734.864,69,Walker2d-v5,5603,Agente_2
123.49863457679749,88,462616,529.6115263947681,974.5285614728958,197.94408698966197,253.62,7.070107863594683e-05,0.0,0.99,0.4650079916766213,5865,0.5,0.99,0.013391179562313482,5.793611877614802,0.38277300162748856,-0.02929256595671177,9.010062469135631,0.013391179562313482,0.38277300162748856,5.793611877614802,1.0,7.070107863594683e-05,7.070107863594683e-05,0.0,0.4650079916766213,0.4650079916766213,0.0,0.99,0.99,0.0,0.0,0.0,0.0,0.0,0.83,48.55,57.55,1736.053,70,Walker2d-v5,5603,Agente_2
124.82959055900574,89,468488,521.579695467572,974.5285614728958,197.94408698966197,248.83,7.070107863594683e-05,0.0,0.99,0.4650079916766213,5865,0.5,0.99,0.01250399825896073,6.19197040904652,0.3609145234931599,-0.012519217214801094,8.293393980373036,0.01250399825896073,0.3609145234931599,6.19197040904652,1.0,7.070107863594683e-05,7.070107863594683e-05,0.0,0.4650079916766213,0.4650079916766213,0.0,0.99,0.99,0.0,0.0,0.0,0.0,0.0,0.515,42.95,57.45,1676.735,71,Walker2d-v5,5603,Agente_2
126.29962730407715,90,474360,524.2235019899174,974.5285614728958,197.94408698966197,247.92,7.070107863594683e-05,0.0,0.99,0.4650079916766213,5865,0.5,0.99,0.012986353095882143,5.502104958620938,0.3788098373196342,-0.011437397907403382,8.96605022170327,0.012986353095882143,0.3788098373196342,5.502104958620938,1.0,7.070107863594683e-05,7.070107863594683e-05,0.0,0.4650079916766213,0.4650079916766213,0.0,0.99,0.99,0.0,0.0,0.0,0.0,0.0,0.835,36.35,57.45,1649.771,72,Walker2d-v5,5603,Agente_2
128.41957139968872,91,480232,533.3001850534166,974.5285614728958,197.94408698966197,251.18,7.070107863594683e-05,0.0,0.99,0.4650079916766213,5865,0.5,0.99,0.01250713716647376,6.189417565952648,0.3969221537763422,-0.018806240081109784,8.780398347161032,0.01250713716647376,0.3969221537763422,6.189417565952648,1.0,7.070107863594683e-05,7.070107863594683e-05,0.0,0.4650079916766213,0.4650079916766213,0.0,0.99,0.99,0.0,0.0,0.0,0.0,0.0,0.3866666666666667,43.73333333333333,57.46666666666667,1700.866,73,Walker2d-v5,5603,Agente_2
130.30030918121338,92,486104,530.8996838786137,762.0706146776179,94.49194675338484,245.48,7.070107863594683e-05,0.0,0.99,0.4650079916766213,5865,0.5,0.99,0.010530075900830773,6.031614377281882,0.4358396557244388,-0.02791515151885423,8.650186265598643,0.010530075900830773,0.4358396557244388,6.031614377281882,1.0,7.070107863594683e-05,7.070107863594683e-05,0.0,0.4650079916766213,0.4650079916766213,0.0,0.99,0.99,0.0,0.0,0.0,0.0,0.0,0.56,35.825,57.4,1717.887,74,Walker2d-v5,5603,Agente_2
131.87649059295654,93,491976,531.7365892724941,1057.8135563461499,94.49194675338484,247.56,7.070107863594683e-05,0.0,0.99,0.4650079916766213,5865,0.5,0.99,0.012806498972697061,5.9087765303525055,0.4257488705895164,-0.015370561080900106,8.605742675607855,0.012806498972697061,0.4257488705895164,5.9087765303525055,1.0,7.070107863594683e-05,7.070107863594683e-05,0.0,0.4650079916766213,0.4650079916766213,0.0,0.99,0.99,0.0,0.0,0.0,0.0,0.0,0.4033333333333334,39.93333333333333,52.699999999999996,1689.084,75,Walker2d-v5,5603,Agente_2
133.6715395450592,94,497848,525.2565710413418,1057.8135563461499,18.123233594869994,245.11,7.070107863594683e-05,0.0,0.99,0.4650079916766213,5865,0.5,0.99,0.014036391832583334,5.797064208984375,0.23128343549641697,-0.009455556811934168,8.807556239041416,0.014036391832583334,0.23128343549641697,5.797064208984375,1.0,7.070107863594683e-05,7.070107863594683e-05,0.0,0.4650079916766213,0.4650079916766213,0.0,0.99,0.99,0.0,0.0,0.0,0.0,0.0,0.62,43.099999999999994,49.7,1683.241,76,Walker2d-v5,5603,Agente_2
135.5425136089325,95,503720,524.1780345687116,1057.8135563461499,18.123233594869994,245.69,7.070107863594683e-05,0.0,0.99,0.4650079916766213,5865,0.5,0.99,0.015058165729996372,5.973812064257535,0.11063173088160429,-0.010074348205869848,8.944200364026157,0.015058165729996372,0.11063173088160429,5.973812064257535,1.0,7.070107863594683e-05,7.070107863594683e-05,0.0,0.4650079916766213,0.4650079916766213,0.0,0.99,0.99,0.0,0.0,0.0,0.0,0.0,0.49666666666666665,42.36666666666667,53.333333333333336,1709.819,77,Walker2d-v5,5603,Agente_2
136.691237449646,96,509592,523.2411983289576,1057.8135563461499,18.123233594869994,244.02,7.070107863594683e-05,0.0,0.99,0.4650079916766213,5865,0.5,0.99,0.01636316676995193,5.736264683983543,0.19499324343421243,-0.023594852147454565,8.932178987156261,0.01636316676995193,0.19499324343421243,5.736264683983543,1.0,7.070107863594683e-05,7.070107863594683e-05,0.0,0.4650079916766213,0.4650079916766213,0.0,0.99,0.99,0.0,0.0,0.0,0.0,0.0,0.46,27.950000000000003,50.349999999999994,1630.413,78,Walker2d-v5,5603,Agente_2
137.91945099830627,97,515464,525.8041716350534,960.5634722264431,18.123233594869994,245.08,7.070107863594683e-05,0.0,0.99,0.4650079916766213,5865,0.5,0.99,0.011503543317667208,5.5487459529529914,0.41922641450708564,-0.039050472324544734,9.165444126996126,0.011503543317667208,0.41922641450708564,5.5487459529529914,1.0,7.070107863594683e-05,7.070107863594683e-05,0.0,0.4650079916766213,0.4650079916766213,0.0,0.99,0.99,0.0,0.0,0.0,0.0,0.0,0.1,33.2,47.7,1607.001,79,Walker2d-v5,5603,Agente_2
139.1826047897339,98,521336,531.2136806343063,818.3310341233911,308.3755713519687,244.62,7.070107863594683e-05,0.0,0.99,0.4650079916766213,5865,0.5,0.99,0.015055421956243332,6.5542956655675715,0.3958726622841575,0.006358544799414548,8.60685700936751,0.015055421956243332,0.3958726622841575,6.5542956655675715,1.0,7.070107863594683e-05,7.070107863594683e-05,0.0,0.4650079916766213,0.4650079916766213,0.0,0.99,0.99,0.0,0.0,0.0,0.0,0.0,0.15,26.03333333333333,47.23333333333333,1558.008,80,Walker2d-v5,5603,Agente_2
140.6196460723877,99,527208,528.220001215212,818.3310341233911,308.3755713519687,244.5,7.070107863594683e-05,0.0,0.99,0.4650079916766213,5865,0.5,0.99,0.012777952144460869,5.811229406703602,0.38845077698880975,0.0015824330801313573,8.941340840946545,0.012777952144460869,0.38845077698880975,5.811229406703602,1.0,7.070107863594683e-05,7.070107863594683e-05,0.0,0.4650079916766213,0.4650079916766213,0.0,0.99,0.99,0.0,0.0,0.0,0.0,0.0,0.45999999999999996,40.1,43.349999999999994,1568.562,81,Walker2d-v5,5603,Agente_2
141.91943836212158,100,533080,535.0037584039529,837.4242437740953,59.29156260280935,249.49,7.070107863594683e-05,0.0,0.99,0.4650079916766213,5865,0.5,0.99,0.014646675576725762,6.187271196191961,0.13592987548221241,-0.014429975317960435,8.923465746099298,0.014646675576725762,0.13592987548221241,6.187271196191961,1.0,7.070107863594683e-05,7.070107863594683e-05,0.0,0.4650079916766213,0.4650079916766213,0.0,0.99,0.99,0.0,0.0,0.0,0.0,0.0,0.84,46.8,45.1,1551.474,82,Walker2d-v5,5603,Agente_2
143.61842560768127,101,538952,411.03212028900407,438.53567718162867,393.58049488414713,182.0,7.070107863594683e-05,0.0,0.99,0.4650079916766213,5865,0.5,0.99,0.010911905129484306,6.273402149027044,0.1090266850861636,-0.028700107810172168,9.440428543090821,0.010911905129484306,0.1090266850861636,6.273402149027044,1.0,7.070107863594683e-05,7.070107863594683e-05,0.0,0.4650079916766213,0.4650079916766213,0.0,0.99,0.99,0.0,0.0,0.0,0.0,0.0,0.2733333333333334,55.400000000000006,48.166666666666664,1689.652,83,Walker2d-v5,5603,Agente_2
145.03826522827148,102,544824,551.9381777662062,715.402782852952,393.58049488414713,243.40625,7.070107863594683e-05,0.0,0.99,0.4650079916766213,5865,0.5,0.99,0.025317255071885567,5.338619019768455,-0.06411858092654835,0.021005637300285426,8.639661754261363,0.025317255071885567,-0.06411858092654835,5.338619019768455,1.0,7.070107863594683e-05,7.070107863594683e-05,0.0,0.4650079916766213,0.4650079916766213,0.0,0.99,0.99,0.0,0.0,0.0,0.0,0.0,0.435,32.45,48.05,1548.148,84,Walker2d-v5,5603,Agente_2
146.75016593933105,103,550696,535.5063796152256,715.402782852952,393.58049488414713,236.61666666666667,7.070107863594683e-05,0.0,0.99,0.4650079916766213,5865,0.5,0.99,0.009896619164861807,5.543804970654574,0.37716044675220145,-0.005397355573421175,8.521290358630093,0.009896619164861807,0.37716044675220145,5.543804970654574,1.0,7.070107863594683e-05,7.070107863594683e-05,0.0,0.4650079916766213,0.4650079916766213,0.0,0.99,0.99,0.0,0.0,0.0,0.0,0.0,0.2,51.0,44.900000000000006,1599.686,85,Walker2d-v5,5603,Agente_2
148.1308958530426,104,556568,532.8357575043602,715.402782852952,376.1127056424192,236.49382716049382,7.070107863594683e-05,0.0,0.99,0.4650079916766213,5865,0.5,0.99,0.011558815994860859,5.978118181228638,0.3264972589232705,0.0029787692834030498,8.786548094315963,0.011558815994860859,0.3264972589232705,5.978118181228638,1.0,7.070107863594683e-05,7.070107863594683e-05,0.0,0.4650079916766213,0.4650079916766213,0.0,0.99,0.99,0.0,0.0,0.0,0.0,0.0,0.34,29.95,47.349999999999994,1541.777,86,Walker2d-v5,5603,Agente_2
150.03285813331604,105,562440,542.008111225344,763.5513250972875,376.1127056424192,243.58163265306123,7.070107863594683e-05,0.0,0.99,0.4650079916766213,5865,0.5,0.99,0.008236110824774105,5.459413673660972,0.35632275993173773,-0.043697909570553084,9.329679315740412,0.008236110824774105,0.35632275993173773,5.459413673660972,1.0,7.070107863594683e-05,7.070107863594683e-05,0.0,0.4650079916766213,0.4650079916766213,0.0,0.99,0.99,0.0,0.0,0.0,0.0,0.0,0.5933333333333334,39.4,50.26666666666667,1611.251,87,Walker2d-v5,5603,Agente_2
151.36912369728088,106,568312,540.0946790500835,817.8577235348752,376.1127056424192,246.76,7.070107863594683e-05,0.0,0.99,0.4650079916766213,5865,0.5,0.99,0.008152003004844036,6.44306021603671,0.5608780102296309,-0.026580156081102112,8.806908239017833,0.008152003004844036,0.5608780102296309,6.44306021603671,1.0,7.070107863594683e-05,7.070107863594683e-05,0.0,0.4650079916766213,0.4650079916766213,0.0,0.99,0.99,0.0,0.0,0.0,0.0,0.0,0.42,34.150000000000006,46.75,1563.89,88,Walker2d-v5,5603,Agente_2
152.8384575843811,107,574184,545.0601982929367,839.0848428577331,270.72249273417106,251.22,7.070107863594683e-05,0.0,0.99,0.4650079916766213,5865,0.5,0.99,0.01030678169579253,5.321281094984575,0.4910324519330805,-0.0366447586227547,8.876551589098844,0.01030678169579253,0.4910324519330805,5.321281094984575,1.0,7.070107863594683e-05,7.070107863594683e-05,0.0,0.4650079916766213,0.4650079916766213,0.0,0.99,0.99,0.0,0.0,0.0,0.0,0.0,0.08,36.4,48.6,1548.799,89,Walker2d-v5,5603,Agente_2
155.06493616104126,108,580056,538.5952040504822,839.0848428577331,270.72249273417106,248.35,7.070107863594683e-05,0.0,0.99,0.4650079916766213,5865,0.5,0.99,0.010112645302830391,6.108061612736095,0.48343138207088815,-0.02782352471893484,8.733892835270275,0.010112645302830391,0.48343138207088815,6.108061612736095,1.0,7.070107863594683e-05,7.070107863594683e-05,0.0,0.4650079916766213,0.4650079916766213,0.0,0.99,0.99,0.0,0.0,0.0,0.0,0.0,0.6266666666666666,44.29999999999999,52.29999999999999,1631.723,90,Walker2d-v5,5603,Agente_2
156.76610493659973,109,585928,540.4915684231573,950.935036912388,270.72249273417106,249.42,7.070107863594683e-05,0.0,0.99,0.4650079916766213,5865,0.5,0.99,0.0075007630209173925,5.658676433563232,0.2941693116318096,0.013291404718025163,8.980432406338778,0.0075007630209173925,0.2941693116318096,5.658676433563232,1.0,7.070107863594683e-05,7.070107863594683e-05,0.0,0.4650079916766213,0.4650079916766213,0.0,0.99,0.99,0.0,0.0,0.0,0.0,0.0,0.51,44.25,54.599999999999994,1638.041,91,Walker2d-v5,5603,Agente_2
158.73035740852356,110,591800,416.1722248758219,416.1722248758219,416.1722248758219,176.0,7.070107863594683e-05,0.0,0.99,0.4650079916766213,5865,0.5,0.99,0.00876031855851756,5.945632349361073,0.021137343753467906,-0.03751409240067005,9.351613998413086,0.00876031855851756,0.021137343753467906,5.945632349361073,1.0,7.070107863594683e-05,7.070107863594683e-05,0.0,0.4650079916766213,0.4650079916766213,0.0,0.99,0.99,0.0,0.0,0.0,0.0,0.0,0.7066666666666667,26.933333333333337,56.43333333333334,1953.687,92,Walker2d-v5,5603,Agente_2
160.39817571640015,111,597672,546.1967156749023,792.7596184197237,385.56729207367283,237.5151515151515,7.070107863594683e-05,0.0,0.99,0.4650079916766213,5865,0.5,0.99,0.01692983487684449,5.686848743395372,0.35932215289636094,0.00408728921955282,8.599761837179011,0.01692983487684449,0.35932215289636094,5.686848743395372,1.0,7.070107863594683e-05,7.070107863594683e-05,0.0,0.4650079916766213,0.4650079916766213,0.0,0.99,0.99,0.0,0.0,0.0,0.0,0.0,0.7166666666666667,38.1,57.26666666666667,1804.4,93,Walker2d-v5,5603,Agente_2
161.69884634017944,112,603544,543.13589921525,792.7596184197237,385.56729207367283,237.327868852459,7.070107863594683e-05,0.0,0.99,0.4650079916766213,5865,0.5,0.99,0.01151362362169576,5.033273077011108,0.42435338334603745,0.024450911310586063,8.595925916324962,0.01151362362169576,0.42435338334603745,5.033273077011108,1.0,7.070107863594683e-05,7.070107863594683e-05,0.0,0.4650079916766213,0.4650079916766213,0.0,0.99,0.99,0.0,0.0,0.0,0.0,0.0,0.98,42.9,57.4,1632.142,94,Walker2d-v5,5603,Agente_2
163.26707220077515,113,609416,545.1163967939282,792.7596184197237,385.56729207367283,237.51162790697674,7.070107863594683e-05,0.0,0.99,0.4650079916766213,5865,0.5,0.99,0.007762743410322318,5.375784334269437,0.540630616383119,-0.008266070281917398,8.773910669846968,0.007762743410322318,0.540630616383119,5.375784334269437,1.0,7.070107863594683e-05,7.070107863594683e-05,0.0,0.4650079916766213,0.4650079916766213,0.0,0.99,0.99,0.0,0.0,0.0,0.0,0.0,0.5366666666666666,40.1,57.46666666666667,1613.929,95,Walker2d-v5,5603,Agente_2
164.73706316947937,114,615288,538.0697842207308,792.7596184197237,278.31219536040913,236.6,7.070107863594683e-05,0.0,0.99,0.4650079916766213,5865,0.5,0.99,0.011007249342781671,5.460588216781616,0.49609413905577227,-0.021104956879703835,8.833014102415605,0.011007249342781671,0.49609413905577227,5.460588216781616,1.0,7.070107863594683e-05,7.070107863594683e-05,0.0,0.4650079916766213,0.4650079916766213,0.0,0.99,0.99,0.0,0.0,0.0,0.0,0.0,0.47,39.75,57.4,1583.184,96,Walker2d-v5,5603,Agente_2
166.25879454612732,115,621160,524.2185724907788,757.7595577267015,56.980282988021976,233.3,7.070107863594683e-05,0.0,0.99,0.4650079916766213,5865,0.5,0.99,0.009623792852909735,5.514624678004871,0.5226017550988631,-0.02392685670744289,8.998414360393177,0.009623792852909735,0.5226017550988631,5.514624678004871,1.0,7.070107863594683e-05,7.070107863594683e-05,0.0,0.4650079916766213,0.4650079916766213,0.0,0.99,0.99,0.0,0.0,0.0,0.0,0.0,0.795,38.75,57.349999999999994,1571.469,97,Walker2d-v5,5603,Agente_2
167.56529927253723,116,627032,522.856659488907,757.7595577267015,56.980282988021976,231.44,7.070107863594683e-05,0.0,0.99,0.4650079916766213,5865,0.5,0.99,0.012911728978790712,5.198182595859874,0.38940296444025907,-0.021573324603113262,8.996862628243186,0.012911728978790712,0.38940296444025907,5.198182595859874,1.0,7.070107863594683e-05,7.070107863594683e-05,0.0,0.4650079916766213,0.4650079916766213,0.0,0.99,0.99,0.0,0.0,0.0,0.0,0.0,0.43,39.5,57.2,1532.24,98,Walker2d-v5,5603,Agente_2
168.85448837280273,117,632904,514.040479279466,714.1800867330376,56.980282988021976,228.89,7.070107863594683e-05,0.0,0.99,0.4650079916766213,5865,0.5,0.99,0.010020950475452331,5.770978578654202,0.6030799020420421,0.007756344669244506,8.934827223691073,0.010020950475452331,0.6030799020420421,5.770978578654202,1.0,7.070107863594683e-05,7.070107863594683e-05,0.0,0.4650079916766213,0.4650079916766213,0.0,0.99,0.99,0.0,0.0,0.0,0.0,0.0,0.97,39.099999999999994,57.2,1500.605,99,Walker2d-v5,5603,Agente_2
170.53846621513367,118,638776,520.3252550275374,736.2758240843277,56.980282988021976,230.6,7.070107863594683e-05,0.0,0.99,0.4650079916766213,5865,0.5,0.99,0.011170937948471956,5.428568029403687,0.528298431634903,-0.022046762027523734,8.844736810164019,0.011170937948471956,0.528298431634903,5.428568029403687,1.0,7.070107863594683e-05,7.070107863594683e-05,0.0,0.4650079916766213,0.4650079916766213,0.0,0.99,0.99,0.0,0.0,0.0,0.0,0.0,0.815,41.650000000000006,57.1,1519.524,100,Walker2d-v5,5603,Agente_2
172.0020112991333,119,644648,525.183466002989,736.2758240843277,171.40037826736148,231.41,7.070107863594683e-05,0.0,0.99,0.4650079916766213,5865,0.5,0.99,0.007681387875907769,6.018281555175781,0.5935553274371407,-0.01107632385736162,8.94880112734708,0.007681387875907769,0.5935553274371407,6.018281555175781,1.0,7.070107863594683e-05,7.070107863594683e-05,0.0,0.4650079916766213,0.4650079916766213,0.0,0.99,0.99,0.0,0.0,0.0,0.0,0.0,0.78,40.35,56.9,1513.055,101,Walker2d-v5,5603,Agente_2
173.2345643043518,120,650520,517.2691122632806,736.2758240843277,171.40037826736148,229.92,7.070107863594683e-05,0.0,0.99,0.4650079916766213,5865,0.5,0.99,0.007564728596001011,5.5165126497095285,0.5953683939847079,-0.04684141505170952,9.044908653606068,0.007564728596001011,0.5953683939847079,5.5165126497095285,1.0,7.070107863594683e-05,7.070107863594683e-05,0.0,0.4650079916766213,0.4650079916766213,0.0,0.99,0.99,0.0,0.0,0.0,0.0,0.0,0.555,38.7,56.849999999999994,1440.032,102,Walker2d-v5,5603,Agente_2
174.48238492012024,121,656392,516.3158636049544,736.2758240843277,148.2852778615959,231.92,7.070107863594683e-05,0.0,0.99,0.4650079916766213,5865,0.5,0.99,0.0072156747785150155,5.737120784412731,0.5698877849362113,-0.025779080915857445,8.991205501556397,0.0072156747785150155,0.5698877849362113,5.737120784412731,1.0,7.070107863594683e-05,7.070107863594683e-05,0.0,0.4650079916766213,0.4650079916766213,0.0,0.99,0.99,0.0,0.0,0.0,0.0,0.0,0.7,36.5,57.0,1397.993,103,Walker2d-v5,5603,Agente_2
175.94047498703003,122,662264,514.9853943654958,690.1661820964134,148.2852778615959,229.73,7.070107863594683e-05,0.0,0.99,0.4650079916766213,5865,0.5,0.99,0.008467503713935995,5.522293741052801,0.6184568898244338,0.0030463835393840615,9.333287724581632,0.008467503713935995,0.6184568898244338,5.522293741052801,1.0,7.070107863594683e-05,7.070107863594683e-05,0.0,0.4650079916766213,0.4650079916766213,0.0,0.99,0.99,0.0,0.0,0.0,0.0,0.0,0.7666666666666666,39.266666666666666,56.79999999999999,1414.072,104,Walker2d-v5,5603,Agente_2
177.4490144252777,123,668136,511.7130029916283,717.8382993017709,148.2852778615959,228.56,7.070107863594683e-05,0.0,0.99,0.4650079916766213,5865,0.5,0.99,0.008008958637418056,5.856313232942061,0.6366253332658247,-0.023316627436063508,9.07057463906028,0.008008958637418056,0.6366253332658247,5.856313232942061,1.0,7.070107863594683e-05,7.070107863594683e-05,0.0,0.4650079916766213,0.4650079916766213,0.0,0.99,0.99,0.0,0.0,0.0,0.0,0.0,0.74,39.45,56.650000000000006,1408.082,105,Walker2d-v5,5603,Agente_2
179.212504863739,124,674008,507.2746752690618,717.8382993017709,148.2852778615959,225.96,7.070107863594683e-05,0.0,0.99,0.4650079916766213,5865,0.5,0.99,0.010498044125680199,6.2246011603962295,0.5934991419315339,0.0013236481357704508,8.945132173191418,0.010498044125680199,0.5934991419315339,6.2246011603962295,1.0,7.070107863594683e-05,7.070107863594683e-05,0.0,0.4650079916766213,0.4650079916766213,0.0,0.99,0.99,0.0,0.0,0.0,0.0,0.0,0.755,39.15,56.650000000000006,1437.425,106,Walker2d-v5,5603,Agente_2
181.05252766609192,125,679880,506.90848192370504,717.8382993017709,286.8855800988917,224.95,7.070107863594683e-05,0.0,0.99,0.4650079916766213,5865,0.5,0.99,0.01005377676007232,6.072875291650946,0.46100576682524247,-0.017525262588804418,8.936029252139004,0.01005377676007232,0.46100576682524247,6.072875291650946,1.0,7.070107863594683e-05,7.070107863594683e-05,0.0,0.4650079916766213,0.4650079916766213,0.0,0.99,0.99,0.0,0.0,0.0,0.0,0.0,0.6533333333333333,39.23333333333333,56.70000000000001,1468.982,107,Walker2d-v5,5603,Agente_2
182.49568605422974,126,685752,509.47000358972167,803.2744553335118,286.8855800988917,229.13,7.070107863594683e-05,0.0,0.99,0.4650079916766213,5865,0.5,0.99,0.00915063904282182,6.159952770579945,0.5289031402631239,-0.0006542114964263006,8.989475510337137,0.00915063904282182,0.5289031402631239,6.159952770579945,1.0,7.070107863594683e-05,7.070107863594683e-05,0.0,0.4650079916766213,0.4650079916766213,0.0,0.99,0.99,0.0,0.0,0.0,0.0,0.0,0.98,38.05,56.7,1482.739,108,Walker2d-v5,5603,Agente_2
172.2645924091339,125,640832,,,,,6.787303549050896e-05,0.0,0.9,0.2976051146730377,5630,0.5,0.99,0.007122433795171919,6.833628112619573,0.6592327974059365,-0.017190752550959587,5.784463262557983,0.007122433795171919,0.6592327974059365,6.833628112619573,1.0,6.787303549050896e-05,6.787303549050896e-05,0.0,0.2976051146730377,0.2976051146730377,0.0,0.9,0.9,0.0,0.0,0.0,0.0,0.0,0.32,16.733333333333334,38.833333333333336,1415.75,109,Walker2d-v5,5603,Agente_2
173.52802062034607,126,646464,585.131974730371,725.447499293267,462.94482399537634,260.4516129032258,6.787303549050896e-05,0.0,0.9,0.2976051146730377,5630,0.5,0.99,0.025713019870189865,4.589236376502297,0.5090049971233714,0.02105177810246294,6.657873691212047,0.025713019870189865,0.5090049971233714,4.589236376502297,1.0,6.787303549050896e-05,6.787303549050896e-05,0.0,0.2976051146730377,0.2976051146730377,0.0,0.9,0.9,0.0,0.0,0.0,0.0,0.0,0.13,26.633333333333336,42.300000000000004,1334.719,110,Walker2d-v5,5603,Agente_2
174.6913914680481,127,652096,587.9927502759633,725.447499293267,462.94482399537634,258.75,6.787303549050896e-05,0.0,0.9,0.2976051146730377,5630,0.5,0.99,0.0161070959130608,3.7516429922797463,0.6999564555558291,0.008817687545987692,7.909124049273404,0.0161070959130608,0.6999564555558291,3.7516429922797463,1.0,6.787303549050896e-05,6.787303549050896e-05,0.0,0.2976051146730377,0.2976051146730377,0.0,0.9,0.9,0.0,0.0,0.0,0.0,0.0,0.08,33.5,40.1,1274.895,111,Walker2d-v5,5603,Agente_2
175.63075137138367,128,657728,586.839239915975,725.447499293267,129.53090372820998,261.3529411764706,6.787303549050896e-05,0.0,0.9,0.2976051146730377,5630,0.5,0.99,0.014252052969955416,5.5102771238847215,0.5884047627449036,0.00950838765129447,6.8592278610576285,0.014252052969955416,0.5884047627449036,5.5102771238847215,1.0,6.787303549050896e-05,6.787303549050896e-05,0.0,0.2976051146730377,0.2976051146730377,0.0,0.9,0.9,0.0,0.0,0.0,0.0,0.0,0.145,19.25,38.05,1189.162,112,Walker2d-v5,5603,Agente_2
176.69813203811646,129,663360,576.681969582366,725.447499293267,105.14265981650853,258.3541666666667,6.787303549050896e-05,0.0,0.9,0.2976051146730377,5630,0.5,0.99,0.01270563656157306,5.762950539588928,0.7291945695877076,0.008275833099403164,6.7143213748931885,0.01270563656157306,0.7291945695877076,5.762950539588928,1.0,6.787303549050896e-05,6.787303549050896e-05,0.0,0.2976051146730377,0.2976051146730377,0.0,0.9,0.9,0.0,0.0,0.0,0.0,0.0,0.08,23.8,38.6,1163.161,113,Walker2d-v5,5603,Agente_2
177.8707377910614,130,668992,576.3134849784716,725.447499293267,105.14265981650853,257.06,6.787303549050896e-05,0.0,0.9,0.2976051146730377,5630,0.5,0.99,0.01324048467925381,5.111656045913696,0.6460039046677676,0.0036655356938188727,7.206812099976973,0.01324048467925381,0.6460039046677676,5.111656045913696,1.0,6.787303549050896e-05,6.787303549050896e-05,0.0,0.2976051146730377,0.2976051146730377,0.0,0.9,0.9,0.0,0.0,0.0,0.0,0.0,0.48,25.4,39.95,1162.612,114,Walker2d-v5,5603,Agente_2
179.2230634689331,131,674624,578.3947245556392,742.0262348144678,105.14265981650853,260.18,6.787303549050896e-05,0.0,0.9,0.2976051146730377,5630,0.5,0.99,0.019747384497292263,5.345936515114524,0.7053256354548715,0.022064790409058333,7.269174489107999,0.019747384497292263,0.7053256354548715,5.345936515114524,1.0,6.787303549050896e-05,6.787303549050896e-05,0.0,0.2976051146730377,0.2976051146730377,0.0,0.9,0.9,0.0,0.0,0.0,0.0,0.0,0.295,35.45,41.75,1187.929,115,Walker2d-v5,5603,Agente_2
180.85214233398438,132,680256,568.2193779841532,854.7669258812764,105.14265981650853,259.81,6.787303549050896e-05,0.0,0.9,0.2976051146730377,5630,0.5,0.99,0.012033622881616876,5.503870177268982,0.7029334588484331,-0.006721943058073521,7.237820646979592,0.012033622881616876,0.7029334588484331,5.503870177268982,1.0,6.787303549050896e-05,6.787303549050896e-05,0.0,0.2976051146730377,0.2976051146730377,0.0,0.9,0.9,0.0,0.0,0.0,0.0,0.0,0.13,37.599999999999994,44.25,1241.394,116,Walker2d-v5,5603,Agente_2
183.41004705429077,134,691520,76.01790047444916,76.01790047444916,76.01790047444916,127.0,6.787303549050896e-05,0.0,0.9,0.2976051146730377,5630,0.5,0.99,0.005161411658100502,6.88174168846824,0.7720578274943611,-0.01918472620573911,6.005198652094061,0.005161411658100502,0.7720578274943611,6.88174168846824,1.0,6.787303549050896e-05,6.787303549050896e-05,0.0,0.2976051146730377,0.2976051146730377,0.0,0.9,0.9,0.0,0.0,0.0,0.0,0.0,0.09999999999999999,17.333333333333332,42.0,1337.026,117,Walker2d-v5,5603,Agente_2
184.66310238838196,135,697152,563.058637882629,682.6652614126256,76.01790047444916,251.76666666666668,6.787303549050896e-05,0.0,0.9,0.2976051146730377,5630,0.5,0.99,0.017451554309875727,4.869659891995517,0.6233343790877949,0.007445184242996302,7.00910382270813,0.017451554309875727,0.6233343790877949,4.869659891995517,1.0,6.787303549050896e-05,6.787303549050896e-05,0.0,0.2976051146730377,0.2976051146730377,0.0,0.9,0.9,0.0,0.0,0.0,0.0,0.0,0.05,31.4,40.9,1289.849,118,Walker2d-v5,5603,Agente_2
186.58529829978943,136,702784,552.7840731370896,737.7574970867427,76.01790047444916,249.94230769230768,6.787303549050896e-05,0.0,0.9,0.2976051146730377,5630,0.5,0.99,0.01846890653936994,4.260426800901239,0.5488949483091181,0.009152602632953363,7.831280946731567,0.01846890653936994,0.5488949483091181,4.260426800901239,1.0,6.787303549050896e-05,6.787303549050896e-05,0.0,0.2976051146730377,0.2976051146730377,0.0,0.9,0.9,0.0,0.0,0.0,0.0,0.0,0.375,32.05,43.89999999999999,1497.106,119,Walker2d-v5,5603,Agente_2
187.69806361198425,137,708416,561.1718046687923,882.4740926765268,76.01790047444916,258.43939393939394,6.787303549050896e-05,0.0,0.9,0.2976051146730377,5630,0.5,0.99,0.012128550110355718,5.9431514956734395,0.6866058203307065,0.004816995095461607,6.8202719818462025,0.012128550110355718,0.6866058203307065,5.9431514956734395,1.0,6.787303549050896e-05,6.787303549050896e-05,0.0,0.2976051146730377,0.2976051146730377,0.0,0.9,0.9,0.0,0.0,0.0,0.0,0.0,0.5449999999999999,24.95,46.4,1398.458,120,Walker2d-v5,5603,Agente_2
189.1154284477234,138,714048,568.6716676573122,882.4740926765268,76.01790047444916,261.83870967741933,6.787303549050896e-05,0.0,0.9,0.2976051146730377,5630,0.5,0.99,0.012919188683669994,5.239761228994889,0.6972553719173779,0.0022686936977234754,7.075797128677368,0.012919188683669994,0.6972553719173779,5.239761228994889,1.0,6.787303549050896e-05,6.787303549050896e-05,0.0,0.2976051146730377,0.2976051146730377,0.0,0.9,0.9,0.0,0.0,0.0,0.0,0.0,0.2,28.65,47.75,1400.197,121,Walker2d-v5,5603,Agente_2
190.731951713562,139,719680,570.6269603204084,882.4740926765268,134.22685241041236,260.6,6.787303549050896e-05,0.0,0.9,0.2976051146730377,5630,0.5,0.99,0.01902165571582786,5.077068014578386,0.7833781822161241,0.0067132295871322805,7.218274428627708,0.01902165571582786,0.7833781822161241,5.077068014578386,1.0,6.787303549050896e-05,6.787303549050896e-05,0.0,0.2976051146730377,0.2976051146730377,0.0,0.9,0.9,0.0,0.0,0.0,0.0,0.0,0.22333333333333336,32.46666666666667,43.23333333333333,1433.945,122,Walker2d-v5,5603,Agente_2
191.92360830307007,140,725312,570.9142036264445,882.4740926765268,132.8813483576454,262.43,6.787303549050896e-05,0.0,0.9,0.2976051146730377,5630,0.5,0.99,0.016947566534194762,5.413310529968955,0.6000689343972639,0.01405848984352567,6.878074489940296,0.016947566534194762,0.6000689343972639,5.413310529968955,1.0,6.787303549050896e-05,6.787303549050896e-05,0.0,0.2976051146730377,0.2976051146730377,0.0,0.9,0.9,0.0,0.0,0.0,0.0,0.0,0.27,38.4,44.3,1397.431,123,Walker2d-v5,5603,Agente_2
193.08278703689575,141,730944,584.0438223933284,882.4740926765268,132.8813483576454,268.41,6.787303549050896e-05,0.0,0.9,0.2976051146730377,5630,0.5,0.99,0.008717526530778162,5.6412860263477675,0.796599062464454,-0.008431983383541758,7.197278625314886,0.008717526530778162,0.796599062464454,5.6412860263477675,1.0,6.787303549050896e-05,6.787303549050896e-05,0.0,0.2976051146730377,0.2976051146730377,0.0,0.9,0.9,0.0,0.0,0.0,0.0,0.0,0.16999999999999998,29.95,45.8,1366.279,124,Walker2d-v5,5603,Agente_2
194.83886241912842,142,736576,577.2125849942468,770.0084005778259,132.8813483576454,260.85,6.787303549050896e-05,0.0,0.9,0.2976051146730377,5630,0.5,0.99,0.013619809349182272,5.57299607667056,0.7117028317668221,0.001167434233833443,7.125841851667924,0.013619809349182272,0.7117028317668221,5.57299607667056,1.0,6.787303549050896e-05,6.787303549050896e-05,0.0,0.2976051146730377,0.2976051146730377,0.0,0.9,0.9,0.0,0.0,0.0,0.0,0.0,0.07,27.933333333333334,47.866666666666674,1408.135,125,Walker2d-v5,5603,Agente_2
196.76750111579895,143,742208,,,,,6.787303549050896e-05,0.0,0.9,0.2976051146730377,5630,0.5,0.99,0.005260074515669844,7.199370020086115,0.8596264367753809,-0.01630904052237218,5.916984285007824,0.005260074515669844,0.8596264367753809,7.199370020086115,1.0,6.787303549050896e-05,6.787303549050896e-05,0.0,0.2976051146730377,0.2976051146730377,0.0,0.9,0.9,0.0,0.0,0.0,0.0,0.0,0.6733333333333333,27.166666666666668,56.333333333333336,1919.735,126,Walker2d-v5,5603,Agente_2
198.17542362213135,144,747840,549.6868352037098,706.8741038831345,132.5001823561435,257.6774193548387,6.787303549050896e-05,0.0,0.9,0.2976051146730377,5630,0.5,0.99,0.018980008022944358,5.393538691780784,0.710674465786327,0.0019063522192564878,6.916488534753973,0.018980008022944358,0.710674465786327,5.393538691780784,1.0,6.787303549050896e-05,6.787303549050896e-05,0.0,0.2976051146730377,0.2976051146730377,0.0,0.9,0.9,0.0,0.0,0.0,0.0,0.0,0.58,38.9,57.0,1656.934,127,Walker2d-v5,5603,Agente_2
199.85968327522278,145,753472,571.2136065285474,710.9223418966766,132.5001823561435,257.75,6.787303549050896e-05,0.0,0.9,0.2976051146730377,5630,0.5,0.99,0.012854321018080967,3.487863131002946,0.6168707018548792,0.003881377667527307,7.675726474415172,0.012854321018080967,0.6168707018548792,3.487863131002946,1.0,6.787303549050896e-05,6.787303549050896e-05,0.0,0.2976051146730377,0.2976051146730377,0.0,0.9,0.9,0.0,0.0,0.0,0.0,0.0,0.7066666666666667,39.03333333333333,57.06666666666666,1662.076,128,Walker2d-v5,5603,Agente_2
201.4444169998169,146,759104,571.3339064197928,724.0038226383866,103.4905866090081,258.469696969697,6.787303549050896e-05,0.0,0.9,0.2976051146730377,5630,0.5,0.99,0.014379382283500903,5.637982613390142,0.7752172036604448,0.001713903747837652,6.476485065980391,0.014379382283500903,0.7752172036604448,5.637982613390142,1.0,6.787303549050896e-05,6.787303549050896e-05,0.0,0.2976051146730377,0.2976051146730377,0.0,0.9,0.9,0.0,0.0,0.0,0.0,0.0,0.855,37.7,57.1,1639.441,129,Walker2d-v5,5603,Agente_2
202.90269780158997,147,764736,580.0522659824975,724.0038226383866,103.4905866090081,258.659793814433,6.787303549050896e-05,0.0,0.9,0.2976051146730377,5630,0.5,0.99,0.015544510163669078,5.263388640230352,0.6988991298458793,0.009520821501924234,7.020804808356545,0.015544510163669078,0.6988991298458793,5.263388640230352,1.0,6.787303549050896e-05,6.787303549050896e-05,0.0,0.2976051146730377,0.2976051146730377,0.0,0.9,0.9,0.0,0.0,0.0,0.0,0.0,0.925,37.65,57.25,1600.832,130,Walker2d-v5,5603,Agente_2
204.53285551071167,148,770368,572.4024670400914,724.0038226383866,103.4905866090081,254.17,6.787303549050896e-05,0.0,0.9,0.2976051146730377,5630,0.5,0.99,0.010774345994948156,5.183900729092684,0.7994714319705963,-0.002071187425066124,6.99575420292941,0.010774345994948156,0.7994714319705963,5.183900729092684,1.0,6.787303549050896e-05,6.787303549050896e-05,0.0,0.2976051146730377,0.2976051146730377,0.0,0.9,0.9,0.0,0.0,0.0,0.0,0.0,0.57,41.25,57.2,1602.949,131,Walker2d-v5,5603,Agente_2
206.10451436042786,149,776000,586.2486603858185,777.0632820917427,103.4905866090081,258.19,6.787303549050896e-05,0.0,0.9,0.2976051146730377,5630,0.5,0.99,0.009639480523963522,5.089815831184387,0.7070086847652088,-0.005782990640198642,6.555739138343117,0.009639480523963522,0.7070086847652088,5.089815831184387,1.0,6.787303549050896e-05,6.787303549050896e-05,0.0,0.2976051146730377,0.2976051146730377,0.0,0.9,0.9,0.0,0.0,0.0,0.0,0.0,0.98,40.3,57.2,1596.964,132,Walker2d-v5,5603,Agente_2
207.79787063598633,150,781632,588.3014066400684,777.0632820917427,429.70585939767153,258.97,6.787303549050896e-05,0.0,0.9,0.2976051146730377,5630,0.5,0.99,0.010250383220265617,5.340461381998929,0.8621806480667807,-0.005906759744340723,6.496623750166459,0.010250383220265617,0.8621806480667807,5.340461381998929,1.0,6.787303549050896e-05,6.787303549050896e-05,0.0,0.2976051146730377,0.2976051146730377,0.0,0.9,0.9,0.0,0.0,0.0,0.0,0.0,0.7200000000000001,35.36666666666667,57.13333333333333,1607.721,133,Walker2d-v5,5603,Agente_2
209.36656665802002,151,787264,571.5421523334726,777.0632820917427,110.04034111648131,254.0,6.787303549050896e-05,0.0,0.9,0.2976051146730377,5630,0.5,0.99,0.012720695053841073,5.956988148255782,0.8351340488954024,-0.0016619047319347208,6.986865494467995,0.012720695053841073,0.8351340488954024,5.956988148255782,1.0,6.787303549050896e-05,6.787303549050896e-05,0.0,0.2976051146730377,0.2976051146730377,0.0,0.9,0.9,0.0,0.0,0.0,0.0,0.0,0.835,40.25,57.1,1602.324,134,Walker2d-v5,5603,Agente_2
210.85405731201172,152,792896,570.0740678036229,777.0632820917427,110.04034111648131,255.71,6.787303549050896e-05,0.0,0.9,0.2976051146730377,5630,0.5,0.99,0.012395614741109801,6.174760259281506,0.8448794088580391,-0.004338306764310056,6.41199819391424,0.012395614741109801,0.8448794088580391,6.174760259281506,1.0,6.787303549050896e-05,6.787303549050896e-05,0.0,0.2976051146730377,0.2976051146730377,0.0,0.9,0.9,0.0,0.0,0.0,0.0,0.0,0.5900000000000001,41.5,56.95,1589.963,135,Walker2d-v5,5603,Agente_2
212.71938920021057,153,798528,566.2896793647967,742.9844657841228,100.33569699232673,257.54,6.787303549050896e-05,0.0,0.9,0.2976051146730377,5630,0.5,0.99,0.010305168748114242,5.892998704043301,0.8373027530583468,-0.009165506285022605,6.341194668683139,0.010305168748114242,0.8373027530583468,5.892998704043301,1.0,6.787303549050896e-05,6.787303549050896e-05,0.0,0.2976051146730377,0.2976051146730377,0.0,0.9,0.9,0.0,0.0,0.0,0.0,0.0,0.48666666666666664,35.06666666666667,56.833333333333336,1583.1,136,Walker2d-v5,5603,Agente_2
214.29028797149658,154,804160,552.5616460327865,742.9844657841228,100.33569699232673,251.99,6.787303549050896e-05,0.0,0.9,0.2976051146730377,5630,0.5,0.99,0.013279569682212737,5.997172630916943,0.7953148771416058,0.004591422646560452,6.80369794585488,0.013279569682212737,0.7953148771416058,5.997172630916943,1.0,6.787303549050896e-05,6.787303549050896e-05,0.0,0.2976051146730377,0.2976051146730377,0.0,0.9,0.9,0.0,0.0,0.0,0.0,0.0,0.565,39.6,56.75,1599.555,137,Walker2d-v5,5603,Agente_2
215.72978043556213,155,809792,549.0950788238441,742.9844657841228,91.7084052784029,253.03,6.787303549050896e-05,0.0,0.9,0.2976051146730377,5630,0.5,0.99,0.011902240424718581,5.327060452374545,0.7448519636284221,-0.007517417122355916,6.721069765090943,0.011902240424718581,0.7448519636284221,5.327060452374545,1.0,6.787303549050896e-05,6.787303549050896e-05,0.0,0.2976051146730377,0.2976051146730377,0.0,0.9,0.9,0.0,0.0,0.0,0.0,0.0,0.57,40.95,56.75,1574.956,138,Walker2d-v5,5603,Agente_2
217.30047917366028,156,815424,558.9387977040464,742.9844657841228,91.7084052784029,255.36,6.787303549050896e-05,0.0,0.9,0.2976051146730377,5630,0.5,0.99,0.013086693042532715,5.532181152430447,0.7519770150834864,0.005282665399665183,6.658417294242165,0.013086693042532715,0.7519770150834864,5.532181152430447,1.0,6.787303549050896e-05,6.787303549050896e-05,0.0,0.2976051146730377,0.2976051146730377,0.0,0.9,0.9,0.0,0.0,0.0,0.0,0.0,0.5599999999999999,36.9,56.8,1573.562,139,Walker2d-v5,5603,Agente_2
218.6511812210083,157,821056,565.8000590078926,739.4722240722082,91.7084052784029,254.77,6.787303549050896e-05,0.0,0.9,0.2976051146730377,5630,0.5,0.99,0.011894396380838853,5.908354139328003,0.7278210304000161,0.005950785242021084,6.614459579641169,0.011894396380838853,0.7278210304000161,5.908354139328003,1.0,6.787303549050896e-05,6.787303549050896e-05,0.0,0.2976051146730377,0.2976051146730377,0.0,0.9,0.9,0.0,0.0,0.0,0.0,0.0,0.88,41.2,56.75,1562.653,140,Walker2d-v5,5603,Agente_2
220.30511116981506,158,826688,556.5895919248866,739.4722240722082,68.29938525774047,250.95,6.787303549050896e-05,0.0,0.9,0.2976051146730377,5630,0.5,0.99,0.008336365872248114,6.2381212537938895,0.8400167248465799,-0.016103353554552252,6.742577097632668,0.008336365872248114,0.8400167248465799,6.2381212537938895,1.0,6.787303549050896e-05,6.787303549050896e-05,0.0,0.2976051146730377,0.2976051146730377,0.0,0.9,0.9,0.0,0.0,0.0,0.0,0.0,0.6433333333333333,35.86666666666667,56.666666666666664,1564.916,141,Walker2d-v5,5603,Agente_2
221.90433859825134,159,832320,559.3652183027926,709.1821700772308,68.29938525774047,249.88,6.787303549050896e-05,0.0,0.9,0.2976051146730377,5630,0.5,0.99,0.008909284661273309,6.0651608597148545,0.848294472694397,-0.006492654945362698,6.5961071317846125,0.008909284661273309,0.848294472694397,6.0651608597148545,1.0,6.787303549050896e-05,6.787303549050896e-05,0.0,0.2976051146730377,0.2976051146730377,0.0,0.9,0.9,0.0,0.0,0.0,0.0,0.0,0.57,37.95,56.7,1567.667,142,Walker2d-v5,5603,Agente_2
223.56324100494385,160,837952,549.7062271593367,709.1821700772308,68.29938525774047,249.42,6.787303549050896e-05,0.0,0.9,0.2976051146730377,5630,0.5,0.99,0.012049018239915974,5.684485652230003,0.7850262517278844,-0.0037762449207631023,6.717288489775224,0.012049018239915974,0.7850262517278844,5.684485652230003,1.0,6.787303549050896e-05,6.787303549050896e-05,0.0,0.2976051146730377,0.2976051146730377,0.0,0.9,0.9,0.0,0.0,0.0,0.0,0.0,0.9,36.8,56.7,1564.15,143,Walker2d-v5,5603,Agente_2
224.80670142173767,161,843584,552.4402491673802,700.8833151299528,68.29938525774047,248.36,6.787303549050896e-05,0.0,0.9,0.2976051146730377,5630,0.5,0.99,0.011158919876139739,5.26974703615362,0.7232449114322662,-0.007846207366409627,6.53666278665716,0.011158919876139739,0.7232449114322662,5.26974703615362,1.0,6.787303549050896e-05,6.787303549050896e-05,0.0,0.2976051146730377,0.2976051146730377,0.0,0.9,0.9,0.0,0.0,0.0,0.0,0.0,0.6,35.85,56.75,1531.78,144,Walker2d-v5,5603,Agente_2
226.49051547050476,162,849216,554.6083026875908,729.9928743534734,68.29938525774047,246.63,6.787303549050896e-05,0.0,0.9,0.2976051146730377,5630,0.5,0.99,0.013243513555558323,6.0179922060533,0.801710593700409,0.0037903343920003283,6.4973429289731115,0.013243513555558323,0.801710593700409,6.0179922060533,1.0,6.787303549050896e-05,6.787303549050896e-05,0.0,0.2976051146730377,0.2976051146730377,0.0,0.9,0.9,0.0,0.0,0.0,0.0,0.0,0.1366666666666667,27.633333333333336,50.333333333333336,1551.258,145,Walker2d-v5,5603,Agente_2
228.03247141838074,163,854848,562.5149900962767,729.9928743534734,91.40141398192794,250.1,6.787303549050896e-05,0.0,0.9,0.2976051146730377,5630,0.5,0.99,0.009024872147983842,5.823176102204756,0.8635907221924175,-0.011581007806076245,6.49077071276578,0.009024872147983842,0.8635907221924175,5.823176102204756,1.0,6.787303549050896e-05,6.787303549050896e-05,0.0,0.2976051146730377,0.2976051146730377,0.0,0.9,0.9,0.0,0.0,0.0,0.0,0.0,0.9099999999999999,37.05,48.95,1519.414,146,Walker2d-v5,5603,Agente_2
229.58534979820251,164,860480,556.3690002131345,729.9928743534734,154.6301070623856,247.92,6.787303549050896e-05,0.0,0.9,0.2976051146730377,5630,0.5,0.99,0.00880883100266229,6.026565824855457,0.8571046206084165,-0.011316479166800326,6.143899904597889,0.00880883100266229,0.8571046206084165,6.026565824855457,1.0,6.787303549050896e-05,6.787303549050896e-05,0.0,0.2976051146730377,0.2976051146730377,0.0,0.9,0.9,0.0,0.0,0.0,0.0,0.0,0.6466666666666666,46.1,52.666666666666664,1517.629,147,Walker2d-v5,5603,Agente_2
230.81612300872803,165,866112,549.8673734366229,746.7150760484667,125.95999281466287,247.76,6.787303549050896e-05,0.0,0.9,0.2976051146730377,5630,0.5,0.99,0.008998202575978873,6.767265952717175,0.829971613667228,-0.013520511434498159,6.388129377365113,0.008998202575978873,0.829971613667228,6.767265952717175,1.0,6.787303549050896e-05,6.787303549050896e-05,0.0,0.2976051146730377,0.2976051146730377,0.0,0.9,0.9,0.0,0.0,0.0,0.0,0.0,0.2,40.9,54.6,1497.12,148,Walker2d-v5,5603,Agente_2
232.2409312725067,166,871744,535.0156897691115,746.7150760484667,125.95999281466287,244.15,6.787303549050896e-05,0.0,0.9,0.2976051146730377,5630,0.5,0.99,0.013167592439921546,6.055246994712136,0.8327225831421938,-0.0026399026286195626,6.4218872200359,0.013167592439921546,0.8327225831421938,6.055246994712136,1.0,6.787303549050896e-05,6.787303549050896e-05,0.0,0.2976051146730377,0.2976051146730377,0.0,0.9,0.9,0.0,0.0,0.0,0.0,0.0,0.165,28.1,49.400000000000006,1482.937,149,Walker2d-v5,5603,Agente_2
233.61376428604126,167,877376,535.3511108505551,785.5923420068507,125.95999281466287,245.72,6.787303549050896e-05,0.0,0.9,0.2976051146730377,5630,0.5,0.99,0.008258067334629067,6.4720012318004265,0.8673451721668244,-0.014789001203396103,5.937930683656172,0.008258067334629067,0.8673451721668244,6.4720012318004265,1.0,6.787303549050896e-05,6.787303549050896e-05,0.0,0.2976051146730377,0.2976051146730377,0.0,0.9,0.9,0.0,0.0,0.0,0.0,0.0,0.24,38.9,49.25,1485.446,150,Walker2d-v5,5603,Agente_2
235.3504867553711,168,883008,541.8212544116152,785.5923420068507,125.95999281466287,250.98,6.787303549050896e-05,0.0,0.9,0.2976051146730377,5630,0.5,0.99,0.013736633252847241,6.1439604369076815,0.7862731478431008,-0.0023619845509529115,6.426563783125444,0.013736633252847241,0.7862731478431008,6.1439604369076815,1.0,6.787303549050896e-05,6.787303549050896e-05,0.0,0.2976051146730377,0.2976051146730377,0.0,0.9,0.9,0.0,0.0,0.0,0.0,0.0,0.12250000000000001,38.474999999999994,52.975,1494.498,151,Walker2d-v5,5603,Agente_2
236.52283120155334,169,888640,542.2000383647983,785.5923420068507,125.95999281466287,251.46,6.787303549050896e-05,0.0,0.9,0.2976051146730377,5630,0.5,0.99,0.018593117618266576,6.051671821420843,0.8666443841023879,-0.0008567345413294706,6.148749568245628,0.018593117618266576,0.8666443841023879,6.051671821420843,1.0,6.787303549050896e-05,6.787303549050896e-05,0.0,0.2976051146730377,0.2976051146730377,0.0,0.9,0.9,0.0,0.0,0.0,0.0,0.0,0.5900000000000001,28.950000000000003,55.5,1451.709,152,Walker2d-v5,5603,Agente_2
238.14736819267273,170,894272,,,,,6.787303549050896e-05,0.0,0.9,0.2976051146730377,5630,0.5,0.99,0.005437606531302257,7.222354845567183,0.8756559691645882,-0.0202336290681904,5.360399775071578,0.005437606531302257,0.8756559691645882,7.222354845567183,1.0,6.787303549050896e-05,6.787303549050896e-05,0.0,0.2976051146730377,0.2976051146730377,0.0,0.9,0.9,0.0,0.0,0.0,0.0,0.0,0.4566666666666667,25.2,56.29999999999999,1612.65,153,Walker2d-v5,5603,Agente_2
239.97244906425476,171,899904,565.3521024633064,687.871443781158,147.12918022522277,253.83333333333334,6.787303549050896e-05,0.0,0.9,0.2976051146730377,5630,0.5,0.99,0.01752361209076877,5.801060396974737,0.7473532980138605,0.002209236261180856,6.927946082028476,0.01752361209076877,0.7473532980138605,5.801060396974737,1.0,6.787303549050896e-05,6.787303549050896e-05,0.0,0.2976051146730377,0.2976051146730377,0.0,0.9,0.9,0.0,0.0,0.0,0.0,0.0,0.9099999999999999,41.55,56.9,1712.075,154,Walker2d-v5,5603,Agente_2
241.47600841522217,172,905536,557.4009214494253,713.0275613813129,96.24133760891243,251.66666666666666,6.787303549050896e-05,0.0,0.9,0.2976051146730377,5630,0.5,0.99,0.02060732051319395,4.82101873701269,0.7431759986010464,-0.0014890756966038183,6.241329197450118,0.02060732051319395,0.7431759986010464,4.82101873701269,1.0,6.787303549050896e-05,6.787303549050896e-05,0.0,0.2976051146730377,0.2976051146730377,0.0,0.9,0.9,0.0,0.0,0.0,0.0,0.0,0.48,36.7,57.06666666666666,1639.017,155,Walker2d-v5,5603,Agente_2
243.01670694351196,173,911168,565.9271272986763,803.3635187764047,96.24133760891243,261.94117647058823,6.787303549050896e-05,0.0,0.9,0.2976051146730377,5630,0.5,0.99,0.015267531523766758,5.436252431436018,0.7571021556854248,0.0035688204860145397,5.670111448114569,0.015267531523766758,0.7571021556854248,5.436252431436018,1.0,6.787303549050896e-05,6.787303549050896e-05,0.0,0.2976051146730377,0.2976051146730377,0.0,0.9,0.9,0.0,0.0,0.0,0.0,0.0,0.46,40.7,57.1,1611.235,156,Walker2d-v5,5603,Agente_2
244.50382661819458,174,916800,567.272323712947,803.3635187764047,96.24133760891243,259.741935483871,6.787303549050896e-05,0.0,0.9,0.2976051146730377,5630,0.5,0.99,0.015511235803048543,5.268838622353294,0.5928603372790596,0.007895952530882575,6.231891640749844,0.015511235803048543,0.5928603372790596,5.268838622353294,1.0,6.787303549050896e-05,6.787303549050896e-05,0.0,0.2976051146730377,0.2976051146730377,0.0,0.9,0.9,0.0,0.0,0.0,0.0,0.0,0.72,39.85,57.05,1584.613,157,Walker2d-v5,5603,Agente_2
245.87640523910522,175,922432,563.1005654779392,803.3635187764047,96.24133760891243,257.63,6.787303549050896e-05,0.0,0.9,0.2976051146730377,5630,0.5,0.99,0.015351588426202314,4.817040714350614,0.7241030535914681,0.0033103919503363697,6.402589988708496,0.015351588426202314,0.7241030535914681,4.817040714350614,1.0,6.787303549050896e-05,6.787303549050896e-05,0.0,0.2976051146730377,0.2976051146730377,0.0,0.9,0.9,0.0,0.0,0.0,0.0,0.0,0.96,36.55,57.1,1547.684,158,Walker2d-v5,5603,Agente_2
247.6906042098999,176,928064,558.5932486130806,803.3635187764047,96.24133760891243,256.02,6.787303549050896e-05,0.0,0.9,0.2976051146730377,5630,0.5,0.99,0.016571719211368543,5.230362283099781,0.7189811733635989,0.008038716856390238,6.293839220567183,0.016571719211368543,0.7189811733635989,5.230362283099781,1.0,6.787303549050896e-05,6.787303549050896e-05,0.0,0.2976051146730377,0.2976051146730377,0.0,0.9,0.9,0.0,0.0,0.0,0.0,0.0,0.84,40.65,56.95,1583.955,159,Walker2d-v5,5603,Agente_2
249.1137933731079,177,933696,556.0383160110966,871.8443401088242,152.69284255490737,254.92,6.787303549050896e-05,0.0,0.9,0.2976051146730377,5630,0.5,0.99,0.011568277140647544,5.422958371855996,0.7160871825434945,-0.013188863638788462,6.1801295583898375,0.011568277140647544,0.7160871825434945,5.422958371855996,1.0,6.787303549050896e-05,6.787303549050896e-05,0.0,0.2976051146730377,0.2976051146730377,0.0,0.9,0.9,0.0,0.0,0.0,0.0,0.0,0.94,37.0,56.849999999999994,1562.206,160,Walker2d-v5,5603,Agente_2
250.8728678226471,178,939328,537.6997117334016,871.8443401088242,152.69284255490737,250.37,6.787303549050896e-05,0.0,0.9,0.2976051146730377,5630,0.5,0.99,0.015219190047504196,5.747059869766235,0.781579881364649,0.0006087929010391236,6.129742461984808,0.015219190047504196,0.781579881364649,5.747059869766235,1.0,6.787303549050896e-05,6.787303549050896e-05,0.0,0.2976051146730377,0.2976051146730377,0.0,0.9,0.9,0.0,0.0,0.0,0.0,0.0,0.93,37.5,56.96666666666667,1583.08,161,Walker2d-v5,5603,Agente_2
247.3305447101593,199,931424,609.14505783666,829.3229141715,409.1285159233748,265.65263157894736,6.51581140708886e-05,0.0,0.9,0.12229415404159703,29643,0.5,0.99,0.005303044760040532,4.865587529383208,0.7111115718097017,0.013215414305593361,6.050973477279931,0.005303044760040532,0.7111115718097017,4.865587529383208,1.0,6.51581140708886e-05,6.51581140708886e-05,0.0,0.12229415404159703,0.12229415404159703,0.0,0.9,0.9,0.0,0.0,0.0,0.0,0.0,0.4355555555555555,26.37777777777778,41.03333333333333,5872.029,162,Walker2d-v5,5603,Agente_2
253.48088812828064,200,961072,603.6945583333227,844.7296718817669,122.42219824705789,261.79646017699116,6.51581140708886e-05,0.0,0.9,0.12229415404159703,29643,0.5,0.99,0.005047154184618301,4.705709932561506,0.7220405003480744,0.012495404646911642,6.112054886734277,0.005047154184618301,0.7220405003480744,4.705709932561506,1.0,6.51581140708886e-05,6.51581140708886e-05,0.0,0.12229415404159703,0.12229415404159703,0.0,0.9,0.9,0.0,0.0,0.0,0.0,0.0,0.4,31.1625,42.9375,6005.069,163,Walker2d-v5,5603,Agente_2
259.4878444671631,201,990720,611.8829329830397,791.4329758092705,357.895226679651,270.46875,6.51581140708886e-05,0.0,0.9,0.12229415404159703,29643,0.5,0.99,0.006542659592366063,4.887232042195504,0.6565433990537075,0.014420148732728864,5.694852131709718,0.006542659592366063,0.6565433990537075,4.887232042195504,1.0,6.51581140708886e-05,6.51581140708886e-05,0.0,0.12229415404159703,0.12229415404159703,0.0,0.9,0.9,0.0,0.0,0.0,0.0,0.0,0.3066666666666667,28.044444444444444,42.52222222222222,5993.602,164,Walker2d-v5,5603,Agente_2
267.51019835472107,202,1020368,597.3666821919793,831.4542653212948,162.38323336137063,261.39639639639637,6.51581140708886e-05,0.0,0.9,0.12229415404159703,29643,0.5,0.99,0.005027855555825729,4.724466955870913,0.7337201890192534,0.00888729059186421,5.5946540209285,0.005027855555825729,0.7337201890192534,4.724466955870913,1.0,6.51581140708886e-05,6.51581140708886e-05,0.0,0.12229415404159703,0.12229415404159703,0.0,0.9,0.9,0.0,0.0,0.0,0.0,0.0,0.3718181818181818,31.400000000000002,44.50000000000001,7001.783,165,Walker2d-v5,5603,Agente_2
273.8958122730255,203,1050016,604.653095363127,767.9520866556131,330.7987283982034,260.78350515463916,6.51581140708886e-05,0.0,0.9,0.12229415404159703,29643,0.5,0.99,0.004845588331687179,4.780282291613127,0.7122246648135938,0.011031057308182905,5.3150862806721735,0.004845588331687179,0.7122246648135938,4.780282291613127,1.0,6.51581140708886e-05,6.51581140708886e-05,0.0,0.12229415404159703,0.12229415404159703,0.0,0.9,0.9,0.0,0.0,0.0,0.0,0.0,0.44499999999999995,28.35,46.45,6377.672,166,Walker2d-v5,5603,Agente_2
280.33249497413635,204,1079664,585.004841590395,805.8420371692389,96.39036041480581,256.5726495726496,6.51581140708886e-05,0.0,0.9,0.12229415404159703,29643,0.5,0.99,0.0057731544292748465,4.886857905722501,0.7810643326817898,0.010927886391679445,5.507948028832152,0.0057731544292748465,0.7810643326817898,4.886857905722501,1.0,6.51581140708886e-05,6.51581140708886e-05,0.0,0.12229415404159703,0.12229415404159703,0.0,0.9,0.9,0.0,0.0,0.0,0.0,0.0,0.3277777777777777,36.855555555555554,46.67777777777778,6402.657,167,Walker2d-v5,5603,Agente_2
288.39917278289795,205,1109312,607.0827145129009,732.3158163821705,441.35624771166243,263.36842105263156,6.51581140708886e-05,0.0,0.9,0.12229415404159703,29643,0.5,0.99,0.008030317697609198,4.892371787941246,0.7047150678801954,0.0146164526084536,5.3784738105640075,0.008030317697609198,0.7047150678801954,4.892371787941246,1.0,6.51581140708886e-05,6.51581140708886e-05,0.0,0.12229415404159703,0.12229415404159703,0.0,0.9,0.9,0.0,0.0,0.0,0.0,0.0,0.4691666666666667,35.94166666666667,50.31666666666667,8053.403,168,Walker2d-v5,5603,Agente_2
302.408207654953,207,1168608,592.9921465846697,756.1798230918109,96.5279587685029,260.6770833333333,6.51581140708886e-05,0.0,0.9,0.12229415404159703,29643,0.5,0.99,0.005808598261118586,4.99121222203238,0.7376533596139205,0.011107032911917359,5.4034892897856865,0.005808598261118586,0.7376533596139205,4.99121222203238,1.0,6.51581140708886e-05,6.51581140708886e-05,0.0,0.12229415404159703,0.12229415404159703,0.0,0.9,0.9,0.0,0.0,0.0,0.0,0.0,0.374,35.15,52.90999999999999,6548.316,169,Walker2d-v5,5603,Agente_2
309.57825350761414,208,1198256,576.9626209585833,777.6636926143663,116.74172626698072,254.54918032786884,6.51581140708886e-05,0.0,0.9,0.12229415404159703,29643,0.5,0.99,0.005406602984888359,4.990963196754455,0.7934941942231697,0.003999586702373467,5.478473817256459,0.005406602984888359,0.7934941942231697,4.990963196754455,1.0,6.51581140708886e-05,6.51581140708886e-05,0.0,0.12229415404159703,0.12229415404159703,0.0,0.9,0.9,0.0,0.0,0.0,0.0,0.0,0.5744444444444444,38.02222222222222,49.42222222222222,6853.558,170,Walker2d-v5,5603,Agente_2
316.1260530948639,209,1227904,604.4385425277528,757.6877040402926,198.30173156393914,261.55670103092785,6.51581140708886e-05,0.0,0.9,0.12229415404159703,29643,0.5,0.99,0.006542038941488683,4.9952252814644265,0.7744437870226408,0.008799519825301933,5.337630254343936,0.006542038941488683,0.7744437870226408,4.9952252814644265,1.0,6.51581140708886e-05,6.51581140708886e-05,0.0,0.12229415404159703,0.12229415404159703,0.0,0.9,0.9,0.0,0.0,0.0,0.0,0.0,0.5860000000000001,40.29,50.04,6534.482,171,Walker2d-v5,5603,Agente_2
322.8700041770935,210,1257552,594.7425728448754,1000.5448316034423,178.3009603649434,261.25892857142856,6.51581140708886e-05,0.0,0.9,0.12229415404159703,29643,0.5,0.99,0.007290742230008873,4.591165248552958,0.7626188723664534,0.012491655031121091,5.356251033147176,0.007290742230008873,0.7626188723664534,4.591165248552958,1.0,6.51581140708886e-05,6.51581140708886e-05,0.0,0.12229415404159703,0.12229415404159703,0.0,0.9,0.9,0.0,0.0,0.0,0.0,0.0,0.4722222222222222,37.24444444444444,49.53333333333333,6631.777,172,Walker2d-v5,5603,Agente_2
329.2132887840271,211,1287200,592.1553337984534,762.0334180119581,93.88449856717078,259.3814432989691,6.51581140708886e-05,0.0,0.9,0.12229415404159703,29643,0.5,0.99,0.006050077885830891,4.795452061034085,0.7698291187746483,0.009382157238494409,5.173248893754524,0.006050077885830891,0.7698291187746483,4.795452061034085,1.0,6.51581140708886e-05,6.51581140708886e-05,0.0,0.12229415404159703,0.12229415404159703,0.0,0.9,0.9,0.0,0.0,0.0,0.0,0.0,0.6822222222222223,33.75555555555556,48.63333333333333,6332.125,173,Walker2d-v5,5603,Agente_2
345.00226044654846,213,1346496,610.8266196063514,778.8914070750772,420.8001305270014,262.7473684210526,6.51581140708886e-05,0.0,0.9,0.12229415404159703,29643,0.5,0.99,0.006200434758303958,4.857350620052271,0.790771773718951,0.008517475952312612,5.094463247165345,0.006200434758303958,0.790771773718951,4.857350620052271,1.0,6.51581140708886e-05,6.51581140708886e-05,0.0,0.12229415404159703,0.12229415404159703,0.0,0.9,0.9,0.0,0.0,0.0,0.0,0.0,0.857,31.32,56.42999999999999,7023.86,174,Walker2d-v5,5603,Agente_2
352.08724212646484,214,1376144,605.5409097754618,911.7428762198557,65.75061406043196,270.0263157894737,6.51581140708886e-05,0.0,0.9,0.12229415404159703,29643,0.5,0.99,0.0055534729639910504,4.590529568153515,0.7851161762287743,0.008440442948618478,5.1296733701438235,0.0055534729639910504,0.7851161762287743,4.590529568153515,1.0,6.51581140708886e-05,6.51581140708886e-05,0.0,0.12229415404159703,0.12229415404159703,0.0,0.9,0.9,0.0,0.0,0.0,0.0,0.0,0.35000000000000003,41.150000000000006,47.8,7047.59,175,Walker2d-v5,5603,Agente_2
359.4705080986023,215,1405792,599.3728109719095,912.7008862394794,110.89361776724232,262.4526315789474,6.51581140708886e-05,0.0,0.9,0.12229415404159703,29643,0.5,0.99,0.0062764347712677875,4.804321731600845,0.7825790505660207,0.007132689790440756,5.042120657887375,0.0062764347712677875,0.7825790505660207,4.804321731600845,1.0,6.51581140708886e-05,6.51581140708886e-05,0.0,0.12229415404159703,0.12229415404159703,0.0,0.9,0.9,0.0,0.0,0.0,0.0,0.0,0.4775,36.475,53.36666666666667,7369.391,176,Walker2d-v5,5603,Agente_2
366.2004532814026,216,1435440,591.9927010915105,794.995785414112,93.56201626236995,255.67241379310346,6.51581140708886e-05,0.0,0.9,0.12229415404159703,29643,0.5,0.99,0.0053032059823819285,4.847337313283954,0.8171361878252866,0.007213362074342736,5.029953550455863,0.0053032059823819285,0.8171361878252866,4.847337313283954,1.0,6.51581140708886e-05,6.51581140708886e-05,0.0,0.12229415404159703,0.12229415404159703,0.0,0.9,0.9,0.0,0.0,0.0,0.0,0.0,0.25666666666666665,45.800000000000004,56.68888888888889,7041.153,177,Walker2d-v5,5603,Agente_2
373.1128079891205,217,1465088,597.4094188349419,834.8882874460234,405.76080387701444,256.6186440677966,6.51581140708886e-05,0.0,0.9,0.12229415404159703,29643,0.5,0.99,0.004993949412727561,4.6863549874539965,0.8011131068070729,0.005089699970394896,5.005861862500509,0.004993949412727561,0.8011131068070729,4.6863549874539965,1.0,6.51581140708886e-05,6.51581140708886e-05,0.0,0.12229415404159703,0.12229415404159703,0.0,0.9,0.9,0.0,0.0,0.0,0.0,0.0,0.852,34.86,57.789999999999985,6993.643,178,Walker2d-v5,5603,Agente_2
387.971040725708,327,1440232,,,,,1.5134948955131413e-05,0.0,0.9681579971924705,0.2518161260694196,3602,0.5,0.99,0.004145741435891958,8.557517896379743,0.8599351976599012,-0.013372774302427257,5.804810789653233,0.004145741435891958,0.8599351976599012,8.557517896379743,1.0,1.5134948955131413e-05,1.5134948955131413e-05,0.0,0.2518161260694196,0.2518161260694196,0.0,0.9681579971924705,0.9681579971924705,0.0,0.0,0.0,0.0,0.0,0.87,15.1,48.75,955.119,179,Walker2d-v5,5603,Agente_2
389.0032250881195,328,1443840,543.2061360623138,557.703078770332,528.6939556591192,220.66666666666666,1.5134948955131413e-05,0.0,0.9681579971924705,0.2518161260694196,3602,0.5,0.99,0.010026648674335904,3.5962806122643607,0.3265071366514478,-0.002236844279936382,7.018327828816005,0.010026648674335904,0.3265071366514478,3.5962806122643607,1.0,1.5134948955131413e-05,1.5134948955131413e-05,0.0,0.2518161260694196,0.2518161260694196,0.0,0.9681579971924705,0.9681579971924705,0.0,0.0,0.0,0.0,0.0,0.41333333333333333,26.900000000000002,48.73333333333333,989.385,180,Walker2d-v5,5603,Agente_2
390.11848998069763,329,1447448,588.9350258116648,696.7444613578637,427.8810413981783,253.76666666666668,1.5134948955131413e-05,0.0,0.9681579971924705,0.2518161260694196,3602,0.5,0.99,0.012700310445091288,6.584030641828265,0.7307364319052015,-0.005050851723977498,7.051821524756296,0.012700310445091288,0.7307364319052015,6.584030641828265,1.0,1.5134948955131413e-05,1.5134948955131413e-05,0.0,0.2518161260694196,0.2518161260694196,0.0,0.9681579971924705,0.9681579971924705,0.0,0.0,0.0,0.0,0.0,0.32,36.3,43.6,1027.553,181,Walker2d-v5,5603,Agente_2
391.2911696434021,330,1451056,584.1474307617293,780.7409120941722,357.50834377272326,257.5,1.5134948955131413e-05,0.0,0.9681579971924705,0.2518161260694196,3602,0.5,0.99,0.009920364425488515,5.6138507229941235,0.45101489509855,0.00629674174955913,5.640810673577445,0.009920364425488515,0.45101489509855,5.6138507229941235,1.0,1.5134948955131413e-05,1.5134948955131413e-05,0.0,0.2518161260694196,0.2518161260694196,0.0,0.9681579971924705,0.9681579971924705,0.0,0.0,0.0,0.0,0.0,0.19,37.35,45.4,1061.595,182,Walker2d-v5,5603,Agente_2
391.9113783836365,331,1454664,578.107342620184,780.7409120941722,133.61463989204532,258.0,1.5134948955131413e-05,0.0,0.9681579971924705,0.2518161260694196,3602,0.5,0.99,0.02224753015294222,4.817765653133392,0.47569596256528585,0.011139088855790241,7.6362443447113035,0.02224753015294222,0.47569596256528585,4.817765653133392,1.0,1.5134948955131413e-05,1.5134948955131413e-05,0.0,0.2518161260694196,0.2518161260694196,0.0,0.9681579971924705,0.9681579971924705,0.0,0.0,0.0,0.0,0.0,0.74,20.4,46.5,971.438,183,Walker2d-v5,5603,Agente_2
392.58979988098145,332,1458272,583.0186836089076,823.7827141889162,133.61463989204532,261.5079365079365,1.5134948955131413e-05,0.0,0.9681579971924705,0.2518161260694196,3602,0.5,0.99,0.007138319832938578,6.904525123323713,0.7874014598982675,-0.006700973957777023,5.421615655081613,0.007138319832938578,0.7874014598982675,6.904525123323713,1.0,1.5134948955131413e-05,1.5134948955131413e-05,0.0,0.2518161260694196,0.2518161260694196,0.0,0.9681579971924705,0.9681579971924705,0.0,0.0,0.0,0.0,0.0,0.08,19.2,42.8,920.578,184,Walker2d-v5,5603,Agente_2
393.4644019603729,333,1461880,569.6190346254446,823.7827141889162,133.61463989204532,256.825,1.5134948955131413e-05,0.0,0.9681579971924705,0.2518161260694196,3602,0.5,0.99,0.009225589903404137,4.859857470648629,0.5932121625968388,-0.00646590819316251,7.482146753583636,0.009225589903404137,0.5932121625968388,4.859857470648629,1.0,1.5134948955131413e-05,1.5134948955131413e-05,0.0,0.2518161260694196,0.2518161260694196,0.0,0.9681579971924705,0.9681579971924705,0.0,0.0,0.0,0.0,0.0,0.08,31.0,39.5,912.295,185,Walker2d-v5,5603,Agente_2
394.3052773475647,334,1465488,577.3272638000973,921.1016925613399,133.61463989204532,260.0210526315789,1.5134948955131413e-05,0.0,0.9681579971924705,0.2518161260694196,3602,0.5,0.99,0.006251706659687832,6.927650894437518,0.8123480115618025,-0.007315522166235106,5.707309504917689,0.006251706659687832,0.8123480115618025,6.927650894437518,1.0,1.5134948955131413e-05,1.5134948955131413e-05,0.0,0.2518161260694196,0.2518161260694196,0.0,0.9681579971924705,0.9681579971924705,0.0,0.0,0.0,0.0,0.0,0.07,30.8,40.0,901.768,186,Walker2d-v5,5603,Agente_2
395.5572214126587,335,1469096,577.2855748435527,921.1016925613399,133.61463989204532,260.19,1.5134948955131413e-05,0.0,0.9681579971924705,0.2518161260694196,3602,0.5,0.99,0.009578547971510228,4.1473549468176705,0.5184139132499694,0.002211448463744351,7.015120758329119,0.009578547971510228,0.5184139132499694,4.1473549468176705,1.0,1.5134948955131413e-05,1.5134948955131413e-05,0.0,0.2518161260694196,0.2518161260694196,0.0,0.9681579971924705,0.9681579971924705,0.0,0.0,0.0,0.0,0.0,0.07,40.1,41.05,939.104,187,Walker2d-v5,5603,Agente_2
396.7360587120056,336,1472704,570.6291214466711,921.1016925613399,133.61463989204532,259.07,1.5134948955131413e-05,0.0,0.9681579971924705,0.2518161260694196,3602,0.5,0.99,0.01279606651208139,6.175113133021763,0.5913013006959643,0.0063455982399838315,6.248217146737235,0.01279606651208139,0.5913013006959643,6.175113133021763,1.0,1.5134948955131413e-05,1.5134948955131413e-05,0.0,0.2518161260694196,0.2518161260694196,0.0,0.9681579971924705,0.9681579971924705,0.0,0.0,0.0,0.0,0.0,0.07,43.75,43.4,961.777,188,Walker2d-v5,5603,Agente_2
397.740211725235,337,1476312,567.2161638009454,921.1016925613399,133.61463989204532,255.34,1.5134948955131413e-05,0.0,0.9681579971924705,0.2518161260694196,3602,0.5,0.99,0.009606598025857237,5.215871667861938,0.6772296760763441,0.018006036350769656,6.28333740915571,0.009606598025857237,0.6772296760763441,5.215871667861938,1.0,1.5134948955131413e-05,1.5134948955131413e-05,0.0,0.2518161260694196,0.2518161260694196,0.0,0.9681579971924705,0.9681579971924705,0.0,0.0,0.0,0.0,0.0,0.07,50.0,45.0,965.726,189,Walker2d-v5,5603,Agente_2
398.478152513504,338,1479920,567.5584748017914,921.1016925613399,136.21711281111808,254.82,1.5134948955131413e-05,0.0,0.9681579971924705,0.2518161260694196,3602,0.5,0.99,0.015028633444515955,5.41243519442422,0.7093375452927181,0.003719696548900434,6.8930159841264995,0.015028633444515955,0.7093375452927181,5.41243519442422,1.0,1.5134948955131413e-05,1.5134948955131413e-05,0.0,0.2518161260694196,0.2518161260694196,0.0,0.9681579971924705,0.9681579971924705,0.0,0.0,0.0,0.0,0.0,0.11,29.0,45.7,936.211,190,Walker2d-v5,5603,Agente_2
399.248046875,339,1483528,559.4310053929743,921.1016925613399,136.21711281111808,250.5,1.5134948955131413e-05,0.0,0.9681579971924705,0.2518161260694196,3602,0.5,0.99,0.011060239848666243,5.999017558779035,0.5484611570835114,0.0010359240562788077,5.9213111945561,0.011060239848666243,0.5484611570835114,5.999017558779035,1.0,1.5134948955131413e-05,1.5134948955131413e-05,0.0,0.2518161260694196,0.2518161260694196,0.0,0.9681579971924705,0.9681579971924705,0.0,0.0,0.0,0.0,0.0,0.11,20.0,47.6,901.672,191,Walker2d-v5,5603,Agente_2
400.26363158226013,340,1487136,562.0603079470933,737.7898371467295,196.7429818348198,247.0,1.5134948955131413e-05,0.0,0.9681579971924705,0.2518161260694196,3602,0.5,0.99,0.013105230638237637,5.078782020296369,0.6472566596099308,0.0017549166455864905,7.03828889301845,0.013105230638237637,0.6472566596099308,5.078782020296369,1.0,1.5134948955131413e-05,1.5134948955131413e-05,0.0,0.2518161260694196,0.2518161260694196,0.0,0.9681579971924705,0.9681579971924705,0.0,0.0,0.0,0.0,0.0,0.48,27.700000000000003,48.8,885.569,192,Walker2d-v5,5603,Agente_2
401.39185547828674,341,1490744,,,,,1.5134948955131413e-05,0.0,0.9681579971924705,0.2518161260694196,3602,0.5,0.99,0.0040292572189840215,8.496652930123465,0.8757152574402945,-0.01196304756615843,5.935355506624494,0.0040292572189840215,0.8757152574402945,8.496652930123465,1.0,1.5134948955131413e-05,1.5134948955131413e-05,0.0,0.2518161260694196,0.2518161260694196,0.0,0.9681579971924705,0.9681579971924705,0.0,0.0,0.0,0.0,0.0,0.20800000000000002,16.0,47.839999999999996,1115.912,193,Walker2d-v5,5603,Agente_2
402.20073652267456,342,1494352,465.0502402082691,580.7358578733727,367.0754266734665,211.33333333333334,1.5134948955131413e-05,0.0,0.9681579971924705,0.2518161260694196,3602,0.5,0.99,0.0160925569403584,3.635188773700169,-0.184914938892637,0.0019302487107259886,8.36377647944859,0.0160925569403584,-0.184914938892637,3.635188773700169,1.0,1.5134948955131413e-05,1.5134948955131413e-05,0.0,0.2518161260694196,0.2518161260694196,0.0,0.9681579971924705,0.9681579971924705,0.0,0.0,0.0,0.0,0.0,0.25,27.6,49.5,955.923,194,Walker2d-v5,5603,Agente_2
403.30344820022583,343,1497960,535.8414734056352,726.4884785023273,367.0754266734665,245.06451612903226,1.5134948955131413e-05,0.0,0.9681579971924705,0.2518161260694196,3602,0.5,0.99,0.010383623728089982,6.674819592067173,0.3922639506203788,-0.001830507123044559,7.406805910382952,0.010383623728089982,0.3922639506203788,6.674819592067173,1.0,1.5134948955131413e-05,1.5134948955131413e-05,0.0,0.2518161260694196,0.2518161260694196,0.0,0.9681579971924705,0.9681579971924705,0.0,0.0,0.0,0.0,0.0,0.525,37.55,51.0,1000.479,195,Walker2d-v5,5603,Agente_2
404.7011580467224,344,1501568,529.9426839671553,726.4884785023273,367.0754266734665,241.0,1.5134948955131413e-05,0.0,0.9681579971924705,0.2518161260694196,3602,0.5,0.99,0.010058826215624452,5.486940199988229,0.13727562853268216,0.0004931874573230743,6.8199420860835485,0.010058826215624452,0.13727562853268216,5.486940199988229,1.0,1.5134948955131413e-05,1.5134948955131413e-05,0.0,0.2518161260694196,0.2518161260694196,0.0,0.9681579971924705,0.9681579971924705,0.0,0.0,0.0,0.0,0.0,0.15000000000000002,52.05,53.75,1096.309,196,Walker2d-v5,5603,Agente_2
405.7537090778351,345,1505176,545.2343218455776,823.5457940441086,367.0754266734665,251.0655737704918,1.5134948955131413e-05,0.0,0.9681579971924705,0.2518161260694196,3602,0.5,0.99,0.01645842360968735,4.881656682491302,0.23816244517053878,0.0013289802042501314,7.743993902206421,0.01645842360968735,0.23816244517053878,4.881656682491302,1.0,1.5134948955131413e-05,1.5134948955131413e-05,0.0,0.2518161260694196,0.2518161260694196,0.0,0.9681579971924705,0.9681579971924705,0.0,0.0,0.0,0.0,0.0,0.16,44.5,55.0,1085.662,197,Walker2d-v5,5603,Agente_2
406.4442539215088,346,1508784,536.026077919198,823.5457940441086,47.346139135841234,247.05714285714285,1.5134948955131413e-05,0.0,0.9681579971924705,0.2518161260694196,3602,0.5,0.99,0.008969667165157652,6.22760854448591,0.6043984413146972,-0.012533821750964437,7.125037411281041,0.008969667165157652,0.6043984413146972,6.22760854448591,1.0,1.5134948955131413e-05,1.5134948955131413e-05,0.0,0.2518161260694196,0.2518161260694196,0.0,0.9681579971924705,0.9681579971924705,0.0,0.0,0.0,0.0,0.0,0.15,30.95,55.849999999999994,1018.316,198,Walker2d-v5,5603,Agente_2
407.7587730884552,347,1512392,531.3363979777293,823.5457940441086,47.346139135841234,243.1011235955056,1.5134948955131413e-05,0.0,0.9681579971924705,0.2518161260694196,3602,0.5,0.99,0.012242022586620546,5.080876081330436,0.31152782695634024,-0.00559761097122516,7.508986616134644,0.012242022586620546,0.31152782695634024,5.080876081330436,1.0,1.5134948955131413e-05,1.5134948955131413e-05,0.0,0.2518161260694196,0.2518161260694196,0.0,0.9681579971924705,0.9681579971924705,0.0,0.0,0.0,0.0,0.0,0.22,33.25,50.45,1058.669,199,Walker2d-v5,5603,Agente_2
409.34887766838074,348,1516000,532.796748199824,823.5457940441086,47.346139135841234,242.94,1.5134948955131413e-05,0.0,0.9681579971924705,0.2518161260694196,3602,0.5,0.99,0.01950228697231588,5.177537860189165,0.4986875227519444,0.016103188108120645,7.472777019228254,0.01950228697231588,0.4986875227519444,5.177537860189165,1.0,1.5134948955131413e-05,1.5134948955131413e-05,0.0,0.2518161260694196,0.2518161260694196,0.0,0.9681579971924705,0.9681579971924705,0.0,0.0,0.0,0.0,0.0,0.275,39.875,48.474999999999994,1123.358,200,Walker2d-v5,5603,Agente_2
410.67298769950867,349,1519608,536.8721789285427,823.5457940441086,47.346139135841234,241.73,1.5134948955131413e-05,0.0,0.9681579971924705,0.2518161260694196,3602,0.5,0.99,0.00887511358804269,5.811345086778913,0.5186349374907357,-0.00401159290756498,7.501576512200492,0.00887511358804269,0.5186349374907357,5.811345086778913,1.0,1.5134948955131413e-05,1.5134948955131413e-05,0.0,0.2518161260694196,0.2518161260694196,0.0,0.9681579971924705,0.9681579971924705,0.0,0.0,0.0,0.0,0.0,0.06,52.0,43.7,1144.223,201,Walker2d-v5,5603,Agente_2
411.5571858882904,350,1523216,531.3558552499618,823.5457940441086,47.346139135841234,240.24,1.5134948955131413e-05,0.0,0.9681579971924705,0.2518161260694196,3602,0.5,0.99,0.01594743777843957,5.724054404667446,0.305423047712871,0.015547713211604527,7.193037952695574,0.01594743777843957,0.305423047712871,5.724054404667446,1.0,1.5134948955131413e-05,1.5134948955131413e-05,0.0,0.2518161260694196,0.2518161260694196,0.0,0.9681579971924705,0.9681579971924705,0.0,0.0,0.0,0.0,0.0,0.09,39.15,45.3,1117.083,202,Walker2d-v5,5603,Agente_2
412.3154470920563,351,1526824,529.1027127424001,823.5457940441086,47.346139135841234,238.43,1.5134948955131413e-05,0.0,0.9681579971924705,0.2518161260694196,3602,0.5,0.99,0.015809145477500612,4.466229724884033,0.016556390694209507,0.009834210893937519,7.372759873526437,0.015809145477500612,0.016556390694209507,4.466229724884033,1.0,1.5134948955131413e-05,1.5134948955131413e-05,0.0,0.2518161260694196,0.2518161260694196,0.0,0.9681579971924705,0.9681579971924705,0.0,0.0,0.0,0.0,0.0,0.14,19.8,46.9,1080.377,203,Walker2d-v5,5603,Agente_2
413.031986951828,352,1530432,535.4550504060815,820.9248907806602,294.69844272068104,238.01,1.5134948955131413e-05,0.0,0.9681579971924705,0.2518161260694196,3602,0.5,0.99,0.016935682103108515,4.8205592155456545,0.09471256818090167,0.006615950087351458,7.301918949399676,0.016935682103108515,0.09471256818090167,4.8205592155456545,1.0,1.5134948955131413e-05,1.5134948955131413e-05,0.0,0.2518161260694196,0.2518161260694196,0.0,0.9681579971924705,0.9681579971924705,0.0,0.0,0.0,0.0,0.0,0.28,20.1,47.9,1071.54,204,Walker2d-v5,5603,Agente_2
414.00728464126587,353,1534040,541.1005374680077,820.9248907806602,324.06187881006514,239.82,1.5134948955131413e-05,0.0,0.9681579971924705,0.2518161260694196,3602,0.5,0.99,0.014108277807567252,5.00741057395935,-0.08436486380440848,0.004100192763975688,7.36716775894165,0.014108277807567252,-0.08436486380440848,5.00741057395935,1.0,1.5134948955131413e-05,1.5134948955131413e-05,0.0,0.2518161260694196,0.2518161260694196,0.0,0.9681579971924705,0.9681579971924705,0.0,0.0,0.0,0.0,0.0,0.28,31.3,48.3,1059.154,205,Walker2d-v5,5603,Agente_2
414.78986954689026,354,1537648,542.5992239600715,820.9248907806602,324.06187881006514,240.63,1.5134948955131413e-05,0.0,0.9681579971924705,0.2518161260694196,3602,0.5,0.99,0.01884981509636938,5.157927748135158,0.16650261623518808,-0.0003712876034634454,7.641567393711635,0.01884981509636938,0.16650261623518808,5.157927748135158,1.0,1.5134948955131413e-05,1.5134948955131413e-05,0.0,0.2518161260694196,0.2518161260694196,0.0,0.9681579971924705,0.9681579971924705,0.0,0.0,0.0,0.0,0.0,0.47,24.0,49.4,997.784,206,Walker2d-v5,5603,Agente_2
417.2451903820038,224,1617984,594.441017766012,862.3250683705456,91.17967888771595,258.4469696969697,0.0007087112109767036,0.0,0.99,0.1,37892,0.5,0.99,0.013424079703494553,5.3442893550202655,0.674205416763151,0.022779350136280865,7.583996337168926,0.013424079703494553,0.674205416763151,5.3442893550202655,1.0,0.0007087112109767036,0.0007087112109767036,0.0,0.1,0.1,0.0,0.99,0.99,0.0,0.0,0.0,0.0,0.0,0.4846153846153846,35.42307692307692,50.80769230769231,8928.668,207,Walker2d-v5,5603,Agente_2
427.6769630908966,225,1655880,584.9903270239574,776.154936997388,84.18011907360783,256.0753424657534,0.0007087112109767036,0.0,0.99,0.1,37892,0.5,0.99,0.009873119702978293,5.22908923625946,0.7024978490294637,0.016249131826633536,7.657188488986041,0.009873119702978293,0.7024978490294637,5.22908923625946,1.0,0.0007087112109767036,0.0007087112109767036,0.0,0.1,0.1,0.0,0.99,0.99,0.0,0.0,0.0,0.0,0.0,0.4406666666666667,38.74,51.093333333333334,9674.171,208,Walker2d-v5,5603,Agente_2
436.3886263370514,226,1693776,599.8661731444087,827.1680263923465,76.4741159433024,260.29133858267716,0.0007087112109767036,0.0,0.99,0.1,37892,0.5,0.99,0.007880610034398623,5.241926496415525,0.6612188093565606,0.01347260066131885,7.830024712150161,0.007880610034398623,0.6612188093565606,5.241926496415525,1.0,0.0007087112109767036,0.0007087112109767036,0.0,0.1,0.1,0.0,0.99,0.99,0.0,0.0,0.0,0.0,0.0,0.49230769230769234,41.37692307692308,47.846153846153854,8698.191,209,Walker2d-v5,5603,Agente_2
447.4955379962921,227,1731672,593.5531860178207,909.9873378908959,109.45137743536961,263.7315436241611,0.0007087112109767036,0.0,0.99,0.1,37892,0.5,0.99,0.009378370597040123,5.482030818591246,0.7064604962194289,0.013000092720864592,8.063163538236875,0.009378370597040123,0.7064604962194289,5.482030818591246,1.0,0.0007087112109767036,0.0007087112109767036,0.0,0.1,0.1,0.0,0.99,0.99,0.0,0.0,0.0,0.0,0.0,0.474,40.29333333333333,48.36000000000001,9896.267,210,Walker2d-v5,5603,Agente_2
458.8498878479004,228,1769568,582.2058609922964,900.0288206784154,66.59968393935341,257.98473282442745,0.0007087112109767036,0.0,0.99,0.1,37892,0.5,0.99,0.008348329592106244,5.455426216769863,0.7080328280055845,0.01158823244827422,7.923953662047515,0.008348329592106244,0.7080328280055845,5.455426216769863,1.0,0.0007087112109767036,0.0007087112109767036,0.0,0.1,0.1,0.0,0.99,0.99,0.0,0.0,0.0,0.0,0.0,0.48249999999999993,44.6,57.006249999999994,11339.793,211,Walker2d-v5,5603,Agente_2
468.8884084224701,229,1807464,594.2043207825755,778.3976169949162,126.64799101917878,258.8445945945946,0.0007087112109767036,0.0,0.99,0.1,37892,0.5,0.99,0.007531745278597669,5.2094078363599,0.7525625174915468,0.011064289530386797,8.04976718619063,0.007531745278597669,0.7525625174915468,5.2094078363599,1.0,0.0007087112109767036,0.0007087112109767036,0.0,0.1,0.1,0.0,0.99,0.99,0.0,0.0,0.0,0.0,0.0,0.9021428571428574,36.32857142857143,59.01428571428572,10682.593,212,Walker2d-v5,5603,Agente_2
479.3658106327057,230,1845360,584.2380761188482,753.8005452356774,86.80150151167993,254.37414965986395,0.0007087112109767036,0.0,0.99,0.1,37892,0.5,0.99,0.007091179027417394,5.47901895303984,0.7842252296370429,0.009531182103563804,8.040115482098347,0.007091179027417394,0.7842252296370429,5.47901895303984,1.0,0.0007087112109767036,0.0007087112109767036,0.0,0.1,0.1,0.0,0.99,0.99,0.0,0.0,0.0,0.0,0.0,0.5953333333333334,34.653333333333336,59.273333333333326,10609.489,213,Walker2d-v5,5603,Agente_2
493.4894709587097,231,1883256,576.6462679464139,776.682345864681,112.02688206956938,249.90728476821192,0.0007087112109767036,0.0,0.99,0.1,37892,0.5,0.99,0.006338898975356667,5.559101267118712,0.7980086042268856,0.007997629192431232,7.91633113074947,0.006338898975356667,0.7980086042268856,5.559101267118712,1.0,0.0007087112109767036,0.0007087112109767036,0.0,0.1,0.1,0.0,0.99,0.99,0.0,0.0,0.0,0.0,0.0,0.551,40.82,59.65999999999999,11484.766,214,Walker2d-v5,5603,Agente_2
503.59399604797363,232,1921152,586.2442729576215,871.177777522101,153.3689298747494,257.31333333333333,0.0007087112109767036,0.0,0.99,0.1,37892,0.5,0.99,0.005883364455390819,5.754786995294932,0.8269502437597996,0.006294010107632021,8.02691607668593,0.005883364455390819,0.8269502437597996,5.754786995294932,1.0,0.0007087112109767036,0.0007087112109767036,0.0,0.1,0.1,0.0,0.99,0.99,0.0,0.0,0.0,0.0,0.0,0.6864285714285714,43.18571428571429,59.83571428571428,11205.767,215,Walker2d-v5,5603,Agente_2
513.3975129127502,233,1959048,565.8043585507804,713.5796772057397,177.06174989529202,247.0328947368421,0.0007087112109767036,0.0,0.99,0.1,37892,0.5,0.99,0.005677887111075531,5.889534082928219,0.8370132982730866,0.006833888977967404,8.072607600366746,0.005677887111075531,0.8370132982730866,5.889534082928219,1.0,0.0007087112109767036,0.0007087112109767036,0.0,0.1,0.1,0.0,0.99,0.99,0.0,0.0,0.0,0.0,0.0,0.6892857142857143,33.33571428571429,60.20000000000001,10969.79,216,Walker2d-v5,5603,Agente_2
523.3400208950043,234,1996944,564.1387826942578,1032.8460398945913,376.6338921841632,248.0328947368421,0.0007087112109767036,0.0,0.99,0.1,37892,0.5,0.99,0.00684807415928941,5.933354473114013,0.8539660877472646,0.00815022162891723,7.932761919176256,0.00684807415928941,0.8539660877472646,5.933354473114013,1.0,0.0007087112109767036,0.0007087112109767036,0.0,0.1,0.1,0.0,0.99,0.99,0.0,0.0,0.0,0.0,0.0,0.4230769230769231,46.87692307692308,60.20000000000001,10821.471,217,Walker2d-v5,5603,Agente_2
531.4080395698547,235,2034840,549.5452952176554,700.5166283728134,69.92706141869405,244.76282051282053,0.0007087112109767036,0.0,0.99,0.1,37892,0.5,0.99,0.004384290933848406,6.014632960267969,0.8531063715348373,0.0040640707996145295,7.834941431638357,0.004384290933848406,0.8531063715348373,6.014632960267969,1.0,0.0007087112109767036,0.0007087112109767036,0.0,0.1,0.1,0.0,0.99,0.99,0.0,0.0,0.0,0.0,0.0,0.9041666666666667,24.191666666666666,53.41666666666666,10475.956,218,Walker2d-v5,5603,Agente_2
4.898796796798706,1,18400,-0.614413925291028,32.537001281540974,-13.958588011862705,18.542739443872296,0.00024444298126779417,0.0,0.9382517939585292,0.4356595826921842,18397,0.5,0.99,0.06286128787822755,8.455601594107492,0.29861480167933874,-0.0766250948288611,3.761490993499756,0.06286128787822755,0.29861480167933874,8.455601594107492,1.0,0.00024444298126779417,0.00024444298126779417,0.0,0.4356595826921842,0.4356595826921842,0.0,0.9382517939585292,0.9382517939585292,0.0,0.0,0.0,0.0,0.0,0.27285714285714285,42.67142857142858,55.04285714285714,4879.949,0,Walker2d-v5,5603,Agente_3
10.256193399429321,2,36800,7.599258793879124,95.6181652672258,-12.801308332197237,29.211631663974153,0.00024444298126779417,0.0,0.9382517939585292,0.4356595826921842,18397,0.5,0.99,0.05713428429074286,8.319288926805768,0.34398365684918,-0.07972319168437804,5.275560593605041,0.05713428429074286,0.34398365684918,8.319288926805768,1.0,0.00024444298126779417,0.00024444298126779417,0.0,0.4356595826921842,0.4356595826921842,0.0,0.9382517939585292,0.9382517939585292,0.0,0.0,0.0,0.0,0.0,0.7037500000000001,38.5125,57.1,5111.678,1,Walker2d-v5,5603,Agente_3
14.593769311904907,3,55200,29.188014333052223,196.96098569501393,-7.765801415928099,59.09271523178808,0.00024444298126779417,0.0,0.9382517939585292,0.4356595826921842,18397,0.5,0.99,0.04170311990545347,8.224691551753454,0.4547354328632355,-0.05879253987755094,7.0238931928362165,0.04170311990545347,0.4547354328632355,8.224691551753454,1.0,0.00024444298126779417,0.00024444298126779417,0.0,0.4356595826921842,0.4356595826921842,0.0,0.9382517939585292,0.9382517939585292,0.0,0.0,0.0,0.0,0.0,0.8216666666666667,34.15,57.96666666666667,4849.53,2,Walker2d-v5,5603,Agente_3
18.664706707000732,4,73600,83.64506481956091,335.7181145519815,-3.877587478204493,109.1,0.00024444298126779417,0.0,0.9382517939585292,0.4356595826921842,18397,0.5,0.99,0.02730654726521087,8.095957078933715,0.5060270883355822,-0.050806963220238685,7.753521308898926,0.02730654726521087,0.5060270883355822,8.095957078933715,1.0,0.00024444298126779417,0.00024444298126779417,0.0,0.4356595826921842,0.4356595826921842,0.0,0.9382517939585292,0.9382517939585292,0.0,0.0,0.0,0.0,0.0,0.7866666666666666,33.86666666666667,52.68333333333334,4651.397,3,Walker2d-v5,5603,Agente_3
23.981321096420288,5,92000,146.42404780749362,471.73550300605547,-2.4712420450685717,145.6153846153846,0.00024444298126779417,0.0,0.9382517939585292,0.4356595826921842,18397,0.5,0.99,0.018475106213757368,8.017589011873518,0.6775793281623296,-0.029293741658329965,8.089072595323834,0.018475106213757368,0.6775793281623296,8.017589011873518,1.0,0.00024444298126779417,0.00024444298126779417,0.0,0.4356595826921842,0.4356595826921842,0.0,0.9382517939585292,0.9382517939585292,0.0,0.0,0.0,0.0,0.0,0.30428571428571427,40.18571428571429,53.0,4781.856,4,Walker2d-v5,5603,Agente_3
28.64854335784912,6,110400,174.27036292728587,573.7488146077736,4.491108676307182,173.06306306306305,0.00024444298126779417,0.0,0.9382517939585292,0.4356595826921842,18397,0.5,0.99,0.018359090704865855,8.040642653873988,0.7180959817341396,-0.03846964473703078,8.006317100524903,0.018359090704865855,0.7180959817341396,8.040642653873988,1.0,0.00024444298126779417,0.00024444298126779417,0.0,0.4356595826921842,0.4356595826921842,0.0,0.9382517939585292,0.9382517939585292,0.0,0.0,0.0,0.0,0.0,0.6,38.4,56.9,4760.442,5,Walker2d-v5,5603,Agente_3
33.27159523963928,7,128800,216.85007928506002,668.9303026849487,1.4216159802885768,192.35,0.00024444298126779417,0.0,0.9382517939585292,0.4356595826921842,18397,0.5,0.99,0.01662643432627062,7.937895631790161,0.6769266983440944,-0.04419004827205624,7.9660392761230465,0.01662643432627062,0.6769266983440944,7.937895631790161,1.0,0.00024444298126779417,0.00024444298126779417,0.0,0.4356595826921842,0.4356595826921842,0.0,0.9382517939585292,0.9382517939585292,0.0,0.0,0.0,0.0,0.0,0.7000000000000001,39.48333333333333,57.13333333333333,4738.98,6,Walker2d-v5,5603,Agente_3
37.26795792579651,8,147200,283.22847284118785,542.2180597575792,1.4216159802885768,220.93,0.00024444298126779417,0.0,0.9382517939585292,0.4356595826921842,18397,0.5,0.99,0.01802796547190935,7.862195817402431,0.7233224516255515,-0.04254584872296878,8.190263101032802,0.01802796547190935,0.7233224516255515,7.862195817402431,1.0,0.00024444298126779417,0.00024444298126779417,0.0,0.4356595826921842,0.4356595826921842,0.0,0.9382517939585292,0.9382517939585292,0.0,0.0,0.0,0.0,0.0,0.6316666666666667,38.25,56.98333333333334,4644.385,7,Walker2d-v5,5603,Agente_3
41.5702269077301,9,165600,292.79821097491725,605.0748824348896,30.472415953694018,213.64,0.00024444298126779417,0.0,0.9382517939585292,0.4356595826921842,18397,0.5,0.99,0.017011898975189458,7.906080882208688,0.7707123446464539,-0.03673465823488576,7.875393353870937,0.017011898975189458,0.7707123446464539,7.906080882208688,1.0,0.00024444298126779417,0.00024444298126779417,0.0,0.4356595826921842,0.4356595826921842,0.0,0.9382517939585292,0.9382517939585292,0.0,0.0,0.0,0.0,0.0,0.5650000000000001,39.083333333333336,56.616666666666674,4604.405,8,Walker2d-v5,5603,Agente_3
31.19924807548523,23,113408,295.5030938005158,329.3605943030948,237.7833903725291,153.16666666666666,1.9965824361720077e-05,0.0,0.99,0.22775486857793859,5865,0.5,0.99,0.0047726240990666234,7.438513339649547,-0.0851095280864022,-0.012587134362283078,9.724196494709362,0.0047726240990666234,-0.0851095280864022,7.438513339649547,1.0,1.9965824361720077e-05,1.9965824361720077e-05,0.0,0.22775486857793859,0.22775486857793859,0.0,0.99,0.99,0.0,0.0,0.0,0.0,0.0,0.31,17.599999999999998,38.63333333333333,1475.928,9,Walker2d-v5,5603,Agente_3
32.68911075592041,24,119280,324.5807833811115,524.2442163894519,142.07172395991927,180.66666666666666,1.9965824361720077e-05,0.0,0.99,0.22775486857793859,5865,0.5,0.99,0.005889172734664912,7.537692793932828,0.38297579234296625,-8.262805640697479e-05,9.557979202270507,0.005889172734664912,0.38297579234296625,7.537692793932828,1.0,1.9965824361720077e-05,1.9965824361720077e-05,0.0,0.22775486857793859,0.22775486857793859,0.0,0.99,0.99,0.0,0.0,0.0,0.0,0.0,0.145,33.599999999999994,40.95,1476.894,10,Walker2d-v5,5603,Agente_3
34.20335125923157,25,125152,331.3762940167698,524.2442163894519,5.3143640763257665,187.0,1.9965824361720077e-05,0.0,0.99,0.22775486857793859,5865,0.5,0.99,0.005256429831900856,7.344982953505083,0.3579417954791676,-0.00048569710078564556,9.603604212674227,0.005256429831900856,0.3579417954791676,7.344982953505083,1.0,1.9965824361720077e-05,1.9965824361720077e-05,0.0,0.22775486857793859,0.22775486857793859,0.0,0.99,0.99,0.0,0.0,0.0,0.0,0.0,0.145,34.75,41.75,1484.892,11,Walker2d-v5,5603,Agente_3
35.32702612876892,26,131024,339.14931916455424,569.1463191522449,5.3143640763257665,193.6,1.9965824361720077e-05,0.0,0.99,0.22775486857793859,5865,0.5,0.99,0.006784788336699421,7.425497900355946,0.36272614977576517,-0.0015998272733254867,9.653628331964667,0.006784788336699421,0.36272614977576517,7.425497900355946,1.0,1.9965824361720077e-05,1.9965824361720077e-05,0.0,0.22775486857793859,0.22775486857793859,0.0,0.99,0.99,0.0,0.0,0.0,0.0,0.0,0.11,30.2,38.2,1391.518,12,Walker2d-v5,5603,Agente_3
36.74058198928833,27,136896,347.6433262269678,569.1463191522449,5.3143640763257665,200.36,1.9965824361720077e-05,0.0,0.99,0.22775486857793859,5865,0.5,0.99,0.006101208024649003,7.535520657626066,0.3082443529909307,-0.015950099378824235,9.608471445603804,0.006101208024649003,0.3082443529909307,7.535520657626066,1.0,1.9965824361720077e-05,1.9965824361720077e-05,0.0,0.22775486857793859,0.22775486857793859,0.0,0.99,0.99,0.0,0.0,0.0,0.0,0.0,0.09,33.05,40.75,1393.9,13,Walker2d-v5,5603,Agente_3
38.36829376220703,28,142768,346.88745001017685,569.1463191522449,5.3143640763257665,201.08,1.9965824361720077e-05,0.0,0.99,0.22775486857793859,5865,0.5,0.99,0.005314437733051653,7.674121670289473,0.30221272977915675,-0.014686950770291415,9.570083904266358,0.005314437733051653,0.30221272977915675,7.674121670289473,1.0,1.9965824361720077e-05,1.9965824361720077e-05,0.0,0.22775486857793859,0.22775486857793859,0.0,0.99,0.99,0.0,0.0,0.0,0.0,0.0,0.19333333333333333,33.43333333333334,44.73333333333333,1430.815,14,Walker2d-v5,5603,Agente_3
39.98576736450195,29,148640,345.48124728827946,514.306482960415,109.23791048658491,200.26,1.9965824361720077e-05,0.0,0.99,0.22775486857793859,5865,0.5,0.99,0.005336634755208665,7.437488833340732,0.3651795555244793,-0.036180950396440245,9.705192826010965,0.005336634755208665,0.3651795555244793,7.437488833340732,1.0,1.9965824361720077e-05,1.9965824361720077e-05,0.0,0.22775486857793859,0.22775486857793859,0.0,0.99,0.99,0.0,0.0,0.0,0.0,0.0,0.155,32.5,46.75,1456.214,15,Walker2d-v5,5603,Agente_3
41.3314471244812,30,154512,353.3723165176027,514.306482960415,114.02473146246041,203.36,1.9965824361720077e-05,0.0,0.99,0.22775486857793859,5865,0.5,0.99,0.0067203216823558745,7.469464882937345,0.26525897166945717,-0.009746131775054064,9.4925931670449,0.0067203216823558745,0.26525897166945717,7.469464882937345,1.0,1.9965824361720077e-05,1.9965824361720077e-05,0.0,0.22775486857793859,0.22775486857793859,0.0,0.99,0.99,0.0,0.0,0.0,0.0,0.0,0.25,34.25,48.35,1441.078,16,Walker2d-v5,5603,Agente_3
43.41098999977112,31,160384,360.9268364301073,514.306482960415,114.02473146246041,208.32,1.9965824361720077e-05,0.0,0.99,0.22775486857793859,5865,0.5,0.99,0.005918523363818002,7.328116885098544,0.41119921532544224,-0.014296164431355216,9.568711046739057,0.005918523363818002,0.41119921532544224,7.328116885098544,1.0,1.9965824361720077e-05,1.9965824361720077e-05,0.0,0.22775486857793859,0.22775486857793859,0.0,0.99,0.99,0.0,0.0,0.0,0.0,0.0,0.37000000000000005,44.666666666666664,51.6,1510.56,17,Walker2d-v5,5603,Agente_3
45.04017782211304,32,166256,315.83973269744183,347.39737360650435,261.4175280042489,164.28571428571428,1.9965824361720077e-05,0.0,0.99,0.22775486857793859,5865,0.5,0.99,0.005917894076691188,7.160560087724165,0.05494989427653226,-0.011220959116789428,9.873164332996716,0.005917894076691188,0.05494989427653226,7.160560087724165,1.0,1.9965824361720077e-05,1.9965824361720077e-05,0.0,0.22775486857793859,0.22775486857793859,0.0,0.99,0.99,0.0,0.0,0.0,0.0,0.0,0.37999999999999995,25.266666666666666,49.56666666666666,1620.229,18,Walker2d-v5,5603,Agente_3
46.34334850311279,33,172128,366.60267145407505,426.6057599276926,261.4175280042489,202.02777777777777,1.9965824361720077e-05,0.0,0.99,0.22775486857793859,5865,0.5,0.99,0.005632881263921842,7.282153315977617,0.2127791242165999,-0.04369611462408846,9.718244327198375,0.005632881263921842,0.2127791242165999,7.282153315977617,1.0,1.9965824361720077e-05,1.9965824361720077e-05,0.0,0.22775486857793859,0.22775486857793859,0.0,0.99,0.99,0.0,0.0,0.0,0.0,0.0,0.22,37.85,44.3,1455.282,19,Walker2d-v5,5603,Agente_3
47.78239130973816,34,178000,373.0206262863369,519.5116709424811,134.4695657428166,207.22727272727272,1.9965824361720077e-05,0.0,0.99,0.22775486857793859,5865,0.5,0.99,0.00546581647100869,7.370739975842563,0.26174101666970684,-0.024159055372530765,9.655974526838822,0.00546581647100869,0.26174101666970684,7.370739975842563,1.0,1.9965824361720077e-05,1.9965824361720077e-05,0.0,0.22775486857793859,0.22775486857793859,0.0,0.99,0.99,0.0,0.0,0.0,0.0,0.0,0.09,38.95,44.400000000000006,1445.297,20,Walker2d-v5,5603,Agente_3
49.629706382751465,35,183872,377.8955224106667,567.6574253132217,134.4695657428166,210.36458333333334,1.9965824361720077e-05,0.0,0.99,0.22775486857793859,5865,0.5,0.99,0.007103223031812046,7.110710144042969,0.17370477643879978,-0.035951572385701264,9.66008097041737,0.007103223031812046,0.17370477643879978,7.110710144042969,1.0,1.9965824361720077e-05,1.9965824361720077e-05,0.0,0.22775486857793859,0.22775486857793859,0.0,0.99,0.99,0.0,0.0,0.0,0.0,0.0,0.475,53.849999999999994,48.400000000000006,1543.38,21,Walker2d-v5,5603,Agente_3
51.76746225357056,36,189744,380.5585608641461,567.6574253132217,134.4695657428166,210.94,1.9965824361720077e-05,0.0,0.99,0.22775486857793859,5865,0.5,0.99,0.005492940564594887,7.112596485831521,0.20267622579227795,-0.01635454161600633,9.628122199665416,0.005492940564594887,0.20267622579227795,7.112596485831521,1.0,1.9965824361720077e-05,1.9965824361720077e-05,0.0,0.22775486857793859,0.22775486857793859,0.0,0.99,0.99,0.0,0.0,0.0,0.0,0.0,0.4733333333333334,41.5,53.133333333333326,1659.502,22,Walker2d-v5,5603,Agente_3
53.08248019218445,37,195616,378.1368296323614,567.6574253132217,114.02548893527245,209.84,1.9965824361720077e-05,0.0,0.99,0.22775486857793859,5865,0.5,0.99,0.0049817042629332385,7.264538314125755,0.2909777289087122,-0.02522680823775855,9.76654373515736,0.0049817042629332385,0.2909777289087122,7.264538314125755,1.0,1.9965824361720077e-05,1.9965824361720077e-05,0.0,0.22775486857793859,0.22775486857793859,0.0,0.99,0.99,0.0,0.0,0.0,0.0,0.0,0.95,35.45,55.3,1600.156,23,Walker2d-v5,5603,Agente_3
54.44395160675049,38,201488,380.9580870733721,567.6574253132217,114.02548893527245,209.9,1.9965824361720077e-05,0.0,0.99,0.22775486857793859,5865,0.5,0.99,0.007725674985191621,7.055372142791748,0.26479202888228676,-0.020798380131071263,9.710969517447731,0.007725674985191621,0.26479202888228676,7.055372142791748,1.0,1.9965824361720077e-05,1.9965824361720077e-05,0.0,0.22775486857793859,0.22775486857793859,0.0,0.99,0.99,0.0,0.0,0.0,0.0,0.0,0.56,37.0,56.6,1564.373,24,Walker2d-v5,5603,Agente_3
55.68521237373352,39,207360,381.91260000530156,561.0903471888906,114.02548893527245,207.8,1.9965824361720077e-05,0.0,0.99,0.22775486857793859,5865,0.5,0.99,0.006591897699796722,6.998144500905817,0.29439789977940645,-0.011128948628902435,9.706179861588911,0.006591897699796722,0.29439789977940645,6.998144500905817,1.0,1.9965824361720077e-05,1.9965824361720077e-05,0.0,0.22775486857793859,0.22775486857793859,0.0,0.99,0.99,0.0,0.0,0.0,0.0,0.0,0.85,38.2,56.7,1522.675,25,Walker2d-v5,5603,Agente_3
57.432493686676025,40,213232,380.15963801701173,501.577335315518,124.90594454650054,204.34,1.9965824361720077e-05,0.0,0.99,0.22775486857793859,5865,0.5,0.99,0.00800258417852588,7.105986794558438,0.2521237779747356,-0.013835957443172281,9.679934354261919,0.00800258417852588,0.2521237779747356,7.105986794558438,1.0,1.9965824361720077e-05,1.9965824361720077e-05,0.0,0.22775486857793859,0.22775486857793859,0.0,0.99,0.99,0.0,0.0,0.0,0.0,0.0,0.635,39.65,56.849999999999994,1546.259,26,Walker2d-v5,5603,Agente_3
59.13087010383606,41,219104,378.7329452398623,501.577335315518,124.90594454650054,201.31,1.9965824361720077e-05,0.0,0.99,0.22775486857793859,5865,0.5,0.99,0.007837125994079873,7.055489717830311,0.23779434670101512,-0.004629175161773508,9.730617384477096,0.007837125994079873,0.23779434670101512,7.055489717830311,1.0,1.9965824361720077e-05,1.9965824361720077e-05,0.0,0.22775486857793859,0.22775486857793859,0.0,0.99,0.99,0.0,0.0,0.0,0.0,0.0,0.33666666666666667,41.199999999999996,56.96666666666667,1560.368,27,Walker2d-v5,5603,Agente_3
60.620763540267944,42,224976,377.4643620963844,513.0069021021557,124.90594454650054,199.39,1.9965824361720077e-05,0.0,0.99,0.22775486857793859,5865,0.5,0.99,0.007734419339249144,7.120560784773393,0.24715822068127719,-0.02192720127376643,9.74896558414806,0.007734419339249144,0.24715822068127719,7.120560784773393,1.0,1.9965824361720077e-05,1.9965824361720077e-05,0.0,0.22775486857793859,0.22775486857793859,0.0,0.99,0.99,0.0,0.0,0.0,0.0,0.0,0.92,35.7,57.2,1546.345,28,Walker2d-v5,5603,Agente_3
62.39020276069641,43,230848,384.55069797921914,580.7391761244542,124.90594454650054,206.77,1.9965824361720077e-05,0.0,0.99,0.22775486857793859,5865,0.5,0.99,0.006202878760417331,7.05668866851113,0.2558987064795061,-0.015069480646740307,9.663961922038686,0.006202878760417331,0.2558987064795061,7.05668866851113,1.0,1.9965824361720077e-05,1.9965824361720077e-05,0.0,0.22775486857793859,0.22775486857793859,0.0,0.99,0.99,0.0,0.0,0.0,0.0,0.0,0.81,39.3,57.150000000000006,1593.29,29,Walker2d-v5,5603,Agente_3
64.14855241775513,44,236720,390.83340410656825,580.7391761244542,265.52292999144674,209.99,1.9965824361720077e-05,0.0,0.99,0.22775486857793859,5865,0.5,0.99,0.006368581991575245,6.9260799754749645,0.26505493250760165,-0.028056684441187165,9.672725946252996,0.006368581991575245,0.26505493250760165,6.9260799754749645,1.0,1.9965824361720077e-05,1.9965824361720077e-05,0.0,0.22775486857793859,0.22775486857793859,0.0,0.99,0.99,0.0,0.0,0.0,0.0,0.0,0.3833333333333333,40.46666666666667,57.06666666666666,1625.484,30,Walker2d-v5,5603,Agente_3
65.71190690994263,45,242592,387.1153839551427,580.7391761244542,118.40736192799109,208.14,1.9965824361720077e-05,0.0,0.99,0.22775486857793859,5865,0.5,0.99,0.007914005953352898,6.981166310743852,0.17913247509436173,-0.02075757584111257,9.704261727766557,0.007914005953352898,0.17913247509436173,6.981166310743852,1.0,1.9965824361720077e-05,1.9965824361720077e-05,0.0,0.22775486857793859,0.22775486857793859,0.0,0.99,0.99,0.0,0.0,0.0,0.0,0.0,0.97,42.349999999999994,56.9,1597.032,31,Walker2d-v5,5603,Agente_3
67.07364916801453,46,248464,380.9038063476677,590.4482074495994,118.40736192799109,203.06,1.9965824361720077e-05,0.0,0.99,0.22775486857793859,5865,0.5,0.99,0.008450086076085096,6.992790707674893,0.25526044748046184,-0.033982262861999596,9.618205868114124,0.008450086076085096,0.25526044748046184,6.992790707674893,1.0,1.9965824361720077e-05,1.9965824361720077e-05,0.0,0.22775486857793859,0.22775486857793859,0.0,0.99,0.99,0.0,0.0,0.0,0.0,0.0,0.905,35.45,56.9,1519.817,32,Walker2d-v5,5603,Agente_3
68.69856595993042,47,254336,372.0604012259331,590.4482074495994,118.40736192799109,197.11,1.9965824361720077e-05,0.0,0.99,0.22775486857793859,5865,0.5,0.99,0.009226896640195098,7.070819945768877,0.30632372065023944,-0.029084556312723595,9.63129487471147,0.009226896640195098,0.30632372065023944,7.070819945768877,1.0,1.9965824361720077e-05,1.9965824361720077e-05,0.0,0.22775486857793859,0.22775486857793859,0.0,0.99,0.99,0.0,0.0,0.0,0.0,0.0,0.2,36.95,56.7,1551.037,33,Walker2d-v5,5603,Agente_3
70.11503863334656,48,260208,378.55936323662144,590.4482074495994,88.5128604156506,200.22,1.9965824361720077e-05,0.0,0.99,0.22775486857793859,5865,0.5,0.99,0.005100746058980638,6.875513237172907,0.3077598035335541,-0.02276041754944758,9.701935707439075,0.005100746058980638,0.3077598035335541,6.875513237172907,1.0,1.9965824361720077e-05,1.9965824361720077e-05,0.0,0.22775486857793859,0.22775486857793859,0.0,0.99,0.99,0.0,0.0,0.0,0.0,0.0,0.45999999999999996,33.45,49.1,1556.383,34,Walker2d-v5,5603,Agente_3
71.64641237258911,49,266080,385.61307775068366,590.4482074495994,88.5128604156506,203.67,1.9965824361720077e-05,0.0,0.99,0.22775486857793859,5865,0.5,0.99,0.006734305538272813,6.798941581899469,0.30073475729335436,-0.02926167097281326,9.780093158375132,0.006734305538272813,0.30073475729335436,6.798941581899469,1.0,1.9965824361720077e-05,1.9965824361720077e-05,0.0,0.22775486857793859,0.22775486857793859,0.0,0.99,0.99,0.0,0.0,0.0,0.0,0.0,0.09,32.2,48.25,1585.329,35,Walker2d-v5,5603,Agente_3
73.16212964057922,50,271952,318.43717330801,357.81581922619233,225.61374411792266,161.0,1.9965824361720077e-05,0.0,0.99,0.22775486857793859,5865,0.5,0.99,0.006991381734637991,6.441680708798495,0.027955945513465186,-0.007692035981877283,9.819252100857822,0.006991381734637991,0.027955945513465186,6.441680708798495,1.0,1.9965824361720077e-05,1.9965824361720077e-05,0.0,0.22775486857793859,0.22775486857793859,0.0,0.99,0.99,0.0,0.0,0.0,0.0,0.0,0.4166666666666667,25.099999999999998,49.06666666666666,1506.026,36,Walker2d-v5,5603,Agente_3
74.47895574569702,51,277824,381.7793132641978,572.9350098266586,106.10033083224428,210.31428571428572,1.9965824361720077e-05,0.0,0.99,0.22775486857793859,5865,0.5,0.99,0.007325296983650663,6.851322091709484,0.4211814051324671,-0.023625873537226158,9.710691382668236,0.007325296983650663,0.4211814051324671,6.851322091709484,1.0,1.9965824361720077e-05,1.9965824361720077e-05,0.0,0.22775486857793859,0.22775486857793859,0.0,0.99,0.99,0.0,0.0,0.0,0.0,0.0,0.37,36.25,47.7,1406.746,37,Walker2d-v5,5603,Agente_3
76.14287781715393,52,283696,390.69021790003603,572.9350098266586,106.10033083224428,208.4923076923077,1.9965824361720077e-05,0.0,0.99,0.22775486857793859,5865,0.5,0.99,0.005300264101044211,6.59927266294306,0.405211250890385,-0.02620990061285821,9.642339593713933,0.005300264101044211,0.405211250890385,6.59927266294306,1.0,1.9965824361720077e-05,1.9965824361720077e-05,0.0,0.22775486857793859,0.22775486857793859,0.0,0.99,0.99,0.0,0.0,0.0,0.0,0.0,0.07,44.400000000000006,46.25,1489.075,38,Walker2d-v5,5603,Agente_3
77.61802935600281,53,289568,394.79795626252604,572.9350098266586,93.59484737444028,208.61052631578949,1.9965824361720077e-05,0.0,0.99,0.22775486857793859,5865,0.5,0.99,0.00737845520700582,6.7096820527857,0.3011482786048542,-0.03271206620741974,9.687415452436968,0.00737845520700582,0.3011482786048542,6.7096820527857,1.0,1.9965824361720077e-05,1.9965824361720077e-05,0.0,0.22775486857793859,0.22775486857793859,0.0,0.99,0.99,0.0,0.0,0.0,0.0,0.0,0.43,36.2,46.849999999999994,1482.409,39,Walker2d-v5,5603,Agente_3
79.65995717048645,54,295440,395.1535037368723,507.8183354941578,93.59484737444028,209.06,1.9965824361720077e-05,0.0,0.99,0.22775486857793859,5865,0.5,0.99,0.008390485143304845,6.594455302845348,0.37528052004900847,-0.021451424536379902,9.62378705631603,0.008390485143304845,0.37528052004900847,6.594455302845348,1.0,1.9965824361720077e-05,1.9965824361720077e-05,0.0,0.22775486857793859,0.22775486857793859,0.0,0.99,0.99,0.0,0.0,0.0,0.0,0.0,0.24333333333333332,44.166666666666664,51.76666666666667,1591.516,40,Walker2d-v5,5603,Agente_3
81.26371431350708,55,301312,398.4282839055333,695.3748437072185,93.59484737444028,211.17,1.9965824361720077e-05,0.0,0.99,0.22775486857793859,5865,0.5,0.99,0.005930794985430442,6.845540415156972,0.3824706879529086,-0.002046512778509747,9.585888784581964,0.005930794985430442,0.3824706879529086,6.845540415156972,1.0,1.9965824361720077e-05,1.9965824361720077e-05,0.0,0.22775486857793859,0.22775486857793859,0.0,0.99,0.99,0.0,0.0,0.0,0.0,0.0,0.1,41.5,54.35,1591.898,41,Walker2d-v5,5603,Agente_3
82.74727892875671,56,307184,398.5417839378517,695.3748437072185,121.4847304354112,210.95,1.9965824361720077e-05,0.0,0.99,0.22775486857793859,5865,0.5,0.99,0.008218351756493741,6.529797991839322,0.3560814933343367,-0.019619351422244854,9.666835282065652,0.008218351756493741,0.3560814933343367,6.529797991839322,1.0,1.9965824361720077e-05,1.9965824361720077e-05,0.0,0.22775486857793859,0.22775486857793859,0.0,0.99,0.99,0.0,0.0,0.0,0.0,0.0,0.58,33.9,51.2,1574.526,42,Walker2d-v5,5603,Agente_3
84.12354516983032,57,313056,392.98398687817433,695.3748437072185,121.4847304354112,211.03,1.9965824361720077e-05,0.0,0.99,0.22775486857793859,5865,0.5,0.99,0.008490059150095807,6.644825631921941,0.34077377861196345,-0.0013202692805366083,9.687900872664018,0.008490059150095807,0.34077377861196345,6.644825631921941,1.0,1.9965824361720077e-05,1.9965824361720077e-05,0.0,0.22775486857793859,0.22775486857793859,0.0,0.99,0.99,0.0,0.0,0.0,0.0,0.0,0.245,32.95,49.2,1548.377,43,Walker2d-v5,5603,Agente_3
85.5719244480133,58,318928,400.6520093286763,695.3748437072185,128.25438017232582,211.25,1.9965824361720077e-05,0.0,0.99,0.22775486857793859,5865,0.5,0.99,0.006226724469028837,6.374291771108454,0.42463484569029375,-3.838657655499198e-05,9.686846949837424,0.006226724469028837,0.42463484569029375,6.374291771108454,1.0,1.9965824361720077e-05,1.9965824361720077e-05,0.0,0.22775486857793859,0.22775486857793859,0.0,0.99,0.99,0.0,0.0,0.0,0.0,0.0,0.875,45.1,50.95,1535.813,44,Walker2d-v5,5603,Agente_3
87.51390051841736,65,328728,440.68564802884595,478.9090248048076,406.55784498212074,199.42857142857142,8.48412943631362e-05,0.0,0.9089967522490509,0.5,7038,0.5,0.99,0.015377270675247136,6.5245331103985125,0.4597938331273886,-0.034070378771195044,9.288039897038386,0.015377270675247136,0.4597938331273886,6.5245331103985125,1.0,8.48412943631362e-05,8.48412943631362e-05,0.0,0.5,0.5,0.0,0.9089967522490509,0.9089967522490509,0.0,0.0,0.0,0.0,0.0,0.4533333333333333,22.133333333333336,46.633333333333326,1650.79,45,Walker2d-v5,5603,Agente_3
89.66388773918152,66,335768,457.37902121580777,600.3428370979144,351.6546879153959,220.4090909090909,8.48412943631362e-05,0.0,0.9089967522490509,0.5,7038,0.5,0.99,0.021564446498310786,6.814512359178983,0.7000916650662056,-0.08940839440776752,9.093890355183529,0.021564446498310786,0.7000916650662056,6.814512359178983,1.0,8.48412943631362e-05,8.48412943631362e-05,0.0,0.5,0.5,0.0,0.9089967522490509,0.9089967522490509,0.0,0.0,0.0,0.0,0.0,0.3966666666666667,38.0,42.900000000000006,1894.644,46,Walker2d-v5,5603,Agente_3
92.12370300292969,67,342808,467.0824092757231,611.5247197269115,351.6546879153959,228.76388888888889,8.48412943631362e-05,0.0,0.9089967522490509,0.5,7038,0.5,0.99,0.01354349330353076,6.415849164816049,0.6660104371034182,-0.022605425248352382,9.115020443842962,0.01354349330353076,0.6660104371034182,6.415849164816049,1.0,8.48412943631362e-05,8.48412943631362e-05,0.0,0.5,0.5,0.0,0.9089967522490509,0.9089967522490509,0.0,0.0,0.0,0.0,0.0,0.4525,47.650000000000006,48.74999999999999,2078.813,47,Walker2d-v5,5603,Agente_3
93.56792688369751,68,349848,473.19318330912836,967.6472882812836,351.6546879153959,234.53,8.48412943631362e-05,0.0,0.9089967522490509,0.5,7038,0.5,0.99,0.012314516279338232,6.824115613790659,0.6532985902749575,-0.012886462475244815,8.999194057171161,0.012314516279338232,0.6532985902749575,6.824115613790659,1.0,8.48412943631362e-05,8.48412943631362e-05,0.0,0.5,0.5,0.0,0.9089967522490509,0.9089967522490509,0.0,0.0,0.0,0.0,0.0,0.17,36.5,54.0,1917.231,48,Walker2d-v5,5603,Agente_3
94.98598003387451,69,356888,479.54624401469766,967.6472882812836,370.1272651012507,240.96,8.48412943631362e-05,0.0,0.9089967522490509,0.5,7038,0.5,0.99,0.011006633512358978,6.685920198147113,0.6877759204461025,-0.0032477772436462914,9.016302585601807,0.011006633512358978,0.6877759204461025,6.685920198147113,1.0,8.48412943631362e-05,8.48412943631362e-05,0.0,0.5,0.5,0.0,0.9089967522490509,0.9089967522490509,0.0,0.0,0.0,0.0,0.0,0.22,34.75,49.3,1815.665,49,Walker2d-v5,5603,Agente_3
96.86118960380554,70,363928,491.75959719396184,967.6472882812836,370.1272651012507,246.88,8.48412943631362e-05,0.0,0.9089967522490509,0.5,7038,0.5,0.99,0.015347158411140508,6.378667468291063,0.6692427052901342,0.0004594314556855422,8.673221158981324,0.015347158411140508,0.6692427052901342,6.378667468291063,1.0,8.48412943631362e-05,8.48412943631362e-05,0.0,0.5,0.5,0.0,0.9089967522490509,0.9089967522490509,0.0,0.0,0.0,0.0,0.0,0.45999999999999996,35.26666666666667,50.0,1823.681,50,Walker2d-v5,5603,Agente_3
98.66314482688904,71,370968,491.479875621514,967.6472882812836,108.3312722706828,246.14,8.48412943631362e-05,0.0,0.9089967522490509,0.5,7038,0.5,0.99,0.014206264497485022,6.322946067956778,0.5996376257676345,-0.0219685038838249,9.083111201799833,0.014206264497485022,0.5996376257676345,6.322946067956778,1.0,8.48412943631362e-05,8.48412943631362e-05,0.0,0.5,0.5,0.0,0.9089967522490509,0.9089967522490509,0.0,0.0,0.0,0.0,0.0,0.27,50.3,52.650000000000006,1818.589,51,Walker2d-v5,5603,Agente_3
100.32879376411438,72,378008,488.52052539239673,772.794722486059,108.3312722706828,241.0,8.48412943631362e-05,0.0,0.9089967522490509,0.5,7038,0.5,0.99,0.013275472885400702,6.334944937779353,0.6531074285507202,-0.01449445434487783,9.123315459031325,0.013275472885400702,0.6531074285507202,6.334944937779353,1.0,8.48412943631362e-05,8.48412943631362e-05,0.0,0.5,0.5,0.0,0.9089967522490509,0.9089967522490509,0.0,0.0,0.0,0.0,0.0,0.41333333333333333,36.63333333333333,54.53333333333333,1797.711,52,Walker2d-v5,5603,Agente_3
102.06901001930237,73,385048,456.59948770739203,517.3024404639808,396.57471128238546,199.25,8.48412943631362e-05,0.0,0.9089967522490509,0.5,7038,0.5,0.99,0.01407909852121317,6.359776346500103,0.6745497859441317,-0.01901413593441248,6.397985777488121,0.01407909852121317,0.6745497859441317,6.359776346500103,1.0,8.48412943631362e-05,8.48412943631362e-05,0.0,0.5,0.5,0.0,0.9089967522490509,0.9089967522490509,0.0,0.0,0.0,0.0,0.0,0.15,19.933333333333334,47.03333333333334,1730.74,53,Walker2d-v5,5603,Agente_3
103.96937203407288,74,392088,493.47095220029445,700.1154347249986,87.23048726908836,232.70731707317074,8.48412943631362e-05,0.0,0.9089967522490509,0.5,7038,0.5,0.99,0.011022642784631059,6.309231383983906,0.8643837841657492,-0.030417989337673555,6.636845324589656,0.011022642784631059,0.8643837841657492,6.309231383983906,1.0,8.48412943631362e-05,8.48412943631362e-05,0.0,0.5,0.5,0.0,0.9089967522490509,0.9089967522490509,0.0,0.0,0.0,0.0,0.0,0.4366666666666667,33.96666666666667,40.800000000000004,1809.684,54,Walker2d-v5,5603,Agente_3
105.92459344863892,75,399128,504.1771358374798,707.138743092509,87.23048726908836,235.91549295774647,8.48412943631362e-05,0.0,0.9089967522490509,0.5,7038,0.5,0.99,0.015714867366925598,6.095328261302067,0.8805795073509216,-0.03636849691661505,6.7877705133878266,0.015714867366925598,0.8805795073509216,6.095328261302067,1.0,8.48412943631362e-05,8.48412943631362e-05,0.0,0.5,0.5,0.0,0.9089967522490509,0.9089967522490509,0.0,0.0,0.0,0.0,0.0,0.22,55.25,46.3,1853.523,55,Walker2d-v5,5603,Agente_3
107.67705941200256,76,406168,497.75977502720997,707.138743092509,74.54957186269097,234.62,8.48412943631362e-05,0.0,0.9089967522490509,0.5,7038,0.5,0.99,0.0115327956191882,6.379579830169678,0.8630355193064763,-0.018385891193667285,6.549118694892297,0.0115327956191882,0.8630355193064763,6.379579830169678,1.0,8.48412943631362e-05,8.48412943631362e-05,0.0,0.5,0.5,0.0,0.9089967522490509,0.9089967522490509,0.0,0.0,0.0,0.0,0.0,0.17333333333333334,42.36666666666667,49.63333333333333,1825.827,56,Walker2d-v5,5603,Agente_3
109.08483076095581,77,413208,502.01262268597316,715.3337748763317,74.54957186269097,238.3,8.48412943631362e-05,0.0,0.9089967522490509,0.5,7038,0.5,0.99,0.011834959017645676,6.2331796499399035,0.8796331694492927,-0.03475510202204952,6.456681640331562,0.011834959017645676,0.8796331694492927,6.2331796499399035,1.0,8.48412943631362e-05,8.48412943631362e-05,0.0,0.5,0.5,0.0,0.9089967522490509,0.9089967522490509,0.0,0.0,0.0,0.0,0.0,0.3,31.700000000000003,47.150000000000006,1739.446,57,Walker2d-v5,5603,Agente_3
111.470449924469,78,420248,498.336878533142,715.3337748763317,74.54957186269097,235.36,8.48412943631362e-05,0.0,0.9089967522490509,0.5,7038,0.5,0.99,0.015159756264452321,6.18101082948538,0.8894079841100253,-0.04323662099643395,6.659058035337008,0.015159756264452321,0.8894079841100253,6.18101082948538,1.0,8.48412943631362e-05,8.48412943631362e-05,0.0,0.5,0.5,0.0,0.9089967522490509,0.9089967522490509,0.0,0.0,0.0,0.0,0.0,0.3833333333333333,55.29999999999999,49.53333333333333,1845.349,58,Walker2d-v5,5603,Agente_3
113.5874536037445,79,427288,504.8160531182355,715.3337748763317,349.89050042329546,236.45,8.48412943631362e-05,0.0,0.9089967522490509,0.5,7038,0.5,0.99,0.013955082871297446,6.207614084390493,0.9012644148789919,-0.01890038614376233,6.5781462375934305,0.013955082871297446,0.9012644148789919,6.207614084390493,1.0,8.48412943631362e-05,8.48412943631362e-05,0.0,0.5,0.5,0.0,0.9089967522490509,0.9089967522490509,0.0,0.0,0.0,0.0,0.0,0.6666666666666666,39.13333333333333,53.833333333333336,1882.835,59,Walker2d-v5,5603,Agente_3
115.55069136619568,80,434328,500.610457435321,715.3337748763317,349.89050042329546,236.26,8.48412943631362e-05,0.0,0.9089967522490509,0.5,7038,0.5,0.99,0.014173932557101719,6.22316543505742,0.8887800766871525,-0.021160154675061885,6.768257309840275,0.014173932557101719,0.8887800766871525,6.22316543505742,1.0,8.48412943631362e-05,8.48412943631362e-05,0.0,0.5,0.5,0.0,0.9089967522490509,0.9089967522490509,0.0,0.0,0.0,0.0,0.0,0.33,45.63333333333333,55.96666666666667,1891.179,60,Walker2d-v5,5603,Agente_3
117.49055004119873,81,441368,493.87974213336565,606.8001479478348,89.24554358775328,232.51,8.48412943631362e-05,0.0,0.9089967522490509,0.5,7038,0.5,0.99,0.01321147825499513,6.187974295249352,0.8977155634990105,-0.009612876434738819,6.760904143406795,0.01321147825499513,0.8977155634990105,6.187974295249352,1.0,8.48412943631362e-05,8.48412943631362e-05,0.0,0.5,0.5,0.0,0.9089967522490509,0.9089967522490509,0.0,0.0,0.0,0.0,0.0,0.88,38.75,56.849999999999994,1894.865,61,Walker2d-v5,5603,Agente_3
119.34040522575378,82,448408,497.35612022906906,629.2207904015845,89.24554358775328,233.36,8.48412943631362e-05,0.0,0.9089967522490509,0.5,7038,0.5,0.99,0.01567227710889151,6.110120410185594,0.8601604159061725,-0.013870125091992891,6.5223527064690225,0.01567227710889151,0.8601604159061725,6.110120410185594,1.0,8.48412943631362e-05,8.48412943631362e-05,0.0,0.5,0.5,0.0,0.9089967522490509,0.9089967522490509,0.0,0.0,0.0,0.0,0.0,0.8566666666666666,35.5,57.166666666666664,1889.349,62,Walker2d-v5,5603,Agente_3
121.83112359046936,83,455448,504.90822687403903,689.4424436875822,89.24554358775328,237.43,8.48412943631362e-05,0.0,0.9089967522490509,0.5,7038,0.5,0.99,0.017725273125709533,5.924781047380888,0.8974746947105114,-0.018286334307721027,6.790781065133902,0.017725273125709533,0.8974746947105114,5.924781047380888,1.0,8.48412943631362e-05,8.48412943631362e-05,0.0,0.5,0.5,0.0,0.9089967522490509,0.9089967522490509,0.0,0.0,0.0,0.0,0.0,0.6875,43.650000000000006,57.3,1964.176,63,Walker2d-v5,5603,Agente_3
123.83886313438416,84,462488,512.256915019166,689.4424436875822,387.76005796072957,238.65,8.48412943631362e-05,0.0,0.9089967522490509,0.5,7038,0.5,0.99,0.018215899739880116,6.03105799968426,0.8718927745635693,-0.009442794939073233,6.972878804573646,0.018215899739880116,0.8718927745635693,6.03105799968426,1.0,8.48412943631362e-05,8.48412943631362e-05,0.0,0.5,0.5,0.0,0.9089967522490509,0.9089967522490509,0.0,0.0,0.0,0.0,0.0,0.965,37.55,57.4,1975.158,64,Walker2d-v5,5603,Agente_3
125.8092086315155,85,469528,513.6259361740929,689.4424436875822,217.3121680086008,241.55,8.48412943631362e-05,0.0,0.9089967522490509,0.5,7038,0.5,0.99,0.015103340714743424,6.3540111468388485,0.849478266789363,-0.011969630104991106,6.814817630327665,0.015103340714743424,0.849478266789363,6.3540111468388485,1.0,8.48412943631362e-05,8.48412943631362e-05,0.0,0.5,0.5,0.0,0.9089967522490509,0.9089967522490509,0.0,0.0,0.0,0.0,0.0,0.6133333333333333,50.166666666666664,57.56666666666666,1977.024,65,Walker2d-v5,5603,Agente_3
127.97442960739136,86,476568,505.74616975726667,660.1247693871543,117.21387337145032,237.43,8.48412943631362e-05,0.0,0.9089967522490509,0.5,7038,0.5,0.99,0.013580578805256384,6.160310591184176,0.8898257214289446,-0.021739131728043922,6.649907801701472,0.013580578805256384,0.8898257214289446,6.160310591184176,1.0,8.48412943631362e-05,8.48412943631362e-05,0.0,0.5,0.5,0.0,0.9089967522490509,0.9089967522490509,0.0,0.0,0.0,0.0,0.0,0.83,34.56666666666667,57.46666666666667,2017.855,66,Walker2d-v5,5603,Agente_3
129.49824023246765,92,484928,,,,,5.656086290875747e-05,0.0,0.9,0.3720063933412971,4692,0.5,0.99,0.004970914750852887,6.984696631961398,-0.05713797940148248,-0.016343551460239622,9.123174254099528,0.004970914750852887,-0.05713797940148248,6.984696631961398,1.0,5.656086290875747e-05,5.656086290875747e-05,0.0,0.3720063933412971,0.3720063933412971,0.0,0.9,0.9,0.0,0.0,0.0,0.0,0.0,0.1,15.1,47.650000000000006,1064.727,67,Walker2d-v5,5603,Agente_3
130.73944401741028,93,489624,524.5505948905252,653.1382871996918,417.66406244319046,228.89285714285714,5.656086290875747e-05,0.0,0.9,0.3720063933412971,4692,0.5,0.99,0.025119702622679242,4.602829072210524,0.14720161027378506,-0.008248086584111055,8.170544205771552,0.025119702622679242,0.14720161027378506,4.602829072210524,1.0,5.656086290875747e-05,5.656086290875747e-05,0.0,0.3720063933412971,0.3720063933412971,0.0,0.9,0.9,0.0,0.0,0.0,0.0,0.0,0.185,24.15,46.3,1146.242,68,Walker2d-v5,5603,Agente_3
132.11013007164001,94,494320,527.7206045685889,658.282298514604,417.66406244319046,233.78378378378378,5.656086290875747e-05,0.0,0.9,0.3720063933412971,4692,0.5,0.99,0.009656381841260655,5.948219309912788,0.4103957924577925,-0.023404303772581948,9.10561597612169,0.009656381841260655,0.4103957924577925,5.948219309912788,1.0,5.656086290875747e-05,5.656086290875747e-05,0.0,0.3720063933412971,0.3720063933412971,0.0,0.9,0.9,0.0,0.0,0.0,0.0,0.0,0.08,41.1,44.65,1217.251,69,Walker2d-v5,5603,Agente_3
133.43308115005493,95,499016,530.9200893876148,666.8540936586809,417.66406244319046,240.52380952380952,5.656086290875747e-05,0.0,0.9,0.3720063933412971,4692,0.5,0.99,0.012392424360789139,5.980008035235935,0.3546169168419308,-0.029468491507901085,8.986898936165703,0.012392424360789139,0.3546169168419308,5.980008035235935,1.0,5.656086290875747e-05,5.656086290875747e-05,0.0,0.3720063933412971,0.3720063933412971,0.0,0.9,0.9,0.0,0.0,0.0,0.0,0.0,0.475,36.2,45.05,1240.722,70,Walker2d-v5,5603,Agente_3
134.3824918270111,96,503712,520.6671065738198,678.0409520309953,122.35924430497295,236.20238095238096,5.656086290875747e-05,0.0,0.9,0.3720063933412971,4692,0.5,0.99,0.015184876191455664,5.852338965733846,0.30426331493589615,-0.0026650989635123145,8.672293795479668,0.015184876191455664,0.30426331493589615,5.852338965733846,1.0,5.656086290875747e-05,5.656086290875747e-05,0.0,0.3720063933412971,0.3720063933412971,0.0,0.9,0.9,0.0,0.0,0.0,0.0,0.0,0.08,25.4,41.3,1180.677,71,Walker2d-v5,5603,Agente_3
135.2709846496582,97,508408,519.4306598396332,691.9801466811996,122.35924430497295,239.15151515151516,5.656086290875747e-05,0.0,0.9,0.3720063933412971,4692,0.5,0.99,0.009845794651179554,6.570573001437717,0.4752340919441647,-0.0257176972925663,8.536044973797269,0.009845794651179554,0.4752340919441647,6.570573001437717,1.0,5.656086290875747e-05,5.656086290875747e-05,0.0,0.3720063933412971,0.3720063933412971,0.0,0.9,0.9,0.0,0.0,0.0,0.0,0.0,0.08,21.6,39.2,1130.279,72,Walker2d-v5,5603,Agente_3
136.82931566238403,98,513104,529.9821059230366,808.6221168089919,122.35924430497295,246.1,5.656086290875747e-05,0.0,0.9,0.3720063933412971,4692,0.5,0.99,0.010911255491777815,5.666806311077542,0.18517301347520615,-0.007974115076164405,8.63930950694614,0.010911255491777815,0.18517301347520615,5.666806311077542,1.0,5.656086290875747e-05,5.656086290875747e-05,0.0,0.3720063933412971,0.3720063933412971,0.0,0.9,0.9,0.0,0.0,0.0,0.0,0.0,0.11333333333333334,37.76666666666667,41.03333333333333,1189.598,73,Walker2d-v5,5603,Agente_3
137.92697167396545,99,517800,527.8028890441519,808.6221168089919,122.35924430497295,249.77,5.656086290875747e-05,0.0,0.9,0.3720063933412971,4692,0.5,0.99,0.01450761113956105,5.777798657947116,0.38898499144448173,-0.03159890286624432,8.964603588316177,0.01450761113956105,0.38898499144448173,5.777798657947116,1.0,5.656086290875747e-05,5.656086290875747e-05,0.0,0.3720063933412971,0.3720063933412971,0.0,0.9,0.9,0.0,0.0,0.0,0.0,0.0,0.32,35.5,44.5,1176.605,74,Walker2d-v5,5603,Agente_3
139.229483127594,100,522496,529.4918365229215,808.6221168089919,122.35924430497295,249.27,5.656086290875747e-05,0.0,0.9,0.3720063933412971,4692,0.5,0.99,0.015373077404122644,5.480875420570373,0.45698535773489213,-0.020348630845546722,8.81655797428555,0.015373077404122644,0.45698535773489213,5.480875420570373,1.0,5.656086290875747e-05,5.656086290875747e-05,0.0,0.3720063933412971,0.3720063933412971,0.0,0.9,0.9,0.0,0.0,0.0,0.0,0.0,0.595,30.200000000000003,45.8,1189.188,75,Walker2d-v5,5603,Agente_3
140.6247775554657,101,527192,532.8690000632542,808.6221168089919,131.75494512008504,249.96,5.656086290875747e-05,0.0,0.9,0.3720063933412971,4692,0.5,0.99,0.013396635014861305,5.686719393730163,0.4371013542016347,0.00482289083302021,8.692024077309503,0.013396635014861305,0.4371013542016347,5.686719393730163,1.0,5.656086290875747e-05,5.656086290875747e-05,0.0,0.3720063933412971,0.3720063933412971,0.0,0.9,0.9,0.0,0.0,0.0,0.0,0.0,0.255,35.349999999999994,47.3,1208.935,76,Walker2d-v5,5603,Agente_3
141.65605068206787,102,531888,538.9085251532389,808.6221168089919,364.6503218662341,250.07,5.656086290875747e-05,0.0,0.9,0.3720063933412971,4692,0.5,0.99,0.01324678108778446,5.422982353634304,0.391078837050332,-0.012642114061034389,8.643364424175687,0.01324678108778446,0.391078837050332,5.422982353634304,1.0,5.656086290875747e-05,5.656086290875747e-05,0.0,0.3720063933412971,0.3720063933412971,0.0,0.9,0.9,0.0,0.0,0.0,0.0,0.0,0.46,32.4,48.9,1204.294,77,Walker2d-v5,5603,Agente_3
143.15118527412415,103,536584,,,,,5.656086290875747e-05,0.0,0.9,0.3720063933412971,4692,0.5,0.99,0.005071207160412896,6.812764475080702,-0.15918637845251296,-0.027797529929214054,5.711735237969292,0.005071207160412896,-0.15918637845251296,6.812764475080702,1.0,5.656086290875747e-05,5.656086290875747e-05,0.0,0.3720063933412971,0.3720063933412971,0.0,0.9,0.9,0.0,0.0,0.0,0.0,0.0,0.33666666666666667,27.46666666666667,49.366666666666674,1482.048,78,Walker2d-v5,5603,Agente_3
144.78898763656616,104,541280,536.5887717490431,667.8894385364058,418.8204120953809,230.0,5.656086290875747e-05,0.0,0.9,0.3720063933412971,4692,0.5,0.99,0.017139710026579755,4.444800721274482,0.45015159249305725,-0.0074643087676829764,7.3029653125339085,0.017139710026579755,0.45015159249305725,4.444800721274482,1.0,5.656086290875747e-05,5.656086290875747e-05,0.0,0.3720063933412971,0.3720063933412971,0.0,0.9,0.9,0.0,0.0,0.0,0.0,0.0,0.515,44.7,52.6,1553.156,79,Walker2d-v5,5603,Agente_3
146.08060002326965,105,545976,538.6057217847849,683.1729196174718,385.39929661489805,233.15,5.656086290875747e-05,0.0,0.9,0.3720063933412971,4692,0.5,0.99,0.013690618727640767,5.299648157755533,0.5478622211350335,-0.009279137063357566,7.492300195164151,0.013690618727640767,0.5478622211350335,5.299648157755533,1.0,5.656086290875747e-05,5.656086290875747e-05,0.0,0.3720063933412971,0.3720063933412971,0.0,0.9,0.9,0.0,0.0,0.0,0.0,0.0,0.51,44.9,54.45,1463.205,80,Walker2d-v5,5603,Agente_3
147.02223539352417,106,550672,542.2163829942693,683.1729196174718,273.3169585314602,236.76190476190476,5.656086290875747e-05,0.0,0.9,0.3720063933412971,4692,0.5,0.99,0.01149273836181237,5.8734989033805,0.6958792507648468,0.0016012212054597008,6.744649102952745,0.01149273836181237,0.6958792507648468,5.8734989033805,1.0,5.656086290875747e-05,5.656086290875747e-05,0.0,0.3720063933412971,0.3720063933412971,0.0,0.9,0.9,0.0,0.0,0.0,0.0,0.0,0.2,33.5,55.8,1330.38,81,Walker2d-v5,5603,Agente_3
148.2473816871643,107,555368,540.92706417463,764.8255203467303,273.3169585314602,238.9506172839506,5.656086290875747e-05,0.0,0.9,0.3720063933412971,4692,0.5,0.99,0.012569369463219321,5.310382138358222,0.4896308773093753,-0.01197981619172626,7.183490949206882,0.012569369463219321,0.4896308773093753,5.310382138358222,1.0,5.656086290875747e-05,5.656086290875747e-05,0.0,0.3720063933412971,0.3720063933412971,0.0,0.9,0.9,0.0,0.0,0.0,0.0,0.0,0.195,33.75,50.15,1307.663,82,Walker2d-v5,5603,Agente_3
149.24550819396973,108,560064,540.7926597749313,764.8255203467303,273.3169585314602,240.2020202020202,5.656086290875747e-05,0.0,0.9,0.3720063933412971,4692,0.5,0.99,0.011092133717870132,5.650072338845995,0.45590603881412084,0.004399774927232001,6.929030434290568,0.011092133717870132,0.45590603881412084,5.650072338845995,1.0,5.656086290875747e-05,5.656086290875747e-05,0.0,0.3720063933412971,0.3720063933412971,0.0,0.9,0.9,0.0,0.0,0.0,0.0,0.0,0.93,33.0,49.3,1254.282,83,Walker2d-v5,5603,Agente_3
150.6831636428833,109,564760,548.9702164063792,764.8255203467303,273.3169585314602,244.52,5.656086290875747e-05,0.0,0.9,0.3720063933412971,4692,0.5,0.99,0.016288826236612094,5.694370269775391,0.6942473477787442,-0.00218695972321762,6.861998711691962,0.016288826236612094,0.6942473477787442,5.694370269775391,1.0,5.656086290875747e-05,5.656086290875747e-05,0.0,0.3720063933412971,0.3720063933412971,0.0,0.9,0.9,0.0,0.0,0.0,0.0,0.0,0.76,41.9,50.8,1279.124,84,Walker2d-v5,5603,Agente_3
151.90704989433289,110,569456,544.123009426233,764.8255203467303,161.36705914362634,245.02,5.656086290875747e-05,0.0,0.9,0.3720063933412971,4692,0.5,0.99,0.015620988862145977,4.814913325839573,0.6847328636381361,-0.01559543889015913,7.52704922358195,0.015620988862145977,0.6847328636381361,4.814913325839573,1.0,5.656086290875747e-05,5.656086290875747e-05,0.0,0.3720063933412971,0.3720063933412971,0.0,0.9,0.9,0.0,0.0,0.0,0.0,0.0,0.445,44.5,53.05,1270.661,85,Walker2d-v5,5603,Agente_3
153.16046714782715,111,574152,542.7413654849083,764.8255203467303,161.36705914362634,244.14,5.656086290875747e-05,0.0,0.9,0.3720063933412971,4692,0.5,0.99,0.016416435118662774,5.51317786110772,0.575658357805676,-0.00451822771380345,7.166460492875841,0.016416435118662774,0.575658357805676,5.51317786110772,1.0,5.656086290875747e-05,5.656086290875747e-05,0.0,0.3720063933412971,0.3720063933412971,0.0,0.9,0.9,0.0,0.0,0.0,0.0,0.0,0.08,37.2,54.5,1267.722,86,Walker2d-v5,5603,Agente_3
154.46304535865784,112,578848,537.8276882918515,758.9696952817976,109.82389488518271,240.7,5.656086290875747e-05,0.0,0.9,0.3720063933412971,4692,0.5,0.99,0.018335866545183106,5.101143590609232,0.6110877083407508,-0.015485699557595782,7.15528138478597,0.018335866545183106,0.6110877083407508,5.101143590609232,1.0,5.656086290875747e-05,5.656086290875747e-05,0.0,0.3720063933412971,0.3720063933412971,0.0,0.9,0.9,0.0,0.0,0.0,0.0,0.0,0.5650000000000001,39.3,55.95,1269.747,87,Walker2d-v5,5603,Agente_3
155.71726942062378,113,583544,540.7540676611037,758.9696952817976,109.82389488518271,242.11,5.656086290875747e-05,0.0,0.9,0.3720063933412971,4692,0.5,0.99,0.009611324358391155,6.235128731197781,0.7923233615027534,-0.017950890585780144,6.463556247287326,0.009611324358391155,0.7923233615027534,6.235128731197781,1.0,5.656086290875747e-05,5.656086290875747e-05,0.0,0.3720063933412971,0.3720063933412971,0.0,0.9,0.9,0.0,0.0,0.0,0.0,0.0,0.92,47.7,57.0,1245.679,88,Walker2d-v5,5603,Agente_3
157.0670988559723,114,588240,540.0404771731921,758.9696952817976,109.82389488518271,243.89,5.656086290875747e-05,0.0,0.9,0.3720063933412971,4692,0.5,0.99,0.014289771871416532,5.448621323373582,0.6368320776356591,-0.004959520490633117,6.984920602374607,0.014289771871416532,0.6368320776356591,5.448621323373582,1.0,5.656086290875747e-05,5.656086290875747e-05,0.0,0.3720063933412971,0.3720063933412971,0.0,0.9,0.9,0.0,0.0,0.0,0.0,0.0,0.58,38.0,57.15,1217.389,89,Walker2d-v5,5603,Agente_3
158.26634788513184,115,592936,538.5469039591335,758.9696952817976,109.82389488518271,242.45,5.656086290875747e-05,0.0,0.9,0.3720063933412971,4692,0.5,0.99,0.013513211137837464,5.680940691630045,0.5870620979203118,-0.001129176922970348,6.943113719092475,0.013513211137837464,0.5870620979203118,5.680940691630045,1.0,5.656086290875747e-05,5.656086290875747e-05,0.0,0.3720063933412971,0.3720063933412971,0.0,0.9,0.9,0.0,0.0,0.0,0.0,0.0,0.99,38.8,57.349999999999994,1208.138,90,Walker2d-v5,5603,Agente_3
159.52781510353088,116,597632,545.1940535920942,734.1965654120603,109.82389488518271,245.73,5.656086290875747e-05,0.0,0.9,0.3720063933412971,4692,0.5,0.99,0.013045237928599818,5.214312370618185,0.7419434878561232,0.0014835813082754612,7.353931824366252,0.013045237928599818,0.7419434878561232,5.214312370618185,1.0,5.656086290875747e-05,5.656086290875747e-05,0.0,0.3720063933412971,0.3720063933412971,0.0,0.9,0.9,0.0,0.0,0.0,0.0,0.0,0.595,39.400000000000006,57.45,1240.136,91,Walker2d-v5,5603,Agente_3
160.96783876419067,117,602328,550.5136084067941,734.1965654120603,109.82389488518271,247.05,5.656086290875747e-05,0.0,0.9,0.3720063933412971,4692,0.5,0.99,0.014245919730941144,5.811663251452976,0.7278886311584049,-0.001228464332719644,7.094149971008301,0.014245919730941144,0.7278886311584049,5.811663251452976,1.0,5.656086290875747e-05,5.656086290875747e-05,0.0,0.3720063933412971,0.3720063933412971,0.0,0.9,0.9,0.0,0.0,0.0,0.0,0.0,0.315,38.5,57.4,1261.489,92,Walker2d-v5,5603,Agente_3
162.1808660030365,118,607024,560.2984276236417,838.0316955130395,383.89172077627796,250.0,5.656086290875747e-05,0.0,0.9,0.3720063933412971,4692,0.5,0.99,0.018029402437645736,5.23053846889072,0.7549775799115499,-0.0052972307428717615,7.227189445495606,0.018029402437645736,0.7549775799115499,5.23053846889072,1.0,5.656086290875747e-05,5.656086290875747e-05,0.0,0.3720063933412971,0.3720063933412971,0.0,0.9,0.9,0.0,0.0,0.0,0.0,0.0,0.665,39.150000000000006,57.45,1282.682,93,Walker2d-v5,5603,Agente_3
163.5087239742279,119,611720,557.347619015785,838.0316955130395,383.89172077627796,250.04,5.656086290875747e-05,0.0,0.9,0.3720063933412971,4692,0.5,0.99,0.017434664782821428,5.464312889840868,0.5354409416516622,0.012901568454172877,6.8455527888404,0.017434664782821428,0.5354409416516622,5.464312889840868,1.0,5.656086290875747e-05,5.656086290875747e-05,0.0,0.3720063933412971,0.3720063933412971,0.0,0.9,0.9,0.0,0.0,0.0,0.0,0.0,0.81,41.0,57.3,1271.647,94,Walker2d-v5,5603,Agente_3
165.044424533844,120,616416,563.3744661914731,838.0316955130395,383.89172077627796,250.41,5.656086290875747e-05,0.0,0.9,0.3720063933412971,4692,0.5,0.99,0.016287223738456508,5.295907105339898,0.6231316645940145,-0.014966578119330935,6.847304635577732,0.016287223738456508,0.6231316645940145,5.295907105339898,1.0,5.656086290875747e-05,5.656086290875747e-05,0.0,0.3720063933412971,0.3720063933412971,0.0,0.9,0.9,0.0,0.0,0.0,0.0,0.0,0.61,36.86666666666667,57.20000000000001,1302.872,95,Walker2d-v5,5603,Agente_3
166.5515308380127,121,621112,557.2615119304869,838.0316955130395,383.89172077627796,248.49,5.656086290875747e-05,0.0,0.9,0.3720063933412971,4692,0.5,0.99,0.014598088343255869,5.291259418593513,0.8251061459382375,0.0014774963673618105,7.691471619076199,0.014598088343255869,0.8251061459382375,5.291259418593513,1.0,5.656086290875747e-05,5.656086290875747e-05,0.0,0.3720063933412971,0.3720063933412971,0.0,0.9,0.9,0.0,0.0,0.0,0.0,0.0,0.975,41.6,57.2,1327.199,96,Walker2d-v5,5603,Agente_3
168.08640384674072,122,625808,559.1783543646557,838.0316955130395,383.89172077627796,250.73,5.656086290875747e-05,0.0,0.9,0.3720063933412971,4692,0.5,0.99,0.01776640343951941,6.200910430484348,0.7725605507691701,-0.004219728304694096,6.724711190329658,0.01776640343951941,0.7725605507691701,6.200910430484348,1.0,5.656086290875747e-05,5.656086290875747e-05,0.0,0.3720063933412971,0.3720063933412971,0.0,0.9,0.9,0.0,0.0,0.0,0.0,0.0,0.65,40.5,57.05,1350.588,97,Walker2d-v5,5603,Agente_3
169.20356559753418,123,630504,550.9959136767267,721.3982452406424,398.17563380740586,248.91,5.656086290875747e-05,0.0,0.9,0.3720063933412971,4692,0.5,0.99,0.011015814573046455,5.641942882537842,0.760754241545995,-0.01827250446917282,7.294273010889689,0.011015814573046455,0.760754241545995,5.641942882537842,1.0,5.656086290875747e-05,5.656086290875747e-05,0.0,0.3720063933412971,0.3720063933412971,0.0,0.9,0.9,0.0,0.0,0.0,0.0,0.0,0.78,45.1,56.9,1337.254,98,Walker2d-v5,5603,Agente_3
170.83844637870789,124,635200,554.1445994879615,721.3982452406424,398.17563380740586,248.8,5.656086290875747e-05,0.0,0.9,0.3720063933412971,4692,0.5,0.99,0.011910102902200176,5.271769785881043,0.675634894768397,-0.0013720721420314578,7.4521733601888025,0.011910102902200176,0.675634894768397,5.271769785881043,1.0,5.656086290875747e-05,5.656086290875747e-05,0.0,0.3720063933412971,0.3720063933412971,0.0,0.9,0.9,0.0,0.0,0.0,0.0,0.0,0.44333333333333336,37.0,56.93333333333334,1365.281,99,Walker2d-v5,5603,Agente_3
172.17018961906433,125,639896,547.9190645683984,705.054087324415,398.17563380740586,246.15,5.656086290875747e-05,0.0,0.9,0.3720063933412971,4692,0.5,0.99,0.010019843303578253,6.504370466868083,0.7667096820142534,0.0004255464093552695,6.551954815122817,0.010019843303578253,0.7667096820142534,6.504370466868083,1.0,5.656086290875747e-05,5.656086290875747e-05,0.0,0.3720063933412971,0.3720063933412971,0.0,0.9,0.9,0.0,0.0,0.0,0.0,0.0,0.735,41.45,56.9,1378.377,100,Walker2d-v5,5603,Agente_3
173.23217010498047,126,644592,551.7376957306329,705.054087324415,398.17563380740586,247.55,5.656086290875747e-05,0.0,0.9,0.3720063933412971,4692,0.5,0.99,0.013890317276450837,5.760171545876397,0.7598828110429976,-0.019090698969860872,7.198166211446126,0.013890317276450837,0.7598828110429976,5.760171545876397,1.0,5.656086290875747e-05,5.656086290875747e-05,0.0,0.3720063933412971,0.3720063933412971,0.0,0.9,0.9,0.0,0.0,0.0,0.0,0.0,0.77,43.8,56.6,1358.389,101,Walker2d-v5,5603,Agente_3
174.71648383140564,127,649288,559.8928319723794,716.3970851560064,416.1834402419071,253.38,5.656086290875747e-05,0.0,0.9,0.3720063933412971,4692,0.5,0.99,0.01057474081769922,6.208497179879083,0.8677497658464643,-0.0010038340464234353,6.74561530219184,0.01057474081769922,0.8677497658464643,6.208497179879083,1.0,5.656086290875747e-05,5.656086290875747e-05,0.0,0.3720063933412971,0.3720063933412971,0.0,0.9,0.9,0.0,0.0,0.0,0.0,0.0,0.74,39.05,56.6,1362.365,102,Walker2d-v5,5603,Agente_3
176.06503033638,128,653984,565.2919892125515,736.8441160228671,394.6619059220587,255.71,5.656086290875747e-05,0.0,0.9,0.3720063933412971,4692,0.5,0.99,0.01468529299826413,5.466136158837212,0.7837106890148586,-0.013030464957571692,7.460821708043416,0.01468529299826413,0.7837106890148586,5.466136158837212,1.0,5.656086290875747e-05,5.656086290875747e-05,0.0,0.3720063933412971,0.3720063933412971,0.0,0.9,0.9,0.0,0.0,0.0,0.0,0.0,0.52,39.7,56.75,1376.022,103,Walker2d-v5,5603,Agente_3
177.45566940307617,129,658680,562.5818388282378,736.8441160228671,388.64264656821035,254.41,5.656086290875747e-05,0.0,0.9,0.3720063933412971,4692,0.5,0.99,0.010391970666427773,6.23146267996894,0.8220731417338053,-0.01324375905096531,6.849654483795166,0.010391970666427773,0.8220731417338053,6.23146267996894,1.0,5.656086290875747e-05,5.656086290875747e-05,0.0,0.3720063933412971,0.3720063933412971,0.0,0.9,0.9,0.0,0.0,0.0,0.0,0.0,0.58,38.9,56.75,1382.267,104,Walker2d-v5,5603,Agente_3
178.79867219924927,130,663376,566.2210282479813,736.8441160228671,388.64264656821035,256.93,5.656086290875747e-05,0.0,0.9,0.3720063933412971,4692,0.5,0.99,0.011268183349036716,5.9982114632924395,0.8136085715558794,-0.01892379538880454,7.2390276749928795,0.011268183349036716,0.8136085715558794,5.9982114632924395,1.0,5.656086290875747e-05,5.656086290875747e-05,0.0,0.3720063933412971,0.3720063933412971,0.0,0.9,0.9,0.0,0.0,0.0,0.0,0.0,0.8,35.85,56.7,1363.143,105,Walker2d-v5,5603,Agente_3
180.45126056671143,131,668072,557.4427568878659,736.8441160228671,388.64264656821035,255.8,5.656086290875747e-05,0.0,0.9,0.3720063933412971,4692,0.5,0.99,0.01196136302278319,6.392583905325996,0.8475629978709751,-0.024573915948470432,7.12476167678833,0.01196136302278319,0.8475629978709751,6.392583905325996,1.0,5.656086290875747e-05,5.656086290875747e-05,0.0,0.3720063933412971,0.3720063933412971,0.0,0.9,0.9,0.0,0.0,0.0,0.0,0.0,0.87,37.75,56.650000000000006,1377.918,106,Walker2d-v5,5603,Agente_3
181.76163911819458,132,672768,550.9225844090992,736.8441160228671,164.69871404896926,252.93,5.656086290875747e-05,0.0,0.9,0.3720063933412971,4692,0.5,0.99,0.010431295514313712,6.595350125100878,0.8359415570894877,-0.009775534675767025,6.798003901375664,0.010431295514313712,0.8359415570894877,6.595350125100878,1.0,5.656086290875747e-05,5.656086290875747e-05,0.0,0.3720063933412971,0.3720063933412971,0.0,0.9,0.9,0.0,0.0,0.0,0.0,0.0,0.775,39.1,56.75,1355.782,107,Walker2d-v5,5603,Agente_3
182.974915266037,133,677464,541.9131900245518,725.6444180023148,164.69871404896926,248.91,5.656086290875747e-05,0.0,0.9,0.3720063933412971,4692,0.5,0.99,0.01001118690354714,6.348671526379055,0.8641190528869629,-0.020772895941303837,7.082076051500109,0.01001118690354714,0.8641190528869629,6.348671526379055,1.0,5.656086290875747e-05,5.656086290875747e-05,0.0,0.3720063933412971,0.3720063933412971,0.0,0.9,0.9,0.0,0.0,0.0,0.0,0.0,0.725,35.15,49.349999999999994,1365.027,108,Walker2d-v5,5603,Agente_3
184.19851422309875,134,682160,530.0769782330892,725.6444180023148,115.92436310499764,246.3,5.656086290875747e-05,0.0,0.9,0.3720063933412971,4692,0.5,0.99,0.008617818246906002,6.254669300715128,0.809456385506524,-0.014823739851514499,7.382008992301094,0.008617818246906002,0.809456385506524,6.254669300715128,1.0,5.656086290875747e-05,5.656086290875747e-05,0.0,0.3720063933412971,0.3720063933412971,0.0,0.9,0.9,0.0,0.0,0.0,0.0,0.0,0.445,29.099999999999998,48.7,1323.895,109,Walker2d-v5,5603,Agente_3
185.48728036880493,135,686856,519.9343034691201,783.5157006738123,105.28876061012274,244.03,5.656086290875747e-05,0.0,0.9,0.3720063933412971,4692,0.5,0.99,0.011997711925586272,7.07314494450887,0.804491228527493,-0.010154447549333175,7.120774380366007,0.011997711925586272,0.804491228527493,7.07314494450887,1.0,5.656086290875747e-05,5.656086290875747e-05,0.0,0.3720063933412971,0.3720063933412971,0.0,0.9,0.9,0.0,0.0,0.0,0.0,0.0,0.08,39.4,43.75,1319.545,110,Walker2d-v5,5603,Agente_3
186.66859817504883,136,691552,,,,,5.656086290875747e-05,0.0,0.9,0.3720063933412971,4692,0.5,0.99,0.008982005958550036,7.655026658376058,0.7550727645556132,-0.02727376077738073,5.890661838319566,0.008982005958550036,0.7550727645556132,7.655026658376058,1.0,5.656086290875747e-05,5.656086290875747e-05,0.0,0.3720063933412971,0.3720063933412971,0.0,0.9,0.9,0.0,0.0,0.0,0.0,0.0,0.08,13.85,38.75,1171.591,111,Walker2d-v5,5603,Agente_3
187.85631585121155,137,696248,566.7247929752182,708.4469586177964,409.72347643530526,243.53846153846155,5.656086290875747e-05,0.0,0.9,0.3720063933412971,4692,0.5,0.99,0.01876032917045652,3.953609331448873,0.5717824551794264,0.011595299674404992,8.118316645092435,0.01876032917045652,0.5717824551794264,3.953609331448873,1.0,5.656086290875747e-05,5.656086290875747e-05,0.0,0.3720063933412971,0.3720063933412971,0.0,0.9,0.9,0.0,0.0,0.0,0.0,0.0,0.43,24.4,40.25,1172.562,112,Walker2d-v5,5603,Agente_3
189.06757402420044,138,700944,584.8805920156099,734.4341734846317,409.72347643530526,258.8484848484849,5.656086290875747e-05,0.0,0.9,0.3720063933412971,4692,0.5,0.99,0.01902949327094474,5.8541723728179935,0.5858832293086582,0.00687594155056609,6.5029124630822075,0.01902949327094474,0.5858832293086582,5.8541723728179935,1.0,5.656086290875747e-05,5.656086290875747e-05,0.0,0.3720063933412971,0.3720063933412971,0.0,0.9,0.9,0.0,0.0,0.0,0.0,0.0,0.295,37.25,42.650000000000006,1180.233,113,Walker2d-v5,5603,Agente_3
190.2562689781189,139,705640,585.9839654504158,734.4341734846317,409.72347643530526,259.135593220339,5.656086290875747e-05,0.0,0.9,0.3720063933412971,4692,0.5,0.99,0.0130661860276531,4.776545590824551,0.6604201853275299,0.006072331364783976,7.12384983698527,0.0130661860276531,0.6604201853275299,4.776545590824551,1.0,5.656086290875747e-05,5.656086290875747e-05,0.0,0.3720063933412971,0.3720063933412971,0.0,0.9,0.9,0.0,0.0,0.0,0.0,0.0,0.485,36.5,44.849999999999994,1179.647,114,Walker2d-v5,5603,Agente_3
191.25560641288757,140,710336,590.1809363246766,734.4341734846317,409.72347643530526,260.9166666666667,5.656086290875747e-05,0.0,0.9,0.3720063933412971,4692,0.5,0.99,0.04431251069502953,4.256466110547383,0.5664792855580648,0.034145521144900055,7.373539246453179,0.04431251069502953,0.5664792855580648,4.256466110547383,1.0,5.656086290875747e-05,5.656086290875747e-05,0.0,0.3720063933412971,0.3720063933412971,0.0,0.9,0.9,0.0,0.0,0.0,0.0,0.0,0.84,31.0,45.9,1142.021,115,Walker2d-v5,5603,Agente_3
192.1855435371399,141,715032,595.6262796935405,734.4341734846317,409.72347643530526,261.7096774193548,5.656086290875747e-05,0.0,0.9,0.3720063933412971,4692,0.5,0.99,0.01297704835150297,5.183359530236986,0.6167315476470523,0.0010378434840175841,6.977808247672187,0.01297704835150297,0.6167315476470523,5.183359530236986,1.0,5.656086290875747e-05,5.656086290875747e-05,0.0,0.3720063933412971,0.3720063933412971,0.0,0.9,0.9,0.0,0.0,0.0,0.0,0.0,0.26,19.4,46.9,1104.443,116,Walker2d-v5,5603,Agente_3
193.13447070121765,142,719728,586.9909385271693,738.833412115796,142.95767078686,260.05,5.656086290875747e-05,0.0,0.9,0.3720063933412971,4692,0.5,0.99,0.0268301454821287,5.268636692894829,0.8233662578794692,0.012691115489643481,7.327125803629557,0.0268301454821287,0.8233662578794692,5.268636692894829,1.0,5.656086290875747e-05,5.656086290875747e-05,0.0,0.3720063933412971,0.3720063933412971,0.0,0.9,0.9,0.0,0.0,0.0,0.0,0.0,0.21,26.15,41.0,1081.082,117,Walker2d-v5,5603,Agente_3
194.12491512298584,143,724424,586.3135596384543,738.833412115796,142.95767078686,259.06,5.656086290875747e-05,0.0,0.9,0.3720063933412971,4692,0.5,0.99,0.00804102814096647,5.941180976231893,0.8007908092604743,-0.003833076585498121,7.12636907365587,0.00804102814096647,0.8007908092604743,5.941180976231893,1.0,5.656086290875747e-05,5.656086290875747e-05,0.0,0.3720063933412971,0.3720063933412971,0.0,0.9,0.9,0.0,0.0,0.0,0.0,0.0,0.34,26.7,40.3,1068.619,118,Walker2d-v5,5603,Agente_3
195.3889877796173,144,729120,574.5666852688227,738.833412115796,142.95767078686,254.4,5.656086290875747e-05,0.0,0.9,0.3720063933412971,4692,0.5,0.99,0.012517248117668108,5.594963155852424,0.7843173298570845,-0.014715354817195072,7.127021100785997,0.012517248117668108,0.7843173298570845,5.594963155852424,1.0,5.656086290875747e-05,5.656086290875747e-05,0.0,0.3720063933412971,0.3720063933412971,0.0,0.9,0.9,0.0,0.0,0.0,0.0,0.0,0.16,38.45,42.6,1089.044,119,Walker2d-v5,5603,Agente_3
196.42625880241394,145,733816,572.095219850217,846.7731725440005,142.95767078686,256.74,5.656086290875747e-05,0.0,0.9,0.3720063933412971,4692,0.5,0.99,0.009283510662862681,5.8835899353027346,0.7797848694854312,-0.004700544259200494,7.266739850574069,0.009283510662862681,0.7797848694854312,5.8835899353027346,1.0,5.656086290875747e-05,5.656086290875747e-05,0.0,0.3720063933412971,0.3720063933412971,0.0,0.9,0.9,0.0,0.0,0.0,0.0,0.0,0.08,35.400000000000006,45.0,1082.967,120,Walker2d-v5,5603,Agente_3
197.41605734825134,146,738512,548.0315769189555,846.7731725440005,85.67215956141473,254.37,5.656086290875747e-05,0.0,0.9,0.3720063933412971,4692,0.5,0.99,0.005313384265072172,6.072678674591912,0.844079065322876,-0.021888253372162582,7.043236250347562,0.005313384265072172,0.844079065322876,6.072678674591912,1.0,5.656086290875747e-05,5.656086290875747e-05,0.0,0.3720063933412971,0.3720063933412971,0.0,0.9,0.9,0.0,0.0,0.0,0.0,0.0,0.18,31.8,46.1,1063.76,121,Walker2d-v5,5603,Agente_3
198.74479603767395,147,743208,,,,,5.656086290875747e-05,0.0,0.9,0.3720063933412971,4692,0.5,0.99,0.004083447927972384,7.9221985287136505,0.8849807096852197,-0.015731208937035668,5.7935171286265055,0.004083447927972384,0.8849807096852197,7.9221985287136505,1.0,5.656086290875747e-05,5.656086290875747e-05,0.0,0.3720063933412971,0.3720063933412971,0.0,0.9,0.9,0.0,0.0,0.0,0.0,0.0,0.07,24.166666666666668,47.833333333333336,1319.47,122,Walker2d-v5,5603,Agente_3
200.0330147743225,148,747904,544.8422470879281,684.0337702001308,159.25993091595112,251.25,5.656086290875747e-05,0.0,0.9,0.3720063933412971,4692,0.5,0.99,0.01662107278744871,3.8229044967227512,0.7208299815654755,-0.0083509496309691,8.321365605460272,0.01662107278744871,0.7208299815654755,3.8229044967227512,1.0,5.656086290875747e-05,5.656086290875747e-05,0.0,0.3720063933412971,0.3720063933412971,0.0,0.9,0.9,0.0,0.0,0.0,0.0,0.0,0.18,38.1,49.2,1298.068,123,Walker2d-v5,5603,Agente_3
201.31779980659485,149,752600,561.7773497110791,697.3399951779552,159.25993091595112,260.24242424242425,5.656086290875747e-05,0.0,0.9,0.3720063933412971,4692,0.5,0.99,0.013677085873516464,6.092640972137451,0.7262994925181071,-0.00967219178047445,6.437460968229506,0.013677085873516464,0.7262994925181071,6.092640972137451,1.0,5.656086290875747e-05,5.656086290875747e-05,0.0,0.3720063933412971,0.3720063933412971,0.0,0.9,0.9,0.0,0.0,0.0,0.0,0.0,0.345,41.95,44.45,1289.229,124,Walker2d-v5,5603,Agente_3
203.11103773117065,150,757296,573.2748698480752,698.8890960038196,159.25993091595112,259.344262295082,5.656086290875747e-05,0.0,0.9,0.3720063933412971,4692,0.5,0.99,0.017691195447534686,4.968706289927165,0.6623814443747202,0.012435162015673186,7.5750198046366375,0.017691195447534686,0.6623814443747202,4.968706289927165,1.0,5.656086290875747e-05,5.656086290875747e-05,0.0,0.3720063933412971,0.3720063933412971,0.0,0.9,0.9,0.0,0.0,0.0,0.0,0.0,0.32999999999999996,43.53333333333333,46.93333333333334,1411.755,125,Walker2d-v5,5603,Agente_3
204.8382613658905,151,761992,583.1182802650982,775.7930011252523,159.25993091595112,266.3478260869565,5.656086290875747e-05,0.0,0.9,0.3720063933412971,4692,0.5,0.99,0.014298329473361567,4.621923730108473,0.6849109066857232,-0.007882665635810958,7.286160039901733,0.014298329473361567,0.6849109066857232,4.621923730108473,1.0,5.656086290875747e-05,5.656086290875747e-05,0.0,0.3720063933412971,0.3720063933412971,0.0,0.9,0.9,0.0,0.0,0.0,0.0,0.0,0.44999999999999996,42.3,51.650000000000006,1473.018,126,Walker2d-v5,5603,Agente_3
205.93604516983032,152,766688,579.7428054604562,775.7930011252523,159.25993091595112,264.1290322580645,5.656086290875747e-05,0.0,0.9,0.3720063933412971,4692,0.5,0.99,0.018173066961268584,6.06857361263699,0.7449437624878353,0.010243203397840262,6.705454768074883,0.018173066961268584,0.7449437624878353,6.06857361263699,1.0,5.656086290875747e-05,5.656086290875747e-05,0.0,0.3720063933412971,0.3720063933412971,0.0,0.9,0.9,0.0,0.0,0.0,0.0,0.0,0.09,37.2,54.25,1409.06,127,Walker2d-v5,5603,Agente_3
207.3203785419464,153,771384,574.7931138992739,775.7930011252523,159.25993091595112,260.75,5.656086290875747e-05,0.0,0.9,0.3720063933412971,4692,0.5,0.99,0.012014652934946449,4.282340086830986,0.7952832327948676,-0.012016435070998139,7.673721053865221,0.012014652934946449,0.7952832327948676,4.282340086830986,1.0,5.656086290875747e-05,5.656086290875747e-05,0.0,0.3720063933412971,0.3720063933412971,0.0,0.9,0.9,0.0,0.0,0.0,0.0,0.0,0.99,38.5,55.5,1403.606,128,Walker2d-v5,5603,Agente_3
208.68377661705017,154,776080,583.6688965590008,775.7930011252523,172.6894029848181,261.85,5.656086290875747e-05,0.0,0.9,0.3720063933412971,4692,0.5,0.99,0.012554561354469721,5.843167951371934,0.8053098956743876,-0.008287981028358142,6.653205410639445,0.012554561354469721,0.8053098956743876,5.843167951371934,1.0,5.656086290875747e-05,5.656086290875747e-05,0.0,0.3720063933412971,0.3720063933412971,0.0,0.9,0.9,0.0,0.0,0.0,0.0,0.0,0.525,41.55,56.1,1397.055,129,Walker2d-v5,5603,Agente_3
209.93291687965393,155,780776,576.868883488586,775.7930011252523,172.6894029848181,259.03,5.656086290875747e-05,0.0,0.9,0.3720063933412971,4692,0.5,0.99,0.013266341921795781,5.172485486666361,0.7601982533931733,-0.0030679873294300504,7.399246162838406,0.013266341921795781,0.7601982533931733,5.172485486666361,1.0,5.656086290875747e-05,5.656086290875747e-05,0.0,0.3720063933412971,0.3720063933412971,0.0,0.9,0.9,0.0,0.0,0.0,0.0,0.0,0.13,35.7,56.9,1379.512,130,Walker2d-v5,5603,Agente_3
211.12705612182617,156,785472,566.7608914977336,765.8581154441525,172.6894029848181,253.26,5.656086290875747e-05,0.0,0.9,0.3720063933412971,4692,0.5,0.99,0.013300497736781835,5.439252416292827,0.8009273489316304,-0.00704993371748262,7.191433360841539,0.013300497736781835,0.8009273489316304,5.439252416292827,1.0,5.656086290875747e-05,5.656086290875747e-05,0.0,0.3720063933412971,0.3720063933412971,0.0,0.9,0.9,0.0,0.0,0.0,0.0,0.0,0.615,40.05,57.05,1359.979,131,Walker2d-v5,5603,Agente_3
212.29856491088867,157,790168,567.4471735943899,749.1855560388207,204.94457303230618,252.04,5.656086290875747e-05,0.0,0.9,0.3720063933412971,4692,0.5,0.99,0.012279547287461254,5.728073920143975,0.7361508071422577,0.0020099658001628187,7.381455103556315,0.012279547287461254,0.7361508071422577,5.728073920143975,1.0,5.656086290875747e-05,5.656086290875747e-05,0.0,0.3720063933412971,0.3720063933412971,0.0,0.9,0.9,0.0,0.0,0.0,0.0,0.0,0.25,29.2,57.0,1344.182,132,Walker2d-v5,5603,Agente_3
213.5380449295044,158,794864,567.0331439585672,833.0729360040093,126.7716082375767,254.53,5.656086290875747e-05,0.0,0.9,0.3720063933412971,4692,0.5,0.99,0.01072065089748422,5.678921381632487,0.8335056192345089,-0.017437370204263263,6.94896305931939,0.01072065089748422,0.8335056192345089,5.678921381632487,1.0,5.656086290875747e-05,5.656086290875747e-05,0.0,0.3720063933412971,0.3720063933412971,0.0,0.9,0.9,0.0,0.0,0.0,0.0,0.0,0.855,40.150000000000006,57.1,1339.614,133,Walker2d-v5,5603,Agente_3
215.07951593399048,159,799560,564.0064298977592,833.0729360040093,126.7716082375767,254.02,5.656086290875747e-05,0.0,0.9,0.3720063933412971,4692,0.5,0.99,0.014778831978441707,5.598054440816243,0.7280016971959008,-0.0019187362243731816,7.181782187355889,0.014778831978441707,0.7280016971959008,5.598054440816243,1.0,5.656086290875747e-05,5.656086290875747e-05,0.0,0.3720063933412971,0.3720063933412971,0.0,0.9,0.9,0.0,0.0,0.0,0.0,0.0,0.855,38.15,57.2,1365.497,134,Walker2d-v5,5603,Agente_3
216.68544387817383,160,804256,568.3272069554879,833.0729360040093,126.7716082375767,258.41,5.656086290875747e-05,0.0,0.9,0.3720063933412971,4692,0.5,0.99,0.016039171620124963,5.656837307082283,0.7780434297190773,-0.009207434258941147,7.2441396872202555,0.016039171620124963,0.7780434297190773,5.656837307082283,1.0,5.656086290875747e-05,5.656086290875747e-05,0.0,0.3720063933412971,0.3720063933412971,0.0,0.9,0.9,0.0,0.0,0.0,0.0,0.0,0.43999999999999995,36.36666666666667,57.20000000000001,1347.032,135,Walker2d-v5,5603,Agente_3
218.18315958976746,161,808952,562.8111057759537,833.0729360040093,126.7716082375767,257.6,5.656086290875747e-05,0.0,0.9,0.3720063933412971,4692,0.5,0.99,0.009595369892688015,6.298810370763143,0.868764865398407,-0.018459185833732288,6.711228587892321,0.009595369892688015,0.868764865398407,6.298810370763143,1.0,5.656086290875747e-05,5.656086290875747e-05,0.0,0.3720063933412971,0.3720063933412971,0.0,0.9,0.9,0.0,0.0,0.0,0.0,0.0,0.985,40.45,57.2,1323.682,136,Walker2d-v5,5603,Agente_3
219.58942770957947,162,813648,555.2733903477613,833.0729360040093,126.7716082375767,256.13,5.656086290875747e-05,0.0,0.9,0.3720063933412971,4692,0.5,0.99,0.00980643257797864,5.477192129029168,0.8649859295950996,-0.009291025054537588,7.437623601489597,0.00980643257797864,0.8649859295950996,5.477192129029168,1.0,5.656086290875747e-05,5.656086290875747e-05,0.0,0.3720063933412971,0.3720063933412971,0.0,0.9,0.9,0.0,0.0,0.0,0.0,0.0,0.19,39.7,57.1,1354.437,137,Walker2d-v5,5603,Agente_3
220.57362270355225,163,818344,562.7149937391414,833.0729360040093,135.78731372772538,258.26,5.656086290875747e-05,0.0,0.9,0.3720063933412971,4692,0.5,0.99,0.011864535392184431,6.217999010615879,0.847319425476922,-0.01760221885310279,6.702464373906453,0.011864535392184431,0.847319425476922,6.217999010615879,1.0,5.656086290875747e-05,5.656086290875747e-05,0.0,0.3720063933412971,0.3720063933412971,0.0,0.9,0.9,0.0,0.0,0.0,0.0,0.0,0.98,41.1,57.1,1314.613,138,Walker2d-v5,5603,Agente_3
221.84559059143066,164,823040,557.9095151837467,742.1886639058379,135.78731372772538,258.43,5.656086290875747e-05,0.0,0.9,0.3720063933412971,4692,0.5,0.99,0.009150030600398571,5.76367216375139,0.8434297508663602,-0.018685266168581113,7.372516367170546,0.009150030600398571,0.8434297508663602,5.76367216375139,1.0,5.656086290875747e-05,5.656086290875747e-05,0.0,0.3720063933412971,0.3720063933412971,0.0,0.9,0.9,0.0,0.0,0.0,0.0,0.0,0.69,37.150000000000006,57.05,1305.471,139,Walker2d-v5,5603,Agente_3
223.41758704185486,165,827736,560.0350456117626,742.1886639058379,137.96036171138513,257.47,5.656086290875747e-05,0.0,0.9,0.3720063933412971,4692,0.5,0.99,0.008148518286907347,5.99705470667945,0.8863042963875665,-0.023973429513474306,6.9081134372287325,0.008148518286907347,0.8863042963875665,5.99705470667945,1.0,5.656086290875747e-05,5.656086290875747e-05,0.0,0.3720063933412971,0.3720063933412971,0.0,0.9,0.9,0.0,0.0,0.0,0.0,0.0,0.5900000000000001,37.8,56.9,1337.48,140,Walker2d-v5,5603,Agente_3
224.84914088249207,166,832432,557.3118637894107,742.1886639058379,137.96036171138513,255.64,5.656086290875747e-05,0.0,0.9,0.3720063933412971,4692,0.5,0.99,0.013824918829535212,5.455713354216682,0.8532933347755008,-0.00039769489732053545,6.864169157875908,0.013824918829535212,0.8532933347755008,5.455713354216682,1.0,5.656086290875747e-05,5.656086290875747e-05,0.0,0.3720063933412971,0.3720063933412971,0.0,0.9,0.9,0.0,0.0,0.0,0.0,0.0,0.2,41.15,56.8,1360.897,141,Walker2d-v5,5603,Agente_3
226.34084606170654,167,837128,552.8758186039375,742.1886639058379,137.96036171138513,256.02,5.656086290875747e-05,0.0,0.9,0.3720063933412971,4692,0.5,0.99,0.013125550892760253,5.886268785264757,0.8372016787528992,-0.013714398278130426,6.7204073482089575,0.013125550892760253,0.8372016787528992,5.886268785264757,1.0,5.656086290875747e-05,5.656086290875747e-05,0.0,0.3720063933412971,0.3720063933412971,0.0,0.9,0.9,0.0,0.0,0.0,0.0,0.0,0.565,39.099999999999994,56.849999999999994,1392.553,142,Walker2d-v5,5603,Agente_3
227.7843475341797,168,841824,554.9364909710721,742.1886639058379,137.96036171138513,251.3,5.656086290875747e-05,0.0,0.9,0.3720063933412971,4692,0.5,0.99,0.010220821525258038,5.371859407424926,0.882990398671892,-0.02191187035706308,6.65503962304857,0.010220821525258038,0.882990398671892,5.371859407424926,1.0,5.656086290875747e-05,5.656086290875747e-05,0.0,0.3720063933412971,0.3720063933412971,0.0,0.9,0.9,0.0,0.0,0.0,0.0,0.0,0.17,37.5,56.8,1412.477,143,Walker2d-v5,5603,Agente_3
229.33028721809387,169,846520,552.843603628388,763.8730734292088,180.60708743267682,248.62,5.656086290875747e-05,0.0,0.9,0.3720063933412971,4692,0.5,0.99,0.015109529778500372,5.925430891248915,0.8613730298148261,-0.0033258478881584273,7.008324517144097,0.015109529778500372,0.8613730298148261,5.925430891248915,1.0,5.656086290875747e-05,5.656086290875747e-05,0.0,0.3720063933412971,0.3720063933412971,0.0,0.9,0.9,0.0,0.0,0.0,0.0,0.0,0.5599999999999999,39.1,56.849999999999994,1412.868,144,Walker2d-v5,5603,Agente_3
230.696515083313,170,851216,551.7980805144341,763.8730734292088,422.5006096707874,245.36,5.656086290875747e-05,0.0,0.9,0.3720063933412971,4692,0.5,0.99,0.009999272794690721,5.570807817247179,0.83046286172337,-0.014714580029249191,7.0361940013037785,0.009999272794690721,0.83046286172337,5.570807817247179,1.0,5.656086290875747e-05,5.656086290875747e-05,0.0,0.3720063933412971,0.3720063933412971,0.0,0.9,0.9,0.0,0.0,0.0,0.0,0.0,0.53,36.45,56.650000000000006,1388.97,145,Walker2d-v5,5603,Agente_3
231.88389587402344,171,855912,546.1649478254577,763.8730734292088,422.5006096707874,243.62,5.656086290875747e-05,0.0,0.9,0.3720063933412971,4692,0.5,0.99,0.00935356379373439,5.58542963133918,0.8833977335029178,-0.03426072218765815,6.5109040790134,0.00935356379373439,0.8833977335029178,5.58542963133918,1.0,5.656086290875747e-05,5.656086290875747e-05,0.0,0.3720063933412971,0.3720063933412971,0.0,0.9,0.9,0.0,0.0,0.0,0.0,0.0,0.485,39.05,56.650000000000006,1357.813,146,Walker2d-v5,5603,Agente_3
233.16746354103088,172,860608,540.7002435061187,763.8730734292088,422.5006096707874,239.92,5.656086290875747e-05,0.0,0.9,0.3720063933412971,4692,0.5,0.99,0.009040906524710913,5.983659161461724,0.8447606907950507,-0.021648205899529985,6.892811669243707,0.009040906524710913,0.8447606907950507,5.983659161461724,1.0,5.656086290875747e-05,5.656086290875747e-05,0.0,0.3720063933412971,0.3720063933412971,0.0,0.9,0.9,0.0,0.0,0.0,0.0,0.0,0.59,37.349999999999994,56.6,1345.123,147,Walker2d-v5,5603,Agente_3
234.3895447254181,173,865304,538.6306301176705,763.8730734292088,422.5006096707874,239.68,5.656086290875747e-05,0.0,0.9,0.3720063933412971,4692,0.5,0.99,0.011847229074232423,5.340898942947388,0.8495306028260126,-0.026947930165463024,6.825924195183648,0.011847229074232423,0.8495306028260126,5.340898942947388,1.0,5.656086290875747e-05,5.656086290875747e-05,0.0,0.3720063933412971,0.3720063933412971,0.0,0.9,0.9,0.0,0.0,0.0,0.0,0.0,0.18,36.65,56.7,1368.675,148,Walker2d-v5,5603,Agente_3
235.61398720741272,174,870000,535.1677215549397,714.8401545553348,422.8298842300382,238.28,5.656086290875747e-05,0.0,0.9,0.3720063933412971,4692,0.5,0.99,0.011346059005073685,5.780319945017497,0.8919049342473347,-0.025993668391472765,6.269135252634684,0.011346059005073685,0.8919049342473347,5.780319945017497,1.0,5.656086290875747e-05,5.656086290875747e-05,0.0,0.3720063933412971,0.3720063933412971,0.0,0.9,0.9,0.0,0.0,0.0,0.0,0.0,0.81,41.6,56.7,1363.845,149,Walker2d-v5,5603,Agente_3
236.8603639602661,175,874696,526.7247259515789,714.8401545553348,373.9158016426432,236.64,5.656086290875747e-05,0.0,0.9,0.3720063933412971,4692,0.5,0.99,0.009537902951827467,6.107619068357679,0.8227950288189783,-0.02393579814169142,6.94918786684672,0.009537902951827467,0.8227950288189783,6.107619068357679,1.0,5.656086290875747e-05,5.656086290875747e-05,0.0,0.3720063933412971,0.3720063933412971,0.0,0.9,0.9,0.0,0.0,0.0,0.0,0.0,0.6,37.55,56.7,1331.785,150,Walker2d-v5,5603,Agente_3
238.18920993804932,176,879392,514.627903397699,702.7045873983113,64.30060126448657,232.34,5.656086290875747e-05,0.0,0.9,0.3720063933412971,4692,0.5,0.99,0.00985142538718517,6.1448477904001875,0.8551068974865808,-0.026941462399231064,7.054522694481744,0.00985142538718517,0.8551068974865808,6.1448477904001875,1.0,5.656086290875747e-05,5.656086290875747e-05,0.0,0.3720063933412971,0.3720063933412971,0.0,0.9,0.9,0.0,0.0,0.0,0.0,0.0,0.18000000000000002,26.0,52.1,1321.985,151,Walker2d-v5,5603,Agente_3
239.39347767829895,177,884088,515.4353257678279,730.1744220717881,64.30060126448657,235.03,5.656086290875747e-05,0.0,0.9,0.3720063933412971,4692,0.5,0.99,0.009293604725432185,5.78728551864624,0.7983304381370544,-0.021108368246091736,6.46316221025255,0.009293604725432185,0.7983304381370544,5.78728551864624,1.0,5.656086290875747e-05,5.656086290875747e-05,0.0,0.3720063933412971,0.3720063933412971,0.0,0.9,0.9,0.0,0.0,0.0,0.0,0.0,0.56,35.9,48.7,1293.683,152,Walker2d-v5,5603,Agente_3
240.75369834899902,178,888784,515.8024968031551,731.378533944922,64.30060126448657,235.0,5.656086290875747e-05,0.0,0.9,0.3720063933412971,4692,0.5,0.99,0.008187580737689536,5.7266371938917375,0.8759727120399475,-0.015207662454081906,6.924056312772962,0.008187580737689536,0.8759727120399475,5.7266371938917375,1.0,5.656086290875747e-05,5.656086290875747e-05,0.0,0.3720063933412971,0.3720063933412971,0.0,0.9,0.9,0.0,0.0,0.0,0.0,0.0,0.865,43.05,51.25,1285.669,153,Walker2d-v5,5603,Agente_3
242.2383155822754,179,893480,514.7020853844037,731.378533944922,64.30060126448657,233.89,5.656086290875747e-05,0.0,0.9,0.3720063933412971,4692,0.5,0.99,0.007874542352348928,6.277365599738227,0.8749218344688415,-0.03533120871418052,6.615670612123277,0.007874542352348928,0.8749218344688415,6.277365599738227,1.0,5.656086290875747e-05,5.656086290875747e-05,0.0,0.3720063933412971,0.3720063933412971,0.0,0.9,0.9,0.0,0.0,0.0,0.0,0.0,0.495,44.400000000000006,53.849999999999994,1279.929,154,Walker2d-v5,5603,Agente_3
228.1212990283966,187,852232,,,,,8.144764258861075e-05,0.0,0.9,0.5,4503,0.5,0.99,0.003710759127717482,8.051615715026855,0.7594183184206486,-0.007360442448407412,7.280413663387298,0.003710759127717482,0.7594183184206486,8.051615715026855,1.0,8.144764258861075e-05,8.144764258861075e-05,0.0,0.5,0.5,0.0,0.9,0.9,0.0,0.0,0.0,0.0,0.0,0.9,17.8,48.849999999999994,1124.038,155,Walker2d-v5,5603,Agente_3
229.23844051361084,188,856736,561.4919989711012,684.3020091662222,395.41747814225556,245.1,8.144764258861075e-05,0.0,0.9,0.5,4503,0.5,0.99,0.04213625003858397,3.278593882918358,0.4478099994361401,0.0134141996037215,8.913892853260041,0.04213625003858397,0.4478099994361401,3.278593882918358,1.0,8.144764258861075e-05,8.144764258861075e-05,0.0,0.5,0.5,0.0,0.9,0.9,0.0,0.0,0.0,0.0,0.0,0.2,31.25,42.3,1115.876,156,Walker2d-v5,5603,Agente_3
230.39816188812256,189,861240,603.0531104697986,817.9985954416874,395.41747814225556,269.45454545454544,8.144764258861075e-05,0.0,0.9,0.5,4503,0.5,0.99,0.01106582871361752,6.567591977119446,0.6856069788336754,-0.020702307391911746,8.274317288398743,0.01106582871361752,0.6856069788336754,6.567591977119446,1.0,8.144764258861075e-05,8.144764258861075e-05,0.0,0.5,0.5,0.0,0.9,0.9,0.0,0.0,0.0,0.0,0.0,0.2,40.8,43.5,1126.71,157,Walker2d-v5,5603,Agente_3
231.7659239768982,190,865744,578.8898553413162,817.9985954416874,137.9712088432135,260.7692307692308,8.144764258861075e-05,0.0,0.9,0.5,4503,0.5,0.99,0.013713579722480062,4.765937325358391,0.1967814140021801,-0.010482583963312208,8.675939428806306,0.013713579722480062,0.1967814140021801,4.765937325358391,1.0,8.144764258861075e-05,8.144764258861075e-05,0.0,0.5,0.5,0.0,0.9,0.9,0.0,0.0,0.0,0.0,0.0,0.18,49.35,45.8,1183.455,158,Walker2d-v5,5603,Agente_3
233.0685362815857,191,870248,584.9027222734985,817.9985954416874,137.9712088432135,266.04615384615386,8.144764258861075e-05,0.0,0.9,0.5,4503,0.5,0.99,0.04754055920161591,6.107729065418243,0.5352311126887799,0.01736826216802001,8.521643912792205,0.04754055920161591,0.5352311126887799,6.107729065418243,1.0,8.144764258861075e-05,8.144764258861075e-05,0.0,0.5,0.5,0.0,0.9,0.9,0.0,0.0,0.0,0.0,0.0,0.8,44.85,50.2,1205.046,159,Walker2d-v5,5603,Agente_3
234.06799721717834,192,874752,593.1839331270722,854.4238735381081,137.9712088432135,271.4512195121951,8.144764258861075e-05,0.0,0.9,0.5,4503,0.5,0.99,0.016763458693640133,4.120173893868923,0.43576715886592865,0.002576360502280295,8.589847433567048,0.016763458693640133,0.43576715886592865,4.120173893868923,1.0,8.144764258861075e-05,8.144764258861075e-05,0.0,0.5,0.5,0.0,0.9,0.9,0.0,0.0,0.0,0.0,0.0,0.54,40.0,53.400000000000006,1168.684,160,Walker2d-v5,5603,Agente_3
235.0723376274109,193,879256,597.6034773999817,854.4238735381081,137.9712088432135,272.25,8.144764258861075e-05,0.0,0.9,0.5,4503,0.5,0.99,0.022762466802942073,5.363395771384239,0.484399052709341,0.022067535645328464,8.30314335823059,0.022762466802942073,0.484399052709341,5.363395771384239,1.0,8.144764258861075e-05,8.144764258861075e-05,0.0,0.5,0.5,0.0,0.9,0.9,0.0,0.0,0.0,0.0,0.0,0.22,35.6,55.3,1143.559,161,Walker2d-v5,5603,Agente_3
236.4484579563141,194,883760,599.8401977959559,854.4238735381081,137.9712088432135,274.32,8.144764258861075e-05,0.0,0.9,0.5,4503,0.5,0.99,0.01668195003157962,5.075625199079513,0.5570181354880333,0.004631036822684109,8.423263120651246,0.01668195003157962,0.5570181354880333,5.075625199079513,1.0,8.144764258861075e-05,8.144764258861075e-05,0.0,0.5,0.5,0.0,0.9,0.9,0.0,0.0,0.0,0.0,0.0,0.19,39.900000000000006,56.400000000000006,1171.086,162,Walker2d-v5,5603,Agente_3
237.55111384391785,195,888264,601.8717422400438,854.4238735381081,213.31704338626108,271.76,8.144764258861075e-05,0.0,0.9,0.5,4503,0.5,0.99,0.01392745058615219,4.426085217297077,0.537864688783884,-0.02576095126569271,8.401250922679901,0.01392745058615219,0.537864688783884,4.426085217297077,1.0,8.144764258861075e-05,8.144764258861075e-05,0.0,0.5,0.5,0.0,0.9,0.9,0.0,0.0,0.0,0.0,0.0,0.99,33.3,56.8,1162.252,163,Walker2d-v5,5603,Agente_3
238.80035591125488,196,892768,611.2497775399045,881.0058326964743,213.31704338626108,276.73,8.144764258861075e-05,0.0,0.9,0.5,4503,0.5,0.99,0.00677769050629422,5.1254561185836796,0.7012867279350757,-0.010337783629074693,7.782521003484726,0.00677769050629422,0.7012867279350757,5.1254561185836796,1.0,8.144764258861075e-05,8.144764258861075e-05,0.0,0.5,0.5,0.0,0.9,0.9,0.0,0.0,0.0,0.0,0.0,0.83,40.85,56.95,1169.934,164,Walker2d-v5,5603,Agente_3
240.06551241874695,197,897272,618.8232050599548,881.0058326964743,435.4643624194276,276.67,8.144764258861075e-05,0.0,0.9,0.5,4503,0.5,0.99,0.01862608851524783,4.655714669823647,0.678964190930128,0.023934954265132546,8.532279539108277,0.01862608851524783,0.678964190930128,4.655714669823647,1.0,8.144764258861075e-05,8.144764258861075e-05,0.0,0.5,0.5,0.0,0.9,0.9,0.0,0.0,0.0,0.0,0.0,0.6,39.15,57.1,1183.1,165,Walker2d-v5,5603,Agente_3
241.4499728679657,198,901776,607.7122458460021,881.0058326964743,134.23808691815762,271.09,8.144764258861075e-05,0.0,0.9,0.5,4503,0.5,0.99,0.007469854577402657,5.34358104467392,0.6741608485579491,0.0006995324045419693,8.626927143335342,0.007469854577402657,0.6741608485579491,5.34358104467392,1.0,8.144764258861075e-05,8.144764258861075e-05,0.0,0.5,0.5,0.0,0.9,0.9,0.0,0.0,0.0,0.0,0.0,0.18,37.9,57.1,1209.464,166,Walker2d-v5,5603,Agente_3
242.42365717887878,199,906280,605.8730415072222,881.0058326964743,134.23808691815762,269.2,8.144764258861075e-05,0.0,0.9,0.5,4503,0.5,0.99,0.0065019058060897805,5.211208385229111,0.7254344031214714,0.00999941504560411,8.302440291643142,0.0065019058060897805,0.7254344031214714,5.211208385229111,1.0,8.144764258861075e-05,8.144764258861075e-05,0.0,0.5,0.5,0.0,0.9,0.9,0.0,0.0,0.0,0.0,0.0,0.8,37.9,57.1,1190.945,167,Walker2d-v5,5603,Agente_3
243.49210381507874,200,910784,610.1676741972536,881.0058326964743,134.23808691815762,270.4,8.144764258861075e-05,0.0,0.9,0.5,4503,0.5,0.99,0.009281915067367663,4.238215166330337,0.5033729657530784,-0.027382052154280245,8.845339715480804,0.009281915067367663,0.5033729657530784,4.238215166330337,1.0,8.144764258861075e-05,8.144764258861075e-05,0.0,0.5,0.5,0.0,0.9,0.9,0.0,0.0,0.0,0.0,0.0,0.64,38.9,57.05,1161.027,168,Walker2d-v5,5603,Agente_3
244.77615118026733,201,915288,607.2794690415242,881.0058326964743,134.23808691815762,267.65,8.144764258861075e-05,0.0,0.9,0.5,4503,0.5,0.99,0.011129831456878491,5.247331315279007,0.5200532361865043,0.014409975847229362,7.952602177858353,0.011129831456878491,0.5200532361865043,5.247331315279007,1.0,8.144764258861075e-05,8.144764258861075e-05,0.0,0.5,0.5,0.0,0.9,0.9,0.0,0.0,0.0,0.0,0.0,0.96,36.5,56.95,1159.075,169,Walker2d-v5,5603,Agente_3
246.02076959609985,202,919792,600.0078743672387,853.1190342975506,134.23808691815762,264.96,8.144764258861075e-05,0.0,0.9,0.5,4503,0.5,0.99,0.005550985656100238,4.38464846611023,0.5483901835978031,-0.009734672401100397,8.726747012138366,0.005550985656100238,0.5483901835978031,4.38464846611023,1.0,8.144764258861075e-05,8.144764258861075e-05,0.0,0.5,0.5,0.0,0.9,0.9,0.0,0.0,0.0,0.0,0.0,0.69,41.150000000000006,56.95,1183.804,170,Walker2d-v5,5603,Agente_3
247.25711870193481,203,924296,597.980621822353,853.1190342975506,134.23808691815762,262.3,8.144764258861075e-05,0.0,0.9,0.5,4503,0.5,0.99,0.008118393814947921,5.150516900420189,0.5719109274446964,0.03838043746072799,7.724674123525619,0.008118393814947921,0.5719109274446964,5.150516900420189,1.0,8.144764258861075e-05,8.144764258861075e-05,0.0,0.5,0.5,0.0,0.9,0.9,0.0,0.0,0.0,0.0,0.0,0.94,40.2,56.9,1206.289,171,Walker2d-v5,5603,Agente_3
248.4768397808075,204,928800,597.0963172162757,764.8193857335782,402.3792158989982,260.3,8.144764258861075e-05,0.0,0.9,0.5,4503,0.5,0.99,0.004788280971843051,4.605482417345047,0.6116801507771015,0.008337134448811411,8.284398394823075,0.004788280971843051,0.6116801507771015,4.605482417345047,1.0,8.144764258861075e-05,8.144764258861075e-05,0.0,0.5,0.5,0.0,0.9,0.9,0.0,0.0,0.0,0.0,0.0,0.99,37.7,56.849999999999994,1190.966,172,Walker2d-v5,5603,Agente_3
249.52401185035706,205,933304,600.394587611122,764.8193857335782,402.3792158989982,260.44,8.144764258861075e-05,0.0,0.9,0.5,4503,0.5,0.99,0.011849891321571705,4.4514808565378186,0.3534862831234932,-0.023510310659185053,8.329695737361908,0.011849891321571705,0.3534862831234932,4.4514808565378186,1.0,8.144764258861075e-05,8.144764258861075e-05,0.0,0.5,0.5,0.0,0.9,0.9,0.0,0.0,0.0,0.0,0.0,0.85,39.2,57.0,1185.581,173,Walker2d-v5,5603,Agente_3
250.727148771286,206,937808,596.6846584594518,764.8193857335782,402.3792158989982,257.91,8.144764258861075e-05,0.0,0.9,0.5,4503,0.5,0.99,0.008136117648882646,5.188962998986244,0.5973183415830136,-0.017322852788493038,8.284087646007539,0.008136117648882646,0.5973183415830136,5.188962998986244,1.0,8.144764258861075e-05,8.144764258861075e-05,0.0,0.5,0.5,0.0,0.9,0.9,0.0,0.0,0.0,0.0,0.0,0.595,33.15,54.15,1180.669,174,Walker2d-v5,5603,Agente_3
251.7001519203186,207,942312,588.122489494813,739.1328076415598,155.3798180624738,256.95,8.144764258861075e-05,0.0,0.9,0.5,4503,0.5,0.99,0.0138592650923556,5.071644610166549,0.5500388108193874,0.0006633337354287506,8.15607425570488,0.0138592650923556,0.5500388108193874,5.071644610166549,1.0,8.144764258861075e-05,8.144764258861075e-05,0.0,0.5,0.5,0.0,0.9,0.9,0.0,0.0,0.0,0.0,0.0,0.215,31.15,43.35,1151.202,175,Walker2d-v5,5603,Agente_3
252.5305106639862,208,946816,587.2192785948774,739.1328076415598,155.3798180624738,256.01,8.144764258861075e-05,0.0,0.9,0.5,4503,0.5,0.99,0.011630082761826088,5.2773942917585375,0.5062482953071594,0.029368799878284335,7.944036960601807,0.011630082761826088,0.5062482953071594,5.2773942917585375,1.0,8.144764258861075e-05,8.144764258861075e-05,0.0,0.5,0.5,0.0,0.9,0.9,0.0,0.0,0.0,0.0,0.0,0.21,26.1,39.9,1096.079,176,Walker2d-v5,5603,Agente_3
253.85732316970825,209,951320,585.6458538789805,739.1328076415598,155.3798180624738,256.01,8.144764258861075e-05,0.0,0.9,0.5,4503,0.5,0.99,0.01221109659902595,4.657822251319885,0.502946063131094,-0.03993763780454174,8.359458237886429,0.01221109659902595,0.502946063131094,4.657822251319885,1.0,8.144764258861075e-05,8.144764258861075e-05,0.0,0.5,0.5,0.0,0.9,0.9,0.0,0.0,0.0,0.0,0.0,0.14,34.5,41.55,1131.191,177,Walker2d-v5,5603,Agente_3
255.11495804786682,210,955824,591.494566641975,739.1328076415598,155.3798180624738,257.91,8.144764258861075e-05,0.0,0.9,0.5,4503,0.5,0.99,0.011244672061775419,5.174194115400314,0.4703634388744831,-0.012418697960674763,8.24067862033844,0.011244672061775419,0.4703634388744831,5.174194115400314,1.0,8.144764258861075e-05,8.144764258861075e-05,0.0,0.5,0.5,0.0,0.9,0.9,0.0,0.0,0.0,0.0,0.0,0.15,49.3,44.0,1150.241,178,Walker2d-v5,5603,Agente_3
256.32313418388367,211,960328,,,,,8.144764258861075e-05,0.0,0.9,0.5,4503,0.5,0.99,0.0038011390293844053,7.29919615983963,0.841694401204586,-0.01704572804737836,4.915763846039772,0.0038011390293844053,0.841694401204586,7.29919615983963,1.0,8.144764258861075e-05,8.144764258861075e-05,0.0,0.5,0.5,0.0,0.9,0.9,0.0,0.0,0.0,0.0,0.0,0.08,16.95,43.35,1196.061,179,Walker2d-v5,5603,Agente_3
257.18102383613586,212,964832,580.1979255965098,644.2033047477582,494.67203103337147,243.0,8.144764258861075e-05,0.0,0.9,0.5,4503,0.5,0.99,0.024176878169282646,2.44279462993145,0.5174214169383049,-7.844620849937201e-05,8.141966831684112,0.024176878169282646,0.5174214169383049,2.44279462993145,1.0,8.144764258861075e-05,8.144764258861075e-05,0.0,0.5,0.5,0.0,0.9,0.9,0.0,0.0,0.0,0.0,0.0,0.85,25.5,40.7,1021.862,180,Walker2d-v5,5603,Agente_3
258.4699590206146,213,969336,629.7694653044152,827.6024770617869,442.48203659555537,272.75757575757575,8.144764258861075e-05,0.0,0.9,0.5,4503,0.5,0.99,0.01854091236008344,5.712606132030487,0.8549145378172398,-0.01479485909221694,4.9071625649929045,0.01854091236008344,0.8549145378172398,5.712606132030487,1.0,8.144764258861075e-05,8.144764258861075e-05,0.0,0.5,0.5,0.0,0.9,0.9,0.0,0.0,0.0,0.0,0.0,0.49,34.55,41.75,1106.704,181,Walker2d-v5,5603,Agente_3
259.8345432281494,214,973840,620.5158031528618,827.6024770617869,442.48203659555537,268.5,8.144764258861075e-05,0.0,0.9,0.5,4503,0.5,0.99,0.016306022396202026,2.8752565756440163,0.5908715590834618,-0.010843876539729536,7.606177616119385,0.016306022396202026,0.5908715590834618,2.8752565756440163,1.0,8.144764258861075e-05,8.144764258861075e-05,0.0,0.5,0.5,0.0,0.9,0.9,0.0,0.0,0.0,0.0,0.0,0.185,40.9,44.150000000000006,1167.886,182,Walker2d-v5,5603,Agente_3
260.69302773475647,215,978344,625.0250632935022,827.6024770617869,442.48203659555537,270.9846153846154,8.144764258861075e-05,0.0,0.9,0.5,4503,0.5,0.99,0.012931876861694036,5.677126687765122,0.7471228636801243,-0.02434814480948262,5.392855030298233,0.012931876861694036,0.7471228636801243,5.677126687765122,1.0,8.144764258861075e-05,8.144764258861075e-05,0.0,0.5,0.5,0.0,0.9,0.9,0.0,0.0,0.0,0.0,0.0,0.11,28.6,45.8,1104.432,183,Walker2d-v5,5603,Agente_3
261.47244024276733,216,982848,620.9645022699407,827.6024770617869,433.6861570743606,268.4597701149425,8.144764258861075e-05,0.0,0.9,0.5,4503,0.5,0.99,0.01890268996321538,3.1381007194519044,0.5295104570686817,-0.008987510995939373,7.169993466138839,0.01890268996321538,0.5295104570686817,3.1381007194519044,1.0,8.144764258861075e-05,8.144764258861075e-05,0.0,0.5,0.5,0.0,0.9,0.9,0.0,0.0,0.0,0.0,0.0,0.3,23.6,41.7,1048.25,184,Walker2d-v5,5603,Agente_3
262.51223397254944,217,987352,622.1857851857026,827.6024770617869,433.6861570743606,270.86,8.144764258861075e-05,0.0,0.9,0.5,4503,0.5,0.99,0.017154193187184318,5.308443751931191,0.7024279527366162,8.879795204848051e-05,5.818177753686905,0.017154193187184318,0.7024279527366162,5.308443751931191,1.0,8.144764258861075e-05,8.144764258861075e-05,0.0,0.5,0.5,0.0,0.9,0.9,0.0,0.0,0.0,0.0,0.0,0.08,28.3,38.9,1045.562,185,Walker2d-v5,5603,Agente_3
263.759441614151,218,991856,620.1219679534805,827.6024770617869,433.6861570743606,271.7,8.144764258861075e-05,0.0,0.9,0.5,4503,0.5,0.99,0.016261531860300237,4.944386637210846,0.720638582110405,-0.016985463560558856,6.359407657384873,0.016261531860300237,0.720638582110405,4.944386637210846,1.0,8.144764258861075e-05,8.144764258861075e-05,0.0,0.5,0.5,0.0,0.9,0.9,0.0,0.0,0.0,0.0,0.0,0.11499999999999999,31.35,39.6,1069.205,186,Walker2d-v5,5603,Agente_3
264.93674540519714,219,996360,610.2441846078632,817.8399509806849,433.6861570743606,266.84,8.144764258861075e-05,0.0,0.9,0.5,4503,0.5,0.99,0.019440288489295198,4.455159366130829,0.7415582656860351,-0.016824390972033143,6.052537351846695,0.019440288489295198,0.7415582656860351,4.455159366130829,1.0,8.144764258861075e-05,8.144764258861075e-05,0.0,0.5,0.5,0.0,0.9,0.9,0.0,0.0,0.0,0.0,0.0,0.41500000000000004,39.7,42.25,1080.162,187,Walker2d-v5,5603,Agente_3
266.037291765213,220,1000864,602.7807461253225,817.8399509806849,42.68762672645539,265.0,8.144764258861075e-05,0.0,0.9,0.5,4503,0.5,0.99,0.013823881993016585,4.45684027671814,0.6186388492584228,-0.00695415631053038,6.635414654016495,0.013823881993016585,0.6186388492584228,4.45684027671814,1.0,8.144764258861075e-05,8.144764258861075e-05,0.0,0.5,0.5,0.0,0.9,0.9,0.0,0.0,0.0,0.0,0.0,0.365,30.200000000000003,45.349999999999994,1081.42,188,Walker2d-v5,5603,Agente_3
266.88170433044434,221,1005368,603.1810162209499,954.8861492074088,42.68762672645539,267.53,8.144764258861075e-05,0.0,0.9,0.5,4503,0.5,0.99,0.014209560378458264,5.177922850847244,0.7546920388936996,-0.023904783884063363,6.611941581964492,0.014209560378458264,0.7546920388936996,5.177922850847244,1.0,8.144764258861075e-05,8.144764258861075e-05,0.0,0.5,0.5,0.0,0.9,0.9,0.0,0.0,0.0,0.0,0.0,0.52,21.3,46.3,1045.445,189,Walker2d-v5,5603,Agente_3
267.77676653862,222,1009872,598.1322454654966,954.8861492074088,42.68762672645539,265.3,8.144764258861075e-05,0.0,0.9,0.5,4503,0.5,0.99,0.014607233684091624,5.15713395178318,0.7357757426798344,-0.014792179898358881,6.245196357369423,0.014607233684091624,0.7357757426798344,5.15713395178318,1.0,8.144764258861075e-05,8.144764258861075e-05,0.0,0.5,0.5,0.0,0.9,0.9,0.0,0.0,0.0,0.0,0.0,0.09,23.3,47.4,1048.693,190,Walker2d-v5,5603,Agente_3
268.9784643650055,223,1014376,,,,,8.144764258861075e-05,0.0,0.9,0.5,4503,0.5,0.99,0.004774759121575172,7.255215889215469,0.9222645029425621,-0.018059791694395245,4.822909232974053,0.004774759121575172,0.9222645029425621,7.255215889215469,1.0,8.144764258861075e-05,8.144764258861075e-05,0.0,0.5,0.5,0.0,0.9,0.9,0.0,0.0,0.0,0.0,0.0,0.65,17.75,48.1,1192.645,191,Walker2d-v5,5603,Agente_3
270.32521080970764,224,1018880,575.020398309704,666.9460983980235,447.36045347199996,246.83333333333334,8.144764258861075e-05,0.0,0.9,0.5,4503,0.5,0.99,0.022362752474646187,2.658741959929466,0.5747678607702256,-0.02846302012912929,7.588129007816315,0.022362752474646187,0.5747678607702256,2.658741959929466,1.0,8.144764258861075e-05,8.144764258861075e-05,0.0,0.5,0.5,0.0,0.9,0.9,0.0,0.0,0.0,0.0,0.0,0.645,29.4,47.25,1262.897,192,Walker2d-v5,5603,Agente_3
271.3795897960663,225,1023384,605.2806907757492,739.4815940930765,447.36045347199996,266.46875,8.144764258861075e-05,0.0,0.9,0.5,4503,0.5,0.99,0.016190930509355893,5.557095462083817,0.779551337659359,-0.010594015708193183,5.2008432984352115,0.016190930509355893,0.779551337659359,5.557095462083817,1.0,8.144764258861075e-05,8.144764258861075e-05,0.0,0.5,0.5,0.0,0.9,0.9,0.0,0.0,0.0,0.0,0.0,0.245,37.25,45.099999999999994,1188.539,193,Walker2d-v5,5603,Agente_3
272.5503160953522,226,1027888,601.2097277232491,741.5959628618807,438.1411792229881,261.7962962962963,8.144764258861075e-05,0.0,0.9,0.5,4503,0.5,0.99,0.018565410433257056,4.097934432327747,0.598647191375494,-0.010845172009430826,7.037543618679047,0.018565410433257056,0.598647191375494,4.097934432327747,1.0,8.144764258861075e-05,8.144764258861075e-05,0.0,0.5,0.5,0.0,0.9,0.9,0.0,0.0,0.0,0.0,0.0,0.08,43.7,45.0,1181.072,194,Walker2d-v5,5603,Agente_3
273.408082485199,227,1032392,588.051869842736,741.5959628618807,118.97232473617338,264.5072463768116,8.144764258861075e-05,0.0,0.9,0.5,4503,0.5,0.99,0.013801310268866019,5.411605095863342,0.8031276933848858,-0.02857375928433612,5.793724024295807,0.013801310268866019,0.8031276933848858,5.411605095863342,1.0,8.144764258861075e-05,8.144764258861075e-05,0.0,0.5,0.5,0.0,0.9,0.9,0.0,0.0,0.0,0.0,0.0,0.14,27.950000000000003,45.900000000000006,1113.726,195,Walker2d-v5,5603,Agente_3
274.21647930145264,228,1036896,593.3807744080578,741.5959628618807,118.97232473617338,266.86746987951807,8.144764258861075e-05,0.0,0.9,0.5,4503,0.5,0.99,0.019367649321043245,3.934998592734337,0.6384149983525276,-0.0234243058366701,6.207946515083313,0.019367649321043245,0.6384149983525276,3.934998592734337,1.0,8.144764258861075e-05,8.144764258861075e-05,0.0,0.5,0.5,0.0,0.9,0.9,0.0,0.0,0.0,0.0,0.0,0.16,27.7,47.3,1061.333,196,Walker2d-v5,5603,Agente_3
275.3697555065155,229,1041400,596.1449681735648,878.1207280310877,118.97232473617338,267.21,8.144764258861075e-05,0.0,0.9,0.5,4503,0.5,0.99,0.023358014311816076,5.6073695629835125,0.825331573933363,-0.010951117641525343,6.268579363822937,0.023358014311816076,0.825331573933363,5.6073695629835125,1.0,8.144764258861075e-05,8.144764258861075e-05,0.0,0.5,0.5,0.0,0.9,0.9,0.0,0.0,0.0,0.0,0.0,0.3,29.400000000000002,47.599999999999994,1072.798,197,Walker2d-v5,5603,Agente_3
276.77665543556213,230,1045904,590.3837449902459,878.1207280310877,118.97232473617338,269.08,8.144764258861075e-05,0.0,0.9,0.5,4503,0.5,0.99,0.01041724371325472,5.058985269069671,0.6932765938341617,-0.020458862639497966,6.126728755235672,0.01041724371325472,0.6932765938341617,5.058985269069671,1.0,8.144764258861075e-05,8.144764258861075e-05,0.0,0.5,0.5,0.0,0.9,0.9,0.0,0.0,0.0,0.0,0.0,0.22999999999999998,37.3,46.15,1112.822,198,Walker2d-v5,5603,Agente_3
277.9850072860718,231,1050408,577.6873844769544,878.1207280310877,118.97232473617338,264.07,8.144764258861075e-05,0.0,0.9,0.5,4503,0.5,0.99,0.007532266265218368,6.05428513288498,0.8511718049645424,-0.02660181578248739,5.753238326311111,0.007532266265218368,0.8511718049645424,6.05428513288498,1.0,8.144764258861075e-05,8.144764258861075e-05,0.0,0.5,0.5,0.0,0.9,0.9,0.0,0.0,0.0,0.0,0.0,0.31,38.099999999999994,45.3,1122.081,199,Walker2d-v5,5603,Agente_3
279.005891084671,232,1054912,576.5042837464329,878.1207280310877,118.97232473617338,266.55,8.144764258861075e-05,0.0,0.9,0.5,4503,0.5,0.99,0.015962429273395175,4.3509807795286175,0.6982266381382942,-0.015463927458040417,6.98942449092865,0.015962429273395175,0.6982266381382942,4.3509807795286175,1.0,8.144764258861075e-05,8.144764258861075e-05,0.0,0.5,0.5,0.0,0.9,0.9,0.0,0.0,0.0,0.0,0.0,0.865,26.25,45.95,1110.74,200,Walker2d-v5,5603,Agente_3
279.8493649959564,233,1059416,580.3993328335471,878.1207280310877,118.97232473617338,264.57,8.144764258861075e-05,0.0,0.9,0.5,4503,0.5,0.99,0.02766294704670145,5.6634210526943205,0.7011225193738937,0.00351867281133309,5.869664704799652,0.02766294704670145,0.7011225193738937,5.6634210526943205,1.0,8.144764258861075e-05,8.144764258861075e-05,0.0,0.5,0.5,0.0,0.9,0.9,0.0,0.0,0.0,0.0,0.0,0.88,21.0,47.4,1074.983,201,Walker2d-v5,5603,Agente_3
281.5622901916504,234,1063920,577.9800340313644,875.5931070439963,161.73350341255235,261.97,8.144764258861075e-05,0.0,0.9,0.5,4503,0.5,0.99,0.010085151305975159,4.72747392654419,0.6994849860668182,-0.008562696597073228,6.945454198122024,0.010085151305975159,0.6994849860668182,4.72747392654419,1.0,8.144764258861075e-05,8.144764258861075e-05,0.0,0.5,0.5,0.0,0.9,0.9,0.0,0.0,0.0,0.0,0.0,0.36999999999999994,38.53333333333333,48.26666666666667,1111.606,202,Walker2d-v5,5603,Agente_3
287.98554491996765,243,1086832,567.7681915718853,797.9418185738268,155.78663161316297,256.1489361702128,8.144764258861075e-05,0.0,0.9,0.18652344569792167,28538,0.5,0.99,0.010690365814265402,5.792199452573603,0.4826224119013006,0.016192283836955375,8.554783349470659,0.010690365814265402,0.4826224119013006,5.792199452573603,1.0,8.144764258861075e-05,8.144764258861075e-05,0.0,0.18652344569792167,0.18652344569792167,0.0,0.9,0.9,0.0,0.0,0.0,0.0,0.0,0.4111111111111111,32.96666666666667,47.422222222222224,6077.158,203,Walker2d-v5,5603,Agente_3
294.7933523654938,244,1115376,592.8099688571142,852.8035472483058,192.29230394365814,262.35135135135135,8.144764258861075e-05,0.0,0.9,0.18652344569792167,28538,0.5,0.99,0.012854322761467139,5.468114925731312,0.39543551661751486,0.02048486971550367,8.70083156672391,0.012854322761467139,0.39543551661751486,5.468114925731312,1.0,8.144764258861075e-05,8.144764258861075e-05,0.0,0.18652344569792167,0.18652344569792167,0.0,0.9,0.9,0.0,0.0,0.0,0.0,0.0,0.3644444444444444,42.166666666666664,51.55555555555556,6435.267,204,Walker2d-v5,5603,Agente_3
302.2770400047302,245,1143920,600.9166348115214,770.5397720424409,314.4847443543133,269.6195652173913,8.144764258861075e-05,0.0,0.9,0.18652344569792167,28538,0.5,0.99,0.01175042461836732,5.731430074084889,0.6572549595616081,0.015307404101741584,6.2077083526958114,0.01175042461836732,0.6572549595616081,5.731430074084889,1.0,8.144764258861075e-05,8.144764258861075e-05,0.0,0.18652344569792167,0.18652344569792167,0.0,0.9,0.9,0.0,0.0,0.0,0.0,0.0,0.3654545454545455,37.29090909090909,47.65454545454545,7472.78,205,Walker2d-v5,5603,Agente_3
309.7321174144745,246,1172464,574.4703155823908,851.4369618268978,80.93245361822312,254.375,8.144764258861075e-05,0.0,0.9,0.18652344569792167,28538,0.5,0.99,0.007660670554667856,5.560510439439254,0.7267267395149578,0.006961480707607486,5.924641354300759,0.007660670554667856,0.7267267395149578,5.560510439439254,1.0,8.144764258861075e-05,8.144764258861075e-05,0.0,0.18652344569792167,0.18652344569792167,0.0,0.9,0.9,0.0,0.0,0.0,0.0,0.0,0.576,39.54,52.3,7457.642,206,Walker2d-v5,5603,Agente_3
303.948867559433,207,1174536,586.4673464974625,762.3723307318273,96.5279587685029,258.8606557377049,5.2126491256710884e-05,0.0,0.9,0.14675298484991645,35571,0.5,0.99,0.005043929851229399,5.09846935375877,0.7654758506926937,0.006491026988226002,5.436277334240899,0.005043929851229399,0.7654758506926937,5.09846935375877,1.0,5.2126491256710884e-05,5.2126491256710884e-05,0.0,0.14675298484991645,0.14675298484991645,0.0,0.9,0.9,0.0,0.0,0.0,0.0,0.0,0.3841666666666667,29.775000000000002,44.49166666666667,8092.72,207,Walker2d-v5,5603,Agente_3
313.3904149532318,208,1210112,604.5051335226265,803.8161181882276,281.36789961433965,265.2406015037594,5.2126491256710884e-05,0.0,0.9,0.14675298484991645,35571,0.5,0.99,0.005073418447231895,4.80015475300775,0.7728885128878165,0.007386513767709982,5.355291248058927,0.005073418447231895,0.7728885128878165,4.80015475300775,1.0,5.2126491256710884e-05,5.2126491256710884e-05,0.0,0.14675298484991645,0.14675298484991645,0.0,0.9,0.9,0.0,0.0,0.0,0.0,0.0,0.32384615384615384,38.138461538461534,49.861538461538466,8760.953,208,Walker2d-v5,5603,Agente_3
322.2296521663666,209,1245688,618.8466303291152,838.3578446138912,449.0567056900649,266.65546218487395,5.2126491256710884e-05,0.0,0.9,0.14675298484991645,35571,0.5,0.99,0.0056377993671368,4.869791604470516,0.764947057461393,0.009873330744280331,5.430247488574706,0.0056377993671368,0.764947057461393,4.869791604470516,1.0,5.2126491256710884e-05,5.2126491256710884e-05,0.0,0.14675298484991645,0.14675298484991645,0.0,0.9,0.9,0.0,0.0,0.0,0.0,0.0,0.5307692307692307,30.71538461538461,45.56153846153847,8827.525,209,Walker2d-v5,5603,Agente_3
330.07144141197205,210,1281264,587.5805657180978,822.7994807968839,141.0107868159169,259.74436090225566,5.2126491256710884e-05,0.0,0.9,0.14675298484991645,35571,0.5,0.99,0.004860367584447503,5.0339462632718295,0.7913786635882613,0.0059232632211153055,5.321897933448571,0.004860367584447503,0.7913786635882613,5.0339462632718295,1.0,5.2126491256710884e-05,5.2126491256710884e-05,0.0,0.14675298484991645,0.14675298484991645,0.0,0.9,0.9,0.0,0.0,0.0,0.0,0.0,0.4690909090909091,39.81818181818182,50.04545454545455,8329.089,210,Walker2d-v5,5603,Agente_3
337.81802463531494,211,1316840,616.445109567442,783.6130754149667,469.5008955004264,265.5123966942149,5.2126491256710884e-05,0.0,0.9,0.14675298484991645,35571,0.5,0.99,0.006940861708004736,4.9028387757315155,0.7891739659551261,0.009560193781457518,5.24366397028384,0.006940861708004736,0.7891739659551261,4.9028387757315155,1.0,5.2126491256710884e-05,5.2126491256710884e-05,0.0,0.14675298484991645,0.14675298484991645,0.0,0.9,0.9,0.0,0.0,0.0,0.0,0.0,0.5483333333333335,30.941666666666666,51.19166666666666,7731.508,211,Walker2d-v5,5603,Agente_3
348.5536608695984,212,1352416,580.5517906751172,786.0070948940559,98.53326818124636,252.52941176470588,5.2126491256710884e-05,0.0,0.9,0.14675298484991645,35571,0.5,0.99,0.0065906621432239255,5.003848038549009,0.7951912677806356,0.005681226735907621,5.234472586452097,0.0065906621432239255,0.7951912677806356,5.003848038549009,1.0,5.2126491256710884e-05,5.2126491256710884e-05,0.0,0.14675298484991645,0.14675298484991645,0.0,0.9,0.9,0.0,0.0,0.0,0.0,0.0,0.5564285714285714,40.76428571428572,55.550000000000004,9225.852,212,Walker2d-v5,5603,Agente_3
357.10019540786743,216,1380896,599.7873026746021,784.7158294162994,99.6403685356235,258.90425531914894,0.0008858890137208794,0.0,0.9835521578465961,0.12,28456,0.5,0.99,0.1834037177942018,4.988910795992071,0.5668136429786682,0.11867081459442323,8.460562615828081,0.1834037177942018,0.5668136429786682,4.988910795992071,1.0,0.0008858890137208794,0.0008858890137208794,0.0,0.12,0.12,0.0,0.9835521578465961,0.9835521578465961,0.0,0.0,0.0,0.0,0.0,0.5118181818181818,33.14545454545454,52.036363636363646,7321.175,213,Walker2d-v5,5603,Agente_3
365.385883808136,217,1409352,590.4936642253386,728.4553999360523,84.70746148122339,259.1858407079646,0.0008858890137208794,0.0,0.9835521578465961,0.12,28456,0.5,0.99,0.08236732496795376,5.091011330864646,0.6308205111460252,0.0696129863675345,8.648224384134465,0.08236732496795376,0.6308205111460252,5.091011330864646,1.0,0.0008858890137208794,0.0008858890137208794,0.0,0.12,0.12,0.0,0.9835521578465961,0.9835521578465961,0.0,0.0,0.0,0.0,0.0,0.46076923076923076,37.93846153846153,53.53846153846154,7795.839,214,Walker2d-v5,5603,Agente_3
374.2069025039673,218,1437808,598.4142908990885,767.3320789346448,113.4458688990071,259.46666666666664,0.0008858890137208794,0.0,0.9835521578465961,0.12,28456,0.5,0.99,0.049666101875111716,5.189753723144531,0.6261878797140988,0.053804479114372625,8.092565947445957,0.049666101875111716,0.6261878797140988,5.189753723144531,1.0,0.0008858890137208794,0.0008858890137208794,0.0,0.12,0.12,0.0,0.9835521578465961,0.9835521578465961,0.0,0.0,0.0,0.0,0.0,0.5007142857142857,40.63571428571429,57.16428571428572,8134.281,215,Walker2d-v5,5603,Agente_3
381.3646423816681,219,1466264,591.8992761219541,810.1953759970395,180.87845308329963,258.53097345132744,0.0008858890137208794,0.0,0.9835521578465961,0.12,28456,0.5,0.99,0.04384094803678766,5.246312577941201,0.6418688745932145,0.047786201733079826,8.265888395309448,0.04384094803678766,0.6418688745932145,5.246312577941201,1.0,0.0008858890137208794,0.0008858890137208794,0.0,0.12,0.12,0.0,0.9835521578465961,0.9835521578465961,0.0,0.0,0.0,0.0,0.0,0.7859999999999999,40.17999999999999,57.710000000000015,7886.406,216,Walker2d-v5,5603,Agente_3
388.10302901268005,220,1494720,561.2449329849836,908.8800358645357,53.85064039019464,246.65486725663717,0.0008858890137208794,0.0,0.9835521578465961,0.12,28456,0.5,0.99,0.031799038398213186,5.311726330410351,0.6132809830795635,0.035638811212371696,8.18921148560264,0.031799038398213186,0.6132809830795635,5.311726330410351,1.0,0.0008858890137208794,0.0008858890137208794,0.0,0.12,0.12,0.0,0.9835521578465961,0.9835521578465961,0.0,0.0,0.0,0.0,0.0,0.6666666666666665,32.988888888888894,55.36666666666667,7654.198,217,Walker2d-v5,5603,Agente_3
394.2050664424896,221,1523176,589.9218108727865,812.8591447774868,232.42564373565253,264.44954128440367,0.0008858890137208794,0.0,0.9835521578465961,0.12,28456,0.5,0.99,0.02171194353902919,5.736710500717163,0.7192959246852181,0.024370455733415754,8.354925427870317,0.02171194353902919,0.7192959246852181,5.736710500717163,1.0,0.0008858890137208794,0.0008858890137208794,0.0,0.12,0.12,0.0,0.9835521578465961,0.9835521578465961,0.0,0.0,0.0,0.0,0.0,0.6633333333333333,35.77777777777778,50.766666666666666,7393.754,218,Walker2d-v5,5603,Agente_3
401.13827562332153,222,1551632,602.2980436223672,844.410073766541,71.03282784684777,262.63829787234044,0.0008858890137208794,0.0,0.9835521578465961,0.12,28456,0.5,0.99,0.024104047617451878,5.346876202930104,0.6725081008130854,0.02892483477904038,7.912509447444569,0.024104047617451878,0.6725081008130854,5.346876202930104,1.0,0.0008858890137208794,0.0008858890137208794,0.0,0.12,0.12,0.0,0.9835521578465961,0.9835521578465961,0.0,0.0,0.0,0.0,0.0,0.252,26.089999999999996,49.17999999999999,6919.791,219,Walker2d-v5,5603,Agente_3
408.3039162158966,223,1580088,615.917623328366,827.6687022862287,134.43455697211405,262.5047619047619,0.0008858890137208794,0.0,0.9835521578465961,0.12,28456,0.5,0.99,0.02095236678099808,5.000049403364008,0.6780345989357341,0.02752004667777907,7.699296785701405,0.02095236678099808,0.6780345989357341,5.000049403364008,1.0,0.0008858890137208794,0.0008858890137208794,0.0,0.12,0.12,0.0,0.9835521578465961,0.9835521578465961,0.0,0.0,0.0,0.0,0.0,0.296,38.67,52.81,7032.192,220,Walker2d-v5,5603,Agente_3
415.360337972641,224,1608544,586.0518122691607,862.3250683705456,91.17967888771595,257.16326530612247,0.0008858890137208794,0.0,0.9835521578465961,0.12,28456,0.5,0.99,0.020505207502706686,5.4197805430672386,0.6672846798463301,0.028955030268566176,7.601609043641524,0.020505207502706686,0.6672846798463301,5.4197805430672386,1.0,0.0008858890137208794,0.0008858890137208794,0.0,0.12,0.12,0.0,0.9835521578465961,0.9835521578465961,0.0,0.0,0.0,0.0,0.0,0.26799999999999996,35.64,47.43,7044.519,221,Walker2d-v5,5603,Agente_3
422.47842025756836,225,1637000,594.103698503883,780.8282677918498,368.0076517851988,256.3394495412844,0.0008858890137208794,0.0,0.9835521578465961,0.12,28456,0.5,0.99,0.012920701962218657,5.301738491491838,0.6654580030658028,0.020927083052017473,7.793548479947177,0.012920701962218657,0.6654580030658028,5.301738491491838,1.0,0.0008858890137208794,0.0008858890137208794,0.0,0.12,0.12,0.0,0.9835521578465961,0.9835521578465961,0.0,0.0,0.0,0.0,0.0,0.48600000000000004,40.32,51.959999999999994,7074.979,222,Walker2d-v5,5603,Agente_3
428.69994378089905,226,1665456,618.2902183399564,811.8890316955014,447.3185573659053,265.5698924731183,0.0008858890137208794,0.0,0.9835521578465961,0.12,28456,0.5,0.99,0.015386848894202077,5.310971058065241,0.5807302642952312,0.020461750445379453,7.723113846345381,0.015386848894202077,0.5807302642952312,5.310971058065241,1.0,0.0008858890137208794,0.0008858890137208794,0.0,0.12,0.12,0.0,0.9835521578465961,0.9835521578465961,0.0,0.0,0.0,0.0,0.0,0.5211111111111111,29.799999999999997,47.611111111111114,6212.357,223,Walker2d-v5,5603,Agente_3
436.9685938358307,227,1693912,614.5568798159451,865.4272072542433,448.26463773012256,266.3009708737864,0.0008858890137208794,0.0,0.9835521578465961,0.12,28456,0.5,0.99,0.013714940905656054,5.36957634232261,0.6995697633786635,0.020124850799752906,7.513134202090177,0.013714940905656054,0.6995697633786635,5.36957634232261,1.0,0.0008858890137208794,0.0008858890137208794,0.0,0.12,0.12,0.0,0.9835521578465961,0.9835521578465961,0.0,0.0,0.0,0.0,0.0,0.46416666666666667,35.949999999999996,47.791666666666664,7233.343,224,Walker2d-v5,5603,Agente_3
443.73752450942993,228,1722368,608.1822088685087,827.3163851921164,193.82223797694095,263.1630434782609,0.0008858890137208794,0.0,0.9835521578465961,0.12,28456,0.5,0.99,0.012361803341826448,5.421380987167359,0.6967492627013814,0.01674720260907303,7.805944349115545,0.012361803341826448,0.6967492627013814,5.421380987167359,1.0,0.0008858890137208794,0.0008858890137208794,0.0,0.12,0.12,0.0,0.9835521578465961,0.9835521578465961,0.0,0.0,0.0,0.0,0.0,0.55,32.32,47.67,6754.823,225,Walker2d-v5,5603,Agente_3
452.3187987804413,229,1750824,596.2519358747587,781.0256178503209,145.13596326505547,257.31481481481484,0.0008858890137208794,0.0,0.9835521578465961,0.12,28456,0.5,0.99,0.01909975052980573,5.181535230116411,0.6365068599310788,0.024382459164004434,7.922432430440729,0.01909975052980573,0.6365068599310788,5.181535230116411,1.0,0.0008858890137208794,0.0008858890137208794,0.0,0.12,0.12,0.0,0.9835521578465961,0.9835521578465961,0.0,0.0,0.0,0.0,0.0,0.3841666666666667,51.208333333333336,56.86666666666667,7663.412,226,Walker2d-v5,5603,Agente_3
459.3383092880249,230,1779280,592.3101063342211,1274.5920795495351,149.0448178839185,260.4867256637168,0.0008858890137208794,0.0,0.9835521578465961,0.12,28456,0.5,0.99,0.01201601059777948,5.261529258381237,0.733082445751537,0.014713670770553026,7.962170533266934,0.01201601059777948,0.733082445751537,5.261529258381237,1.0,0.0008858890137208794,0.0008858890137208794,0.0,0.12,0.12,0.0,0.9835521578465961,0.9835521578465961,0.0,0.0,0.0,0.0,0.0,0.9233333333333333,32.37777777777777,59.06666666666667,7445.698,227,Walker2d-v5,5603,Agente_3
466.3887367248535,231,1807736,595.9612743117975,1000.9427810405449,59.783692254493346,266.3980582524272,0.0008858890137208794,0.0,0.9835521578465961,0.12,28456,0.5,0.99,0.01821950302163005,5.619071178436279,0.6838613381169059,0.02414813836867159,8.314319490085948,0.01821950302163005,0.6838613381169059,5.619071178436279,1.0,0.0008858890137208794,0.0008858890137208794,0.0,0.12,0.12,0.0,0.9835521578465961,0.9835521578465961,0.0,0.0,0.0,0.0,0.0,0.769,42.25,59.04,7343.274,228,Walker2d-v5,5603,Agente_3
474.5691304206848,232,1836192,578.0694878529566,913.1800492620863,76.1154554787628,254.11206896551724,0.0008858890137208794,0.0,0.9835521578465961,0.12,28456,0.5,0.99,0.010560167651701704,5.509332349083641,0.7582447217811238,0.01502885904501785,8.005645254308527,0.010560167651701704,0.7582447217811238,5.509332349083641,1.0,0.0008858890137208794,0.0008858890137208794,0.0,0.12,0.12,0.0,0.9835521578465961,0.9835521578465961,0.0,0.0,0.0,0.0,0.0,0.5700000000000001,32.36666666666667,59.39166666666667,7508.717,229,Walker2d-v5,5603,Agente_3
481.266224861145,233,1864648,575.6643509769074,968.1071837123242,203.59327768013114,252.88288288288288,0.0008858890137208794,0.0,0.9835521578465961,0.12,28456,0.5,0.99,0.012456269374710206,5.744606596339833,0.7051790745691819,0.015901679584587162,8.021364346417514,0.012456269374710206,0.7051790745691819,5.744606596339833,1.0,0.0008858890137208794,0.0008858890137208794,0.0,0.12,0.12,0.0,0.9835521578465961,0.9835521578465961,0.0,0.0,0.0,0.0,0.0,0.5288888888888889,44.544444444444444,59.544444444444444,7371.379,230,Walker2d-v5,5603,Agente_3
489.23913407325745,234,1893104,555.4411202522017,771.445298830193,50.193934046132945,245.83620689655172,0.0008858890137208794,0.0,0.9835521578465961,0.12,28456,0.5,0.99,0.011866945677691313,5.9531826790896325,0.7194733275066723,0.015090389143336902,7.867820633107965,0.011866945677691313,0.7194733275066723,5.9531826790896325,1.0,0.0008858890137208794,0.0008858890137208794,0.0,0.12,0.12,0.0,0.9835521578465961,0.9835521578465961,0.0,0.0,0.0,0.0,0.0,0.52,37.445454545454545,59.85454545454545,7455.894,231,Walker2d-v5,5603,Agente_3
495.9901304244995,235,1921560,569.5740053098884,970.1642781653255,202.73451925744195,256.95575221238937,0.0008858890137208794,0.0,0.9835521578465961,0.12,28456,0.5,0.99,0.009607120334509792,6.04172306580977,0.7396968805789947,0.01057652859525247,8.182902885783802,0.009607120334509792,0.7396968805789947,6.04172306580977,1.0,0.0008858890137208794,0.0008858890137208794,0.0,0.12,0.12,0.0,0.9835521578465961,0.9835521578465961,0.0,0.0,0.0,0.0,0.0,0.89,35.61000000000001,59.85999999999999,7365.904,232,Walker2d-v5,5603,Agente_3
506.0008499622345,236,1950016,572.4726161652625,841.968937620989,326.6623427000037,257.44642857142856,0.0008858890137208794,0.0,0.9835521578465961,0.12,28456,0.5,0.99,0.011339768671602583,5.992665244015781,0.7701893948424946,0.015162641873413867,7.799042058424516,0.011339768671602583,0.7701893948424946,5.992665244015781,1.0,0.0008858890137208794,0.0008858890137208794,0.0,0.12,0.12,0.0,0.9835521578465961,0.9835521578465961,0.0,0.0,0.0,0.0,0.0,0.4985714285714286,42.300000000000004,60.05714285714284,7658.344,233,Walker2d-v5,5603,Agente_3
512.7336630821228,237,1978472,553.6363046623567,720.43596511247,125.09271235052823,252.0,0.0008858890137208794,0.0,0.9835521578465961,0.12,28456,0.5,0.99,0.01144439628598775,6.178001800016923,0.7693300339308652,0.01571851491250775,7.994573252417824,0.01144439628598775,0.7693300339308652,6.178001800016923,1.0,0.0008858890137208794,0.0008858890137208794,0.0,0.12,0.12,0.0,0.9835521578465961,0.9835521578465961,0.0,0.0,0.0,0.0,0.0,0.84,37.08888888888889,60.14444444444445,7564.182,234,Walker2d-v5,5603,Agente_3
520.317521572113,238,2006928,546.720880944965,757.6107612063772,133.93739342150053,246.61946902654867,0.0008858890137208794,0.0,0.9835521578465961,0.12,28456,0.5,0.99,0.010841095065605424,6.43365854696794,0.7706108234145425,0.013175044836984439,7.975456972122192,0.010841095065605424,0.7706108234145425,6.43365854696794,1.0,0.0008858890137208794,0.0008858890137208794,0.0,0.12,0.12,0.0,0.9835521578465961,0.9835521578465961,0.0,0.0,0.0,0.0,0.0,0.44272727272727264,43.96363636363636,60.218181818181826,7646.008,235,Walker2d-v5,5603,Agente_3
1.798614501953125,1,4888,-0.7149566534409045,18.72678695516036,-12.716264996961922,18.10843373493976,8.837634829493354e-05,0.0,0.9552120336632726,0.2846935857224232,4888,0.5,0.99,0.018845046538626776,8.508683268229166,0.07087406648529901,-0.03724029825793372,4.996838985549079,0.018845046538626776,0.07087406648529901,8.508683268229166,1.0,8.837634829493354e-05,8.837634829493354e-05,0.0,0.2846935857224232,0.2846935857224232,0.0,0.9552120336632726,0.9552120336632726,0.0,0.0,0.0,0.0,0.0,0.19333333333333333,36.300000000000004,53.9,1783.242,0,Walker2d-v5,5603,Agente_4
3.2279865741729736,2,9776,1.5464794578035954,44.98735184193526,-12.422908763217839,21.008695652173913,8.837634829493354e-05,0.0,0.9552120336632726,0.2846935857224232,4888,0.5,0.99,0.0233634211292762,8.449690924750435,0.2589314957459768,-0.0587880236407121,4.776040930218167,0.0233634211292762,0.2589314957459768,8.449690924750435,1.0,8.837634829493354e-05,8.837634829493354e-05,0.0,0.2846935857224232,0.2846935857224232,0.0,0.9552120336632726,0.9552120336632726,0.0,0.0,0.0,0.0,0.0,0.11,52.349999999999994,55.55,1600.275,1,Walker2d-v5,5603,Agente_4
4.777812957763672,3,14664,5.267690392893967,51.33014464933807,-12.169425964637924,26.792349726775956,8.837634829493354e-05,0.0,0.9552120336632726,0.2846935857224232,4888,0.5,0.99,0.022033078417169033,8.371330261230469,0.300952195458942,-0.0487109231038226,5.2448125309414335,0.022033078417169033,0.300952195458942,8.371330261230469,1.0,8.837634829493354e-05,8.837634829493354e-05,0.0,0.2846935857224232,0.2846935857224232,0.0,0.9552120336632726,0.9552120336632726,0.0,0.0,0.0,0.0,0.0,0.555,42.55,56.25,1580.141,2,Walker2d-v5,5603,Agente_4
6.265172004699707,4,19552,12.993429265260025,63.0193522394394,-7.620410433145718,38.79816513761468,8.837634829493354e-05,0.0,0.9552120336632726,0.2846935857224232,4888,0.5,0.99,0.01905418422312424,8.256582578023275,0.2798263556427426,-0.059278260668118796,6.582298464245266,0.01905418422312424,0.2798263556427426,8.256582578023275,1.0,8.837634829493354e-05,8.837634829493354e-05,0.0,0.2846935857224232,0.2846935857224232,0.0,0.9552120336632726,0.9552120336632726,0.0,0.0,0.0,0.0,0.0,0.64,47.63333333333333,56.46666666666667,1554.305,3,Walker2d-v5,5603,Agente_4
7.499016523361206,5,24440,26.77373805856449,188.8067476194615,-6.621330224052633,57.51,8.837634829493354e-05,0.0,0.9552120336632726,0.2846935857224232,4888,0.5,0.99,0.014554983596058769,8.125662883122763,0.29072233438491824,-0.02373719128469626,7.725646124945746,0.014554983596058769,0.29072233438491824,8.125662883122763,1.0,8.837634829493354e-05,8.837634829493354e-05,0.0,0.2846935857224232,0.2846935857224232,0.0,0.9552120336632726,0.9552120336632726,0.0,0.0,0.0,0.0,0.0,0.22,43.5,56.8,1487.448,4,Walker2d-v5,5603,Agente_4
8.707941055297852,6,29328,34.83752278341551,339.7883103994498,-8.083704646144648,68.79,8.837634829493354e-05,0.0,0.9552120336632726,0.2846935857224232,4888,0.5,0.99,0.014606578305473603,8.173027902179294,0.3198826511700948,-0.03694855094783836,7.778351248635186,0.014606578305473603,0.3198826511700948,8.173027902179294,1.0,8.837634829493354e-05,8.837634829493354e-05,0.0,0.2846935857224232,0.2846935857224232,0.0,0.9552120336632726,0.9552120336632726,0.0,0.0,0.0,0.0,0.0,0.76,30.15,57.6,1439.551,5,Walker2d-v5,5603,Agente_4
9.830860137939453,7,34216,49.926058764542205,339.7883103994498,-8.083704646144648,87.18,8.837634829493354e-05,0.0,0.9552120336632726,0.2846935857224232,4888,0.5,0.99,0.012971532692932265,7.9708366870880125,0.3301278319623735,-0.06397554274234507,8.35934681362576,0.012971532692932265,0.3301278319623735,7.9708366870880125,1.0,8.837634829493354e-05,8.837634829493354e-05,0.0,0.2846935857224232,0.2846935857224232,0.0,0.9552120336632726,0.9552120336632726,0.0,0.0,0.0,0.0,0.0,0.985,30.75,57.7,1393.014,6,Walker2d-v5,5603,Agente_4
10.95295524597168,8,39104,68.33906475138129,414.3018779078315,-8.083704646144648,102.78,8.837634829493354e-05,0.0,0.9552120336632726,0.2846935857224232,4888,0.5,0.99,0.013289068260928617,7.738203695085313,0.32260207070244684,-0.031649509030911654,8.910006830427381,0.013289068260928617,0.32260207070244684,7.738203695085313,1.0,8.837634829493354e-05,8.837634829493354e-05,0.0,0.2846935857224232,0.2846935857224232,0.0,0.9552120336632726,0.9552120336632726,0.0,0.0,0.0,0.0,0.0,0.98,35.7,58.0,1357.439,7,Walker2d-v5,5603,Agente_4
12.200952291488647,9,43992,100.42075555469047,414.3018779078315,-3.4500885118856917,121.09,8.837634829493354e-05,0.0,0.9552120336632726,0.2846935857224232,4888,0.5,0.99,0.014305240903195227,7.649778281317817,0.33067617813746136,-0.05125291372338931,9.092990848753187,0.014305240903195227,0.33067617813746136,7.649778281317817,1.0,8.837634829493354e-05,8.837634829493354e-05,0.0,0.2846935857224232,0.2846935857224232,0.0,0.9552120336632726,0.9552120336632726,0.0,0.0,0.0,0.0,0.0,0.495,41.95,58.0,1343.856,8,Walker2d-v5,5603,Agente_4
13.286466121673584,10,48880,135.14473666965776,431.0458682884373,-3.4500885118856917,145.37,8.837634829493354e-05,0.0,0.9552120336632726,0.2846935857224232,4888,0.5,0.99,0.01425403670121644,7.668761989805433,0.28911093407207067,-0.03261456675827503,9.314220099978977,0.01425403670121644,0.28911093407207067,7.668761989805433,1.0,8.837634829493354e-05,8.837634829493354e-05,0.0,0.2846935857224232,0.2846935857224232,0.0,0.9552120336632726,0.9552120336632726,0.0,0.0,0.0,0.0,0.0,0.99,28.200000000000003,58.0,1317.094,9,Walker2d-v5,5603,Agente_4
14.437875509262085,11,53768,184.38090124041358,472.88412672848483,-3.4500885118856917,176.45,8.837634829493354e-05,0.0,0.9552120336632726,0.2846935857224232,4888,0.5,0.99,0.012799767168487759,7.676561567518446,0.31141913268301225,-0.05437937370604939,9.164923424190945,0.012799767168487759,0.31141913268301225,7.676561567518446,1.0,8.837634829493354e-05,8.837634829493354e-05,0.0,0.2846935857224232,0.2846935857224232,0.0,0.9552120336632726,0.9552120336632726,0.0,0.0,0.0,0.0,0.0,0.96,29.95,57.8,1252.542,10,Walker2d-v5,5603,Agente_4
15.91273832321167,12,58656,217.8992974049889,490.7121942550384,4.248953815475474,195.49,8.837634829493354e-05,0.0,0.9552120336632726,0.2846935857224232,4888,0.5,0.99,0.012062688795655656,7.3051937898000086,0.33550970686806575,-0.04633789766165945,9.491256014506023,0.012062688795655656,0.33550970686806575,7.3051937898000086,1.0,8.837634829493354e-05,8.837634829493354e-05,0.0,0.2846935857224232,0.2846935857224232,0.0,0.9552120336632726,0.9552120336632726,0.0,0.0,0.0,0.0,0.0,0.61,41.9,54.650000000000006,1257.278,11,Walker2d-v5,5603,Agente_4
17.17283058166504,13,63544,251.32728671843483,490.7121942550384,4.248953815475474,211.5,8.837634829493354e-05,0.0,0.9552120336632726,0.2846935857224232,4888,0.5,0.99,0.012863166259194259,6.997006511688232,0.225077928437127,-0.06672083164254825,9.728540579477945,0.012863166259194259,0.225077928437127,6.997006511688232,1.0,8.837634829493354e-05,8.837634829493354e-05,0.0,0.2846935857224232,0.2846935857224232,0.0,0.9552120336632726,0.9552120336632726,0.0,0.0,0.0,0.0,0.0,0.865,32.55,50.150000000000006,1228.128,12,Walker2d-v5,5603,Agente_4
18.449007034301758,14,68432,266.4844840335906,490.7121942550384,8.40572507774582,206.9,8.837634829493354e-05,0.0,0.9552120336632726,0.2846935857224232,4888,0.5,0.99,0.01347632654493888,7.188426934348213,0.20156027873357138,-0.00486401046315829,9.684604740142822,0.01347632654493888,0.20156027873357138,7.188426934348213,1.0,8.837634829493354e-05,8.837634829493354e-05,0.0,0.2846935857224232,0.2846935857224232,0.0,0.9552120336632726,0.9552120336632726,0.0,0.0,0.0,0.0,0.0,0.735,35.0,49.099999999999994,1206.86,13,Walker2d-v5,5603,Agente_4
20.09027862548828,15,73320,284.54470432462637,490.7121942550384,4.393517543450043,200.07,8.837634829493354e-05,0.0,0.9552120336632726,0.2846935857224232,4888,0.5,0.99,0.011884659471494767,7.227817561891344,0.22419023977385627,-0.01338034537103441,9.554142930772569,0.011884659471494767,0.22419023977385627,7.227817561891344,1.0,8.837634829493354e-05,8.837634829493354e-05,0.0,0.2846935857224232,0.2846935857224232,0.0,0.9552120336632726,0.9552120336632726,0.0,0.0,0.0,0.0,0.0,0.19,50.65,51.8,1247.641,14,Walker2d-v5,5603,Agente_4
21.18679404258728,16,78208,301.2948970307236,486.98652525853566,4.393517543450043,193.21,8.837634829493354e-05,0.0,0.9552120336632726,0.2846935857224232,4888,0.5,0.99,0.013476268242488407,7.4104769388834635,0.28721078634262087,-0.04183282814919949,9.52202214135064,0.013476268242488407,0.28721078634262087,7.4104769388834635,1.0,8.837634829493354e-05,8.837634829493354e-05,0.0,0.2846935857224232,0.2846935857224232,0.0,0.9552120336632726,0.9552120336632726,0.0,0.0,0.0,0.0,0.0,0.225,37.2,53.95,1236.405,15,Walker2d-v5,5603,Agente_4
22.442729234695435,17,83096,305.79093772685565,486.98652525853566,4.393517543450043,187.43,8.837634829493354e-05,0.0,0.9552120336632726,0.2846935857224232,4888,0.5,0.99,0.012207980527051,7.278331920835707,0.2562554935614268,-0.04053219275342094,9.54715494579739,0.012207980527051,0.2562554935614268,7.278331920835707,1.0,8.837634829493354e-05,8.837634829493354e-05,0.0,0.2846935857224232,0.2846935857224232,0.0,0.9552120336632726,0.9552120336632726,0.0,0.0,0.0,0.0,0.0,0.33,39.1,54.7,1249.793,16,Walker2d-v5,5603,Agente_4
23.89696192741394,18,87984,316.2642486515097,486.98652525853566,4.393517543450043,196.88,8.837634829493354e-05,0.0,0.9552120336632726,0.2846935857224232,4888,0.5,0.99,0.010793191770547612,7.381375281016032,0.2780447118812137,-0.027132836232582728,9.595874818166097,0.010793191770547612,0.2780447118812137,7.381375281016032,1.0,8.837634829493354e-05,8.837634829493354e-05,0.0,0.2846935857224232,0.2846935857224232,0.0,0.9552120336632726,0.9552120336632726,0.0,0.0,0.0,0.0,0.0,0.63,33.1,55.8,1283.363,17,Walker2d-v5,5603,Agente_4
25.34900403022766,19,92872,325.05373470854914,845.4573919706102,20.768363104092906,198.49,8.837634829493354e-05,0.0,0.9552120336632726,0.2846935857224232,4888,0.5,0.99,0.010777403097987796,7.248133993148803,0.248816669649548,-0.02382224342889256,9.56806075837877,0.010777403097987796,0.248816669649548,7.248133993148803,1.0,8.837634829493354e-05,8.837634829493354e-05,0.0,0.2846935857224232,0.2846935857224232,0.0,0.9552120336632726,0.9552120336632726,0.0,0.0,0.0,0.0,0.0,0.23,41.0,56.96666666666666,1304.02,18,Walker2d-v5,5603,Agente_4
26.569272994995117,20,97760,335.943286939309,845.4573919706102,88.96195666761596,202.2,8.837634829493354e-05,0.0,0.9552120336632726,0.2846935857224232,4888,0.5,0.99,0.011838626828426237,7.252615186903212,0.22689042621188693,-0.05294872108432982,9.607315328386095,0.011838626828426237,0.22689042621188693,7.252615186903212,1.0,8.837634829493354e-05,8.837634829493354e-05,0.0,0.2846935857224232,0.2846935857224232,0.0,0.9552120336632726,0.9552120336632726,0.0,0.0,0.0,0.0,0.0,0.84,33.4,57.2,1317.024,19,Walker2d-v5,5603,Agente_4
27.828575372695923,21,102648,343.08357262700184,845.4573919706102,114.49204143991801,201.56,8.837634829493354e-05,0.0,0.9552120336632726,0.2846935857224232,4888,0.5,0.99,0.010049710290978611,7.525411462783813,0.17797921962208219,-0.023339464349879158,9.588936307695176,0.010049710290978611,0.17797921962208219,7.525411462783813,1.0,8.837634829493354e-05,8.837634829493354e-05,0.0,0.2846935857224232,0.2846935857224232,0.0,0.9552120336632726,0.9552120336632726,0.0,0.0,0.0,0.0,0.0,0.87,33.0,57.1,1327.743,20,Walker2d-v5,5603,Agente_4
29.71409559249878,22,107536,349.21650529660604,845.4573919706102,188.89972299645552,204.5,8.837634829493354e-05,0.0,0.9552120336632726,0.2846935857224232,4888,0.5,0.99,0.01277090140712163,7.396152522828844,0.24546889000468783,-0.033351714660724,9.498854562971328,0.01277090140712163,0.24546889000468783,7.396152522828844,1.0,8.837634829493354e-05,8.837634829493354e-05,0.0,0.2846935857224232,0.2846935857224232,0.0,0.9552120336632726,0.9552120336632726,0.0,0.0,0.0,0.0,0.0,0.6866666666666666,46.26666666666667,57.166666666666664,1368.858,21,Walker2d-v5,5603,Agente_4
31.044829845428467,23,112424,345.74091213440346,807.7417818770238,188.89972299645552,199.72,8.837634829493354e-05,0.0,0.9552120336632726,0.2846935857224232,4888,0.5,0.99,0.01043232546823371,7.214017279942831,0.3252133270104726,-0.02579025129477183,9.62756240632799,0.01043232546823371,0.3252133270104726,7.214017279942831,1.0,8.837634829493354e-05,8.837634829493354e-05,0.0,0.2846935857224232,0.2846935857224232,0.0,0.9552120336632726,0.9552120336632726,0.0,0.0,0.0,0.0,0.0,0.585,33.55,57.1,1376.25,22,Walker2d-v5,5603,Agente_4
32.28183031082153,24,117312,341.43208500335925,807.7417818770238,149.25459947083962,199.18,8.837634829493354e-05,0.0,0.9552120336632726,0.2846935857224232,4888,0.5,0.99,0.010722446895346769,7.466531610488891,0.24892656471994187,-0.019331000186502932,9.514179960886638,0.010722446895346769,0.24892656471994187,7.466531610488891,1.0,8.837634829493354e-05,8.837634829493354e-05,0.0,0.2846935857224232,0.2846935857224232,0.0,0.9552120336632726,0.9552120336632726,0.0,0.0,0.0,0.0,0.0,0.57,36.4,57.1,1372.253,23,Walker2d-v5,5603,Agente_4
33.59336709976196,25,122200,343.22085435947304,807.7417818770238,149.25459947083962,198.74,8.837634829493354e-05,0.0,0.9552120336632726,0.2846935857224232,4888,0.5,0.99,0.010334530066271934,7.437370242012872,0.21892979476186963,-0.007576731406152249,9.46096305847168,0.010334530066271934,0.21892979476186963,7.437370242012872,1.0,8.837634829493354e-05,8.837634829493354e-05,0.0,0.2846935857224232,0.2846935857224232,0.0,0.9552120336632726,0.9552120336632726,0.0,0.0,0.0,0.0,0.0,0.515,41.05,57.1,1339.312,24,Walker2d-v5,5603,Agente_4
34.933613777160645,26,127088,344.2309989329533,487.09566701393663,149.25459947083962,192.48,8.837634829493354e-05,0.0,0.9552120336632726,0.2846935857224232,4888,0.5,0.99,0.010816842510959962,7.273109483718872,0.33825040062268574,-0.048384052059716645,9.431187036302354,0.010816842510959962,0.33825040062268574,7.273109483718872,1.0,8.837634829493354e-05,8.837634829493354e-05,0.0,0.2846935857224232,0.2846935857224232,0.0,0.9552120336632726,0.9552120336632726,0.0,0.0,0.0,0.0,0.0,0.8,32.7,56.95,1363.671,25,Walker2d-v5,5603,Agente_4
36.00006556510925,27,131976,345.94167897860285,487.09566701393663,149.25459947083962,192.96,8.837634829493354e-05,0.0,0.9552120336632726,0.2846935857224232,4888,0.5,0.99,0.010270320574959947,7.687700997458564,0.16532434225082399,-0.010171079842580689,9.031193245781793,0.010270320574959947,0.16532434225082399,7.687700997458564,1.0,8.837634829493354e-05,8.837634829493354e-05,0.0,0.2846935857224232,0.2846935857224232,0.0,0.9552120336632726,0.9552120336632726,0.0,0.0,0.0,0.0,0.0,0.99,40.7,56.8,1344.505,26,Walker2d-v5,5603,Agente_4
37.42419791221619,28,136864,349.43162193248804,471.62008025062073,134.12653050734605,199.16,8.837634829493354e-05,0.0,0.9552120336632726,0.2846935857224232,4888,0.5,0.99,0.010921945514160649,7.764907450146145,0.19502768251630995,-0.015985239379935793,9.31393576727973,0.010921945514160649,0.19502768251630995,7.764907450146145,1.0,8.837634829493354e-05,8.837634829493354e-05,0.0,0.2846935857224232,0.2846935857224232,0.0,0.9552120336632726,0.9552120336632726,0.0,0.0,0.0,0.0,0.0,0.21,42.400000000000006,56.8,1341.542,27,Walker2d-v5,5603,Agente_4
38.70111560821533,29,141752,354.90233766799423,608.2297591768601,129.27369478751768,205.28,8.837634829493354e-05,0.0,0.9552120336632726,0.2846935857224232,4888,0.5,0.99,0.010279354431824888,7.536372274822659,0.3644800013966031,-0.019322889318896665,9.133113204108344,0.010279354431824888,0.3644800013966031,7.536372274822659,1.0,8.837634829493354e-05,8.837634829493354e-05,0.0,0.2846935857224232,0.2846935857224232,0.0,0.9552120336632726,0.9552120336632726,0.0,0.0,0.0,0.0,0.0,0.495,40.7,56.6,1324.126,28,Walker2d-v5,5603,Agente_4
39.99057650566101,30,146640,351.21876284021397,608.2297591768601,129.27369478751768,203.0,8.837634829493354e-05,0.0,0.9552120336632726,0.2846935857224232,4888,0.5,0.99,0.009636413309878359,7.564611286587185,0.3033061497741275,-0.016789193078875542,9.043841049406264,0.009636413309878359,0.3033061497741275,7.564611286587185,1.0,8.837634829493354e-05,8.837634829493354e-05,0.0,0.2846935857224232,0.2846935857224232,0.0,0.9552120336632726,0.9552120336632726,0.0,0.0,0.0,0.0,0.0,0.99,34.1,56.6,1330.704,29,Walker2d-v5,5603,Agente_4
41.0225715637207,31,151528,353.2623599696692,608.2297591768601,129.27369478751768,207.5,8.837634829493354e-05,0.0,0.9552120336632726,0.2846935857224232,4888,0.5,0.99,0.009911008378791546,7.495742495854696,0.3750208119551341,-0.03410842588378323,9.026525767644246,0.009911008378791546,0.3750208119551341,7.495742495854696,1.0,8.837634829493354e-05,8.837634829493354e-05,0.0,0.2846935857224232,0.2846935857224232,0.0,0.9552120336632726,0.9552120336632726,0.0,0.0,0.0,0.0,0.0,0.87,34.9,56.3,1308.355,30,Walker2d-v5,5603,Agente_4
42.430508613586426,32,156416,348.7111012022347,608.2297591768601,112.00312488211591,199.5,8.837634829493354e-05,0.0,0.9552120336632726,0.2846935857224232,4888,0.5,0.99,0.010288558399447032,7.686177555720011,0.1868741942776574,-0.023096789709395833,8.661801205741035,0.010288558399447032,0.1868741942776574,7.686177555720011,1.0,8.837634829493354e-05,8.837634829493354e-05,0.0,0.2846935857224232,0.2846935857224232,0.0,0.9552120336632726,0.9552120336632726,0.0,0.0,0.0,0.0,0.0,0.15333333333333335,32.63333333333333,49.166666666666664,1260.563,31,Walker2d-v5,5603,Agente_4
43.86664056777954,33,161304,347.8735386217185,484.1423433530524,112.00312488211591,196.78,8.837634829493354e-05,0.0,0.9552120336632726,0.2846935857224232,4888,0.5,0.99,0.009994071741514038,7.303334193759494,0.4089251657327016,-0.03023726393779119,8.666308816274007,0.009994071741514038,0.4089251657327016,7.303334193759494,1.0,8.837634829493354e-05,8.837634829493354e-05,0.0,0.2846935857224232,0.2846935857224232,0.0,0.9552120336632726,0.9552120336632726,0.0,0.0,0.0,0.0,0.0,0.405,38.099999999999994,43.099999999999994,1271.023,32,Walker2d-v5,5603,Agente_4
45.37444710731506,34,166192,259.1278023375964,280.96933943102675,237.28626524416606,129.5,8.837634829493354e-05,0.0,0.9552120336632726,0.2846935857224232,4888,0.5,0.99,0.008040721709646391,7.72125883102417,-0.7866538710064358,-0.029654536147912344,8.291592778099908,0.008040721709646391,-0.7866538710064358,7.72125883102417,1.0,8.837634829493354e-05,8.837634829493354e-05,0.0,0.2846935857224232,0.2846935857224232,0.0,0.9552120336632726,0.9552120336632726,0.0,0.0,0.0,0.0,0.0,0.11666666666666665,26.433333333333334,42.76666666666667,1495.043,33,Walker2d-v5,5603,Agente_4
46.455461502075195,35,171080,359.66337102594105,470.06724783720654,118.2263375570004,204.16129032258064,8.837634829493354e-05,0.0,0.9552120336632726,0.2846935857224232,4888,0.5,0.99,0.0113462739383168,8.05020473798116,0.34230019715097215,-0.022356868162751196,7.409124671088325,0.0113462739383168,0.34230019715097215,8.05020473798116,1.0,8.837634829493354e-05,8.837634829493354e-05,0.0,0.2846935857224232,0.2846935857224232,0.0,0.9552120336632726,0.9552120336632726,0.0,0.0,0.0,0.0,0.0,0.16,36.5,45.3,1283.863,34,Walker2d-v5,5603,Agente_4
47.41349649429321,36,175968,351.06936381381115,652.3111572229437,99.78126983938719,206.05263157894737,8.837634829493354e-05,0.0,0.9552120336632726,0.2846935857224232,4888,0.5,0.99,0.009939963901221443,7.6780431270599365,0.543959340122011,-0.022784145093626446,8.066526714960734,0.009939963901221443,0.543959340122011,7.6780431270599365,1.0,8.837634829493354e-05,8.837634829493354e-05,0.0,0.2846935857224232,0.2846935857224232,0.0,0.9552120336632726,0.9552120336632726,0.0,0.0,0.0,0.0,0.0,0.1,26.0,46.2,1171.672,35,Walker2d-v5,5603,Agente_4
48.57646107673645,37,180856,360.1916998865027,652.3111572229437,99.78126983938719,210.44736842105263,8.837634829493354e-05,0.0,0.9552120336632726,0.2846935857224232,4888,0.5,0.99,0.010135826598141447,7.427447435590956,0.536924237675137,-0.021534192603495386,8.39616518550449,0.010135826598141447,0.536924237675137,7.427447435590956,1.0,8.837634829493354e-05,8.837634829493354e-05,0.0,0.2846935857224232,0.2846935857224232,0.0,0.9552120336632726,0.9552120336632726,0.0,0.0,0.0,0.0,0.0,0.21,35.0,48.0,1166.116,36,Walker2d-v5,5603,Agente_4
49.85667395591736,38,185744,364.929406794576,652.3111572229437,89.73882197492328,211.48453608247422,8.837634829493354e-05,0.0,0.9552120336632726,0.2846935857224232,4888,0.5,0.99,0.00901379714883256,7.602391333050198,0.3671407375070784,-0.026499527340961827,7.980709838867187,0.00901379714883256,0.3671407375070784,7.602391333050198,1.0,8.837634829493354e-05,8.837634829493354e-05,0.0,0.2846935857224232,0.2846935857224232,0.0,0.9552120336632726,0.9552120336632726,0.0,0.0,0.0,0.0,0.0,0.29,35.05,48.599999999999994,1186.449,37,Walker2d-v5,5603,Agente_4
51.251739263534546,39,190632,367.6660358868874,652.3111572229437,89.73882197492328,212.49,8.837634829493354e-05,0.0,0.9552120336632726,0.2846935857224232,4888,0.5,0.99,0.009060700044533911,7.9053731335533985,0.43193394210603503,-0.015419738325807784,6.3118024349212645,0.009060700044533911,0.43193394210603503,7.9053731335533985,1.0,8.837634829493354e-05,8.837634829493354e-05,0.0,0.2846935857224232,0.2846935857224232,0.0,0.9552120336632726,0.9552120336632726,0.0,0.0,0.0,0.0,0.0,0.445,47.7,51.650000000000006,1219.56,38,Walker2d-v5,5603,Agente_4
52.68391418457031,40,195520,371.92079405012635,556.0243819001993,89.73882197492328,211.82,8.837634829493354e-05,0.0,0.9552120336632726,0.2846935857224232,4888,0.5,0.99,0.010104088156569761,7.151432773802015,0.5321573913097382,-0.035451951892011696,8.305807601081,0.010104088156569761,0.5321573913097382,7.151432773802015,1.0,8.837634829493354e-05,8.837634829493354e-05,0.0,0.2846935857224232,0.2846935857224232,0.0,0.9552120336632726,0.9552120336632726,0.0,0.0,0.0,0.0,0.0,0.86,39.75,51.65,1248.501,39,Walker2d-v5,5603,Agente_4
54.05440425872803,41,200408,380.835356227572,615.2111226282283,89.73882197492328,217.08,8.837634829493354e-05,0.0,0.9552120336632726,0.2846935857224232,4888,0.5,0.99,0.008928347267889573,7.595905245674981,0.5120772553814782,-0.018886018461651274,7.619095272488064,0.008928347267889573,0.5120772553814782,7.595905245674981,1.0,8.837634829493354e-05,8.837634829493354e-05,0.0,0.2846935857224232,0.2846935857224232,0.0,0.9552120336632726,0.9552120336632726,0.0,0.0,0.0,0.0,0.0,0.655,30.85,48.099999999999994,1262.408,40,Walker2d-v5,5603,Agente_4
55.22357416152954,42,205296,381.7611422759635,615.2111226282283,89.73882197492328,216.8,8.837634829493354e-05,0.0,0.9552120336632726,0.2846935857224232,4888,0.5,0.99,0.00912952226022349,7.633615562650893,0.4799806462393867,-0.025537774070269532,7.025066656536526,0.00912952226022349,0.4799806462393867,7.633615562650893,1.0,8.837634829493354e-05,8.837634829493354e-05,0.0,0.2846935857224232,0.2846935857224232,0.0,0.9552120336632726,0.9552120336632726,0.0,0.0,0.0,0.0,0.0,0.19,41.55,50.0,1250.818,41,Walker2d-v5,5603,Agente_4
56.714274883270264,43,210184,386.2183681114485,634.2754133427793,123.97523795695643,221.95,8.837634829493354e-05,0.0,0.9552120336632726,0.2846935857224232,4888,0.5,0.99,0.01120567010123826,7.50902222527398,0.5392393986384074,-0.02719412508110205,7.55723557472229,0.01120567010123826,0.5392393986384074,7.50902222527398,1.0,8.837634829493354e-05,8.837634829493354e-05,0.0,0.2846935857224232,0.2846935857224232,0.0,0.9552120336632726,0.9552120336632726,0.0,0.0,0.0,0.0,0.0,0.7350000000000001,43.05,52.95,1273.736,42,Walker2d-v5,5603,Agente_4
58.07982277870178,44,215072,390.76466849505545,634.2754133427793,123.97523795695643,223.24,8.837634829493354e-05,0.0,0.9552120336632726,0.2846935857224232,4888,0.5,0.99,0.009084721354399031,7.223749038908217,0.6125900407632192,-0.04792325297991435,8.168815745247734,0.009084721354399031,0.6125900407632192,7.223749038908217,1.0,8.837634829493354e-05,8.837634829493354e-05,0.0,0.2846935857224232,0.2846935857224232,0.0,0.9552120336632726,0.9552120336632726,0.0,0.0,0.0,0.0,0.0,0.375,36.9,54.3,1259.536,43,Walker2d-v5,5603,Agente_4
59.72062301635742,45,219960,,,,,8.837634829493354e-05,0.0,0.9552120336632726,0.2846935857224232,4888,0.5,0.99,0.0070670940512279545,7.604393312666152,-0.8389255947536892,-0.014964903187420633,6.782281499438816,0.0070670940512279545,-0.8389255947536892,7.604393312666152,1.0,8.837634829493354e-05,8.837634829493354e-05,0.0,0.2846935857224232,0.2846935857224232,0.0,0.9552120336632726,0.9552120336632726,0.0,0.0,0.0,0.0,0.0,0.5666666666666667,21.3,53.866666666666674,1627.765,44,Walker2d-v5,5603,Agente_4
61.2236053943634,46,224848,381.80382335569175,488.57682289807195,162.90691423784818,216.25,8.837634829493354e-05,0.0,0.9552120336632726,0.2846935857224232,4888,0.5,0.99,0.009185685930100993,7.8648454613155785,0.5981681618425582,-0.027380602724022336,6.501091692182753,0.009185685930100993,0.5981681618425582,7.8648454613155785,1.0,8.837634829493354e-05,8.837634829493354e-05,0.0,0.2846935857224232,0.2846935857224232,0.0,0.9552120336632726,0.9552120336632726,0.0,0.0,0.0,0.0,0.0,0.615,40.45,55.85,1560.309,45,Walker2d-v5,5603,Agente_4
62.44339871406555,47,229736,374.5583846234313,488.57682289807195,113.07409226292694,209.14545454545456,8.837634829493354e-05,0.0,0.9552120336632726,0.2846935857224232,4888,0.5,0.99,0.009785253470706974,7.144036997689141,0.6757821122805278,-0.022387549074159727,7.577150964736939,0.009785253470706974,0.6757821122805278,7.144036997689141,1.0,8.837634829493354e-05,8.837634829493354e-05,0.0,0.2846935857224232,0.2846935857224232,0.0,0.9552120336632726,0.9552120336632726,0.0,0.0,0.0,0.0,0.0,0.84,39.05,56.650000000000006,1443.681,46,Walker2d-v5,5603,Agente_4
63.896167516708374,48,234624,381.7247024353265,492.6840565990545,71.44736690016498,215.09859154929578,8.837634829493354e-05,0.0,0.9552120336632726,0.2846935857224232,4888,0.5,0.99,0.008838270378732381,7.460087792078654,0.6556648790836335,-0.024488674600919087,7.381606467564901,0.008838270378732381,0.6556648790836335,7.460087792078654,1.0,8.837634829493354e-05,8.837634829493354e-05,0.0,0.2846935857224232,0.2846935857224232,0.0,0.9552120336632726,0.9552120336632726,0.0,0.0,0.0,0.0,0.0,0.915,38.45,56.7,1442.69,47,Walker2d-v5,5603,Agente_4
65.07912945747375,49,239512,391.6978942357887,508.3317683133978,71.44736690016498,220.10416666666666,8.837634829493354e-05,0.0,0.9552120336632726,0.2846935857224232,4888,0.5,0.99,0.010064600432007057,7.404635206858317,0.7231204562717014,-0.03186656573994292,6.884288909700182,0.010064600432007057,0.7231204562717014,7.404635206858317,1.0,8.837634829493354e-05,8.837634829493354e-05,0.0,0.2846935857224232,0.2846935857224232,0.0,0.9552120336632726,0.9552120336632726,0.0,0.0,0.0,0.0,0.0,0.29,44.4,56.9,1387.916,48,Walker2d-v5,5603,Agente_4
66.49256467819214,50,244400,399.2570436555928,508.3317683133978,71.44736690016498,220.68,8.837634829493354e-05,0.0,0.9552120336632726,0.2846935857224232,4888,0.5,0.99,0.013330503827051466,6.94439828660753,0.7750166945987278,-0.030621100548240875,8.068178711997138,0.013330503827051466,0.7750166945987278,6.94439828660753,1.0,8.837634829493354e-05,8.837634829493354e-05,0.0,0.2846935857224232,0.2846935857224232,0.0,0.9552120336632726,0.9552120336632726,0.0,0.0,0.0,0.0,0.0,0.185,40.8,56.9,1389.889,49,Walker2d-v5,5603,Agente_4
67.71181082725525,51,249288,399.78739586422057,508.3317683133978,71.44736690016498,220.68,8.837634829493354e-05,0.0,0.9552120336632726,0.2846935857224232,4888,0.5,0.99,0.009104362599706898,7.6484981271955705,0.7665440499782562,-0.018011201090282866,6.584496773613823,0.009104362599706898,0.7665440499782562,7.6484981271955705,1.0,8.837634829493354e-05,8.837634829493354e-05,0.0,0.2846935857224232,0.2846935857224232,0.0,0.9552120336632726,0.9552120336632726,0.0,0.0,0.0,0.0,0.0,0.85,37.8,57.1,1363.626,50,Walker2d-v5,5603,Agente_4
68.94217681884766,52,254176,418.3787754849888,544.0340979103864,118.09236196618818,228.52,8.837634829493354e-05,0.0,0.9552120336632726,0.2846935857224232,4888,0.5,0.99,0.013383214612258599,7.0839321931203205,0.828128131892946,-0.0357296640260352,7.260130786895752,0.013383214612258599,0.828128131892946,7.0839321931203205,1.0,8.837634829493354e-05,8.837634829493354e-05,0.0,0.2846935857224232,0.2846935857224232,0.0,0.9552120336632726,0.9552120336632726,0.0,0.0,0.0,0.0,0.0,0.8500000000000001,39.15,57.2,1345.801,51,Walker2d-v5,5603,Agente_4
70.06384325027466,53,259064,417.7787323612756,544.0340979103864,118.09236196618818,228.17,8.837634829493354e-05,0.0,0.9552120336632726,0.2846935857224232,4888,0.5,0.99,0.011842412036235652,7.141333389282226,0.7903505106767018,-0.036008398317628434,7.4964810053507485,0.011842412036235652,0.7903505106767018,7.141333389282226,1.0,8.837634829493354e-05,8.837634829493354e-05,0.0,0.2846935857224232,0.2846935857224232,0.0,0.9552120336632726,0.9552120336632726,0.0,0.0,0.0,0.0,0.0,0.84,37.4,57.1,1319.814,52,Walker2d-v5,5603,Agente_4
71.05014300346375,54,263952,423.44668723626035,544.0340979103864,118.09236196618818,230.04,8.837634829493354e-05,0.0,0.9552120336632726,0.2846935857224232,4888,0.5,0.99,0.010249836687014775,7.090773921542698,0.8381575822830201,-0.02675329278119736,7.17557496494717,0.010249836687014775,0.8381575822830201,7.090773921542698,1.0,8.837634829493354e-05,8.837634829493354e-05,0.0,0.2846935857224232,0.2846935857224232,0.0,0.9552120336632726,0.9552120336632726,0.0,0.0,0.0,0.0,0.0,0.5,42.75,57.150000000000006,1285.527,53,Walker2d-v5,5603,Agente_4
72.15734529495239,55,268840,426.08364654312595,544.0340979103864,118.09236196618818,231.85,8.837634829493354e-05,0.0,0.9552120336632726,0.2846935857224232,4888,0.5,0.99,0.011904502424578014,7.214020368787978,0.8434724132219951,-0.03255073686854707,6.707942920260959,0.011904502424578014,0.8434724132219951,7.214020368787978,1.0,8.837634829493354e-05,8.837634829493354e-05,0.0,0.2846935857224232,0.2846935857224232,0.0,0.9552120336632726,0.9552120336632726,0.0,0.0,0.0,0.0,0.0,0.83,33.9,57.0,1232.474,54,Walker2d-v5,5603,Agente_4
73.6018214225769,56,273728,433.1289414991525,544.0340979103864,150.18998145263762,234.15,8.837634829493354e-05,0.0,0.9552120336632726,0.2846935857224232,4888,0.5,0.99,0.012844741271368951,6.83988905482822,0.8188447462187873,-0.00035459260559744305,7.459820916917589,0.012844741271368951,0.8188447462187873,6.83988905482822,1.0,8.837634829493354e-05,8.837634829493354e-05,0.0,0.2846935857224232,0.2846935857224232,0.0,0.9552120336632726,0.9552120336632726,0.0,0.0,0.0,0.0,0.0,0.97,43.05,56.95,1226.506,55,Walker2d-v5,5603,Agente_4
74.9856448173523,57,278616,435.49109013948845,534.6821678233039,150.18998145263762,235.4,8.837634829493354e-05,0.0,0.9552120336632726,0.2846935857224232,4888,0.5,0.99,0.010704009961611721,7.190179771847195,0.8536078585518732,-0.02484689255555471,6.84243467119005,0.010704009961611721,0.8536078585518732,7.190179771847195,1.0,8.837634829493354e-05,8.837634829493354e-05,0.0,0.2846935857224232,0.2846935857224232,0.0,0.9552120336632726,0.9552120336632726,0.0,0.0,0.0,0.0,0.0,0.8833333333333333,36.03333333333333,56.833333333333336,1242.538,56,Walker2d-v5,5603,Agente_4
76.19908452033997,58,283504,438.17126456733035,534.6821678233039,223.76626000631006,235.16,8.837634829493354e-05,0.0,0.9552120336632726,0.2846935857224232,4888,0.5,0.99,0.012583421232314625,6.850564161936442,0.8065296199586657,-0.03413483231431908,7.361096360948351,0.012583421232314625,0.8065296199586657,6.850564161936442,1.0,8.837634829493354e-05,8.837634829493354e-05,0.0,0.2846935857224232,0.2846935857224232,0.0,0.9552120336632726,0.9552120336632726,0.0,0.0,0.0,0.0,0.0,0.2,35.0,56.7,1218.764,57,Walker2d-v5,5603,Agente_4
77.53274393081665,59,288392,432.2406526314596,534.6821678233039,92.00331751907046,230.42,8.837634829493354e-05,0.0,0.9552120336632726,0.2846935857224232,4888,0.5,0.99,0.012097795845895437,6.894086201985677,0.8258654885821872,-0.003911468076209227,7.098722839355469,0.012097795845895437,0.8258654885821872,6.894086201985677,1.0,8.837634829493354e-05,8.837634829493354e-05,0.0,0.2846935857224232,0.2846935857224232,0.0,0.9552120336632726,0.9552120336632726,0.0,0.0,0.0,0.0,0.0,0.45999999999999996,35.05,49.6,1234.316,58,Walker2d-v5,5603,Agente_4
78.74728202819824,60,293280,439.21438387326356,534.6821678233039,92.00331751907046,232.31,8.837634829493354e-05,0.0,0.9552120336632726,0.2846935857224232,4888,0.5,0.99,0.012344636934722075,6.598450326919556,0.8534326758649614,-0.027748461538511845,7.57994441986084,0.012344636934722075,0.8534326758649614,6.598450326919556,1.0,8.837634829493354e-05,8.837634829493354e-05,0.0,0.2846935857224232,0.2846935857224232,0.0,0.9552120336632726,0.9552120336632726,0.0,0.0,0.0,0.0,0.0,0.09,32.45,48.099999999999994,1214.565,59,Walker2d-v5,5603,Agente_4
80.09703874588013,61,298168,434.7569024082586,534.6821678233039,67.09979126383026,228.82,8.837634829493354e-05,0.0,0.9552120336632726,0.2846935857224232,4888,0.5,0.99,0.012757855832913063,6.901352723439534,0.8153386255105336,-0.030820109074314435,7.510290373696221,0.012757855832913063,0.8153386255105336,6.901352723439534,1.0,8.837634829493354e-05,8.837634829493354e-05,0.0,0.2846935857224232,0.2846935857224232,0.0,0.9552120336632726,0.9552120336632726,0.0,0.0,0.0,0.0,0.0,0.18,39.7,50.1,1227.536,60,Walker2d-v5,5603,Agente_4
81.39449882507324,62,303056,432.3613235113513,530.4180046854927,67.09979126383026,225.96,8.837634829493354e-05,0.0,0.9552120336632726,0.2846935857224232,4888,0.5,0.99,0.01115523853028814,7.192851877212524,0.8490219467216068,-0.011616576483680143,7.142704492145114,0.01115523853028814,0.8490219467216068,7.192851877212524,1.0,8.837634829493354e-05,8.837634829493354e-05,0.0,0.2846935857224232,0.2846935857224232,0.0,0.9552120336632726,0.9552120336632726,0.0,0.0,0.0,0.0,0.0,0.44499999999999995,40.8,46.2,1233.888,61,Walker2d-v5,5603,Agente_4
82.3558931350708,63,307944,430.53163327895186,530.4180046854927,67.09979126383026,225.5,8.837634829493354e-05,0.0,0.9552120336632726,0.2846935857224232,4888,0.5,0.99,0.011358048895393344,6.860193263159858,0.8418999512990316,-0.011575551186170843,7.257838254504733,0.011358048895393344,0.8418999512990316,6.860193263159858,1.0,8.837634829493354e-05,8.837634829493354e-05,0.0,0.2846935857224232,0.2846935857224232,0.0,0.9552120336632726,0.9552120336632726,0.0,0.0,0.0,0.0,0.0,0.42,34.7,46.4,1217.533,62,Walker2d-v5,5603,Agente_4
83.60665202140808,64,312832,437.0064941977001,580.1484467122445,67.09979126383026,225.85,8.837634829493354e-05,0.0,0.9552120336632726,0.2846935857224232,4888,0.5,0.99,0.012483111411792277,6.692870208952162,0.843885956870185,-0.05377451433903641,7.488141690360175,0.012483111411792277,0.843885956870185,6.692870208952162,1.0,8.837634829493354e-05,8.837634829493354e-05,0.0,0.2846935857224232,0.2846935857224232,0.0,0.9552120336632726,0.9552120336632726,0.0,0.0,0.0,0.0,0.0,0.31,39.849999999999994,48.75,1243.603,63,Walker2d-v5,5603,Agente_4
85.16630220413208,65,317720,440.84320036008927,745.5601963830366,67.09979126383026,232.53,8.837634829493354e-05,0.0,0.9552120336632726,0.2846935857224232,4888,0.5,0.99,0.01342933167244256,6.782819991641574,0.8490842779477438,-0.017353115437759293,7.119263490041097,0.01342933167244256,0.8490842779477438,6.782819991641574,1.0,8.837634829493354e-05,8.837634829493354e-05,0.0,0.2846935857224232,0.2846935857224232,0.0,0.9552120336632726,0.9552120336632726,0.0,0.0,0.0,0.0,0.0,0.61,45.150000000000006,51.9,1288.522,64,Walker2d-v5,5603,Agente_4
86.34770560264587,66,322608,448.9372029335146,745.5601963830366,101.22785121763151,233.27,8.837634829493354e-05,0.0,0.9552120336632726,0.2846935857224232,4888,0.5,0.99,0.01164114957953441,6.29519051445855,0.8620535102155473,0.0029312762949201794,7.62290604379442,0.01164114957953441,0.8620535102155473,6.29519051445855,1.0,8.837634829493354e-05,8.837634829493354e-05,0.0,0.2846935857224232,0.2846935857224232,0.0,0.9552120336632726,0.9552120336632726,0.0,0.0,0.0,0.0,0.0,0.515,43.400000000000006,54.0,1262.384,65,Walker2d-v5,5603,Agente_4
88.01026725769043,67,327496,,,,,8.837634829493354e-05,0.0,0.9552120336632726,0.2846935857224232,4888,0.5,0.99,0.011486077110102808,7.048430691825019,0.057012760639190675,-0.038663085384501354,7.132192956076728,0.011486077110102808,0.057012760639190675,7.048430691825019,1.0,8.837634829493354e-05,8.837634829493354e-05,0.0,0.2846935857224232,0.2846935857224232,0.0,0.9552120336632726,0.9552120336632726,0.0,0.0,0.0,0.0,0.0,0.24,32.4,51.73333333333333,1650.062,66,Walker2d-v5,5603,Agente_4
89.49545669555664,68,332384,460.1142533572894,537.4601686327977,365.73080677055725,227.0,8.837634829493354e-05,0.0,0.9552120336632726,0.2846935857224232,4888,0.5,0.99,0.013171837370706877,6.615981896718343,0.9084531678093805,-0.013369479609860315,6.463053936428494,0.013171837370706877,0.9084531678093805,6.615981896718343,1.0,8.837634829493354e-05,8.837634829493354e-05,0.0,0.2846935857224232,0.2846935857224232,0.0,0.9552120336632726,0.9552120336632726,0.0,0.0,0.0,0.0,0.0,0.1,41.75,54.35,1563.113,67,Walker2d-v5,5603,Agente_4
90.82425260543823,69,337272,453.74007288488855,553.7145056526599,166.5109396860544,227.93478260869566,8.837634829493354e-05,0.0,0.9552120336632726,0.2846935857224232,4888,0.5,0.99,0.01246898184403512,6.1862655480702715,0.8480145229233635,-0.03216684493753645,7.687466838624743,0.01246898184403512,0.8480145229233635,6.1862655480702715,1.0,8.837634829493354e-05,8.837634829493354e-05,0.0,0.2846935857224232,0.2846935857224232,0.0,0.9552120336632726,0.9552120336632726,0.0,0.0,0.0,0.0,0.0,0.58,33.599999999999994,51.25,1481.637,68,Walker2d-v5,5603,Agente_4
92.0333137512207,70,342160,462.5763451407163,654.3614711181544,166.5109396860544,235.03125,8.837634829493354e-05,0.0,0.9552120336632726,0.2846935857224232,4888,0.5,0.99,0.016148558493619528,6.4518458366394045,0.8449422154161665,-0.03370638615969154,7.305661582946778,0.016148558493619528,0.8449422154161665,6.4518458366394045,1.0,8.837634829493354e-05,8.837634829493354e-05,0.0,0.2846935857224232,0.2846935857224232,0.0,0.9552120336632726,0.9552120336632726,0.0,0.0,0.0,0.0,0.0,0.245,33.2,49.25,1411.335,69,Walker2d-v5,5603,Agente_4
93.9807379245758,71,347048,460.5228516303209,709.997600385292,104.45428184276386,234.1590909090909,8.837634829493354e-05,0.0,0.9552120336632726,0.2846935857224232,4888,0.5,0.99,0.011213507699398582,6.678942351871067,0.8935872322983212,0.016794119858079486,6.704380093680488,0.011213507699398582,0.8935872322983212,6.678942351871067,1.0,8.837634829493354e-05,8.837634829493354e-05,0.0,0.2846935857224232,0.2846935857224232,0.0,0.9552120336632726,0.9552120336632726,0.0,0.0,0.0,0.0,0.0,0.875,44.9,50.85,1515.073,70,Walker2d-v5,5603,Agente_4
95.44324374198914,72,351936,464.78852608998807,709.997600385292,104.45428184276386,236.49,8.837634829493354e-05,0.0,0.9552120336632726,0.2846935857224232,4888,0.5,0.99,0.015437088330589986,5.869277837541368,0.8698176556163364,-0.012038096599280835,7.363531880908543,0.015437088330589986,0.8698176556163364,5.869277837541368,1.0,8.837634829493354e-05,8.837634829493354e-05,0.0,0.2846935857224232,0.2846935857224232,0.0,0.9552120336632726,0.9552120336632726,0.0,0.0,0.0,0.0,0.0,0.545,47.150000000000006,50.6,1504.846,71,Walker2d-v5,5603,Agente_4
96.45009064674377,73,356824,473.2462476592075,709.997600385292,104.45428184276386,241.28,8.837634829493354e-05,0.0,0.9552120336632726,0.2846935857224232,4888,0.5,0.99,0.013909944544138853,6.567060793770684,0.8313088867399427,-0.02726427254577478,7.675400405459934,0.013909944544138853,0.8313088867399427,6.567060793770684,1.0,8.837634829493354e-05,8.837634829493354e-05,0.0,0.2846935857224232,0.2846935857224232,0.0,0.9552120336632726,0.9552120336632726,0.0,0.0,0.0,0.0,0.0,0.89,28.15,46.75,1432.381,72,Walker2d-v5,5603,Agente_4
97.64281153678894,74,361712,476.22189906306187,709.997600385292,104.45428184276386,241.52,8.837634829493354e-05,0.0,0.9552120336632726,0.2846935857224232,4888,0.5,0.99,0.016075391606662177,6.42191464636061,0.7924745129214392,-0.007827069155044025,7.369653023613823,0.016075391606662177,0.7924745129214392,6.42191464636061,1.0,8.837634829493354e-05,8.837634829493354e-05,0.0,0.2846935857224232,0.2846935857224232,0.0,0.9552120336632726,0.9552120336632726,0.0,0.0,0.0,0.0,0.0,0.35,33.1,47.5,1400.998,73,Walker2d-v5,5603,Agente_4
98.88116717338562,75,366600,476.69624442726075,709.997600385292,92.67720837472554,244.07,8.837634829493354e-05,0.0,0.9552120336632726,0.2846935857224232,4888,0.5,0.99,0.013525850294212837,6.524904749128553,0.828270548582077,-0.025197400607996516,6.9310256852044,0.013525850294212837,0.828270548582077,6.524904749128553,1.0,8.837634829493354e-05,8.837634829493354e-05,0.0,0.2846935857224232,0.2846935857224232,0.0,0.9552120336632726,0.9552120336632726,0.0,0.0,0.0,0.0,0.0,0.22000000000000003,32.95,49.0,1381.305,74,Walker2d-v5,5603,Agente_4
100.24607872962952,76,371488,486.3744244643026,703.2229225178273,92.67720837472554,248.13,8.837634829493354e-05,0.0,0.9552120336632726,0.2846935857224232,4888,0.5,0.99,0.01628509502956553,5.719513792461819,0.8586129387219746,-0.032202849371565714,7.772326490614149,0.01628509502956553,0.8586129387219746,5.719513792461819,1.0,8.837634829493354e-05,8.837634829493354e-05,0.0,0.2846935857224232,0.2846935857224232,0.0,0.9552120336632726,0.9552120336632726,0.0,0.0,0.0,0.0,0.0,0.17500000000000002,43.5,50.45,1378.278,75,Walker2d-v5,5603,Agente_4
101.72205376625061,77,376376,494.9234568610353,734.7820276522522,92.67720837472554,253.98,8.837634829493354e-05,0.0,0.9552120336632726,0.2846935857224232,4888,0.5,0.99,0.015719262504717335,6.340002944734361,0.8729712890254127,0.000619288037220637,7.108657280604045,0.015719262504717335,0.8729712890254127,6.340002944734361,1.0,8.837634829493354e-05,8.837634829493354e-05,0.0,0.2846935857224232,0.2846935857224232,0.0,0.9552120336632726,0.9552120336632726,0.0,0.0,0.0,0.0,0.0,0.615,48.0,53.0,1359.855,76,Walker2d-v5,5603,Agente_4
102.96467304229736,78,381264,,,,,8.837634829493354e-05,0.0,0.9552120336632726,0.2846935857224232,4888,0.5,0.99,0.01087690327937532,7.2899282296498615,0.0755282011297014,-0.04072450643612279,6.882545847362942,0.01087690327937532,0.0755282011297014,7.2899282296498615,1.0,8.837634829493354e-05,8.837634829493354e-05,0.0,0.2846935857224232,0.2846935857224232,0.0,0.9552120336632726,0.9552120336632726,0.0,0.0,0.0,0.0,0.0,0.17,17.55,53.9,1230.93,77,Walker2d-v5,5603,Agente_4
104.26216697692871,79,386152,498.43213043715343,571.3822475745482,442.0960720112317,242.7,8.837634829493354e-05,0.0,0.9552120336632726,0.2846935857224232,4888,0.5,0.99,0.017460571359940027,5.535550488366021,0.8785118970606062,-0.019564572783807913,7.034574015935262,0.017460571359940027,0.8785118970606062,5.535550488366021,1.0,8.837634829493354e-05,8.837634829493354e-05,0.0,0.2846935857224232,0.2846935857224232,0.0,0.9552120336632726,0.9552120336632726,0.0,0.0,0.0,0.0,0.0,0.22,34.05,49.3,1257.586,78,Walker2d-v5,5603,Agente_4
105.63566398620605,80,391040,495.484322719618,700.6521900255366,421.1529199563013,241.27272727272728,8.837634829493354e-05,0.0,0.9552120336632726,0.2846935857224232,4888,0.5,0.99,0.01792306128348476,4.5729393508699205,0.792198070552614,-0.03763621250788371,8.481870116127862,0.01792306128348476,0.792198070552614,4.5729393508699205,1.0,8.837634829493354e-05,8.837634829493354e-05,0.0,0.2846935857224232,0.2846935857224232,0.0,0.9552120336632726,0.9552120336632726,0.0,0.0,0.0,0.0,0.0,0.155,34.85,49.15,1292.203,79,Walker2d-v5,5603,Agente_4
107.48157811164856,81,395928,495.3453847753244,700.6521900255366,415.82654945311094,240.625,8.837634829493354e-05,0.0,0.9552120336632726,0.2846935857224232,4888,0.5,0.99,0.015219602656401952,6.555829011069404,0.8986653453773923,-0.0025895901024341585,6.88694781727261,0.015219602656401952,0.8986653453773923,6.555829011069404,1.0,8.837634829493354e-05,8.837634829493354e-05,0.0,0.2846935857224232,0.2846935857224232,0.0,0.9552120336632726,0.9552120336632726,0.0,0.0,0.0,0.0,0.0,0.5066666666666667,45.56666666666666,52.1,1427.732,80,Walker2d-v5,5603,Agente_4
108.70867037773132,82,400816,492.52092750880047,700.6521900255366,415.82654945311094,237.22222222222223,8.837634829493354e-05,0.0,0.9552120336632726,0.2846935857224232,4888,0.5,0.99,0.023596514679229585,5.553193802303738,0.8248074385854933,-0.014234707628687223,7.544493140114678,0.023596514679229585,0.8248074385854933,5.553193802303738,1.0,8.837634829493354e-05,8.837634829493354e-05,0.0,0.2846935857224232,0.2846935857224232,0.0,0.9552120336632726,0.9552120336632726,0.0,0.0,0.0,0.0,0.0,0.525,39.35,54.1,1385.039,81,Walker2d-v5,5603,Agente_4
110.13631176948547,83,405704,499.4088168578016,700.6521900255366,415.82654945311094,241.39,8.837634829493354e-05,0.0,0.9552120336632726,0.2846935857224232,4888,0.5,0.99,0.013890686536372716,5.632326751285129,0.7365971035427518,0.0010541792958974837,7.818244409561157,0.013890686536372716,0.7365971035427518,5.632326751285129,1.0,8.837634829493354e-05,8.837634829493354e-05,0.0,0.2846935857224232,0.2846935857224232,0.0,0.9552120336632726,0.9552120336632726,0.0,0.0,0.0,0.0,0.0,0.19,25.15,55.55,1389.265,82,Walker2d-v5,5603,Agente_4
111.46950221061707,84,410592,504.13815129736804,700.6521900255366,415.82654945311094,244.67,8.837634829493354e-05,0.0,0.9552120336632726,0.2846935857224232,4888,0.5,0.99,0.020550648838009996,6.023498776223924,0.8089029484324985,0.0065448270903693305,7.599184168709649,0.020550648838009996,0.8089029484324985,6.023498776223924,1.0,8.837634829493354e-05,8.837634829493354e-05,0.0,0.2846935857224232,0.2846935857224232,0.0,0.9552120336632726,0.9552120336632726,0.0,0.0,0.0,0.0,0.0,0.22,36.95,49.85,1379.993,83,Walker2d-v5,5603,Agente_4
112.81414771080017,85,415480,497.90728087265387,674.2034500838512,100.55389953676129,242.52,8.837634829493354e-05,0.0,0.9552120336632726,0.2846935857224232,4888,0.5,0.99,0.010481316563932018,5.674292238553365,0.8249130964279174,-0.028187686422218878,7.914322429233128,0.010481316563932018,0.8249130964279174,5.674292238553365,1.0,8.837634829493354e-05,8.837634829493354e-05,0.0,0.2846935857224232,0.2846935857224232,0.0,0.9552120336632726,0.9552120336632726,0.0,0.0,0.0,0.0,0.0,0.07,34.1,48.95,1373.931,84,Walker2d-v5,5603,Agente_4
114.2379732131958,86,420368,500.49062395300774,674.2034500838512,100.55389953676129,242.66,8.837634829493354e-05,0.0,0.9552120336632726,0.2846935857224232,4888,0.5,0.99,0.01070190748060769,6.089084010654026,0.779135963651869,0.002923157397243712,7.672144142786662,0.01070190748060769,0.779135963651869,6.089084010654026,1.0,8.837634829493354e-05,8.837634829493354e-05,0.0,0.2846935857224232,0.2846935857224232,0.0,0.9552120336632726,0.9552120336632726,0.0,0.0,0.0,0.0,0.0,0.72,44.0,51.650000000000006,1377.929,85,Walker2d-v5,5603,Agente_4
115.72998929023743,87,425256,503.8912572505916,674.2034500838512,100.55389953676129,246.6,8.837634829493354e-05,0.0,0.9552120336632726,0.2846935857224232,4888,0.5,0.99,0.013988809990082195,5.80359767013126,0.865608028570811,-0.017875348528226215,7.53675447040134,0.013988809990082195,0.865608028570811,5.80359767013126,1.0,8.837634829493354e-05,8.837634829493354e-05,0.0,0.2846935857224232,0.2846935857224232,0.0,0.9552120336632726,0.9552120336632726,0.0,0.0,0.0,0.0,0.0,0.42,45.15,53.85,1388.105,86,Walker2d-v5,5603,Agente_4
118.2804000377655,89,435032,92.2146901679266,92.2146901679266,92.2146901679266,135.0,8.837634829493354e-05,0.0,0.9552120336632726,0.2846935857224232,4888,0.5,0.99,0.005819194141725086,7.451720481448703,0.20308308270242478,-0.003457917148868243,7.066066514121162,0.005819194141725086,0.20308308270242478,7.451720481448703,1.0,8.837634829493354e-05,8.837634829493354e-05,0.0,0.2846935857224232,0.2846935857224232,0.0,0.9552120336632726,0.9552120336632726,0.0,0.0,0.0,0.0,0.0,0.27666666666666667,37.0,48.13333333333333,1382.441,87,Walker2d-v5,5603,Agente_4
119.86997079849243,90,439920,508.5432540793299,587.2036805569227,92.2146901679266,240.7741935483871,8.837634829493354e-05,0.0,0.9552120336632726,0.2846935857224232,4888,0.5,0.99,0.022531670774009804,4.93354102505578,0.8386365950107575,-0.008753716655903392,7.332034836875068,0.022531670774009804,0.8386365950107575,4.93354102505578,1.0,8.837634829493354e-05,8.837634829493354e-05,0.0,0.2846935857224232,0.2846935857224232,0.0,0.9552120336632726,0.9552120336632726,0.0,0.0,0.0,0.0,0.0,0.47,48.150000000000006,51.35,1478.864,88,Walker2d-v5,5603,Agente_4
121.35835218429565,91,444808,492.0991260054008,649.1871916563541,50.642984449952685,237.2439024390244,8.837634829493354e-05,0.0,0.9552120336632726,0.2846935857224232,4888,0.5,0.99,0.010010955357999288,5.297964755694071,0.7791478660371568,0.008431608747276996,8.706908469729953,0.010010955357999288,0.7791478660371568,5.297964755694071,1.0,8.837634829493354e-05,8.837634829493354e-05,0.0,0.2846935857224232,0.2846935857224232,0.0,0.9552120336632726,0.9552120336632726,0.0,0.0,0.0,0.0,0.0,0.765,40.0,54.05,1478.299,89,Walker2d-v5,5603,Agente_4
122.30902862548828,92,449696,493.8551011025513,649.1871916563541,50.642984449952685,242.6031746031746,8.837634829493354e-05,0.0,0.9552120336632726,0.2846935857224232,4888,0.5,0.99,0.01569376739692719,6.78221246931288,0.8023324860466852,-0.0035848907195031644,7.352600563897027,0.01569376739692719,0.8023324860466852,6.78221246931288,1.0,8.837634829493354e-05,8.837634829493354e-05,0.0,0.2846935857224232,0.2846935857224232,0.0,0.9552120336632726,0.9552120336632726,0.0,0.0,0.0,0.0,0.0,0.34,31.4,55.4,1342.862,90,Walker2d-v5,5603,Agente_4
124.01700687408447,93,454584,497.97320423232844,649.1871916563541,50.642984449952685,241.6046511627907,8.837634829493354e-05,0.0,0.9552120336632726,0.2846935857224232,4888,0.5,0.99,0.014947695056839115,4.659518840577867,0.8935693177911971,-0.03790813862449593,7.709141778945923,0.014947695056839115,0.8935693177911971,4.659518840577867,1.0,8.837634829493354e-05,8.837634829493354e-05,0.0,0.2846935857224232,0.2846935857224232,0.0,0.9552120336632726,0.9552120336632726,0.0,0.0,0.0,0.0,0.0,0.47666666666666674,46.96666666666667,56.26666666666667,1413.361,91,Walker2d-v5,5603,Agente_4
125.33657383918762,94,459472,499.68417055136615,815.0287792002513,50.642984449952685,244.08080808080808,8.837634829493354e-05,0.0,0.9552120336632726,0.2846935857224232,4888,0.5,0.99,0.012717324114318116,5.377035053571065,0.7128775755564372,0.016565405204892157,8.117829280429417,0.012717324114318116,0.7128775755564372,5.377035053571065,1.0,8.837634829493354e-05,8.837634829493354e-05,0.0,0.2846935857224232,0.2846935857224232,0.0,0.9552120336632726,0.9552120336632726,0.0,0.0,0.0,0.0,0.0,0.78,40.4,56.9,1394.849,92,Walker2d-v5,5603,Agente_4
126.61649775505066,95,464360,506.8196241132429,815.0287792002513,50.642984449952685,245.77,8.837634829493354e-05,0.0,0.9552120336632726,0.2846935857224232,4888,0.5,0.99,0.01060927462232131,5.371523671680027,0.8578342298666636,-0.018209148426022795,7.648572376039293,0.01060927462232131,0.8578342298666636,5.371523671680027,1.0,8.837634829493354e-05,8.837634829493354e-05,0.0,0.2846935857224232,0.2846935857224232,0.0,0.9552120336632726,0.9552120336632726,0.0,0.0,0.0,0.0,0.0,0.875,33.55,57.150000000000006,1376.554,93,Walker2d-v5,5603,Agente_4
127.8523678779602,96,469248,513.9962631546729,815.0287792002513,107.62797087927649,247.72,8.837634829493354e-05,0.0,0.9552120336632726,0.2846935857224232,4888,0.5,0.99,0.00957177045658884,5.708091179529826,0.8525710701942444,-0.004725831271045738,7.579829857084486,0.00957177045658884,0.8525710701942444,5.708091179529826,1.0,8.837634829493354e-05,8.837634829493354e-05,0.0,0.2846935857224232,0.2846935857224232,0.0,0.9552120336632726,0.9552120336632726,0.0,0.0,0.0,0.0,0.0,0.82,39.7,57.25,1357.217,94,Walker2d-v5,5603,Agente_4
129.3462519645691,97,474136,512.3672843922179,815.0287792002513,107.62797087927649,246.79,8.837634829493354e-05,0.0,0.9552120336632726,0.2846935857224232,4888,0.5,0.99,0.009130338905965294,5.987535084618463,0.8334387838840485,-0.021775357921918235,7.8753266758388945,0.009130338905965294,0.8334387838840485,5.987535084618463,1.0,8.837634829493354e-05,8.837634829493354e-05,0.0,0.2846935857224232,0.2846935857224232,0.0,0.9552120336632726,0.9552120336632726,0.0,0.0,0.0,0.0,0.0,0.49,50.85,57.349999999999994,1371.473,95,Walker2d-v5,5603,Agente_4
130.8226923942566,98,479024,515.3876879605177,815.0287792002513,107.62797087927649,247.45,8.837634829493354e-05,0.0,0.9552120336632726,0.2846935857224232,4888,0.5,0.99,0.008695852823439053,6.2583211527930365,0.7909940017594231,-0.005539323327442011,7.56201401816474,0.008695852823439053,0.7909940017594231,6.2583211527930365,1.0,8.837634829493354e-05,8.837634829493354e-05,0.0,0.2846935857224232,0.2846935857224232,0.0,0.9552120336632726,0.9552120336632726,0.0,0.0,0.0,0.0,0.0,0.5499999999999999,39.95,57.3,1380.879,96,Walker2d-v5,5603,Agente_4
132.09581780433655,99,483912,517.6602152677016,755.4721829851887,107.62797087927649,248.27,8.837634829493354e-05,0.0,0.9552120336632726,0.2846935857224232,4888,0.5,0.99,0.007642680440201528,6.2107925097147625,0.6868059986167484,-0.005833298050694996,7.2067922857072615,0.007642680440201528,0.6868059986167484,6.2107925097147625,1.0,8.837634829493354e-05,8.837634829493354e-05,0.0,0.2846935857224232,0.2846935857224232,0.0,0.9552120336632726,0.9552120336632726,0.0,0.0,0.0,0.0,0.0,0.905,37.55,57.45,1368.529,97,Walker2d-v5,5603,Agente_4
133.55595993995667,100,488800,512.8469352336994,793.4402561468154,51.06373161165129,251.38,8.837634829493354e-05,0.0,0.9552120336632726,0.2846935857224232,4888,0.5,0.99,0.011988835665154815,5.7941040065553455,0.793438943889406,-0.013334527942869398,7.813182433446248,0.011988835665154815,0.793438943889406,5.7941040065553455,1.0,8.837634829493354e-05,8.837634829493354e-05,0.0,0.2846935857224232,0.2846935857224232,0.0,0.9552120336632726,0.9552120336632726,0.0,0.0,0.0,0.0,0.0,0.505,51.15,57.6,1355.844,98,Walker2d-v5,5603,Agente_4
135.05416083335876,101,493688,514.8073715128116,793.4402561468154,51.06373161165129,255.48,8.837634829493354e-05,0.0,0.9552120336632726,0.2846935857224232,4888,0.5,0.99,0.012522136676165651,5.733708145883348,0.8087811311086018,-0.02581004589382145,7.634638902876112,0.012522136676165651,0.8087811311086018,5.733708145883348,1.0,8.837634829493354e-05,8.837634829493354e-05,0.0,0.2846935857224232,0.2846935857224232,0.0,0.9552120336632726,0.9552120336632726,0.0,0.0,0.0,0.0,0.0,0.835,37.6,57.4,1356.996,99,Walker2d-v5,5603,Agente_4
136.28943037986755,102,498576,526.260946646229,793.4402561468154,51.06373161165129,258.9,8.837634829493354e-05,0.0,0.9552120336632726,0.2846935857224232,4888,0.5,0.99,0.018545602996042968,5.336382672521803,0.8978889948791928,-0.042995497542950845,7.625391589270698,0.018545602996042968,0.8978889948791928,5.336382672521803,1.0,8.837634829493354e-05,8.837634829493354e-05,0.0,0.2846935857224232,0.2846935857224232,0.0,0.9552120336632726,0.9552120336632726,0.0,0.0,0.0,0.0,0.0,0.8999999999999999,30.25,57.45,1385.371,100,Walker2d-v5,5603,Agente_4
137.7252881526947,103,503464,526.3034109578759,793.4402561468154,51.06373161165129,259.05,8.837634829493354e-05,0.0,0.9552120336632726,0.2846935857224232,4888,0.5,0.99,0.011954822407602074,5.004268291261461,0.8718948582808177,-0.006463217962947156,8.178124777475993,0.011954822407602074,0.8718948582808177,5.004268291261461,1.0,8.837634829493354e-05,8.837634829493354e-05,0.0,0.2846935857224232,0.2846935857224232,0.0,0.9552120336632726,0.9552120336632726,0.0,0.0,0.0,0.0,0.0,0.09,50.2,57.35,1358.165,101,Walker2d-v5,5603,Agente_4
138.828519821167,104,508352,533.5459957818125,793.4402561468154,51.06373161165129,260.21,8.837634829493354e-05,0.0,0.9552120336632726,0.2846935857224232,4888,0.5,0.99,0.008271202654416103,6.765310875574747,0.8439643621444702,-0.022229899962743122,7.291099066204495,0.008271202654416103,0.8439643621444702,6.765310875574747,1.0,8.837634829493354e-05,8.837634829493354e-05,0.0,0.2846935857224232,0.2846935857224232,0.0,0.9552120336632726,0.9552120336632726,0.0,0.0,0.0,0.0,0.0,0.6533333333333333,36.6,57.333333333333336,1337.187,102,Walker2d-v5,5603,Agente_4
140.04321193695068,105,513240,530.643609886001,788.1993081691294,38.905290385867005,257.26,8.837634829493354e-05,0.0,0.9552120336632726,0.2846935857224232,4888,0.5,0.99,0.009244861386347718,5.501861784193251,0.7955147359106276,-0.006420107589413722,7.903688801659478,0.009244861386347718,0.7955147359106276,5.501861784193251,1.0,8.837634829493354e-05,8.837634829493354e-05,0.0,0.2846935857224232,0.2846935857224232,0.0,0.9552120336632726,0.9552120336632726,0.0,0.0,0.0,0.0,0.0,0.79,32.0,57.2,1330.792,103,Walker2d-v5,5603,Agente_4
141.58508729934692,106,518128,523.3998989687155,743.1813070942876,38.905290385867005,255.28,8.837634829493354e-05,0.0,0.9552120336632726,0.2846935857224232,4888,0.5,0.99,0.015610670930578231,4.992622094684177,0.7705258117781745,-0.04466533362865448,8.234622716903687,0.015610670930578231,0.7705258117781745,4.992622094684177,1.0,8.837634829493354e-05,8.837634829493354e-05,0.0,0.2846935857224232,0.2846935857224232,0.0,0.9552120336632726,0.9552120336632726,0.0,0.0,0.0,0.0,0.0,0.4633333333333334,40.93333333333333,52.76666666666667,1361.316,104,Walker2d-v5,5603,Agente_4
142.98513913154602,107,523016,519.9460949748529,743.1813070942876,38.905290385867005,252.25,8.837634829493354e-05,0.0,0.9552120336632726,0.2846935857224232,4888,0.5,0.99,0.012633151400627362,6.296388207541572,0.9021534820397695,-0.013551219149182241,7.314669185214573,0.012633151400627362,0.9021534820397695,6.296388207541572,1.0,8.837634829493354e-05,8.837634829493354e-05,0.0,0.2846935857224232,0.2846935857224232,0.0,0.9552120336632726,0.9552120336632726,0.0,0.0,0.0,0.0,0.0,0.62,42.65,50.25,1351.713,105,Walker2d-v5,5603,Agente_4
144.596985578537,108,527904,519.8990156792161,743.1813070942876,38.905290385867005,251.66,8.837634829493354e-05,0.0,0.9552120336632726,0.2846935857224232,4888,0.5,0.99,0.022281584061228286,4.5962485273679095,0.7722789314058092,-0.0035871664269102946,7.998426585727268,0.022281584061228286,0.7722789314058092,4.5962485273679095,1.0,8.837634829493354e-05,8.837634829493354e-05,0.0,0.2846935857224232,0.2846935857224232,0.0,0.9552120336632726,0.9552120336632726,0.0,0.0,0.0,0.0,0.0,0.26,45.900000000000006,53.099999999999994,1365.062,106,Walker2d-v5,5603,Agente_4
145.65715336799622,109,532792,525.1952222703261,743.1813070942876,38.905290385867005,254.37,8.837634829493354e-05,0.0,0.9552120336632726,0.2846935857224232,4888,0.5,0.99,0.01131354701517719,5.751431057188246,0.8565460165341695,0.0040187391142050425,8.251245705286662,0.01131354701517719,0.8565460165341695,5.751431057188246,1.0,8.837634829493354e-05,8.837634829493354e-05,0.0,0.2846935857224232,0.2846935857224232,0.0,0.9552120336632726,0.9552120336632726,0.0,0.0,0.0,0.0,0.0,0.715,33.2,52.5,1344.222,107,Walker2d-v5,5603,Agente_4
146.6573920249939,110,537680,531.8872293531489,730.6824705360351,46.61454840703067,254.06,8.837634829493354e-05,0.0,0.9552120336632726,0.2846935857224232,4888,0.5,0.99,0.005497676570505266,5.551869498358832,0.774190049038993,-0.0657829467414154,7.890561162100898,0.005497676570505266,0.774190049038993,5.551869498358832,1.0,8.837634829493354e-05,8.837634829493354e-05,0.0,0.2846935857224232,0.2846935857224232,0.0,0.9552120336632726,0.9552120336632726,0.0,0.0,0.0,0.0,0.0,0.1,24.8,47.4,1298.053,108,Walker2d-v5,5603,Agente_4
148.2618637084961,111,542568,,,,,8.837634829493354e-05,0.0,0.9552120336632726,0.2846935857224232,4888,0.5,0.99,0.005207124100870401,7.35001130633884,0.3621359778775109,-0.016577557598551115,7.203027608659532,0.005207124100870401,0.3621359778775109,7.35001130633884,1.0,8.837634829493354e-05,8.837634829493354e-05,0.0,0.2846935857224232,0.2846935857224232,0.0,0.9552120336632726,0.9552120336632726,0.0,0.0,0.0,0.0,0.0,0.5933333333333334,26.933333333333334,50.56666666666666,1592.727,109,Walker2d-v5,5603,Agente_4
149.5073208808899,112,547456,501.81677464653234,630.3831846912472,152.69580947675635,236.28571428571428,8.837634829493354e-05,0.0,0.9552120336632726,0.2846935857224232,4888,0.5,0.99,0.009381431912414782,4.846945518917508,0.8593673235840268,-0.013262552312678762,7.5480716917249895,0.009381431912414782,0.8593673235840268,4.846945518917508,1.0,8.837634829493354e-05,8.837634829493354e-05,0.0,0.2846935857224232,0.2846935857224232,0.0,0.9552120336632726,0.9552120336632726,0.0,0.0,0.0,0.0,0.0,0.12,32.400000000000006,46.85,1412.911,110,Walker2d-v5,5603,Agente_4
151.01042437553406,113,552344,507.9120169815112,710.6204276491194,152.69580947675635,239.74418604651163,8.837634829493354e-05,0.0,0.9552120336632726,0.2846935857224232,4888,0.5,0.99,0.014563637633197382,4.298186768425835,0.6093005908860101,-0.01611726784871684,8.048199446996053,0.014563637633197382,0.6093005908860101,4.298186768425835,1.0,8.837634829493354e-05,8.837634829493354e-05,0.0,0.2846935857224232,0.2846935857224232,0.0,0.9552120336632726,0.9552120336632726,0.0,0.0,0.0,0.0,0.0,0.46499999999999997,38.3,48.95,1439.68,111,Walker2d-v5,5603,Agente_4
153.07880353927612,114,557232,523.3743241191363,710.6204276491194,152.69580947675635,247.984375,8.837634829493354e-05,0.0,0.9552120336632726,0.2846935857224232,4888,0.5,0.99,0.012260097572208098,5.513580499755012,0.8719564199447631,-0.008298981396688356,7.186848613950941,0.012260097572208098,0.8719564199447631,5.513580499755012,1.0,8.837634829493354e-05,8.837634829493354e-05,0.0,0.2846935857224232,0.2846935857224232,0.0,0.9552120336632726,0.9552120336632726,0.0,0.0,0.0,0.0,0.0,0.6266666666666666,45.333333333333336,52.56666666666666,1593.698,112,Walker2d-v5,5603,Agente_4
154.53951001167297,115,562120,525.2439645996292,710.6204276491194,152.69580947675635,247.90123456790124,8.837634829493354e-05,0.0,0.9552120336632726,0.2846935857224232,4888,0.5,0.99,0.012980026727079045,5.080201888084412,0.874120667245653,-0.0009290842960278193,7.623584233389961,0.012980026727079045,0.874120667245653,5.080201888084412,1.0,8.837634829493354e-05,8.837634829493354e-05,0.0,0.2846935857224232,0.2846935857224232,0.0,0.9552120336632726,0.9552120336632726,0.0,0.0,0.0,0.0,0.0,0.07,41.4,54.75,1564.467,113,Walker2d-v5,5603,Agente_4
155.861172914505,116,567008,528.318874642723,710.6204276491194,152.69580947675635,250.8556701030928,8.837634829493354e-05,0.0,0.9552120336632726,0.2846935857224232,4888,0.5,0.99,0.017022402346750218,5.120289232995775,0.762155599726571,-0.0006250132289197709,7.760280688603719,0.017022402346750218,0.762155599726571,5.120289232995775,1.0,8.837634829493354e-05,8.837634829493354e-05,0.0,0.2846935857224232,0.2846935857224232,0.0,0.9552120336632726,0.9552120336632726,0.0,0.0,0.0,0.0,0.0,0.2,34.0,51.1,1522.05,114,Walker2d-v5,5603,Agente_4
157.05466270446777,117,571896,537.2845770272799,737.7145587559629,152.69580947675635,255.81,8.837634829493354e-05,0.0,0.9552120336632726,0.2846935857224232,4888,0.5,0.99,0.018872164503166762,4.777109363343981,0.8113058414724138,0.02060644862552484,7.800015491909451,0.018872164503166762,0.8113058414724138,4.777109363343981,1.0,8.837634829493354e-05,8.837634829493354e-05,0.0,0.2846935857224232,0.2846935857224232,0.0,0.9552120336632726,0.9552120336632726,0.0,0.0,0.0,0.0,0.0,0.19,33.2,50.25,1473.722,115,Walker2d-v5,5603,Agente_4
158.33360242843628,118,576784,532.4840073771384,737.7145587559629,83.5525568865513,256.4,8.837634829493354e-05,0.0,0.9552120336632726,0.2846935857224232,4888,0.5,0.99,0.011203692873338392,5.752725723054674,0.7971439308590359,-0.024630422465917137,7.7423927254147,0.011203692873338392,0.7971439308590359,5.752725723054674,1.0,8.837634829493354e-05,8.837634829493354e-05,0.0,0.2846935857224232,0.2846935857224232,0.0,0.9552120336632726,0.9552120336632726,0.0,0.0,0.0,0.0,0.0,0.845,41.6,50.0,1447.781,116,Walker2d-v5,5603,Agente_4
160.0824670791626,119,581672,527.4565415485345,737.7145587559629,83.5525568865513,253.57,8.837634829493354e-05,0.0,0.9552120336632726,0.2846935857224232,4888,0.5,0.99,0.009991599830507564,6.327420184347365,0.8597623374727037,-0.003853442230158382,7.727658107545641,0.009991599830507564,0.8597623374727037,6.327420184347365,1.0,8.837634829493354e-05,8.837634829493354e-05,0.0,0.2846935857224232,0.2846935857224232,0.0,0.9552120336632726,0.9552120336632726,0.0,0.0,0.0,0.0,0.0,0.5566666666666668,42.300000000000004,53.0,1479.652,117,Walker2d-v5,5603,Agente_4
161.1449384689331,120,586560,525.845061090683,737.7145587559629,83.5525568865513,255.68,8.837634829493354e-05,0.0,0.9552120336632726,0.2846935857224232,4888,0.5,0.99,0.009532465257790237,5.473656302028232,0.8878675931029849,-0.025066348165273665,7.28900671005249,0.009532465257790237,0.8878675931029849,5.473656302028232,1.0,8.837634829493354e-05,8.837634829493354e-05,0.0,0.2846935857224232,0.2846935857224232,0.0,0.9552120336632726,0.9552120336632726,0.0,0.0,0.0,0.0,0.0,0.08,49.4,54.4,1436.809,118,Walker2d-v5,5603,Agente_4
162.37391352653503,121,591448,509.5872712083193,737.7145587559629,57.74992876255198,250.29,8.837634829493354e-05,0.0,0.9552120336632726,0.2846935857224232,4888,0.5,0.99,0.015337042930089714,4.991582851939731,0.7270501785808139,-0.037383619178500443,7.99477711253696,0.015337042930089714,0.7270501785808139,4.991582851939731,1.0,8.837634829493354e-05,8.837634829493354e-05,0.0,0.2846935857224232,0.2846935857224232,0.0,0.9552120336632726,0.9552120336632726,0.0,0.0,0.0,0.0,0.0,0.21,33.0,55.5,1399.377,119,Walker2d-v5,5603,Agente_4
163.8846468925476,122,596336,511.4658370679756,926.6259612618477,57.74992876255198,253.44,8.837634829493354e-05,0.0,0.9552120336632726,0.2846935857224232,4888,0.5,0.99,0.0075401750287306234,6.412708041403029,0.8981838444868724,-0.019960708502266142,7.508760044309828,0.0075401750287306234,0.8981838444868724,6.412708041403029,1.0,8.837634829493354e-05,8.837634829493354e-05,0.0,0.2846935857224232,0.2846935857224232,0.0,0.9552120336632726,0.9552120336632726,0.0,0.0,0.0,0.0,0.0,0.9550000000000001,40.5,56.65,1426.108,120,Walker2d-v5,5603,Agente_4
165.3765459060669,123,601224,516.8040724333977,926.6259612618477,57.74992876255198,254.35,8.837634829493354e-05,0.0,0.9552120336632726,0.2846935857224232,4888,0.5,0.99,0.008370253094148615,5.7242035574383205,0.9006664355595907,-0.004899818822741509,7.610244019826253,0.008370253094148615,0.9006664355595907,5.7242035574383205,1.0,8.837634829493354e-05,8.837634829493354e-05,0.0,0.2846935857224232,0.2846935857224232,0.0,0.9552120336632726,0.9552120336632726,0.0,0.0,0.0,0.0,0.0,0.58,40.15,57.2,1424.657,121,Walker2d-v5,5603,Agente_4
166.7897334098816,124,606112,512.5162904925937,926.6259612618477,51.48141212786326,252.75,8.837634829493354e-05,0.0,0.9552120336632726,0.2846935857224232,4888,0.5,0.99,0.007673873643620432,5.34907591342926,0.8709536406728956,-0.025633019457260767,8.121402565638224,0.007673873643620432,0.8709536406728956,5.34907591342926,1.0,8.837634829493354e-05,8.837634829493354e-05,0.0,0.2846935857224232,0.2846935857224232,0.0,0.9552120336632726,0.9552120336632726,0.0,0.0,0.0,0.0,0.0,0.985,38.400000000000006,57.4,1359.035,122,Walker2d-v5,5603,Agente_4
168.09051084518433,125,611000,511.1585267584986,926.6259612618477,51.48141212786326,253.11,8.837634829493354e-05,0.0,0.9552120336632726,0.2846935857224232,4888,0.5,0.99,0.011296204983874404,5.771811527676053,0.8214475068781111,0.0009526509377691481,7.66759827401903,0.011296204983874404,0.8214475068781111,5.771811527676053,1.0,8.837634829493354e-05,8.837634829493354e-05,0.0,0.2846935857224232,0.2846935857224232,0.0,0.9552120336632726,0.9552120336632726,0.0,0.0,0.0,0.0,0.0,0.595,38.95,57.45,1343.04,123,Walker2d-v5,5603,Agente_4
169.40788578987122,126,615888,514.3180806906438,926.6259612618477,51.48141212786326,251.33,8.837634829493354e-05,0.0,0.9552120336632726,0.2846935857224232,4888,0.5,0.99,0.010598526212076347,5.730045525232951,0.8572526329093509,-0.017978471465822723,7.57775632540385,0.010598526212076347,0.8572526329093509,5.730045525232951,1.0,8.837634829493354e-05,8.837634829493354e-05,0.0,0.2846935857224232,0.2846935857224232,0.0,0.9552120336632726,0.9552120336632726,0.0,0.0,0.0,0.0,0.0,0.42,41.2,57.4,1342.445,124,Walker2d-v5,5603,Agente_4
170.79188203811646,127,620776,510.0865661599131,742.1462957291438,51.48141212786326,248.24,8.837634829493354e-05,0.0,0.9552120336632726,0.2846935857224232,4888,0.5,0.99,0.014896861065830711,5.6307835366990835,0.8261722909079657,-0.011385688211561905,8.117226759592691,0.014896861065830711,0.8261722909079657,5.6307835366990835,1.0,8.837634829493354e-05,8.837634829493354e-05,0.0,0.2846935857224232,0.2846935857224232,0.0,0.9552120336632726,0.9552120336632726,0.0,0.0,0.0,0.0,0.0,0.665,39.3,57.4,1361.515,125,Walker2d-v5,5603,Agente_4
171.934992313385,128,625664,506.24247528811253,742.1462957291438,51.48141212786326,249.59,8.837634829493354e-05,0.0,0.9552120336632726,0.2846935857224232,4888,0.5,0.99,0.006576446984076433,6.531349086761475,0.8341969344351027,-0.02996474051227172,7.7278440846337215,0.006576446984076433,0.8341969344351027,6.531349086761475,1.0,8.837634829493354e-05,8.837634829493354e-05,0.0,0.2846935857224232,0.2846935857224232,0.0,0.9552120336632726,0.9552120336632726,0.0,0.0,0.0,0.0,0.0,0.78,38.6,57.3,1348.14,126,Walker2d-v5,5603,Agente_4
173.39735102653503,129,630552,517.9862513713772,742.1462957291438,85.36320583560943,251.7,8.837634829493354e-05,0.0,0.9552120336632726,0.2846935857224232,4888,0.5,0.99,0.011725201518614389,5.685665326648288,0.875101336505678,-0.010919237799114651,7.537878015306261,0.011725201518614389,0.875101336505678,5.685665326648288,1.0,8.837634829493354e-05,8.837634829493354e-05,0.0,0.2846935857224232,0.2846935857224232,0.0,0.9552120336632726,0.9552120336632726,0.0,0.0,0.0,0.0,0.0,0.43,39.5,57.150000000000006,1319.776,127,Walker2d-v5,5603,Agente_4
175.04233503341675,130,635440,514.7254794810931,694.2831885264447,85.36320583560943,248.54,8.837634829493354e-05,0.0,0.9552120336632726,0.2846935857224232,4888,0.5,0.99,0.008694508228816428,4.852410406536526,0.8254247632291581,-0.015195190430515343,7.698031891716851,0.008694508228816428,0.8254247632291581,4.852410406536526,1.0,8.837634829493354e-05,8.837634829493354e-05,0.0,0.2846935857224232,0.2846935857224232,0.0,0.9552120336632726,0.9552120336632726,0.0,0.0,0.0,0.0,0.0,0.9733333333333333,39.9,57.166666666666664,1377.948,128,Walker2d-v5,5603,Agente_4
176.3382692337036,131,640328,521.0801930048951,883.3873135427083,85.36320583560943,252.91,8.837634829493354e-05,0.0,0.9552120336632726,0.2846935857224232,4888,0.5,0.99,0.007287812171691459,6.094609427452087,0.8679294400744968,0.00197305999075373,7.5441067536671955,0.007287812171691459,0.8679294400744968,6.094609427452087,1.0,8.837634829493354e-05,8.837634829493354e-05,0.0,0.2846935857224232,0.2846935857224232,0.0,0.9552120336632726,0.9552120336632726,0.0,0.0,0.0,0.0,0.0,0.65,41.7,57.1,1384.359,129,Walker2d-v5,5603,Agente_4
177.85969066619873,132,645216,532.8292426814812,883.3873135427083,149.65522469000993,255.87,8.837634829493354e-05,0.0,0.9552120336632726,0.2846935857224232,4888,0.5,0.99,0.007807353453967557,6.06660827530755,0.8458311643865374,-0.018624555464420052,7.669888957341512,0.007807353453967557,0.8458311643865374,6.06660827530755,1.0,8.837634829493354e-05,8.837634829493354e-05,0.0,0.2846935857224232,0.2846935857224232,0.0,0.9552120336632726,0.9552120336632726,0.0,0.0,0.0,0.0,0.0,0.8166666666666668,38.0,56.9,1385.228,130,Walker2d-v5,5603,Agente_4
179.1566345691681,133,650104,532.9347789184172,883.3873135427083,182.55953310655158,253.89,8.837634829493354e-05,0.0,0.9552120336632726,0.2846935857224232,4888,0.5,0.99,0.00857416364888195,6.301589814821879,0.7801660060882568,-0.0285121678478188,7.7752146614922415,0.00857416364888195,0.7801660060882568,6.301589814821879,1.0,8.837634829493354e-05,8.837634829493354e-05,0.0,0.2846935857224232,0.2846935857224232,0.0,0.9552120336632726,0.9552120336632726,0.0,0.0,0.0,0.0,0.0,0.22,44.0,56.9,1365.786,131,Walker2d-v5,5603,Agente_4
180.56458115577698,134,654992,539.1472158144434,883.3873135427083,182.55953310655158,259.95,8.837634829493354e-05,0.0,0.9552120336632726,0.2846935857224232,4888,0.5,0.99,0.010606472506980127,5.455391658676995,0.9002145793702867,-0.014777483687632613,7.751432991027832,0.010606472506980127,0.9002145793702867,5.455391658676995,1.0,8.837634829493354e-05,8.837634829493354e-05,0.0,0.2846935857224232,0.2846935857224232,0.0,0.9552120336632726,0.9552120336632726,0.0,0.0,0.0,0.0,0.0,0.7,38.7,56.95,1365.411,132,Walker2d-v5,5603,Agente_4
181.99808812141418,135,659880,538.8932141653967,883.3873135427083,182.55953310655158,259.68,8.837634829493354e-05,0.0,0.9552120336632726,0.2846935857224232,4888,0.5,0.99,0.012081048348490084,5.535504423247444,0.8632910297976599,-0.01136402709202634,7.767754681905111,0.012081048348490084,0.8632910297976599,5.535504423247444,1.0,8.837634829493354e-05,8.837634829493354e-05,0.0,0.2846935857224232,0.2846935857224232,0.0,0.9552120336632726,0.9552120336632726,0.0,0.0,0.0,0.0,0.0,0.81,39.73333333333333,56.699999999999996,1378.984,133,Walker2d-v5,5603,Agente_4
183.38844680786133,136,664768,551.1296348040767,883.3873135427083,202.68211048146742,267.5,8.837634829493354e-05,0.0,0.9552120336632726,0.2846935857224232,4888,0.5,0.99,0.009660804444198827,5.798078759511312,0.8679825007915497,-0.011008760705590249,7.566098896662394,0.009660804444198827,0.8679825007915497,5.798078759511312,1.0,8.837634829493354e-05,8.837634829493354e-05,0.0,0.2846935857224232,0.2846935857224232,0.0,0.9552120336632726,0.9552120336632726,0.0,0.0,0.0,0.0,0.0,0.65,36.9,56.5,1386.501,134,Walker2d-v5,5603,Agente_4
184.58028864860535,137,669656,549.1248858298336,838.8464463145406,202.68211048146742,264.56,8.837634829493354e-05,0.0,0.9552120336632726,0.2846935857224232,4888,0.5,0.99,0.008474388722000488,6.0441345771153765,0.8864041262202793,-0.0074617843868003955,7.527184136708578,0.008474388722000488,0.8864041262202793,6.0441345771153765,1.0,8.837634829493354e-05,8.837634829493354e-05,0.0,0.2846935857224232,0.2846935857224232,0.0,0.9552120336632726,0.9552120336632726,0.0,0.0,0.0,0.0,0.0,0.755,39.15,56.650000000000006,1366.9,135,Walker2d-v5,5603,Agente_4
185.83527994155884,138,674544,551.0047466180736,838.8464463145406,169.29673291149848,269.91,8.837634829493354e-05,0.0,0.9552120336632726,0.2846935857224232,4888,0.5,0.99,0.008932563507146874,5.850452820460002,0.8261534995502896,-0.016725241227282417,7.292424641715156,0.008932563507146874,0.8261534995502896,5.850452820460002,1.0,8.837634829493354e-05,8.837634829493354e-05,0.0,0.2846935857224232,0.2846935857224232,0.0,0.9552120336632726,0.9552120336632726,0.0,0.0,0.0,0.0,0.0,0.58,39.95,56.7,1378.082,136,Walker2d-v5,5603,Agente_4
187.30376195907593,139,679432,551.1505761922399,838.8464463145406,169.29673291149848,265.73,8.837634829493354e-05,0.0,0.9552120336632726,0.2846935857224232,4888,0.5,0.99,0.011252959623299022,4.245574364397261,0.8499872459305657,-0.017316138930618764,7.697463793224759,0.011252959623299022,0.8499872459305657,4.245574364397261,1.0,8.837634829493354e-05,8.837634829493354e-05,0.0,0.2846935857224232,0.2846935857224232,0.0,0.9552120336632726,0.9552120336632726,0.0,0.0,0.0,0.0,0.0,0.8,36.45,56.7,1378.552,137,Walker2d-v5,5603,Agente_4
188.58204770088196,140,684320,543.8732989826311,838.8464463145406,169.29673291149848,259.74,8.837634829493354e-05,0.0,0.9552120336632726,0.2846935857224232,4888,0.5,0.99,0.010726384621820115,6.287538917859395,0.8492856058809493,-0.002857521880004141,7.415136893590291,0.010726384621820115,0.8492856058809493,6.287538917859395,1.0,8.837634829493354e-05,8.837634829493354e-05,0.0,0.2846935857224232,0.2846935857224232,0.0,0.9552120336632726,0.9552120336632726,0.0,0.0,0.0,0.0,0.0,0.87,40.9,56.650000000000006,1341.637,138,Walker2d-v5,5603,Agente_4
189.8116102218628,141,689208,532.3712286109347,771.177222134092,169.29673291149848,252.92,8.837634829493354e-05,0.0,0.9552120336632726,0.2846935857224232,4888,0.5,0.99,0.008410688760017769,6.7575304455227325,0.851670053270128,-0.026596686099138525,7.635091013378567,0.008410688760017769,0.851670053270128,6.7575304455227325,1.0,8.837634829493354e-05,8.837634829493354e-05,0.0,0.2846935857224232,0.2846935857224232,0.0,0.9552120336632726,0.9552120336632726,0.0,0.0,0.0,0.0,0.0,0.79,35.599999999999994,56.75,1335.341,139,Walker2d-v5,5603,Agente_4
190.93345522880554,142,694096,532.878796374665,771.177222134092,169.29673291149848,254.49,8.837634829493354e-05,0.0,0.9552120336632726,0.2846935857224232,4888,0.5,0.99,0.009160243830117704,5.964790285958184,0.8363877481884426,-0.006028003576729033,7.627825583351983,0.009160243830117704,0.8363877481884426,5.964790285958184,1.0,8.837634829493354e-05,8.837634829493354e-05,0.0,0.2846935857224232,0.2846935857224232,0.0,0.9552120336632726,0.9552120336632726,0.0,0.0,0.0,0.0,0.0,0.84,36.8,50.9,1295.802,140,Walker2d-v5,5603,Agente_4
191.86898469924927,143,698984,536.5823989801988,792.1110265222608,147.69856630963082,260.03,8.837634829493354e-05,0.0,0.9552120336632726,0.2846935857224232,4888,0.5,0.99,0.008408153046588672,5.943689669503106,0.8990850342644585,-0.030532132720367776,7.389598284827338,0.008408153046588672,0.8990850342644585,5.943689669503106,1.0,8.837634829493354e-05,8.837634829493354e-05,0.0,0.2846935857224232,0.2846935857224232,0.0,0.9552120336632726,0.9552120336632726,0.0,0.0,0.0,0.0,0.0,0.445,35.349999999999994,48.400000000000006,1259.897,141,Walker2d-v5,5603,Agente_4
193.30798864364624,144,703872,,,,,8.837634829493354e-05,0.0,0.9552120336632726,0.2846935857224232,4888,0.5,0.99,0.004653862404586678,7.552991533279419,0.7945577707555559,-0.04114012945857313,6.551351589626736,0.004653862404586678,0.7945577707555559,7.552991533279419,1.0,8.837634829493354e-05,8.837634829493354e-05,0.0,0.2846935857224232,0.2846935857224232,0.0,0.9552120336632726,0.9552120336632726,0.0,0.0,0.0,0.0,0.0,0.22333333333333336,19.133333333333333,47.53333333333333,1430.654,142,Walker2d-v5,5603,Agente_4
194.5146517753601,145,708760,538.4425654828849,594.4203646458188,460.3641769548158,248.33333333333334,8.837634829493354e-05,0.0,0.9552120336632726,0.2846935857224232,4888,0.5,0.99,0.018271728745134573,3.7332202434539794,0.8768981695175171,-0.014177978142268129,7.521550665961372,0.018271728745134573,0.8768981695175171,3.7332202434539794,1.0,8.837634829493354e-05,8.837634829493354e-05,0.0,0.2846935857224232,0.2846935857224232,0.0,0.9552120336632726,0.9552120336632726,0.0,0.0,0.0,0.0,0.0,0.2,31.75,43.7,1313.781,143,Walker2d-v5,5603,Agente_4
195.96846508979797,146,713648,524.0248216889606,715.7427764832784,80.72423778245006,245.025,8.837634829493354e-05,0.0,0.9552120336632726,0.2846935857224232,4888,0.5,0.99,0.012262749812685393,5.1736104700300425,0.8378410849306318,-0.011608092052241167,7.012283086776733,0.012262749812685393,0.8378410849306318,5.1736104700300425,1.0,8.837634829493354e-05,8.837634829493354e-05,0.0,0.2846935857224232,0.2846935857224232,0.0,0.9552120336632726,0.9552120336632726,0.0,0.0,0.0,0.0,0.0,0.27,36.349999999999994,43.7,1357.106,144,Walker2d-v5,5603,Agente_4
197.1927194595337,147,718536,530.8738495334837,715.7427764832784,80.72423778245006,250.61290322580646,8.837634829493354e-05,0.0,0.9552120336632726,0.2846935857224232,4888,0.5,0.99,0.013818808663280733,6.269569359885322,0.8935120662053426,0.0035726946054233447,6.760329993565877,0.013818808663280733,0.8935120662053426,6.269569359885322,1.0,8.837634829493354e-05,8.837634829493354e-05,0.0,0.2846935857224232,0.2846935857224232,0.0,0.9552120336632726,0.9552120336632726,0.0,0.0,0.0,0.0,0.0,0.16999999999999998,29.6,45.85,1321.489,145,Walker2d-v5,5603,Agente_4
198.658344745636,148,723424,527.8938193207667,715.7427764832784,80.72423778245006,250.1139240506329,8.837634829493354e-05,0.0,0.9552120336632726,0.2846935857224232,4888,0.5,0.99,0.01768689316372224,3.851984661155277,0.8387765453921424,-0.013865441415044996,7.153230349222819,0.01768689316372224,0.8387765453921424,3.851984661155277,1.0,8.837634829493354e-05,8.837634829493354e-05,0.0,0.2846935857224232,0.2846935857224232,0.0,0.9552120336632726,0.9552120336632726,0.0,0.0,0.0,0.0,0.0,0.07,28.066666666666666,47.866666666666674,1347.692,146,Walker2d-v5,5603,Agente_4
199.89141845703125,149,728312,527.6145266783537,745.4241857992658,48.81945120445701,252.33,8.837634829493354e-05,0.0,0.9552120336632726,0.2846935857224232,4888,0.5,0.99,0.018203674143620042,5.751057018174065,0.8153084503279792,-0.01929891219155656,6.795868428548177,0.018203674143620042,0.8153084503279792,5.751057018174065,1.0,8.837634829493354e-05,8.837634829493354e-05,0.0,0.2846935857224232,0.2846935857224232,0.0,0.9552120336632726,0.9552120336632726,0.0,0.0,0.0,0.0,0.0,0.18,38.4,47.0,1326.346,147,Walker2d-v5,5603,Agente_4
201.34416437149048,150,733200,528.4476621660611,745.4241857992658,48.81945120445701,253.18,8.837634829493354e-05,0.0,0.9552120336632726,0.2846935857224232,4888,0.5,0.99,0.016559972040381076,5.436952884991964,0.8496507313516405,-0.01781698606080479,7.235703123940362,0.016559972040381076,0.8496507313516405,5.436952884991964,1.0,8.837634829493354e-05,8.837634829493354e-05,0.0,0.2846935857224232,0.2846935857224232,0.0,0.9552120336632726,0.9552120336632726,0.0,0.0,0.0,0.0,0.0,0.51,42.0,44.45,1342.594,148,Walker2d-v5,5603,Agente_4
203.1364688873291,151,738088,529.4043346665208,777.3939825871614,48.81945120445701,255.24,8.837634829493354e-05,0.0,0.9552120336632726,0.2846935857224232,4888,0.5,0.99,0.012625459404241863,5.905448034074571,0.871530638800727,-0.011503007718258434,7.110040866004097,0.012625459404241863,0.871530638800727,5.905448034074571,1.0,8.837634829493354e-05,8.837634829493354e-05,0.0,0.2846935857224232,0.2846935857224232,0.0,0.9552120336632726,0.9552120336632726,0.0,0.0,0.0,0.0,0.0,0.32999999999999996,43.53333333333334,47.06666666666666,1396.492,149,Walker2d-v5,5603,Agente_4
204.55047416687012,152,742976,547.1821748438445,857.2959334822209,48.81945120445701,265.53,8.837634829493354e-05,0.0,0.9552120336632726,0.2846935857224232,4888,0.5,0.99,0.01577170218548013,5.622219220797221,0.8751755681302812,-0.0040725337962309515,7.031603892644246,0.01577170218548013,0.8751755681302812,5.622219220797221,1.0,8.837634829493354e-05,8.837634829493354e-05,0.0,0.2846935857224232,0.2846935857224232,0.0,0.9552120336632726,0.9552120336632726,0.0,0.0,0.0,0.0,0.0,0.44999999999999996,42.6,51.8,1396.97,150,Walker2d-v5,5603,Agente_4
205.86946058273315,153,747864,552.3988027641864,857.2959334822209,48.81945120445701,270.97,8.837634829493354e-05,0.0,0.9552120336632726,0.2846935857224232,4888,0.5,0.99,0.028108039281465203,5.027987027168274,0.8012392136785719,0.007992722218235333,6.808601755566067,0.028108039281465203,0.8012392136785719,5.027987027168274,1.0,8.837634829493354e-05,8.837634829493354e-05,0.0,0.2846935857224232,0.2846935857224232,0.0,0.9552120336632726,0.9552120336632726,0.0,0.0,0.0,0.0,0.0,0.09,36.85,54.3,1388.321,151,Walker2d-v5,5603,Agente_4
207.08002281188965,154,752752,553.5814260568741,857.2959334822209,43.57044471863585,272.59,8.837634829493354e-05,0.0,0.9552120336632726,0.2846935857224232,4888,0.5,0.99,0.011750062671752756,5.442556262016296,0.8716463221444024,-0.014399152249097824,6.788958957460191,0.011750062671752756,0.8716463221444024,5.442556262016296,1.0,8.837634829493354e-05,8.837634829493354e-05,0.0,0.2846935857224232,0.2846935857224232,0.0,0.9552120336632726,0.9552120336632726,0.0,0.0,0.0,0.0,0.0,0.99,38.9,55.5,1365.139,152,Walker2d-v5,5603,Agente_4
208.54166555404663,155,757640,560.8221430092232,857.2959334822209,43.57044471863585,273.6,8.837634829493354e-05,0.0,0.9552120336632726,0.2846935857224232,4888,0.5,0.99,0.00803955805541692,5.1160695592562355,0.8892778191301558,-0.025404893503420883,6.916308201683892,0.00803955805541692,0.8892778191301558,5.1160695592562355,1.0,8.837634829493354e-05,8.837634829493354e-05,0.0,0.2846935857224232,0.2846935857224232,0.0,0.9552120336632726,0.9552120336632726,0.0,0.0,0.0,0.0,0.0,0.525,41.55,56.1,1390.656,153,Walker2d-v5,5603,Agente_4
210.10086345672607,156,762528,556.1346018994313,857.2959334822209,43.57044471863585,272.03,8.837634829493354e-05,0.0,0.9552120336632726,0.2846935857224232,4888,0.5,0.99,0.012167948022074092,5.371071479055616,0.8673601011435191,-0.01912660031682915,7.0820570998721655,0.012167948022074092,0.8673601011435191,5.371071479055616,1.0,8.837634829493354e-05,8.837634829493354e-05,0.0,0.2846935857224232,0.2846935857224232,0.0,0.9552120336632726,0.9552120336632726,0.0,0.0,0.0,0.0,0.0,0.41333333333333333,35.13333333333333,56.96666666666667,1400.951,154,Walker2d-v5,5603,Agente_4
211.50811505317688,157,767416,548.9968732808518,785.7583077958603,43.57044471863585,267.96,8.837634829493354e-05,0.0,0.9552120336632726,0.2846935857224232,4888,0.5,0.99,0.014475460073097364,5.925108665890164,0.8210772971312205,-0.00812660695777999,7.055799876319037,0.014475460073097364,0.8210772971312205,5.925108665890164,1.0,8.837634829493354e-05,8.837634829493354e-05,0.0,0.2846935857224232,0.2846935857224232,0.0,0.9552120336632726,0.9552120336632726,0.0,0.0,0.0,0.0,0.0,0.25,37.8,57.0,1419.21,155,Walker2d-v5,5603,Agente_4
212.76220750808716,158,772304,541.4648309536631,713.3860600337392,43.57044471863585,262.81,8.837634829493354e-05,0.0,0.9552120336632726,0.2846935857224232,4888,0.5,0.99,0.008707851179254551,6.192806588278876,0.8241341372330984,-0.029550272971391678,7.003386439217461,0.008707851179254551,0.8241341372330984,6.192806588278876,1.0,8.837634829493354e-05,8.837634829493354e-05,0.0,0.2846935857224232,0.2846935857224232,0.0,0.9552120336632726,0.9552120336632726,0.0,0.0,0.0,0.0,0.0,0.89,41.7,57.1,1398.174,156,Walker2d-v5,5603,Agente_4
214.0125560760498,159,777192,535.2985375759619,713.3860600337392,43.57044471863585,260.78,8.837634829493354e-05,0.0,0.9552120336632726,0.2846935857224232,4888,0.5,0.99,0.01564448097495996,5.006513317426045,0.8040389570924971,-0.009952654151452913,6.769104417165121,0.01564448097495996,0.8040389570924971,5.006513317426045,1.0,8.837634829493354e-05,8.837634829493354e-05,0.0,0.2846935857224232,0.2846935857224232,0.0,0.9552120336632726,0.9552120336632726,0.0,0.0,0.0,0.0,0.0,0.82,35.55,57.150000000000006,1399.867,157,Walker2d-v5,5603,Agente_4
215.33217453956604,160,782080,538.5999578047581,787.1833755453598,54.47090037556095,260.38,8.837634829493354e-05,0.0,0.9552120336632726,0.2846935857224232,4888,0.5,0.99,0.01240562737010704,5.944175216886732,0.8510209434562259,-0.018729630609353384,6.562267759111193,0.01240562737010704,0.8510209434562259,5.944175216886732,1.0,8.837634829493354e-05,8.837634829493354e-05,0.0,0.2846935857224232,0.2846935857224232,0.0,0.9552120336632726,0.9552120336632726,0.0,0.0,0.0,0.0,0.0,0.925,37.75,57.2,1386.514,158,Walker2d-v5,5603,Agente_4
216.55600762367249,161,786968,536.6317313738411,787.1833755453598,54.47090037556095,261.68,8.837634829493354e-05,0.0,0.9552120336632726,0.2846935857224232,4888,0.5,0.99,0.010614173521106648,5.320205590460035,0.8465504063500299,-0.029626692686643866,6.416293896569146,0.010614173521106648,0.8465504063500299,5.320205590460035,1.0,8.837634829493354e-05,8.837634829493354e-05,0.0,0.2846935857224232,0.2846935857224232,0.0,0.9552120336632726,0.9552120336632726,0.0,0.0,0.0,0.0,0.0,0.18,38.65,57.2,1330.094,159,Walker2d-v5,5603,Agente_4
218.1285502910614,162,791856,531.7716617399226,787.1833755453598,54.47090037556095,259.65,8.837634829493354e-05,0.0,0.9552120336632726,0.2846935857224232,4888,0.5,0.99,0.01653032065207501,5.678213585747613,0.8277828315893809,-0.0012069490220811632,6.537747330135769,0.01653032065207501,0.8277828315893809,5.678213585747613,1.0,8.837634829493354e-05,8.837634829493354e-05,0.0,0.2846935857224232,0.2846935857224232,0.0,0.9552120336632726,0.9552120336632726,0.0,0.0,0.0,0.0,0.0,0.985,40.400000000000006,57.2,1346.224,160,Walker2d-v5,5603,Agente_4
219.5751748085022,163,796744,540.7736415988146,787.1833755453598,75.94500286933449,259.01,8.837634829493354e-05,0.0,0.9552120336632726,0.2846935857224232,4888,0.5,0.99,0.010175005519866116,6.20614816877577,0.7907138665517172,-0.010333534930315283,6.710594028896756,0.010175005519866116,0.7907138665517172,6.20614816877577,1.0,8.837634829493354e-05,8.837634829493354e-05,0.0,0.2846935857224232,0.2846935857224232,0.0,0.9552120336632726,0.9552120336632726,0.0,0.0,0.0,0.0,0.0,0.19,39.5,57.1,1358.949,161,Walker2d-v5,5603,Agente_4
221.00158524513245,164,801632,529.6827019120406,787.1833755453598,75.94500286933449,256.72,8.837634829493354e-05,0.0,0.9552120336632726,0.2846935857224232,4888,0.5,0.99,0.010735426779724043,5.919640215237935,0.8219209313392639,-0.0017713086472617256,6.261384873920017,0.010735426779724043,0.8219209313392639,5.919640215237935,1.0,8.837634829493354e-05,8.837634829493354e-05,0.0,0.2846935857224232,0.2846935857224232,0.0,0.9552120336632726,0.9552120336632726,0.0,0.0,0.0,0.0,0.0,0.835,39.95,57.1,1380.483,162,Walker2d-v5,5603,Agente_4
222.12404561042786,165,806520,528.8342077830806,880.4598818903011,75.94500286933449,258.62,8.837634829493354e-05,0.0,0.9552120336632726,0.2846935857224232,4888,0.5,0.99,0.008964245223614853,6.213249037000868,0.7782639728652107,-0.02138462689601713,6.725384436713325,0.008964245223614853,0.7782639728652107,6.213249037000868,1.0,8.837634829493354e-05,8.837634829493354e-05,0.0,0.2846935857224232,0.2846935857224232,0.0,0.9552120336632726,0.9552120336632726,0.0,0.0,0.0,0.0,0.0,0.69,35.8,57.0,1346.323,163,Walker2d-v5,5603,Agente_4
223.39790058135986,166,811408,522.7148492413647,880.4598818903011,75.94500286933449,261.47,8.837634829493354e-05,0.0,0.9552120336632726,0.2846935857224232,4888,0.5,0.99,0.013370407750982041,5.45070139169693,0.7992144061459435,-0.030481580603453847,6.273579125934177,0.013370407750982041,0.7992144061459435,5.45070139169693,1.0,8.837634829493354e-05,8.837634829493354e-05,0.0,0.2846935857224232,0.2846935857224232,0.0,0.9552120336632726,0.9552120336632726,0.0,0.0,0.0,0.0,0.0,0.5900000000000001,37.7,56.95,1318.12,164,Walker2d-v5,5603,Agente_4
224.5664803981781,167,816296,526.2975514021574,880.4598818903011,86.1133873356728,261.55,8.837634829493354e-05,0.0,0.9552120336632726,0.2846935857224232,4888,0.5,0.99,0.011650430234213773,6.3016479068332245,0.7890376713540819,-0.0007833392980198065,6.899446222517225,0.011650430234213773,0.7890376713540819,6.3016479068332245,1.0,8.837634829493354e-05,8.837634829493354e-05,0.0,0.2846935857224232,0.2846935857224232,0.0,0.9552120336632726,0.9552120336632726,0.0,0.0,0.0,0.0,0.0,0.2,41.2,56.9,1294.29,165,Walker2d-v5,5603,Agente_4
226.00277400016785,168,821184,523.5463748878105,880.4598818903011,86.1133873356728,261.28,8.837634829493354e-05,0.0,0.9552120336632726,0.2846935857224232,4888,0.5,0.99,0.010784030316184119,5.796128683620029,0.8266094691223569,-0.028461524637209044,6.134232017729017,0.010784030316184119,0.8266094691223569,5.796128683620029,1.0,8.837634829493354e-05,8.837634829493354e-05,0.0,0.2846935857224232,0.2846935857224232,0.0,0.9552120336632726,0.9552120336632726,0.0,0.0,0.0,0.0,0.0,0.565,39.0,56.849999999999994,1312.316,166,Walker2d-v5,5603,Agente_4
227.30504631996155,169,826072,534.4524719948106,880.4598818903011,127.28345030701013,268.87,8.837634829493354e-05,0.0,0.9552120336632726,0.2846935857224232,4888,0.5,0.99,0.012367930832745818,6.144336973296271,0.8443584726916419,-0.03252525263362461,6.31469300587972,0.012367930832745818,0.8443584726916419,6.144336973296271,1.0,8.837634829493354e-05,8.837634829493354e-05,0.0,0.2846935857224232,0.2846935857224232,0.0,0.9552120336632726,0.9552120336632726,0.0,0.0,0.0,0.0,0.0,0.17,37.65,56.8,1317.633,167,Walker2d-v5,5603,Agente_4
228.60493397712708,170,830960,544.3689270515393,932.5325816794293,109.02713073915316,273.09,8.837634829493354e-05,0.0,0.9552120336632726,0.2846935857224232,4888,0.5,0.99,0.011416737344229154,4.8167349656422935,0.8381235831313663,-0.004984498769044876,6.222397873136733,0.011416737344229154,0.8381235831313663,4.8167349656422935,1.0,8.837634829493354e-05,8.837634829493354e-05,0.0,0.2846935857224232,0.2846935857224232,0.0,0.9552120336632726,0.9552120336632726,0.0,0.0,0.0,0.0,0.0,0.5599999999999999,38.900000000000006,56.849999999999994,1316.115,168,Walker2d-v5,5603,Agente_4
229.77545547485352,171,835848,540.9716733778591,932.5325816794293,109.02713073915316,266.09,8.837634829493354e-05,0.0,0.9552120336632726,0.2846935857224232,4888,0.5,0.99,0.013499912434538904,5.596017217636108,0.7873029463820987,-0.015018228979574309,6.086833736631605,0.013499912434538904,0.7873029463820987,5.596017217636108,1.0,8.837634829493354e-05,8.837634829493354e-05,0.0,0.2846935857224232,0.2846935857224232,0.0,0.9552120336632726,0.9552120336632726,0.0,0.0,0.0,0.0,0.0,0.18,33.1,56.8,1311.09,169,Walker2d-v5,5603,Agente_4
231.1548752784729,172,840736,534.4715958920281,932.5325816794293,39.07404976574723,261.15,8.837634829493354e-05,0.0,0.9552120336632726,0.2846935857224232,4888,0.5,0.99,0.016314198871259577,5.59722839196523,0.8176423615879482,-0.011713836900889873,6.088656441370646,0.016314198871259577,0.8176423615879482,5.59722839196523,1.0,8.837634829493354e-05,8.837634829493354e-05,0.0,0.2846935857224232,0.2846935857224232,0.0,0.9552120336632726,0.9552120336632726,0.0,0.0,0.0,0.0,0.0,0.815,38.95,56.650000000000006,1291.859,170,Walker2d-v5,5603,Agente_4
232.5929353237152,173,845624,536.0116736730116,932.5325816794293,39.07404976574723,261.55,8.837634829493354e-05,0.0,0.9552120336632726,0.2846935857224232,4888,0.5,0.99,0.009833888425904054,5.677125295003255,0.783691159884135,-0.01573625322845247,6.570169507132636,0.009833888425904054,0.783691159884135,5.677125295003255,1.0,8.837634829493354e-05,8.837634829493354e-05,0.0,0.2846935857224232,0.2846935857224232,0.0,0.9552120336632726,0.9552120336632726,0.0,0.0,0.0,0.0,0.0,0.22,38.900000000000006,56.6,1290.489,171,Walker2d-v5,5603,Agente_4
233.79443955421448,174,850512,528.1431998088526,932.5325816794293,39.07404976574723,258.0,8.837634829493354e-05,0.0,0.9552120336632726,0.2846935857224232,4888,0.5,0.99,0.014100400251623391,6.26536599000295,0.7830354968706766,-0.003636804409325123,6.011691199408637,0.014100400251623391,0.7830354968706766,6.26536599000295,1.0,8.837634829493354e-05,8.837634829493354e-05,0.0,0.2846935857224232,0.2846935857224232,0.0,0.9552120336632726,0.9552120336632726,0.0,0.0,0.0,0.0,0.0,0.57,39.349999999999994,56.7,1267.935,172,Walker2d-v5,5603,Agente_4
235.1265754699707,175,855400,526.8548502779856,684.979750468569,39.07404976574723,255.36,8.837634829493354e-05,0.0,0.9552120336632726,0.2846935857224232,4888,0.5,0.99,0.01675268991077448,4.892731481128269,0.7351508193545871,0.003170906255642573,6.197771342595418,0.01675268991077448,0.7351508193545871,4.892731481128269,1.0,8.837634829493354e-05,8.837634829493354e-05,0.0,0.2846935857224232,0.2846935857224232,0.0,0.9552120336632726,0.9552120336632726,0.0,0.0,0.0,0.0,0.0,0.495,36.8,56.7,1289.146,173,Walker2d-v5,5603,Agente_4
227.92956948280334,187,850736,,,,,8.144764258861075e-05,0.0,0.99,0.5,3002,0.5,0.99,0.003382839120460817,9.19227912902832,0.5508414888381958,-0.0010794604197144509,7.219500637054443,0.003382839120460817,0.5508414888381958,9.19227912902832,1.0,8.144764258861075e-05,8.144764258861075e-05,0.0,0.5,0.5,0.0,0.99,0.99,0.0,0.0,0.0,0.0,0.0,0.13,16.5,49.75,929.245,174,Walker2d-v5,5603,Agente_4
228.89175391197205,188,853744,,,,,8.144764258861075e-05,0.0,0.99,0.5,3002,0.5,0.99,0.011654018229819485,4.865035572052002,0.5041437602043152,-0.005301895253360271,8.80629737854004,0.011654018229819485,0.5041437602043152,4.865035572052002,1.0,8.144764258861075e-05,8.144764258861075e-05,0.0,0.5,0.5,0.0,0.99,0.99,0.0,0.0,0.0,0.0,0.0,0.245,38.5,50.0,940.831,175,Walker2d-v5,5603,Agente_4
229.45552945137024,189,856752,534.2837452232695,642.9412912551963,401.83707809650866,234.94117647058823,8.144764258861075e-05,0.0,0.99,0.5,3002,0.5,0.99,0.02517808155156672,3.352615615129471,0.3223251843452454,-0.050132193751633164,8.70970127105713,0.02517808155156672,0.3223251843452454,3.352615615129471,1.0,8.144764258861075e-05,8.144764258861075e-05,0.0,0.5,0.5,0.0,0.99,0.99,0.0,0.0,0.0,0.0,0.0,0.08,21.0,51.8,811.505,176,Walker2d-v5,5603,Agente_4
230.30270767211914,190,859760,599.9141149455284,807.7487091615118,401.83707809650866,269.06451612903226,8.144764258861075e-05,0.0,0.99,0.5,3002,0.5,0.99,0.021405425036427915,6.414972925186158,0.718826277256012,-0.06072423495352268,7.615722188949585,0.021405425036427915,0.718826277256012,6.414972925186158,1.0,8.144764258861075e-05,8.144764258861075e-05,0.0,0.5,0.5,0.0,0.99,0.99,0.0,0.0,0.0,0.0,0.0,0.08,52.7,52.9,817.165,177,Walker2d-v5,5603,Agente_4
231.19936203956604,191,862768,568.7687002204173,807.7487091615118,28.02794618789939,259.56756756756755,8.144764258861075e-05,0.0,0.99,0.5,3002,0.5,0.99,0.014651376534457085,4.118205009698868,0.016704941987991332,-0.014378019832074642,8.020560808181763,0.014651376534457085,0.016704941987991332,4.118205009698868,1.0,8.144764258861075e-05,8.144764258861075e-05,0.0,0.5,0.5,0.0,0.99,0.99,0.0,0.0,0.0,0.0,0.0,0.18000000000000002,38.95,54.55,830.956,178,Walker2d-v5,5603,Agente_4
231.90087962150574,192,865776,583.3922411675919,807.7487091615118,28.02794618789939,261.5740740740741,8.144764258861075e-05,0.0,0.99,0.5,3002,0.5,0.99,0.010038120870594866,4.4297340965271,0.5038241481781006,-0.05213500022888184,8.463278903961182,0.010038120870594866,0.5038241481781006,4.4297340965271,1.0,8.144764258861075e-05,8.144764258861075e-05,0.0,0.5,0.5,0.0,0.99,0.99,0.0,0.0,0.0,0.0,0.0,0.28,29.6,55.8,808.014,179,Walker2d-v5,5603,Agente_4
232.4968113899231,193,868784,592.9510678481678,807.7487091615118,28.02794618789939,265.63492063492066,8.144764258861075e-05,0.0,0.99,0.5,3002,0.5,0.99,0.018508205429643567,6.181236991882324,0.5458053314685821,0.05112859509885311,7.549116144180298,0.018508205429643567,0.5458053314685821,6.181236991882324,1.0,8.144764258861075e-05,8.144764258861075e-05,0.0,0.5,0.5,0.0,0.99,0.99,0.0,0.0,0.0,0.0,0.0,0.9,29.5,50.8,775.913,180,Walker2d-v5,5603,Agente_4
233.12598967552185,194,871792,587.9650294385846,807.7487091615118,28.02794618789939,265.50704225352115,8.144764258861075e-05,0.0,0.99,0.5,3002,0.5,0.99,0.011064659001713153,4.504232430458069,0.44483418703079225,-0.03462623380124569,8.482968473434449,0.011064659001713153,0.44483418703079225,4.504232430458069,1.0,8.144764258861075e-05,8.144764258861075e-05,0.0,0.5,0.5,0.0,0.99,0.99,0.0,0.0,0.0,0.0,0.0,0.13,28.6,43.3,756.28,181,Walker2d-v5,5603,Agente_4
233.87664103507996,195,874800,586.7206882400067,807.7487091615118,28.02794618789939,262.4022988505747,8.144764258861075e-05,0.0,0.99,0.5,3002,0.5,0.99,0.026604511887417175,4.564004831314087,0.4019601893424988,-0.016356553360819818,8.41075924873352,0.026604511887417175,0.4019601893424988,4.564004831314087,1.0,8.144764258861075e-05,8.144764258861075e-05,0.0,0.5,0.5,0.0,0.99,0.99,0.0,0.0,0.0,0.0,0.0,0.27,33.4,40.4,754.645,182,Walker2d-v5,5603,Agente_4
234.753413438797,196,877808,593.0572662159198,807.7487091615118,28.02794618789939,265.0729166666667,8.144764258861075e-05,0.0,0.99,0.5,3002,0.5,0.99,0.0065360206173500045,5.798277797698975,0.7656528115272522,0.0021239015087485312,7.890181674957275,0.0065360206173500045,0.7656528115272522,5.798277797698975,1.0,8.144764258861075e-05,8.144764258861075e-05,0.0,0.5,0.5,0.0,0.99,0.99,0.0,0.0,0.0,0.0,0.0,0.27,40.2,42.7,765.812,183,Walker2d-v5,5603,Agente_4
235.69751381874084,197,880816,595.0084395092572,807.7487091615118,28.02794618789939,268.19,8.144764258861075e-05,0.0,0.99,0.5,3002,0.5,0.99,0.006528753198363119,5.12198130607605,0.6290791642665863,-0.007638826556503772,8.018802614212037,0.006528753198363119,0.6290791642665863,5.12198130607605,1.0,8.144764258861075e-05,8.144764258861075e-05,0.0,0.5,0.5,0.0,0.99,0.99,0.0,0.0,0.0,0.0,0.0,0.2,40.5,44.1,765.819,184,Walker2d-v5,5603,Agente_4
236.67959904670715,198,883824,599.2436332246303,807.7487091615118,28.02794618789939,269.4,8.144764258861075e-05,0.0,0.99,0.5,3002,0.5,0.99,0.016715917085548426,4.139660658836365,0.41120834231376646,-0.024583056494593622,8.59625186920166,0.016715917085548426,0.41120834231376646,4.139660658836365,1.0,8.144764258861075e-05,8.144764258861075e-05,0.0,0.5,0.5,0.0,0.99,0.99,0.0,0.0,0.0,0.0,0.0,0.16,50.15,47.25,767.32,185,Walker2d-v5,5603,Agente_4
237.66842770576477,199,886832,594.5115631978977,785.8445717312248,28.02794618789939,265.71,8.144764258861075e-05,0.0,0.99,0.5,3002,0.5,0.99,0.009243240291234543,5.391045246124268,0.5531278765201568,0.05998891450464725,7.541134729385376,0.009243240291234543,0.5531278765201568,5.391045246124268,1.0,8.144764258861075e-05,8.144764258861075e-05,0.0,0.5,0.5,0.0,0.99,0.99,0.0,0.0,0.0,0.0,0.0,0.8,49.5,50.0,809.701,186,Walker2d-v5,5603,Agente_4
238.6127622127533,200,889840,606.0154360203153,785.8445717312248,107.60579677542333,268.7,8.144764258861075e-05,0.0,0.99,0.5,3002,0.5,0.99,0.011412353171035648,4.058409676551819,0.6401076400279999,-0.06866452023386956,8.636892461776734,0.011412353171035648,0.6401076400279999,4.058409676551819,1.0,8.144764258861075e-05,8.144764258861075e-05,0.0,0.5,0.5,0.0,0.99,0.99,0.0,0.0,0.0,0.0,0.0,0.83,42.2,52.3,819.693,187,Walker2d-v5,5603,Agente_4
239.36689019203186,201,892848,596.3099392473399,785.8445717312248,107.60579677542333,264.95,8.144764258861075e-05,0.0,0.99,0.5,3002,0.5,0.99,0.006609926434466615,5.130080842971802,0.5306763660907745,-0.010094882696866989,8.11080545425415,0.006609926434466615,0.5306763660907745,5.130080842971802,1.0,8.144764258861075e-05,8.144764258861075e-05,0.0,0.5,0.5,0.0,0.99,0.99,0.0,0.0,0.0,0.0,0.0,0.25,35.8,53.6,805.397,188,Walker2d-v5,5603,Agente_4
240.05469369888306,202,895856,595.6943518739591,828.2138350167976,107.60579677542333,264.08,8.144764258861075e-05,0.0,0.99,0.5,3002,0.5,0.99,0.008467376005792176,5.525110569000244,0.5571708333492279,0.017660796493291855,8.223466339111328,0.008467376005792176,0.5571708333492279,5.525110569000244,1.0,8.144764258861075e-05,8.144764258861075e-05,0.0,0.5,0.5,0.0,0.99,0.99,0.0,0.0,0.0,0.0,0.0,0.25,39.2,54.9,803.494,189,Walker2d-v5,5603,Agente_4
241.0136649608612,203,898864,603.3796265790348,828.2138350167976,394.3315599159261,265.02,8.144764258861075e-05,0.0,0.99,0.5,3002,0.5,0.99,0.010146447928382258,4.4490451669693,0.46709265232086183,-0.0004102911055088043,8.440693550109863,0.010146447928382258,0.46709265232086183,4.4490451669693,1.0,8.144764258861075e-05,8.144764258861075e-05,0.0,0.5,0.5,0.0,0.99,0.99,0.0,0.0,0.0,0.0,0.0,0.19,37.5,55.95,840.123,190,Walker2d-v5,5603,Agente_4
241.7184774875641,204,901872,607.5615799564667,828.2138350167976,394.3315599159261,267.66,8.144764258861075e-05,0.0,0.99,0.5,3002,0.5,0.99,0.007725350546534174,5.486334209442139,0.5106739664077758,-0.04605264984071255,7.511547737121582,0.007725350546534174,0.5106739664077758,5.486334209442139,1.0,8.144764258861075e-05,8.144764258861075e-05,0.0,0.5,0.5,0.0,0.99,0.99,0.0,0.0,0.0,0.0,0.0,0.99,34.8,56.8,847.381,191,Walker2d-v5,5603,Agente_4
242.4899079799652,205,904880,611.0323066029637,828.2138350167976,394.3315599159261,269.01,8.144764258861075e-05,0.0,0.99,0.5,3002,0.5,0.99,0.01591495436266996,4.736581835746765,0.6541799414157867,0.042930596694350245,8.28039484024048,0.01591495436266996,0.6541799414157867,4.736581835746765,1.0,8.144764258861075e-05,8.144764258861075e-05,0.0,0.5,0.5,0.0,0.99,0.99,0.0,0.0,0.0,0.0,0.0,0.99,43.3,56.9,849.338,192,Walker2d-v5,5603,Agente_4
243.57998275756836,206,907888,616.2710143632142,828.2138350167976,394.3315599159261,268.76,8.144764258861075e-05,0.0,0.99,0.5,3002,0.5,0.99,0.019454541248342137,4.594554386138916,0.58536101937294,-0.026090218126773833,8.11340973854065,0.019454541248342137,0.58536101937294,4.594554386138916,1.0,8.144764258861075e-05,8.144764258861075e-05,0.0,0.5,0.5,0.0,0.99,0.99,0.0,0.0,0.0,0.0,0.0,0.83,38.6,56.9,870.056,193,Walker2d-v5,5603,Agente_4
244.59852814674377,207,910896,622.8939517734501,900.3053463025173,394.3315599159261,274.63,8.144764258861075e-05,0.0,0.99,0.5,3002,0.5,0.99,0.008059977570701449,5.053493990898132,0.28546108603477477,0.010249571949243546,8.113964929580689,0.008059977570701449,0.28546108603477477,5.053493990898132,1.0,8.144764258861075e-05,8.144764258861075e-05,0.0,0.5,0.5,0.0,0.99,0.99,0.0,0.0,0.0,0.0,0.0,0.96,40.7,57.1,878.084,194,Walker2d-v5,5603,Agente_4
245.28174233436584,208,913904,620.8952467446693,900.3053463025173,394.3315599159261,274.32,8.144764258861075e-05,0.0,0.99,0.5,3002,0.5,0.99,0.020776937230439215,4.58457813501358,0.5328084170818329,-0.051452137678861615,8.125328435897828,0.020776937230439215,0.5328084170818329,4.58457813501358,1.0,8.144764258861075e-05,8.144764258861075e-05,0.0,0.5,0.5,0.0,0.99,0.99,0.0,0.0,0.0,0.0,0.0,0.24,28.6,57.1,848.154,195,Walker2d-v5,5603,Agente_4
246.07865858078003,209,916912,620.116173994091,900.3053463025173,394.3315599159261,274.52,8.144764258861075e-05,0.0,0.99,0.5,3002,0.5,0.99,0.013985562936686619,4.205543041229248,0.5263615155220032,-0.013082397505640983,7.866720838546753,0.013985562936686619,0.5263615155220032,4.205543041229248,1.0,8.144764258861075e-05,8.144764258861075e-05,0.0,0.5,0.5,0.0,0.99,0.99,0.0,0.0,0.0,0.0,0.0,0.12,50.1,57.1,829.334,196,Walker2d-v5,5603,Agente_4
246.8839521408081,210,919920,628.3979795954116,900.3053463025173,394.3315599159261,279.05,8.144764258861075e-05,0.0,0.99,0.5,3002,0.5,0.99,0.01833608704910148,4.054326786994934,0.2440980315208435,0.031811368353664875,8.085830402374267,0.01833608704910148,0.2440980315208435,4.054326786994934,1.0,8.144764258861075e-05,8.144764258861075e-05,0.0,0.5,0.5,0.0,0.99,0.99,0.0,0.0,0.0,0.0,0.0,0.8,31.2,57.1,815.152,197,Walker2d-v5,5603,Agente_4
247.79644966125488,211,922928,625.0696564571816,900.3053463025173,381.57861993276794,277.5,8.144764258861075e-05,0.0,0.99,0.5,3002,0.5,0.99,0.005685397442721296,5.871230072975159,0.644050577878952,-0.015777054615318774,7.832057876586914,0.005685397442721296,0.644050577878952,5.871230072975159,1.0,8.144764258861075e-05,8.144764258861075e-05,0.0,0.5,0.5,0.0,0.99,0.99,0.0,0.0,0.0,0.0,0.0,0.8,42.5,57.1,831.224,198,Walker2d-v5,5603,Agente_4
248.65421867370605,212,925936,611.4379429177892,900.3053463025173,152.12720140850053,274.35,8.144764258861075e-05,0.0,0.99,0.5,3002,0.5,0.99,0.007188064302572457,5.761310114860534,0.5343320178985596,-0.04692930087447166,7.697200517654419,0.007188064302572457,0.5343320178985596,5.761310114860534,1.0,8.144764258861075e-05,8.144764258861075e-05,0.0,0.5,0.5,0.0,0.99,0.99,0.0,0.0,0.0,0.0,0.0,0.785,38.849999999999994,56.95,848.536,199,Walker2d-v5,5603,Agente_4
249.4266002178192,213,928944,607.2915441137371,900.3053463025173,152.12720140850053,273.22,8.144764258861075e-05,0.0,0.99,0.5,3002,0.5,0.99,0.006331433518207632,3.8588991558551786,0.35631795167922975,-0.05662611648440361,8.686418561935424,0.006331433518207632,0.35631795167922975,3.8588991558551786,1.0,8.144764258861075e-05,8.144764258861075e-05,0.0,0.5,0.5,0.0,0.99,0.99,0.0,0.0,0.0,0.0,0.0,0.99,34.9,57.0,829.987,200,Walker2d-v5,5603,Agente_4
250.35735845565796,214,931952,596.9170850916488,900.3053463025173,152.12720140850053,267.89,8.144764258861075e-05,0.0,0.99,0.5,3002,0.5,0.99,0.009855809192686138,5.868760895729065,0.6648524630069733,-0.01732110567390919,8.138672065734863,0.009855809192686138,0.6648524630069733,5.868760895729065,1.0,8.144764258861075e-05,8.144764258861075e-05,0.0,0.5,0.5,0.0,0.99,0.99,0.0,0.0,0.0,0.0,0.0,0.99,44.5,57.1,853.061,201,Walker2d-v5,5603,Agente_4
251.23463463783264,215,934960,593.2312082850168,900.3053463025173,152.12720140850053,267.71,8.144764258861075e-05,0.0,0.99,0.5,3002,0.5,0.99,0.0042238842397136975,6.001315031051636,0.7274531173706055,0.021186253875494002,7.958743667602539,0.0042238842397136975,0.7274531173706055,6.001315031051636,1.0,8.144764258861075e-05,8.144764258861075e-05,0.0,0.5,0.5,0.0,0.99,0.99,0.0,0.0,0.0,0.0,0.0,0.69,35.9,56.8,863.47,202,Walker2d-v5,5603,Agente_4
252.15364623069763,216,937968,580.0516118354593,806.3356854365528,152.12720140850053,262.22,8.144764258861075e-05,0.0,0.99,0.5,3002,0.5,0.99,0.0069922868933554125,4.564751424789429,0.4573427486419678,-0.06293662488460541,8.540040740966797,0.0069922868933554125,0.4573427486419678,4.564751424789429,1.0,8.144764258861075e-05,8.144764258861075e-05,0.0,0.5,0.5,0.0,0.99,0.99,0.0,0.0,0.0,0.0,0.0,0.94,37.2,56.9,847.117,203,Walker2d-v5,5603,Agente_4
253.0691168308258,217,940976,583.7179099145492,806.3356854365528,152.12720140850053,264.67,8.144764258861075e-05,0.0,0.99,0.5,3002,0.5,0.99,0.014341886935726507,5.465408992767334,0.2956797742843628,0.03328965827822685,8.042794227600098,0.014341886935726507,0.2956797742843628,5.465408992767334,1.0,8.144764258861075e-05,8.144764258861075e-05,0.0,0.5,0.5,0.0,0.99,0.99,0.0,0.0,0.0,0.0,0.0,0.99,38.5,56.8,836.52,204,Walker2d-v5,5603,Agente_4
253.9226062297821,218,943984,580.1710256763852,806.3356854365528,152.12720140850053,262.42,8.144764258861075e-05,0.0,0.99,0.5,3002,0.5,0.99,0.008030095064168564,5.844206228256225,0.47001779556274415,-0.002896779328584671,7.833107023239136,0.008030095064168564,0.47001779556274415,5.844206228256225,1.0,8.144764258861075e-05,8.144764258861075e-05,0.0,0.5,0.5,0.0,0.99,0.99,0.0,0.0,0.0,0.0,0.0,0.85,37.9,57.0,854.11,205,Walker2d-v5,5603,Agente_4
254.59145259857178,219,946992,578.003469720439,787.551838482838,152.12720140850053,258.89,8.144764258861075e-05,0.0,0.99,0.5,3002,0.5,0.99,0.011940187690779567,3.9332249927520753,0.4289588570594788,-0.03518068205565214,8.625976686477662,0.011940187690779567,0.4289588570594788,3.9332249927520753,1.0,8.144764258861075e-05,8.144764258861075e-05,0.0,0.5,0.5,0.0,0.99,0.99,0.0,0.0,0.0,0.0,0.0,0.95,36.7,57.0,841.052,206,Walker2d-v5,5603,Agente_4
255.41489219665527,220,950000,585.5387774038462,920.4663626832698,152.12720140850053,268.81,8.144764258861075e-05,0.0,0.99,0.5,3002,0.5,0.99,0.009433538274024614,5.782690048217773,0.5705203914642334,-0.0269671293720603,7.250504655838013,0.009433538274024614,0.5705203914642334,5.782690048217773,1.0,8.144764258861075e-05,8.144764258861075e-05,0.0,0.5,0.5,0.0,0.99,0.99,0.0,0.0,0.0,0.0,0.0,0.95,37.5,57.0,843.019,207,Walker2d-v5,5603,Agente_4
256.36422300338745,221,953008,,,,,8.144764258861075e-05,0.0,0.99,0.5,3002,0.5,0.99,0.0024825603464723026,8.665672273635865,0.716356201171875,0.02840718813240528,6.742553539276123,0.0024825603464723026,0.716356201171875,8.665672273635865,1.0,8.144764258861075e-05,8.144764258861075e-05,0.0,0.5,0.5,0.0,0.99,0.99,0.0,0.0,0.0,0.0,0.0,0.19,17.0,39.75,939.989,208,Walker2d-v5,5603,Agente_4
257.0569443702698,222,956016,390.86102197639525,390.86102197639525,390.86102197639525,185.0,8.144764258861075e-05,0.0,0.99,0.5,3002,0.5,0.99,0.006913528912482434,3.9834826517105104,0.2898087501525879,-0.006621904782950878,8.864594860076904,0.006913528912482434,0.2898087501525879,3.9834826517105104,1.0,8.144764258861075e-05,8.144764258861075e-05,0.0,0.5,0.5,0.0,0.99,0.99,0.0,0.0,0.0,0.0,0.0,0.1,32.4,40.8,811.437,209,Walker2d-v5,5603,Agente_4
257.9508867263794,223,959024,571.9613134772686,685.5503239727392,390.86102197639525,250.83333333333334,8.144764258861075e-05,0.0,0.99,0.5,3002,0.5,0.99,0.017066276316327275,0.9293390440940857,0.0027561259269714357,-0.03369019113481045,8.993989143371582,0.017066276316327275,0.0027561259269714357,0.9293390440940857,1.0,8.144764258861075e-05,8.144764258861075e-05,0.0,0.5,0.5,0.0,0.99,0.99,0.0,0.0,0.0,0.0,0.0,0.15,36.0,41.3,835.873,210,Walker2d-v5,5603,Agente_4
258.650053024292,224,962032,612.6425303456706,858.0113981879693,390.86102197639525,271.61290322580646,8.144764258861075e-05,0.0,0.99,0.5,3002,0.5,0.99,0.016230910204612883,7.052723598480225,0.8043445694446564,-0.04978455301374197,6.061680402755737,0.016230910204612883,0.8043445694446564,7.052723598480225,1.0,8.144764258861075e-05,8.144764258861075e-05,0.0,0.5,0.5,0.0,0.99,0.99,0.0,0.0,0.0,0.0,0.0,0.15,37.8,43.2,799.168,211,Walker2d-v5,5603,Agente_4
259.27694368362427,225,965040,611.8275477128145,858.0113981879693,390.86102197639525,272.969696969697,8.144764258861075e-05,0.0,0.99,0.5,3002,0.5,0.99,0.012670438667555572,3.1954161095619202,-0.19012065291404723,0.003656822293996811,8.586383457183837,0.012670438667555572,-0.19012065291404723,3.1954161095619202,1.0,8.144764258861075e-05,8.144764258861075e-05,0.0,0.5,0.5,0.0,0.99,0.99,0.0,0.0,0.0,0.0,0.0,0.87,32.8,44.2,762.752,212,Walker2d-v5,5603,Agente_4
260.00933361053467,226,968048,601.7538325118592,858.0113981879693,188.54846039798892,269.94545454545454,8.144764258861075e-05,0.0,0.99,0.5,3002,0.5,0.99,0.021837393563473598,1.8482300627231598,-0.15670080423355104,-0.037254713922739026,8.907704582214356,0.021837393563473598,-0.15670080423355104,1.8482300627231598,1.0,8.144764258861075e-05,8.144764258861075e-05,0.0,0.5,0.5,0.0,0.99,0.99,0.0,0.0,0.0,0.0,0.0,0.23,33.4,45.5,756.183,213,Walker2d-v5,5603,Agente_4
260.5906057357788,227,971056,610.9581699496044,858.0113981879693,188.54846039798892,273.6290322580645,8.144764258861075e-05,0.0,0.99,0.5,3002,0.5,0.99,0.027397287302883343,5.953176155090332,0.35436365723609925,0.04393342435359955,6.396353244781494,0.027397287302883343,0.35436365723609925,5.953176155090332,1.0,8.144764258861075e-05,8.144764258861075e-05,0.0,0.5,0.5,0.0,0.99,0.99,0.0,0.0,0.0,0.0,0.0,0.23,25.7,46.2,729.958,214,Walker2d-v5,5603,Agente_4
261.1660461425781,228,974064,603.1498116990869,864.2634978346342,188.54846039798892,270.72857142857146,8.144764258861075e-05,0.0,0.99,0.5,3002,0.5,0.99,0.005513159601723601,3.386994090080261,0.24908302664756776,-0.04411073856055737,8.96943681716919,0.005513159601723601,0.24908302664756776,3.386994090080261,1.0,8.144764258861075e-05,8.144764258861075e-05,0.0,0.5,0.5,0.0,0.99,0.99,0.0,0.0,0.0,0.0,0.0,0.82,18.9,47.3,709.525,215,Walker2d-v5,5603,Agente_4
261.7280333042145,229,977072,600.7393533880756,864.2634978346342,188.54846039798892,269.0888888888889,8.144764258861075e-05,0.0,0.99,0.5,3002,0.5,0.99,0.012918062536045908,2.625243557691574,0.02070663809776306,-0.008938655108213425,8.538442840576172,0.012918062536045908,0.02070663809776306,2.625243557691574,1.0,8.144764258861075e-05,8.144764258861075e-05,0.0,0.5,0.5,0.0,0.99,0.99,0.0,0.0,0.0,0.0,0.0,,,,691.722,216,Walker2d-v5,5603,Agente_4
262.33931064605713,230,980080,604.5383988660192,864.2634978346342,188.54846039798892,270.1914893617021,8.144764258861075e-05,0.0,0.99,0.5,3002,0.5,0.99,0.010780141024260956,6.1407098388671875,0.7615046787261963,0.038161702416837216,6.580134868621826,0.010780141024260956,0.7615046787261963,6.1407098388671875,1.0,8.144764258861075e-05,8.144764258861075e-05,0.0,0.5,0.5,0.0,0.99,0.99,0.0,0.0,0.0,0.0,0.0,0.08,26.3,43.3,682.714,217,Walker2d-v5,5603,Agente_4
262.88690996170044,231,983088,606.2459759612583,864.2634978346342,188.54846039798892,270.62,8.144764258861075e-05,0.0,0.99,0.5,3002,0.5,0.99,0.01171349886644748,3.5778677821159364,0.30467967748641966,-0.019796202182769774,8.230099668502808,0.01171349886644748,0.30467967748641966,3.5778677821159364,1.0,8.144764258861075e-05,8.144764258861075e-05,0.0,0.5,0.5,0.0,0.99,0.99,0.0,0.0,0.0,0.0,0.0,0.85,31.5,40.6,642.275,218,Walker2d-v5,5603,Agente_4
263.5436592102051,232,986096,609.1575913964366,864.2634978346342,188.54846039798892,271.64,8.144764258861075e-05,0.0,0.99,0.5,3002,0.5,0.99,0.012628481453721179,3.7883760213851927,0.21597396492958068,-0.01612196773290634,8.1622767162323,0.012628481453721179,0.21597396492958068,3.7883760213851927,1.0,8.144764258861075e-05,8.144764258861075e-05,0.0,0.5,0.5,0.0,0.99,0.99,0.0,0.0,0.0,0.0,0.0,0.85,28.8,40.8,638.275,219,Walker2d-v5,5603,Agente_4
264.17378282546997,233,989104,603.3006621813641,864.2634978346342,188.54846039798892,269.95,8.144764258861075e-05,0.0,0.99,0.5,3002,0.5,0.99,0.02020583368437656,5.827174806594849,0.41453404903411867,0.028486980460584163,7.149830141067505,0.02020583368437656,0.41453404903411867,5.827174806594849,1.0,8.144764258861075e-05,8.144764258861075e-05,0.0,0.5,0.5,0.0,0.99,0.99,0.0,0.0,0.0,0.0,0.0,0.49,36.3,41.0,611.778,220,Walker2d-v5,5603,Agente_4
264.8869502544403,234,992112,597.6865759562057,864.2634978346342,188.54846039798892,266.35,8.144764258861075e-05,0.0,0.99,0.5,3002,0.5,0.99,0.00581558693520492,3.9469941520690917,0.3921570599079132,0.029777884557843207,8.767815990447998,0.00581558693520492,0.3921570599079132,3.9469941520690917,1.0,8.144764258861075e-05,8.144764258861075e-05,0.0,0.5,0.5,0.0,0.99,0.99,0.0,0.0,0.0,0.0,0.0,0.3,35.7,43.2,612.435,221,Walker2d-v5,5603,Agente_4
261.38924193382263,201,996648,606.1242855111807,791.4329758092705,166.1463192731876,268.6666666666667,0.0006308647603737564,0.0,0.99,0.1,35571,0.5,0.99,0.12845443108969434,4.927177761257559,0.6793584041837333,0.11155158400272383,5.326110926227293,0.12845443108969434,0.6793584041837333,4.927177761257559,1.0,0.0006308647603737564,0.0006308647603737564,0.0,0.1,0.1,0.0,0.99,0.99,0.0,0.0,0.0,0.0,0.0,0.4075,37.31666666666666,45.20833333333334,7896.249,222,Walker2d-v5,5603,Agente_4
268.94534063339233,202,1032224,613.6226902951112,864.7104319624299,171.50804113631852,269.1940298507463,0.0006308647603737564,0.0,0.99,0.1,35571,0.5,0.99,0.05932320025007175,4.673293446803439,0.7285128043181655,0.07603759508431497,5.083529332409734,0.05932320025007175,0.7285128043181655,4.673293446803439,1.0,0.0006308647603737564,0.0006308647603737564,0.0,0.1,0.1,0.0,0.99,0.99,0.0,0.0,0.0,0.0,0.0,0.434,33.53000000000001,45.440000000000005,7721.434,223,Walker2d-v5,5603,Agente_4
277.29678869247437,203,1067800,599.4330622960046,753.852297393122,416.1353441782076,263.08870967741933,0.0006308647603737564,0.0,0.99,0.1,35571,0.5,0.99,0.045911181492029295,4.720585293700729,0.6732416514037312,0.05562961538308772,8.185084018845489,0.045911181492029295,0.6732416514037312,4.720585293700729,1.0,0.0006308647603737564,0.0006308647603737564,0.0,0.1,0.1,0.0,0.99,0.99,0.0,0.0,0.0,0.0,0.0,0.4166666666666667,30.933333333333334,45.74166666666667,8340.593,224,Walker2d-v5,5603,Agente_4
284.6564793586731,204,1103376,569.2683636924536,772.5065932360238,81.57047835895455,251.5735294117647,0.0006308647603737564,0.0,0.99,0.1,35571,0.5,0.99,0.024162339612815,4.921125769269639,0.6823684742485268,0.036097246377418436,8.201330527015354,0.024162339612815,0.6823684742485268,4.921125769269639,1.0,0.0006308647603737564,0.0006308647603737564,0.0,0.1,0.1,0.0,0.99,0.99,0.0,0.0,0.0,0.0,0.0,0.2972727272727273,35.75454545454546,45.699999999999996,7841.672,225,Walker2d-v5,5603,Agente_4
283.06609058380127,243,1062792,,,,,1.8918686193914265e-05,0.0,0.9135044870888159,0.38871804211197625,4503,0.5,0.99,0.0008710863549039156,7.790423816442489,0.7752126544713974,0.024430772010236978,6.813438713550568,0.0008710863549039156,0.7752126544713974,7.790423816442489,1.0,1.8918686193914265e-05,1.8918686193914265e-05,0.0,0.38871804211197625,0.38871804211197625,0.0,0.9135044870888159,0.9135044870888159,0.0,0.0,0.0,0.0,0.0,0.575,14.95,48.85,1159.584,226,Walker2d-v5,5603,Agente_4
284.1712758541107,244,1067296,526.2202824537133,676.9516478930664,184.53562930719724,239.5185185185185,1.8918686193914265e-05,0.0,0.9135044870888159,0.38871804211197625,4503,0.5,0.99,0.0037722554958691036,3.968401288986206,0.26640886142849923,-0.0192786511965096,8.855340552330016,0.0037722554958691036,0.26640886142849923,3.968401288986206,1.0,1.8918686193914265e-05,1.8918686193914265e-05,0.0,0.38871804211197625,0.38871804211197625,0.0,0.9135044870888159,0.9135044870888159,0.0,0.0,0.0,0.0,0.0,0.88,26.9,49.900000000000006,1127.617,227,Walker2d-v5,5603,Agente_4
285.20985221862793,245,1071800,544.1100735804464,704.609775814792,184.53562930719724,247.6875,1.8918686193914265e-05,0.0,0.9135044870888159,0.38871804211197625,4503,0.5,0.99,0.004545780181547343,6.050256669521332,0.3818328663706779,0.007662547111976892,8.639184767007828,0.004545780181547343,0.3818328663706779,6.050256669521332,1.0,1.8918686193914265e-05,1.8918686193914265e-05,0.0,0.38871804211197625,0.38871804211197625,0.0,0.9135044870888159,0.9135044870888159,0.0,0.0,0.0,0.0,0.0,0.82,36.1,46.6,1093.554,228,Walker2d-v5,5603,Agente_4
286.33259749412537,246,1076304,562.6345481205257,773.2081648077127,184.53562930719724,250.29032258064515,1.8918686193914265e-05,0.0,0.9135044870888159,0.38871804211197625,4503,0.5,0.99,0.006630244371945082,4.698889626562595,0.20385296568274497,-0.007248992100358009,8.019188266992568,0.006630244371945082,0.20385296568274497,4.698889626562595,1.0,1.8918686193914265e-05,1.8918686193914265e-05,0.0,0.38871804211197625,0.38871804211197625,0.0,0.9135044870888159,0.9135044870888159,0.0,0.0,0.0,0.0,0.0,0.525,37.2,45.0,1097.373,229,Walker2d-v5,5603,Agente_4
287.4041440486908,247,1080808,562.415825134441,773.2081648077127,184.53562930719724,249.88059701492537,1.8918686193914265e-05,0.0,0.9135044870888159,0.38871804211197625,4503,0.5,0.99,0.0062985403740185575,5.228277480602264,0.1421181008219719,-0.013775963499210776,8.160115247964859,0.0062985403740185575,0.1421181008219719,5.228277480602264,1.0,1.8918686193914265e-05,1.8918686193914265e-05,0.0,0.38871804211197625,0.38871804211197625,0.0,0.9135044870888159,0.9135044870888159,0.0,0.0,0.0,0.0,0.0,0.21,38.7,46.5,1090.088,230,Walker2d-v5,5603,Agente_4
288.57240438461304,248,1085312,580.8723250690352,894.9423490294375,184.53562930719724,257.5,1.8918686193914265e-05,0.0,0.9135044870888159,0.38871804211197625,4503,0.5,0.99,0.007750017870876036,4.818678270280361,0.3858348600566387,-0.016346203768625854,8.083589988946915,0.007750017870876036,0.3858348600566387,4.818678270280361,1.0,1.8918686193914265e-05,1.8918686193914265e-05,0.0,0.38871804211197625,0.38871804211197625,0.0,0.9135044870888159,0.9135044870888159,0.0,0.0,0.0,0.0,0.0,0.12000000000000001,35.3,47.65,1101.418,231,Walker2d-v5,5603,Agente_4
289.5989773273468,249,1089816,578.919224754918,906.9287398104054,137.44207222555863,257.62,1.8918686193914265e-05,0.0,0.9135044870888159,0.38871804211197625,4503,0.5,0.99,0.007698935746680036,5.419226488471031,0.3743927203118801,0.013616689154878259,8.436177515983582,0.007698935746680036,0.3743927203118801,5.419226488471031,1.0,1.8918686193914265e-05,1.8918686193914265e-05,0.0,0.38871804211197625,0.38871804211197625,0.0,0.9135044870888159,0.9135044870888159,0.0,0.0,0.0,0.0,0.0,0.34,33.5,49.1,1089.024,232,Walker2d-v5,5603,Agente_4
290.6689898967743,250,1094320,592.3296677543615,906.9287398104054,137.44207222555863,259.5,1.8918686193914265e-05,0.0,0.9135044870888159,0.38871804211197625,4503,0.5,0.99,0.007247131828717101,5.761441251635551,0.4553450755774975,-0.02354947809362784,8.454106378555299,0.007247131828717101,0.4553450755774975,5.761441251635551,1.0,1.8918686193914265e-05,1.8918686193914265e-05,0.0,0.38871804211197625,0.38871804211197625,0.0,0.9135044870888159,0.9135044870888159,0.0,0.0,0.0,0.0,0.0,0.5700000000000001,32.650000000000006,49.7,1084.982,233,Walker2d-v5,5603,Agente_4
291.8709170818329,251,1098824,587.0973432407519,906.9287398104054,137.44207222555863,256.54,1.8918686193914265e-05,0.0,0.9135044870888159,0.38871804211197625,4503,0.5,0.99,0.0073474740477195155,5.229481127858162,0.5014164984226227,-0.06159046407556161,8.289061373472213,0.0073474740477195155,0.5014164984226227,5.229481127858162,1.0,1.8918686193914265e-05,1.8918686193914265e-05,0.0,0.38871804211197625,0.38871804211197625,0.0,0.9135044870888159,0.9135044870888159,0.0,0.0,0.0,0.0,0.0,0.76,39.7,52.650000000000006,1096.407,234,Walker2d-v5,5603,Agente_4
293.11114621162415,252,1103328,588.0502636053386,906.9287398104054,137.44207222555863,258.16,1.8918686193914265e-05,0.0,0.9135044870888159,0.38871804211197625,4503,0.5,0.99,0.006865170265245979,5.677232027053833,0.49512595385313035,-0.0075603635283187035,8.289677065610885,0.006865170265245979,0.49512595385313035,5.677232027053833,1.0,1.8918686193914265e-05,1.8918686193914265e-05,0.0,0.38871804211197625,0.38871804211197625,0.0,0.9135044870888159,0.9135044870888159,0.0,0.0,0.0,0.0,0.0,0.86,45.9,54.4,1109.845,235,Walker2d-v5,5603,Agente_4
293.96024656295776,253,1107832,588.2452693571529,906.9287398104054,137.44207222555863,258.08,1.8918686193914265e-05,0.0,0.9135044870888159,0.38871804211197625,4503,0.5,0.99,0.011695220502815573,5.360280358791352,0.24152731373906136,-0.03344976878724992,8.220604997873306,0.011695220502815573,0.24152731373906136,5.360280358791352,1.0,1.8918686193914265e-05,1.8918686193914265e-05,0.0,0.38871804211197625,0.38871804211197625,0.0,0.9135044870888159,0.9135044870888159,0.0,0.0,0.0,0.0,0.0,0.9199999999999999,30.2,52.45,1077.917,236,Walker2d-v5,5603,Agente_4
294.86805725097656,254,1112336,584.8367180193917,906.9287398104054,137.44207222555863,255.31,1.8918686193914265e-05,0.0,0.9135044870888159,0.38871804211197625,4503,0.5,0.99,0.008393154255554692,5.26792939901352,0.26787134930491446,-0.006824324605986476,8.30798164010048,0.008393154255554692,0.26787134930491446,5.26792939901352,1.0,1.8918686193914265e-05,1.8918686193914265e-05,0.0,0.38871804211197625,0.38871804211197625,0.0,0.9135044870888159,0.9135044870888159,0.0,0.0,0.0,0.0,0.0,0.86,31.1,47.4,1058.079,237,Walker2d-v5,5603,Agente_4
296.5556993484497,255,1116840,,,,,1.8918686193914265e-05,0.0,0.9135044870888159,0.38871804211197625,4503,0.5,0.99,0.006111003487036565,7.746355038881302,0.8516899459064007,-0.013898267853073775,5.2498177826404575,0.006111003487036565,0.8516899459064007,7.746355038881302,1.0,1.8918686193914265e-05,1.8918686193914265e-05,0.0,0.38871804211197625,0.38871804211197625,0.0,0.9135044870888159,0.9135044870888159,0.0,0.0,0.0,0.0,0.0,0.3933333333333333,36.4,55.76666666666667,1674.747,238,Walker2d-v5,5603,Agente_4
297.74315071105957,256,1121344,569.1893871092029,716.5048145119963,139.32070139343102,249.2,1.8918686193914265e-05,0.0,0.9135044870888159,0.38871804211197625,4503,0.5,0.99,0.01029780194412524,2.570859079062939,0.4182555578649044,-0.021591998799704016,8.261395180225373,0.01029780194412524,0.4182555578649044,2.570859079062939,1.0,1.8918686193914265e-05,1.8918686193914265e-05,0.0,0.38871804211197625,0.38871804211197625,0.0,0.9135044870888159,0.9135044870888159,0.0,0.0,0.0,0.0,0.0,0.5,36.55,50.45,1426.6,239,Walker2d-v5,5603,Agente_4
298.71347284317017,257,1125848,587.0632108337302,736.7628608143953,139.32070139343102,259.06060606060606,1.8918686193914265e-05,0.0,0.9135044870888159,0.38871804211197625,4503,0.5,0.99,0.008206940870627477,6.223364591598511,0.7712237261235714,-0.022365206247195603,5.63458816409111,0.008206940870627477,0.7712237261235714,6.223364591598511,1.0,1.8918686193914265e-05,1.8918686193914265e-05,0.0,0.38871804211197625,0.38871804211197625,0.0,0.9135044870888159,0.9135044870888159,0.0,0.0,0.0,0.0,0.0,0.26,26.5,49.5,1271.349,240,Walker2d-v5,5603,Agente_4
299.7326395511627,258,1130352,584.5288674157496,750.6381669155356,139.32070139343102,257.1803278688525,1.8918686193914265e-05,0.0,0.9135044870888159,0.38871804211197625,4503,0.5,0.99,0.009672161094749753,3.399143286049366,0.5199934862554073,-0.02698558203410357,7.891721564531326,0.009672161094749753,0.5199934862554073,3.399143286049366,1.0,1.8918686193914265e-05,1.8918686193914265e-05,0.0,0.38871804211197625,0.38871804211197625,0.0,0.9135044870888159,0.9135044870888159,0.0,0.0,0.0,0.0,0.0,0.83,25.3,49.7,1205.615,241,Walker2d-v5,5603,Agente_4
301.41097378730774,259,1134856,584.6345081321863,750.6381669155356,139.32070139343102,258.04545454545456,1.8918686193914265e-05,0.0,0.9135044870888159,0.38871804211197625,4503,0.5,0.99,0.009244648552294166,5.2937990605831144,0.479214858263731,-0.022238839033525436,6.096321946382522,0.009244648552294166,0.479214858263731,5.2937990605831144,1.0,1.8918686193914265e-05,1.8918686193914265e-05,0.0,0.38871804211197625,0.38871804211197625,0.0,0.9135044870888159,0.9135044870888159,0.0,0.0,0.0,0.0,0.0,0.83,39.43333333333333,52.26666666666667,1297.384,242,Walker2d-v5,5603,Agente_4
302.69811153411865,260,1139360,589.3592546004786,750.6381669155356,139.32070139343102,259.3478260869565,1.8918686193914265e-05,0.0,0.9135044870888159,0.38871804211197625,4503,0.5,0.99,0.01068969636435213,3.777945154905319,0.3263468027114868,-0.026624911883845925,7.529465502500534,0.01068969636435213,0.3263468027114868,3.777945154905319,1.0,1.8918686193914265e-05,1.8918686193914265e-05,0.0,0.38871804211197625,0.38871804211197625,0.0,0.9135044870888159,0.9135044870888159,0.0,0.0,0.0,0.0,0.0,0.08,46.5,49.2,1293.437,243,Walker2d-v5,5603,Agente_4
303.83765029907227,261,1143864,588.9404005423058,753.2576416159424,139.32070139343102,259.98,1.8918686193914265e-05,0.0,0.9135044870888159,0.38871804211197625,4503,0.5,0.99,0.007059122656306727,5.62325296998024,0.6749359957873822,-0.028751781140454114,6.269503831863403,0.007059122656306727,0.6749359957873822,5.62325296998024,1.0,1.8918686193914265e-05,1.8918686193914265e-05,0.0,0.38871804211197625,0.38871804211197625,0.0,0.9135044870888159,0.9135044870888159,0.0,0.0,0.0,0.0,0.0,0.13,31.7,46.9,1269.554,244,Walker2d-v5,5603,Agente_4
304.8393416404724,262,1148368,594.3143661433337,760.6057055991379,362.25092371949523,262.58,1.8918686193914265e-05,0.0,0.9135044870888159,0.38871804211197625,4503,0.5,0.99,0.012208872740302468,4.462677085399628,0.5095857284963131,-0.0167922567226924,7.521267211437225,0.012208872740302468,0.5095857284963131,4.462677085399628,1.0,1.8918686193914265e-05,1.8918686193914265e-05,0.0,0.38871804211197625,0.38871804211197625,0.0,0.9135044870888159,0.9135044870888159,0.0,0.0,0.0,0.0,0.0,0.65,23.1,48.05,1234.206,245,Walker2d-v5,5603,Agente_4
306.0702152252197,263,1152872,590.544240867584,760.6057055991379,360.7827255619559,262.4,1.8918686193914265e-05,0.0,0.9135044870888159,0.38871804211197625,4503,0.5,0.99,0.008206101292853419,4.7437575802206995,0.5232650451362133,-0.036027529544662686,6.318119192123413,0.008206101292853419,0.5232650451362133,4.7437575802206995,1.0,1.8918686193914265e-05,1.8918686193914265e-05,0.0,0.38871804211197625,0.38871804211197625,0.0,0.9135044870888159,0.9135044870888159,0.0,0.0,0.0,0.0,0.0,0.84,38.8,48.85,1232.399,246,Walker2d-v5,5603,Agente_4
307.33408093452454,264,1157376,603.3308864358626,802.3800755283785,360.7827255619559,268.79,1.8918686193914265e-05,0.0,0.9135044870888159,0.38871804211197625,4503,0.5,0.99,0.008989967370871455,4.425213035941124,0.572014207392931,-0.013019905658438802,7.24205111861229,0.008989967370871455,0.572014207392931,4.425213035941124,1.0,1.8918686193914265e-05,1.8918686193914265e-05,0.0,0.38871804211197625,0.38871804211197625,0.0,0.9135044870888159,0.9135044870888159,0.0,0.0,0.0,0.0,0.0,0.28,45.5,50.2,1234.401,247,Walker2d-v5,5603,Agente_4
308.34997367858887,265,1161880,605.2505826062213,802.3800755283785,360.7827255619559,267.2,1.8918686193914265e-05,0.0,0.9135044870888159,0.38871804211197625,4503,0.5,0.99,0.011876572253049745,4.810960835218429,0.3286252416670322,-0.010368225956335663,6.715277498960495,0.011876572253049745,0.3286252416670322,4.810960835218429,1.0,1.8918686193914265e-05,1.8918686193914265e-05,0.0,0.38871804211197625,0.38871804211197625,0.0,0.9135044870888159,0.9135044870888159,0.0,0.0,0.0,0.0,0.0,0.22500000000000003,33.7,50.900000000000006,1167.184,248,Walker2d-v5,5603,Agente_4
309.48579716682434,266,1166384,604.6324250869452,802.3800755283785,360.7827255619559,267.75,1.8918686193914265e-05,0.0,0.9135044870888159,0.38871804211197625,4503,0.5,0.99,0.009069125154564973,5.196740573644638,0.624121181666851,-0.008620530308689922,7.411323684453964,0.009069125154564973,0.624121181666851,5.196740573644638,1.0,1.8918686193914265e-05,1.8918686193914265e-05,0.0,0.38871804211197625,0.38871804211197625,0.0,0.9135044870888159,0.9135044870888159,0.0,0.0,0.0,0.0,0.0,0.19,39.2,46.4,1161.717,249,Walker2d-v5,5603,Agente_4
310.83153343200684,267,1170888,,,,,1.8918686193914265e-05,0.0,0.9135044870888159,0.38871804211197625,4503,0.5,0.99,0.006267392593964796,7.677519977092743,0.891496179997921,-0.006484415242448449,5.500263261795044,0.006267392593964796,0.891496179997921,7.677519977092743,1.0,1.8918686193914265e-05,1.8918686193914265e-05,0.0,0.38871804211197625,0.38871804211197625,0.0,0.9135044870888159,0.9135044870888159,0.0,0.0,0.0,0.0,0.0,0.27,18.9,48.099999999999994,1336.9,250,Walker2d-v5,5603,Agente_4
311.9665925502777,268,1175392,537.6104355090386,649.2375723107521,378.4128875830909,238.71428571428572,1.8918686193914265e-05,0.0,0.9135044870888159,0.38871804211197625,4503,0.5,0.99,0.014140934029182973,2.074611096084118,0.32325169518589975,-0.03069732692092657,8.044192516803742,0.014140934029182973,0.32325169518589975,2.074611096084118,1.0,1.8918686193914265e-05,1.8918686193914265e-05,0.0,0.38871804211197625,0.38871804211197625,0.0,0.9135044870888159,0.9135044870888159,0.0,0.0,0.0,0.0,0.0,0.525,30.15,49.599999999999994,1230.453,251,Walker2d-v5,5603,Agente_4
313.44453477859497,269,1179896,584.2489648262042,778.8141319607321,378.4128875830909,262.47058823529414,1.8918686193914265e-05,0.0,0.9135044870888159,0.38871804211197625,4503,0.5,0.99,0.013411102554766786,5.173764717578888,0.6833486080169677,-0.017112978862132876,6.495738971233368,0.013411102554766786,0.6833486080169677,5.173764717578888,1.0,1.8918686193914265e-05,1.8918686193914265e-05,0.0,0.38871804211197625,0.38871804211197625,0.0,0.9135044870888159,0.9135044870888159,0.0,0.0,0.0,0.0,0.0,0.17,48.65,52.6,1308.405,252,Walker2d-v5,5603,Agente_4
314.60450768470764,270,1184400,585.0441177844724,778.8141319607321,370.465387124145,256.80357142857144,1.8918686193914265e-05,0.0,0.9135044870888159,0.38871804211197625,4503,0.5,0.99,0.011282438327998533,4.787130418419838,0.5549281813204289,-0.015359015204012394,7.481501716375351,0.011282438327998533,0.5549281813204289,4.787130418419838,1.0,1.8918686193914265e-05,1.8918686193914265e-05,0.0,0.38871804211197625,0.38871804211197625,0.0,0.9135044870888159,0.9135044870888159,0.0,0.0,0.0,0.0,0.0,0.155,47.9,48.0,1268.954,253,Walker2d-v5,5603,Agente_4
315.4283661842346,271,1188904,580.8483504808955,778.8141319607321,120.68790147755196,257.7878787878788,1.8918686193914265e-05,0.0,0.9135044870888159,0.38871804211197625,4503,0.5,0.99,0.00976178273303958,4.9551737904548645,0.5030733436346054,-0.034646210423670706,6.188644969463349,0.00976178273303958,0.5030733436346054,4.9551737904548645,1.0,1.8918686193914265e-05,1.8918686193914265e-05,0.0,0.38871804211197625,0.38871804211197625,0.0,0.9135044870888159,0.9135044870888159,0.0,0.0,0.0,0.0,0.0,0.08,26.2,47.0,1177.568,254,Walker2d-v5,5603,Agente_4
316.44105052948,272,1193408,599.0458303984399,887.8254402972113,120.68790147755196,263.9431818181818,1.8918686193914265e-05,0.0,0.9135044870888159,0.38871804211197625,4503,0.5,0.99,0.008808245613909093,4.479971495270729,0.7075131319463253,-0.017961551807820796,7.3697489440441135,0.008808245613909093,0.7075131319463253,4.479971495270729,1.0,1.8918686193914265e-05,1.8918686193914265e-05,0.0,0.38871804211197625,0.38871804211197625,0.0,0.9135044870888159,0.9135044870888159,0.0,0.0,0.0,0.0,0.0,0.39,26.1,48.35,1147.903,255,Walker2d-v5,5603,Agente_4
317.6726953983307,273,1197912,604.6930290614433,887.8254402972113,120.68790147755196,266.01,1.8918686193914265e-05,0.0,0.9135044870888159,0.38871804211197625,4503,0.5,0.99,0.01147801579296015,5.156817808747292,0.6572807870805264,-0.002366571617312729,6.5516774415969845,0.01147801579296015,0.6572807870805264,5.156817808747292,1.0,1.8918686193914265e-05,1.8918686193914265e-05,0.0,0.38871804211197625,0.38871804211197625,0.0,0.9135044870888159,0.9135044870888159,0.0,0.0,0.0,0.0,0.0,0.28,33.15,49.1,1158.289,256,Walker2d-v5,5603,Agente_4
318.92719769477844,274,1202416,619.0817483996585,887.8254402972113,120.68790147755196,271.21,1.8918686193914265e-05,0.0,0.9135044870888159,0.38871804211197625,4503,0.5,0.99,0.007145012647151816,4.721120008826256,0.6204840324819088,-0.025775669910944998,7.17233190536499,0.007145012647151816,0.6204840324819088,4.721120008826256,1.0,1.8918686193914265e-05,1.8918686193914265e-05,0.0,0.38871804211197625,0.38871804211197625,0.0,0.9135044870888159,0.9135044870888159,0.0,0.0,0.0,0.0,0.0,0.5900000000000001,42.8,51.45,1168.986,257,Walker2d-v5,5603,Agente_4
320.11535573005676,275,1206920,610.5037949538137,887.8254402972113,120.68790147755196,265.49,1.8918686193914265e-05,0.0,0.9135044870888159,0.38871804211197625,4503,0.5,0.99,0.014390600976162205,5.23127036690712,0.727106849104166,-0.021378712524892762,6.509558022022247,0.014390600976162205,0.727106849104166,5.23127036690712,1.0,1.8918686193914265e-05,1.8918686193914265e-05,0.0,0.38871804211197625,0.38871804211197625,0.0,0.9135044870888159,0.9135044870888159,0.0,0.0,0.0,0.0,0.0,0.84,35.3,52.0,1170.029,258,Walker2d-v5,5603,Agente_4
321.08203864097595,276,1211424,608.9766517545221,887.8254402972113,71.76665806589571,267.17,1.8918686193914265e-05,0.0,0.9135044870888159,0.38871804211197625,4503,0.5,0.99,0.014163850656586874,4.548863288760185,0.5007099807262421,-0.005445830943062902,7.207700264453888,0.014163850656586874,0.5007099807262421,4.548863288760185,1.0,1.8918686193914265e-05,1.8918686193914265e-05,0.0,0.38871804211197625,0.38871804211197625,0.0,0.9135044870888159,0.9135044870888159,0.0,0.0,0.0,0.0,0.0,0.84,25.6,50.8,1148.726,259,Walker2d-v5,5603,Agente_4
322.29016399383545,277,1215928,616.9693534870017,887.8254402972113,71.76665806589571,268.31,1.8918686193914265e-05,0.0,0.9135044870888159,0.38871804211197625,4503,0.5,0.99,0.008339504510149708,4.5597330898046495,0.5120947942137718,-0.014980768505483865,7.176209735870361,0.008339504510149708,0.5120947942137718,4.5597330898046495,1.0,1.8918686193914265e-05,1.8918686193914265e-05,0.0,0.38871804211197625,0.38871804211197625,0.0,0.9135044870888159,0.9135044870888159,0.0,0.0,0.0,0.0,0.0,0.88,28.6,48.65,1134.675,260,Walker2d-v5,5603,Agente_4
324.1093170642853,278,1220432,603.1813138074638,825.7435352249485,71.76665806589571,264.23,1.8918686193914265e-05,0.0,0.9135044870888159,0.38871804211197625,4503,0.5,0.99,0.008425825577978685,5.101541030406952,0.6497994937002659,-0.029717452140175737,6.713372004032135,0.008425825577978685,0.6497994937002659,5.101541030406952,1.0,1.8918686193914265e-05,1.8918686193914265e-05,0.0,0.38871804211197625,0.38871804211197625,0.0,0.9135044870888159,0.9135044870888159,0.0,0.0,0.0,0.0,0.0,0.15333333333333335,59.43333333333334,50.56666666666666,1202.691,261,Walker2d-v5,5603,Agente_4
325.29512548446655,279,1224936,,,,,1.8918686193914265e-05,0.0,0.9135044870888159,0.38871804211197625,4503,0.5,0.99,0.006243993865747624,7.947971969842911,0.9049839869141578,-0.009387113130651414,5.398704183101654,0.006243993865747624,0.9049839869141578,7.947971969842911,1.0,1.8918686193914265e-05,1.8918686193914265e-05,0.0,0.38871804211197625,0.38871804211197625,0.0,0.9135044870888159,0.9135044870888159,0.0,0.0,0.0,0.0,0.0,0.235,20.4,48.4,1177.393,262,Walker2d-v5,5603,Agente_4
326.3047993183136,280,1229440,554.7804783756706,669.5621344118405,149.91951689542165,245.52,1.8918686193914265e-05,0.0,0.9135044870888159,0.38871804211197625,4503,0.5,0.99,0.013170758827800454,2.926118152961135,0.45318218395113946,-0.01648746511200443,8.049228525161743,0.013170758827800454,0.45318218395113946,2.926118152961135,1.0,1.8918686193914265e-05,1.8918686193914265e-05,0.0,0.38871804211197625,0.38871804211197625,0.0,0.9135044870888159,0.9135044870888159,0.0,0.0,0.0,0.0,0.0,0.515,28.4,49.7,1088.462,263,Walker2d-v5,5603,Agente_4
328.13713335990906,281,1233944,575.8377554216454,723.0454885530038,149.91951689542165,258.40625,1.8918686193914265e-05,0.0,0.9135044870888159,0.38871804211197625,4503,0.5,0.99,0.0054281209005694105,5.953151947259903,0.517757510393858,-0.0033385040616849436,5.775525617599487,0.0054281209005694105,0.517757510393858,5.953151947259903,1.0,1.8918686193914265e-05,1.8918686193914265e-05,0.0,0.38871804211197625,0.38871804211197625,0.0,0.9135044870888159,0.9135044870888159,0.0,0.0,0.0,0.0,0.0,0.41000000000000003,46.8,52.150000000000006,1332.978,264,Walker2d-v5,5603,Agente_4
329.60680294036865,282,1238448,579.8638418790885,723.0454885530038,149.91951689542165,256.7457627118644,1.8918686193914265e-05,0.0,0.9135044870888159,0.38871804211197625,4503,0.5,0.99,0.011754521010561802,3.110867905989289,0.35576623007655145,-0.023889025882817806,7.59670660495758,0.011754521010561802,0.35576623007655145,3.110867905989289,1.0,1.8918686193914265e-05,1.8918686193914265e-05,0.0,0.38871804211197625,0.38871804211197625,0.0,0.9135044870888159,0.9135044870888159,0.0,0.0,0.0,0.0,0.0,0.445,49.150000000000006,54.150000000000006,1364.435,265,Walker2d-v5,5603,Agente_4
330.61366081237793,283,1242952,574.0381126591393,723.0454885530038,149.91951689542165,255.69565217391303,1.8918686193914265e-05,0.0,0.9135044870888159,0.38871804211197625,4503,0.5,0.99,0.011898628385188204,5.4629536151885985,0.6477729745209218,-0.0020257571362890304,6.402887839078903,0.011898628385188204,0.6477729745209218,5.4629536151885985,1.0,1.8918686193914265e-05,1.8918686193914265e-05,0.0,0.38871804211197625,0.38871804211197625,0.0,0.9135044870888159,0.9135044870888159,0.0,0.0,0.0,0.0,0.0,0.25,32.45,48.75,1290.983,266,Walker2d-v5,5603,Agente_4
331.57489919662476,284,1247456,576.5672061007177,796.6053551194647,149.91951689542165,254.1195652173913,1.8918686193914265e-05,0.0,0.9135044870888159,0.38871804211197625,4503,0.5,0.99,0.01004579436230415,5.1031334400177,0.6524218514561653,-0.03903856840915978,6.9427945673465725,0.01004579436230415,0.6524218514561653,5.1031334400177,1.0,1.8918686193914265e-05,1.8918686193914265e-05,0.0,0.38871804211197625,0.38871804211197625,0.0,0.9135044870888159,0.9135044870888159,0.0,0.0,0.0,0.0,0.0,0.4,25.9,48.1,1233.838,267,Walker2d-v5,5603,Agente_4
332.92205357551575,285,1251960,571.1281989113074,796.6053551194647,149.91951689542165,254.63,1.8918686193914265e-05,0.0,0.9135044870888159,0.38871804211197625,4503,0.5,0.99,0.011683205326085045,5.142717576026916,0.530993928015232,0.009828661190113053,6.33865926861763,0.011683205326085045,0.530993928015232,5.142717576026916,1.0,1.8918686193914265e-05,1.8918686193914265e-05,0.0,0.38871804211197625,0.38871804211197625,0.0,0.9135044870888159,0.9135044870888159,0.0,0.0,0.0,0.0,0.0,0.845,37.65,48.85,1248.322,268,Walker2d-v5,5603,Agente_4
334.4932849407196,286,1256464,578.877819369903,796.6053551194647,379.7632767494761,257.15,1.8918686193914265e-05,0.0,0.9135044870888159,0.38871804211197625,4503,0.5,0.99,0.009407054213625088,5.174538734555244,0.6907443620264531,-0.013439827086403965,6.692267256975174,0.009407054213625088,0.6907443620264531,5.174538734555244,1.0,1.8918686193914265e-05,1.8918686193914265e-05,0.0,0.38871804211197625,0.38871804211197625,0.0,0.9135044870888159,0.9135044870888159,0.0,0.0,0.0,0.0,0.0,0.55,46.5,50.9,1287.112,269,Walker2d-v5,5603,Agente_4
335.84992384910583,287,1260968,576.6913150741397,796.6053551194647,379.7632767494761,254.92,1.8918686193914265e-05,0.0,0.9135044870888159,0.38871804211197625,4503,0.5,0.99,0.00808078439891915,4.406987252831459,0.5835598051548004,-0.017241390398703517,7.167272126674652,0.00808078439891915,0.5835598051548004,4.406987252831459,1.0,1.8918686193914265e-05,1.8918686193914265e-05,0.0,0.38871804211197625,0.38871804211197625,0.0,0.9135044870888159,0.9135044870888159,0.0,0.0,0.0,0.0,0.0,0.855,39.7,47.25,1293.426,270,Walker2d-v5,5603,Agente_4
336.91416454315186,288,1265472,584.8458154347929,796.6053551194647,379.7632767494761,255.36,1.8918686193914265e-05,0.0,0.9135044870888159,0.38871804211197625,4503,0.5,0.99,0.009936608903922206,5.410747307538986,0.6342948213219642,-0.025755550479516387,6.862296259403228,0.009936608903922206,0.6342948213219642,5.410747307538986,1.0,1.8918686193914265e-05,1.8918686193914265e-05,0.0,0.38871804211197625,0.38871804211197625,0.0,0.9135044870888159,0.9135044870888159,0.0,0.0,0.0,0.0,0.0,0.61,28.1,47.9,1269.184,271,Walker2d-v5,5603,Agente_4
338.31130599975586,289,1269976,582.3493164222261,757.4108764659037,379.7632767494761,253.49,1.8918686193914265e-05,0.0,0.9135044870888159,0.38871804211197625,4503,0.5,0.99,0.013767959783808691,4.858070966601372,0.4989601768553257,0.0013726678444072604,6.771216076612473,0.013767959783808691,0.4989601768553257,4.858070966601372,1.0,1.8918686193914265e-05,1.8918686193914265e-05,0.0,0.38871804211197625,0.38871804211197625,0.0,0.9135044870888159,0.9135044870888159,0.0,0.0,0.0,0.0,0.0,0.08,47.3,51.650000000000006,1289.831,272,Walker2d-v5,5603,Agente_4
339.92716360092163,290,1274480,581.0005741593595,745.9565386460056,226.34161129068582,256.68,1.8918686193914265e-05,0.0,0.9135044870888159,0.38871804211197625,4503,0.5,0.99,0.017078947016125313,6.100543966889381,0.5406712025403977,-0.0066050653927959505,6.591169387102127,0.017078947016125313,0.5406712025403977,6.100543966889381,1.0,1.8918686193914265e-05,1.8918686193914265e-05,0.0,0.38871804211197625,0.38871804211197625,0.0,0.9135044870888159,0.9135044870888159,0.0,0.0,0.0,0.0,0.0,0.15500000000000003,62.849999999999994,53.5,1350.095,273,Walker2d-v5,5603,Agente_4
341.3988878726959,291,1278984,,,,,1.8918686193914265e-05,0.0,0.9135044870888159,0.38871804211197625,4503,0.5,0.99,0.00642350559278512,7.784013843536377,0.9324453502893448,-0.008187705115415157,4.805362355709076,0.00642350559278512,0.9324453502893448,7.784013843536377,1.0,1.8918686193914265e-05,1.8918686193914265e-05,0.0,0.38871804211197625,0.38871804211197625,0.0,0.9135044870888159,0.9135044870888159,0.0,0.0,0.0,0.0,0.0,0.24666666666666667,23.333333333333332,49.9,1462.227,274,Walker2d-v5,5603,Agente_4
342.54807925224304,292,1283488,597.9043719065126,739.0047320331429,370.73312223633536,249.19230769230768,1.8918686193914265e-05,0.0,0.9135044870888159,0.38871804211197625,4503,0.5,0.99,0.013677392573436009,2.663042835891247,0.3929995700716972,-0.014617570932023228,8.135864973068237,0.013677392573436009,0.3929995700716972,2.663042835891247,1.0,1.8918686193914265e-05,1.8918686193914265e-05,0.0,0.38871804211197625,0.38871804211197625,0.0,0.9135044870888159,0.9135044870888159,0.0,0.0,0.0,0.0,0.0,0.84,30.9,50.2,1299.788,275,Walker2d-v5,5603,Agente_4
344.5287940502167,293,1287992,610.835315792004,909.7727480311576,370.73312223633536,258.2121212121212,1.8918686193914265e-05,0.0,0.9135044870888159,0.38871804211197625,4503,0.5,0.99,0.009658290609110054,6.378885519504547,0.598580414801836,0.0028806718531996013,5.261073622107506,0.009658290609110054,0.598580414801836,6.378885519504547,1.0,1.8918686193914265e-05,1.8918686193914265e-05,0.0,0.38871804211197625,0.38871804211197625,0.0,0.9135044870888159,0.9135044870888159,0.0,0.0,0.0,0.0,0.0,0.18000000000000002,48.6,52.76666666666667,1521.902,276,Walker2d-v5,5603,Agente_4
345.7867624759674,294,1292496,602.3604477005889,909.7727480311576,370.73312223633536,255.65573770491804,1.8918686193914265e-05,0.0,0.9135044870888159,0.38871804211197625,4503,0.5,0.99,0.011637678311672062,3.6199562951922415,0.3043570309877396,-0.014971129549667238,7.884536653757095,0.011637678311672062,0.3043570309877396,3.6199562951922415,1.0,1.8918686193914265e-05,1.8918686193914265e-05,0.0,0.38871804211197625,0.38871804211197625,0.0,0.9135044870888159,0.9135044870888159,0.0,0.0,0.0,0.0,0.0,0.15,51.8,54.900000000000006,1452.752,277,Walker2d-v5,5603,Agente_4
346.84052872657776,295,1297000,591.0988543141859,909.7727480311576,244.01560036596337,252.6231884057971,1.8918686193914265e-05,0.0,0.9135044870888159,0.38871804211197625,4503,0.5,0.99,0.009873999640967667,6.007893565297127,0.6370846092700958,-0.034311763010919094,6.3467477560043335,0.009873999640967667,0.6370846092700958,6.007893565297127,1.0,1.8918686193914265e-05,1.8918686193914265e-05,0.0,0.38871804211197625,0.38871804211197625,0.0,0.9135044870888159,0.9135044870888159,0.0,0.0,0.0,0.0,0.0,0.21,41.0,55.6,1370.486,278,Walker2d-v5,5603,Agente_4
347.94752621650696,296,1301504,584.0490222278842,909.7727480311576,84.64694970839216,252.29347826086956,1.8918686193914265e-05,0.0,0.9135044870888159,0.38871804211197625,4503,0.5,0.99,0.008663729617546778,4.922604802250862,0.5959613017737866,-0.013222131808288396,6.935523527860641,0.008663729617546778,0.5959613017737866,4.922604802250862,1.0,1.8918686193914265e-05,1.8918686193914265e-05,0.0,0.38871804211197625,0.38871804211197625,0.0,0.9135044870888159,0.9135044870888159,0.0,0.0,0.0,0.0,0.0,0.65,38.0,56.6,1325.046,279,Walker2d-v5,5603,Agente_4
349.2002000808716,297,1306008,582.5614495415293,909.7727480311576,84.64694970839216,252.8,1.8918686193914265e-05,0.0,0.9135044870888159,0.38871804211197625,4503,0.5,0.99,0.01043251618003751,5.510388267040253,0.7401526987552642,0.0011516041355207562,6.821552509069443,0.01043251618003751,0.7401526987552642,5.510388267040253,1.0,1.8918686193914265e-05,1.8918686193914265e-05,0.0,0.38871804211197625,0.38871804211197625,0.0,0.9135044870888159,0.9135044870888159,0.0,0.0,0.0,0.0,0.0,0.9099999999999999,36.75,56.650000000000006,1312.873,280,Walker2d-v5,5603,Agente_4
350.4761612415314,298,1310512,582.6644838773288,909.7727480311576,84.64694970839216,255.18,1.8918686193914265e-05,0.0,0.9135044870888159,0.38871804211197625,4503,0.5,0.99,0.012723712936622177,5.181103426218033,0.27300734966993334,-0.010337067907676101,6.554498809576034,0.012723712936622177,0.27300734966993334,5.181103426218033,1.0,1.8918686193914265e-05,1.8918686193914265e-05,0.0,0.38871804211197625,0.38871804211197625,0.0,0.9135044870888159,0.9135044870888159,0.0,0.0,0.0,0.0,0.0,0.82,31.6,57.05,1307.157,281,Walker2d-v5,5603,Agente_4
351.53349113464355,299,1315016,584.0602631970135,754.225166216985,84.64694970839216,255.08,1.8918686193914265e-05,0.0,0.9135044870888159,0.38871804211197625,4503,0.5,0.99,0.013701976770380497,4.709728732705116,0.43331721276044843,-0.005556400376372039,7.0048432648181915,0.013701976770380497,0.43331721276044843,4.709728732705116,1.0,1.8918686193914265e-05,1.8918686193914265e-05,0.0,0.38871804211197625,0.38871804211197625,0.0,0.9135044870888159,0.9135044870888159,0.0,0.0,0.0,0.0,0.0,0.99,31.0,57.4,1278.253,282,Walker2d-v5,5603,Agente_4
352.7749037742615,300,1319520,585.0391574034882,751.141675389662,84.64694970839216,256.57,1.8918686193914265e-05,0.0,0.9135044870888159,0.38871804211197625,4503,0.5,0.99,0.013450079334575094,4.881821554899216,0.5592152826488018,-0.0022732205921784042,6.929617697000504,0.013450079334575094,0.5592152826488018,4.881821554899216,1.0,1.8918686193914265e-05,1.8918686193914265e-05,0.0,0.38871804211197625,0.38871804211197625,0.0,0.9135044870888159,0.9135044870888159,0.0,0.0,0.0,0.0,0.0,0.905,36.4,57.349999999999994,1273.314,283,Walker2d-v5,5603,Agente_4
353.9224786758423,301,1324024,592.501083528612,726.4644493015348,84.64694970839216,256.65,1.8918686193914265e-05,0.0,0.9135044870888159,0.38871804211197625,4503,0.5,0.99,0.007233911604225795,6.2808819770812985,0.7892314955592156,-0.016538774501532315,6.811885124444961,0.007233911604225795,0.7892314955592156,6.2808819770812985,1.0,1.8918686193914265e-05,1.8918686193914265e-05,0.0,0.38871804211197625,0.38871804211197625,0.0,0.9135044870888159,0.9135044870888159,0.0,0.0,0.0,0.0,0.0,0.84,34.2,51.5,1240.609,284,Walker2d-v5,5603,Agente_4
354.92514634132385,302,1328528,589.3804807345442,740.7863068758563,136.6687144912556,255.07,1.8918686193914265e-05,0.0,0.9135044870888159,0.38871804211197625,4503,0.5,0.99,0.009845916898302675,5.846166682243347,0.7284160740673542,-0.012194602168165147,6.475564038753509,0.009845916898302675,0.7284160740673542,5.846166682243347,1.0,1.8918686193914265e-05,1.8918686193914265e-05,0.0,0.38871804211197625,0.38871804211197625,0.0,0.9135044870888159,0.9135044870888159,0.0,0.0,0.0,0.0,0.0,0.5650000000000001,30.3,49.25,1225.958,285,Walker2d-v5,5603,Agente_4
356.5019094944,303,1333032,,,,,1.8918686193914265e-05,0.0,0.9135044870888159,0.38871804211197625,4503,0.5,0.99,0.007046963571248327,8.005612701177597,0.9192082986235619,-0.014411413250491023,5.056480979919433,0.007046963571248327,0.9192082986235619,8.005612701177597,1.0,1.8918686193914265e-05,1.8918686193914265e-05,0.0,0.38871804211197625,0.38871804211197625,0.0,0.9135044870888159,0.9135044870888159,0.0,0.0,0.0,0.0,0.0,0.24333333333333337,32.1,48.800000000000004,1567.972,286,Walker2d-v5,5603,Agente_4
357.75849318504333,304,1337536,580.3413943614314,679.9906631654557,489.1592778837708,249.52,1.8918686193914265e-05,0.0,0.9135044870888159,0.38871804211197625,4503,0.5,0.99,0.013567047233937046,3.079046367108822,0.5006254814565182,-0.007385223265737295,8.380095767974854,0.013567047233937046,0.5006254814565182,3.079046367108822,1.0,1.8918686193914265e-05,1.8918686193914265e-05,0.0,0.38871804211197625,0.38871804211197625,0.0,0.9135044870888159,0.9135044870888159,0.0,0.0,0.0,0.0,0.0,0.53,34.35,51.5,1407.45,287,Walker2d-v5,5603,Agente_4
359.007337808609,305,1342040,589.9523368001743,798.197940634413,106.60240273439733,258.3636363636364,1.8918686193914265e-05,0.0,0.9135044870888159,0.38871804211197625,4503,0.5,0.99,0.006791160860041145,7.033808034658432,0.7757375828921795,-0.010112453624606133,5.408108007907868,0.006791160860041145,0.7757375828921795,7.033808034658432,1.0,1.8918686193914265e-05,1.8918686193914265e-05,0.0,0.38871804211197625,0.38871804211197625,0.0,0.9135044870888159,0.9135044870888159,0.0,0.0,0.0,0.0,0.0,0.84,39.1,53.6,1350.268,288,Walker2d-v5,5603,Agente_4
360.35031294822693,306,1346544,579.7504024676583,798.197940634413,106.60240273439733,253.67796610169492,1.8918686193914265e-05,0.0,0.9135044870888159,0.38871804211197625,4503,0.5,0.99,0.015074486095454632,3.591674466431141,0.45042802914977076,-0.011398156237555667,7.858108866214752,0.015074486095454632,0.45042802914977076,3.591674466431141,1.0,1.8918686193914265e-05,1.8918686193914265e-05,0.0,0.38871804211197625,0.38871804211197625,0.0,0.9135044870888159,0.9135044870888159,0.0,0.0,0.0,0.0,0.0,0.85,37.55,54.900000000000006,1345.754,289,Walker2d-v5,5603,Agente_4
361.1391851902008,307,1351048,576.5069112138957,798.197940634413,106.60240273439733,252.2058823529412,1.8918686193914265e-05,0.0,0.9135044870888159,0.38871804211197625,4503,0.5,0.99,0.012566617720131035,5.676910799741745,0.6798630096018314,-0.007955211843363941,5.70942189693451,0.012566617720131035,0.6798630096018314,5.676910799741745,1.0,1.8918686193914265e-05,1.8918686193914265e-05,0.0,0.38871804211197625,0.38871804211197625,0.0,0.9135044870888159,0.9135044870888159,0.0,0.0,0.0,0.0,0.0,0.6,17.53333333333333,54.76666666666667,1231.838,290,Walker2d-v5,5603,Agente_4
362.83733677864075,308,1355552,578.0869012514573,798.197940634413,106.60240273439733,251.74468085106383,1.8918686193914265e-05,0.0,0.9135044870888159,0.38871804211197625,4503,0.5,0.99,0.013231802179643638,4.956486469507217,0.5389463447034359,0.008329178858548402,7.02918449640274,0.013231802179643638,0.5389463447034359,4.956486469507217,1.0,1.8918686193914265e-05,1.8918686193914265e-05,0.0,0.38871804211197625,0.38871804211197625,0.0,0.9135044870888159,0.9135044870888159,0.0,0.0,0.0,0.0,0.0,0.18,52.3,50.849999999999994,1307.28,291,Walker2d-v5,5603,Agente_4
364.25839948654175,309,1360056,578.4722147707587,802.4340874754537,106.60240273439733,250.45,1.8918686193914265e-05,0.0,0.9135044870888159,0.38871804211197625,4503,0.5,0.99,0.011378879778385453,5.0582450985908505,0.620892982929945,-0.012768073088955135,6.557641220092774,0.011378879778385453,0.620892982929945,5.0582450985908505,1.0,1.8918686193914265e-05,1.8918686193914265e-05,0.0,0.38871804211197625,0.38871804211197625,0.0,0.9135044870888159,0.9135044870888159,0.0,0.0,0.0,0.0,0.0,0.125,60.15,50.45,1322.058,292,Walker2d-v5,5603,Agente_4
365.6894290447235,310,1364560,590.2017659741734,851.753744521035,115.31296155080224,254.1,1.8918686193914265e-05,0.0,0.9135044870888159,0.38871804211197625,4503,0.5,0.99,0.01126845132184826,5.980021977424622,0.6372673317790032,0.0021380817983299495,6.7552939593791965,0.01126845132184826,0.6372673317790032,5.980021977424622,1.0,1.8918686193914265e-05,1.8918686193914265e-05,0.0,0.38871804211197625,0.38871804211197625,0.0,0.9135044870888159,0.9135044870888159,0.0,0.0,0.0,0.0,0.0,0.08,38.900000000000006,53.150000000000006,1334.386,293,Walker2d-v5,5603,Agente_4
366.75209188461304,311,1369064,591.8831520583232,851.753744521035,335.1659243754994,251.33,1.8918686193914265e-05,0.0,0.9135044870888159,0.38871804211197625,4503,0.5,0.99,0.009843614128112677,5.47711768746376,0.7344184443354607,-0.007065756735391915,7.065489184856415,0.009843614128112677,0.7344184443354607,5.47711768746376,1.0,1.8918686193914265e-05,1.8918686193914265e-05,0.0,0.38871804211197625,0.38871804211197625,0.0,0.9135044870888159,0.9135044870888159,0.0,0.0,0.0,0.0,0.0,0.975,29.3,55.3,1302.862,294,Walker2d-v5,5603,Agente_4
367.7138731479645,312,1373568,589.1387053605162,851.753744521035,163.97719132222963,254.24,1.8918686193914265e-05,0.0,0.9135044870888159,0.38871804211197625,4503,0.5,0.99,0.007841800340065675,6.077430257201195,0.5986009329557419,-0.013508360763080419,6.475621271133423,0.007841800340065675,0.5986009329557419,6.077430257201195,1.0,1.8918686193914265e-05,1.8918686193914265e-05,0.0,0.38871804211197625,0.38871804211197625,0.0,0.9135044870888159,0.9135044870888159,0.0,0.0,0.0,0.0,0.0,0.98,25.9,56.5,1267.797,295,Walker2d-v5,5603,Agente_4
368.80882811546326,313,1378072,585.5422074497307,851.753744521035,163.97719132222963,253.87,1.8918686193914265e-05,0.0,0.9135044870888159,0.38871804211197625,4503,0.5,0.99,0.009650190481966091,5.375548034906387,0.7036763168871403,-0.0004904471803456545,7.046876484155655,0.009650190481966091,0.7036763168871403,5.375548034906387,1.0,1.8918686193914265e-05,1.8918686193914265e-05,0.0,0.38871804211197625,0.38871804211197625,0.0,0.9135044870888159,0.9135044870888159,0.0,0.0,0.0,0.0,0.0,0.625,38.8,56.55,1219.106,296,Walker2d-v5,5603,Agente_4
370.5906002521515,314,1382576,588.9758956250755,851.753744521035,163.97719132222963,254.94,1.8918686193914265e-05,0.0,0.9135044870888159,0.38871804211197625,4503,0.5,0.99,0.011816095043172936,5.953212833404541,0.6678006075322628,-0.01535723488777876,6.5697293996810915,0.011816095043172936,0.6678006075322628,5.953212833404541,1.0,1.8918686193914265e-05,1.8918686193914265e-05,0.0,0.38871804211197625,0.38871804211197625,0.0,0.9135044870888159,0.9135044870888159,0.0,0.0,0.0,0.0,0.0,0.12333333333333334,48.56666666666666,56.53333333333333,1271.278,297,Walker2d-v5,5603,Agente_4
372.2443985939026,315,1387080,579.5073190532261,822.0380162484355,163.97719132222963,254.55,1.8918686193914265e-05,0.0,0.9135044870888159,0.38871804211197625,4503,0.5,0.99,0.010998841201853793,5.808886149525643,0.7332303062081337,0.012191839888691903,6.49350797533989,0.010998841201853793,0.7332303062081337,5.808886149525643,1.0,1.8918686193914265e-05,1.8918686193914265e-05,0.0,0.38871804211197625,0.38871804211197625,0.0,0.9135044870888159,0.9135044870888159,0.0,0.0,0.0,0.0,0.0,0.14,52.6,56.55,1311.658,298,Walker2d-v5,5603,Agente_4
373.4538233280182,316,1391584,572.8048302754602,853.0904478053018,163.97719132222963,254.04,1.8918686193914265e-05,0.0,0.9135044870888159,0.38871804211197625,4503,0.5,0.99,0.01168650307408825,5.468438151478767,0.6706631220877171,-0.015144659439101815,6.416136145591736,0.01168650307408825,0.6706631220877171,5.468438151478767,1.0,1.8918686193914265e-05,1.8918686193914265e-05,0.0,0.38871804211197625,0.38871804211197625,0.0,0.9135044870888159,0.9135044870888159,0.0,0.0,0.0,0.0,0.0,0.405,43.900000000000006,56.7,1298.37,299,Walker2d-v5,5603,Agente_4
374.6479525566101,317,1396088,573.6662663462395,853.0904478053018,163.97719132222963,255.03,1.8918686193914265e-05,0.0,0.9135044870888159,0.38871804211197625,4503,0.5,0.99,0.014187284315994475,5.591605973243714,0.7645259752869606,0.0006330065079964697,6.480436217784882,0.014187284315994475,0.7645259752869606,5.591605973243714,1.0,1.8918686193914265e-05,1.8918686193914265e-05,0.0,0.38871804211197625,0.38871804211197625,0.0,0.9135044870888159,0.9135044870888159,0.0,0.0,0.0,0.0,0.0,0.39,30.049999999999997,57.75,1338.473,300,Walker2d-v5,5603,Agente_4
375.94014072418213,318,1400592,579.4370682609873,853.0904478053018,198.22489810481574,251.46,1.8918686193914265e-05,0.0,0.9135044870888159,0.38871804211197625,4503,0.5,0.99,0.01114988850640657,5.459956014156342,0.6781804032623768,-0.009107055608183146,6.560866516828537,0.01114988850640657,0.6781804032623768,5.459956014156342,1.0,1.8918686193914265e-05,1.8918686193914265e-05,0.0,0.38871804211197625,0.38871804211197625,0.0,0.9135044870888159,0.9135044870888159,0.0,0.0,0.0,0.0,0.0,0.965,36.849999999999994,57.7,1298.076,301,Walker2d-v5,5603,Agente_4
377.0646960735321,319,1405096,580.9408022207964,853.0904478053018,198.22489810481574,251.07,1.8918686193914265e-05,0.0,0.9135044870888159,0.38871804211197625,4503,0.5,0.99,0.012020159067697022,5.565026253461838,0.6077227935194969,-0.005654174671508372,6.933571535348892,0.012020159067697022,0.6077227935194969,5.565026253461838,1.0,1.8918686193914265e-05,1.8918686193914265e-05,0.0,0.38871804211197625,0.38871804211197625,0.0,0.9135044870888159,0.9135044870888159,0.0,0.0,0.0,0.0,0.0,0.97,39.9,57.7,1268.576,302,Walker2d-v5,5603,Agente_4
378.1108226776123,320,1409600,585.1751187403773,853.0904478053018,384.4513117899883,251.19,1.8918686193914265e-05,0.0,0.9135044870888159,0.38871804211197625,4503,0.5,0.99,0.016411019432871397,6.0226611465215685,0.743062499910593,0.0065573319559916856,6.407323735952377,0.016411019432871397,0.743062499910593,6.0226611465215685,1.0,1.8918686193914265e-05,1.8918686193914265e-05,0.0,0.38871804211197625,0.38871804211197625,0.0,0.9135044870888159,0.9135044870888159,0.0,0.0,0.0,0.0,0.0,0.905,26.3,57.75,1230.29,303,Walker2d-v5,5603,Agente_4
379.14990162849426,321,1414104,590.8256644909649,802.5049610484183,362.1764632239456,251.73,1.8918686193914265e-05,0.0,0.9135044870888159,0.38871804211197625,4503,0.5,0.99,0.012962298030834063,5.21333509683609,0.7087742999196053,-0.005176363862119615,6.65959181189537,0.012962298030834063,0.7087742999196053,5.21333509683609,1.0,1.8918686193914265e-05,1.8918686193914265e-05,0.0,0.38871804211197625,0.38871804211197625,0.0,0.9135044870888159,0.9135044870888159,0.0,0.0,0.0,0.0,0.0,0.8,35.4,57.7,1228.109,304,Walker2d-v5,5603,Agente_4
380.48042273521423,322,1418608,586.4101975084171,802.5049610484183,362.1764632239456,249.65,1.8918686193914265e-05,0.0,0.9135044870888159,0.38871804211197625,4503,0.5,0.99,0.010219420381599776,6.243312340974808,0.5217500843107701,-0.005874126008711756,6.5091217994689945,0.010219420381599776,0.5217500843107701,6.243312340974808,1.0,1.8918686193914265e-05,1.8918686193914265e-05,0.0,0.38871804211197625,0.38871804211197625,0.0,0.9135044870888159,0.9135044870888159,0.0,0.0,0.0,0.0,0.0,0.8200000000000001,37.7,57.75,1264.928,305,Walker2d-v5,5603,Agente_4
382.0727894306183,323,1423112,583.9908686542298,802.5049610484183,362.1764632239456,249.74,1.8918686193914265e-05,0.0,0.9135044870888159,0.38871804211197625,4503,0.5,0.99,0.01936132395876484,6.201534122228622,0.7395937211811543,0.012418546341359615,6.861108440160751,0.01936132395876484,0.7395937211811543,6.201534122228622,1.0,1.8918686193914265e-05,1.8918686193914265e-05,0.0,0.38871804211197625,0.38871804211197625,0.0,0.9135044870888159,0.9135044870888159,0.0,0.0,0.0,0.0,0.0,0.9450000000000001,38.099999999999994,57.7,1314.671,306,Walker2d-v5,5603,Agente_4
383.7422969341278,324,1427616,588.9279108524286,864.2863582165924,362.1764632239456,253.79,1.8918686193914265e-05,0.0,0.9135044870888159,0.38871804211197625,4503,0.5,0.99,0.015213019611837807,5.568775859475136,0.6894813247025013,-0.008594015671405941,6.864730882644653,0.015213019611837807,0.6894813247025013,5.568775859475136,1.0,1.8918686193914265e-05,1.8918686193914265e-05,0.0,0.38871804211197625,0.38871804211197625,0.0,0.9135044870888159,0.9135044870888159,0.0,0.0,0.0,0.0,0.0,0.6233333333333334,48.0,57.70000000000001,1303.7,307,Walker2d-v5,5603,Agente_4
384.95751118659973,325,1432120,594.4408193233572,1019.9270355429893,362.1764632239456,257.91,1.8918686193914265e-05,0.0,0.9135044870888159,0.38871804211197625,4503,0.5,0.99,0.011956682097843441,5.872169363498688,0.7202202655375004,-0.0037747272755950688,6.304516303539276,0.011956682097843441,0.7202202655375004,5.872169363498688,1.0,1.8918686193914265e-05,1.8918686193914265e-05,0.0,0.38871804211197625,0.38871804211197625,0.0,0.9135044870888159,0.9135044870888159,0.0,0.0,0.0,0.0,0.0,0.79,40.5,57.7,1259.909,308,Walker2d-v5,5603,Agente_4
387.0068311691284,326,1436624,599.7270296324343,1019.9270355429893,362.1764632239456,259.8,1.8918686193914265e-05,0.0,0.9135044870888159,0.38871804211197625,4503,0.5,0.99,0.013403845199172792,5.776309385895729,0.5985560148954392,0.008884518337436021,6.748244750499725,0.013403845199172792,0.5985560148954392,5.776309385895729,1.0,1.8918686193914265e-05,1.8918686193914265e-05,0.0,0.38871804211197625,0.38871804211197625,0.0,0.9135044870888159,0.9135044870888159,0.0,0.0,0.0,0.0,0.0,0.6166666666666667,41.76666666666667,57.70000000000001,1343.82,309,Walker2d-v5,5603,Agente_4
388.37402963638306,327,1441128,591.865736977032,1019.9270355429893,201.86838417920157,259.4,1.8918686193914265e-05,0.0,0.9135044870888159,0.38871804211197625,4503,0.5,0.99,0.016402296237538395,5.506737214326859,0.5970767498016357,-0.0026498980703763666,6.60746339559555,0.016402296237538395,0.5970767498016357,5.506737214326859,1.0,1.8918686193914265e-05,1.8918686193914265e-05,0.0,0.38871804211197625,0.38871804211197625,0.0,0.9135044870888159,0.9135044870888159,0.0,0.0,0.0,0.0,0.0,0.425,44.400000000000006,57.75,1361.817,310,Walker2d-v5,5603,Agente_4
389.3611433506012,328,1445632,588.7213992772755,1019.9270355429893,201.86838417920157,258.51,1.8918686193914265e-05,0.0,0.9135044870888159,0.38871804211197625,4503,0.5,0.99,0.012411201864961186,6.447527539730072,0.7787459291517734,-0.010060399421490729,6.059167301654815,0.012411201864961186,0.7787459291517734,6.447527539730072,1.0,1.8918686193914265e-05,1.8918686193914265e-05,0.0,0.38871804211197625,0.38871804211197625,0.0,0.9135044870888159,0.9135044870888159,0.0,0.0,0.0,0.0,0.0,0.85,22.099999999999998,54.23333333333333,1331.498,311,Walker2d-v5,5603,Agente_4
390.3217394351959,329,1450136,586.9376835313512,1019.9270355429893,201.86838417920157,257.21,1.8918686193914265e-05,0.0,0.9135044870888159,0.38871804211197625,4503,0.5,0.99,0.011919156462681713,4.88667882680893,0.4470538206398487,-0.0022706773946993054,6.85672510266304,0.011919156462681713,0.4470538206398487,4.88667882680893,1.0,1.8918686193914265e-05,1.8918686193914265e-05,0.0,0.38871804211197625,0.38871804211197625,0.0,0.9135044870888159,0.9135044870888159,0.0,0.0,0.0,0.0,0.0,0.84,26.1,49.1,1315.017,312,Walker2d-v5,5603,Agente_4
391.318767786026,330,1454640,568.3230829594889,1019.9270355429893,109.91794601544801,253.13,1.8918686193914265e-05,0.0,0.9135044870888159,0.38871804211197625,4503,0.5,0.99,0.015171508034518411,5.9349053591489795,0.618735209107399,-0.003731854585930705,6.713586550951004,0.015171508034518411,0.618735209107399,5.9349053591489795,1.0,1.8918686193914265e-05,1.8918686193914265e-05,0.0,0.38871804211197625,0.38871804211197625,0.0,0.9135044870888159,0.9135044870888159,0.0,0.0,0.0,0.0,0.0,0.88,24.05,49.95,1309.979,313,Walker2d-v5,5603,Agente_4
393.1014587879181,331,1459144,565.2193004472047,812.5955978179892,109.91794601544801,249.8,1.8918686193914265e-05,0.0,0.9135044870888159,0.38871804211197625,4503,0.5,0.99,0.019154694637040847,4.776574519276619,0.6674584843218326,-0.003202480892650783,6.2775533437728885,0.019154694637040847,0.6674584843218326,4.776574519276619,1.0,1.8918686193914265e-05,1.8918686193914265e-05,0.0,0.38871804211197625,0.38871804211197625,0.0,0.9135044870888159,0.9135044870888159,0.0,0.0,0.0,0.0,0.0,0.5449999999999999,47.4,51.9,1383.961,314,Walker2d-v5,5603,Agente_4
394.45457458496094,332,1463648,567.8854117967448,812.5955978179892,109.91794601544801,251.46,1.8918686193914265e-05,0.0,0.9135044870888159,0.38871804211197625,4503,0.5,0.99,0.013030147253959967,5.533600443601609,0.4789827175438404,-0.001428439049050212,6.041193526983261,0.013030147253959967,0.4789827175438404,5.533600443601609,1.0,1.8918686193914265e-05,1.8918686193914265e-05,0.0,0.38871804211197625,0.38871804211197625,0.0,0.9135044870888159,0.9135044870888159,0.0,0.0,0.0,0.0,0.0,0.27,47.95,54.45,1386.226,315,Walker2d-v5,5603,Agente_4
395.3985846042633,333,1468152,578.5445857639425,812.5955978179892,109.91794601544801,253.27,1.8918686193914265e-05,0.0,0.9135044870888159,0.38871804211197625,4503,0.5,0.99,0.014779627048494604,4.937044876813888,0.4393386907875538,-0.0010473657748661935,7.145466554164886,0.014779627048494604,0.4393386907875538,4.937044876813888,1.0,1.8918686193914265e-05,1.8918686193914265e-05,0.0,0.38871804211197625,0.38871804211197625,0.0,0.9135044870888159,0.9135044870888159,0.0,0.0,0.0,0.0,0.0,0.865,26.4,48.85,1321.905,316,Walker2d-v5,5603,Agente_4
396.28718614578247,334,1472656,576.9515465610666,729.0687541446928,109.91794601544801,253.18,1.8918686193914265e-05,0.0,0.9135044870888159,0.38871804211197625,4503,0.5,0.99,0.01050084917295635,6.03182138800621,0.6182473257184029,-0.004458084097132086,6.082586121559143,0.01050084917295635,0.6182473257184029,6.03182138800621,1.0,1.8918686193914265e-05,1.8918686193914265e-05,0.0,0.38871804211197625,0.38871804211197625,0.0,0.9135044870888159,0.9135044870888159,0.0,0.0,0.0,0.0,0.0,0.87,20.8,48.5,1243.648,317,Walker2d-v5,5603,Agente_4
397.20724964141846,335,1477160,569.626008712125,800.2891360760699,109.91794601544801,249.42,1.8918686193914265e-05,0.0,0.9135044870888159,0.38871804211197625,4503,0.5,0.99,0.02321479191941762,5.546923288702965,0.7178440503776073,-0.013230667856987566,6.958605033159256,0.02321479191941762,0.7178440503776073,5.546923288702965,1.0,1.8918686193914265e-05,1.8918686193914265e-05,0.0,0.38871804211197625,0.38871804211197625,0.0,0.9135044870888159,0.9135044870888159,0.0,0.0,0.0,0.0,0.0,0.87,32.3,49.4,1214.577,318,Walker2d-v5,5603,Agente_4
398.7112956047058,336,1481664,568.2783328021342,800.2891360760699,153.17090446087425,247.19,1.8918686193914265e-05,0.0,0.9135044870888159,0.38871804211197625,4503,0.5,0.99,0.00986019788597332,6.006215697526931,0.5932514674961566,-0.0035728643415495753,6.343541276454926,0.00986019788597332,0.5932514674961566,6.006215697526931,1.0,1.8918686193914265e-05,1.8918686193914265e-05,0.0,0.38871804211197625,0.38871804211197625,0.0,0.9135044870888159,0.9135044870888159,0.0,0.0,0.0,0.0,0.0,0.41333333333333333,26.8,47.5,1159.702,319,Walker2d-v5,5603,Agente_4
399.8122401237488,337,1486168,563.9209467037452,800.2891360760699,153.17090446087425,246.12,1.8918686193914265e-05,0.0,0.9135044870888159,0.38871804211197625,4503,0.5,0.99,0.009260720842530646,6.432955211400985,0.6607173517346382,-0.01938585229218006,6.344656485319137,0.009260720842530646,0.6607173517346382,6.432955211400985,1.0,1.8918686193914265e-05,1.8918686193914265e-05,0.0,0.38871804211197625,0.38871804211197625,0.0,0.9135044870888159,0.9135044870888159,0.0,0.0,0.0,0.0,0.0,0.255,37.2,44.35,1132.903,320,Walker2d-v5,5603,Agente_4
400.6671280860901,338,1490672,556.5962286555882,800.2891360760699,153.17090446087425,244.21,1.8918686193914265e-05,0.0,0.9135044870888159,0.38871804211197625,4503,0.5,0.99,0.013333629142107385,4.931189730763435,0.670607616007328,-0.018854830390773715,6.505944764614105,0.013333629142107385,0.670607616007328,4.931189730763435,1.0,1.8918686193914265e-05,1.8918686193914265e-05,0.0,0.38871804211197625,0.38871804211197625,0.0,0.9135044870888159,0.9135044870888159,0.0,0.0,0.0,0.0,0.0,0.19,36.1,45.9,1119.686,321,Walker2d-v5,5603,Agente_4
401.83643889427185,339,1495176,,,,,1.8918686193914265e-05,0.0,0.9135044870888159,0.38871804211197625,4503,0.5,0.99,0.0040424651363094605,7.928759205341339,0.8749352850019931,-0.008549139800015837,5.294869047403336,0.0040424651363094605,0.8749352850019931,7.928759205341339,1.0,1.8918686193914265e-05,1.8918686193914265e-05,0.0,0.38871804211197625,0.38871804211197625,0.0,0.9135044870888159,0.9135044870888159,0.0,0.0,0.0,0.0,0.0,0.24,17.45,48.55,1157.873,322,Walker2d-v5,5603,Agente_4
402.78975462913513,340,1499680,574.2602831089868,664.5135903504291,389.6660082593978,245.85714285714286,1.8918686193914265e-05,0.0,0.9135044870888159,0.38871804211197625,4503,0.5,0.99,0.020843480540315797,2.795897774398327,0.3504946731030941,0.002994015207514167,7.800534284114837,0.020843480540315797,0.3504946731030941,2.795897774398327,1.0,1.8918686193914265e-05,1.8918686193914265e-05,0.0,0.38871804211197625,0.38871804211197625,0.0,0.9135044870888159,0.9135044870888159,0.0,0.0,0.0,0.0,0.0,0.79,25.5,47.55,1048.745,323,Walker2d-v5,5603,Agente_4
404.04401111602783,341,1504184,609.1128088806108,821.1289527473878,389.6660082593978,261.54545454545456,1.8918686193914265e-05,0.0,0.9135044870888159,0.38871804211197625,4503,0.5,0.99,0.01629833978286115,6.702173775434494,0.7740698523819447,0.003484913660213351,5.456686735153198,0.01629833978286115,0.7740698523819447,6.702173775434494,1.0,1.8918686193914265e-05,1.8918686193914265e-05,0.0,0.38871804211197625,0.38871804211197625,0.0,0.9135044870888159,0.9135044870888159,0.0,0.0,0.0,0.0,0.0,0.2,44.1,44.6,1113.139,324,Walker2d-v5,5603,Agente_4
405.66710233688354,342,1508688,588.3502697097812,821.1289527473878,83.0547649697345,254.23214285714286,1.8918686193914265e-05,0.0,0.9135044870888159,0.38871804211197625,4503,0.5,0.99,0.017615337482584436,3.7143507659435273,0.3654219426214695,0.0015100782969966532,7.834419906139374,0.017615337482584436,0.3654219426214695,3.7143507659435273,1.0,1.8918686193914265e-05,1.8918686193914265e-05,0.0,0.38871804211197625,0.38871804211197625,0.0,0.9135044870888159,0.9135044870888159,0.0,0.0,0.0,0.0,0.0,0.39999999999999997,39.63333333333333,48.03333333333333,1237.464,325,Walker2d-v5,5603,Agente_4
406.9486629962921,343,1513192,582.4734287315744,891.5975983634078,83.0547649697345,258.3939393939394,1.8918686193914265e-05,0.0,0.9135044870888159,0.38871804211197625,4503,0.5,0.99,0.02158677499165833,6.304929736256599,0.5450062938034534,0.0007421204936690629,5.406376308202743,0.02158677499165833,0.5450062938034534,6.304929736256599,1.0,1.8918686193914265e-05,1.8918686193914265e-05,0.0,0.38871804211197625,0.38871804211197625,0.0,0.9135044870888159,0.9135044870888159,0.0,0.0,0.0,0.0,0.0,0.83,39.3,52.1,1244.215,326,Walker2d-v5,5603,Agente_4
408.0275764465332,344,1517696,565.4479917469187,891.5975983634078,83.0547649697345,254.1685393258427,1.8918686193914265e-05,0.0,0.9135044870888159,0.38871804211197625,4503,0.5,0.99,0.011940316959226038,5.715491718053817,0.5791853755712509,0.006312524061650037,6.741314017772675,0.011940316959226038,0.5791853755712509,5.715491718053817,1.0,1.8918686193914265e-05,1.8918686193914265e-05,0.0,0.38871804211197625,0.38871804211197625,0.0,0.9135044870888159,0.9135044870888159,0.0,0.0,0.0,0.0,0.0,0.165,38.7,51.85,1215.174,327,Walker2d-v5,5603,Agente_4
409.42467999458313,345,1522200,568.0012363103808,891.5975983634078,83.0547649697345,259.72,1.8918686193914265e-05,0.0,0.9135044870888159,0.38871804211197625,4503,0.5,0.99,0.013997259327175016,5.357541373372078,0.6423819445073604,-0.0028150084894150496,5.805732333660126,0.013997259327175016,0.6423819445073604,5.357541373372078,1.0,1.8918686193914265e-05,1.8918686193914265e-05,0.0,0.38871804211197625,0.38871804211197625,0.0,0.9135044870888159,0.9135044870888159,0.0,0.0,0.0,0.0,0.0,0.1,34.65,47.2,1239.729,328,Walker2d-v5,5603,Agente_4
410.56404304504395,346,1526704,558.4925287871671,891.5975983634078,74.55800319963461,260.54,1.8918686193914265e-05,0.0,0.9135044870888159,0.38871804211197625,4503,0.5,0.99,0.015649314826612228,4.747277517616749,0.6396044336259366,0.002961051580496132,6.583460706472397,0.015649314826612228,0.6396044336259366,4.747277517616749,1.0,1.8918686193914265e-05,1.8918686193914265e-05,0.0,0.38871804211197625,0.38871804211197625,0.0,0.9135044870888159,0.9135044870888159,0.0,0.0,0.0,0.0,0.0,0.2925,19.5,48.2,1226.133,329,Walker2d-v5,5603,Agente_4
411.7269296646118,347,1531208,553.6367680388385,891.5975983634078,74.55800319963461,259.32,1.8918686193914265e-05,0.0,0.9135044870888159,0.38871804211197625,4503,0.5,0.99,0.016497464868416502,5.099683374166489,0.4493256814777851,0.015407855878584087,6.263207069039344,0.016497464868416502,0.4493256814777851,5.099683374166489,1.0,1.8918686193914265e-05,1.8918686193914265e-05,0.0,0.38871804211197625,0.38871804211197625,0.0,0.9135044870888159,0.9135044870888159,0.0,0.0,0.0,0.0,0.0,0.25,32.1,49.7,1217.563,330,Walker2d-v5,5603,Agente_4
413.0817313194275,348,1535712,554.189975024403,891.5975983634078,74.55800319963461,262.28,1.8918686193914265e-05,0.0,0.9135044870888159,0.38871804211197625,4503,0.5,0.99,0.01562891528315049,5.117147746682167,0.6410849578678608,-0.00925722997635603,6.326381945610047,0.01562891528315049,0.6410849578678608,5.117147746682167,1.0,1.8918686193914265e-05,1.8918686193914265e-05,0.0,0.38871804211197625,0.38871804211197625,0.0,0.9135044870888159,0.9135044870888159,0.0,0.0,0.0,0.0,0.0,0.8,40.45,51.9,1229.955,331,Walker2d-v5,5603,Agente_4
414.2472460269928,349,1540216,556.3053587745605,871.0753773172702,74.55800319963461,258.22,1.8918686193914265e-05,0.0,0.9135044870888159,0.38871804211197625,4503,0.5,0.99,0.01730817145294452,4.392791478335857,0.4577468693256378,0.0024373312713578343,6.0863344132900234,0.01730817145294452,0.4577468693256378,4.392791478335857,1.0,1.8918686193914265e-05,1.8918686193914265e-05,0.0,0.38871804211197625,0.38871804211197625,0.0,0.9135044870888159,0.9135044870888159,0.0,0.0,0.0,0.0,0.0,0.15000000000000002,52.45,54.3,1229.292,332,Walker2d-v5,5603,Agente_4
415.249440908432,350,1544720,574.2788679510224,871.0753773172702,74.55800319963461,261.51,1.8918686193914265e-05,0.0,0.9135044870888159,0.38871804211197625,4503,0.5,0.99,0.017971740219763888,5.173166666924954,0.4625499576330185,0.012671670829877257,6.081243789196014,0.017971740219763888,0.4625499576330185,5.173166666924954,1.0,1.8918686193914265e-05,1.8918686193914265e-05,0.0,0.38871804211197625,0.38871804211197625,0.0,0.9135044870888159,0.9135044870888159,0.0,0.0,0.0,0.0,0.0,0.19,36.099999999999994,55.55,1234.224,333,Walker2d-v5,5603,Agente_4
416.4890251159668,351,1549224,,,,,1.8918686193914265e-05,0.0,0.9135044870888159,0.38871804211197625,4503,0.5,0.99,0.0032531590302951113,7.886016094684601,0.9335588395595551,-0.0042195481481030585,4.840098878741264,0.0032531590302951113,0.9335588395595551,7.886016094684601,1.0,1.8918686193914265e-05,1.8918686193914265e-05,0.0,0.38871804211197625,0.38871804211197625,0.0,0.9135044870888159,0.9135044870888159,0.0,0.0,0.0,0.0,0.0,0.375,17.0,48.400000000000006,1230.041,334,Walker2d-v5,5603,Agente_4
417.45419216156006,352,1553728,544.2041822883765,646.6017008006045,397.7779325403087,241.44,1.8918686193914265e-05,0.0,0.9135044870888159,0.38871804211197625,4503,0.5,0.99,0.01816862163368569,3.3009629756212235,0.41980088129639626,-0.006940880697220564,7.899687469005585,0.01816862163368569,0.41980088129639626,3.3009629756212235,1.0,1.8918686193914265e-05,1.8918686193914265e-05,0.0,0.38871804211197625,0.38871804211197625,0.0,0.9135044870888159,0.9135044870888159,0.0,0.0,0.0,0.0,0.0,0.6799999999999999,27.950000000000003,47.35,1091.341,335,Walker2d-v5,5603,Agente_4
418.76990580558777,353,1558232,564.0908457994467,766.5455650418398,287.99931758765723,258.45454545454544,1.8918686193914265e-05,0.0,0.9135044870888159,0.38871804211197625,4503,0.5,0.99,0.008115489568820067,6.48920242190361,0.8447361998260021,-0.0028485874179750683,4.750564932823181,0.008115489568820067,0.8447361998260021,6.48920242190361,1.0,1.8918686193914265e-05,1.8918686193914265e-05,0.0,0.38871804211197625,0.38871804211197625,0.0,0.9135044870888159,0.9135044870888159,0.0,0.0,0.0,0.0,0.0,0.26,37.5,46.3,1162.236,336,Walker2d-v5,5603,Agente_4
419.99477338790894,354,1562736,578.8045929483667,817.4914131610963,287.99931758765723,258.7049180327869,1.8918686193914265e-05,0.0,0.9135044870888159,0.38871804211197625,4503,0.5,0.99,0.01880964088136352,3.3715158715844153,0.49104345589876175,-0.009666667995043099,7.507632952928543,0.01880964088136352,0.49104345589876175,3.3715158715844153,1.0,1.8918686193914265e-05,1.8918686193914265e-05,0.0,0.38871804211197625,0.38871804211197625,0.0,0.9135044870888159,0.9135044870888159,0.0,0.0,0.0,0.0,0.0,0.75,39.1,47.1,1174.642,337,Walker2d-v5,5603,Agente_4
421.0498354434967,355,1567240,576.1861296735599,817.4914131610963,287.99931758765723,256.8358208955224,1.8918686193914265e-05,0.0,0.9135044870888159,0.38871804211197625,4503,0.5,0.99,0.01795098233360477,5.709286788105965,0.6224931955337525,-0.005337925767526031,5.998303383588791,0.01795098233360477,0.6224931955337525,5.709286788105965,1.0,1.8918686193914265e-05,1.8918686193914265e-05,0.0,0.38871804211197625,0.38871804211197625,0.0,0.9135044870888159,0.9135044870888159,0.0,0.0,0.0,0.0,0.0,0.5,35.400000000000006,47.3,1148.484,338,Walker2d-v5,5603,Agente_4
422.37713050842285,356,1571744,578.790859524508,817.4914131610963,108.34108842299813,256.19354838709677,1.8918686193914265e-05,0.0,0.9135044870888159,0.38871804211197625,4503,0.5,0.99,0.017778962479223993,5.088210165500641,0.5792404279112816,0.012972332211211324,6.579202461242676,0.017778962479223993,0.5792404279112816,5.088210165500641,1.0,1.8918686193914265e-05,1.8918686193914265e-05,0.0,0.38871804211197625,0.38871804211197625,0.0,0.9135044870888159,0.9135044870888159,0.0,0.0,0.0,0.0,0.0,0.15000000000000002,42.45,45.8,1176.15,339,Walker2d-v5,5603,Agente_4
423.45415687561035,357,1576248,575.9150667983029,817.4914131610963,108.34108842299813,256.94,1.8918686193914265e-05,0.0,0.9135044870888159,0.38871804211197625,4503,0.5,0.99,0.025821268118124862,5.06400177180767,0.5777463793754578,-0.0047846627770923075,6.015862369537354,0.025821268118124862,0.5777463793754578,5.06400177180767,1.0,1.8918686193914265e-05,1.8918686193914265e-05,0.0,0.38871804211197625,0.38871804211197625,0.0,0.9135044870888159,0.9135044870888159,0.0,0.0,0.0,0.0,0.0,0.08,43.5,45.3,1160.588,340,Walker2d-v5,5603,Agente_4
424.51222681999207,358,1580752,585.4995184543212,817.4914131610963,108.34108842299813,259.3,1.8918686193914265e-05,0.0,0.9135044870888159,0.38871804211197625,4503,0.5,0.99,0.019167131594622334,5.610870790481568,0.7914773844182491,0.0036335485288873314,6.155830085277557,0.019167131594622334,0.7914773844182491,5.610870790481568,1.0,1.8918686193914265e-05,1.8918686193914265e-05,0.0,0.38871804211197625,0.38871804211197625,0.0,0.9135044870888159,0.9135044870888159,0.0,0.0,0.0,0.0,0.0,0.17,30.55,46.5,1146.103,341,Walker2d-v5,5603,Agente_4
425.9951949119568,359,1585256,572.940347597418,817.4914131610963,108.34108842299813,252.28,1.8918686193914265e-05,0.0,0.9135044870888159,0.38871804211197625,4503,0.5,0.99,0.018471963787487767,5.195357915759087,0.6893348887562751,-0.006225729640573263,6.579366099834442,0.018471963787487767,0.6893348887562751,5.195357915759087,1.0,1.8918686193914265e-05,1.8918686193914265e-05,0.0,0.38871804211197625,0.38871804211197625,0.0,0.9135044870888159,0.9135044870888159,0.0,0.0,0.0,0.0,0.0,0.445,36.8,48.3,1182.065,342,Walker2d-v5,5603,Agente_4
427.50344228744507,360,1589760,576.4420321626683,877.024915812927,108.34108842299813,252.9,1.8918686193914265e-05,0.0,0.9135044870888159,0.38871804211197625,4503,0.5,0.99,0.012712896636730874,5.634244734048844,0.5979588948190212,-0.008461105509195477,5.973416519165039,0.012712896636730874,0.5979588948190212,5.634244734048844,1.0,1.8918686193914265e-05,1.8918686193914265e-05,0.0,0.38871804211197625,0.38871804211197625,0.0,0.9135044870888159,0.9135044870888159,0.0,0.0,0.0,0.0,0.0,0.7050000000000001,43.0,49.15,1213.745,343,Walker2d-v5,5603,Agente_4
431.4453740119934,363,1603272,,,,,1.8918686193914265e-05,0.0,0.9135044870888159,0.38871804211197625,4503,0.5,0.99,0.004229947296916241,7.889506995677948,0.946316035836935,-0.01218767676036805,4.579700380563736,0.004229947296916241,0.946316035836935,7.889506995677948,1.0,1.8918686193914265e-05,1.8918686193914265e-05,0.0,0.38871804211197625,0.38871804211197625,0.0,0.9135044870888159,0.9135044870888159,0.0,0.0,0.0,0.0,0.0,0.38000000000000006,18.233333333333334,48.53333333333333,1226.347,344,Walker2d-v5,5603,Agente_4
432.50789761543274,364,1607776,576.1897114355666,687.8288406936647,448.36178181115196,245.85185185185185,1.8918686193914265e-05,0.0,0.9135044870888159,0.38871804211197625,4503,0.5,0.99,0.01683713246266052,3.8763231456279756,0.5641025148332119,-0.003945099469274282,7.6574278652668,0.01683713246266052,0.5641025148332119,3.8763231456279756,1.0,1.8918686193914265e-05,1.8918686193914265e-05,0.0,0.38871804211197625,0.38871804211197625,0.0,0.9135044870888159,0.9135044870888159,0.0,0.0,0.0,0.0,0.0,0.845,27.4,51.35,1139.27,345,Walker2d-v5,5603,Agente_4
433.7309396266937,365,1612280,597.7108550416455,903.9992641574208,448.36178181115196,259.25,1.8918686193914265e-05,0.0,0.9135044870888159,0.38871804211197625,4503,0.5,0.99,0.01800722521053899,6.613383424282074,0.6924800798296928,-0.015228921850211918,4.660708659887314,0.01800722521053899,0.6924800798296928,6.613383424282074,1.0,1.8918686193914265e-05,1.8918686193914265e-05,0.0,0.38871804211197625,0.38871804211197625,0.0,0.9135044870888159,0.9135044870888159,0.0,0.0,0.0,0.0,0.0,0.82,35.95,54.05,1162.91,346,Walker2d-v5,5603,Agente_4
434.98128366470337,366,1616784,571.0199480654278,903.9992641574208,117.86824029553023,254.16666666666666,1.8918686193914265e-05,0.0,0.9135044870888159,0.38871804211197625,4503,0.5,0.99,0.016898876614868642,4.692091146111489,0.7195565320551396,0.0037981746485456825,6.93329781293869,0.016898876614868642,0.7195565320551396,4.692091146111489,1.0,1.8918686193914265e-05,1.8918686193914265e-05,0.0,0.38871804211197625,0.38871804211197625,0.0,0.9135044870888159,0.9135044870888159,0.0,0.0,0.0,0.0,0.0,0.99,39.8,55.7,1182.596,347,Walker2d-v5,5603,Agente_4
435.86801838874817,367,1621288,567.2706405066465,903.9992641574208,117.86824029553023,251.86764705882354,1.8918686193914265e-05,0.0,0.9135044870888159,0.38871804211197625,4503,0.5,0.99,0.020910220437019688,5.564036184549332,0.5109917610883713,-0.0042944441200234,4.914495354890823,0.020910220437019688,0.5109917610883713,5.564036184549332,1.0,1.8918686193914265e-05,1.8918686193914265e-05,0.0,0.38871804211197625,0.38871804211197625,0.0,0.9135044870888159,0.9135044870888159,0.0,0.0,0.0,0.0,0.0,0.925,21.85,53.9,1121.59,348,Walker2d-v5,5603,Agente_4
437.0464594364166,368,1625792,568.1329673845856,903.9992641574208,117.86824029553023,252.77659574468086,1.8918686193914265e-05,0.0,0.9135044870888159,0.38871804211197625,4503,0.5,0.99,0.02936533136453363,5.165245012938977,0.6704642288386822,0.00594687347766012,6.275330954790116,0.02936533136453363,0.6704642288386822,5.165245012938977,1.0,1.8918686193914265e-05,1.8918686193914265e-05,0.0,0.38871804211197625,0.38871804211197625,0.0,0.9135044870888159,0.9135044870888159,0.0,0.0,0.0,0.0,0.0,0.86,37.4,51.9,1128.853,349,Walker2d-v5,5603,Agente_4
437.982873916626,369,1630296,562.5450067968808,903.9992641574208,98.8454193091424,250.74,1.8918686193914265e-05,0.0,0.9135044870888159,0.38871804211197625,4503,0.5,0.99,0.009984573187671231,5.3063135802745816,0.7783461786806584,-0.020488472236320377,5.877485993504524,0.009984573187671231,0.7783461786806584,5.3063135802745816,1.0,1.8918686193914265e-05,1.8918686193914265e-05,0.0,0.38871804211197625,0.38871804211197625,0.0,0.9135044870888159,0.9135044870888159,0.0,0.0,0.0,0.0,0.0,0.835,35.9,49.65,1099.536,350,Walker2d-v5,5603,Agente_4
439.4147880077362,370,1634800,563.736689114245,903.9992641574208,98.8454193091424,251.96,1.8918686193914265e-05,0.0,0.9135044870888159,0.38871804211197625,4503,0.5,0.99,0.010562474156313329,5.851066690683365,0.7693810202181339,-0.009190366347320377,6.212095218896866,0.010562474156313329,0.7693810202181339,5.851066690683365,1.0,1.8918686193914265e-05,1.8918686193914265e-05,0.0,0.38871804211197625,0.38871804211197625,0.0,0.9135044870888159,0.9135044870888159,0.0,0.0,0.0,0.0,0.0,0.49,43.75,43.65,1139.855,351,Walker2d-v5,5603,Agente_4
440.4517877101898,371,1639304,556.1404939449817,851.5186285764918,98.8454193091424,245.97,1.8918686193914265e-05,0.0,0.9135044870888159,0.38871804211197625,4503,0.5,0.99,0.013290981887359976,5.41332955956459,0.6723586738109588,-0.0023973837378434837,5.919758611917496,0.013290981887359976,0.6723586738109588,5.41332955956459,1.0,1.8918686193914265e-05,1.8918686193914265e-05,0.0,0.38871804211197625,0.38871804211197625,0.0,0.9135044870888159,0.9135044870888159,0.0,0.0,0.0,0.0,0.0,0.29,36.0,44.8,1127.313,352,Walker2d-v5,5603,Agente_4
441.3193852901459,372,1643808,567.4634222872706,851.5186285764918,98.8454193091424,248.49,1.8918686193914265e-05,0.0,0.9135044870888159,0.38871804211197625,4503,0.5,0.99,0.012584888328683519,5.525167620182037,0.785836061835289,-0.015742738742846995,5.843178147077561,0.012584888328683519,0.785836061835289,5.525167620182037,1.0,1.8918686193914265e-05,1.8918686193914265e-05,0.0,0.38871804211197625,0.38871804211197625,0.0,0.9135044870888159,0.9135044870888159,0.0,0.0,0.0,0.0,0.0,0.31666666666666665,19.266666666666666,46.63333333333333,1100.295,353,Walker2d-v5,5603,Agente_4
442.8455317020416,373,1648312,569.9304028764144,851.5186285764918,98.8454193091424,249.42,1.8918686193914265e-05,0.0,0.9135044870888159,0.38871804211197625,4503,0.5,0.99,0.012616714840896747,5.699593329429627,0.6915596306324006,-0.013052892428822816,5.619735163450241,0.012616714840896747,0.6915596306324006,5.699593329429627,1.0,1.8918686193914265e-05,1.8918686193914265e-05,0.0,0.38871804211197625,0.38871804211197625,0.0,0.9135044870888159,0.9135044870888159,0.0,0.0,0.0,0.0,0.0,0.125,40.8,48.15,1128.938,354,Walker2d-v5,5603,Agente_4
444.30159854888916,374,1652816,570.4098244435664,851.5186285764918,306.53925751187563,248.83,1.8918686193914265e-05,0.0,0.9135044870888159,0.38871804211197625,4503,0.5,0.99,0.012159099683231034,6.070140147209168,0.7286766186356545,0.01781657978426665,6.2120937526226045,0.012159099683231034,0.7286766186356545,6.070140147209168,1.0,1.8918686193914265e-05,1.8918686193914265e-05,0.0,0.38871804211197625,0.38871804211197625,0.0,0.9135044870888159,0.9135044870888159,0.0,0.0,0.0,0.0,0.0,0.18,52.85,49.099999999999994,1168.35,355,Walker2d-v5,5603,Agente_4
436.07894682884216,220,1717984,608.6267057207666,858.803171848865,145.4405291471872,262.7627906976744,4.170119300536871e-05,0.0,0.9,0.17610358181989974,60000,0.5,0.99,0.005352447112887139,4.635528094951923,0.8075869938247224,0.0035414047005912688,4.755336414239346,0.005352447112887139,0.8075869938247224,4.635528094951923,1.0,4.170119300536871e-05,4.170119300536871e-05,0.0,0.17610358181989974,0.17610358181989974,0.0,0.9,0.9,0.0,0.0,0.0,0.0,0.0,0.6495454545454545,34.599999999999994,50.031818181818174,15056.767,356,Walker2d-v5,5603,Agente_4
452.91082978248596,221,1777984,579.5166882597451,888.953736195233,94.90586681482243,253.1404255319149,4.170119300536871e-05,0.0,0.9,0.17610358181989974,60000,0.5,0.99,0.005647842205962116,5.028899797211346,0.8303701623892172,0.0018668317769327733,4.873149375834017,0.005647842205962116,0.8303701623892172,5.028899797211346,1.0,4.170119300536871e-05,4.170119300536871e-05,0.0,0.17610358181989974,0.17610358181989974,0.0,0.9,0.9,0.0,0.0,0.0,0.0,0.0,0.6721739130434783,41.84347826086957,58.16086956521738,15936.15,357,Walker2d-v5,5603,Agente_4
469.9030113220215,222,1837984,559.7958668448356,984.7414556837253,131.18132054452587,243.64634146341464,4.170119300536871e-05,0.0,0.9,0.17610358181989974,60000,0.5,0.99,0.005080331378999445,5.3320979845829495,0.8325247522602733,0.0005062686199815864,4.980959741070739,0.005080331378999445,0.8325247522602733,5.3320979845829495,1.0,4.170119300536871e-05,4.170119300536871e-05,0.0,0.17610358181989974,0.17610358181989974,0.0,0.9,0.9,0.0,0.0,0.0,0.0,0.0,0.61625,38.137499999999996,59.3125,16283.568,358,Walker2d-v5,5603,Agente_4
485.7411901950836,223,1897984,541.9932035835102,877.0522449810502,103.64492772613173,241.38955823293173,4.170119300536871e-05,0.0,0.9,0.17610358181989974,60000,0.5,0.99,0.004925756401893225,5.590432554840023,0.848811746815331,-0.0003742014463895406,5.1036997008527445,0.004925756401893225,0.848811746815331,5.590432554840023,1.0,4.170119300536871e-05,4.170119300536871e-05,0.0,0.17610358181989974,0.17610358181989974,0.0,0.9,0.9,0.0,0.0,0.0,0.0,0.0,0.611904761904762,38.795238095238105,59.76666666666667,16168.419,359,Walker2d-v5,5603,Agente_4
502.61506032943726,224,1957984,536.010025245116,743.1450099538464,115.69264750274613,237.91372549019607,4.170119300536871e-05,0.0,0.9,0.17610358181989974,60000,0.5,0.99,0.0067051569820267805,5.664926090607277,0.8630503646838359,-0.0010947307667289025,5.214297769212315,0.0067051569820267805,0.8630503646838359,5.664926090607277,1.0,4.170119300536871e-05,4.170119300536871e-05,0.0,0.17610358181989974,0.17610358181989974,0.0,0.9,0.9,0.0,0.0,0.0,0.0,0.0,0.6783333333333332,38.916666666666664,60.012499999999996,16305.867,360,Walker2d-v5,5603,Agente_4
518.1879334449768,225,2017984,530.5334274166229,1044.4396535574413,112.2923314515212,232.6070038910506,4.170119300536871e-05,0.0,0.9,0.17610358181989974,60000,0.5,0.99,0.006660910385748593,5.565152294411618,0.8620664453404582,-0.0007232514950327384,5.149509192735721,0.006660910385748593,0.8620664453404582,5.565152294411618,1.0,4.170119300536871e-05,4.170119300536871e-05,0.0,0.17610358181989974,0.17610358181989974,0.0,0.9,0.9,0.0,0.0,0.0,0.0,0.0,0.645909090909091,35.85909090909092,56.9409090909091,16181.72,361,Walker2d-v5,5603,Agente_4
