time_total_s,training_iteration,timesteps_total,env_runners/episode_return_mean,env_runners/episode_return_max,env_runners/episode_return_min,env_runners/episode_len_mean,config/train_batch_size,config/tau,config/target_entropy,config/gamma,config/optimization/actor_learning_rate,config/optimization/critic_learning_rate,config/optimization/entropy_learning_rate,info/learner/default_policy/learner_stats/actor_loss,info/learner/default_policy/learner_stats/critic_loss,info/learner/default_policy/learner_stats/alpha_loss,info/learner/default_policy/learner_stats/alpha_value,info/learner/default_policy/learner_stats/log_alpha_value,info/learner/default_policy/learner_stats/target_entropy,custom_metrics/sac_td_error_median,custom_metrics/sac_td_error_p95,custom_metrics/sac_td_error_reference_before,custom_metrics/sac_td_error_reference_ema,custom_metrics/policy_update_state,custom_metrics/policy_update_state_raw,custom_metrics/policy_update_state_valid,custom_metrics/policy_update_health,custom_metrics/sac_actor_loss,custom_metrics/sac_critic_loss,custom_metrics/sac_alpha_loss,custom_metrics/sac_alpha_value,custom_metrics/sac_log_alpha_value,custom_metrics/sac_target_entropy,custom_metrics/sac_mean_q,custom_metrics/sac_max_q,custom_metrics/sac_min_q,custom_metrics/coda_guided_update,custom_metrics/coda_gp_data_count,custom_metrics/coda_o2i_uncertainty_raw,custom_metrics/coda_o2i_uncertainty_thresholded,custom_metrics/coda_o2i_warmup_gain,custom_metrics/coda_o2i_uncertainty_effective,custom_metrics/coda_o2i_candidate_posterior_std,custom_metrics/coda_o2i_donor_posterior_std,custom_metrics/coda_o2i_prior_std,custom_metrics/coda_o2i_acquisition_value,custom_metrics/coda_target_entropy_increment,custom_metrics/coda_applied_target_entropy,custom_metrics/coda_desired_train_batch_size,custom_metrics/coda_effective_train_batch_size,custom_metrics/coda_mismatch_train_batch_size,custom_metrics/coda_desired_tau,custom_metrics/coda_effective_tau,custom_metrics/coda_mismatch_tau,custom_metrics/coda_desired_actor_lr,custom_metrics/coda_effective_actor_lr,custom_metrics/coda_mismatch_actor_lr,custom_metrics/coda_desired_critic_lr,custom_metrics/coda_effective_critic_lr,custom_metrics/coda_mismatch_critic_lr,custom_metrics/coda_desired_alpha_lr,custom_metrics/coda_effective_alpha_lr,custom_metrics/coda_mismatch_alpha_lr,custom_metrics/coda_desired_target_entropy,custom_metrics/coda_effective_target_entropy,custom_metrics/coda_mismatch_target_entropy,custom_metrics/coda_effective_hp_mismatch_count,perf/gpu_util_percent0,perf/cpu_util_percent,perf/ram_util_percent,timers/training_iteration_time_ms,causal_order,entorno,semilla,agente_id
3.9617836475372314,1,4096,1.0300718069590484,45.49672184007794,-10.908566348328453,20.13903743315508,1378,0.0031713463019890317,-6.0,0.99,6.75319162540238e-05,0.00015112578404108108,0.0003,-5.942889213562012,0.7627117037773132,-0.1634221374988556,0.9836215376853943,-0.016514113172888756,-6.0,2.4430034160614014,3.75912207365036,,2.4430034160614014,1.0,1.0,1.0,1.0,-5.942889213562012,0.7627117037773132,-0.1634221374988556,0.9836215376853943,-0.016514113172888756,-6.0,2.0444486141204834,5.220358848571777,1.0060023069381714,0.0,0.0,0.0,0.0,0.0,0.0,,,,,0.0,-6.0,1378.0,1378.0,0.0,0.0031713463019890317,0.0031713463019890317,0.0,6.75319162540238e-05,6.75319162540238e-05,0.0,0.00015112578404108108,0.00015112578404108108,0.0,0.0003,0.0003,0.0,-6.0,-6.0,0.0,0.0,0.3533333333333333,24.966666666666665,47.96666666666667,3951.428,0,Walker2d-v5,8256,Agente_1
9.451277017593384,2,8192,1.1853794580960313,23.814261591641205,-10.26533162912767,21.316062176165804,1378,0.0031713463019890317,-6.0,0.99,6.75319162540238e-05,0.00015112578404108108,0.0003,-7.695539474487305,0.16611513495445251,-0.40684348344802856,0.9602786898612976,-0.04053173586726189,-6.0,0.696801483631134,4.721676230430603,2.4430034160614014,2.2683832228183745,1.0,1.0,1.0,1.0,-7.695539474487305,0.16611513495445251,-0.40684348344802856,0.9602786898612976,-0.04053173586726189,-6.0,3.8866283893585205,7.461793899536133,2.303905725479126,0.0,0.0,0.0,0.0,0.0,0.0,,,,,0.0,-6.0,1378.0,1378.0,0.0,0.0031713463019890317,0.0031713463019890317,0.0,6.75319162540238e-05,6.75319162540238e-05,0.0,0.00015112578404108108,0.00015112578404108108,0.0,0.0003,0.0003,0.0,-6.0,-6.0,0.0,0.0,0.33,28.985714285714284,49.214285714285715,4713.832,1,Walker2d-v5,8256,Agente_1
14.827523231506348,3,12288,1.9229242954697732,32.68873380411267,-10.64579147694821,20.785340314136125,1378,0.0031713463019890317,-6.0,0.99,6.75319162540238e-05,0.00015112578404108108,0.0003,-7.721862316131592,0.17746442556381226,-0.6495965719223022,0.9374998807907104,-0.06453868001699448,-6.0,0.6836972236633301,4.720001935958862,2.2683832228183745,2.10991462290287,1.0,1.0,1.0,1.0,-7.721862316131592,0.17746442556381226,-0.6495965719223022,0.9374998807907104,-0.06453868001699448,-6.0,3.9783401489257812,7.6459197998046875,2.082754373550415,0.0,0.0,0.0,0.0,0.0,0.0,,,,,0.0,-6.0,1378.0,1378.0,0.0,0.0031713463019890317,0.0031713463019890317,0.0,6.75319162540238e-05,6.75319162540238e-05,0.0,0.00015112578404108108,0.00015112578404108108,0.0,0.0003,0.0003,0.0,-6.0,-6.0,0.0,0.0,0.42874999999999996,28.4875,49.412499999999994,4930.924,2,Walker2d-v5,8256,Agente_1
20.203245401382446,4,16384,2.9166728640682966,36.72584103274507,-11.410579245689295,24.35542168674699,1378,0.0031713463019890317,-6.0,0.99,6.75319162540238e-05,0.00015112578404108108,0.0003,-7.90555477142334,0.1666223704814911,-0.8927181959152222,0.9152787327766418,-0.0885266587138176,-6.0,0.6926777362823486,4.8835296630859375,2.10991462290287,1.968190934240818,1.0,1.0,1.0,1.0,-7.90555477142334,0.1666223704814911,-0.8927181959152222,0.9152787327766418,-0.0885266587138176,-6.0,4.239880084991455,7.07476806640625,1.5987567901611328,0.0,0.0,0.0,0.0,0.0,0.0,,,,,0.0,-6.0,1378.0,1378.0,0.0,0.0031713463019890317,0.0031713463019890317,0.0,6.75319162540238e-05,6.75319162540238e-05,0.0,0.00015112578404108108,0.00015112578404108108,0.0,0.0003,0.0003,0.0,-6.0,-6.0,0.0,0.0,0.37142857142857144,28.4,49.25714285714286,5038.33,3,Walker2d-v5,8256,Agente_1
25.734466791152954,5,20480,3.1164422032949046,58.65630603409124,-11.185826125035929,25.03030303030303,1378,0.0031713463019890317,-6.0,0.99,6.75319162540238e-05,0.00015112578404108108,0.0003,-8.271916389465332,0.14396686851978302,-1.1310505867004395,0.8935865163803101,-0.11251213401556015,-6.0,0.600293755531311,5.170407176017761,1.968190934240818,1.8314012163698674,1.0,1.0,1.0,1.0,-8.271916389465332,0.14396686851978302,-1.1310505867004395,0.8935865163803101,-0.11251213401556015,-6.0,4.695121765136719,8.538578033447266,2.4745659828186035,0.0,0.0,0.0,0.0,0.0,0.0,,,,,0.0,-6.0,1378.0,1378.0,0.0,0.0031713463019890317,0.0031713463019890317,0.0,6.75319162540238e-05,6.75319162540238e-05,0.0,0.00015112578404108108,0.00015112578404108108,0.0,0.0003,0.0003,0.0,-6.0,-6.0,0.0,0.0,0.3825,27.0375,49.4,5134.835,4,Walker2d-v5,8256,Agente_1
31.037474155426025,6,24576,4.675342418502028,53.254043471707625,-10.13847885164869,28.326241134751772,1378,0.0031713463019890317,-6.0,0.99,6.75319162540238e-05,0.00015112578404108108,0.0003,-8.382051467895508,0.14800938963890076,-1.371300458908081,0.8724201321601868,-0.13648423552513123,-6.0,0.7082569599151611,4.974308609962463,1.8314012163698674,1.7190867907243967,1.0,1.0,1.0,1.0,-8.382051467895508,0.14800938963890076,-1.371300458908081,0.8724201321601868,-0.13648423552513123,-6.0,4.893204212188721,12.389120101928711,1.9719756841659546,0.0,0.0,0.0,0.0,0.0,0.0,,,,,0.0,-6.0,1378.0,1378.0,0.0,0.0031713463019890317,0.0031713463019890317,0.0,6.75319162540238e-05,6.75319162540238e-05,0.0,0.00015112578404108108,0.00015112578404108108,0.0,0.0003,0.0003,0.0,-6.0,-6.0,0.0,0.0,0.44,28.428571428571427,49.57142857142857,5160.628,5,Walker2d-v5,8256,Agente_1
36.93609118461609,7,28672,3.4221390978089197,38.68196145569731,-6.448338136567241,27.038709677419355,1378,0.0031713463019890317,-6.0,0.99,6.75319162540238e-05,0.00015112578404108108,0.0003,-8.780092239379883,0.18095684051513672,-1.610213041305542,0.8517655730247498,-0.16044387221336365,-6.0,0.6881754398345947,5.863616347312927,1.7190867907243967,1.6159956556354167,1.0,1.0,1.0,1.0,-8.780092239379883,0.18095684051513672,-1.610213041305542,0.8517655730247498,-0.16044387221336365,-6.0,5.403238773345947,10.100615501403809,2.345069408416748,0.0,0.0,0.0,0.0,0.0,0.0,,,,,0.0,-6.0,1378.0,1378.0,0.0,0.0031713463019890317,0.0031713463019890317,0.0,6.75319162540238e-05,6.75319162540238e-05,0.0,0.00015112578404108108,0.00015112578404108108,0.0,0.0003,0.0003,0.0,-6.0,-6.0,0.0,0.0,0.34125000000000005,28.074999999999996,49.875,5264.09,6,Walker2d-v5,8256,Agente_1
42.313498735427856,8,32768,6.085980817400004,77.59984324265321,-6.9597061241667815,30.410852713178294,1378,0.0031713463019890317,-6.0,0.99,6.75319162540238e-05,0.00015112578404108108,0.0003,-9.242737770080566,0.18621377646923065,-1.8523882627487183,0.8316124081611633,-0.18438880145549774,-6.0,0.674836277961731,6.253437638282776,1.6159956556354167,1.521879717868048,1.0,1.0,1.0,1.0,-9.242737770080566,0.18621377646923065,-1.8523882627487183,0.8316124081611633,-0.18438880145549774,-6.0,5.918032646179199,9.978727340698242,2.776850938796997,0.0,0.0,0.0,0.0,0.0,0.0,,,,,0.0,-6.0,1378.0,1378.0,0.0,0.0031713463019890317,0.0031713463019890317,0.0,6.75319162540238e-05,6.75319162540238e-05,0.0,0.00015112578404108108,0.00015112578404108108,0.0,0.0003,0.0003,0.0,-6.0,-6.0,0.0,0.0,0.30625,28.325000000000003,50.1125,5276.776,7,Walker2d-v5,8256,Agente_1
47.829572439193726,9,36864,9.001825102115845,187.76975890304962,-8.425466486998086,31.615384615384617,1378,0.0031713463019890317,-6.0,0.99,6.75319162540238e-05,0.00015112578404108108,0.0003,-9.843236923217773,0.18964067101478577,-2.0746192932128906,0.811971127986908,-0.20829054713249207,-6.0,0.7553664445877075,6.665110230445862,1.521879717868048,1.4452283905400138,1.0,1.0,1.0,1.0,-9.843236923217773,0.18964067101478577,-2.0746192932128906,0.811971127986908,-0.20829054713249207,-6.0,6.643327713012695,17.85252571105957,2.548713445663452,0.0,0.0,0.0,0.0,0.0,0.0,,,,,0.0,-6.0,1378.0,1378.0,0.0,0.0031713463019890317,0.0031713463019890317,0.0,6.75319162540238e-05,6.75319162540238e-05,0.0,0.00015112578404108108,0.00015112578404108108,0.0,0.0003,0.0003,0.0,-6.0,-6.0,0.0,0.0,0.3685714285714286,28.01428571428571,50.27142857142858,5302.227,8,Walker2d-v5,8256,Agente_1
53.15471959114075,10,40960,8.968903038462722,63.43033059891032,-8.20836824782397,35.73873873873874,1378,0.0031713463019890317,-6.0,0.99,6.75319162540238e-05,0.00015112578404108108,0.0003,-10.16341495513916,0.1550603210926056,-2.294841766357422,0.792823314666748,-0.23215489089488983,-6.0,0.6941359043121338,5.649847507476807,1.4452283905400138,1.3701191419172258,1.0,1.0,1.0,1.0,-10.16341495513916,0.1550603210926056,-2.294841766357422,0.792823314666748,-0.23215489089488983,-6.0,7.001782417297363,13.217220306396484,2.6290581226348877,0.0,0.0,0.0,0.0,0.0,0.0,,,,,0.0,-6.0,1378.0,1378.0,0.0,0.0031713463019890317,0.0031713463019890317,0.0,6.75319162540238e-05,6.75319162540238e-05,0.0,0.00015112578404108108,0.00015112578404108108,0.0,0.0003,0.0003,0.0,-6.0,-6.0,0.0,0.0,0.3085714285714286,28.457142857142856,50.48571428571429,5303.464,9,Walker2d-v5,8256,Agente_1
58.75238823890686,11,45056,8.401465952705843,93.64040023962995,-15.287623345859295,39.41,1378,0.0031713463019890317,-6.0,0.99,6.75319162540238e-05,0.00015112578404108108,0.0003,-10.838634490966797,0.17562676966190338,-2.519167900085449,0.7741737961769104,-0.2559588849544525,-6.0,0.802386999130249,6.7117990255355835,1.3701191419172258,1.3133459276385282,1.0,1.0,1.0,1.0,-10.838634490966797,0.17562676966190338,-2.519167900085449,0.7741737961769104,-0.2559588849544525,-6.0,7.699901103973389,15.702051162719727,2.187422752380371,0.0,0.0,0.0,0.0,0.0,0.0,,,,,0.0,-6.0,1378.0,1378.0,0.0,0.0031713463019890317,0.0031713463019890317,0.0,6.75319162540238e-05,6.75319162540238e-05,0.0,0.00015112578404108108,0.00015112578404108108,0.0,0.0003,0.0003,0.0,-6.0,-6.0,0.0,0.0,0.34249999999999997,27.35,50.8125,5467.088,10,Walker2d-v5,8256,Agente_1
64.15513110160828,12,49152,12.078392809717243,186.9498223335158,-21.730498678744752,46.18,1378,0.0031713463019890317,-6.0,0.99,6.75319162540238e-05,0.00015112578404108108,0.0003,-11.034061431884766,0.2038070559501648,-2.7457547187805176,0.756011962890625,-0.27969807386398315,-6.0,0.7977197170257568,7.964419960975647,1.3133459276385282,1.261783306577251,1.0,1.0,1.0,1.0,-11.034061431884766,0.2038070559501648,-2.7457547187805176,0.756011962890625,-0.27969807386398315,-6.0,7.972398281097412,16.242956161499023,2.752346992492676,0.0,0.0,0.0,0.0,0.0,0.0,,,,,0.0,-6.0,1378.0,1378.0,0.0,0.0031713463019890317,0.0031713463019890317,0.0,6.75319162540238e-05,6.75319162540238e-05,0.0,0.00015112578404108108,0.00015112578404108108,0.0,0.0003,0.0003,0.0,-6.0,-6.0,0.0,0.0,0.41500000000000004,28.2125,51.112500000000004,5458.313,11,Walker2d-v5,8256,Agente_1
69.78549671173096,13,53248,16.923376347913702,204.30925342742736,-12.212929953353303,53.81,1378,0.0031713463019890317,-6.0,0.99,6.75319162540238e-05,0.00015112578404108108,0.0003,-11.414880752563477,0.17939437925815582,-2.971576690673828,0.7383434176445007,-0.3033462464809418,-6.0,0.8122527599334717,7.720309495925903,1.261783306577251,1.216830251912873,1.0,1.0,1.0,1.0,-11.414880752563477,0.17939437925815582,-2.971576690673828,0.7383434176445007,-0.3033462464809418,-6.0,8.472405433654785,17.425186157226562,2.2131309509277344,0.0,0.0,0.0,0.0,0.0,0.0,,,,,0.0,-6.0,1378.0,1378.0,0.0,0.0031713463019890317,0.0031713463019890317,0.0,6.75319162540238e-05,6.75319162540238e-05,0.0,0.00015112578404108108,0.00015112578404108108,0.0,0.0003,0.0003,0.0,-6.0,-6.0,0.0,0.0,0.37875000000000003,28.6625,51.1375,5483.857,12,Walker2d-v5,8256,Agente_1
75.01851534843445,14,57344,23.758292270257066,204.30925342742736,-14.290316332366785,63.2,1378,0.0031713463019890317,-6.0,0.99,6.75319162540238e-05,0.00015112578404108108,0.0003,-11.99406623840332,0.18138918280601501,-3.1751222610473633,0.7211511731147766,-0.3269064724445343,-6.0,0.7573120594024658,6.958848595619202,1.216830251912873,1.1708784326618324,1.0,1.0,1.0,1.0,-11.99406623840332,0.18138918280601501,-3.1751222610473633,0.7211511731147766,-0.3269064724445343,-6.0,9.057401657104492,21.56138801574707,1.7376859188079834,0.0,0.0,0.0,0.0,0.0,0.0,,,,,0.0,-6.0,1378.0,1378.0,0.0,0.0031713463019890317,0.0031713463019890317,0.0,6.75319162540238e-05,6.75319162540238e-05,0.0,0.00015112578404108108,0.00015112578404108108,0.0,0.0003,0.0003,0.0,-6.0,-6.0,0.0,0.0,0.27714285714285714,20.728571428571428,50.91428571428572,5469.645,13,Walker2d-v5,8256,Agente_1
80.89313912391663,15,61440,20.898384384608438,224.8475311609046,-22.29539813785074,71.94,1378,0.0031713463019890317,-6.0,0.99,6.75319162540238e-05,0.00015112578404108108,0.0003,-12.485797882080078,0.15207308530807495,-3.4094696044921875,0.7044216990470886,-0.3503780663013458,-6.0,0.6986873149871826,6.179277062416077,1.1708784326618324,1.1236593208943675,1.0,1.0,1.0,1.0,-12.485797882080078,0.15207308530807495,-3.4094696044921875,0.7044216990470886,-0.3503780663013458,-6.0,9.635796546936035,17.950611114501953,1.9212291240692139,0.0,0.0,0.0,0.0,0.0,0.0,,,,,0.0,-6.0,1378.0,1378.0,0.0,0.0031713463019890317,0.0031713463019890317,0.0,6.75319162540238e-05,6.75319162540238e-05,0.0,0.00015112578404108108,0.00015112578404108108,0.0,0.0003,0.0003,0.0,-6.0,-6.0,0.0,0.0,0.31500000000000006,31.2125,47.4375,5503.656,14,Walker2d-v5,8256,Agente_1
86.4970338344574,16,65536,17.8395581912013,224.8475311609046,-32.29887164272265,72.57,1378,0.0031713463019890317,-6.0,0.99,6.75319162540238e-05,0.00015112578404108108,0.0003,-13.079483032226562,0.16931578516960144,-3.551579713821411,0.6881676316261292,-0.3737228512763977,-6.0,0.7332947254180908,6.903254747390747,1.1236593208943675,1.0846228613467397,1.0,1.0,1.0,1.0,-13.079483032226562,0.16931578516960144,-3.551579713821411,0.6881676316261292,-0.3737228512763977,-6.0,10.372364044189453,21.7746524810791,3.3503541946411133,0.0,0.0,0.0,0.0,0.0,0.0,,,,,0.0,-6.0,1378.0,1378.0,0.0,0.0031713463019890317,0.0031713463019890317,0.0,6.75319162540238e-05,6.75319162540238e-05,0.0,0.00015112578404108108,0.00015112578404108108,0.0,0.0003,0.0003,0.0,-6.0,-6.0,0.0,0.0,0.3428571428571429,27.857142857142858,54.04285714285715,5534.042,15,Walker2d-v5,8256,Agente_1
91.87009382247925,17,69632,23.25254890257195,308.6697306772919,-33.98270711607557,77.75,1378,0.0031713463019890317,-6.0,0.99,6.75319162540238e-05,0.00015112578404108108,0.0003,-13.138555526733398,0.20960348844528198,-3.7423453330993652,0.6723294854164124,-0.3970067799091339,-6.0,0.8509635925292969,8.59410047531128,1.0846228613467397,1.0612569344649954,1.0,1.0,1.0,1.0,-13.138555526733398,0.20960348844528198,-3.7423453330993652,0.6723294854164124,-0.3970067799091339,-6.0,10.549927711486816,20.390687942504883,3.0116453170776367,0.0,0.0,0.0,0.0,0.0,0.0,,,,,0.0,-6.0,1378.0,1378.0,0.0,0.0031713463019890317,0.0031713463019890317,0.0,6.75319162540238e-05,6.75319162540238e-05,0.0,0.00015112578404108108,0.00015112578404108108,0.0,0.0003,0.0003,0.0,-6.0,-6.0,0.0,0.0,0.3725,28.05,54.7375,5481.781,16,Walker2d-v5,8256,Agente_1
97.29110646247864,18,73728,32.978754519216956,308.6697306772919,-38.42597710528429,86.16,1378,0.0031713463019890317,-6.0,0.99,6.75319162540238e-05,0.00015112578404108108,0.0003,-14.179376602172852,0.18244460225105286,-3.9857263565063477,0.6569453477859497,-0.4201544523239136,-6.0,0.9013028144836426,6.770146012306213,1.0612569344649954,1.0452615224668602,1.0,1.0,1.0,1.0,-14.179376602172852,0.18244460225105286,-3.9857263565063477,0.6569453477859497,-0.4201544523239136,-6.0,11.591740608215332,25.58556365966797,2.0971624851226807,0.0,0.0,0.0,0.0,0.0,0.0,,,,,0.0,-6.0,1378.0,1378.0,0.0,0.0031713463019890317,0.0031713463019890317,0.0,6.75319162540238e-05,6.75319162540238e-05,0.0,0.00015112578404108108,0.00015112578404108108,0.0,0.0003,0.0003,0.0,-6.0,-6.0,0.0,0.0,0.3228571428571429,28.514285714285716,54.42857142857143,5486.115,17,Walker2d-v5,8256,Agente_1
103.08673405647278,19,77824,26.67279082621747,251.24080512046177,-40.470672965949284,90.6,1378,0.0031713463019890317,-6.0,0.99,6.75319162540238e-05,0.00015112578404108108,0.0003,-14.113487243652344,0.21438246965408325,-4.179129600524902,0.6419947147369385,-0.44317519664764404,-6.0,0.9384374618530273,9.344088315963745,1.0452615224668602,1.034579116405477,1.0,1.0,1.0,1.0,-14.113487243652344,0.21438246965408325,-4.179129600524902,0.6419947147369385,-0.44317519664764404,-6.0,11.55718994140625,21.240341186523438,2.5649306774139404,0.0,0.0,0.0,0.0,0.0,0.0,,,,,0.0,-6.0,1378.0,1378.0,0.0,0.0031713463019890317,0.0031713463019890317,0.0,6.75319162540238e-05,6.75319162540238e-05,0.0,0.00015112578404108108,0.00015112578404108108,0.0,0.0003,0.0003,0.0,-6.0,-6.0,0.0,0.0,0.33875,28.1625,54.475,5513.809,18,Walker2d-v5,8256,Agente_1
108.63383221626282,20,81920,22.102966865676866,251.24080512046177,-46.97564625742852,97.5,1378,0.0031713463019890317,-6.0,0.99,6.75319162540238e-05,0.00015112578404108108,0.0003,-14.507612228393555,0.21227549016475677,-4.3884172439575195,0.6274305582046509,-0.4661223292350769,-6.0,1.0083034038543701,8.265703678131104,1.034579116405477,1.0319515451503662,1.0,1.0,1.0,1.0,-14.507612228393555,0.21227549016475677,-4.3884172439575195,0.6274305582046509,-0.4661223292350769,-6.0,12.053862571716309,26.02975845336914,2.5144805908203125,0.0,0.0,0.0,0.0,0.0,0.0,,,,,0.0,-6.0,1378.0,1378.0,0.0,0.0031713463019890317,0.0031713463019890317,0.0,6.75319162540238e-05,6.75319162540238e-05,0.0,0.00015112578404108108,0.00015112578404108108,0.0,0.0003,0.0003,0.0,-6.0,-6.0,0.0,0.0,0.36625,27.8875,54.6625,5535.915,19,Walker2d-v5,8256,Agente_1
114.29117560386658,21,86016,13.129210865434183,292.83349448113427,-46.97564625742852,98.58,1378,0.0031713463019890317,-6.0,0.99,6.75319162540238e-05,0.00015112578404108108,0.0003,-15.049568176269531,0.19101694226264954,-4.461969375610352,0.6132598519325256,-0.48896652460098267,-6.0,0.9216525554656982,6.609463334083557,1.0319515451503662,1.0209216461818995,1.0,1.0,1.0,1.0,-15.049568176269531,0.19101694226264954,-4.461969375610352,0.6132598519325256,-0.48896652460098267,-6.0,12.545531272888184,24.178422927856445,1.6159377098083496,0.0,0.0,0.0,0.0,0.0,0.0,,,,,0.0,-6.0,1378.0,1378.0,0.0,0.0031713463019890317,0.0031713463019890317,0.0,6.75319162540238e-05,6.75319162540238e-05,0.0,0.00015112578404108108,0.00015112578404108108,0.0,0.0003,0.0003,0.0,-6.0,-6.0,0.0,0.0,0.3614285714285714,28.428571428571427,54.685714285714276,5541.802,20,Walker2d-v5,8256,Agente_1
119.95032906532288,22,90112,21.841343005753586,292.83349448113427,-40.729742180785905,104.04,1378,0.0031713463019890317,-6.0,0.99,6.75319162540238e-05,0.00015112578404108108,0.0003,-15.7951078414917,0.21427497267723083,-4.606671333312988,0.5994905233383179,-0.5116751194000244,-6.0,1.0357530117034912,8.447047233581543,1.0209216461818995,1.0224047827340588,0.9963943989785403,0.9855775959141613,1.0,0.9855775959141613,-15.7951078414917,0.21427497267723083,-4.606671333312988,0.5994905233383179,-0.5116751194000244,-6.0,13.380533218383789,32.499935150146484,0.9864917993545532,0.0,0.0,0.0,0.0,0.0,0.0,,,,,0.0,-6.0,1378.0,1378.0,0.0,0.0031713463019890317,0.0031713463019890317,0.0,6.75319162540238e-05,6.75319162540238e-05,0.0,0.00015112578404108108,0.00015112578404108108,0.0,0.0003,0.0003,0.0,-6.0,-6.0,0.0,0.0,0.3225,29.0625,54.875,5567.753,21,Walker2d-v5,8256,Agente_1
125.45894122123718,23,94208,22.117127829489462,352.52367774982855,-48.68965740280479,104.96,1378,0.0031713463019890317,-6.0,0.99,6.75319162540238e-05,0.00015112578404108108,0.0003,-16.12432098388672,0.23548276722431183,-4.751945495605469,0.5860767960548401,-0.5343044400215149,-6.0,1.0805937051773071,8.220932245254517,1.0224047827340588,1.0282236749783835,0.9834646802577339,0.9446755240953149,1.0,0.9446755240953149,-16.12432098388672,0.23548276722431183,-4.751945495605469,0.5860767960548401,-0.5343044400215149,-6.0,13.533693313598633,34.90035629272461,2.5804522037506104,0.0,0.0,0.0,0.0,0.0,0.0,,,,,0.0,-6.0,1378.0,1378.0,0.0,0.0031713463019890317,0.0031713463019890317,0.0,6.75319162540238e-05,6.75319162540238e-05,0.0,0.00015112578404108108,0.00015112578404108108,0.0,0.0003,0.0003,0.0,-6.0,-6.0,0.0,0.0,0.31875,27.924999999999997,55.3125,5555.218,22,Walker2d-v5,8256,Agente_1
131.0168595314026,24,98304,17.252048089915444,352.52367774982855,-48.68965740280479,109.16,1378,0.0031713463019890317,-6.0,0.99,6.75319162540238e-05,0.00015112578404108108,0.0003,-16.31084442138672,0.23194700479507446,-5.024950981140137,0.5730314254760742,-0.5568147897720337,-6.0,1.0332326889038086,8.132493257522583,1.0282236749783835,1.028724576370926,0.9863835938586656,0.9951403346614602,1.0,0.9951403346614602,-16.31084442138672,0.23194700479507446,-5.024950981140137,0.5730314254760742,-0.5568147897720337,-6.0,13.998482704162598,36.475975036621094,2.584399700164795,0.0,0.0,0.0,0.0,0.0,0.0,,,,,0.0,-6.0,1378.0,1378.0,0.0,0.0031713463019890317,0.0031713463019890317,0.0,6.75319162540238e-05,6.75319162540238e-05,0.0,0.00015112578404108108,0.00015112578404108108,0.0,0.0003,0.0003,0.0,-6.0,-6.0,0.0,0.0,0.39000000000000007,28.628571428571433,55.42857142857143,5587.93,23,Walker2d-v5,8256,Agente_1
136.45584845542908,25,102400,11.557899955802702,352.52367774982855,-48.68965740280479,114.08,1378,0.0031713463019890317,-6.0,0.99,6.75319162540238e-05,0.00015112578404108108,0.0003,-16.303844451904297,0.23130595684051514,-5.092889785766602,0.5602887272834778,-0.5793030858039856,-6.0,1.0347161293029785,10.655669689178467,1.028724576370926,1.0293237316641313,0.9883358664175776,0.9941926840943137,1.0,0.9941926840943137,-16.303844451904297,0.23130595684051514,-5.092889785766602,0.5602887272834778,-0.5793030858039856,-6.0,14.041833877563477,32.86795425415039,1.4021304845809937,0.0,0.0,0.0,0.0,0.0,0.0,,,,,0.0,-6.0,1378.0,1378.0,0.0,0.0031713463019890317,0.0031713463019890317,0.0,6.75319162540238e-05,6.75319162540238e-05,0.0,0.00015112578404108108,0.00015112578404108108,0.0,0.0003,0.0003,0.0,-6.0,-6.0,0.0,0.0,0.36750000000000005,28.5125,55.6625,5544.178,24,Walker2d-v5,8256,Agente_1
142.23121643066406,26,106496,8.706549617021855,254.96467900003682,-32.4282246355852,116.5,1378,0.0031713463019890317,-6.0,0.99,6.75319162540238e-05,0.00015112578404108108,0.0003,-17.171142578125,0.18777209520339966,-5.317416191101074,0.5478953719139099,-0.6016709208488464,-6.0,0.9425101280212402,6.6366947889328,1.0293237316641313,1.020642371299842,0.9912518998131832,1.0,1.0,1.0,-17.171142578125,0.18777209520339966,-5.317416191101074,0.5478953719139099,-0.6016709208488464,-6.0,15.031506538391113,31.095365524291992,2.600280284881592,0.0,0.0,0.0,0.0,0.0,0.0,,,,,0.0,-6.0,1378.0,1378.0,0.0,0.0031713463019890317,0.0031713463019890317,0.0,6.75319162540238e-05,6.75319162540238e-05,0.0,0.00015112578404108108,0.00015112578404108108,0.0,0.0003,0.0003,0.0,-6.0,-6.0,0.0,0.0,0.3825,27.6125,55.25,5561.188,25,Walker2d-v5,8256,Agente_1
147.8234624862671,27,110592,8.274211207028374,49.592769976826226,-19.292051697315493,46.52054794520548,1378,0.0031713463019890317,-6.0,0.99,6.75319162540238e-05,0.00015112578404108108,0.0003,-4.369430065155029,0.049561962485313416,-6.238272666931152,0.5347069501876831,-0.6260364651679993,-6.0,0.41296952962875366,1.6075977087020874,,0.41296952962875366,1.0,1.0,1.0,1.0,-4.369430065155029,0.049561962485313416,-6.238272666931152,0.5347069501876831,-0.6260364651679993,-6.0,2.4184420108795166,5.493127822875977,0.04613868519663811,0.0,0.0,0.0,0.0,0.0,0.0,,,,,0.0,-6.0,1378.0,1378.0,0.0,0.0031713463019890317,0.0031713463019890317,0.0,6.75319162540238e-05,6.75319162540238e-05,0.0,0.00015112578404108108,0.00015112578404108108,0.0,0.0003,0.0003,0.0,-6.0,-6.0,0.0,0.0,0.2684615384615385,24.746153846153845,54.48461538461538,5578.318,26,Walker2d-v5,8256,Agente_1
153.6326940059662,28,114688,10.74182241293115,61.36793277181589,-8.249820516996959,43.49,1378,0.0031713463019890317,-6.0,0.99,6.75319162540238e-05,0.00015112578404108108,0.0003,-4.570977687835693,0.03404253348708153,-6.550949573516846,0.5213573575019836,-0.6513196229934692,-6.0,0.30781278014183044,1.4221206903457642,0.41296952962875366,0.40245385468006134,1.0,1.0,1.0,1.0,-4.570977687835693,0.03404253348708153,-6.550949573516846,0.5213573575019836,-0.6513196229934692,-6.0,2.5740818977355957,6.049881935119629,0.1702214479446411,0.0,0.0,0.0,0.0,0.0,0.0,,,,,0.0,-6.0,1378.0,1378.0,0.0,0.0031713463019890317,0.0031713463019890317,0.0,6.75319162540238e-05,6.75319162540238e-05,0.0,0.00015112578404108108,0.00015112578404108108,0.0,0.0003,0.0003,0.0,-6.0,-6.0,0.0,0.0,0.30125,30.9625,58.037499999999994,5688.588,27,Walker2d-v5,8256,Agente_1
159.82099175453186,29,118784,13.356643798292492,174.08983246990456,-10.367183542732302,45.55,1378,0.0031713463019890317,-6.0,0.99,6.75319162540238e-05,0.00015112578404108108,0.0003,-4.596649169921875,0.03266197070479393,-6.770428657531738,0.5083927512168884,-0.6765010356903076,-6.0,0.31063270568847656,1.2626428306102753,0.40245385468006134,0.3932717397809029,1.0,1.0,1.0,1.0,-4.596649169921875,0.03266197070479393,-6.770428657531738,0.5083927512168884,-0.6765010356903076,-6.0,2.6888504028320312,6.889035701751709,0.056798305362463,0.0,0.0,0.0,0.0,0.0,0.0,,,,,0.0,-6.0,1378.0,1378.0,0.0,0.0031713463019890317,0.0031713463019890317,0.0,6.75319162540238e-05,6.75319162540238e-05,0.0,0.00015112578404108108,0.00015112578404108108,0.0,0.0003,0.0003,0.0,-6.0,-6.0,0.0,0.0,0.37375,27.2375,64.275,5851.159,28,Walker2d-v5,8256,Agente_1
165.5588734149933,30,122880,9.85054400873928,88.07571914983282,-17.61833483139304,39.83,1378,0.0031713463019890317,-6.0,0.99,6.75319162540238e-05,0.00015112578404108108,0.0003,-4.8154296875,0.027005603536963463,-7.070112228393555,0.49580278992652893,-0.7015770077705383,-6.0,0.23456519842147827,1.1348746716976166,0.3932717397809029,0.37740108564496044,1.0,1.0,1.0,1.0,-4.8154296875,0.027005603536963463,-7.070112228393555,0.49580278992652893,-0.7015770077705383,-6.0,2.8972177505493164,6.732146739959717,0.20258203148841858,0.0,0.0,0.0,0.0,0.0,0.0,,,,,0.0,-6.0,1378.0,1378.0,0.0,0.0031713463019890317,0.0031713463019890317,0.0,6.75319162540238e-05,6.75319162540238e-05,0.0,0.00015112578404108108,0.00015112578404108108,0.0,0.0003,0.0003,0.0,-6.0,-6.0,0.0,0.0,0.43000000000000005,28.175,64.9375,5819.684,29,Walker2d-v5,8256,Agente_1
171.1402451992035,31,126976,15.852837656450602,241.3259201534888,-14.498611181264545,46.08,1378,0.0031713463019890317,-6.0,0.99,6.75319162540238e-05,0.00015112578404108108,0.0003,-4.9280171394348145,0.027583807706832886,-7.222358226776123,0.4835815727710724,-0.7265353202819824,-6.0,0.27843475341796875,1.006941169500351,0.37740108564496044,0.36750445242226126,1.0,1.0,1.0,1.0,-4.9280171394348145,0.027583807706832886,-7.222358226776123,0.4835815727710724,-0.7265353202819824,-6.0,3.1389877796173096,7.771430969238281,0.271761029958725,0.0,0.0,0.0,0.0,0.0,0.0,,,,,0.0,-6.0,1378.0,1378.0,0.0,0.0031713463019890317,0.0031713463019890317,0.0,6.75319162540238e-05,6.75319162540238e-05,0.0,0.00015112578404108108,0.00015112578404108108,0.0,0.0003,0.0003,0.0,-6.0,-6.0,0.0,0.0,0.36375,28.6125,64.67500000000001,5769.173,30,Walker2d-v5,8256,Agente_1
176.67972230911255,32,131072,19.259544663040234,241.3259201534888,-18.480382018807116,49.33,1378,0.0031713463019890317,-6.0,0.99,6.75319162540238e-05,0.00015112578404108108,0.0003,-5.0534868240356445,0.029498843476176262,-7.492223739624023,0.4717167317867279,-0.7513766884803772,-6.0,0.28529655933380127,1.291367083787918,0.36750445242226126,0.3592836631134153,1.0,1.0,1.0,1.0,-5.0534868240356445,0.029498843476176262,-7.492223739624023,0.4717167317867279,-0.7513766884803772,-6.0,3.278329372406006,7.499481201171875,0.5995092391967773,0.0,0.0,0.0,0.0,0.0,0.0,,,,,0.0,-6.0,1378.0,1378.0,0.0,0.0031713463019890317,0.0031713463019890317,0.0,6.75319162540238e-05,6.75319162540238e-05,0.0,0.00015112578404108108,0.00015112578404108108,0.0,0.0003,0.0003,0.0,-6.0,-6.0,0.0,0.0,0.3185714285714286,28.314285714285713,64.72857142857143,5728.326,31,Walker2d-v5,8256,Agente_1
182.24321675300598,33,135168,13.689919388586922,114.02658348999447,-16.771631912839467,50.82,1378,0.0031713463019890317,-6.0,0.99,6.75319162540238e-05,0.00015112578404108108,0.0003,-5.468160629272461,0.03129402548074722,-7.734046936035156,0.46020975708961487,-0.7760728597640991,-6.0,0.28558349609375,1.0480161905288696,0.3592836631134153,0.3519136464114488,1.0,1.0,1.0,1.0,-5.468160629272461,0.03129402548074722,-7.734046936035156,0.46020975708961487,-0.7760728597640991,-6.0,3.7586398124694824,9.034188270568848,0.23060192167758942,0.0,0.0,0.0,0.0,0.0,0.0,,,,,0.0,-6.0,1378.0,1378.0,0.0,0.0031713463019890317,0.0031713463019890317,0.0,6.75319162540238e-05,6.75319162540238e-05,0.0,0.00015112578404108108,0.00015112578404108108,0.0,0.0003,0.0003,0.0,-6.0,-6.0,0.0,0.0,0.38,27.9125,64.625,5702.75,32,Walker2d-v5,8256,Agente_1
187.76793789863586,34,139264,14.687964853456904,82.4741345807363,-16.771631912839467,58.9,1378,0.0031713463019890317,-6.0,0.99,6.75319162540238e-05,0.00015112578404108108,0.0003,-5.5977325439453125,0.02975665219128132,-7.874689102172852,0.449042946100235,-0.8006367683410645,-6.0,0.3255382180213928,1.1002877056598663,0.3519136464114488,0.3492761035724432,1.0,1.0,1.0,1.0,-5.5977325439453125,0.02975665219128132,-7.874689102172852,0.449042946100235,-0.8006367683410645,-6.0,3.9302420616149902,10.3326997756958,0.113276407122612,0.0,0.0,0.0,0.0,0.0,0.0,,,,,0.0,-6.0,1378.0,1378.0,0.0,0.0031713463019890317,0.0031713463019890317,0.0,6.75319162540238e-05,6.75319162540238e-05,0.0,0.00015112578404108108,0.00015112578404108108,0.0,0.0003,0.0003,0.0,-6.0,-6.0,0.0,0.0,0.39,27.971428571428568,64.75714285714285,5678.7,33,Walker2d-v5,8256,Agente_1
193.42638516426086,35,143360,22.94739978637641,245.96084009972873,-6.538795577457705,67.14,1378,0.0031713463019890317,-6.0,0.99,6.75319162540238e-05,0.00015112578404108108,0.0003,-5.7396240234375,0.04247694090008736,-8.098039627075195,0.43821755051612854,-0.8250398635864258,-6.0,0.3502504825592041,2.331698417663574,0.3492761035724432,0.3493735414711193,0.9993035516010932,0.9972142064043729,1.0,0.9972142064043729,-5.7396240234375,0.04247694090008736,-8.098039627075195,0.43821755051612854,-0.8250398635864258,-6.0,4.087837219238281,8.670475959777832,0.30057913064956665,0.0,0.0,0.0,0.0,0.0,0.0,,,,,0.0,-6.0,1378.0,1378.0,0.0,0.0031713463019890317,0.0031713463019890317,0.0,6.75319162540238e-05,6.75319162540238e-05,0.0,0.00015112578404108108,0.00015112578404108108,0.0,0.0003,0.0003,0.0,-6.0,-6.0,0.0,0.0,0.38375,28.2875,64.85,5675.187,34,Walker2d-v5,8256,Agente_1
199.27457666397095,36,147456,35.20753746305615,298.4204324875479,-22.580277006199758,80.41,1378,0.0031713463019890317,-6.0,0.99,6.75319162540238e-05,0.00015112578404108108,0.0003,-5.970170974731445,0.04323156923055649,-8.323680877685547,0.4277333617210388,-0.8492552638053894,-6.0,0.3501979112625122,2.5202611684799194,0.3493735414711193,0.3494559784502586,0.9988884748521497,0.9976432446053192,1.0,0.9976432446053192,-5.970170974731445,0.04323156923055649,-8.323680877685547,0.4277333617210388,-0.8492552638053894,-6.0,4.345198154449463,12.834909439086914,0.3340113162994385,0.0,0.0,0.0,0.0,0.0,0.0,,,,,0.0,-6.0,1378.0,1378.0,0.0,0.0031713463019890317,0.0031713463019890317,0.0,6.75319162540238e-05,6.75319162540238e-05,0.0,0.00015112578404108108,0.00015112578404108108,0.0,0.0003,0.0003,0.0,-6.0,-6.0,0.0,0.0,0.42125,28.3125,64.8375,5691.005,35,Walker2d-v5,8256,Agente_1
204.74813055992126,37,151552,35.18269945296512,298.4204324875479,-22.580277006199758,90.14,1378,0.0031713463019890317,-6.0,0.99,6.75319162540238e-05,0.00015112578404108108,0.0003,-6.5226640701293945,0.043834466487169266,-8.432685852050781,0.4175665080547333,-0.873311460018158,-6.0,0.37636834383010864,2.2763649225234985,0.3494559784502586,0.3521472149882436,0.9806360082411477,0.9258786084081417,1.0,0.9258786084081417,-6.5226640701293945,0.043834466487169266,-8.432685852050781,0.4175665080547333,-0.873311460018158,-6.0,4.953136920928955,14.107721328735352,0.33097097277641296,0.0,0.0,0.0,0.0,0.0,0.0,,,,,0.0,-6.0,1378.0,1378.0,0.0,0.0031713463019890317,0.0031713463019890317,0.0,6.75319162540238e-05,6.75319162540238e-05,0.0,0.00015112578404108108,0.00015112578404108108,0.0,0.0003,0.0003,0.0,-6.0,-6.0,0.0,0.0,0.34750000000000003,27.950000000000003,65.025,5679.387,36,Walker2d-v5,8256,Agente_1
210.49295735359192,38,155648,30.17026060614964,297.8988695140027,-25.892932984658092,95.49,1378,0.0031713463019890317,-6.0,0.99,6.75319162540238e-05,0.00015112578404108108,0.0003,-6.650082588195801,0.049141429364681244,-8.713188171386719,0.4077259600162506,-0.8971600532531738,-6.0,0.44248849153518677,1.81741264462471,0.3521472149882436,0.3611813426429379,0.9289072388365853,0.7737209306228984,1.0,0.7737209306228984,-6.650082588195801,0.049141429364681244,-8.713188171386719,0.4077259600162506,-0.8971600532531738,-6.0,5.027961730957031,15.688976287841797,0.11902695149183273,0.0,0.0,0.0,0.0,0.0,0.0,,,,,0.0,-6.0,1378.0,1378.0,0.0,0.0031713463019890317,0.0031713463019890317,0.0,6.75319162540238e-05,6.75319162540238e-05,0.0,0.00015112578404108108,0.00015112578404108108,0.0,0.0003,0.0003,0.0,-6.0,-6.0,0.0,0.0,0.3871428571428571,28.32857142857143,65.31428571428572,5672.815,37,Walker2d-v5,8256,Agente_1
215.97452902793884,39,159744,32.379043414243384,367.2638191736905,-44.251693383176914,102.63,1378,0.0031713463019890317,-6.0,0.99,6.75319162540238e-05,0.00015112578404108108,0.0003,-6.98741340637207,0.05899856984615326,-8.72756576538086,0.39820048213005066,-0.9207996726036072,-6.0,0.39342498779296875,3.2390273809432983,0.3611813426429379,0.36440570715794096,0.925329461041265,0.9145961276553038,1.0,0.9145961276553038,-6.98741340637207,0.05899856984615326,-8.72756576538086,0.39820048213005066,-0.9207996726036072,-6.0,5.453126907348633,14.329428672790527,0.061814043670892715,0.0,0.0,0.0,0.0,0.0,0.0,,,,,0.0,-6.0,1378.0,1378.0,0.0,0.0031713463019890317,0.0031713463019890317,0.0,6.75319162540238e-05,6.75319162540238e-05,0.0,0.00015112578404108108,0.00015112578404108108,0.0,0.0003,0.0003,0.0,-6.0,-6.0,0.0,0.0,0.39249999999999996,28.175,65.5,5602.131,38,Walker2d-v5,8256,Agente_1
147.08694005012512,27,110592,13.704240381523164,41.78882632851052,-10.700805422410046,107.3,1411,0.016064558178186417,-6.0,0.99,9.999999747378752e-06,0.0007489958079531789,0.0003,-4.347146987915039,0.06247355788946152,-6.050187110900879,0.5360907316207886,-0.6234518885612488,-6.0,0.49315255880355835,1.734685093164444,1.8668953269772512,1.729521050159882,0.8864931755498275,1.0,1.0,1.0,-4.347146987915039,0.06247355788946152,-6.050187110900879,0.5360907316207886,-0.6234518885612488,-6.0,2.443307399749756,4.733419895172119,-0.8984634280204773,1.0,4.0,0.0,0.0,0.0,0.0,0.0,0.0,0.0,,0.0,-6.0,1411.0,1411.0,0.0,0.016064558178186417,0.016064558178186417,0.0,9.999999747378752e-06,9.999999747378752e-06,0.0,0.0007489958079531789,0.0007489958079531789,0.0,0.0003,0.0003,0.0,-6.0,-6.0,0.0,0.0,0.3130769230769231,23.515384615384615,66.56923076923077,5402.165,39,Walker2d-v5,8256,Agente_1
152.84282422065735,28,114688,55.758186805601056,293.75158099891496,-31.922640512172197,142.2,1411,0.016064558178186417,-6.0,0.99,9.999999747378752e-06,0.0007489958079531789,0.0003,-6.400522232055664,0.03687245026230812,-6.425917625427246,0.5223332047462463,-0.6494495868682861,-6.0,0.3604176640510559,1.0785713195800781,1.729521050159882,1.5926107115489994,0.9148698816623706,1.0,1.0,1.0,-6.400522232055664,0.03687245026230812,-6.425917625427246,0.5223332047462463,-0.6494495868682861,-6.0,4.561655044555664,9.265605926513672,-1.270552158355713,1.0,4.0,0.0,0.0,0.0,0.0,0.0,0.0,0.0,,0.0,-6.0,1411.0,1411.0,0.0,0.016064558178186417,0.016064558178186417,0.0,9.999999747378752e-06,9.999999747378752e-06,0.0,0.0007489958079531789,0.0007489958079531789,0.0,0.0003,0.0003,0.0,-6.0,-6.0,0.0,0.0,0.36124999999999996,26.9,63.400000000000006,5572.547,40,Walker2d-v5,8256,Agente_1
158.8650016784668,29,118784,49.58828768312726,317.10271943470747,-73.25222936999315,138.72058823529412,1411,0.016064558178186417,-6.0,0.99,9.999999747378752e-06,0.0007489958079531789,0.0003,-8.24708366394043,0.036792684346437454,-6.60150671005249,0.5090020298957825,-0.6753032803535461,-6.0,0.37526488304138184,1.1836476922035217,1.5926107115489994,1.4708761286982377,0.936152411246778,1.0,1.0,1.0,-8.24708366394043,0.036792684346437454,-6.60150671005249,0.5090020298957825,-0.6753032803535461,-6.0,6.596071243286133,13.376921653747559,-1.3328306674957275,1.0,4.0,0.0,0.0,0.0,0.0,0.0,0.0,0.0,,0.0,-6.0,1411.0,1411.0,0.0,0.016064558178186417,0.016064558178186417,0.0,9.999999747378752e-06,9.999999747378752e-06,0.0,0.0007489958079531789,0.0007489958079531789,0.0,0.0003,0.0003,0.0,-6.0,-6.0,0.0,0.0,0.2675,30.775,60.0,5718.02,41,Walker2d-v5,8256,Agente_1
164.18834042549133,30,122880,55.22019165713393,338.7066856919683,-73.25222936999315,145.25274725274724,1411,0.016064558178186417,-6.0,0.99,9.999999747378752e-06,0.0007489958079531789,0.0003,-9.725360870361328,0.0627691000699997,-6.740296363830566,0.49615278840065,-0.7008713483810425,-6.0,0.4187619686126709,1.56343412399292,1.4708761286982377,1.365664712689681,0.9521143084350835,1.0,1.0,1.0,-9.725360870361328,0.0627691000699997,-6.740296363830566,0.49615278840065,-0.7008713483810425,-6.0,8.17889404296875,19.353883743286133,-2.048105239868164,1.0,4.0,0.0,0.0,0.0,0.0,0.0,0.0,0.0,,0.0,-6.0,1411.0,1411.0,0.0,0.016064558178186417,0.016064558178186417,0.0,9.999999747378752e-06,9.999999747378752e-06,0.0,0.0007489958079531789,0.0007489958079531789,0.0,0.0003,0.0003,0.0,-6.0,-6.0,0.0,0.0,0.2742857142857143,26.7,66.92857142857143,5617.092,42,Walker2d-v5,8256,Agente_1
169.5422022342682,31,126976,60.46237336510603,341.9295503269655,-73.25222936999315,150.71,1411,0.016064558178186417,-6.0,0.99,9.999999747378752e-06,0.0007489958079531789,0.0003,-11.71651840209961,0.10210491716861725,-6.796509742736816,0.48384490609169006,-0.725990891456604,-6.0,0.6057697534561157,2.077547311782837,1.365664712689681,1.2896752167663246,0.9640857313263126,1.0,1.0,1.0,-11.71651840209961,0.10210491716861725,-6.796509742736816,0.48384490609169006,-0.725990891456604,-6.0,10.124307632446289,22.88208770751953,-2.678281545639038,1.0,4.0,0.0,0.0,0.0,0.0,0.0,0.0,0.0,,0.0,-6.0,1411.0,1411.0,0.0,0.016064558178186417,0.016064558178186417,0.0,9.999999747378752e-06,9.999999747378752e-06,0.0,0.0007489958079531789,0.0007489958079531789,0.0,0.0003,0.0003,0.0,-6.0,-6.0,0.0,0.0,0.3275,27.575000000000003,68.275,5561.734,43,Walker2d-v5,8256,Agente_1
175.13171935081482,32,131072,55.05368516564882,341.9295503269655,-73.25222936999315,152.75,1411,0.016064558178186417,-6.0,0.99,9.999999747378752e-06,0.0007489958079531789,0.0003,-13.410850524902344,0.10627175867557526,-6.974693298339844,0.4721091687679291,-0.750545084476471,-6.0,0.6033035814762115,1.977898120880127,1.2896752167663246,1.2210380532373133,0.9730642984947344,1.0,1.0,1.0,-13.410850524902344,0.10627175867557526,-6.974693298339844,0.4721091687679291,-0.750545084476471,-6.0,11.787008285522461,27.866506576538086,-1.907590627670288,1.0,4.0,0.0,0.0,0.0,0.0,0.0,0.0,0.0,,0.0,-6.0,1411.0,1411.0,0.0,0.016064558178186417,0.016064558178186417,0.0,9.999999747378752e-06,9.999999747378752e-06,0.0,0.0007489958079531789,0.0007489958079531789,0.0,0.0003,0.0003,0.0,-6.0,-6.0,0.0,0.0,0.3528571428571428,28.7,68.31428571428572,5564.806,44,Walker2d-v5,8256,Agente_1
180.67816543579102,33,135168,54.66367767533899,341.9295503269655,-53.55022989704327,166.37,1411,0.016064558178186417,-6.0,0.99,9.999999747378752e-06,0.0007489958079531789,0.0003,-16.601627349853516,0.13362087309360504,-7.071674346923828,0.4609420895576477,-0.7744828462600708,-6.0,0.7384524345397949,2.625798761844635,1.2210380532373133,1.1727794913675615,0.9797982238710508,1.0,1.0,1.0,-16.601627349853516,0.13362087309360504,-7.071674346923828,0.4609420895576477,-0.7744828462600708,-6.0,15.023566246032715,40.74421691894531,-3.0914723873138428,1.0,4.0,0.0,0.0,0.0,0.0,0.0,0.0,0.0,,0.0,-6.0,1411.0,1411.0,0.0,0.016064558178186417,0.016064558178186417,0.0,9.999999747378752e-06,9.999999747378752e-06,0.0,0.0007489958079531789,0.0007489958079531789,0.0,0.0003,0.0003,0.0,-6.0,-6.0,0.0,0.0,0.3725,27.924999999999997,68.4,5560.517,45,Walker2d-v5,8256,Agente_1
186.08355522155762,34,139264,44.16454822703284,341.9295503269655,-53.55022989704327,167.35,1411,0.016064558178186417,-6.0,0.99,9.999999747378752e-06,0.0007489958079531789,0.0003,-18.830219268798828,0.15079598128795624,-6.975414752960205,0.4502752721309662,-0.7978962063789368,-6.0,0.7370395660400391,3.0325639247894287,1.1727794913675615,1.1292054988348093,0.9848486679032881,1.0,1.0,1.0,-18.830219268798828,0.15079598128795624,-6.975414752960205,0.4502752721309662,-0.7978962063789368,-6.0,17.226593017578125,42.85652160644531,-2.750704765319824,1.0,4.0,0.0,0.0,0.0,0.0,0.0,0.0,0.0,,0.0,-6.0,1411.0,1411.0,0.0,0.016064558178186417,0.016064558178186417,0.0,9.999999747378752e-06,9.999999747378752e-06,0.0,0.0007489958079531789,0.0007489958079531789,0.0,0.0003,0.0003,0.0,-6.0,-6.0,0.0,0.0,0.4628571428571429,28.157142857142855,68.42857142857143,5539.899,46,Walker2d-v5,8256,Agente_1
191.87059092521667,35,143360,44.690009422096836,375.85827212565124,-53.55022989704327,171.97,1411,0.016064558178186417,-6.0,0.99,9.999999747378752e-06,0.0007489958079531789,0.0003,-19.97795867919922,0.1724875569343567,-7.227594375610352,0.44008153676986694,-0.8207952380180359,-6.0,0.7798593640327454,3.2098093032836914,1.1292054988348093,1.0942708853546028,0.988636500927466,1.0,1.0,1.0,-19.97795867919922,0.1724875569343567,-7.227594375610352,0.44008153676986694,-0.8207952380180359,-6.0,18.30806541442871,43.9763298034668,-3.118854284286499,1.0,4.0,0.0,0.0,0.0,0.0,0.0,0.0,0.0,,0.0,-6.0,1411.0,1411.0,0.0,0.016064558178186417,0.016064558178186417,0.0,9.999999747378752e-06,9.999999747378752e-06,0.0,0.0007489958079531789,0.0007489958079531789,0.0,0.0003,0.0003,0.0,-6.0,-6.0,0.0,0.0,0.37,28.362499999999997,68.6625,5566.021,47,Walker2d-v5,8256,Agente_1
197.3750524520874,36,147456,57.01887655810316,375.85827212565124,-47.37912608497691,182.9,1411,0.016064558178186417,-6.0,0.99,9.999999747378752e-06,0.0007489958079531789,0.0003,-22.145788192749023,0.18694281578063965,-7.304441452026367,0.4302266240119934,-0.8434431552886963,-6.0,0.8773102760314941,3.716771125793457,1.0942708853546028,1.072574824422292,0.9914773756955995,1.0,1.0,1.0,-22.145788192749023,0.18694281578063965,-7.304441452026367,0.4302266240119934,-0.8434431552886963,-6.0,20.66917610168457,48.27974319458008,-3.340315580368042,1.0,4.0,0.0,0.0,0.0,0.0,0.0,0.0,0.0,,0.0,-6.0,1411.0,1411.0,0.0,0.016064558178186417,0.016064558178186417,0.0,9.999999747378752e-06,9.999999747378752e-06,0.0,0.0007489958079531789,0.0007489958079531789,0.0,0.0003,0.0003,0.0,-6.0,-6.0,0.0,0.0,0.32625,26.950000000000003,69.575,5558.453,48,Walker2d-v5,8256,Agente_1
203.01326751708984,37,151552,71.42062178032374,476.2044082080712,-47.37912608497691,191.71,1411,0.016064558178186417,-6.0,0.99,9.999999747378752e-06,0.0007489958079531789,0.0003,-23.78936767578125,0.14861078560352325,-7.505261421203613,0.4205790162086487,-0.8661229610443115,-6.0,0.8534899353981018,3.711010456085205,1.072574824422292,1.0506663355198729,0.9936080317716995,1.0,1.0,1.0,-23.78936767578125,0.14861078560352325,-7.505261421203613,0.4205790162086487,-0.8661229610443115,-6.0,22.417598724365234,48.38546371459961,-4.621939659118652,1.0,4.0,0.0,0.0,0.0,0.0,0.0,0.0,0.0,,0.0,-6.0,1411.0,1411.0,0.0,0.016064558178186417,0.016064558178186417,0.0,9.999999747378752e-06,9.999999747378752e-06,0.0,0.0007489958079531789,0.0007489958079531789,0.0,0.0003,0.0003,0.0,-6.0,-6.0,0.0,0.0,0.3028571428571429,26.62857142857143,71.41428571428573,5580.807,49,Walker2d-v5,8256,Agente_1
208.68615818023682,38,155648,81.56596756968948,476.2044082080712,-41.88097157801999,191.46,1411,0.016064558178186417,-6.0,0.99,9.999999747378752e-06,0.0007489958079531789,0.0003,-23.92949676513672,0.1603861153125763,-7.5977702140808105,0.41110488772392273,-0.8889068961143494,-6.0,1.0192625522613525,3.9202537536621094,1.0506663355198729,1.0475259571940208,0.9952060238287747,1.0,1.0,1.0,-23.92949676513672,0.1603861153125763,-7.5977702140808105,0.41110488772392273,-0.8889068961143494,-6.0,22.28881072998047,54.513126373291016,-5.984169006347656,1.0,4.0,0.0,0.0,0.0,0.0,0.0,0.0,0.0,,0.0,-6.0,1411.0,1411.0,0.0,0.016064558178186417,0.016064558178186417,0.0,9.999999747378752e-06,9.999999747378752e-06,0.0,0.0007489958079531789,0.0007489958079531789,0.0,0.0003,0.0003,0.0,-6.0,-6.0,0.0,0.0,0.35625,27.049999999999997,72.2625,5572.574,50,Walker2d-v5,8256,Agente_1
221.20605325698853,40,163840,51.69181117215444,57.7262424900601,48.649872352441925,103.33333333333333,867,0.012077105231583118,-6.0,0.99,1.0724629646574613e-05,0.0003126319497823715,0.0003,-4.760533809661865,0.10606227815151215,-8.865714073181152,0.394727885723114,-0.9295586943626404,-6.0,0.8172735571861267,2.5647579431533813,1.4149040717017933,1.3551410202502268,0.8245442530536284,1.0,1.0,1.0,-4.760533809661865,0.10606227815151215,-8.865714073181152,0.394727885723114,-0.9295586943626404,-6.0,3.3347115516662598,10.995765686035156,-3.948659658432007,1.0,8.0,0.0,0.0,0.0,0.0,0.0,0.0,0.0,,0.0,-6.0,867.0,867.0,0.0,0.012077105231583118,0.012077105231583118,0.0,1.0724629646574613e-05,1.0724629646574613e-05,0.0,0.0003126319497823715,0.0003126319497823715,0.0,0.0003,0.0003,0.0,-6.0,-6.0,0.0,0.0,0.29812500000000003,23.54375,74.55625,5731.762,51,Walker2d-v5,8256,Agente_1
227.23249292373657,41,167936,86.04861662514249,310.6024766970592,-18.184893451059946,144.80555555555554,867,0.012077105231583118,-6.0,0.99,1.0724629646574613e-05,0.0003126319497823715,0.0003,-5.366182804107666,0.0318649522960186,-9.274850845336914,0.38463565707206726,-0.9554587602615356,-6.0,0.375789999961853,1.1599164605140686,1.3551410202502268,1.2572059182213895,0.8684081897902214,1.0,1.0,1.0,-5.366182804107666,0.0318649522960186,-9.274850845336914,0.38463565707206726,-0.9554587602615356,-6.0,4.042396545410156,10.376399040222168,-3.600517749786377,1.0,8.0,0.0,0.0,0.0,0.0,0.0,0.0,0.0,,0.0,-6.0,867.0,867.0,0.0,0.012077105231583118,0.012077105231583118,0.0,1.0724629646574613e-05,1.0724629646574613e-05,0.0,0.0003126319497823715,0.0003126319497823715,0.0,0.0003,0.0003,0.0,-6.0,-6.0,0.0,0.0,0.25375000000000003,30.925000000000004,69.4375,5873.3,52,Walker2d-v5,8256,Agente_1
232.6053740978241,42,172032,74.79602310983704,383.3218716567618,-24.005398446120562,146.67741935483872,867,0.012077105231583118,-6.0,0.99,1.0724629646574613e-05,0.0003126319497823715,0.0003,-6.666749000549316,0.03411136567592621,-9.45830249786377,0.37479910254478455,-0.9813651442527771,-6.0,0.34905801713466644,1.3289352059364319,1.2572059182213895,1.1663911281127173,0.901306142342666,1.0,1.0,1.0,-6.666749000549316,0.03411136567592621,-9.45830249786377,0.37479910254478455,-0.9813651442527771,-6.0,5.526342391967773,15.21751880645752,-3.2239067554473877,1.0,8.0,0.0,0.0,0.0,0.0,0.0,0.0,0.0,,0.0,-6.0,867.0,867.0,0.0,0.012077105231583118,0.012077105231583118,0.0,1.0724629646574613e-05,1.0724629646574613e-05,0.0,0.0003126319497823715,0.0003126319497823715,0.0,0.0003,0.0003,0.0,-6.0,-6.0,0.0,0.0,0.23714285714285713,23.62857142857143,72.05714285714286,5702.371,53,Walker2d-v5,8256,Agente_1
238.15387296676636,43,176128,69.71213342190333,383.3218716567618,-24.445495753791477,156.5,867,0.012077105231583118,-6.0,0.99,1.0724629646574613e-05,0.0003126319497823715,0.0003,-8.020135879516602,0.03827933222055435,-9.669075012207031,0.36530447006225586,-1.0070241689682007,-6.0,0.38071417808532715,1.3169862031936646,1.1663911281127173,1.0878234331099783,0.9259796067569995,1.0,1.0,1.0,-8.020135879516602,0.03827933222055435,-9.669075012207031,0.36530447006225586,-1.0070241689682007,-6.0,6.85750675201416,17.35300636291504,-2.4011340141296387,1.0,8.0,0.0,0.0,0.0,0.0,0.0,0.0,0.0,,0.0,-6.0,867.0,867.0,0.0,0.012077105231583118,0.012077105231583118,0.0,1.0724629646574613e-05,1.0724629646574613e-05,0.0,0.0003126319497823715,0.0003126319497823715,0.0,0.0003,0.0003,0.0,-6.0,-6.0,0.0,0.0,0.33499999999999996,25.0875,79.58749999999999,5660.154,54,Walker2d-v5,8256,Agente_1
244.1247754096985,44,180224,67.48812358510129,423.32725411969744,-24.445495753791477,161.15,867,0.012077105231583118,-6.0,0.99,1.0724629646574613e-05,0.0003126319497823715,0.0003,-9.759246826171875,0.04601942375302315,-9.722358703613281,0.356184720993042,-1.0323058366775513,-6.0,0.4397614002227783,1.393936038017273,1.0878234331099783,1.0230172298212583,0.9444847050677496,1.0,1.0,1.0,-9.759246826171875,0.04601942375302315,-9.722358703613281,0.356184720993042,-1.0323058366775513,-6.0,8.649171829223633,20.45527458190918,-2.872994899749756,1.0,8.0,0.0,0.0,0.0,0.0,0.0,0.0,0.0,,0.0,-6.0,867.0,867.0,0.0,0.012077105231583118,0.012077105231583118,0.0,1.0724629646574613e-05,1.0724629646574613e-05,0.0,0.0003126319497823715,0.0003126319497823715,0.0,0.0003,0.0003,0.0,-6.0,-6.0,0.0,0.0,0.345,29.55,71.5375,5719.238,55,Walker2d-v5,8256,Agente_1
249.85831356048584,45,184320,70.9190370431794,423.32725411969744,-24.445495753791477,167.2,867,0.012077105231583118,-6.0,0.99,1.0724629646574613e-05,0.0003126319497823715,0.0003,-10.280357360839844,0.06304817646741867,-9.799079895019531,0.34744951128959656,-1.0571359395980835,-6.0,0.49554991722106934,1.8318058252334595,1.0230172298212583,0.9702704985612394,0.9583635288008122,1.0,1.0,1.0,-10.280357360839844,0.06304817646741867,-9.799079895019531,0.34744951128959656,-1.0571359395980835,-6.0,9.088632583618164,26.196495056152344,-3.0025534629821777,1.0,8.0,0.0,0.0,0.0,0.0,0.0,0.0,0.0,,0.0,-6.0,867.0,867.0,0.0,0.012077105231583118,0.012077105231583118,0.0,1.0724629646574613e-05,1.0724629646574613e-05,0.0,0.0003126319497823715,0.0003126319497823715,0.0,0.0003,0.0003,0.0,-6.0,-6.0,0.0,0.0,0.345,28.6375,70.025,5719.829,56,Walker2d-v5,8256,Agente_1
255.55972981452942,46,188416,82.76540848906515,423.32725411969744,-24.445495753791477,178.41,867,0.012077105231583118,-6.0,0.99,1.0724629646574613e-05,0.0003126319497823715,0.0003,-11.988166809082031,0.06016002595424652,-10.033456802368164,0.3391202390193939,-1.0814005136489868,-6.0,0.4798564910888672,1.6257135272026062,0.9702704985612394,0.9212290978140022,0.9687726466006091,1.0,1.0,1.0,-11.988166809082031,0.06016002595424652,-10.033456802368164,0.3391202390193939,-1.0814005136489868,-6.0,10.816825866699219,26.670827865600586,-2.9814162254333496,1.0,8.0,0.0,0.0,0.0,0.0,0.0,0.0,0.0,,0.0,-6.0,867.0,867.0,0.0,0.012077105231583118,0.012077105231583118,0.0,1.0724629646574613e-05,1.0724629646574613e-05,0.0,0.0003126319497823715,0.0003126319497823715,0.0,0.0003,0.0003,0.0,-6.0,-6.0,0.0,0.0,0.3375,26.737499999999997,77.7875,5715.522,57,Walker2d-v5,8256,Agente_1
261.0741319656372,47,192512,100.8072432006659,512.9516844621834,-17.642360693706816,194.47,867,0.012077105231583118,-6.0,0.99,1.0724629646574613e-05,0.0003126319497823715,0.0003,-13.662917137145996,0.07686176151037216,-9.741943359375,0.3311643600463867,-1.1051404476165771,-6.0,0.45222359895706177,2.308984637260437,0.9212290978140022,0.874328547928308,0.9765794849504569,1.0,1.0,1.0,-13.662917137145996,0.07686176151037216,-9.741943359375,0.3311643600463867,-1.1051404476165771,-6.0,12.421821594238281,32.86655044555664,-4.418015480041504,1.0,8.0,0.0,0.0,0.0,0.0,0.0,0.0,0.0,,0.0,-6.0,867.0,867.0,0.0,0.012077105231583118,0.012077105231583118,0.0,1.0724629646574613e-05,1.0724629646574613e-05,0.0,0.0003126319497823715,0.0003126319497823715,0.0,0.0003,0.0003,0.0,-6.0,-6.0,0.0,0.0,0.39428571428571424,28.071428571428573,79.57142857142857,5689.173,58,Walker2d-v5,8256,Agente_1
266.6698408126831,48,196608,122.96122466048618,512.9516844621834,-17.642360693706816,200.95,867,0.012077105231583118,-6.0,0.99,1.0724629646574613e-05,0.0003126319497823715,0.0003,-14.850799560546875,0.08932814002037048,-9.830952644348145,0.3235526978969574,-1.128393292427063,-6.0,0.5404136180877686,2.1356263160705566,0.874328547928308,0.8409370549442541,0.9824346137128427,1.0,1.0,1.0,-14.850799560546875,0.08932814002037048,-9.830952644348145,0.3235526978969574,-1.128393292427063,-6.0,13.55964183807373,33.621917724609375,-4.530447959899902,1.0,8.0,0.0,0.0,0.0,0.0,0.0,0.0,0.0,,0.0,-6.0,867.0,867.0,0.0,0.012077105231583118,0.012077105231583118,0.0,1.0724629646574613e-05,1.0724629646574613e-05,0.0,0.0003126319497823715,0.0003126319497823715,0.0,0.0003,0.0003,0.0,-6.0,-6.0,0.0,0.0,0.405,28.275,79.2875,5677.292,59,Walker2d-v5,8256,Agente_1
272.25869059562683,49,200704,151.5376840999293,512.9516844621834,-17.642360693706816,207.23,867,0.012077105231583118,-6.0,0.99,1.0724629646574613e-05,0.0003126319497823715,0.0003,-16.209033966064453,0.11859668791294098,-9.952621459960938,0.3162405788898468,-1.151252031326294,-6.0,0.5789494514465332,2.548332452774048,0.8409370549442541,0.814738294594482,0.986825960284632,1.0,1.0,1.0,-16.209033966064453,0.11859668791294098,-9.952621459960938,0.3162405788898468,-1.151252031326294,-6.0,14.887351989746094,44.587528228759766,-4.91724967956543,1.0,8.0,0.0,0.0,0.0,0.0,0.0,0.0,0.0,,0.0,-6.0,867.0,867.0,0.0,0.012077105231583118,0.012077105231583118,0.0,1.0724629646574613e-05,1.0724629646574613e-05,0.0,0.0003126319497823715,0.0003126319497823715,0.0,0.0003,0.0003,0.0,-6.0,-6.0,0.0,0.0,0.3642857142857143,28.67142857142857,79.12857142857142,5667.398,60,Walker2d-v5,8256,Agente_1
278.67664790153503,50,204800,177.84729346538927,512.9516844621834,-17.642360693706816,214.44,867,0.012077105231583118,-6.0,0.99,1.0724629646574613e-05,0.0003126319497823715,0.0003,-18.21380615234375,0.12155067920684814,-9.828596115112305,0.30919554829597473,-1.173781394958496,-6.0,0.5615906715393066,2.6393356323242188,0.814738294594482,0.7894235322889644,0.990119470213474,1.0,1.0,1.0,-18.21380615234375,0.12155067920684814,-9.828596115112305,0.30919554829597473,-1.173781394958496,-6.0,17.005327224731445,40.1988525390625,-5.38792085647583,1.0,8.0,0.0,0.0,0.0,0.0,0.0,0.0,0.0,,0.0,-6.0,867.0,867.0,0.0,0.012077105231583118,0.012077105231583118,0.0,1.0724629646574613e-05,1.0724629646574613e-05,0.0,0.0003126319497823715,0.0003126319497823715,0.0,0.0003,0.0003,0.0,-6.0,-6.0,0.0,0.0,0.3644444444444444,27.755555555555556,79.28888888888888,5734.49,61,Walker2d-v5,8256,Agente_1
284.0839464664459,51,208896,209.70203258779463,525.1544062126877,-13.625036171698488,225.78,867,0.012077105231583118,-6.0,0.99,1.0724629646574613e-05,0.0003126319497823715,0.0003,-19.033769607543945,0.10471834242343903,-9.948144912719727,0.3023913502693176,-1.196033239364624,-6.0,0.6042928695678711,2.984696388244629,0.7894235322889644,0.7709104660168551,0.9925896026601055,1.0,1.0,1.0,-19.033769607543945,0.10471834242343903,-9.948144912719727,0.3023913502693176,-1.196033239364624,-6.0,17.736995697021484,43.81369400024414,-5.552855968475342,1.0,8.0,0.0,0.0,0.0,0.0,0.0,0.0,0.0,,0.0,-6.0,867.0,867.0,0.0,0.012077105231583118,0.012077105231583118,0.0,1.0724629646574613e-05,1.0724629646574613e-05,0.0,0.0003126319497823715,0.0003126319497823715,0.0,0.0003,0.0003,0.0,-6.0,-6.0,0.0,0.0,0.4557142857142857,28.942857142857143,79.24285714285713,5672.695,62,Walker2d-v5,8256,Agente_1
289.6264488697052,52,212992,229.39030683602937,525.1544062126877,-13.625036171698488,221.98,867,0.012077105231583118,-6.0,0.99,1.0724629646574613e-05,0.0003126319497823715,0.0003,-22.07489776611328,0.16474121809005737,-10.006070137023926,0.29576873779296875,-1.2181774377822876,-6.0,0.6416621208190918,4.068483352661133,0.7709104660168551,0.7579856314970788,0.9944422019950792,1.0,1.0,1.0,-22.07489776611328,0.16474121809005737,-10.006070137023926,0.29576873779296875,-1.2181774377822876,-6.0,20.89885711669922,57.522056579589844,-5.543396472930908,1.0,8.0,0.0,0.0,0.0,0.0,0.0,0.0,0.0,,0.0,-6.0,867.0,867.0,0.0,0.012077105231583118,0.012077105231583118,0.0,1.0724629646574613e-05,1.0724629646574613e-05,0.0,0.0003126319497823715,0.0003126319497823715,0.0,0.0003,0.0003,0.0,-6.0,-6.0,0.0,0.0,0.34875,28.1,79.4375,5689.638,63,Walker2d-v5,8256,Agente_1
295.05560064315796,53,217088,272.61978312849993,636.2012103196126,8.094220701564282,225.58,867,0.012077105231583118,-6.0,0.99,1.0724629646574613e-05,0.0003126319497823715,0.0003,-23.13349723815918,0.1490871012210846,-10.070040702819824,0.2892906963825226,-1.2403233051300049,-6.0,0.6846084594726562,3.648579716682434,0.7579856314970788,0.7506479142946365,0.9958316514963094,1.0,1.0,1.0,-23.13349723815918,0.1490871012210846,-10.070040702819824,0.2892906963825226,-1.2403233051300049,-6.0,21.856252670288086,48.66530990600586,-5.462820053100586,1.0,8.0,0.0,0.0,0.0,0.0,0.0,0.0,0.0,,0.0,-6.0,867.0,867.0,0.0,0.012077105231583118,0.012077105231583118,0.0,1.0724629646574613e-05,1.0724629646574613e-05,0.0,0.0003126319497823715,0.0003126319497823715,0.0,0.0003,0.0003,0.0,-6.0,-6.0,0.0,0.0,0.42000000000000004,28.38571428571429,79.32857142857144,5678.02,64,Walker2d-v5,8256,Agente_1
300.6268708705902,54,221184,291.48993470238383,838.906124916036,8.094220701564282,232.53,867,0.012077105231583118,-6.0,0.99,1.0724629646574613e-05,0.0003126319497823715,0.0003,-22.781734466552734,0.17991940677165985,-10.293432235717773,0.2828986942768097,-1.2626663446426392,-6.0,0.6892127990722656,5.752763986587524,0.7506479142946365,0.7445044027723994,0.996873738622232,1.0,1.0,1.0,-22.781734466552734,0.17991940677165985,-10.293432235717773,0.2828986942768097,-1.2626663446426392,-6.0,21.518688201904297,55.89712905883789,-7.961902618408203,1.0,8.0,0.0,0.0,0.0,0.0,0.0,0.0,0.0,,0.0,-6.0,867.0,867.0,0.0,0.012077105231583118,0.012077105231583118,0.0,1.0724629646574613e-05,1.0724629646574613e-05,0.0,0.0003126319497823715,0.0003126319497823715,0.0,0.0003,0.0003,0.0,-6.0,-6.0,0.0,0.0,0.395,27.95,79.3625,5638.571,65,Walker2d-v5,8256,Agente_1
306.27833437919617,55,225280,294.36777986513914,838.906124916036,8.094220701564282,232.37,867,0.012077105231583118,-6.0,0.99,1.0724629646574613e-05,0.0003126319497823715,0.0003,-24.79433822631836,0.14952629804611206,-10.389361381530762,0.27666735649108887,-1.2849392890930176,-6.0,0.809999942779541,3.6203532218933105,0.7445044027723994,0.7510539567731136,0.9766019373130078,0.9157865333853351,1.0,0.9157865333853351,-24.79433822631836,0.14952629804611206,-10.389361381530762,0.27666735649108887,-1.2849392890930176,-6.0,23.567846298217773,63.273380279541016,-7.827334880828857,1.0,8.0,0.0,0.0,0.0,0.0,0.0,0.0,0.0,,0.0,-6.0,867.0,867.0,0.0,0.012077105231583118,0.012077105231583118,0.0,1.0724629646574613e-05,1.0724629646574613e-05,0.0,0.0003126319497823715,0.0003126319497823715,0.0,0.0003,0.0003,0.0,-6.0,-6.0,0.0,0.0,0.3625,27.95,79.6,5630.308,66,Walker2d-v5,8256,Agente_1
312.00664925575256,56,229376,311.3260086299458,838.906124916036,8.094220701564282,230.52,867,0.012077105231583118,-6.0,0.99,1.0724629646574613e-05,0.0003126319497823715,0.0003,-26.428707122802734,0.23322832584381104,-10.836437225341797,0.2705542743206024,-1.307282567024231,-6.0,0.8316318988800049,5.649591088294983,0.7510539567731136,0.7591117509838027,0.9570185293197944,0.8982683053401537,1.0,0.8982683053401537,-26.428707122802734,0.23322832584381104,-10.836437225341797,0.2705542743206024,-1.307282567024231,-6.0,25.30939483642578,56.557861328125,-9.44828987121582,1.0,8.0,0.0,0.0,0.0,0.0,0.0,0.0,0.0,,0.0,-6.0,867.0,867.0,0.0,0.012077105231583118,0.012077105231583118,0.0,1.0724629646574613e-05,1.0724629646574613e-05,0.0,0.0003126319497823715,0.0003126319497823715,0.0,0.0003,0.0003,0.0,-6.0,-6.0,0.0,0.0,0.35375,28.025,79.675,5632.952,67,Walker2d-v5,8256,Agente_1
317.6485643386841,57,233472,317.2073383443639,838.906124916036,109.25198457424122,232.58,867,0.012077105231583118,-6.0,0.99,1.0724629646574613e-05,0.0003126319497823715,0.0003,-27.937129974365234,0.24574097990989685,-10.722146987915039,0.2644909918308258,-1.3299480676651,-6.0,0.9735518991947174,7.508612394332886,0.7591117509838027,0.780555765804894,0.906240275714816,0.7539055148998808,1.0,0.7539055148998808,-27.937129974365234,0.24574097990989685,-10.722146987915039,0.2644909918308258,-1.3299480676651,-6.0,26.715789794921875,62.427093505859375,-10.148749351501465,1.0,8.0,0.0,0.0,0.0,0.0,0.0,0.0,0.0,,0.0,-6.0,867.0,867.0,0.0,0.012077105231583118,0.012077105231583118,0.0,1.0724629646574613e-05,1.0724629646574613e-05,0.0,0.0003126319497823715,0.0003126319497823715,0.0,0.0003,0.0003,0.0,-6.0,-6.0,0.0,0.0,0.38571428571428573,27.785714285714285,79.68571428571428,5645.06,68,Walker2d-v5,8256,Agente_1
323.07864117622375,58,237568,319.10909631907157,838.906124916036,109.25198457424122,236.51,867,0.012077105231583118,-6.0,0.99,1.0724629646574613e-05,0.0003126319497823715,0.0003,-30.778209686279297,0.2170933485031128,-11.231290817260742,0.2584940791130066,-1.3528825044631958,-6.0,1.0403461456298828,4.806420564651489,0.780555765804894,0.806534803787393,0.8589036819421286,0.7168939006240661,1.0,0.7168939006240661,-30.778209686279297,0.2170933485031128,-11.231290817260742,0.2584940791130066,-1.3528825044631958,-6.0,29.598421096801758,79.13516235351562,-9.510009765625,1.0,8.0,0.0,0.0,0.0,0.0,0.0,0.0,0.0,,0.0,-6.0,867.0,867.0,0.0,0.012077105231583118,0.012077105231583118,0.0,1.0724629646574613e-05,1.0724629646574613e-05,0.0,0.0003126319497823715,0.0003126319497823715,0.0,0.0003,0.0003,0.0,-6.0,-6.0,0.0,0.0,0.3875,28.4,79.7625,5628.744,69,Walker2d-v5,8256,Agente_1
328.6461663246155,59,241664,321.0734604465334,838.906124916036,109.25198457424122,241.96,867,0.012077105231583118,-6.0,0.99,1.0724629646574613e-05,0.0003126319497823715,0.0003,-30.241931915283203,0.25517186522483826,-11.29601764678955,0.2526201903820038,-1.3758680820465088,-6.0,0.9804110527038574,9.212580919265747,0.806534803787393,0.8239224286790393,0.8456953414574171,0.8060703200032828,1.0,0.8060703200032828,-30.241931915283203,0.25517186522483826,-11.29601764678955,0.2526201903820038,-1.3758680820465088,-6.0,29.171855926513672,72.81500244140625,-10.847137451171875,1.0,8.0,0.0,0.0,0.0,0.0,0.0,0.0,0.0,,0.0,-6.0,867.0,867.0,0.0,0.012077105231583118,0.012077105231583118,0.0,1.0724629646574613e-05,1.0724629646574613e-05,0.0,0.0003126319497823715,0.0003126319497823715,0.0,0.0003,0.0003,0.0,-6.0,-6.0,0.0,0.0,0.36,28.085714285714285,79.74285714285715,5626.602,70,Walker2d-v5,8256,Agente_1
334.5032744407654,60,245760,319.36756300437463,769.4961117724943,121.23656711497159,227.87,867,0.012077105231583118,-6.0,0.99,1.0724629646574613e-05,0.0003126319497823715,0.0003,-31.34616470336914,0.2585926651954651,-11.792668342590332,0.2468370646238327,-1.399026870727539,-6.0,1.0306224822998047,6.648740768432617,0.8239224286790393,0.8445924340411158,0.8288017674261505,0.7781210453323509,1.0,0.7781210453323509,-31.34616470336914,0.2585926651954651,-11.792668342590332,0.2468370646238327,-1.399026870727539,-6.0,30.19677734375,75.77843475341797,-14.362948417663574,1.0,8.0,0.0,0.0,0.0,0.0,0.0,0.0,0.0,,0.0,-6.0,867.0,867.0,0.0,0.012077105231583118,0.012077105231583118,0.0,1.0724629646574613e-05,1.0724629646574613e-05,0.0,0.0003126319497823715,0.0003126319497823715,0.0,0.0003,0.0003,0.0,-6.0,-6.0,0.0,0.0,0.39875,28.825000000000003,79.7125,5570.954,71,Walker2d-v5,8256,Agente_1
340.09166383743286,61,249856,331.3528298592547,769.4961117724943,134.6050729228683,233.96,867,0.012077105231583118,-6.0,0.99,1.0724629646574613e-05,0.0003126319497823715,0.0003,-34.716339111328125,0.3093470633029938,-11.857762336730957,0.24116776883602142,-1.4222625494003296,-6.0,1.1342835426330566,9.15646743774414,0.8445924340411158,0.8735615449003099,0.7990117417213849,0.7096416646070882,1.0,0.7096416646070882,-34.716339111328125,0.3093470633029938,-11.857762336730957,0.24116776883602142,-1.4222625494003296,-6.0,33.74452590942383,73.35035705566406,-13.56135368347168,1.0,8.0,0.0,0.0,0.0,0.0,0.0,0.0,0.0,,0.0,-6.0,867.0,867.0,0.0,0.012077105231583118,0.012077105231583118,0.0,1.0724629646574613e-05,1.0724629646574613e-05,0.0,0.0003126319497823715,0.0003126319497823715,0.0,0.0003,0.0003,0.0,-6.0,-6.0,0.0,0.0,0.31625000000000003,28.4875,79.77499999999999,5588.931,72,Walker2d-v5,8256,Agente_1
345.64460349082947,62,253952,333.56658677084334,769.4961117724943,121.75212135718468,233.26,867,0.012077105231583118,-6.0,0.99,1.0724629646574613e-05,0.0003126319497823715,0.0003,-34.004173278808594,0.26776716113090515,-12.222090721130371,0.23558935523033142,-1.4456650018692017,-6.0,1.0771503448486328,7.130622863769531,0.8735615449003099,0.8939204248951422,0.797286103437812,0.7921091885870932,1.0,0.7921091885870932,-34.004173278808594,0.26776716113090515,-12.222090721130371,0.23558935523033142,-1.4456650018692017,-6.0,32.924354553222656,81.98804473876953,-13.564019203186035,1.0,8.0,0.0,0.0,0.0,0.0,0.0,0.0,0.0,,0.0,-6.0,867.0,867.0,0.0,0.012077105231583118,0.012077105231583118,0.0,1.0724629646574613e-05,1.0724629646574613e-05,0.0,0.0003126319497823715,0.0003126319497823715,0.0,0.0003,0.0003,0.0,-6.0,-6.0,0.0,0.0,0.39,27.857142857142858,79.6857142857143,5590.198,73,Walker2d-v5,8256,Agente_1
351.26224064826965,63,258048,342.32520042735683,769.4961117724943,115.48891517351623,238.39,867,0.012077105231583118,-6.0,0.99,1.0724629646574613e-05,0.0003126319497823715,0.0003,-35.18829345703125,0.27443790435791016,-12.338031768798828,0.23008787631988525,-1.4692939519882202,-6.0,1.043177604675293,7.061523675918579,0.8939204248951422,0.9088461428731573,0.8095209986397998,0.8462256842457626,1.0,0.8462256842457626,-35.18829345703125,0.27443790435791016,-12.338031768798828,0.23008787631988525,-1.4692939519882202,-6.0,34.28196716308594,80.2552490234375,-16.793025970458984,1.0,8.0,0.0,0.0,0.0,0.0,0.0,0.0,0.0,,0.0,-6.0,867.0,867.0,0.0,0.012077105231583118,0.012077105231583118,0.0,1.0724629646574613e-05,1.0724629646574613e-05,0.0,0.0003126319497823715,0.0003126319497823715,0.0,0.0003,0.0003,0.0,-6.0,-6.0,0.0,0.0,0.3925,28.5375,79.86250000000001,5608.751,74,Walker2d-v5,8256,Agente_1
356.96469616889954,64,262144,334.46255551724556,700.4584872040361,63.00654787150811,237.08,867,0.012077105231583118,-6.0,0.99,1.0724629646574613e-05,0.0003126319497823715,0.0003,-36.8570671081543,0.30100947618484497,-12.597484588623047,0.22468653321266174,-1.4930490255355835,-6.0,1.173896312713623,10.14309287071228,0.9088461428731573,0.9353511598572039,0.7939012821541507,0.7470421326972033,1.0,0.7470421326972033,-36.8570671081543,0.30100947618484497,-12.597484588623047,0.22468653321266174,-1.4930490255355835,-6.0,36.00259780883789,85.80254364013672,-17.07939338684082,1.0,8.0,0.0,0.0,0.0,0.0,0.0,0.0,0.0,,0.0,-6.0,867.0,867.0,0.0,0.012077105231583118,0.012077105231583118,0.0,1.0724629646574613e-05,1.0724629646574613e-05,0.0,0.0003126319497823715,0.0003126319497823715,0.0,0.0003,0.0003,0.0,-6.0,-6.0,0.0,0.0,0.39999999999999997,28.2875,79.825,5621.763,75,Walker2d-v5,8256,Agente_1
362.5062110424042,65,266240,339.79770991475516,700.4584872040361,63.00654787150811,237.59,867,0.012077105231583118,-6.0,0.99,1.0724629646574613e-05,0.0003126319497823715,0.0003,-38.37071228027344,0.25899747014045715,-13.018566131591797,0.21938198804855347,-1.5169408321380615,-6.0,1.1708223819732666,6.2360453605651855,0.9353511598572039,0.9588982820688101,0.7897864458294582,0.7774419368553808,1.0,0.7774419368553808,-38.37071228027344,0.25899747014045715,-13.018566131591797,0.21938198804855347,-1.5169408321380615,-6.0,37.55766296386719,90.0544204711914,-16.34930419921875,1.0,8.0,0.0,0.0,0.0,0.0,0.0,0.0,0.0,,0.0,-6.0,867.0,867.0,0.0,0.012077105231583118,0.012077105231583118,0.0,1.0724629646574613e-05,1.0724629646574613e-05,0.0,0.0003126319497823715,0.0003126319497823715,0.0,0.0003,0.0003,0.0,-6.0,-6.0,0.0,0.0,0.4314285714285715,28.814285714285713,79.85714285714286,5610.664,76,Walker2d-v5,8256,Agente_1
368.2089912891388,66,270336,344.8544038903912,700.4584872040361,63.00654787150811,241.78,867,0.012077105231583118,-6.0,0.99,1.0724629646574613e-05,0.0003126319497823715,0.0003,-36.91984558105469,0.2957805395126343,-13.191506385803223,0.21418437361717224,-1.5409181118011475,-6.0,1.2917251586914062,7.211554288864136,0.9588982820688101,0.9921809697310697,0.7690247373425128,0.7067396118816764,1.0,0.7067396118816764,-36.91984558105469,0.2957805395126343,-13.191506385803223,0.21418437361717224,-1.5409181118011475,-6.0,36.17030715942383,100.8209228515625,-17.826051712036133,1.0,8.0,0.0,0.0,0.0,0.0,0.0,0.0,0.0,,0.0,-6.0,867.0,867.0,0.0,0.012077105231583118,0.012077105231583118,0.0,1.0724629646574613e-05,1.0724629646574613e-05,0.0,0.0003126319497823715,0.0003126319497823715,0.0,0.0003,0.0003,0.0,-6.0,-6.0,0.0,0.0,0.32807692307692304,26.253846153846155,82.13846153846154,5607.895,77,Walker2d-v5,8256,Agente_1
373.77324986457825,67,274432,341.38002675286566,700.4584872040361,63.00654787150811,239.35,867,0.012077105231583118,-6.0,0.99,1.0724629646574613e-05,0.0003126319497823715,0.0003,-36.988548278808594,0.22312647104263306,-13.663457870483398,0.20907416939735413,-1.5650662183761597,-6.0,1.1040945053100586,5.4233245849609375,0.9921809697310697,1.0033723232889686,0.8001018904619897,0.8933333498204206,1.0,0.8933333498204206,-36.988548278808594,0.22312647104263306,-13.663457870483398,0.20907416939735413,-1.5650662183761597,-6.0,36.21229553222656,99.1335678100586,-22.11006736755371,1.0,8.0,0.0,0.0,0.0,0.0,0.0,0.0,0.0,,0.0,-6.0,867.0,867.0,0.0,0.012077105231583118,0.012077105231583118,0.0,1.0724629646574613e-05,1.0724629646574613e-05,0.0,0.0003126319497823715,0.0003126319497823715,0.0,0.0003,0.0003,0.0,-6.0,-6.0,0.0,0.0,0.335,26.35,84.23750000000001,5600.473,78,Walker2d-v5,8256,Agente_1
379.307909488678,68,278528,350.40584466535756,700.4584872040361,63.00654787150811,246.63,867,0.012077105231583118,-6.0,0.99,1.0724629646574613e-05,0.0003126319497823715,0.0003,-39.15803146362305,0.346793532371521,-13.453182220458984,0.20414090156555176,-1.5889447927474976,-6.0,1.4956459999084473,7.016155004501343,1.0033723232889686,1.0525996909509165,0.7531382210728051,0.6122472129052517,1.0,0.6122472129052517,-39.15803146362305,0.346793532371521,-13.453182220458984,0.20414090156555176,-1.5889447927474976,-6.0,38.40918731689453,92.85102081298828,-21.58003807067871,1.0,8.0,0.0,0.0,0.0,0.0,0.0,0.0,0.0,,0.0,-6.0,867.0,867.0,0.0,0.012077105231583118,0.012077105231583118,0.0,1.0724629646574613e-05,1.0724629646574613e-05,0.0,0.0003126319497823715,0.0003126319497823715,0.0,0.0003,0.0003,0.0,-6.0,-6.0,0.0,0.0,0.30375,26.6,84.9875,5610.86,79,Walker2d-v5,8256,Agente_1
384.962331533432,69,282624,353.9337749132129,743.6131087429362,63.00654787150811,248.46,867,0.012077105231583118,-6.0,0.99,1.0724629646574613e-05,0.0003126319497823715,0.0003,-44.67645263671875,0.39530858397483826,-13.715324401855469,0.19934609532356262,-1.6127127408981323,-6.0,1.6094093322753906,9.528718948364258,1.0525996909509165,1.108280655083364,0.7121543175787057,0.5892026070964077,1.0,0.5892026070964077,-44.67645263671875,0.39530858397483826,-13.715324401855469,0.19934609532356262,-1.6127127408981323,-6.0,43.95002746582031,97.56623077392578,-21.091289520263672,1.0,8.0,0.0,0.0,0.0,0.0,0.0,0.0,0.0,,0.0,-6.0,867.0,867.0,0.0,0.012077105231583118,0.012077105231583118,0.0,1.0724629646574613e-05,1.0724629646574613e-05,0.0,0.0003126319497823715,0.0003126319497823715,0.0,0.0003,0.0003,0.0,-6.0,-6.0,0.0,0.0,0.31285714285714283,25.414285714285715,85.07142857142857,5619.125,80,Walker2d-v5,8256,Agente_1
390.5995376110077,70,286720,363.92490550454517,743.6131087429362,63.00654787150811,248.57,867,0.012077105231583118,-6.0,0.99,1.0724629646574613e-05,0.0003126319497823715,0.0003,-40.96702575683594,0.3160216808319092,-13.299588203430176,0.19470582902431488,-1.6362653970718384,-6.0,1.362248420715332,8.119640350341797,1.108280655083364,1.1336774316465608,0.7329171088128532,0.7952054825152955,1.0,0.7952054825152955,-40.96702575683594,0.3160216808319092,-13.299588203430176,0.19470582902431488,-1.6362653970718384,-6.0,40.13445281982422,99.34578704833984,-21.805931091308594,1.0,8.0,0.0,0.0,0.0,0.0,0.0,0.0,0.0,,0.0,-6.0,867.0,867.0,0.0,0.012077105231583118,0.012077105231583118,0.0,1.0724629646574613e-05,1.0724629646574613e-05,0.0,0.0003126319497823715,0.0003126319497823715,0.0,0.0003,0.0003,0.0,-6.0,-6.0,0.0,0.0,0.33999999999999997,26.0375,85.47500000000001,5596.982,81,Walker2d-v5,8256,Agente_1
396.19203519821167,71,290816,372.94285702462525,743.6131087429362,66.68009098533501,249.58,867,0.012077105231583118,-6.0,0.99,1.0724629646574613e-05,0.0003126319497823715,0.0003,-48.4679069519043,0.35696399211883545,-13.419254302978516,0.1902557611465454,-1.6593860387802124,-6.0,1.5699491500854492,7.258354663848877,1.1336774316465608,1.1773046034904495,0.7198296195953378,0.6805671519427916,1.0,0.6805671519427916,-48.4679069519043,0.35696399211883545,-13.419254302978516,0.1902557611465454,-1.6593860387802124,-6.0,47.681087493896484,100.8996353149414,-18.801843643188477,1.0,8.0,0.0,0.0,0.0,0.0,0.0,0.0,0.0,,0.0,-6.0,867.0,867.0,0.0,0.012077105231583118,0.012077105231583118,0.0,1.0724629646574613e-05,1.0724629646574613e-05,0.0,0.0003126319497823715,0.0003126319497823715,0.0,0.0003,0.0003,0.0,-6.0,-6.0,0.0,0.0,0.3325,25.75,86.1625,5597.466,82,Walker2d-v5,8256,Agente_1
401.5047435760498,72,294912,371.2587932320459,743.6131087429362,66.68009098533501,244.1,867,0.012077105231583118,-6.0,0.99,1.0724629646574613e-05,0.0003126319497823715,0.0003,-48.612144470214844,0.4255581796169281,-13.558477401733398,0.1859142929315567,-1.6824694871902466,-6.0,1.5008182525634766,10.344398498535156,1.1773046034904495,1.2096559683977521,0.7298047877380061,0.7597302921660105,1.0,0.7597302921660105,-48.612144470214844,0.4255581796169281,-13.558477401733398,0.1859142929315567,-1.6824694871902466,-6.0,47.87248229980469,108.60729217529297,-25.613574981689453,1.0,8.0,0.0,0.0,0.0,0.0,0.0,0.0,0.0,,0.0,-6.0,867.0,867.0,0.0,0.012077105231583118,0.012077105231583118,0.0,1.0724629646574613e-05,1.0724629646574613e-05,0.0,0.0003126319497823715,0.0003126319497823715,0.0,0.0003,0.0003,0.0,-6.0,-6.0,0.0,0.0,0.256,18.830000000000002,86.53999999999999,5573.216,83,Walker2d-v5,8256,Agente_1
407.02563214302063,73,299008,386.22620618765364,751.5344324983852,66.98098820828223,252.55,867,0.012077105231583118,-6.0,0.99,1.0724629646574613e-05,0.0003126319497823715,0.0003,-49.19458770751953,0.3914753198623657,-14.094697952270508,0.18167786300182343,-1.7055201530456543,-6.0,1.5327348709106445,8.171740055084229,1.2096559683977521,1.2419638586490414,0.7387559170502075,0.7656093049868117,1.0,0.7656093049868117,-49.19458770751953,0.3914753198623657,-14.094697952270508,0.18167786300182343,-1.7055201530456543,-6.0,48.34001922607422,98.62128448486328,-26.52993392944336,1.0,8.0,0.0,0.0,0.0,0.0,0.0,0.0,0.0,,0.0,-6.0,867.0,867.0,0.0,0.012077105231583118,0.012077105231583118,0.0,1.0724629646574613e-05,1.0724629646574613e-05,0.0,0.0003126319497823715,0.0003126319497823715,0.0,0.0003,0.0003,0.0,-6.0,-6.0,0.0,0.0,0.28285714285714286,26.528571428571432,86.28571428571426,5563.851,84,Walker2d-v5,8256,Agente_1
412.4252915382385,74,303104,398.75116899580223,751.5344324983852,66.90666605541276,256.77,867,0.012077105231583118,-6.0,0.99,1.0724629646574613e-05,0.0003126319497823715,0.0003,-48.044700622558594,0.41608262062072754,-13.930948257446289,0.17757661640644073,-1.7283531427383423,-6.0,1.6371556520462036,12.608596324920654,1.2419638586490414,1.2814830379887576,0.7359314223369781,0.7274579381972898,1.0,0.7274579381972898,-48.044700622558594,0.41608262062072754,-13.930948257446289,0.17757661640644073,-1.7283531427383423,-6.0,47.158817291259766,103.70530700683594,-29.617570877075195,1.0,8.0,0.0,0.0,0.0,0.0,0.0,0.0,0.0,,0.0,-6.0,867.0,867.0,0.0,0.012077105231583118,0.012077105231583118,0.0,1.0724629646574613e-05,1.0724629646574613e-05,0.0,0.0003126319497823715,0.0003126319497823715,0.0,0.0003,0.0003,0.0,-6.0,-6.0,0.0,0.0,0.325,26.1625,87.6,5533.499,85,Walker2d-v5,8256,Agente_1
418.30009746551514,75,307200,385.13112677641584,751.5344324983852,53.135222890371956,255.07,867,0.012077105231583118,-6.0,0.99,1.0724629646574613e-05,0.0003126319497823715,0.0003,-52.228858947753906,0.39630022644996643,-14.245872497558594,0.17364586889743805,-1.750737190246582,-6.0,1.541351318359375,9.935599327087402,1.2814830379887576,1.3074698660258193,0.7560615718729595,0.816452020480904,1.0,0.816452020480904,-52.228858947753906,0.39630022644996643,-14.245872497558594,0.17364586889743805,-1.750737190246582,-6.0,51.537452697753906,121.68766021728516,-29.377824783325195,1.0,8.0,0.0,0.0,0.0,0.0,0.0,0.0,0.0,,0.0,-6.0,867.0,867.0,0.0,0.012077105231583118,0.012077105231583118,0.0,1.0724629646574613e-05,1.0724629646574613e-05,0.0,0.0003126319497823715,0.0003126319497823715,0.0,0.0003,0.0003,0.0,-6.0,-6.0,0.0,0.0,0.38,27.225,87.05,5566.506,86,Walker2d-v5,8256,Agente_1
423.94150733947754,76,311296,384.3091509592782,751.5344324983852,53.135222890371956,250.33,867,0.012077105231583118,-6.0,0.99,1.0724629646574613e-05,0.0003126319497823715,0.0003,-50.30763244628906,0.4946303963661194,-13.620494842529297,0.1697942465543747,-1.7731678485870361,-6.0,1.9064769744873047,18.912960529327393,1.3074698660258193,1.3673705768719677,0.7251605657546298,0.6324575473996408,1.0,0.6324575473996408,-50.30763244628906,0.4946303963661194,-13.620494842529297,0.1697942465543747,-1.7731678485870361,-6.0,49.641544342041016,123.11585998535156,-29.52162742614746,1.0,8.0,0.0,0.0,0.0,0.0,0.0,0.0,0.0,,0.0,-6.0,867.0,867.0,0.0,0.012077105231583118,0.012077105231583118,0.0,1.0724629646574613e-05,1.0724629646574613e-05,0.0,0.0003126319497823715,0.0003126319497823715,0.0,0.0003,0.0003,0.0,-6.0,-6.0,0.0,0.0,0.39142857142857146,27.02857142857143,86.92857142857143,5560.45,87,Walker2d-v5,8256,Agente_1
429.55413722991943,77,315392,376.5028621720735,988.5964252308233,53.135222890371956,254.98,867,0.012077105231583118,-6.0,0.99,1.0724629646574613e-05,0.0003126319497823715,0.0003,-48.45446014404297,0.35059261322021484,-13.865904808044434,0.16606007516384125,-1.795405626296997,-6.0,1.6453120708465576,8.571771621704102,1.3673705768719677,1.3951647262694267,0.7478854804722391,0.8160602246250668,1.0,0.8160602246250668,-48.45446014404297,0.35059261322021484,-13.865904808044434,0.16606007516384125,-1.795405626296997,-6.0,47.82661437988281,105.96121978759766,-31.3747615814209,1.0,8.0,0.0,0.0,0.0,0.0,0.0,0.0,0.0,,0.0,-6.0,867.0,867.0,0.0,0.012077105231583118,0.012077105231583118,0.0,1.0724629646574613e-05,1.0724629646574613e-05,0.0,0.0003126319497823715,0.0003126319497823715,0.0,0.0003,0.0003,0.0,-6.0,-6.0,0.0,0.0,0.375,28.0625,86.6,5565.444,88,Walker2d-v5,8256,Agente_1
435.211133480072,78,319488,379.30441111734456,1047.6595750198533,48.10376548480587,262.9,867,0.012077105231583118,-6.0,0.99,1.0724629646574613e-05,0.0003126319497823715,0.0003,-54.91758728027344,0.45231491327285767,-13.848008155822754,0.16237913072109222,-1.8178213834762573,-6.0,1.6597661972045898,17.920028686523438,1.3951647262694267,1.4216248733629429,0.7677250100748916,0.8272435988828488,1.0,0.8272435988828488,-54.91758728027344,0.45231491327285767,-13.848008155822754,0.16237913072109222,-1.8178213834762573,-6.0,54.43168640136719,125.87322235107422,-35.3505973815918,1.0,8.0,0.0,0.0,0.0,0.0,0.0,0.0,0.0,,0.0,-6.0,867.0,867.0,0.0,0.012077105231583118,0.012077105231583118,0.0,1.0724629646574613e-05,1.0724629646574613e-05,0.0,0.0003126319497823715,0.0003126319497823715,0.0,0.0003,0.0003,0.0,-6.0,-6.0,0.0,0.0,0.36999999999999994,27.43333333333333,86.63333333333334,5577.316,89,Walker2d-v5,8256,Agente_1
440.9697344303131,79,323584,377.8945146654275,1047.6595750198533,48.10376548480587,266.79,867,0.012077105231583118,-6.0,0.99,1.0724629646574613e-05,0.0003126319497823715,0.0003,-52.78008270263672,0.47576427459716797,-13.599743843078613,0.15880179405212402,-1.8400983810424805,-6.0,1.9367904663085938,10.464144706726074,1.4216248733629429,1.4731414326575079,0.749798563149444,0.6960192223731015,1.0,0.6960192223731015,-52.78008270263672,0.47576427459716797,-13.599743843078613,0.15880179405212402,-1.8400983810424805,-6.0,52.28680419921875,111.1933822631836,-33.13755798339844,1.0,8.0,0.0,0.0,0.0,0.0,0.0,0.0,0.0,,0.0,-6.0,867.0,867.0,0.0,0.012077105231583118,0.012077105231583118,0.0,1.0724629646574613e-05,1.0724629646574613e-05,0.0,0.0003126319497823715,0.0003126319497823715,0.0,0.0003,0.0003,0.0,-6.0,-6.0,0.0,0.0,0.4025,28.05,86.61250000000001,5588.081,90,Walker2d-v5,8256,Agente_1
446.585654258728,80,327680,372.5285011393135,1047.6595750198533,48.10376548480587,268.55,867,0.012077105231583118,-6.0,0.99,1.0724629646574613e-05,0.0003126319497823715,0.0003,-56.92161560058594,0.3731484115123749,-14.003210067749023,0.15525121986865997,-1.86271071434021,-6.0,1.7490339279174805,9.035762548446655,1.4731414326575079,1.5007306821835051,0.7696514438574915,0.8292100859816343,1.0,0.8292100859816343,-56.92161560058594,0.3731484115123749,-14.003210067749023,0.15525121986865997,-1.86271071434021,-6.0,56.30125427246094,120.38778686523438,-39.09115219116211,1.0,8.0,0.0,0.0,0.0,0.0,0.0,0.0,0.0,,0.0,-6.0,867.0,867.0,0.0,0.012077105231583118,0.012077105231583118,0.0,1.0724629646574613e-05,1.0724629646574613e-05,0.0,0.0003126319497823715,0.0003126319497823715,0.0,0.0003,0.0003,0.0,-6.0,-6.0,0.0,0.0,0.3728571428571428,27.485714285714288,86.75714285714285,5586.162,91,Walker2d-v5,8256,Agente_1
452.3545632362366,81,331776,367.6067230842689,1047.6595750198533,48.10376548480587,268.24,867,0.012077105231583118,-6.0,0.99,1.0724629646574613e-05,0.0003126319497823715,0.0003,-56.775718688964844,0.4979262948036194,-13.658792495727539,0.15186090767383575,-1.884790301322937,-6.0,1.7793865203857422,16.29817295074463,1.5007306821835051,1.5285962660037289,0.784873392947988,0.8305392402194774,1.0,0.8305392402194774,-56.775718688964844,0.4979262948036194,-13.658792495727539,0.15186090767383575,-1.884790301322937,-6.0,56.13257598876953,116.79276275634766,-39.2053108215332,1.0,8.0,0.0,0.0,0.0,0.0,0.0,0.0,0.0,,0.0,-6.0,867.0,867.0,0.0,0.012077105231583118,0.012077105231583118,0.0,1.0724629646574613e-05,1.0724629646574613e-05,0.0,0.0003126319497823715,0.0003126319497823715,0.0,0.0003,0.0003,0.0,-6.0,-6.0,0.0,0.0,0.38875000000000004,28.1,86.5,5603.649,92,Walker2d-v5,8256,Agente_1
458.0256986618042,82,335872,378.21677583997865,1047.6595750198533,48.10376548480587,274.28,867,0.012077105231583118,-6.0,0.99,1.0724629646574613e-05,0.0003126319497823715,0.0003,-59.076602935791016,0.5945120453834534,-13.430471420288086,0.1485813856124878,-1.9066224098205566,-6.0,2.241016387939453,32.21558237075806,1.5285962660037289,1.5998382781973013,0.7455221936046375,0.6274685955745858,1.0,0.6274685955745858,-59.076602935791016,0.5945120453834534,-13.430471420288086,0.1485813856124878,-1.9066224098205566,-6.0,58.395355224609375,123.89328002929688,-40.22767639160156,1.0,8.0,0.0,0.0,0.0,0.0,0.0,0.0,0.0,,0.0,-6.0,867.0,867.0,0.0,0.012077105231583118,0.012077105231583118,0.0,1.0724629646574613e-05,1.0724629646574613e-05,0.0,0.0003126319497823715,0.0003126319497823715,0.0,0.0003,0.0003,0.0,-6.0,-6.0,0.0,0.0,0.3575,27.025,86.9375,5639.51,93,Walker2d-v5,8256,Agente_1
463.4815855026245,83,339968,392.9216003253876,1047.6595750198533,48.10376548480587,281.86,867,0.012077105231583118,-6.0,0.99,1.0724629646574613e-05,0.0003126319497823715,0.0003,-60.58635330200195,0.40812569856643677,-14.26197624206543,0.14541207253932953,-1.928183674812317,-6.0,1.8323431015014648,10.801357507705688,1.5998382781973013,1.6230887605277176,0.7753258233663909,0.8647367126516513,1.0,0.8647367126516513,-60.58635330200195,0.40812569856643677,-14.26197624206543,0.14541207253932953,-1.928183674812317,-6.0,59.992618560791016,143.68588256835938,-44.001502990722656,1.0,8.0,0.0,0.0,0.0,0.0,0.0,0.0,0.0,,0.0,-6.0,867.0,867.0,0.0,0.012077105231583118,0.012077105231583118,0.0,1.0724629646574613e-05,1.0724629646574613e-05,0.0,0.0003126319497823715,0.0003126319497823715,0.0,0.0003,0.0003,0.0,-6.0,-6.0,0.0,0.0,0.3125,26.099999999999998,87.75,5632.943,94,Walker2d-v5,8256,Agente_1
469.02988052368164,84,344064,397.7354400455517,1047.6595750198533,48.10376548480587,290.8,867,0.012077105231583118,-6.0,0.99,1.0724629646574613e-05,0.0003126319497823715,0.0003,-61.495689392089844,0.5399805307388306,-13.713138580322266,0.14231351017951965,-1.9497228860855103,-6.0,1.9052276611328125,16.5263614654541,1.6230887605277176,1.651302650588227,0.7916046480974919,0.8404411222907948,1.0,0.8404411222907948,-61.495689392089844,0.5399805307388306,-13.713138580322266,0.14231351017951965,-1.9497228860855103,-6.0,61.005615234375,135.03787231445312,-48.094791412353516,1.0,8.0,0.0,0.0,0.0,0.0,0.0,0.0,0.0,,0.0,-6.0,867.0,867.0,0.0,0.012077105231583118,0.012077105231583118,0.0,1.0724629646574613e-05,1.0724629646574613e-05,0.0,0.0003126319497823715,0.0003126319497823715,0.0,0.0003,0.0003,0.0,-6.0,-6.0,0.0,0.0,0.32,26.285714285714285,88.3,5647.844,95,Walker2d-v5,8256,Agente_1
474.6206085681915,85,348160,408.4635367864526,1047.6595750198533,48.10376548480587,297.65,867,0.012077105231583118,-6.0,0.99,1.0724629646574613e-05,0.0003126319497823715,0.0003,-62.662513732910156,0.5723961591720581,-13.098569869995117,0.1393110603094101,-1.971045970916748,-6.0,2.3880138397216797,17.73480796813965,1.651302650588227,1.724973769501572,0.7537271201498613,0.6400945363069696,1.0,0.6400945363069696,-62.662513732910156,0.5723961591720581,-13.098569869995117,0.1393110603094101,-1.971045970916748,-6.0,61.963985443115234,123.4451904296875,-45.548362731933594,1.0,8.0,0.0,0.0,0.0,0.0,0.0,0.0,0.0,,0.0,-6.0,867.0,867.0,0.0,0.012077105231583118,0.012077105231583118,0.0,1.0724629646574613e-05,1.0724629646574613e-05,0.0,0.0003126319497823715,0.0003126319497823715,0.0,0.0003,0.0003,0.0,-6.0,-6.0,0.0,0.0,0.33499999999999996,25.5875,87.525,5619.757,96,Walker2d-v5,8256,Agente_1
480.3197033405304,86,352256,407.71140015647615,1047.6595750198533,28.268157302835554,304.06,867,0.012077105231583118,-6.0,0.99,1.0724629646574613e-05,0.0003126319497823715,0.0003,-62.64624786376953,0.4315839409828186,-14.27232551574707,0.13641412556171417,-1.9920599460601807,-6.0,2.108864665031433,11.408146381378174,1.724973769501572,1.7633628590545583,0.7654143210136851,0.8004759236051565,1.0,0.8004759236051565,-62.64624786376953,0.4315839409828186,-14.27232551574707,0.13641412556171417,-1.9920599460601807,-6.0,61.9554443359375,126.06724548339844,-35.55489730834961,1.0,8.0,0.0,0.0,0.0,0.0,0.0,0.0,0.0,,0.0,-6.0,867.0,867.0,0.0,0.012077105231583118,0.012077105231583118,0.0,1.0724629646574613e-05,1.0724629646574613e-05,0.0,0.0003126319497823715,0.0003126319497823715,0.0,0.0003,0.0003,0.0,-6.0,-6.0,0.0,0.0,0.38125,27.6875,86.35,5625.515,97,Walker2d-v5,8256,Agente_1
485.8017783164978,87,356352,423.8890638734058,1047.6595750198533,28.268157302835554,324.77,867,0.012077105231583118,-6.0,0.99,1.0724629646574613e-05,0.0003126319497823715,0.0003,-62.44453811645508,0.49389275908470154,-13.721861839294434,0.1335579752922058,-2.0132195949554443,-6.0,2.1042184829711914,14.030383586883545,1.7633628590545583,1.7974484214462216,0.7801196912253295,0.824235801860263,1.0,0.824235801860263,-62.44453811645508,0.49389275908470154,-13.721861839294434,0.1335579752922058,-2.0132195949554443,-6.0,61.93598175048828,140.33709716796875,-50.79633712768555,1.0,8.0,0.0,0.0,0.0,0.0,0.0,0.0,0.0,,0.0,-6.0,867.0,867.0,0.0,0.012077105231583118,0.012077105231583118,0.0,1.0724629646574613e-05,1.0724629646574613e-05,0.0,0.0003126319497823715,0.0003126319497823715,0.0,0.0003,0.0003,0.0,-6.0,-6.0,0.0,0.0,0.37000000000000005,27.97142857142857,86.22857142857143,5612.555,98,Walker2d-v5,8256,Agente_1
491.31746220588684,88,360448,451.4029194016543,1026.9895771379954,28.268157302835554,357.27,867,0.012077105231583118,-6.0,0.99,1.0724629646574613e-05,0.0003126319497823715,0.0003,-64.14515686035156,0.5309478044509888,-13.316737174987793,0.13082796335220337,-2.033872127532959,-6.0,2.070019245147705,18.466087341308594,1.7974484214462216,1.82470550381637,0.7999134762143794,0.8592948311815286,1.0,0.8592948311815286,-64.14515686035156,0.5309478044509888,-13.316737174987793,0.13082796335220337,-2.033872127532959,-6.0,63.72962188720703,133.8515625,-50.58632278442383,1.0,8.0,0.0,0.0,0.0,0.0,0.0,0.0,0.0,,0.0,-6.0,867.0,867.0,0.0,0.012077105231583118,0.012077105231583118,0.0,1.0724629646574613e-05,1.0724629646574613e-05,0.0,0.0003126319497823715,0.0003126319497823715,0.0,0.0003,0.0003,0.0,-6.0,-6.0,0.0,0.0,0.32625000000000004,28.625,80.5,5598.468,99,Walker2d-v5,8256,Agente_1
497.271244764328,89,364544,453.7831931067312,999.8116008627726,28.268157302835554,365.73,867,0.012077105231583118,-6.0,0.99,1.0724629646574613e-05,0.0003126319497823715,0.0003,-69.95428466796875,0.619946300983429,-12.640541076660156,0.12820184230804443,-2.0541493892669678,-6.0,2.1846323013305664,23.269357204437256,1.82470550381637,1.8606981835677896,0.80518103975259,0.8209837303672217,1.0,0.8209837303672217,-69.95428466796875,0.619946300983429,-12.640541076660156,0.12820184230804443,-2.0541493892669678,-6.0,69.11851501464844,131.6317596435547,-54.33424377441406,1.0,8.0,0.0,0.0,0.0,0.0,0.0,0.0,0.0,,0.0,-6.0,867.0,867.0,0.0,0.012077105231583118,0.012077105231583118,0.0,1.0724629646574613e-05,1.0724629646574613e-05,0.0,0.0003126319497823715,0.0003126319497823715,0.0,0.0003,0.0003,0.0,-6.0,-6.0,0.0,0.0,0.31375,30.925,78.15,5618.137,100,Walker2d-v5,8256,Agente_1
503.00724935531616,90,368640,466.4940253437221,999.8116008627726,28.268157302835554,385.82,867,0.012077105231583118,-6.0,0.99,1.0724629646574613e-05,0.0003126319497823715,0.0003,-62.87970733642578,0.5508383512496948,-13.906014442443848,0.12556339800357819,-2.074944496154785,-6.0,2.2568182945251465,15.406824111938477,1.8606981835677896,1.9003101946635255,0.8059474672221988,0.8082467496310249,1.0,0.8082467496310249,-62.87970733642578,0.5508383512496948,-13.906014442443848,0.12556339800357819,-2.074944496154785,-6.0,62.15310287475586,132.48712158203125,-59.11478042602539,1.0,8.0,0.0,0.0,0.0,0.0,0.0,0.0,0.0,,0.0,-6.0,867.0,867.0,0.0,0.012077105231583118,0.012077105231583118,0.0,1.0724629646574613e-05,1.0724629646574613e-05,0.0,0.0003126319497823715,0.0003126319497823715,0.0,0.0003,0.0003,0.0,-6.0,-6.0,0.0,0.0,0.30874999999999997,26.325,85.5,5630.171,101,Walker2d-v5,8256,Agente_1
508.5819342136383,91,372736,477.3000131807252,999.8116008627726,28.268157302835554,398.95,867,0.012077105231583118,-6.0,0.99,1.0724629646574613e-05,0.0003126319497823715,0.0003,-68.1922378540039,0.46865880489349365,-14.245261192321777,0.1229766383767128,-2.0957608222961426,-6.0,2.402437210083008,11.498956680297852,1.9003101946635255,1.9505228962054737,0.7964090198119471,0.7677936775811921,1.0,0.7677936775811921,-68.1922378540039,0.46865880489349365,-14.245261192321777,0.1229766383767128,-2.0957608222961426,-6.0,67.7132568359375,138.38356018066406,-49.240234375,1.0,8.0,0.0,0.0,0.0,0.0,0.0,0.0,0.0,,0.0,-6.0,867.0,867.0,0.0,0.012077105231583118,0.012077105231583118,0.0,1.0724629646574613e-05,1.0724629646574613e-05,0.0,0.0003126319497823715,0.0003126319497823715,0.0,0.0003,0.0003,0.0,-6.0,-6.0,0.0,0.0,0.3714285714285714,27.942857142857143,89.14285714285714,5610.584,102,Walker2d-v5,8256,Agente_1
514.3843398094177,92,376832,477.6760667019779,999.8116008627726,28.268157302835554,407.46,867,0.012077105231583118,-6.0,0.99,1.0724629646574613e-05,0.0003126319497823715,0.0003,-70.13267517089844,0.5906707644462585,-13.494791984558105,0.12045713514089584,-2.1164612770080566,-6.0,2.524296760559082,11.601598262786865,1.9505228962054737,2.0079002826408345,0.7835953115239991,0.7451541866601553,1.0,0.7451541866601553,-70.13267517089844,0.5906707644462585,-13.494791984558105,0.12045713514089584,-2.1164612770080566,-6.0,69.677490234375,167.50135803222656,-64.12691497802734,1.0,8.0,0.0,0.0,0.0,0.0,0.0,0.0,0.0,,0.0,-6.0,867.0,867.0,0.0,0.012077105231583118,0.012077105231583118,0.0,1.0724629646574613e-05,1.0724629646574613e-05,0.0,0.0003126319497823715,0.0003126319497823715,0.0,0.0003,0.0003,0.0,-6.0,-6.0,0.0,0.0,0.36392857142857143,26.25,89.32857142857141,5623.733,103,Walker2d-v5,8256,Agente_1
519.9386744499207,93,380928,511.9943048789278,999.8116008627726,28.268157302835554,457.1,867,0.012077105231583118,-6.0,0.99,1.0724629646574613e-05,0.0003126319497823715,0.0003,-72.11891174316406,0.5494872331619263,-13.594703674316406,0.11797476559877396,-2.137284517288208,-6.0,2.3426122665405273,13.888198852539062,2.0079002826408345,2.041371481030804,0.7993103884360855,0.8464556191723445,1.0,0.8464556191723445,-72.11891174316406,0.5494872331619263,-13.594703674316406,0.11797476559877396,-2.137284517288208,-6.0,71.3331298828125,142.3267059326172,-57.826297760009766,1.0,8.0,0.0,0.0,0.0,0.0,0.0,0.0,0.0,,0.0,-6.0,867.0,867.0,0.0,0.012077105231583118,0.012077105231583118,0.0,1.0724629646574613e-05,1.0724629646574613e-05,0.0,0.0003126319497823715,0.0003126319497823715,0.0,0.0003,0.0003,0.0,-6.0,-6.0,0.0,0.0,0.37285714285714283,28.042857142857144,88.38571428571427,5633.59,104,Walker2d-v5,8256,Agente_1
525.4242036342621,94,385024,528.0203848459304,999.8116008627726,28.268157302835554,473.31,867,0.012077105231583118,-6.0,0.99,1.0724629646574613e-05,0.0003126319497823715,0.0003,-73.29949188232422,0.7278967499732971,-12.834672927856445,0.11559245735406876,-2.157684564590454,-6.0,2.9086647033691406,23.2495698928833,2.041371481030804,2.128100803264638,0.7629484317971084,0.6538625618801767,1.0,0.6538625618801767,-73.29949188232422,0.7278967499732971,-12.834672927856445,0.11559245735406876,-2.157684564590454,-6.0,72.60072326660156,150.6338348388672,-65.36406707763672,1.0,8.0,0.0,0.0,0.0,0.0,0.0,0.0,0.0,,0.0,-6.0,867.0,867.0,0.0,0.012077105231583118,0.012077105231583118,0.0,1.0724629646574613e-05,1.0724629646574613e-05,0.0,0.0003126319497823715,0.0003126319497823715,0.0,0.0003,0.0003,0.0,-6.0,-6.0,0.0,0.0,0.345,27.375,88.4625,5627.404,105,Walker2d-v5,8256,Agente_1
530.9849934577942,95,389120,537.431400463014,1004.4255899151566,28.268157302835554,488.09,867,0.012077105231583118,-6.0,0.99,1.0724629646574613e-05,0.0003126319497823715,0.0003,-72.86299133300781,0.6999958753585815,-12.978511810302734,0.1132691353559494,-2.1779885292053223,-6.0,2.7115230560302734,26.286063194274902,2.128100803264638,2.1864430285412015,0.7622655282751757,0.7602168177093777,1.0,0.7602168177093777,-72.86299133300781,0.6999958753585815,-12.978511810302734,0.1132691353559494,-2.1779885292053223,-6.0,72.09016418457031,143.09698486328125,-74.5271987915039,1.0,8.0,0.0,0.0,0.0,0.0,0.0,0.0,0.0,,0.0,-6.0,867.0,867.0,0.0,0.012077105231583118,0.012077105231583118,0.0,1.0724629646574613e-05,1.0724629646574613e-05,0.0,0.0003126319497823715,0.0003126319497823715,0.0,0.0003,0.0003,0.0,-6.0,-6.0,0.0,0.0,0.3071428571428572,26.642857142857142,89.38571428571429,5624.163,106,Walker2d-v5,8256,Agente_1
536.5642883777618,96,393216,552.3745656897826,1004.4255899151566,28.268157302835554,517.1,867,0.012077105231583118,-6.0,0.99,1.0724629646574613e-05,0.0003126319497823715,0.0003,-70.531005859375,0.5953301191329956,-12.96731948852539,0.11107437312602997,-2.1975553035736084,-6.0,2.4172182083129883,17.1786470413208,2.1864430285412015,2.2095205465183803,0.7966569168037227,0.8998310823893639,1.0,0.8998310823893639,-70.531005859375,0.5953301191329956,-12.96731948852539,0.11107437312602997,-2.1975553035736084,-6.0,70.02145385742188,147.46444702148438,-77.19883728027344,1.0,8.0,0.0,0.0,0.0,0.0,0.0,0.0,0.0,,0.0,-6.0,867.0,867.0,0.0,0.012077105231583118,0.012077105231583118,0.0,1.0724629646574613e-05,1.0724629646574613e-05,0.0,0.0003126319497823715,0.0003126319497823715,0.0,0.0003,0.0003,0.0,-6.0,-6.0,0.0,0.0,0.315,26.4375,90.1125,5612.48,107,Walker2d-v5,8256,Agente_1
542.1022424697876,97,397312,563.8685306846478,1004.4255899151566,28.268157302835554,546.0,867,0.012077105231583118,-6.0,0.99,1.0724629646574613e-05,0.0003126319497823715,0.0003,-75.95965576171875,0.6141349673271179,-11.64685344696045,0.1089714840054512,-2.2166690826416016,-6.0,2.2387094497680664,13.538002014160156,2.2095205465183803,2.212439436843349,0.8442117790725032,0.9868763658788449,1.0,0.9868763658788449,-75.95965576171875,0.6141349673271179,-11.64685344696045,0.1089714840054512,-2.2166690826416016,-6.0,74.8205337524414,152.51104736328125,-71.05924224853516,1.0,8.0,0.0,0.0,0.0,0.0,0.0,0.0,0.0,,0.0,-6.0,867.0,867.0,0.0,0.012077105231583118,0.012077105231583118,0.0,1.0724629646574613e-05,1.0724629646574613e-05,0.0,0.0003126319497823715,0.0003126319497823715,0.0,0.0003,0.0003,0.0,-6.0,-6.0,0.0,0.0,0.3071428571428571,25.67142857142857,90.30000000000003,5617.968,108,Walker2d-v5,8256,Agente_1
547.8308446407318,98,401408,567.858773934116,1004.4255899151566,28.268157302835554,562.36,867,0.012077105231583118,-6.0,0.99,1.0724629646574613e-05,0.0003126319497823715,0.0003,-77.29381561279297,0.6169179677963257,-12.378214836120605,0.10696402937173843,-2.235262632369995,-6.0,2.669156074523926,17.255309104919434,2.212439436843349,2.2581111006114067,0.8365293820970896,0.8134821911708483,1.0,0.8134821911708483,-77.29381561279297,0.6169179677963257,-12.378214836120605,0.10696402937173843,-2.235262632369995,-6.0,75.84889221191406,158.02345275878906,-78.3179702758789,1.0,8.0,0.0,0.0,0.0,0.0,0.0,0.0,0.0,,0.0,-6.0,867.0,867.0,0.0,0.012077105231583118,0.012077105231583118,0.0,1.0724629646574613e-05,1.0724629646574613e-05,0.0,0.0003126319497823715,0.0003126319497823715,0.0,0.0003,0.0003,0.0,-6.0,-6.0,0.0,0.0,0.3175,26.799999999999997,89.30000000000001,5639.586,109,Walker2d-v5,8256,Agente_1
553.6985151767731,99,405504,576.2074891859454,1079.4461643990144,28.268157302835554,574.07,867,0.012077105231583118,-6.0,0.99,1.0724629646574613e-05,0.0003126319497823715,0.0003,-76.6312255859375,0.7040292024612427,-11.514593124389648,0.10498630255460739,-2.253925323486328,-6.0,2.7640533447265625,20.230555534362793,2.2581111006114067,2.3087053250229226,0.827214728190466,0.7992707664705955,1.0,0.7992707664705955,-76.6312255859375,0.7040292024612427,-11.514593124389648,0.10498630255460739,-2.253925323486328,-6.0,75.51167297363281,157.05264282226562,-82.30453491210938,1.0,8.0,0.0,0.0,0.0,0.0,0.0,0.0,0.0,,0.0,-6.0,867.0,867.0,0.0,0.012077105231583118,0.012077105231583118,0.0,1.0724629646574613e-05,1.0724629646574613e-05,0.0,0.0003126319497823715,0.0003126319497823715,0.0,0.0003,0.0003,0.0,-6.0,-6.0,0.0,0.0,0.35875,27.4375,88.65,5630.677,110,Walker2d-v5,8256,Agente_1
559.4647998809814,100,409600,596.0698018406998,1079.4461643990144,35.84760142387074,581.45,867,0.012077105231583118,-6.0,0.99,1.0724629646574613e-05,0.0003126319497823715,0.0003,-81.81001281738281,0.7055574655532837,-10.764264106750488,0.10312171280384064,-2.2718453407287598,-6.0,2.7437381744384766,17.001404762268066,2.3087053250229226,2.3522086099644777,0.8274753527241514,0.8282572263252075,1.0,0.8282572263252075,-81.81001281738281,0.7055574655532837,-10.764264106750488,0.10312171280384064,-2.2718453407287598,-6.0,80.403564453125,154.24473571777344,-86.90767669677734,1.0,8.0,0.0,0.0,0.0,0.0,0.0,0.0,0.0,,0.0,-6.0,867.0,867.0,0.0,0.012077105231583118,0.012077105231583118,0.0,1.0724629646574613e-05,1.0724629646574613e-05,0.0,0.0003126319497823715,0.0003126319497823715,0.0,0.0003,0.0003,0.0,-6.0,-6.0,0.0,0.0,0.28375000000000006,28.075000000000003,82.875,5633.131,111,Walker2d-v5,8256,Agente_1
565.8023467063904,101,413696,590.8414829504923,1079.4461643990144,35.84760142387074,563.55,867,0.012077105231583118,-6.0,0.99,1.0724629646574613e-05,0.0003126319497823715,0.0003,-82.15081024169922,0.7893632650375366,-10.435514450073242,0.10134749859571457,-2.2892000675201416,-6.0,2.796567916870117,23.046813011169434,2.3522086099644777,2.3966445406550414,0.8275714534430086,0.8278597555995804,1.0,0.8278597555995804,-82.15081024169922,0.7893632650375366,-10.435514450073242,0.10134749859571457,-2.2892000675201416,-6.0,80.95018005371094,166.8892059326172,-84.47001647949219,1.0,8.0,0.0,0.0,0.0,0.0,0.0,0.0,0.0,,0.0,-6.0,867.0,867.0,0.0,0.012077105231583118,0.012077105231583118,0.0,1.0724629646574613e-05,1.0724629646574613e-05,0.0,0.0003126319497823715,0.0003126319497823715,0.0,0.0003,0.0003,0.0,-6.0,-6.0,0.0,0.0,0.3277777777777777,31.033333333333335,77.62222222222222,5709.782,112,Walker2d-v5,8256,Agente_1
571.4028427600861,102,417792,586.8365332855201,1079.4461643990144,35.84760142387074,537.16,867,0.012077105231583118,-6.0,0.99,1.0724629646574613e-05,0.0003126319497823715,0.0003,-82.9747314453125,0.8309950828552246,-9.925613403320312,0.09959726780653,-2.3066205978393555,-6.0,3.1892104148864746,27.20424222946167,2.3966445406550414,2.475901128078185,0.8002840921931192,0.7184220084434512,1.0,0.7184220084434512,-82.9747314453125,0.8309950828552246,-9.925613403320312,0.09959726780653,-2.3066205978393555,-6.0,81.88441467285156,188.00831604003906,-77.35548400878906,1.0,8.0,0.0,0.0,0.0,0.0,0.0,0.0,0.0,,0.0,-6.0,867.0,867.0,0.0,0.012077105231583118,0.012077105231583118,0.0,1.0724629646574613e-05,1.0724629646574613e-05,0.0,0.0003126319497823715,0.0003126319497823715,0.0,0.0003,0.0003,0.0,-6.0,-6.0,0.0,0.0,0.3014285714285715,26.057142857142857,84.85714285714286,5689.493,113,Walker2d-v5,8256,Agente_1
577.0646133422852,103,421888,564.9959375006883,1079.4461643990144,35.84760142387074,480.54,867,0.012077105231583118,-6.0,0.99,1.0724629646574613e-05,0.0003126319497823715,0.0003,-87.32420349121094,0.6241790056228638,-10.686590194702148,0.09792911261320114,-2.3235113620758057,-6.0,2.766726493835449,11.835722923278809,2.475901128078185,2.504983664653911,0.8225065492412775,0.8891739203857525,1.0,0.8891739203857525,-87.32420349121094,0.6241790056228638,-10.686590194702148,0.09792911261320114,-2.3235113620758057,-6.0,86.33194732666016,167.45169067382812,-86.65559387207031,1.0,8.0,0.0,0.0,0.0,0.0,0.0,0.0,0.0,,0.0,-6.0,867.0,867.0,0.0,0.012077105231583118,0.012077105231583118,0.0,1.0724629646574613e-05,1.0724629646574613e-05,0.0,0.0003126319497823715,0.0003126319497823715,0.0,0.0003,0.0003,0.0,-6.0,-6.0,0.0,0.0,0.32,27.775,89.1125,5700.137,114,Walker2d-v5,8256,Agente_1
582.839587688446,104,425984,514.184103069861,1079.4461643990144,35.84760142387074,384.74,867,0.012077105231583118,-6.0,0.99,1.0724629646574613e-05,0.0003126319497823715,0.0003,-86.38754272460938,0.647085964679718,-10.253288269042969,0.09630337357521057,-2.340251922607422,-6.0,2.39422607421875,13.043218612670898,2.504983664653911,2.4939079056103948,0.8668799119309581,1.0,1.0,1.0,-86.38754272460938,0.647085964679718,-10.253288269042969,0.09630337357521057,-2.340251922607422,-6.0,85.51945495605469,171.52040100097656,-86.79315948486328,1.0,8.0,0.0,0.0,0.0,0.0,0.0,0.0,0.0,,0.0,-6.0,867.0,867.0,0.0,0.012077105231583118,0.012077105231583118,0.0,1.0724629646574613e-05,1.0724629646574613e-05,0.0,0.0003126319497823715,0.0003126319497823715,0.0,0.0003,0.0003,0.0,-6.0,-6.0,0.0,0.0,0.38375000000000004,28.049999999999997,89.0625,5728.996,115,Walker2d-v5,8256,Agente_1
588.5120596885681,105,430080,477.0048935115134,1031.070795956087,235.08594785784868,322.9,867,0.012077105231583118,-6.0,0.99,1.0724629646574613e-05,0.0003126319497823715,0.0003,-90.70760345458984,0.7948991060256958,-8.880887031555176,0.09471169114112854,-2.3569178581237793,-6.0,2.500640869140625,23.72554302215576,2.4939079056103948,2.4945812019634177,0.8994859041472925,0.9973038807962955,1.0,0.9973038807962955,-90.70760345458984,0.7948991060256958,-8.880887031555176,0.09471169114112854,-2.3569178581237793,-6.0,89.33841705322266,169.7277374267578,-49.32117462158203,1.0,8.0,0.0,0.0,0.0,0.0,0.0,0.0,0.0,,0.0,-6.0,867.0,867.0,0.0,0.012077105231583118,0.012077105231583118,0.0,1.0724629646574613e-05,1.0724629646574613e-05,0.0,0.0003126319497823715,0.0003126319497823715,0.0,0.0003,0.0003,0.0,-6.0,-6.0,0.0,0.0,0.41125,27.9375,88.6,5740.586,116,Walker2d-v5,8256,Agente_1
594.3196358680725,106,434176,427.36828895759646,1031.070795956087,235.08594785784868,262.37,867,0.012077105231583118,-6.0,0.99,1.0724629646574613e-05,0.0003126319497823715,0.0003,-89.31948852539062,0.6805341839790344,-8.401103019714355,0.09316039085388184,-2.3734326362609863,-6.0,2.788362503051758,17.150793075561523,2.4945812019634177,2.523959332072252,0.8968400405288498,0.8889024496735218,1.0,0.8889024496735218,-89.31948852539062,0.6805341839790344,-8.401103019714355,0.09316039085388184,-2.3734326362609863,-6.0,88.16287231445312,178.29110717773438,-77.59542083740234,1.0,8.0,0.0,0.0,0.0,0.0,0.0,0.0,0.0,,0.0,-6.0,867.0,867.0,0.0,0.012077105231583118,0.012077105231583118,0.0,1.0724629646574613e-05,1.0724629646574613e-05,0.0,0.0003126319497823715,0.0003126319497823715,0.0,0.0003,0.0003,0.0,-6.0,-6.0,0.0,0.0,0.3914285714285714,28.114285714285717,88.0142857142857,5763.34,117,Walker2d-v5,8256,Agente_1
600.3775215148926,107,438272,382.78122352284174,1031.070795956087,235.08594785784868,211.96,867,0.012077105231583118,-6.0,0.99,1.0724629646574613e-05,0.0003126319497823715,0.0003,-91.14299011230469,0.7010225057601929,-10.35097885131836,0.09162235260009766,-2.390079975128174,-6.0,2.4767227172851562,19.181384086608887,2.523959332072252,2.5192356705935426,0.9226300303966374,1.0,1.0,1.0,-91.14299011230469,0.7010225057601929,-10.35097885131836,0.09162235260009766,-2.390079975128174,-6.0,90.521484375,174.1716766357422,-100.84073638916016,1.0,8.0,0.0,0.0,0.0,0.0,0.0,0.0,0.0,,0.0,-6.0,867.0,867.0,0.0,0.012077105231583118,0.012077105231583118,0.0,1.0724629646574613e-05,1.0724629646574613e-05,0.0,0.0003126319497823715,0.0003126319497823715,0.0,0.0003,0.0003,0.0,-6.0,-6.0,0.0,0.0,0.35777777777777775,30.91111111111111,82.28888888888888,5814.928,118,Walker2d-v5,8256,Agente_1
606.4239404201508,108,442368,357.1954183529511,1031.070795956087,235.08594785784868,188.09,867,0.012077105231583118,-6.0,0.99,1.0724629646574613e-05,0.0003126319497823715,0.0003,-91.73441314697266,0.7317894697189331,-10.785731315612793,0.0900535136461258,-2.40735125541687,-6.0,2.7470779418945312,17.643977165222168,2.5192356705935426,2.5420198977236415,0.9203545743325277,0.9135282061401984,1.0,0.9135282061401984,-91.73441314697266,0.7317894697189331,-10.785731315612793,0.0900535136461258,-2.40735125541687,-6.0,91.04022979736328,171.85003662109375,-104.53186798095703,1.0,8.0,0.0,0.0,0.0,0.0,0.0,0.0,0.0,,0.0,-6.0,867.0,867.0,0.0,0.012077105231583118,0.012077105231583118,0.0,1.0724629646574613e-05,1.0724629646574613e-05,0.0,0.0003126319497823715,0.0003126319497823715,0.0,0.0003,0.0003,0.0,-6.0,-6.0,0.0,0.0,0.38,29.1375,78.0625,5846.519,119,Walker2d-v5,8256,Agente_1
611.9968724250793,109,446464,355.05644167709784,916.8558678904946,235.08594785784868,186.67,867,0.012077105231583118,-6.0,0.99,1.0724629646574613e-05,0.0003126319497823715,0.0003,-92.45317840576172,0.715247392654419,-9.646306991577148,0.0884258821606636,-2.4255905151367188,-6.0,2.6952552795410156,15.797019004821777,2.5420198977236415,2.557343435905379,0.9256409265408487,0.9414999831658122,1.0,0.9414999831658122,-92.45317840576172,0.715247392654419,-9.646306991577148,0.0884258821606636,-2.4255905151367188,-6.0,91.67617797851562,191.2177276611328,-112.40852355957031,1.0,8.0,0.0,0.0,0.0,0.0,0.0,0.0,0.0,,0.0,-6.0,867.0,867.0,0.0,0.012077105231583118,0.012077105231583118,0.0,1.0724629646574613e-05,1.0724629646574613e-05,0.0,0.0003126319497823715,0.0003126319497823715,0.0,0.0003,0.0003,0.0,-6.0,-6.0,0.0,0.0,0.325,25.55,85.05000000000001,5817.154,120,Walker2d-v5,8256,Agente_1
617.8232226371765,110,450560,375.83632011423566,960.0443975359564,253.91352341722228,213.9,867,0.012077105231583118,-6.0,0.99,1.0724629646574613e-05,0.0003126319497823715,0.0003,-91.0982894897461,0.8345303535461426,-8.976319313049316,0.08686412125825882,-2.4434101581573486,-6.0,2.9149627685546875,16.293700218200684,2.557343435905379,2.59310536917031,0.9116049955770467,0.8694972026856408,1.0,0.8694972026856408,-91.0982894897461,0.8345303535461426,-8.976319313049316,0.08686412125825882,-2.4434101581573486,-6.0,90.39412689208984,167.950439453125,-111.22044372558594,1.0,8.0,0.0,0.0,0.0,0.0,0.0,0.0,0.0,,0.0,-6.0,867.0,867.0,0.0,0.012077105231583118,0.012077105231583118,0.0,1.0724629646574613e-05,1.0724629646574613e-05,0.0,0.0003126319497823715,0.0003126319497823715,0.0,0.0003,0.0003,0.0,-6.0,-6.0,0.0,0.0,0.35375,27.975,88.9,5823.697,121,Walker2d-v5,8256,Agente_1
623.6456007957458,111,454656,384.8631615938035,960.0443975359564,248.61582728214523,223.51,867,0.012077105231583118,-6.0,0.99,1.0724629646574613e-05,0.0003126319497823715,0.0003,-91.70794677734375,0.6387491226196289,-10.1264009475708,0.08530769497156143,-2.4614906311035156,-6.0,2.601755142211914,13.674053192138672,2.59310536917031,2.59397034647447,0.9328712166274489,0.9966698797786556,1.0,0.9966698797786556,-91.70794677734375,0.6387491226196289,-10.1264009475708,0.08530769497156143,-2.4614906311035156,-6.0,91.01564025878906,185.9130096435547,-116.95142364501953,1.0,8.0,0.0,0.0,0.0,0.0,0.0,0.0,0.0,,0.0,-6.0,867.0,867.0,0.0,0.012077105231583118,0.012077105231583118,0.0,1.0724629646574613e-05,1.0724629646574613e-05,0.0,0.0003126319497823715,0.0003126319497823715,0.0,0.0003,0.0003,0.0,-6.0,-6.0,0.0,0.0,0.35750000000000004,27.5,88.66250000000001,5772.031,122,Walker2d-v5,8256,Agente_1
629.2657816410065,112,458752,392.5017723330015,960.0443975359564,248.61582728214523,231.44,867,0.012077105231583118,-6.0,0.99,1.0724629646574613e-05,0.0003126319497823715,0.0003,-95.43319702148438,0.7735572457313538,-9.92527961730957,0.08369439840316772,-2.4805831909179688,-6.0,2.976682662963867,16.123507499694824,2.59397034647447,2.6322415781234096,0.915360566557985,0.8628286163495934,1.0,0.8628286163495934,-95.43319702148438,0.7735572457313538,-9.92527961730957,0.08369439840316772,-2.4805831909179688,-6.0,94.669921875,186.87567138671875,-92.43093872070312,1.0,8.0,0.0,0.0,0.0,0.0,0.0,0.0,0.0,,0.0,-6.0,867.0,867.0,0.0,0.012077105231583118,0.012077105231583118,0.0,1.0724629646574613e-05,1.0724629646574613e-05,0.0,0.0003126319497823715,0.0003126319497823715,0.0,0.0003,0.0003,0.0,-6.0,-6.0,0.0,0.0,0.3442857142857143,25.928571428571423,89.12857142857142,5774.132,123,Walker2d-v5,8256,Agente_1
635.001309633255,113,462848,397.32068735530584,960.0443975359564,246.2495064843483,239.88,867,0.012077105231583118,-6.0,0.99,1.0724629646574613e-05,0.0003126319497823715,0.0003,-101.9111328125,0.5390840172767639,-10.532055854797363,0.08221067488193512,-2.4984700679779053,-6.0,2.48614501953125,10.540199279785156,2.6322415781234096,2.6176319222641933,0.9365204249184887,1.0,1.0,1.0,-101.9111328125,0.5390840172767639,-10.532055854797363,0.08221067488193512,-2.4984700679779053,-6.0,101.3178482055664,188.84266662597656,-41.55296325683594,1.0,8.0,0.0,0.0,0.0,0.0,0.0,0.0,0.0,,0.0,-6.0,867.0,867.0,0.0,0.012077105231583118,0.012077105231583118,0.0,1.0724629646574613e-05,1.0724629646574613e-05,0.0,0.0003126319497823715,0.0003126319497823715,0.0,0.0003,0.0003,0.0,-6.0,-6.0,0.0,0.0,0.345,25.875,89.75,5781.648,124,Walker2d-v5,8256,Agente_1
640.8316793441772,114,466944,390.34504817183347,960.0443975359564,246.2495064843483,229.68,867,0.012077105231583118,-6.0,0.99,1.0724629646574613e-05,0.0003126319497823715,0.0003,-97.69576263427734,0.5973355770111084,-8.39931583404541,0.08091524243354797,-2.514353036880493,-6.0,2.3186683654785156,13.086169719696045,2.6176319222641933,2.5877355665856254,0.9523903186888666,1.0,1.0,1.0,-97.69576263427734,0.5973355770111084,-8.39931583404541,0.08091524243354797,-2.514353036880493,-6.0,96.7751235961914,194.12022399902344,-114.97762298583984,1.0,8.0,0.0,0.0,0.0,0.0,0.0,0.0,0.0,,0.0,-6.0,867.0,867.0,0.0,0.012077105231583118,0.012077105231583118,0.0,1.0724629646574613e-05,1.0724629646574613e-05,0.0,0.0003126319497823715,0.0003126319497823715,0.0,0.0003,0.0003,0.0,-6.0,-6.0,0.0,0.0,0.325,26.137500000000003,90.025,5787.082,125,Walker2d-v5,8256,Agente_1
646.5272312164307,115,471040,373.87960204271326,692.2964718135394,246.2495064843483,210.77,867,0.012077105231583118,-6.0,0.99,1.0724629646574613e-05,0.0003126319497823715,0.0003,-103.47007751464844,0.6644077301025391,-8.145484924316406,0.07970735430717468,-2.529393434524536,-6.0,2.5114212036132812,15.788904190063477,2.5877355665856254,2.580104130288391,0.9642927390166499,1.0,1.0,1.0,-103.47007751464844,0.6644077301025391,-8.145484924316406,0.07970735430717468,-2.529393434524536,-6.0,102.50820922851562,206.44444274902344,-121.93472290039062,1.0,8.0,0.0,0.0,0.0,0.0,0.0,0.0,0.0,,0.0,-6.0,867.0,867.0,0.0,0.012077105231583118,0.012077105231583118,0.0,1.0724629646574613e-05,1.0724629646574613e-05,0.0,0.0003126319497823715,0.0003126319497823715,0.0,0.0003,0.0003,0.0,-6.0,-6.0,0.0,0.0,0.37875,27.4,88.5875,5789.109,126,Walker2d-v5,8256,Agente_1
652.8624370098114,116,475136,357.9910215989722,692.2964718135394,173.14091625117968,200.55,867,0.012077105231583118,-6.0,0.99,1.0724629646574613e-05,0.0003126319497823715,0.0003,-102.87504577636719,0.6545866131782532,-8.267877578735352,0.07852810621261597,-2.5442986488342285,-6.0,2.5181140899658203,13.470949172973633,2.580104130288391,2.573905126256134,0.9732195542624874,1.0,1.0,1.0,-102.87504577636719,0.6545866131782532,-8.267877578735352,0.07852810621261597,-2.5442986488342285,-6.0,101.81156158447266,198.62054443359375,-122.06490325927734,1.0,8.0,0.0,0.0,0.0,0.0,0.0,0.0,0.0,,0.0,-6.0,867.0,867.0,0.0,0.012077105231583118,0.012077105231583118,0.0,1.0724629646574613e-05,1.0724629646574613e-05,0.0,0.0003126319497823715,0.0003126319497823715,0.0,0.0003,0.0003,0.0,-6.0,-6.0,0.0,0.0,0.39375000000000004,28.0875,88.1375,5841.371,127,Walker2d-v5,8256,Agente_1
658.8288757801056,117,479232,348.74894440761864,692.2964718135394,173.14091625117968,191.59,867,0.012077105231583118,-6.0,0.99,1.0724629646574613e-05,0.0003126319497823715,0.0003,-103.20411682128906,0.6999323964118958,-6.054766654968262,0.07736065238714218,-2.559277057647705,-6.0,2.840944290161133,13.857889652252197,2.573905126256134,2.6006090426466337,0.9552776304719621,0.901451859100386,1.0,0.901451859100386,-103.20411682128906,0.6999323964118958,-6.054766654968262,0.07736065238714218,-2.559277057647705,-6.0,102.0704345703125,205.9124755859375,-43.895145416259766,1.0,8.0,0.0,0.0,0.0,0.0,0.0,0.0,0.0,,0.0,-6.0,867.0,867.0,0.0,0.012077105231583118,0.012077105231583118,0.0,1.0724629646574613e-05,1.0724629646574613e-05,0.0,0.0003126319497823715,0.0003126319497823715,0.0,0.0003,0.0003,0.0,-6.0,-6.0,0.0,0.0,0.3925,28.5125,87.9625,5832.584,128,Walker2d-v5,8256,Agente_1
664.8012418746948,118,483328,327.9032546424824,469.47652925999506,173.14091625117968,174.15,867,0.012077105231583118,-6.0,0.99,1.0724629646574613e-05,0.0003126319497823715,0.0003,-107.43305969238281,0.6293359398841858,-6.820867538452148,0.07625863701105118,-2.573624610900879,-6.0,2.753274917602539,14.288412094116211,2.6006090426466337,2.615875630142224,0.9522047119559736,0.942985956408008,1.0,0.942985956408008,-107.43305969238281,0.6293359398841858,-6.820867538452148,0.07625863701105118,-2.573624610900879,-6.0,106.11803436279297,203.08746337890625,-108.46861267089844,1.0,8.0,0.0,0.0,0.0,0.0,0.0,0.0,0.0,,0.0,-6.0,867.0,867.0,0.0,0.012077105231583118,0.012077105231583118,0.0,1.0724629646574613e-05,1.0724629646574613e-05,0.0,0.0003126319497823715,0.0003126319497823715,0.0,0.0003,0.0003,0.0,-6.0,-6.0,0.0,0.0,0.42625,27.75,87.9625,5825.331,129,Walker2d-v5,8256,Agente_1
670.5084903240204,119,487424,316.44525640339214,441.2395556227942,173.14091625117968,164.47,867,0.012077105231583118,-6.0,0.99,1.0724629646574613e-05,0.0003126319497823715,0.0003,-103.80859375,0.7071291208267212,-4.581953048706055,0.0753418430685997,-2.585719585418701,-6.0,2.626760482788086,17.577510833740234,2.615875630142224,2.61696411540681,0.9631154276863044,0.9958475748772968,1.0,0.9958475748772968,-103.80859375,0.7071291208267212,-4.581953048706055,0.0753418430685997,-2.585719585418701,-6.0,102.62103271484375,206.7660369873047,-137.22430419921875,1.0,8.0,0.0,0.0,0.0,0.0,0.0,0.0,0.0,,0.0,-6.0,867.0,867.0,0.0,0.012077105231583118,0.012077105231583118,0.0,1.0724629646574613e-05,1.0724629646574613e-05,0.0,0.0003126319497823715,0.0003126319497823715,0.0,0.0003,0.0003,0.0,-6.0,-6.0,0.0,0.0,0.35250000000000004,27.675,87.9875,5838.833,130,Walker2d-v5,8256,Agente_1
676.20654296875,120,491520,309.8550861188526,441.2395556227942,220.4611625228615,154.52,867,0.012077105231583118,-6.0,0.99,1.0724629646574613e-05,0.0003126319497823715,0.0003,-107.79754638671875,0.7659679651260376,-6.579076290130615,0.0744904950261116,-2.597083806991577,-6.0,2.674043655395508,17.914594650268555,2.61696411540681,2.62267206940568,0.9669427692456105,0.9784247939235284,1.0,0.9784247939235284,-107.79754638671875,0.7659679651260376,-6.579076290130615,0.0744904950261116,-2.597083806991577,-6.0,106.56967163085938,203.32347106933594,-129.75242614746094,1.0,8.0,0.0,0.0,0.0,0.0,0.0,0.0,0.0,,0.0,-6.0,867.0,867.0,0.0,0.012077105231583118,0.012077105231583118,0.0,1.0724629646574613e-05,1.0724629646574613e-05,0.0,0.0003126319497823715,0.0003126319497823715,0.0,0.0003,0.0003,0.0,-6.0,-6.0,0.0,0.0,0.38625,28.237499999999997,88.125,5825.801,131,Walker2d-v5,8256,Agente_1
681.8185677528381,121,495616,297.1745951287169,390.2558870835878,172.84227110722819,144.3,867,0.012077105231583118,-6.0,0.99,1.0724629646574613e-05,0.0003126319497823715,0.0003,-113.18669128417969,0.6682402491569519,-6.056073188781738,0.07356785237789154,-2.6095471382141113,-6.0,2.746248245239258,15.750466346740723,2.62267206940568,2.635029686989038,0.9637006821309206,0.9539744207868512,1.0,0.9539744207868512,-113.18669128417969,0.6682402491569519,-6.056073188781738,0.07356785237789154,-2.6095471382141113,-6.0,112.14613342285156,194.39402770996094,-37.137943267822266,1.0,8.0,0.0,0.0,0.0,0.0,0.0,0.0,0.0,,0.0,-6.0,867.0,867.0,0.0,0.012077105231583118,0.012077105231583118,0.0,1.0724629646574613e-05,1.0724629646574613e-05,0.0,0.0003126319497823715,0.0003126319497823715,0.0,0.0003,0.0003,0.0,-6.0,-6.0,0.0,0.0,0.4033333333333333,27.711111111111112,87.85555555555555,5804.924,132,Walker2d-v5,8256,Agente_1
687.5107638835907,122,499712,290.16835262974166,390.2558870835878,172.84227110722819,136.91,867,0.012077105231583118,-6.0,0.99,1.0724629646574613e-05,0.0003126319497823715,0.0003,-112.08740234375,0.7124768495559692,-6.916507720947266,0.07266002148389816,-2.6219639778137207,-6.0,3.000926971435547,15.065947532653809,2.635029686989038,2.671619415433689,0.9403632223625011,0.8703508430572426,1.0,0.8703508430572426,-112.08740234375,0.7124768495559692,-6.916507720947266,0.07266002148389816,-2.6219639778137207,-6.0,110.36046600341797,203.5850372314453,-131.3611602783203,1.0,8.0,0.0,0.0,0.0,0.0,0.0,0.0,0.0,,0.0,-6.0,867.0,867.0,0.0,0.012077105231583118,0.012077105231583118,0.0,1.0724629646574613e-05,1.0724629646574613e-05,0.0,0.0003126319497823715,0.0003126319497823715,0.0,0.0003,0.0003,0.0,-6.0,-6.0,0.0,0.0,0.29857142857142854,27.657142857142862,85.22857142857143,5811.889,133,Walker2d-v5,8256,Agente_1
694.1721799373627,123,503808,276.76457903019235,351.2238164876924,172.84227110722819,129.35,867,0.012077105231583118,-6.0,0.99,1.0724629646574613e-05,0.0003126319497823715,0.0003,-113.51541137695312,0.6527039408683777,-4.639553546905518,0.07178591191768646,-2.6340670585632324,-6.0,2.809934616088867,15.176309585571289,2.671619415433689,2.685450935499207,0.9426587416443639,0.9495452994899523,1.0,0.9495452994899523,-113.51541137695312,0.6527039408683777,-4.639553546905518,0.07178591191768646,-2.6340670585632324,-6.0,111.93862915039062,199.52249145507812,-60.21411895751953,1.0,8.0,0.0,0.0,0.0,0.0,0.0,0.0,0.0,,0.0,-6.0,867.0,867.0,0.0,0.012077105231583118,0.012077105231583118,0.0,1.0724629646574613e-05,1.0724629646574613e-05,0.0,0.0003126319497823715,0.0003126319497823715,0.0,0.0003,0.0003,0.0,-6.0,-6.0,0.0,0.0,0.33888888888888885,30.833333333333332,76.02222222222223,5904.575,134,Walker2d-v5,8256,Agente_1
699.9229588508606,124,507904,270.8946501208944,345.6161742873796,193.21137599008034,125.31,867,0.012077105231583118,-6.0,0.99,1.0724629646574613e-05,0.0003126319497823715,0.0003,-114.99722290039062,0.7673699855804443,-4.795436859130859,0.07098086178302765,-2.6453449726104736,-6.0,3.2834014892578125,15.162464141845703,2.685450935499207,2.7452459908750675,0.9070901910918678,0.8003845394343796,1.0,0.8003845394343796,-114.99722290039062,0.7673699855804443,-4.795436859130859,0.07098086178302765,-2.6453449726104736,-6.0,113.54656982421875,213.43043518066406,-136.689453125,1.0,8.0,0.0,0.0,0.0,0.0,0.0,0.0,0.0,,0.0,-6.0,867.0,867.0,0.0,0.012077105231583118,0.012077105231583118,0.0,1.0724629646574613e-05,1.0724629646574613e-05,0.0,0.0003126319497823715,0.0003126319497823715,0.0,0.0003,0.0003,0.0,-6.0,-6.0,0.0,0.0,0.37875000000000003,26.0375,84.5625,5896.491,135,Walker2d-v5,8256,Agente_1
705.7497203350067,125,512000,263.0833381413641,342.89705511033867,193.21137599008034,121.15,867,0.012077105231583118,-6.0,0.99,1.0724629646574613e-05,0.0003126319497823715,0.0003,-111.41804504394531,0.7404175996780396,-6.048894882202148,0.07005863636732101,-2.6584227085113525,-6.0,3.0232276916503906,16.710588455200195,2.7452459908750675,2.7730441609525998,0.9062423114805913,0.9036986726467616,1.0,0.9036986726467616,-111.41804504394531,0.7404175996780396,-6.048894882202148,0.07005863636732101,-2.6584227085113525,-6.0,110.26791381835938,202.54754638671875,-150.24285888671875,1.0,8.0,0.0,0.0,0.0,0.0,0.0,0.0,0.0,,0.0,-6.0,867.0,867.0,0.0,0.012077105231583118,0.012077105231583118,0.0,1.0724629646574613e-05,1.0724629646574613e-05,0.0,0.0003126319497823715,0.0003126319497823715,0.0,0.0003,0.0003,0.0,-6.0,-6.0,0.0,0.0,0.34624999999999995,27.9,89.0,5909.805,136,Walker2d-v5,8256,Agente_1
711.6371266841888,126,516096,262.0160534892924,323.7319349407839,199.82097023833148,119.61,867,0.012077105231583118,-6.0,0.99,1.0724629646574613e-05,0.0003126319497823715,0.0003,-114.88215637207031,0.8069102168083191,-6.272975921630859,0.06903714686632156,-2.6731104850769043,-6.0,3.9341392517089844,18.331907272338867,2.7730441609525998,2.889153670028238,0.8441558432422515,0.657896438527232,1.0,0.657896438527232,-114.88215637207031,0.8069102168083191,-6.272975921630859,0.06903714686632156,-2.6731104850769043,-6.0,113.09667205810547,188.5899658203125,-73.83900451660156,1.0,8.0,0.0,0.0,0.0,0.0,0.0,0.0,0.0,,0.0,-6.0,867.0,867.0,0.0,0.012077105231583118,0.012077105231583118,0.0,1.0724629646574613e-05,1.0724629646574613e-05,0.0,0.0003126319497823715,0.0003126319497823715,0.0,0.0003,0.0003,0.0,-6.0,-6.0,0.0,0.0,0.38,28.549999999999997,88.55,5865.257,137,Walker2d-v5,8256,Agente_1
717.5082483291626,127,520192,260.6854434128932,315.4406053153588,201.65290116628148,119.21,867,0.012077105231583118,-6.0,0.99,1.0724629646574613e-05,0.0003126319497823715,0.0003,-115.76447296142578,0.789718508720398,-4.262434005737305,0.0680159479379654,-2.6880130767822266,-6.0,4.081775665283203,16.4103422164917,2.889153670028238,3.008415869553734,0.7985667223179749,0.661799359545145,1.0,0.661799359545145,-115.76447296142578,0.789718508720398,-4.262434005737305,0.0680159479379654,-2.6880130767822266,-6.0,114.63687896728516,200.78125,-144.07432556152344,1.0,8.0,0.0,0.0,0.0,0.0,0.0,0.0,0.0,,0.0,-6.0,867.0,867.0,0.0,0.012077105231583118,0.012077105231583118,0.0,1.0724629646574613e-05,1.0724629646574613e-05,0.0,0.0003126319497823715,0.0003126319497823715,0.0,0.0003,0.0003,0.0,-6.0,-6.0,0.0,0.0,0.36124999999999996,28.262500000000003,88.3375,5855.347,138,Walker2d-v5,8256,Agente_1
723.0571966171265,128,524288,264.566512401976,315.4406053153588,201.65290116628148,120.06,867,0.012077105231583118,-6.0,0.99,1.0724629646574613e-05,0.0003126319497823715,0.0003,-118.45179748535156,0.7919555306434631,-4.451374053955078,0.0671115517616272,-2.701399087905884,-6.0,3.6726016998291016,19.790260314941406,3.008415869553734,3.0748344525812707,0.7993991265645712,0.8018963393043604,1.0,0.8018963393043604,-118.45179748535156,0.7919555306434631,-4.451374053955078,0.0671115517616272,-2.701399087905884,-6.0,116.88592529296875,198.28228759765625,-161.3467559814453,1.0,8.0,0.0,0.0,0.0,0.0,0.0,0.0,0.0,,0.0,-6.0,867.0,867.0,0.0,0.012077105231583118,0.012077105231583118,0.0,1.0724629646574613e-05,1.0724629646574613e-05,0.0,0.0003126319497823715,0.0003126319497823715,0.0,0.0003,0.0003,0.0,-6.0,-6.0,0.0,0.0,0.27,24.400000000000002,89.17142857142856,5813.033,139,Walker2d-v5,8256,Agente_1
728.495578289032,129,528384,267.12285622249857,321.91166076201307,201.65290116628148,120.37,867,0.012077105231583118,-6.0,0.99,1.0724629646574613e-05,0.0003126319497823715,0.0003,-115.6873779296875,0.8584648370742798,-5.513134479522705,0.06612631678581238,-2.716188430786133,-6.0,4.410688400268555,17.199355125427246,3.0748344525812707,3.2084198473499987,0.7614549507529862,0.6476224233182313,1.0,0.6476224233182313,-115.6873779296875,0.8584648370742798,-5.513134479522705,0.06612631678581238,-2.716188430786133,-6.0,115.04655456542969,206.50933837890625,-46.04726028442383,1.0,8.0,0.0,0.0,0.0,0.0,0.0,0.0,0.0,,0.0,-6.0,867.0,867.0,0.0,0.012077105231583118,0.012077105231583118,0.0,1.0724629646574613e-05,1.0724629646574613e-05,0.0,0.0003126319497823715,0.0003126319497823715,0.0,0.0003,0.0003,0.0,-6.0,-6.0,0.0,0.0,0.255,24.1625,90.0125,5786.02,140,Walker2d-v5,8256,Agente_1
734.8108878135681,130,532480,271.39120512801856,348.71472048252906,202.34063996950806,121.27,867,0.012077105231583118,-6.0,0.99,1.0724629646574613e-05,0.0003126319497823715,0.0003,-120.48300170898438,0.7103850245475769,-7.164979457855225,0.06500335782766342,-2.733316421508789,-6.0,3.497875213623047,15.766671180725098,3.2084198473499987,3.2373653839773033,0.7995243384469354,0.9137325015287829,1.0,0.9137325015287829,-120.48300170898438,0.7103850245475769,-7.164979457855225,0.06500335782766342,-2.733316421508789,-6.0,119.6458740234375,198.3282928466797,-83.68431091308594,1.0,8.0,0.0,0.0,0.0,0.0,0.0,0.0,0.0,,0.0,-6.0,867.0,867.0,0.0,0.012077105231583118,0.012077105231583118,0.0,1.0724629646574613e-05,1.0724629646574613e-05,0.0,0.0003126319497823715,0.0003126319497823715,0.0,0.0003,0.0003,0.0,-6.0,-6.0,0.0,0.0,0.19857142857142857,24.585714285714282,91.21428571428571,5847.722,141,Walker2d-v5,8256,Agente_1
740.6480922698975,131,536576,273.0179421389863,348.71472048252906,194.521029607258,122.23,867,0.012077105231583118,-6.0,0.99,1.0724629646574613e-05,0.0003126319497823715,0.0003,-122.9266586303711,0.7545238733291626,-8.094484329223633,0.06379567086696625,-2.7520699501037598,-6.0,3.865915298461914,17.898902893066406,3.2373653839773033,3.3002203754257646,0.8055258648285472,0.8235304439733825,1.0,0.8235304439733825,-122.9266586303711,0.7545238733291626,-8.094484329223633,0.06379567086696625,-2.7520699501037598,-6.0,121.81759643554688,195.42453002929688,-45.470340728759766,1.0,8.0,0.0,0.0,0.0,0.0,0.0,0.0,0.0,,0.0,-6.0,867.0,867.0,0.0,0.012077105231583118,0.012077105231583118,0.0,1.0724629646574613e-05,1.0724629646574613e-05,0.0,0.0003126319497823715,0.0003126319497823715,0.0,0.0003,0.0003,0.0,-6.0,-6.0,0.0,0.0,0.2688888888888889,26.055555555555557,89.8111111111111,5870.144,142,Walker2d-v5,8256,Agente_1
746.2103900909424,132,540672,269.019566135649,348.71472048252906,191.72812527579939,122.81,867,0.012077105231583118,-6.0,0.99,1.0724629646574613e-05,0.0003126319497823715,0.0003,-118.37007141113281,0.7497999668121338,-7.022402763366699,0.06267442554235458,-2.7698018550872803,-6.0,3.8757553100585938,15.006852149963379,3.3002203754257646,3.3577738688890477,0.8141361061137993,0.8399668299695555,1.0,0.8399668299695555,-118.37007141113281,0.7497999668121338,-7.022402763366699,0.06267442554235458,-2.7698018550872803,-6.0,117.17521667480469,195.02845764160156,-156.24595642089844,1.0,8.0,0.0,0.0,0.0,0.0,0.0,0.0,0.0,,0.0,-6.0,867.0,867.0,0.0,0.012077105231583118,0.012077105231583118,0.0,1.0724629646574613e-05,1.0724629646574613e-05,0.0,0.0003126319497823715,0.0003126319497823715,0.0,0.0003,0.0003,0.0,-6.0,-6.0,0.0,0.0,0.4485714285714285,28.057142857142857,88.47142857142856,5857.438,143,Walker2d-v5,8256,Agente_1
752.0991263389587,133,544768,268.9006484980848,333.050509973168,191.72812527579939,125.15,867,0.012077105231583118,-6.0,0.99,1.0724629646574613e-05,0.0003126319497823715,0.0003,-124.68450927734375,0.6930866241455078,-4.715760231018066,0.06169774383306503,-2.785507917404175,-6.0,2.987010955810547,14.102232933044434,3.3577738688890477,3.3206975775811975,0.8606020795853495,1.0,1.0,1.0,-124.68450927734375,0.6930866241455078,-4.715760231018066,0.06169774383306503,-2.785507917404175,-6.0,123.357177734375,204.51431274414062,-153.62835693359375,1.0,8.0,0.0,0.0,0.0,0.0,0.0,0.0,0.0,,0.0,-6.0,867.0,867.0,0.0,0.012077105231583118,0.012077105231583118,0.0,1.0724629646574613e-05,1.0724629646574613e-05,0.0,0.0003126319497823715,0.0003126319497823715,0.0,0.0003,0.0003,0.0,-6.0,-6.0,0.0,0.0,0.385,28.45,88.3875,5779.998,144,Walker2d-v5,8256,Agente_1
757.9121737480164,134,548864,282.10943750248185,443.6995984754413,191.72812527579939,133.92,867,0.012077105231583118,-6.0,0.99,1.0724629646574613e-05,0.0003126319497823715,0.0003,-123.2617416381836,0.9646972417831421,-4.345053195953369,0.060891397297382355,-2.798663377761841,-6.0,3.5644912719726562,18.52361011505127,3.3206975775811975,3.3450769470203436,0.8777550143534583,0.9292138186577846,1.0,0.9292138186577846,-123.2617416381836,0.9646972417831421,-4.345053195953369,0.060891397297382355,-2.798663377761841,-6.0,121.74235534667969,195.15792846679688,-96.61815643310547,1.0,8.0,0.0,0.0,0.0,0.0,0.0,0.0,0.0,,0.0,-6.0,867.0,867.0,0.0,0.012077105231583118,0.012077105231583118,0.0,1.0724629646574613e-05,1.0724629646574613e-05,0.0,0.0003126319497823715,0.0003126319497823715,0.0,0.0003,0.0003,0.0,-6.0,-6.0,0.0,0.0,0.38875000000000004,26.6875,88.4,5786.506,145,Walker2d-v5,8256,Agente_1
763.7282664775848,135,552960,290.3819281462941,443.6995984754413,59.09577901586627,143.45,867,0.012077105231583118,-6.0,0.99,1.0724629646574613e-05,0.0003126319497823715,0.0003,-121.21151733398438,0.9287184476852417,-4.294976234436035,0.06017312407493591,-2.8105294704437256,-6.0,3.498332977294922,15.551324844360352,3.3450769470203436,3.360402550047801,0.8971208318914348,0.9552182845053645,1.0,0.9552182845053645,-121.21151733398438,0.9287184476852417,-4.294976234436035,0.06017312407493591,-2.8105294704437256,-6.0,119.49748229980469,202.85015869140625,-167.22604370117188,1.0,8.0,0.0,0.0,0.0,0.0,0.0,0.0,0.0,,0.0,-6.0,867.0,867.0,0.0,0.012077105231583118,0.012077105231583118,0.0,1.0724629646574613e-05,1.0724629646574613e-05,0.0,0.0003126319497823715,0.0003126319497823715,0.0,0.0003,0.0003,0.0,-6.0,-6.0,0.0,0.0,0.41500000000000004,27.775,88.375,5785.349,146,Walker2d-v5,8256,Agente_1
769.4782447814941,136,557056,320.5511991912844,504.7395257089248,59.09577901586627,168.88,867,0.012077105231583118,-6.0,0.99,1.0724629646574613e-05,0.0003126319497823715,0.0003,-125.64969635009766,0.9523166418075562,-0.2630636990070343,0.05969531461596489,-2.8185017108917236,-6.0,3.47247314453125,17.210861206054688,3.360402550047801,3.371609609496146,0.9146405356013597,0.9671996467311347,1.0,0.9671996467311347,-125.64969635009766,0.9523166418075562,-0.2630636990070343,0.05969531461596489,-2.8185017108917236,-6.0,124.13813781738281,199.56861877441406,-139.9415283203125,1.0,8.0,0.0,0.0,0.0,0.0,0.0,0.0,0.0,,0.0,-6.0,867.0,867.0,0.0,0.012077105231583118,0.012077105231583118,0.0,1.0724629646574613e-05,1.0724629646574613e-05,0.0,0.0003126319497823715,0.0003126319497823715,0.0,0.0003,0.0003,0.0,-6.0,-6.0,0.0,0.0,0.37625,28.3,88.4,5771.907,147,Walker2d-v5,8256,Agente_1
775.7031531333923,137,561152,334.7938355888013,573.5919576339287,45.821932557748056,188.31,867,0.012077105231583118,-6.0,0.99,1.0724629646574613e-05,0.0003126319497823715,0.0003,-122.95938110351562,1.0018839836120605,-1.540238380432129,0.059442248195409775,-2.8227500915527344,-6.0,3.5379257202148438,18.13754653930664,3.371609609496146,3.3882412205680157,0.9239475234003653,0.9518684867973823,1.0,0.9518684867973823,-122.95938110351562,1.0018839836120605,-1.540238380432129,0.059442248195409775,-2.8227500915527344,-6.0,121.69866943359375,196.1881103515625,-98.66783905029297,1.0,8.0,0.0,0.0,0.0,0.0,0.0,0.0,0.0,,0.0,-6.0,867.0,867.0,0.0,0.012077105231583118,0.012077105231583118,0.0,1.0724629646574613e-05,1.0724629646574613e-05,0.0,0.0003126319497823715,0.0003126319497823715,0.0,0.0003,0.0003,0.0,-6.0,-6.0,0.0,0.0,0.39,27.166666666666668,85.94444444444444,5807.314,148,Walker2d-v5,8256,Agente_1
781.6636168956757,138,565248,333.3770716348128,573.5919576339287,0.48010253186477225,205.66,867,0.012077105231583118,-6.0,0.99,1.0724629646574613e-05,0.0003126319497823715,0.0003,-130.5953369140625,0.8188982605934143,-0.29354727268218994,0.05937608331441879,-2.8238637447357178,-6.0,3.03424072265625,14.618922233581543,3.3882412205680157,3.3528411707768395,0.942960642550274,1.0,1.0,1.0,-130.5953369140625,0.8188982605934143,-0.29354727268218994,0.05937608331441879,-2.8238637447357178,-6.0,129.25982666015625,189.0900115966797,-117.19776153564453,1.0,8.0,0.0,0.0,0.0,0.0,0.0,0.0,0.0,,0.0,-6.0,867.0,867.0,0.0,0.012077105231583118,0.012077105231583118,0.0,1.0724629646574613e-05,1.0724629646574613e-05,0.0,0.0003126319497823715,0.0003126319497823715,0.0,0.0003,0.0003,0.0,-6.0,-6.0,0.0,0.0,0.32875,31.862499999999997,76.275,5848.504,149,Walker2d-v5,8256,Agente_1
787.4561834335327,139,569344,315.9701016201081,573.5919576339287,0.48010253186477225,214.19,867,0.012077105231583118,-6.0,0.99,1.0724629646574613e-05,0.0003126319497823715,0.0003,-128.6180419921875,1.0748507976531982,0.4481300413608551,0.059376735240221024,-2.823852777481079,-6.0,3.6023731231689453,18.901074409484863,3.3528411707768395,3.37779436601605,0.9392899807857211,0.9282779954920625,1.0,0.9282779954920625,-128.6180419921875,1.0748507976531982,0.4481300413608551,0.059376735240221024,-2.823852777481079,-6.0,127.2752685546875,199.08775329589844,-119.92796325683594,1.0,8.0,0.0,0.0,0.0,0.0,0.0,0.0,0.0,,0.0,-6.0,867.0,867.0,0.0,0.012077105231583118,0.012077105231583118,0.0,1.0724629646574613e-05,1.0724629646574613e-05,0.0,0.0003126319497823715,0.0003126319497823715,0.0,0.0003,0.0003,0.0,-6.0,-6.0,0.0,0.0,0.38125000000000003,26.137500000000003,83.8375,5883.979,150,Walker2d-v5,8256,Agente_1
793.1665766239166,140,573440,285.7228805783099,573.5919576339287,0.48010253186477225,222.25,867,0.012077105231583118,-6.0,0.99,1.0724629646574613e-05,0.0003126319497823715,0.0003,-124.00035095214844,1.0639870166778564,-1.2549769878387451,0.059243783354759216,-2.826094388961792,-6.0,3.2256832122802734,18.175057888031006,3.37779436601605,3.3625832506424724,0.9544674855892908,1.0,1.0,1.0,-124.00035095214844,1.0639870166778564,-1.2549769878387451,0.059243783354759216,-2.826094388961792,-6.0,122.65470123291016,198.40126037597656,-178.63409423828125,1.0,8.0,0.0,0.0,0.0,0.0,0.0,0.0,0.0,,0.0,-6.0,867.0,867.0,0.0,0.012077105231583118,0.012077105231583118,0.0,1.0724629646574613e-05,1.0724629646574613e-05,0.0,0.0003126319497823715,0.0003126319497823715,0.0,0.0003,0.0003,0.0,-6.0,-6.0,0.0,0.0,0.4014285714285714,27.714285714285715,89.0142857142857,5823.702,151,Walker2d-v5,8256,Agente_1
798.9532973766327,141,577536,277.93001701926994,608.3626445751289,0.48010253186477225,247.5,867,0.012077105231583118,-6.0,0.99,1.0724629646574613e-05,0.0003126319497823715,0.0003,-128.11827087402344,0.9857633709907532,-2.4483084678649902,0.05895964056253433,-2.830902099609375,-6.0,3.7605667114257812,17.21260643005371,3.3625832506424724,3.4023815967208035,0.937945445336871,0.8883793245796112,1.0,0.8883793245796112,-128.11827087402344,0.9857633709907532,-2.4483084678649902,0.05895964056253433,-2.830902099609375,-6.0,126.83126831054688,213.62355041503906,-175.5980682373047,1.0,8.0,0.0,0.0,0.0,0.0,0.0,0.0,0.0,,0.0,-6.0,867.0,867.0,0.0,0.012077105231583118,0.012077105231583118,0.0,1.0724629646574613e-05,1.0724629646574613e-05,0.0,0.0003126319497823715,0.0003126319497823715,0.0,0.0003,0.0003,0.0,-6.0,-6.0,0.0,0.0,0.40125,28.6,88.95,5818.63,152,Walker2d-v5,8256,Agente_1
804.4702966213226,142,581632,263.54629436927667,652.5778139263024,0.48010253186477225,253.1,867,0.012077105231583118,-6.0,0.99,1.0724629646574613e-05,0.0003126319497823715,0.0003,-129.7503662109375,0.972487211227417,-3.76521635055542,0.05841895565390587,-2.8401148319244385,-6.0,3.6501235961914062,15.827383041381836,3.4023815967208035,3.4271557966678636,0.9359024553472483,0.9297734853783802,1.0,0.9297734853783802,-129.7503662109375,0.972487211227417,-3.76521635055542,0.05841895565390587,-2.8401148319244385,-6.0,129.39236450195312,202.47312927246094,-149.34083557128906,1.0,8.0,0.0,0.0,0.0,0.0,0.0,0.0,0.0,,0.0,-6.0,867.0,867.0,0.0,0.012077105231583118,0.012077105231583118,0.0,1.0724629646574613e-05,1.0724629646574613e-05,0.0,0.0003126319497823715,0.0003126319497823715,0.0,0.0003,0.0003,0.0,-6.0,-6.0,0.0,0.0,0.36124999999999996,27.95,88.475,5813.958,153,Walker2d-v5,8256,Agente_1
810.2994527816772,143,585728,237.228461029956,652.5778139263024,0.48010253186477225,256.12,867,0.012077105231583118,-6.0,0.99,1.0724629646574613e-05,0.0003126319497823715,0.0003,-123.36143493652344,1.0843148231506348,-3.9248883724212646,0.057450734078884125,-2.8568274974823,-6.0,4.262948989868164,19.51026678085327,3.4271557966678636,3.510735115987894,0.8978234893372788,0.7835865913073708,1.0,0.7835865913073708,-123.36143493652344,1.0843148231506348,-3.9248883724212646,0.057450734078884125,-2.8568274974823,-6.0,123.17864990234375,204.83201599121094,-173.49349975585938,1.0,8.0,0.0,0.0,0.0,0.0,0.0,0.0,0.0,,0.0,-6.0,867.0,867.0,0.0,0.012077105231583118,0.012077105231583118,0.0,1.0724629646574613e-05,1.0724629646574613e-05,0.0,0.0003126319497823715,0.0003126319497823715,0.0,0.0003,0.0003,0.0,-6.0,-6.0,0.0,0.0,0.37,27.924999999999997,88.32499999999999,5808.033,154,Walker2d-v5,8256,Agente_1
816.5145106315613,144,589824,213.03864616702324,683.5240734931095,21.783275849334252,248.83,867,0.012077105231583118,-6.0,0.99,1.0724629646574613e-05,0.0003126319497823715,0.0003,-130.74923706054688,1.0451276302337646,-3.728208303451538,0.05653907731175423,-2.8728232383728027,-6.0,3.711546540260315,19.277742385864258,3.510735115987894,3.5308162584151357,0.9094690865664297,0.9444058782538821,1.0,0.9444058782538821,-130.74923706054688,1.0451276302337646,-3.728208303451538,0.05653907731175423,-2.8728232383728027,-6.0,130.04537963867188,196.24038696289062,-156.385986328125,1.0,8.0,0.0,0.0,0.0,0.0,0.0,0.0,0.0,,0.0,-6.0,867.0,867.0,0.0,0.012077105231583118,0.012077105231583118,0.0,1.0724629646574613e-05,1.0724629646574613e-05,0.0,0.0003126319497823715,0.0003126319497823715,0.0,0.0003,0.0003,0.0,-6.0,-6.0,0.0,0.0,0.3714285714285714,28.21428571428571,88.35714285714286,5848.251,155,Walker2d-v5,8256,Agente_1
822.095734834671,145,593920,133.93700736739484,683.5240734931095,20.853147325919895,126.84,867,0.012077105231583118,-6.0,0.99,1.0724629646574613e-05,0.0003126319497823715,0.0003,-130.2503662109375,1.0452868938446045,-0.5891698002815247,0.055831026285886765,-2.885425567626953,-6.0,3.3920135498046875,20.00301170349121,3.5308162584151357,3.5169359875540906,0.9321018149248222,1.0,1.0,1.0,-130.2503662109375,1.0452868938446045,-0.5891698002815247,0.055831026285886765,-2.885425567626953,-6.0,130.14151000976562,206.96836853027344,-194.50709533691406,1.0,8.0,0.0,0.0,0.0,0.0,0.0,0.0,0.0,,0.0,-6.0,867.0,867.0,0.0,0.012077105231583118,0.012077105231583118,0.0,1.0724629646574613e-05,1.0724629646574613e-05,0.0,0.0003126319497823715,0.0003126319497823715,0.0,0.0003,0.0003,0.0,-6.0,-6.0,0.0,0.0,0.39375,28.0375,88.3125,5824.757,156,Walker2d-v5,8256,Agente_1
827.9787287712097,146,598016,45.975063118993724,311.8625509562813,1.9424776803561596,40.72727272727273,867,0.012077105231583118,-6.0,0.99,1.0724629646574613e-05,0.0003126319497823715,0.0003,-129.21975708007812,1.0531409978866577,-1.7242588996887207,0.05541079491376877,-2.8929808139801025,-6.0,3.7777810096740723,18.64744472503662,3.5169359875540906,3.543020489766089,0.9312052241145892,0.9285154516838899,1.0,0.9285154516838899,-129.21975708007812,1.0531409978866577,-1.7242588996887207,0.05541079491376877,-2.8929808139801025,-6.0,128.1534423828125,203.14476013183594,-156.32217407226562,1.0,8.0,0.0,0.0,0.0,0.0,0.0,0.0,0.0,,0.0,-6.0,867.0,867.0,0.0,0.012077105231583118,0.012077105231583118,0.0,1.0724629646574613e-05,1.0724629646574613e-05,0.0,0.0003126319497823715,0.0003126319497823715,0.0,0.0003,0.0003,0.0,-6.0,-6.0,0.0,0.0,0.385,28.1,88.2875,5838.021,157,Walker2d-v5,8256,Agente_1
833.7694098949432,147,602112,10.216932861820908,286.1650436210007,0.6645607866332909,16.411522633744855,867,0.012077105231583118,-6.0,0.99,1.0724629646574613e-05,0.0003126319497823715,0.0003,-122.5098876953125,0.9788124561309814,-0.9529138803482056,0.055131521075963974,-2.898033618927002,-6.0,3.6883316040039062,18.34933376312256,3.543020489766089,3.557551601189871,0.9383579995739859,0.9598163259521765,1.0,0.9598163259521765,-122.5098876953125,0.9788124561309814,-0.9529138803482056,0.055131521075963974,-2.898033618927002,-6.0,121.53521728515625,199.27027893066406,-196.4451141357422,1.0,8.0,0.0,0.0,0.0,0.0,0.0,0.0,0.0,,0.0,-6.0,867.0,867.0,0.0,0.012077105231583118,0.012077105231583118,0.0,1.0724629646574613e-05,1.0724629646574613e-05,0.0,0.0003126319497823715,0.0003126319497823715,0.0,0.0003,0.0003,0.0,-6.0,-6.0,0.0,0.0,0.39625,28.4125,88.2125,5794.692,158,Walker2d-v5,8256,Agente_1
839.6253254413605,148,606208,15.74609034569523,389.7633149235356,1.6739300616882087,23.508670520231213,867,0.012077105231583118,-6.0,0.99,1.0724629646574613e-05,0.0003126319497823715,0.0003,-129.679443359375,1.0803821086883545,0.5417691469192505,0.05521506443619728,-2.896519422531128,-6.0,3.5446929931640625,19.148578643798828,3.557551601189871,3.55626574038729,0.9537684996804894,1.0,1.0,1.0,-129.679443359375,1.0803821086883545,0.5417691469192505,0.05521506443619728,-2.896519422531128,-6.0,129.18212890625,204.7411651611328,-171.15301513671875,1.0,8.0,0.0,0.0,0.0,0.0,0.0,0.0,0.0,,0.0,-6.0,867.0,867.0,0.0,0.012077105231583118,0.012077105231583118,0.0,1.0724629646574613e-05,1.0724629646574613e-05,0.0,0.0003126319497823715,0.0003126319497823715,0.0,0.0003,0.0003,0.0,-6.0,-6.0,0.0,0.0,0.33375,27.8875,88.2625,5783.816,159,Walker2d-v5,8256,Agente_1
845.4560737609863,149,610304,27.10337322519331,242.89647990363423,1.8034326579709452,29.49,867,0.012077105231583118,-6.0,0.99,1.0724629646574613e-05,0.0003126319497823715,0.0003,-130.59768676757812,1.2359609603881836,1.6099427938461304,0.05550967901945114,-2.891197919845581,-6.0,3.5637950897216797,19.503716468811035,3.55626574038729,3.557018675320729,0.9647976337359648,0.9978850359023911,1.0,0.9978850359023911,-130.59768676757812,1.2359609603881836,1.6099427938461304,0.05550967901945114,-2.891197919845581,-6.0,129.51490783691406,205.65798950195312,-113.55030059814453,1.0,8.0,0.0,0.0,0.0,0.0,0.0,0.0,0.0,,0.0,-6.0,867.0,867.0,0.0,0.012077105231583118,0.012077105231583118,0.0,1.0724629646574613e-05,1.0724629646574613e-05,0.0,0.0003126319497823715,0.0003126319497823715,0.0,0.0003,0.0003,0.0,-6.0,-6.0,0.0,0.0,0.38625,28.375,88.2875,5787.413,160,Walker2d-v5,8256,Agente_1
851.0454208850861,150,614400,70.1864516412696,346.87551246381065,1.8034326579709452,54.2,867,0.012077105231583118,-6.0,0.99,1.0724629646574613e-05,0.0003126319497823715,0.0003,-133.46609497070312,0.9881302118301392,1.0982179641723633,0.055849265307188034,-2.885098934173584,-6.0,3.702301025390625,17.85752248764038,3.557018675320729,3.5715469103277186,0.9635929798795617,0.9599790183103523,1.0,0.9599790183103523,-133.46609497070312,0.9881302118301392,1.0982179641723633,0.055849265307188034,-2.885098934173584,-6.0,132.5115966796875,203.15013122558594,-108.23452758789062,1.0,8.0,0.0,0.0,0.0,0.0,0.0,0.0,0.0,,0.0,-6.0,867.0,867.0,0.0,0.012077105231583118,0.012077105231583118,0.0,1.0724629646574613e-05,1.0724629646574613e-05,0.0,0.0003126319497823715,0.0003126319497823715,0.0,0.0003,0.0003,0.0,-6.0,-6.0,0.0,0.0,0.38625,28.074999999999996,88.375,5775.186,161,Walker2d-v5,8256,Agente_1
857.3562519550323,151,618496,115.08813840390678,855.574640523889,2.7367751483969105,94.5,867,0.012077105231583118,-6.0,0.99,1.0724629646574613e-05,0.0003126319497823715,0.0003,-136.99505615234375,1.1047828197479248,2.495547294616699,0.05628768354654312,-2.87727952003479,-6.0,3.8950538635253906,17.1767578125,3.5715469103277186,3.603897605647486,0.9510452911054048,0.9134022247829339,1.0,0.9134022247829339,-136.99505615234375,1.1047828197479248,2.495547294616699,0.05628768354654312,-2.87727952003479,-6.0,136.29119873046875,212.43533325195312,-197.28326416015625,1.0,8.0,0.0,0.0,0.0,0.0,0.0,0.0,0.0,,0.0,-6.0,867.0,867.0,0.0,0.012077105231583118,0.012077105231583118,0.0,1.0724629646574613e-05,1.0724629646574613e-05,0.0,0.0003126319497823715,0.0003126319497823715,0.0,0.0003,0.0003,0.0,-6.0,-6.0,0.0,0.0,0.385,27.7875,88.3125,5827.59,162,Walker2d-v5,8256,Agente_1
863.2951233386993,152,622592,179.93471888803342,855.574640523889,24.840783766822852,141.69,867,0.012077105231583118,-6.0,0.99,1.0724629646574613e-05,0.0003126319497823715,0.0003,-129.12420654296875,0.866540789604187,0.8336849212646484,0.05660276487469673,-2.871697425842285,-6.0,2.9895458221435547,15.49055290222168,3.603897605647486,3.542462427297093,0.9632839683290536,1.0,1.0,1.0,-129.12420654296875,0.866540789604187,0.8336849212646484,0.05660276487469673,-2.871697425842285,-6.0,128.3385009765625,209.83169555664062,-201.6446075439453,1.0,8.0,0.0,0.0,0.0,0.0,0.0,0.0,0.0,,0.0,-6.0,867.0,867.0,0.0,0.012077105231583118,0.012077105231583118,0.0,1.0724629646574613e-05,1.0724629646574613e-05,0.0,0.0003126319497823715,0.0003126319497823715,0.0,0.0003,0.0003,0.0,-6.0,-6.0,0.0,0.0,0.37125,28.375,88.15,5869.947,163,Walker2d-v5,8256,Agente_1
869.2477011680603,153,626688,191.8362519213746,855.574640523889,24.840783766822852,150.81,867,0.012077105231583118,-6.0,0.99,1.0724629646574613e-05,0.0003126319497823715,0.0003,-137.23651123046875,0.9572142958641052,0.5833306908607483,0.05667656660079956,-2.870394468307495,-6.0,3.3558902740478516,17.26155948638916,3.542462427297093,3.523805211972169,0.9724629762467902,1.0,1.0,1.0,-137.23651123046875,0.9572142958641052,0.5833306908607483,0.05667656660079956,-2.870394468307495,-6.0,136.59442138671875,209.1294403076172,-85.73260498046875,1.0,8.0,0.0,0.0,0.0,0.0,0.0,0.0,0.0,,0.0,-6.0,867.0,867.0,0.0,0.012077105231583118,0.012077105231583118,0.0,1.0724629646574613e-05,1.0724629646574613e-05,0.0,0.0003126319497823715,0.0003126319497823715,0.0,0.0003,0.0003,0.0,-6.0,-6.0,0.0,0.0,0.3825,27.700000000000003,88.125,5882.521,164,Walker2d-v5,8256,Agente_1
874.8827381134033,154,630784,198.3630750499866,855.574640523889,26.40028900655087,154.0,867,0.012077105231583118,-6.0,0.99,1.0724629646574613e-05,0.0003126319497823715,0.0003,-125.14053344726562,1.1467903852462769,-1.5848602056503296,0.05657294765114784,-2.8722243309020996,-6.0,3.2914772033691406,20.212528228759766,3.523805211972169,3.5005724111118663,0.9793472321850927,1.0,1.0,1.0,-125.14053344726562,1.1467903852462769,-1.5848602056503296,0.05657294765114784,-2.8722243309020996,-6.0,124.28204345703125,203.5581817626953,-227.6014862060547,1.0,8.0,0.0,0.0,0.0,0.0,0.0,0.0,0.0,,0.0,-6.0,867.0,867.0,0.0,0.012077105231583118,0.012077105231583118,0.0,1.0724629646574613e-05,1.0724629646574613e-05,0.0,0.0003126319497823715,0.0003126319497823715,0.0,0.0003,0.0003,0.0,-6.0,-6.0,0.0,0.0,0.35875,27.6,88.15,5824.502,165,Walker2d-v5,8256,Agente_1
880.4987869262695,155,634880,194.0180728479082,855.574640523889,26.40028900655087,146.51,867,0.012077105231583118,-6.0,0.99,1.0724629646574613e-05,0.0003126319497823715,0.0003,-132.39010620117188,0.9005576372146606,-0.3016963005065918,0.05635247007012367,-2.876129150390625,-6.0,3.078084945678711,19.023003578186035,3.5005724111118663,3.458323664568551,0.9845104241388195,1.0,1.0,1.0,-132.39010620117188,0.9005576372146606,-0.3016963005065918,0.05635247007012367,-2.876129150390625,-6.0,131.09756469726562,208.29563903808594,-149.37973022460938,1.0,8.0,0.0,0.0,0.0,0.0,0.0,0.0,0.0,,0.0,-6.0,867.0,867.0,0.0,0.012077105231583118,0.012077105231583118,0.0,1.0724629646574613e-05,1.0724629646574613e-05,0.0,0.0003126319497823715,0.0003126319497823715,0.0,0.0003,0.0003,0.0,-6.0,-6.0,0.0,0.0,0.34142857142857147,28.41428571428571,88.10000000000001,5828.065,166,Walker2d-v5,8256,Agente_1
886.1561417579651,156,638976,197.45890673264728,855.574640523889,27.52738923529,148.5,867,0.012077105231583118,-6.0,0.99,1.0724629646574613e-05,0.0003126319497823715,0.0003,-128.1447296142578,0.8478201627731323,-4.1392621994018555,0.0559140145778656,-2.8839402198791504,-6.0,2.955577850341797,16.83786678314209,3.458323664568551,3.408049083145875,0.9883828181041147,1.0,1.0,1.0,-128.1447296142578,0.8478201627731323,-4.1392621994018555,0.0559140145778656,-2.8839402198791504,-6.0,127.6324462890625,205.15127563476562,-221.8431854248047,1.0,8.0,0.0,0.0,0.0,0.0,0.0,0.0,0.0,,0.0,-6.0,867.0,867.0,0.0,0.012077105231583118,0.012077105231583118,0.0,1.0724629646574613e-05,1.0724629646574613e-05,0.0,0.0003126319497823715,0.0003126319497823715,0.0,0.0003,0.0003,0.0,-6.0,-6.0,0.0,0.0,0.33125,26.6625,88.225,5805.082,167,Walker2d-v5,8256,Agente_1
891.8891189098358,157,643072,204.5042736817071,760.051738045685,27.52738923529,152.31,867,0.012077105231583118,-6.0,0.99,1.0724629646574613e-05,0.0003126319497823715,0.0003,-133.30276489257812,1.2190099954605103,-1.8641000986099243,0.05507094785571098,-2.8991329669952393,-6.0,3.6467247009277344,26.487010955810547,3.408049083145875,3.431916644924061,0.9743778965648869,0.932363131947204,1.0,0.932363131947204,-133.30276489257812,1.2190099954605103,-1.8641000986099243,0.05507094785571098,-2.8991329669952393,-6.0,132.56056213378906,209.24575805664062,-192.2530059814453,1.0,8.0,0.0,0.0,0.0,0.0,0.0,0.0,0.0,,0.0,-6.0,867.0,867.0,0.0,0.012077105231583118,0.012077105231583118,0.0,1.0724629646574613e-05,1.0724629646574613e-05,0.0,0.0003126319497823715,0.0003126319497823715,0.0,0.0003,0.0003,0.0,-6.0,-6.0,0.0,0.0,0.33499999999999996,26.475,89.025,5799.548,168,Walker2d-v5,8256,Agente_1
897.9597373008728,158,647168,205.11196612260557,760.051738045685,25.90941026133327,156.26,867,0.012077105231583118,-6.0,0.99,1.0724629646574613e-05,0.0003126319497823715,0.0003,-133.26315307617188,0.9202135801315308,-0.9701873660087585,0.054245367646217346,-2.9142377376556396,-6.0,3.0084457397460938,20.039650440216064,3.431916644924061,3.3895695544062643,0.9807834224236652,1.0,1.0,1.0,-133.26315307617188,0.9202135801315308,-0.9701873660087585,0.054245367646217346,-2.9142377376556396,-6.0,131.990966796875,214.5938262939453,-228.2964324951172,1.0,8.0,0.0,0.0,0.0,0.0,0.0,0.0,0.0,,0.0,-6.0,867.0,867.0,0.0,0.012077105231583118,0.012077105231583118,0.0,1.0724629646574613e-05,1.0724629646574613e-05,0.0,0.0003126319497823715,0.0003126319497823715,0.0,0.0003,0.0003,0.0,-6.0,-6.0,0.0,0.0,0.28625,22.862499999999997,90.10000000000001,5821.408,169,Walker2d-v5,8256,Agente_1
903.4413733482361,159,651264,227.13366733137235,921.6957689730544,-72.85193921052503,191.74,867,0.012077105231583118,-6.0,0.99,1.0724629646574613e-05,0.0003126319497823715,0.0003,-130.1320037841797,1.0719953775405884,-0.6556991934776306,0.053802091628313065,-2.92244291305542,-6.0,3.3805885314941406,19.96069622039795,3.3895695544062643,3.388671452115052,0.985587566817749,1.0,1.0,1.0,-130.1320037841797,1.0719953775405884,-0.6556991934776306,0.053802091628313065,-2.92244291305542,-6.0,128.4291229248047,206.77935791015625,-261.59320068359375,1.0,8.0,0.0,0.0,0.0,0.0,0.0,0.0,0.0,,0.0,-6.0,867.0,867.0,0.0,0.012077105231583118,0.012077105231583118,0.0,1.0724629646574613e-05,1.0724629646574613e-05,0.0,0.0003126319497823715,0.0003126319497823715,0.0,0.0003,0.0003,0.0,-6.0,-6.0,0.0,0.0,0.25375,23.5,90.1375,5786.744,170,Walker2d-v5,8256,Agente_1
909.0200500488281,160,655360,293.4828660536278,966.7473889422993,-99.94905256430158,304.31,867,0.012077105231583118,-6.0,0.99,1.0724629646574613e-05,0.0003126319497823715,0.0003,-133.1800537109375,0.9488281011581421,0.8336607217788696,0.05397793650627136,-2.919179916381836,-6.0,3.5458831787109375,19.20941162109375,3.388671452115052,3.4043926247746406,0.9778572750563455,0.9546663997721351,1.0,0.9546663997721351,-133.1800537109375,0.9488281011581421,0.8336607217788696,0.05397793650627136,-2.919179916381836,-6.0,131.1508331298828,218.49644470214844,-255.64158630371094,1.0,8.0,0.0,0.0,0.0,0.0,0.0,0.0,0.0,,0.0,-6.0,867.0,867.0,0.0,0.012077105231583118,0.012077105231583118,0.0,1.0724629646574613e-05,1.0724629646574613e-05,0.0,0.0003126319497823715,0.0003126319497823715,0.0,0.0003,0.0003,0.0,-6.0,-6.0,0.0,0.0,0.3028571428571429,25.74285714285714,90.01428571428572,5785.592,171,Walker2d-v5,8256,Agente_1
914.9814987182617,161,659456,252.56221731462435,966.7473889422993,-126.94223282880938,320.51,867,0.012077105231583118,-6.0,0.99,1.0724629646574613e-05,0.0003126319497823715,0.0003,-131.37734985351562,1.2525845766067505,7.086370468139648,0.05549927428364754,-2.891385316848755,-6.0,3.904325485229492,26.5305233001709,3.4043926247746406,3.4543859108201254,0.9492489665947218,0.8634240412098508,1.0,0.8634240412098508,-131.37734985351562,1.2525845766067505,7.086370468139648,0.05549927428364754,-2.891385316848755,-6.0,128.93577575683594,225.62399291992188,-245.00303649902344,1.0,8.0,0.0,0.0,0.0,0.0,0.0,0.0,0.0,,0.0,-6.0,867.0,867.0,0.0,0.012077105231583118,0.012077105231583118,0.0,1.0724629646574613e-05,1.0724629646574613e-05,0.0,0.0003126319497823715,0.0003126319497823715,0.0,0.0003,0.0003,0.0,-6.0,-6.0,0.0,0.0,0.33499999999999996,26.45,89.0875,5750.696,172,Walker2d-v5,8256,Agente_1
920.7726740837097,162,663552,151.77942756088024,966.7473889422993,-141.28269509645278,292.37,867,0.012077105231583118,-6.0,0.99,1.0724629646574613e-05,0.0003126319497823715,0.0003,-131.9332275390625,1.2590105533599854,7.069512844085693,0.058126822113990784,-2.845128059387207,-6.0,3.607452392578125,20.19107151031494,3.4543859108201254,3.4696925589959253,0.9511008796776717,0.9566566189265215,1.0,0.9566566189265215,-131.9332275390625,1.2590105533599854,7.069512844085693,0.058126822113990784,-2.845128059387207,-6.0,129.93165588378906,209.46197509765625,-117.84639739990234,1.0,8.0,0.0,0.0,0.0,0.0,0.0,0.0,0.0,,0.0,-6.0,867.0,867.0,0.0,0.012077105231583118,0.012077105231583118,0.0,1.0724629646574613e-05,1.0724629646574613e-05,0.0,0.0003126319497823715,0.0003126319497823715,0.0,0.0003,0.0003,0.0,-6.0,-6.0,0.0,0.0,0.3675,28.4,88.025,5735.839,173,Walker2d-v5,8256,Agente_1
926.7263555526733,163,667648,-45.51388001280773,40.81690075814658,-141.28269509645278,116.18,867,0.012077105231583118,-6.0,0.99,1.0724629646574613e-05,0.0003126319497823715,0.0003,-139.89505004882812,1.2125506401062012,9.474813461303711,0.06098787114024162,-2.7970802783966064,-6.0,3.966991424560547,21.075212001800537,3.4696925589959253,3.5194224455523875,0.9299434420038369,0.8664711289823327,1.0,0.8664711289823327,-139.89505004882812,1.2125506401062012,9.474813461303711,0.06098787114024162,-2.7970802783966064,-6.0,137.1265869140625,239.80523681640625,-266.9967956542969,1.0,8.0,0.0,0.0,0.0,0.0,0.0,0.0,0.0,,0.0,-6.0,867.0,867.0,0.0,0.012077105231583118,0.012077105231583118,0.0,1.0724629646574613e-05,1.0724629646574613e-05,0.0,0.0003126319497823715,0.0003126319497823715,0.0,0.0003,0.0003,0.0,-6.0,-6.0,0.0,0.0,0.395,27.9875,87.92500000000001,5735.767,174,Walker2d-v5,8256,Agente_1
932.2248256206512,164,671744,-25.67927062508881,-0.0686182811183762,-79.9886367364564,79.55,867,0.012077105231583118,-6.0,0.99,1.0724629646574613e-05,0.0003126319497823715,0.0003,-135.55987548828125,1.1499416828155518,6.900382041931152,0.06376379728317261,-2.7525696754455566,-6.0,3.6500587463378906,18.4835844039917,3.5194224455523875,3.532486075630938,0.9383480264856439,0.9635617799310643,1.0,0.9635617799310643,-135.55987548828125,1.1499416828155518,6.900382041931152,0.06376379728317261,-2.7525696754455566,-6.0,133.57818603515625,223.77362060546875,-275.2756652832031,1.0,8.0,0.0,0.0,0.0,0.0,0.0,0.0,0.0,,0.0,-6.0,867.0,867.0,0.0,0.012077105231583118,0.012077105231583118,0.0,1.0724629646574613e-05,1.0724629646574613e-05,0.0,0.0003126319497823715,0.0003126319497823715,0.0,0.0003,0.0003,0.0,-6.0,-6.0,0.0,0.0,0.4525,27.3125,87.8625,5721.934,175,Walker2d-v5,8256,Agente_1
938.6656861305237,165,675840,-18.78904250403839,-0.0686182811183762,-72.31234300201024,66.25,867,0.012077105231583118,-6.0,0.99,1.0724629646574613e-05,0.0003126319497823715,0.0003,-131.93572998046875,1.349863052368164,5.776195049285889,0.06596120446920395,-2.718688488006592,-6.0,4.098247528076172,30.864754676818848,3.532486075630938,3.5890622208754612,0.9167629762783854,0.8520078256566102,1.0,0.8520078256566102,-131.93572998046875,1.349863052368164,5.776195049285889,0.06596120446920395,-2.718688488006592,-6.0,130.50570678710938,219.79571533203125,-277.9350891113281,1.0,8.0,0.0,0.0,0.0,0.0,0.0,0.0,0.0,,0.0,-6.0,867.0,867.0,0.0,0.012077105231583118,0.012077105231583118,0.0,1.0724629646574613e-05,1.0724629646574613e-05,0.0,0.0003126319497823715,0.0003126319497823715,0.0,0.0003,0.0003,0.0,-6.0,-6.0,0.0,0.0,0.38,29.4125,81.2,5804.058,176,Walker2d-v5,8256,Agente_1
944.528971195221,166,679936,-19.585571536126842,-2.3163896399011144,-90.9282862142507,71.84,867,0.012077105231583118,-6.0,0.99,1.0724629646574613e-05,0.0003126319497823715,0.0003,-129.16848754882812,1.3993415832519531,1.8401823043823242,0.067412830889225,-2.6969199180603027,-6.0,3.59970760345459,37.17837715148926,3.5890622208754612,3.590126759133374,0.936831815904496,0.9970383347828281,1.0,0.9970383347828281,-129.16848754882812,1.3993415832519531,1.8401823043823242,0.067412830889225,-2.6969199180603027,-6.0,128.44224548339844,228.82606506347656,-298.8118896484375,1.0,8.0,0.0,0.0,0.0,0.0,0.0,0.0,0.0,,0.0,-6.0,867.0,867.0,0.0,0.012077105231583118,0.012077105231583118,0.0,1.0724629646574613e-05,1.0724629646574613e-05,0.0,0.0003126319497823715,0.0003126319497823715,0.0,0.0003,0.0003,0.0,-6.0,-6.0,0.0,0.0,0.25555555555555554,28.688888888888886,77.1222222222222,5824.778,177,Walker2d-v5,8256,Agente_1
950.2540571689606,167,684032,-28.740120981080167,-3.590164448558309,-141.35491880388906,85.05,867,0.012077105231583118,-6.0,0.99,1.0724629646574613e-05,0.0003126319497823715,0.0003,-136.69607543945312,1.005277395248413,-0.07438686490058899,0.06830542534589767,-2.6837661266326904,-6.0,3.7989139556884766,23.233116149902344,3.590126759133374,3.6110054787888846,0.9384995641474017,0.9435028088761188,1.0,0.9435028088761188,-136.69607543945312,1.005277395248413,-0.07438686490058899,0.06830542534589767,-2.6837661266326904,-6.0,135.76382446289062,236.7015380859375,-219.16940307617188,1.0,8.0,0.0,0.0,0.0,0.0,0.0,0.0,0.0,,0.0,-6.0,867.0,867.0,0.0,0.012077105231583118,0.012077105231583118,0.0,1.0724629646574613e-05,1.0724629646574613e-05,0.0,0.0003126319497823715,0.0003126319497823715,0.0,0.0003,0.0003,0.0,-6.0,-6.0,0.0,0.0,0.31714285714285717,26.285714285714285,84.05714285714285,5824.084,178,Walker2d-v5,8256,Agente_1
956.1580488681793,168,688128,-33.184499665454624,-2.226388526263225,-141.35491880388906,94.42,867,0.012077105231583118,-6.0,0.99,1.0724629646574613e-05,0.0003126319497823715,0.0003,-132.98233032226562,1.3732025623321533,2.955205202102661,0.06891427934169769,-2.674891948699951,-6.0,4.504802703857422,32.425933837890625,3.6110054787888846,3.700385201295738,0.8990582631715205,0.7807343602438773,1.0,0.7807343602438773,-132.98233032226562,1.3732025623321533,2.955205202102661,0.06891427934169769,-2.674891948699951,-6.0,131.7773895263672,227.22769165039062,-277.1517333984375,1.0,8.0,0.0,0.0,0.0,0.0,0.0,0.0,0.0,,0.0,-6.0,867.0,867.0,0.0,0.012077105231583118,0.012077105231583118,0.0,1.0724629646574613e-05,1.0724629646574613e-05,0.0,0.0003126319497823715,0.0003126319497823715,0.0,0.0003,0.0003,0.0,-6.0,-6.0,0.0,0.0,0.41888888888888887,27.877777777777776,88.33333333333333,5807.359,179,Walker2d-v5,8256,Agente_1
961.8739309310913,169,692224,-42.43415110003432,64.45398227369236,-223.19744838404355,115.62,867,0.012077105231583118,-6.0,0.99,1.0724629646574613e-05,0.0003126319497823715,0.0003,-130.2581787109375,1.4122891426086426,2.0948643684387207,0.06927944719791412,-2.669606924057007,-6.0,3.96527099609375,59.1147575378418,3.700385201295738,3.726873780775539,0.9070233795809308,0.9309187288091615,1.0,0.9309187288091615,-130.2581787109375,1.4122891426086426,2.0948643684387207,0.06927944719791412,-2.669606924057007,-6.0,128.71359252929688,241.3026885986328,-256.4266357421875,1.0,8.0,0.0,0.0,0.0,0.0,0.0,0.0,0.0,,0.0,-6.0,867.0,867.0,0.0,0.012077105231583118,0.012077105231583118,0.0,1.0724629646574613e-05,1.0724629646574613e-05,0.0,0.0003126319497823715,0.0003126319497823715,0.0,0.0003,0.0003,0.0,-6.0,-6.0,0.0,0.0,0.3925,27.175,88.2125,5830.613,180,Walker2d-v5,8256,Agente_1
889.5230510234833,157,643072,-10.931114805045,24.4783499581548,-23.15648962638826,12.018575851393189,1018,0.011793117970228195,-6.0,0.99,0.0002307714894413948,0.00022788782371208072,0.0003,-28.188282012939453,1.8011964559555054,-222.07740783691406,0.06670429557561874,-2.7074859142303467,-6.0,7.421081781387329,34.123764991760254,2.7141738009008436,3.184864598949492,0.7477660859562222,0.17654217385810597,1.0,0.17654217385810597,-28.188282012939453,1.8011964559555054,-222.07740783691406,0.06670429557561874,-2.7074859142303467,-6.0,11.348247528076172,64.0902099609375,-129.0634307861328,1.0,46.0,0.0,0.0,0.0,0.0,0.0,0.0,0.0,,0.0,-6.0,1018.0,1018.0,0.0,0.011793117970228195,0.011793117970228195,0.0,0.0002307714894413948,0.0002307714894413948,0.0,0.00022788782371208072,0.00022788782371208072,0.0,0.0003,0.0003,0.0,-6.0,-6.0,0.0,0.0,0.3272222222222222,25.54444444444444,85.14999999999999,5791.814,181,Walker2d-v5,8256,Agente_1
894.9715523719788,158,647168,-15.635740005769666,-11.258786363072605,-21.018719269495016,13.135483870967741,1018,0.011793117970228195,-6.0,0.99,0.0002307714894413948,0.00022788782371208072,0.0003,-29.892086029052734,0.6467629075050354,-248.8912353515625,0.06030583009123802,-2.808326482772827,-6.0,2.9122352600097656,10.014994621276855,3.184864598949492,3.157601665055519,0.8108245644671667,1.0,1.0,1.0,-29.892086029052734,0.6467629075050354,-248.8912353515625,0.06030583009123802,-2.808326482772827,-6.0,22.16806411743164,55.698543548583984,-95.42256927490234,1.0,46.0,0.0,0.0,0.0,0.0,0.0,0.0,0.0,,0.0,-6.0,1018.0,1018.0,0.0,0.011793117970228195,0.011793117970228195,0.0,0.0002307714894413948,0.0002307714894413948,0.0,0.00022788782371208072,0.00022788782371208072,0.0,0.0003,0.0003,0.0,-6.0,-6.0,0.0,0.0,0.31625000000000003,28.050000000000004,88.8375,5614.341,182,Walker2d-v5,8256,Agente_1
900.4021592140198,159,651264,-3.9648875586770074,32.21252044093711,-13.637418586996757,28.64,1018,0.011793117970228195,-6.0,0.99,0.0002307714894413948,0.00022788782371208072,0.0003,-30.66464614868164,0.393238365650177,-259.28485107421875,0.056329477578401566,-2.876537322998047,-6.0,1.7959425449371338,6.87949812412262,3.157601665055519,3.0214357530436806,0.858118423350375,1.0,1.0,1.0,-30.66464614868164,0.393238365650177,-259.28485107421875,0.056329477578401566,-2.876537322998047,-6.0,25.689725875854492,67.15735626220703,-66.61425018310547,1.0,46.0,0.0,0.0,0.0,0.0,0.0,0.0,0.0,,0.0,-6.0,1018.0,1018.0,0.0,0.011793117970228195,0.011793117970228195,0.0,0.0002307714894413948,0.0002307714894413948,0.0,0.00022788782371208072,0.00022788782371208072,0.0,0.0003,0.0003,0.0,-6.0,-6.0,0.0,0.0,0.3457142857142857,25.957142857142863,89.17142857142856,5549.17,183,Walker2d-v5,8256,Agente_1
905.646243095398,160,655360,10.426657689877143,238.3527815688058,-13.637418586996757,51.24,1018,0.011793117970228195,-6.0,0.99,0.0002307714894413948,0.00022788782371208072,0.0003,-35.185569763183594,0.3692084550857544,-262.88836669921875,0.05331801995635033,-2.931480884552002,-6.0,1.7207601070404053,6.092180490493774,3.0214357530436806,2.891368188443353,0.8935888175127813,1.0,1.0,1.0,-35.185569763183594,0.3692084550857544,-262.88836669921875,0.05331801995635033,-2.931480884552002,-6.0,30.8421630859375,73.14382934570312,-66.52949523925781,1.0,46.0,0.0,0.0,0.0,0.0,0.0,0.0,0.0,,0.0,-6.0,1018.0,1018.0,0.0,0.011793117970228195,0.011793117970228195,0.0,0.0002307714894413948,0.0002307714894413948,0.0,0.00022788782371208072,0.00022788782371208072,0.0,0.0003,0.0003,0.0,-6.0,-6.0,0.0,0.0,0.35857142857142854,26.428571428571427,89.65714285714286,5469.289,184,Walker2d-v5,8256,Agente_1
911.1988780498505,161,659456,51.60488558100487,238.3527815688058,-36.7888481971614,89.97,1018,0.011793117970228195,-6.0,0.99,0.0002307714894413948,0.00022788782371208072,0.0003,-37.972835540771484,0.41219979524612427,-263.4332275390625,0.050858668982982635,-2.9787046909332275,-6.0,1.6680278778076172,8.410422086715698,2.891368188443353,2.7690341573797794,0.920191613134586,1.0,1.0,1.0,-37.972835540771484,0.41219979524612427,-263.4332275390625,0.050858668982982635,-2.9787046909332275,-6.0,34.09813690185547,79.63438415527344,-61.65389633178711,1.0,46.0,0.0,0.0,0.0,0.0,0.0,0.0,0.0,,0.0,-6.0,1018.0,1018.0,0.0,0.011793117970228195,0.011793117970228195,0.0,0.0002307714894413948,0.0002307714894413948,0.0,0.00022788782371208072,0.00022788782371208072,0.0,0.0003,0.0003,0.0,-6.0,-6.0,0.0,0.0,0.365,26.1125,90.35000000000001,5483.612,185,Walker2d-v5,8256,Agente_1
916.8265628814697,162,663552,84.91252376701233,242.74171596023783,-36.7888481971614,103.75,1018,0.011793117970228195,-6.0,0.99,0.0002307714894413948,0.00022788782371208072,0.0003,-41.18467330932617,0.38473406434059143,-262.4295654296875,0.048754215240478516,-3.020963668823242,-6.0,1.8375015258789062,6.067286491394043,2.7690341573797794,2.6758808942296923,0.9401437098509395,1.0,1.0,1.0,-41.18467330932617,0.38473406434059143,-262.4295654296875,0.048754215240478516,-3.020963668823242,-6.0,37.029075622558594,75.92285919189453,-77.40007019042969,1.0,46.0,0.0,0.0,0.0,0.0,0.0,0.0,0.0,,0.0,-6.0,1018.0,1018.0,0.0,0.011793117970228195,0.011793117970228195,0.0,0.0002307714894413948,0.0002307714894413948,0.0,0.00022788782371208072,0.00022788782371208072,0.0,0.0003,0.0003,0.0,-6.0,-6.0,0.0,0.0,0.36249999999999993,25.6875,89.9375,5505.968,186,Walker2d-v5,8256,Agente_1
922.3749027252197,163,667648,90.15053490036645,242.74171596023783,-36.76408380591336,97.41,1018,0.011793117970228195,-6.0,0.99,0.0002307714894413948,0.00022788782371208072,0.0003,-46.89927673339844,0.39369261264801025,-265.07989501953125,0.046899233013391495,-3.059753894805908,-6.0,1.6879491806030273,6.544809818267822,2.6758808942296923,2.577087722867026,0.9551077823882046,1.0,1.0,1.0,-46.89927673339844,0.39369261264801025,-265.07989501953125,0.046899233013391495,-3.059753894805908,-6.0,43.245506286621094,88.8827133178711,-34.183509826660156,1.0,46.0,0.0,0.0,0.0,0.0,0.0,0.0,0.0,,0.0,-6.0,1018.0,1018.0,0.0,0.011793117970228195,0.011793117970228195,0.0,0.0002307714894413948,0.0002307714894413948,0.0,0.00022788782371208072,0.00022788782371208072,0.0,0.0003,0.0003,0.0,-6.0,-6.0,0.0,0.0,0.41142857142857137,27.142857142857142,88.1857142857143,5510.225,187,Walker2d-v5,8256,Agente_1
927.9029719829559,164,671744,87.99410381865995,284.282636183682,-25.80523864740793,103.76,1018,0.011793117970228195,-6.0,0.99,0.0002307714894413948,0.00022788782371208072,0.0003,-47.063777923583984,0.40042710304260254,-266.1439208984375,0.045224692672491074,-3.096112012863159,-6.0,1.6516189575195312,6.7897162437438965,2.577087722867026,2.4845408463322762,0.9663308367911534,1.0,1.0,1.0,-47.063777923583984,0.40042710304260254,-266.1439208984375,0.045224692672491074,-3.096112012863159,-6.0,43.749874114990234,91.53541564941406,-54.78937530517578,1.0,46.0,0.0,0.0,0.0,0.0,0.0,0.0,0.0,,0.0,-6.0,1018.0,1018.0,0.0,0.011793117970228195,0.011793117970228195,0.0,0.0002307714894413948,0.0002307714894413948,0.0,0.00022788782371208072,0.00022788782371208072,0.0,0.0003,0.0003,0.0,-6.0,-6.0,0.0,0.0,0.42125,28.675,88.35,5510.813,188,Walker2d-v5,8256,Agente_1
933.2593338489532,165,675840,56.44298470737613,334.34004665207283,-33.033293040858545,109.07,1018,0.011793117970228195,-6.0,0.99,0.0002307714894413948,0.00022788782371208072,0.0003,-50.67708206176758,0.4773755669593811,-270.3443603515625,0.0436851792037487,-3.130746364593506,-6.0,1.6775083541870117,7.936939716339111,2.4845408463322762,2.4038375971177497,0.974748127593365,1.0,1.0,1.0,-50.67708206176758,0.4773755669593811,-270.3443603515625,0.0436851792037487,-3.130746364593506,-6.0,47.56725311279297,92.24980163574219,-70.55174255371094,1.0,46.0,0.0,0.0,0.0,0.0,0.0,0.0,0.0,,0.0,-6.0,1018.0,1018.0,0.0,0.011793117970228195,0.011793117970228195,0.0,0.0002307714894413948,0.0002307714894413948,0.0,0.00022788782371208072,0.00022788782371208072,0.0,0.0003,0.0003,0.0,-6.0,-6.0,0.0,0.0,0.38571428571428573,28.5,88.24285714285715,5492.46,189,Walker2d-v5,8256,Agente_1
938.7616624832153,166,679936,-3.440668388317997,334.34004665207283,-53.24219944538476,106.92,1018,0.011793117970228195,-6.0,0.99,0.0002307714894413948,0.00022788782371208072,0.0003,-53.99073028564453,0.4650740921497345,-270.6669921875,0.042256154119968414,-3.1640052795410156,-6.0,1.764439582824707,6.488499641418457,2.4038375971177497,2.3398977956884455,0.9810610956950238,1.0,1.0,1.0,-53.99073028564453,0.4650740921497345,-270.6669921875,0.042256154119968414,-3.1640052795410156,-6.0,51.005523681640625,98.48684692382812,-65.46418762207031,1.0,46.0,0.0,0.0,0.0,0.0,0.0,0.0,0.0,,0.0,-6.0,1018.0,1018.0,0.0,0.011793117970228195,0.011793117970228195,0.0,0.0002307714894413948,0.0002307714894413948,0.0,0.00022788782371208072,0.00022788782371208072,0.0,0.0003,0.0003,0.0,-6.0,-6.0,0.0,0.0,0.36124999999999996,28.5375,88.325,5492.217,190,Walker2d-v5,8256,Agente_1
944.4359831809998,167,684032,-28.057829261311216,338.59019518827915,-60.21594045457312,104.42,1018,0.011793117970228195,-6.0,0.99,0.0002307714894413948,0.00022788782371208072,0.0003,-53.253562927246094,0.46369045972824097,-275.88262939453125,0.04092160612344742,-3.1960971355438232,-6.0,1.5734577178955078,9.103964805603027,2.3398977956884455,2.263253787909152,0.9857958217712678,1.0,1.0,1.0,-53.253562927246094,0.46369045972824097,-275.88262939453125,0.04092160612344742,-3.1960971355438232,-6.0,49.90000534057617,89.7544174194336,-63.893577575683594,1.0,46.0,0.0,0.0,0.0,0.0,0.0,0.0,0.0,,0.0,-6.0,1018.0,1018.0,0.0,0.011793117970228195,0.011793117970228195,0.0,0.0002307714894413948,0.0002307714894413948,0.0,0.00022788782371208072,0.00022788782371208072,0.0,0.0003,0.0003,0.0,-6.0,-6.0,0.0,0.0,0.3671428571428571,28.9,88.15714285714286,5479.373,191,Walker2d-v5,8256,Agente_1
950.0027570724487,168,688128,-39.76334763310363,338.59019518827915,-60.21594045457312,103.79,1018,0.011793117970228195,-6.0,0.99,0.0002307714894413948,0.00022788782371208072,0.0003,-55.674339294433594,0.5134725570678711,-277.899658203125,0.03966711834073067,-3.2272326946258545,-6.0,1.5348310470581055,13.005443334579468,2.263253787909152,2.1904115138240474,0.9893468663284508,1.0,1.0,1.0,-55.674339294433594,0.5134725570678711,-277.899658203125,0.03966711834073067,-3.2272326946258545,-6.0,52.91027069091797,99.23368835449219,-59.41019058227539,1.0,46.0,0.0,0.0,0.0,0.0,0.0,0.0,0.0,,0.0,-6.0,1018.0,1018.0,0.0,0.011793117970228195,0.011793117970228195,0.0,0.0002307714894413948,0.0002307714894413948,0.0,0.00022788782371208072,0.00022788782371208072,0.0,0.0003,0.0003,0.0,-6.0,-6.0,0.0,0.0,0.42250000000000004,27.9,88.05,5490.807,192,Walker2d-v5,8256,Agente_1
966.271856546402,170,696320,-8.32862459596972,15.529046522729413,-14.46490573062464,7.863095238095238,1168,0.005442637950181961,-6.0,0.99,0.00024019740521907806,0.000550110125914216,0.0003,-29.040189743041992,1.2437686920166016,-451.8086242675781,0.07388550043106079,-2.605238676071167,-6.0,5.20825719833374,24.507429122924805,2.836736731168541,3.0738887778850605,0.8345207649301867,0.4334395187076784,1.0,0.4334395187076784,-29.040189743041992,1.2437686920166016,-451.8086242675781,0.07388550043106079,-2.605238676071167,-6.0,10.596109390258789,48.48524475097656,-89.14891052246094,1.0,50.0,0.0,0.0,0.0,0.0,0.0,0.0,0.0,,0.0,-6.0,1168.0,1168.0,0.0,0.005442637950181961,0.005442637950181961,0.0,0.00024019740521907806,0.00024019740521907806,0.0,0.000550110125914216,0.000550110125914216,0.0,0.0003,0.0003,0.0,-6.0,-6.0,0.0,0.0,0.2773684210526316,23.257894736842104,85.75789473684209,5709.504,193,Walker2d-v5,8256,Agente_1
971.8426246643066,171,700416,-10.64385962357535,-7.1781736662287905,-13.974298669305966,10.124069478908188,1168,0.005442637950181961,-6.0,0.99,0.00024019740521907806,0.000550110125914216,0.0003,-28.80618667602539,0.49853813648223877,-480.2078857421875,0.06709718704223633,-2.701613187789917,-6.0,2.1768646240234375,9.829543828964233,3.0738887778850605,2.9841863624988982,0.87589057369764,1.0,1.0,1.0,-28.80618667602539,0.49853813648223877,-480.2078857421875,0.06709718704223633,-2.701613187789917,-6.0,16.187610626220703,44.565284729003906,-38.24700927734375,1.0,50.0,0.0,0.0,0.0,0.0,0.0,0.0,0.0,,0.0,-6.0,1168.0,1168.0,0.0,0.005442637950181961,0.005442637950181961,0.0,0.00024019740521907806,0.00024019740521907806,0.0,0.000550110125914216,0.000550110125914216,0.0,0.0003,0.0003,0.0,-6.0,-6.0,0.0,0.0,0.3675,26.137500000000003,90.075,5630.718,194,Walker2d-v5,8256,Agente_1
977.6728875637054,172,704512,-8.586245142374965,-7.268132439052441,-11.349607174854963,10.598445595854923,1168,0.005442637950181961,-6.0,0.99,0.00024019740521907806,0.000550110125914216,0.0003,-29.034757614135742,0.25661349296569824,-494.0118713378906,0.06283386796712875,-2.767261028289795,-6.0,1.1739797592163086,4.963258504867554,2.9841863624988982,2.8031657021706393,0.90691793027323,1.0,1.0,1.0,-29.034757614135742,0.25661349296569824,-494.0118713378906,0.06283386796712875,-2.767261028289795,-6.0,18.484081268310547,32.28102111816406,-39.681251525878906,1.0,50.0,0.0,0.0,0.0,0.0,0.0,0.0,0.0,,0.0,-6.0,1168.0,1168.0,0.0,0.005442637950181961,0.005442637950181961,0.0,0.00024019740521907806,0.00024019740521907806,0.0,0.000550110125914216,0.000550110125914216,0.0,0.0003,0.0003,0.0,-6.0,-6.0,0.0,0.0,0.30374999999999996,30.950000000000003,79.94999999999999,5690.768,195,Walker2d-v5,8256,Agente_1
982.9655969142914,173,708608,-8.024434894935766,-6.870937996514932,-11.396389886060096,11.037940379403794,1168,0.005442637950181961,-6.0,0.99,0.00024019740521907806,0.000550110125914216,0.0003,-31.64189910888672,0.19269242882728577,-503.57293701171875,0.05955188348889351,-2.8209073543548584,-6.0,1.07753324508667,3.2952747344970703,2.8031657021706393,2.6306024564622423,0.9301884477049225,1.0,1.0,1.0,-31.64189910888672,0.19269242882728577,-503.57293701171875,0.05955188348889351,-2.8209073543548584,-6.0,21.400341033935547,31.499513626098633,-26.097942352294922,1.0,50.0,0.0,0.0,0.0,0.0,0.0,0.0,0.0,,0.0,-6.0,1168.0,1168.0,0.0,0.005442637950181961,0.005442637950181961,0.0,0.00024019740521907806,0.00024019740521907806,0.0,0.000550110125914216,0.000550110125914216,0.0,0.0003,0.0003,0.0,-6.0,-6.0,0.0,0.0,0.31000000000000005,26.571428571428573,78.1857142857143,5588.166,196,Walker2d-v5,8256,Agente_1
988.288227558136,174,712704,-7.324506259736816,-5.859191111779197,-10.66731576551463,11.005347593582888,1168,0.005442637950181961,-6.0,0.99,0.00024019740521907806,0.000550110125914216,0.0003,-33.140724182128906,0.2732989490032196,-511.41680908203125,0.056826405227184296,-2.8677542209625244,-6.0,0.9030313491821289,5.821078538894653,2.6306024564622423,2.4578453457342313,0.9476413357786919,1.0,1.0,1.0,-33.140724182128906,0.2732989490032196,-511.41680908203125,0.056826405227184296,-2.8677542209625244,-6.0,24.007728576660156,37.411983489990234,-31.536828994750977,1.0,50.0,0.0,0.0,0.0,0.0,0.0,0.0,0.0,,0.0,-6.0,1168.0,1168.0,0.0,0.005442637950181961,0.005442637950181961,0.0,0.00024019740521907806,0.00024019740521907806,0.0,0.000550110125914216,0.000550110125914216,0.0,0.0003,0.0003,0.0,-6.0,-6.0,0.0,0.0,0.33,25.425,84.3375,5532.226,197,Walker2d-v5,8256,Agente_1
993.9889311790466,175,716800,-6.868429771667739,-5.812888120529773,-7.88941978374973,11.021447721179625,1168,0.005442637950181961,-6.0,0.99,0.00024019740521907806,0.000550110125914216,0.0003,-35.964805603027344,0.22753381729125977,-520.6638793945312,0.05446147918701172,-2.910261631011963,-6.0,0.8664093017578125,3.1577863693237305,2.4578453457342313,2.2987017413365898,0.9607310018340189,1.0,1.0,1.0,-35.964805603027344,0.22753381729125977,-520.6638793945312,0.05446147918701172,-2.910261631011963,-6.0,27.59949493408203,38.33390426635742,-18.86119842529297,1.0,50.0,0.0,0.0,0.0,0.0,0.0,0.0,0.0,,0.0,-6.0,1168.0,1168.0,0.0,0.005442637950181961,0.005442637950181961,0.0,0.00024019740521907806,0.00024019740521907806,0.0,0.000550110125914216,0.000550110125914216,0.0,0.0003,0.0003,0.0,-6.0,-6.0,0.0,0.0,0.3628571428571429,28.642857142857142,88.87142857142858,5558.267,198,Walker2d-v5,8256,Agente_1
999.6724984645844,176,720896,-6.6379015578383935,-5.710541485572879,-7.760654000425136,10.989189189189188,1168,0.005442637950181961,-6.0,0.99,0.00024019740521907806,0.000550110125914216,0.0003,-38.05128860473633,0.22971472144126892,-527.3397827148438,0.05235875025391579,-2.949636220932007,-6.0,0.8896045684814453,3.6278188228607178,2.2987017413365898,2.157792024051075,0.9705482513755141,1.0,1.0,1.0,-38.05128860473633,0.22971472144126892,-527.3397827148438,0.05235875025391579,-2.949636220932007,-6.0,30.467548370361328,44.78944396972656,-29.34917640686035,1.0,50.0,0.0,0.0,0.0,0.0,0.0,0.0,0.0,,0.0,-6.0,1168.0,1168.0,0.0,0.005442637950181961,0.005442637950181961,0.0,0.00024019740521907806,0.00024019740521907806,0.0,0.000550110125914216,0.000550110125914216,0.0,0.0003,0.0003,0.0,-6.0,-6.0,0.0,0.0,0.37125,28.1875,88.9125,5573.792,199,Walker2d-v5,8256,Agente_1
1005.2229506969452,177,724992,-6.56260541685731,-5.68276065841999,-7.520022811569947,11.002666666666666,1168,0.005442637950181961,-6.0,0.99,0.00024019740521907806,0.000550110125914216,0.0003,-40.26538848876953,0.3421444892883301,-533.4959106445312,0.05045751854777336,-2.986623525619507,-6.0,0.9446201324462891,6.911984205245972,2.157792024051075,2.0364748348905963,0.9779111885316356,1.0,1.0,1.0,-40.26538848876953,0.3421444892883301,-533.4959106445312,0.05045751854777336,-2.986623525619507,-6.0,33.045005798339844,48.5814208984375,-5.657775402069092,1.0,50.0,0.0,0.0,0.0,0.0,0.0,0.0,0.0,,0.0,-6.0,1168.0,1168.0,0.0,0.005442637950181961,0.005442637950181961,0.0,0.00024019740521907806,0.00024019740521907806,0.0,0.000550110125914216,0.000550110125914216,0.0,0.0003,0.0003,0.0,-6.0,-6.0,0.0,0.0,0.365,28.4,88.7875,5568.818,200,Walker2d-v5,8256,Agente_1
1010.9053373336792,178,729088,-6.48544554994521,-5.454661527686492,-7.595997238439863,11.013513513513514,1168,0.005442637950181961,-6.0,0.99,0.00024019740521907806,0.000550110125914216,0.0003,-42.4603271484375,0.26087915897369385,-538.0130004882812,0.04871666058897972,-3.0217342376708984,-6.0,0.8550710678100586,3.4217722415924072,2.0364748348905963,1.9183344581825426,0.9834333913987268,1.0,1.0,1.0,-42.4603271484375,0.26087915897369385,-538.0130004882812,0.04871666058897972,-3.0217342376708984,-6.0,35.535133361816406,52.76686096191406,-16.70709800720215,1.0,50.0,0.0,0.0,0.0,0.0,0.0,0.0,0.0,,0.0,-6.0,1168.0,1168.0,0.0,0.005442637950181961,0.005442637950181961,0.0,0.00024019740521907806,0.00024019740521907806,0.0,0.000550110125914216,0.000550110125914216,0.0,0.0003,0.0003,0.0,-6.0,-6.0,0.0,0.0,0.42571428571428577,28.528571428571436,88.51428571428572,5579.793,201,Walker2d-v5,8256,Agente_1
1016.4972822666168,179,733184,-6.3270974371522195,-5.624156961764716,-7.405396138149596,11.04864864864865,1168,0.005442637950181961,-6.0,0.99,0.00024019740521907806,0.000550110125914216,0.0003,-44.341793060302734,0.28989002108573914,-540.70751953125,0.0471072718501091,-3.055327892303467,-6.0,0.9232864379882812,7.647415041923523,1.9183344581825426,1.8188296561631163,0.9875750435490451,1.0,1.0,1.0,-44.341793060302734,0.28989002108573914,-540.70751953125,0.0471072718501091,-3.055327892303467,-6.0,37.75593948364258,56.83617401123047,-1.7232873439788818,1.0,50.0,0.0,0.0,0.0,0.0,0.0,0.0,0.0,,0.0,-6.0,1168.0,1168.0,0.0,0.005442637950181961,0.005442637950181961,0.0,0.00024019740521907806,0.00024019740521907806,0.0,0.000550110125914216,0.000550110125914216,0.0,0.0003,0.0003,0.0,-6.0,-6.0,0.0,0.0,0.39125,28.3875,88.42500000000001,5579.625,202,Walker2d-v5,8256,Agente_1
1022.1997029781342,180,737280,-6.048814584966235,-5.2762776944589795,-7.076098409068338,11.016042780748663,1168,0.005442637950181961,-6.0,0.99,0.00024019740521907806,0.000550110125914216,0.0003,-45.582183837890625,0.3007083535194397,-543.8856201171875,0.04560951888561249,-3.0876388549804688,-6.0,0.8729238510131836,5.810048818588257,1.8188296561631163,1.724239075648123,0.9906812826617839,1.0,1.0,1.0,-45.582183837890625,0.3007083535194397,-543.8856201171875,0.04560951888561249,-3.0876388549804688,-6.0,39.37303161621094,55.07672119140625,-13.608580589294434,1.0,50.0,0.0,0.0,0.0,0.0,0.0,0.0,0.0,,0.0,-6.0,1168.0,1168.0,0.0,0.005442637950181961,0.005442637950181961,0.0,0.00024019740521907806,0.00024019740521907806,0.0,0.000550110125914216,0.000550110125914216,0.0,0.0003,0.0003,0.0,-6.0,-6.0,0.0,0.0,0.38125000000000003,28.8875,88.4375,5577.392,203,Walker2d-v5,8256,Agente_1
1027.8161499500275,181,741376,-6.054580295363775,-5.228925032477022,-6.952105656514177,11.040322580645162,1168,0.005442637950181961,-6.0,0.99,0.00024019740521907806,0.000550110125914216,0.0003,-46.479835510253906,0.37554749846458435,-548.390869140625,0.044206492602825165,-3.1188836097717285,-6.0,0.9710283279418945,7.303126931190491,1.724239075648123,1.6489180008775002,0.9930109619963379,1.0,1.0,1.0,-46.479835510253906,0.37554749846458435,-548.390869140625,0.044206492602825165,-3.1188836097717285,-6.0,40.641448974609375,60.59047317504883,-5.156922817230225,1.0,50.0,0.0,0.0,0.0,0.0,0.0,0.0,0.0,,0.0,-6.0,1168.0,1168.0,0.0,0.005442637950181961,0.005442637950181961,0.0,0.00024019740521907806,0.00024019740521907806,0.0,0.000550110125914216,0.000550110125914216,0.0,0.0003,0.0003,0.0,-6.0,-6.0,0.0,0.0,0.41571428571428576,28.085714285714285,88.60000000000001,5582.492,204,Walker2d-v5,8256,Agente_1
1033.3496379852295,182,745472,-6.015442966814665,-5.148515397059999,-6.772156847162977,11.043478260869565,1168,0.005442637950181961,-6.0,0.99,0.00024019740521907806,0.000550110125914216,0.0003,-47.952613830566406,0.3504435420036316,-552.5096435546875,0.04288309067487717,-3.149277687072754,-6.0,0.9865045547485352,6.097220420837402,1.6489180008775002,1.5826766562646037,0.9947582214972535,1.0,1.0,1.0,-47.952613830566406,0.3504435420036316,-552.5096435546875,0.04288309067487717,-3.149277687072754,-6.0,42.618324279785156,61.70392990112305,-1.1064560413360596,1.0,50.0,0.0,0.0,0.0,0.0,0.0,0.0,0.0,,0.0,-6.0,1168.0,1168.0,0.0,0.005442637950181961,0.005442637950181961,0.0,0.00024019740521907806,0.00024019740521907806,0.0,0.000550110125914216,0.000550110125914216,0.0,0.0003,0.0003,0.0,-6.0,-6.0,0.0,0.0,0.29874999999999996,28.25,88.45,5553.361,205,Walker2d-v5,8256,Agente_1
1039.1859488487244,183,749568,-6.085686790929443,-5.402065666403576,-6.647077117029058,11.118598382749326,1168,0.005442637950181961,-6.0,0.99,0.00024019740521907806,0.000550110125914216,0.0003,-49.27017593383789,0.36043840646743774,-557.6006469726562,0.04162989556789398,-3.178936719894409,-6.0,0.9762201309204102,5.804562091827393,1.5826766562646037,1.5220310037301843,0.9960686661229401,1.0,1.0,1.0,-49.27017593383789,0.36043840646743774,-557.6006469726562,0.04162989556789398,-3.178936719894409,-6.0,44.336952209472656,66.5464859008789,-2.6005399227142334,1.0,50.0,0.0,0.0,0.0,0.0,0.0,0.0,0.0,,0.0,-6.0,1168.0,1168.0,0.0,0.005442637950181961,0.005442637950181961,0.0,0.00024019740521907806,0.00024019740521907806,0.0,0.000550110125914216,0.000550110125914216,0.0,0.0003,0.0003,0.0,-6.0,-6.0,0.0,0.0,0.39875000000000005,28.35,88.4125,5607.568,206,Walker2d-v5,8256,Agente_1
1045.157483100891,184,753664,-6.15255967636521,-5.6638116598143835,-6.956193712681987,11.178082191780822,1168,0.005442637950181961,-6.0,0.99,0.00024019740521907806,0.000550110125914216,0.0003,-48.32077407836914,0.3152006268501282,-562.3397827148438,0.04043963551521301,-3.207944869995117,-6.0,0.868537425994873,5.659088134765625,1.5220310037301843,1.4566816459566532,0.9970514995922051,1.0,1.0,1.0,-48.32077407836914,0.3152006268501282,-562.3397827148438,0.04043963551521301,-3.207944869995117,-6.0,43.751258850097656,74.66498565673828,-2.1184616088867188,1.0,50.0,0.0,0.0,0.0,0.0,0.0,0.0,0.0,,0.0,-6.0,1168.0,1168.0,0.0,0.005442637950181961,0.005442637950181961,0.0,0.00024019740521907806,0.00024019740521907806,0.0,0.000550110125914216,0.000550110125914216,0.0,0.0003,0.0003,0.0,-6.0,-6.0,0.0,0.0,0.42,28.700000000000003,88.4375,5672.23,207,Walker2d-v5,8256,Agente_1
1051.143605709076,185,757760,-6.155200223148346,-5.701494088353929,-6.931142219177046,11.260387811634349,1168,0.005442637950181961,-6.0,0.99,0.00024019740521907806,0.000550110125914216,0.0003,-51.161888122558594,0.36776623129844666,-566.7982177734375,0.03930477797985077,-3.2364091873168945,-6.0,0.9181404113769531,6.1932419538497925,1.4566816459566532,1.4028275224986833,0.9977886246941539,1.0,1.0,1.0,-51.161888122558594,0.36776623129844666,-566.7982177734375,0.03930477797985077,-3.2364091873168945,-6.0,46.605567932128906,73.38270568847656,-3.671760082244873,1.0,50.0,0.0,0.0,0.0,0.0,0.0,0.0,0.0,,0.0,-6.0,1168.0,1168.0,0.0,0.005442637950181961,0.005442637950181961,0.0,0.00024019740521907806,0.00024019740521907806,0.0,0.000550110125914216,0.000550110125914216,0.0,0.0003,0.0003,0.0,-6.0,-6.0,0.0,0.0,0.385,27.975,88.4375,5700.471,208,Walker2d-v5,8256,Agente_1
1057.0593178272247,186,761856,-6.1946101255887,-5.575769984361447,-6.936586478489197,11.235772357723578,1168,0.005442637950181961,-6.0,0.99,0.00024019740521907806,0.000550110125914216,0.0003,-50.161407470703125,0.38807958364486694,-569.0989990234375,0.038220152258872986,-3.264392375946045,-6.0,0.915431022644043,6.277126312255859,1.4028275224986833,1.3540878725132193,0.9983414685206153,1.0,1.0,1.0,-50.161407470703125,0.38807958364486694,-569.0989990234375,0.038220152258872986,-3.264392375946045,-6.0,46.46851348876953,81.5652847290039,-4.6573004722595215,1.0,50.0,0.0,0.0,0.0,0.0,0.0,0.0,0.0,,0.0,-6.0,1168.0,1168.0,0.0,0.005442637950181961,0.005442637950181961,0.0,0.00024019740521907806,0.00024019740521907806,0.0,0.000550110125914216,0.000550110125914216,0.0,0.0003,0.0003,0.0,-6.0,-6.0,0.0,0.0,0.33125000000000004,27.7875,88.35,5723.947,209,Walker2d-v5,8256,Agente_1
1062.8055608272552,187,765952,-6.30762043874806,-5.766906391277758,-7.054413777662019,11.153846153846153,1168,0.005442637950181961,-6.0,0.99,0.00024019740521907806,0.000550110125914216,0.0003,-51.61116027832031,0.3260660767555237,-574.559326171875,0.03717983141541481,-3.2919888496398926,-6.0,1.0738506317138672,4.492029190063477,1.3540878725132193,1.326064148433284,0.9987561013904616,1.0,1.0,1.0,-51.61116027832031,0.3260660767555237,-574.559326171875,0.03717983141541481,-3.2919888496398926,-6.0,47.92028045654297,87.42145538330078,-2.7160191535949707,1.0,50.0,0.0,0.0,0.0,0.0,0.0,0.0,0.0,,0.0,-6.0,1168.0,1168.0,0.0,0.005442637950181961,0.005442637950181961,0.0,0.00024019740521907806,0.00024019740521907806,0.0,0.000550110125914216,0.000550110125914216,0.0,0.0003,0.0003,0.0,-6.0,-6.0,0.0,0.0,0.28375,26.625,88.7875,5743.767,210,Walker2d-v5,8256,Agente_1
1068.4218864440918,188,770048,-6.744395963355412,-5.550041445940692,-7.486451595909337,11.231404958677686,1168,0.005442637950181961,-6.0,0.99,0.00024019740521907806,0.000550110125914216,0.0003,-50.73356628417969,0.3048895299434662,-580.1605224609375,0.03618035838007927,-3.3192389011383057,-6.0,1.0155258178710938,4.9046454429626465,1.326064148433284,1.295010315377065,0.9990670760428462,1.0,1.0,1.0,-50.73356628417969,0.3048895299434662,-580.1605224609375,0.03618035838007927,-3.3192389011383057,-6.0,47.0910530090332,84.51754760742188,-2.9322173595428467,1.0,50.0,0.0,0.0,0.0,0.0,0.0,0.0,0.0,,0.0,-6.0,1168.0,1168.0,0.0,0.005442637950181961,0.005442637950181961,0.0,0.00024019740521907806,0.00024019740521907806,0.0,0.000550110125914216,0.000550110125914216,0.0,0.0003,0.0003,0.0,-6.0,-6.0,0.0,0.0,0.28375,25.775000000000002,89.4375,5737.158,211,Walker2d-v5,8256,Agente_1
1075.2022783756256,189,774144,-7.128223924459068,-6.617093152700909,-7.8294668450258165,11.447513812154696,1168,0.005442637950181961,-6.0,0.99,0.00024019740521907806,0.000550110125914216,0.0003,-51.33330535888672,0.4376341700553894,-580.3858642578125,0.0352211594581604,-3.3461081981658936,-6.0,1.2097277641296387,11.62210202217102,1.295010315377065,1.2864820602523221,0.9993003070321347,1.0,1.0,1.0,-51.33330535888672,0.4376341700553894,-580.3858642578125,0.0352211594581604,-3.3461081981658936,-6.0,47.74993896484375,85.45934295654297,-7.427204608917236,1.0,50.0,0.0,0.0,0.0,0.0,0.0,0.0,0.0,,0.0,-6.0,1168.0,1168.0,0.0,0.005442637950181961,0.005442637950181961,0.0,0.00024019740521907806,0.00024019740521907806,0.0,0.000550110125914216,0.000550110125914216,0.0,0.0003,0.0003,0.0,-6.0,-6.0,0.0,0.0,0.19782608695652174,15.308695652173913,85.87826086956521,5856.281,212,Walker2d-v5,8256,Agente_1
1080.5989141464233,190,778240,-7.238644083276788,-6.356891544655284,-8.161012614828293,11.47752808988764,1168,0.005442637950181961,-6.0,0.99,0.00024019740521907806,0.000550110125914216,0.0003,-49.974395751953125,0.3223441243171692,-586.2979125976562,0.03429773822426796,-3.372675895690918,-6.0,1.1412043571472168,6.24091649055481,1.2864820602523221,1.2719542899418117,0.999475230274101,1.0,1.0,1.0,-49.974395751953125,0.3223441243171692,-586.2979125976562,0.03429773822426796,-3.372675895690918,-6.0,46.632301330566406,84.14171600341797,-8.590617179870605,1.0,50.0,0.0,0.0,0.0,0.0,0.0,0.0,0.0,,0.0,-6.0,1168.0,1168.0,0.0,0.005442637950181961,0.005442637950181961,0.0,0.00024019740521907806,0.00024019740521907806,0.0,0.000550110125914216,0.000550110125914216,0.0,0.0003,0.0003,0.0,-6.0,-6.0,0.0,0.0,0.26499999999999996,19.4,80.22,5825.691,213,Walker2d-v5,8256,Agente_1
1086.102677822113,191,782336,-7.2814740433967895,-6.687508282759204,-8.072183956907422,11.307479224376731,1168,0.005442637950181961,-6.0,0.99,0.00024019740521907806,0.000550110125914216,0.0003,-49.56378936767578,0.3186771273612976,-591.5068359375,0.033405501395463943,-3.3990347385406494,-6.0,1.026503562927246,4.9619081020355225,1.2719542899418117,1.247409217240355,0.9996064227055758,1.0,1.0,1.0,-49.56378936767578,0.3186771273612976,-591.5068359375,0.033405501395463943,-3.3990347385406494,-6.0,46.20695495605469,91.41816711425781,-4.906250476837158,1.0,50.0,0.0,0.0,0.0,0.0,0.0,0.0,0.0,,0.0,-6.0,1168.0,1168.0,0.0,0.005442637950181961,0.005442637950181961,0.0,0.00024019740521907806,0.00024019740521907806,0.0,0.000550110125914216,0.000550110125914216,0.0,0.0003,0.0003,0.0,-6.0,-6.0,0.0,0.0,0.36625,26.387500000000003,87.38750000000002,5814.437,214,Walker2d-v5,8256,Agente_1
1091.696652173996,192,786432,-7.26870144597791,-6.4118678039040855,-8.108576940206424,11.2986301369863,1168,0.005442637950181961,-6.0,0.99,0.00024019740521907806,0.000550110125914216,0.0003,-47.96968078613281,0.3684956133365631,-595.9168701171875,0.03254317119717598,-3.425187826156616,-6.0,1.072418212890625,6.227068901062012,1.247409217240355,1.229910116805382,0.9997048170291818,1.0,1.0,1.0,-47.96968078613281,0.3684956133365631,-595.9168701171875,0.03254317119717598,-3.425187826156616,-6.0,45.512603759765625,97.06675720214844,-2.3771727085113525,1.0,50.0,0.0,0.0,0.0,0.0,0.0,0.0,0.0,,0.0,-6.0,1168.0,1168.0,0.0,0.005442637950181961,0.005442637950181961,0.0,0.00024019740521907806,0.00024019740521907806,0.0,0.000550110125914216,0.000550110125914216,0.0,0.0003,0.0003,0.0,-6.0,-6.0,0.0,0.0,0.39571428571428574,29.12857142857143,88.64285714285715,5820.597,215,Walker2d-v5,8256,Agente_1
1097.3828535079956,193,790528,-7.317922992252908,-6.206720281844702,-8.441431694121606,11.143646408839778,1168,0.005442637950181961,-6.0,0.99,0.00024019740521907806,0.000550110125914216,0.0003,-47.91157913208008,0.4152962565422058,-600.0772705078125,0.03170914202928543,-3.4511501789093018,-6.0,1.1139564514160156,8.91267728805542,1.229910116805382,1.2183147502664455,0.9997786127718864,1.0,1.0,1.0,-47.91157913208008,0.4152962565422058,-600.0772705078125,0.03170914202928543,-3.4511501789093018,-6.0,45.9929313659668,95.20809173583984,-4.6188154220581055,1.0,50.0,0.0,0.0,0.0,0.0,0.0,0.0,0.0,,0.0,-6.0,1168.0,1168.0,0.0,0.005442637950181961,0.005442637950181961,0.0,0.00024019740521907806,0.00024019740521907806,0.0,0.000550110125914216,0.000550110125914216,0.0,0.0003,0.0003,0.0,-6.0,-6.0,0.0,0.0,0.3825,28.7125,88.41250000000001,5805.277,216,Walker2d-v5,8256,Agente_1
1103.076201915741,194,794624,-7.3572669101931,-6.4496088906713265,-8.101925659484518,11.11229946524064,1168,0.005442637950181961,-6.0,0.99,0.00024019740521907806,0.000550110125914216,0.0003,-48.04448699951172,0.41739076375961304,-604.8231201171875,0.03090200573205948,-3.4769341945648193,-6.0,1.186140239238739,9.123209953308105,1.2183147502664455,1.2150972991636748,0.9998339595789147,1.0,1.0,1.0,-48.04448699951172,0.41739076375961304,-604.8231201171875,0.03090200573205948,-3.4769341945648193,-6.0,46.554779052734375,91.86583709716797,-7.215590476989746,1.0,50.0,0.0,0.0,0.0,0.0,0.0,0.0,0.0,,0.0,-6.0,1168.0,1168.0,0.0,0.005442637950181961,0.005442637950181961,0.0,0.00024019740521907806,0.00024019740521907806,0.0,0.000550110125914216,0.000550110125914216,0.0,0.0003,0.0003,0.0,-6.0,-6.0,0.0,0.0,0.44875,28.15,88.425,5777.173,217,Walker2d-v5,8256,Agente_1
1118.4172925949097,196,802816,-6.675699944490412,21.26136404496727,-9.16170392285087,7.409594095940959,1198,0.012645180337131023,-6.0,0.99,9.706646960694343e-05,0.0009274507174268365,0.0003,-35.73415756225586,0.8376718163490295,-532.0250854492188,0.06673754006624222,-2.7069876194000244,-6.0,4.40380072593689,13.219024419784546,3.040992483403293,3.177273307656653,0.8654165144280315,0.6388114925603353,1.0,0.6388114925603353,-35.73415756225586,0.8376718163490295,-532.0250854492188,0.06673754006624222,-2.7069876194000244,-6.0,18.664913177490234,41.20534896850586,-15.329350471496582,1.0,58.0,0.0,0.0,0.0,0.0,0.0,0.0,0.0,,0.0,-6.0,1198.0,1198.0,0.0,0.012645180337131023,0.012645180337131023,0.0,9.706646960694343e-05,9.706646960694343e-05,0.0,0.0009274507174268365,0.0009274507174268365,0.0,0.0003,0.0003,0.0,-6.0,-6.0,0.0,0.0,0.3405263157894737,25.647368421052633,85.26315789473684,5846.009,218,Walker2d-v5,8256,Agente_1
1124.251940727234,197,806912,-6.292234223320068,-5.185639625593728,-9.326959497154856,7.4748603351955305,1198,0.012645180337131023,-6.0,0.99,9.706646960694343e-05,0.0009274507174268365,0.0003,-61.89553451538086,0.4672694802284241,-1001.166015625,0.058708306401968,-2.835174083709717,-6.0,1.7377405166625977,8.925354480743408,3.177273307656653,3.0333200285572475,0.8990623858210236,1.0,1.0,1.0,-61.89553451538086,0.4672694802284241,-1001.166015625,0.058708306401968,-2.835174083709717,-6.0,39.98452377319336,66.2878646850586,6.825725555419922,1.0,58.0,0.0,0.0,0.0,0.0,0.0,0.0,0.0,,0.0,-6.0,1198.0,1198.0,0.0,0.012645180337131023,0.012645180337131023,0.0,9.706646960694343e-05,9.706646960694343e-05,0.0,0.0009274507174268365,0.0009274507174268365,0.0,0.0003,0.0003,0.0,-6.0,-6.0,0.0,0.0,0.395,27.85,88.9,5831.792,219,Walker2d-v5,8256,Agente_1
1129.883749961853,198,811008,-6.077406509132951,-5.175796673272331,-7.714011178646713,10.967914438502675,1198,0.012645180337131023,-6.0,0.99,9.706646960694343e-05,0.0009274507174268365,0.0003,-76.47042846679688,0.3552643954753876,-1026.5892333984375,0.05435304716229439,-2.912254571914673,-6.0,1.3734111785888672,5.22287654876709,3.0333200285572475,2.8673291435604096,0.9242967893657676,1.0,1.0,1.0,-76.47042846679688,0.3552643954753876,-1026.5892333984375,0.05435304716229439,-2.912254571914673,-6.0,56.925697326660156,83.74115753173828,33.54673385620117,1.0,58.0,0.0,0.0,0.0,0.0,0.0,0.0,0.0,,0.0,-6.0,1198.0,1198.0,0.0,0.012645180337131023,0.012645180337131023,0.0,9.706646960694343e-05,9.706646960694343e-05,0.0,0.0009274507174268365,0.0009274507174268365,0.0,0.0003,0.0003,0.0,-6.0,-6.0,0.0,0.0,0.34625,26.487499999999997,88.94999999999999,5760.463,220,Walker2d-v5,8256,Agente_1
1135.6230232715607,199,815104,-6.333733255270551,-5.184082157703731,-8.092937864318166,11.813411078717202,1198,0.012645180337131023,-6.0,0.99,9.706646960694343e-05,0.0009274507174268365,0.0003,-90.08442687988281,0.37860268354415894,-1044.8394775390625,0.051263634115457535,-2.970773696899414,-6.0,1.2267723083496094,6.064972877502441,2.8673291435604096,2.7032734600393296,0.9432225920243258,1.0,1.0,1.0,-90.08442687988281,0.37860268354415894,-1044.8394775390625,0.051263634115457535,-2.970773696899414,-6.0,72.41303253173828,112.50437927246094,14.661216735839844,1.0,58.0,0.0,0.0,0.0,0.0,0.0,0.0,0.0,,0.0,-6.0,1198.0,1198.0,0.0,0.012645180337131023,0.012645180337131023,0.0,9.706646960694343e-05,9.706646960694343e-05,0.0,0.0009274507174268365,0.0009274507174268365,0.0,0.0003,0.0003,0.0,-6.0,-6.0,0.0,0.0,0.31428571428571433,26.057142857142853,88.91428571428571,5752.033,221,Walker2d-v5,8256,Agente_1
1141.1902561187744,200,819200,-7.027732405584399,-5.382594482165499,-8.649851921653838,13.592105263157896,1198,0.012645180337131023,-6.0,0.99,9.706646960694343e-05,0.0009274507174268365,0.0003,-105.27503204345703,0.4744164049625397,-1061.521728515625,0.04878010228276253,-3.020432710647583,-6.0,1.3807907104492188,5.685354232788086,2.7032734600393296,2.5710251850803183,0.9574169440182443,1.0,1.0,1.0,-105.27503204345703,0.4744164049625397,-1061.521728515625,0.04878010228276253,-3.020432710647583,-6.0,88.92780303955078,125.04440307617188,43.816184997558594,1.0,58.0,0.0,0.0,0.0,0.0,0.0,0.0,0.0,,0.0,-6.0,1198.0,1198.0,0.0,0.012645180337131023,0.012645180337131023,0.0,9.706646960694343e-05,9.706646960694343e-05,0.0,0.0009274507174268365,0.0009274507174268365,0.0,0.0003,0.0003,0.0,-6.0,-6.0,0.0,0.0,0.25857142857142856,25.785714285714285,88.32857142857142,5712.539,222,Walker2d-v5,8256,Agente_1
1146.5973212718964,201,823296,-8.523616137362678,-5.9669930671027505,-11.954174877752996,15.807843137254903,1198,0.012645180337131023,-6.0,0.99,9.706646960694343e-05,0.0009274507174268365,0.0003,-118.38078308105469,0.5597494840621948,-1073.92236328125,0.04666827991604805,-3.064690589904785,-6.0,1.3469181060791016,14.724613666534424,2.5710251850803183,2.4486144771801968,0.9680627080136832,1.0,1.0,1.0,-118.38078308105469,0.5597494840621948,-1073.92236328125,0.04666827991604805,-3.064690589904785,-6.0,103.46163940429688,139.94979858398438,-8.27827262878418,1.0,58.0,0.0,0.0,0.0,0.0,0.0,0.0,0.0,,0.0,-6.0,1198.0,1198.0,0.0,0.012645180337131023,0.012645180337131023,0.0,9.706646960694343e-05,9.706646960694343e-05,0.0,0.0009274507174268365,0.0009274507174268365,0.0,0.0003,0.0003,0.0,-6.0,-6.0,0.0,0.0,0.32125000000000004,23.9875,87.375,5658.528,223,Walker2d-v5,8256,Agente_1
1152.346649646759,202,827392,-12.403707182015612,-8.328835540010724,-18.74965545884655,19.470588235294116,1198,0.012645180337131023,-6.0,0.99,9.706646960694343e-05,0.0009274507174268365,0.0003,-127.6833267211914,0.7213843464851379,-1085.58544921875,0.04481267184019089,-3.10526442527771,-6.0,1.4659156799316406,55.44083499908447,2.4486144771801968,2.350344597455341,0.9760470310102625,1.0,1.0,1.0,-127.6833267211914,0.7213843464851379,-1085.58544921875,0.04481267184019089,-3.10526442527771,-6.0,113.57144165039062,169.43521118164062,-11.12873649597168,1.0,58.0,0.0,0.0,0.0,0.0,0.0,0.0,0.0,,0.0,-6.0,1198.0,1198.0,0.0,0.012645180337131023,0.012645180337131023,0.0,9.706646960694343e-05,9.706646960694343e-05,0.0,0.0009274507174268365,0.0009274507174268365,0.0,0.0003,0.0003,0.0,-6.0,-6.0,0.0,0.0,0.32142857142857145,33.74285714285714,75.7,5669.615,224,Walker2d-v5,8256,Agente_1
1157.967236995697,203,831488,-15.803434851556137,-9.655703761578382,-19.0125220231739,23.045714285714286,1198,0.012645180337131023,-6.0,0.99,9.706646960694343e-05,0.0009274507174268365,0.0003,-138.89581298828125,0.7322807908058167,-1096.962890625,0.043145135045051575,-3.143185615539551,-6.0,1.2930145263671875,40.096686363220215,2.350344597455341,2.244611590346526,0.9820352732576969,1.0,1.0,1.0,-138.89581298828125,0.7322807908058167,-1096.962890625,0.043145135045051575,-3.143185615539551,-6.0,126.94058227539062,183.5779571533203,8.198518753051758,1.0,58.0,0.0,0.0,0.0,0.0,0.0,0.0,0.0,,0.0,-6.0,1198.0,1198.0,0.0,0.012645180337131023,0.012645180337131023,0.0,9.706646960694343e-05,9.706646960694343e-05,0.0,0.0009274507174268365,0.0009274507174268365,0.0,0.0003,0.0003,0.0,-6.0,-6.0,0.0,0.0,0.3075,26.262500000000003,78.7125,5661.678,225,Walker2d-v5,8256,Agente_1
1163.367933511734,204,835584,-17.972312496263783,-12.421578539557318,-18.994849497101406,26.070063694267517,1198,0.012645180337131023,-6.0,0.99,9.706646960694343e-05,0.0009274507174268365,0.0003,-147.17575073242188,1.0326805114746094,-1108.291015625,0.04162603244185448,-3.1790294647216797,-6.0,1.6325340270996094,161.19242477416992,2.244611590346526,2.1834038340218345,0.9865264549432726,1.0,1.0,1.0,-147.17575073242188,1.0326805114746094,-1108.291015625,0.04162603244185448,-3.1790294647216797,-6.0,135.6810302734375,200.92205810546875,-7.27189826965332,1.0,58.0,0.0,0.0,0.0,0.0,0.0,0.0,0.0,,0.0,-6.0,1198.0,1198.0,0.0,0.012645180337131023,0.012645180337131023,0.0,9.706646960694343e-05,9.706646960694343e-05,0.0,0.0009274507174268365,0.0009274507174268365,0.0,0.0003,0.0003,0.0,-6.0,-6.0,0.0,0.0,0.3271428571428571,26.114285714285717,85.61428571428573,5631.241,226,Walker2d-v5,8256,Agente_1
1169.2209031581879,205,839680,-18.074627980929744,-17.209448701334864,-19.10222604745432,26.438709677419354,1198,0.012645180337131023,-6.0,0.99,9.706646960694343e-05,0.0009274507174268365,0.0003,-158.06298828125,1.118696928024292,-1120.9083251953125,0.04022529721260071,-3.213259220123291,-6.0,1.7292251586914062,68.09578132629395,2.1834038340218345,2.1379859664887917,0.9898948412074544,1.0,1.0,1.0,-158.06298828125,1.118696928024292,-1120.9083251953125,0.04022529721260071,-3.213259220123291,-6.0,146.73770141601562,207.84683227539062,-12.536484718322754,1.0,58.0,0.0,0.0,0.0,0.0,0.0,0.0,0.0,,0.0,-6.0,1198.0,1198.0,0.0,0.012645180337131023,0.012645180337131023,0.0,9.706646960694343e-05,9.706646960694343e-05,0.0,0.0009274507174268365,0.0009274507174268365,0.0,0.0003,0.0003,0.0,-6.0,-6.0,0.0,0.0,0.3877777777777778,27.544444444444444,87.27777777777777,5652.057,227,Walker2d-v5,8256,Agente_1
1175.0172147750854,206,843776,-18.14293492201925,-17.116742470085455,-19.177289357620737,26.61038961038961,1198,0.012645180337131023,-6.0,0.99,9.706646960694343e-05,0.0009274507174268365,0.0003,-159.89666748046875,1.6039077043533325,-1128.764404296875,0.038922764360904694,-3.24617600440979,-6.0,1.8675594329833984,186.59038162231445,2.1379859664887917,2.1109433131382525,0.9924211309055908,1.0,1.0,1.0,-159.89666748046875,1.6039077043533325,-1128.764404296875,0.038922764360904694,-3.24617600440979,-6.0,148.98780822753906,228.5889129638672,-8.85299015045166,1.0,58.0,0.0,0.0,0.0,0.0,0.0,0.0,0.0,,0.0,-6.0,1198.0,1198.0,0.0,0.012645180337131023,0.012645180337131023,0.0,9.706646960694343e-05,9.706646960694343e-05,0.0,0.0009274507174268365,0.0009274507174268365,0.0,0.0003,0.0003,0.0,-6.0,-6.0,0.0,0.0,0.39875000000000005,28.0875,86.875,5646.064,228,Walker2d-v5,8256,Agente_1
1180.7143046855927,207,847872,-18.13059303432535,-17.202340448642875,-18.961586610843632,26.616883116883116,1198,0.012645180337131023,-6.0,0.99,9.706646960694343e-05,0.0009274507174268365,0.0003,-170.967529296875,1.3870115280151367,-1140.720947265625,0.03770316392183304,-3.2780113220214844,-6.0,1.7213363647460938,192.96036911010742,2.1109433131382525,2.0719826182990366,0.9943158481791932,1.0,1.0,1.0,-170.967529296875,1.3870115280151367,-1140.720947265625,0.03770316392183304,-3.2780113220214844,-6.0,161.53770446777344,245.59982299804688,-9.800627708435059,1.0,58.0,0.0,0.0,0.0,0.0,0.0,0.0,0.0,,0.0,-6.0,1198.0,1198.0,0.0,0.012645180337131023,0.012645180337131023,0.0,9.706646960694343e-05,9.706646960694343e-05,0.0,0.0009274507174268365,0.0009274507174268365,0.0,0.0003,0.0003,0.0,-6.0,-6.0,0.0,0.0,0.42142857142857143,27.3,86.75714285714287,5632.779,229,Walker2d-v5,8256,Agente_1
1186.186044216156,208,851968,-18.224009096847226,-17.213769309851276,-19.065676599390738,26.741721854304636,1198,0.012645180337131023,-6.0,0.99,9.706646960694343e-05,0.0009274507174268365,0.0003,-174.63357543945312,1.5061991214752197,-1149.5394287109375,0.03655505180358887,-3.3089358806610107,-6.0,1.8784980773925781,199.5175437927246,2.0719826182990366,2.0526341642083907,0.9957368861343949,1.0,1.0,1.0,-174.63357543945312,1.5061991214752197,-1149.5394287109375,0.03655505180358887,-3.3089358806610107,-6.0,165.49395751953125,259.71466064453125,-10.39981460571289,1.0,58.0,0.0,0.0,0.0,0.0,0.0,0.0,0.0,,0.0,-6.0,1198.0,1198.0,0.0,0.012645180337131023,0.012645180337131023,0.0,9.706646960694343e-05,9.706646960694343e-05,0.0,0.0009274507174268365,0.0009274507174268365,0.0,0.0003,0.0003,0.0,-6.0,-6.0,0.0,0.0,0.38375000000000004,27.650000000000002,86.6125,5617.061,230,Walker2d-v5,8256,Agente_1
1191.68989944458,209,856064,-18.202307161813344,-17.17344771093581,-18.857787996272528,26.76923076923077,1198,0.012645180337131023,-6.0,0.99,9.706646960694343e-05,0.0009274507174268365,0.0003,-170.25128173828125,0.9409137964248657,-1159.9046630859375,0.03546888381242752,-3.339099407196045,-6.0,1.8016738891601562,14.21569538116455,2.0526341642083907,2.0275381367035674,0.9968026646007961,1.0,1.0,1.0,-170.25128173828125,0.9409137964248657,-1159.9046630859375,0.03546888381242752,-3.339099407196045,-6.0,161.55584716796875,252.202880859375,-6.199642181396484,1.0,58.0,0.0,0.0,0.0,0.0,0.0,0.0,0.0,,0.0,-6.0,1198.0,1198.0,0.0,0.012645180337131023,0.012645180337131023,0.0,9.706646960694343e-05,9.706646960694343e-05,0.0,0.0009274507174268365,0.0009274507174268365,0.0,0.0003,0.0003,0.0,-6.0,-6.0,0.0,0.0,0.3733333333333333,26.677777777777777,86.57777777777777,5593.437,231,Walker2d-v5,8256,Agente_1
1197.6355710029602,210,860160,-18.213136107238004,-17.140980640209516,-18.95060370285881,26.784313725490197,1198,0.012645180337131023,-6.0,0.99,9.706646960694343e-05,0.0009274507174268365,0.0003,-179.48419189453125,1.1562938690185547,-1172.333984375,0.034437622874975204,-3.368605613708496,-6.0,2.2098007202148438,97.34337997436523,2.0275381367035674,2.0457643950546953,0.9761091212411941,0.9140284911623883,1.0,0.9140284911623883,-179.48419189453125,1.1562938690185547,-1172.333984375,0.034437622874975204,-3.368605613708496,-6.0,172.5995635986328,257.70538330078125,-4.79240083694458,1.0,58.0,0.0,0.0,0.0,0.0,0.0,0.0,0.0,,0.0,-6.0,1198.0,1198.0,0.0,0.012645180337131023,0.012645180337131023,0.0,9.706646960694343e-05,9.706646960694343e-05,0.0,0.0009274507174268365,0.0009274507174268365,0.0,0.0003,0.0003,0.0,-6.0,-6.0,0.0,0.0,0.37124999999999997,25.8375,86.65,5631.23,232,Walker2d-v5,8256,Agente_1
1203.2443449497223,211,864256,-18.177848647611306,-17.115791172504007,-18.85951574406329,26.788079470198674,1198,0.012645180337131023,-6.0,0.99,9.706646960694343e-05,0.0009274507174268365,0.0003,-180.88009643554688,1.3618333339691162,-1182.4815673828125,0.033455848693847656,-3.397528648376465,-6.0,2.188079833984375,177.29853057861328,2.0457643950546953,2.0599959389476634,0.9652815074055526,0.9327986658986281,1.0,0.9327986658986281,-180.88009643554688,1.3618333339691162,-1182.4815673828125,0.033455848693847656,-3.397528648376465,-6.0,175.10214233398438,270.314453125,-7.996892929077148,1.0,58.0,0.0,0.0,0.0,0.0,0.0,0.0,0.0,,0.0,-6.0,1198.0,1198.0,0.0,0.012645180337131023,0.012645180337131023,0.0,9.706646960694343e-05,9.706646960694343e-05,0.0,0.0009274507174268365,0.0009274507174268365,0.0,0.0003,0.0003,0.0,-6.0,-6.0,0.0,0.0,0.41857142857142854,28.614285714285717,86.71428571428571,5651.605,233,Walker2d-v5,8256,Agente_1
1208.7682137489319,212,868352,-18.139016709250296,-17.110887904086567,-18.84681736032235,26.81045751633987,1198,0.012645180337131023,-6.0,0.99,9.706646960694343e-05,0.0009274507174268365,0.0003,-175.87420654296875,1.1278154850006104,-1188.735595703125,0.03251748904585838,-3.4259772300720215,-6.0,2.441905975341797,115.55858039855957,2.0599959389476634,2.098186942587077,0.9316554408363846,0.8307772411288806,1.0,0.8307772411288806,-175.87420654296875,1.1278154850006104,-1188.735595703125,0.03251748904585838,-3.4259772300720215,-6.0,167.726318359375,282.50732421875,-11.745513916015625,1.0,58.0,0.0,0.0,0.0,0.0,0.0,0.0,0.0,,0.0,-6.0,1198.0,1198.0,0.0,0.012645180337131023,0.012645180337131023,0.0,9.706646960694343e-05,9.706646960694343e-05,0.0,0.0009274507174268365,0.0009274507174268365,0.0,0.0003,0.0003,0.0,-6.0,-6.0,0.0,0.0,0.35624999999999996,28.0625,86.6,5629.064,234,Walker2d-v5,8256,Agente_1
1214.3341031074524,213,872448,-18.150161638774325,-17.167862402275855,-18.87233567637012,26.793548387096774,1198,0.012645180337131023,-6.0,0.99,9.706646960694343e-05,0.0009274507174268365,0.0003,-182.48019409179688,1.241912841796875,-1194.2392578125,0.03162189945578575,-3.4539053440093994,-6.0,2.6402015686035156,142.89113235473633,2.098186942587077,2.152388405188721,0.891827582102085,0.772344005899186,1.0,0.772344005899186,-182.48019409179688,1.241912841796875,-1194.2392578125,0.03162189945578575,-3.4539053440093994,-6.0,176.80136108398438,280.26226806640625,-6.875979900360107,1.0,58.0,0.0,0.0,0.0,0.0,0.0,0.0,0.0,,0.0,-6.0,1198.0,1198.0,0.0,0.012645180337131023,0.012645180337131023,0.0,9.706646960694343e-05,9.706646960694343e-05,0.0,0.0009274507174268365,0.0009274507174268365,0.0,0.0003,0.0003,0.0,-6.0,-6.0,0.0,0.0,0.35428571428571426,27.47142857142857,86.54285714285713,5623.996,235,Walker2d-v5,8256,Agente_1
1220.2319796085358,214,876544,-18.145162656815412,-17.270528436954436,-18.968205022154805,26.769736842105264,1198,0.012645180337131023,-6.0,0.99,9.706646960694343e-05,0.0009274507174268365,0.0003,-184.2222442626953,1.335245132446289,-1204.1611328125,0.030764250084757805,-3.4814019203186035,-6.0,2.852275848388672,115.58577346801758,2.152388405188721,2.222377149508716,0.8494722152010538,0.72240611449796,1.0,0.72240611449796,-184.2222442626953,1.335245132446289,-1204.1611328125,0.030764250084757805,-3.4814019203186035,-6.0,178.95143127441406,286.3876953125,-4.188076019287109,1.0,58.0,0.0,0.0,0.0,0.0,0.0,0.0,0.0,,0.0,-6.0,1198.0,1198.0,0.0,0.012645180337131023,0.012645180337131023,0.0,9.706646960694343e-05,9.706646960694343e-05,0.0,0.0009274507174268365,0.0009274507174268365,0.0,0.0003,0.0003,0.0,-6.0,-6.0,0.0,0.0,0.35875,27.975,86.52499999999999,5673.736,236,Walker2d-v5,8256,Agente_1
1225.7829039096832,215,880640,-18.132857892293043,-17.280446253240797,-18.983636746448116,26.784313725490197,1198,0.012645180337131023,-6.0,0.99,9.706646960694343e-05,0.0009274507174268365,0.0003,-179.70260620117188,1.074021577835083,-1211.548583984375,0.02994052693247795,-3.50854229927063,-6.0,2.5840797424316406,78.32827186584473,2.222377149508716,2.2585474088010082,0.849554041694028,0.8497995211729511,1.0,0.8497995211729511,-179.70260620117188,1.074021577835083,-1211.548583984375,0.02994052693247795,-3.50854229927063,-6.0,173.00942993164062,302.52587890625,-8.795906066894531,1.0,58.0,0.0,0.0,0.0,0.0,0.0,0.0,0.0,,0.0,-6.0,1198.0,1198.0,0.0,0.012645180337131023,0.012645180337131023,0.0,9.706646960694343e-05,9.706646960694343e-05,0.0,0.0009274507174268365,0.0009274507174268365,0.0,0.0003,0.0003,0.0,-6.0,-6.0,0.0,0.0,0.295,26.400000000000002,87.125,5643.548,237,Walker2d-v5,8256,Agente_1
1232.1823587417603,216,884736,-18.13008505338323,-17.017399633751563,-18.82927835284369,26.76158940397351,1198,0.012645180337131023,-6.0,0.99,9.706646960694343e-05,0.0009274507174268365,0.0003,-179.15625,0.8025155067443848,-1220.408203125,0.0291475560516119,-3.535384178161621,-6.0,2.3766326904296875,20.36771011352539,2.2585474088010082,2.270355936963876,0.8744304205039016,0.9490595569335225,1.0,0.9490595569335225,-179.15625,0.8025155067443848,-1220.408203125,0.0291475560516119,-3.535384178161621,-6.0,175.4566192626953,307.7161560058594,-0.894649088382721,1.0,58.0,0.0,0.0,0.0,0.0,0.0,0.0,0.0,,0.0,-6.0,1198.0,1198.0,0.0,0.012645180337131023,0.012645180337131023,0.0,9.706646960694343e-05,9.706646960694343e-05,0.0,0.0009274507174268365,0.0009274507174268365,0.0,0.0003,0.0003,0.0,-6.0,-6.0,0.0,0.0,0.3025,26.200000000000003,87.675,5703.607,238,Walker2d-v5,8256,Agente_1
1237.648898601532,217,888832,-18.173530851171815,-17.27362737641661,-18.959753979772785,26.818181818181817,1198,0.012645180337131023,-6.0,0.99,9.706646960694343e-05,0.0009274507174268365,0.0003,-164.710693359375,1.1495733261108398,-1228.520751953125,0.02838350459933281,-3.5619471073150635,-6.0,3.415874481201172,71.76897621154785,2.270355936963876,2.384907791387606,0.8067664247105171,0.6037744373303635,1.0,0.6037744373303635,-164.710693359375,1.1495733261108398,-1228.520751953125,0.02838350459933281,-3.5619471073150635,-6.0,161.3612823486328,315.9237365722656,-22.79841423034668,1.0,58.0,0.0,0.0,0.0,0.0,0.0,0.0,0.0,,0.0,-6.0,1198.0,1198.0,0.0,0.012645180337131023,0.012645180337131023,0.0,9.706646960694343e-05,9.706646960694343e-05,0.0,0.0009274507174268365,0.0009274507174268365,0.0,0.0003,0.0003,0.0,-6.0,-6.0,0.0,0.0,0.28125,25.85,87.46249999999999,5680.396,239,Walker2d-v5,8256,Agente_1
1243.26904129982,218,892928,-18.20342587960531,-17.073758749427917,-18.992592819998148,26.787096774193547,1198,0.012645180337131023,-6.0,0.99,9.706646960694343e-05,0.0009274507174268365,0.0003,-166.59420776367188,0.986099123954773,-1236.7779541015625,0.027645625174045563,-3.588287830352783,-6.0,3.294942855834961,63.28806209564209,2.384907791387606,2.475911297832341,0.7757701203293884,0.6827812071860024,1.0,0.6827812071860024,-166.59420776367188,0.986099123954773,-1236.7779541015625,0.027645625174045563,-3.588287830352783,-6.0,161.0982666015625,307.8499755859375,-8.18011474609375,1.0,58.0,0.0,0.0,0.0,0.0,0.0,0.0,0.0,,0.0,-6.0,1198.0,1198.0,0.0,0.012645180337131023,0.012645180337131023,0.0,9.706646960694343e-05,9.706646960694343e-05,0.0,0.0009274507174268365,0.0009274507174268365,0.0,0.0003,0.0003,0.0,-6.0,-6.0,0.0,0.0,0.2757142857142857,26.8,86.8,5695.141,240,Walker2d-v5,8256,Agente_1
1248.7466638088226,219,897024,-18.168836162399625,-17.255955188830686,-18.91957510229068,26.76,1198,0.012645180337131023,-6.0,0.99,9.706646960694343e-05,0.0009274507174268365,0.0003,-169.78228759765625,0.970359206199646,-1245.7919921875,0.026931915432214737,-3.614443302154541,-6.0,2.9448890686035156,20.309423446655273,2.475911297832341,2.5228090749094587,0.7886880995367596,0.8274420371588727,1.0,0.8274420371588727,-169.78228759765625,0.970359206199646,-1245.7919921875,0.026931915432214737,-3.614443302154541,-6.0,165.12808227539062,313.8934326171875,-5.803853511810303,1.0,58.0,0.0,0.0,0.0,0.0,0.0,0.0,0.0,,0.0,-6.0,1198.0,1198.0,0.0,0.012645180337131023,0.012645180337131023,0.0,9.706646960694343e-05,9.706646960694343e-05,0.0,0.0009274507174268365,0.0009274507174268365,0.0,0.0003,0.0003,0.0,-6.0,-6.0,0.0,0.0,0.3325,27.925,86.13749999999999,5692.569,241,Walker2d-v5,8256,Agente_1
1254.4557592868805,220,901120,-18.205368428983487,-17.324959471924274,-19.046307781672535,26.8,1198,0.012645180337131023,-6.0,0.99,9.706646960694343e-05,0.0009274507174268365,0.0003,-159.20040893554688,0.7332414984703064,-1250.907470703125,0.02624211460351944,-3.6403896808624268,-6.0,3.2611160278320312,16.293511390686035,2.5228090749094587,2.596639770201716,0.7780863905555847,0.7462812636120604,1.0,0.7462812636120604,-159.20040893554688,0.7332414984703064,-1250.907470703125,0.02624211460351944,-3.6403896808624268,-6.0,153.53750610351562,303.8124084472656,-16.154077529907227,1.0,58.0,0.0,0.0,0.0,0.0,0.0,0.0,0.0,,0.0,-6.0,1198.0,1198.0,0.0,0.012645180337131023,0.012645180337131023,0.0,9.706646960694343e-05,9.706646960694343e-05,0.0,0.0009274507174268365,0.0009274507174268365,0.0,0.0003,0.0003,0.0,-6.0,-6.0,0.0,0.0,0.385,28.225,86.14999999999999,5668.875,242,Walker2d-v5,8256,Agente_1
1259.9912292957306,221,905216,-18.170297250184383,-17.262561591769042,-19.003535788264692,26.793333333333333,1198,0.012645180337131023,-6.0,0.99,9.706646960694343e-05,0.0009274507174268365,0.0003,-166.30923461914062,0.9761457443237305,-1266.174560546875,0.025574807077646255,-3.666147470474243,-6.0,3.602558135986328,20.084230422973633,2.596639770201716,2.697231606780177,0.753270971377236,0.6788247138421898,1.0,0.6788247138421898,-166.30923461914062,0.9761457443237305,-1266.174560546875,0.025574807077646255,-3.666147470474243,-6.0,162.17044067382812,303.5484619140625,-4.938901424407959,1.0,58.0,0.0,0.0,0.0,0.0,0.0,0.0,0.0,,0.0,-6.0,1198.0,1198.0,0.0,0.012645180337131023,0.012645180337131023,0.0,9.706646960694343e-05,9.706646960694343e-05,0.0,0.0009274507174268365,0.0009274507174268365,0.0,0.0003,0.0003,0.0,-6.0,-6.0,0.0,0.0,0.4271428571428571,25.900000000000002,86.15714285714286,5661.954,243,Walker2d-v5,8256,Agente_1
1251.901427745819,222,909312,-4.731771044773957,37.82575567382787,-20.32668655065924,26.552845528455286,680,0.005885201506316662,-6.0,0.99,8.917858940549195e-05,0.0007462864159606397,0.0003,0.4082496464252472,0.6036380529403687,-9.845361709594727,0.12302746623754501,-2.0953476428985596,-6.0,3.0948967933654785,14.673400402069092,3.9408370809767947,3.856243052215663,0.9596586273145253,1.0,1.0,1.0,0.4082496464252472,0.6036380529403687,-9.845361709594727,0.12302746623754501,-2.0953476428985596,-6.0,-0.11179840564727783,21.372880935668945,-69.7610092163086,1.0,66.0,0.0,0.0,0.0,0.0,0.0,0.0,0.0,,0.0,-6.0,680.0,680.0,0.0,0.005885201506316662,0.005885201506316662,0.0,8.917858940549195e-05,8.917858940549195e-05,0.0,0.0007462864159606397,0.0007462864159606397,0.0,0.0003,0.0003,0.0,-6.0,-6.0,0.0,0.0,0.3085,25.045,82.32000000000001,5692.677,244,Walker2d-v5,8256,Agente_1
1257.4834430217743,223,913408,-3.099799431098347,230.15619726868837,-29.181003975713757,42.64,680,0.005885201506316662,-6.0,0.99,8.917858940549195e-05,0.0007462864159606397,0.0003,-1.4633548259735107,0.2669658362865448,-10.993340492248535,0.11571457982063293,-2.1566286087036133,-6.0,1.3685093522071838,7.703262209892273,3.856243052215663,3.6074696822148153,0.969743970485894,1.0,1.0,1.0,-1.4633548259735107,0.2669658362865448,-10.993340492248535,0.11571457982063293,-2.1566286087036133,-6.0,1.1177529096603394,12.827878952026367,-51.81642150878906,1.0,66.0,0.0,0.0,0.0,0.0,0.0,0.0,0.0,,0.0,-6.0,680.0,680.0,0.0,0.005885201506316662,0.005885201506316662,0.0,8.917858940549195e-05,8.917858940549195e-05,0.0,0.0007462864159606397,0.0007462864159606397,0.0,0.0003,0.0003,0.0,-6.0,-6.0,0.0,0.0,0.38749999999999996,28.1875,86.4125,5631.897,245,Walker2d-v5,8256,Agente_1
1263.0498824119568,224,917504,5.469508237399133,230.15619726868837,-29.181003975713757,74.08,680,0.005885201506316662,-6.0,0.99,8.917858940549195e-05,0.0007462864159606397,0.0003,-2.4214110374450684,0.13320839405059814,-14.469752311706543,0.10952693223953247,-2.2115848064422607,-6.0,0.8822232484817505,3.7865050435066223,3.6074696822148153,3.334945038841509,0.9773079778644205,1.0,1.0,1.0,-2.4214110374450684,0.13320839405059814,-14.469752311706543,0.10952693223953247,-2.2115848064422607,-6.0,2.465918779373169,10.949849128723145,-37.06256866455078,1.0,66.0,0.0,0.0,0.0,0.0,0.0,0.0,0.0,,0.0,-6.0,680.0,680.0,0.0,0.005885201506316662,0.005885201506316662,0.0,8.917858940549195e-05,8.917858940549195e-05,0.0,0.0007462864159606397,0.0007462864159606397,0.0,0.0003,0.0003,0.0,-6.0,-6.0,0.0,0.0,0.3771428571428572,28.114285714285717,86.17142857142858,5606.316,246,Walker2d-v5,8256,Agente_1
1268.831142425537,225,921600,21.67939849321631,380.69592379163373,-29.181003975713757,105.88,680,0.005885201506316662,-6.0,0.99,8.917858940549195e-05,0.0007462864159606397,0.0003,-2.548910617828369,0.09476779401302338,-16.321561813354492,0.10345272719860077,-2.2686405181884766,-6.0,0.7269233465194702,2.2397610545158386,3.334945038841509,3.074142869609305,0.9829809833983154,1.0,1.0,1.0,-2.548910617828369,0.09476779401302338,-16.321561813354492,0.10345272719860077,-2.2686405181884766,-6.0,2.264986753463745,11.768152236938477,-40.82010269165039,1.0,66.0,0.0,0.0,0.0,0.0,0.0,0.0,0.0,,0.0,-6.0,680.0,680.0,0.0,0.005885201506316662,0.005885201506316662,0.0,8.917858940549195e-05,8.917858940549195e-05,0.0,0.0007462864159606397,0.0007462864159606397,0.0,0.0003,0.0003,0.0,-6.0,-6.0,0.0,0.0,0.46875,28.3375,86.1375,5647.162,247,Walker2d-v5,8256,Agente_1
1274.258287191391,226,925696,42.35697044838531,420.82983144736335,-27.98142070268703,134.04,680,0.005885201506316662,-6.0,0.99,8.917858940549195e-05,0.0007462864159606397,0.0003,-3.0720667839050293,0.0817238837480545,-16.469627380371094,0.09827422350645065,-2.319993495941162,-6.0,0.6349340677261353,2.335296094417572,3.074142869609305,2.830221989420988,0.9872357375487366,1.0,1.0,1.0,-3.0720667839050293,0.0817238837480545,-16.469627380371094,0.09827422350645065,-2.319993495941162,-6.0,2.884547233581543,11.730598449707031,-38.65364074707031,1.0,66.0,0.0,0.0,0.0,0.0,0.0,0.0,0.0,,0.0,-6.0,680.0,680.0,0.0,0.005885201506316662,0.005885201506316662,0.0,8.917858940549195e-05,8.917858940549195e-05,0.0,0.0007462864159606397,0.0007462864159606397,0.0,0.0003,0.0003,0.0,-6.0,-6.0,0.0,0.0,0.41428571428571426,27.885714285714283,86.02857142857142,5600.59,248,Walker2d-v5,8256,Agente_1
1279.9813508987427,227,929792,57.12028815473654,420.82983144736335,-27.488793825733428,153.37,680,0.005885201506316662,-6.0,0.99,8.917858940549195e-05,0.0007462864159606397,0.0003,-4.362298011779785,0.07440489530563354,-17.179428100585938,0.09400834143161774,-2.3643717765808105,-6.0,0.5618435144424438,1.8957747220993042,2.830221989420988,2.603384141923134,0.9904268031615524,1.0,1.0,1.0,-4.362298011779785,0.07440489530563354,-17.179428100585938,0.09400834143161774,-2.3643717765808105,-6.0,4.3328776359558105,12.900960922241211,-37.45637512207031,1.0,66.0,0.0,0.0,0.0,0.0,0.0,0.0,0.0,,0.0,-6.0,680.0,680.0,0.0,0.005885201506316662,0.005885201506316662,0.0,8.917858940549195e-05,8.917858940549195e-05,0.0,0.0007462864159606397,0.0007462864159606397,0.0,0.0003,0.0003,0.0,-6.0,-6.0,0.0,0.0,0.4075,28.2,86.0,5619.213,249,Walker2d-v5,8256,Agente_1
1285.5892271995544,228,933888,84.01316046450889,476.2188556151971,-27.488793825733428,166.72,680,0.005885201506316662,-6.0,0.99,8.917858940549195e-05,0.0007462864159606397,0.0003,-5.566906929016113,0.070164255797863,-17.44183349609375,0.09025964885950089,-2.405064821243286,-6.0,0.5421042442321777,2.107896327972412,2.603384141923134,2.3972561521540383,0.9928201023711642,1.0,1.0,1.0,-5.566906929016113,0.070164255797863,-17.44183349609375,0.09025964885950089,-2.405064821243286,-6.0,5.536417007446289,15.404906272888184,-27.672012329101562,1.0,66.0,0.0,0.0,0.0,0.0,0.0,0.0,0.0,,0.0,-6.0,680.0,680.0,0.0,0.005885201506316662,0.005885201506316662,0.0,8.917858940549195e-05,8.917858940549195e-05,0.0,0.0007462864159606397,0.0007462864159606397,0.0,0.0003,0.0003,0.0,-6.0,-6.0,0.0,0.0,0.31875,28.775,86.0375,5615.916,250,Walker2d-v5,8256,Agente_1
1290.973997592926,229,937984,115.74842923620348,476.2188556151971,-25.53238743814974,187.21,680,0.005885201506316662,-6.0,0.99,8.917858940549195e-05,0.0007462864159606397,0.0003,-5.908145427703857,0.08711688220500946,-16.73743438720703,0.08699128776788712,-2.4419472217559814,-6.0,0.531667947769165,1.953094631433487,2.3972561521540383,2.2106973317155507,0.9946150767783732,1.0,1.0,1.0,-5.908145427703857,0.08711688220500946,-16.73743438720703,0.08699128776788712,-2.4419472217559814,-6.0,5.822971820831299,20.68535804748535,-31.505207061767578,1.0,66.0,0.0,0.0,0.0,0.0,0.0,0.0,0.0,,0.0,-6.0,680.0,680.0,0.0,0.005885201506316662,0.005885201506316662,0.0,8.917858940549195e-05,8.917858940549195e-05,0.0,0.0007462864159606397,0.0007462864159606397,0.0,0.0003,0.0003,0.0,-6.0,-6.0,0.0,0.0,0.38571428571428573,28.285714285714285,85.77142857142857,5585.656,251,Walker2d-v5,8256,Agente_1
1296.6091887950897,230,942080,157.21722041170858,528.1327703135098,-25.53238743814974,201.2,680,0.005885201506316662,-6.0,0.99,8.917858940549195e-05,0.0007462864159606397,0.0003,-5.734491348266602,0.060819461941719055,-16.44332504272461,0.08406024426221848,-2.4762215614318848,-6.0,0.5039786100387573,1.7894107699394226,2.2106973317155507,2.0400254595478713,0.9959613075837799,1.0,1.0,1.0,-5.734491348266602,0.060819461941719055,-16.44332504272461,0.08406024426221848,-2.4762215614318848,-6.0,5.485137939453125,18.341127395629883,-33.53067398071289,1.0,66.0,0.0,0.0,0.0,0.0,0.0,0.0,0.0,,0.0,-6.0,680.0,680.0,0.0,0.005885201506316662,0.005885201506316662,0.0,8.917858940549195e-05,8.917858940549195e-05,0.0,0.0007462864159606397,0.0007462864159606397,0.0,0.0003,0.0003,0.0,-6.0,-6.0,0.0,0.0,0.35250000000000004,28.0375,85.725,5589.88,252,Walker2d-v5,8256,Agente_1
1302.2548151016235,231,946176,196.08700382386485,528.1327703135098,-12.471239973230182,210.95,680,0.005885201506316662,-6.0,0.99,8.917858940549195e-05,0.0007462864159606397,0.0003,-6.349088191986084,0.07665850967168808,-16.663644790649414,0.08138857036828995,-2.5085203647613525,-6.0,0.5324839949607849,2.028463363647461,2.0400254595478713,1.8892713130891625,0.9969709806878349,1.0,1.0,1.0,-6.349088191986084,0.07665850967168808,-16.663644790649414,0.08138857036828995,-2.5085203647613525,-6.0,6.232600212097168,21.501211166381836,-31.757707595825195,1.0,66.0,0.0,0.0,0.0,0.0,0.0,0.0,0.0,,0.0,-6.0,680.0,680.0,0.0,0.005885201506316662,0.005885201506316662,0.0,8.917858940549195e-05,8.917858940549195e-05,0.0,0.0007462864159606397,0.0007462864159606397,0.0,0.0003,0.0003,0.0,-6.0,-6.0,0.0,0.0,0.43374999999999997,28.2125,85.80000000000001,5594.333,253,Walker2d-v5,8256,Agente_1
1307.6879510879517,232,950272,224.27232859130766,528.1327703135098,-12.471239973230182,213.99,680,0.005885201506316662,-6.0,0.99,8.917858940549195e-05,0.0007462864159606397,0.0003,-7.266360282897949,0.08659859001636505,-16.716276168823242,0.0789448544383049,-2.539005756378174,-6.0,0.5101566314697266,2.1583003997802734,1.8892713130891625,1.751359844927219,0.9977282355158761,1.0,1.0,1.0,-7.266360282897949,0.08659859001636505,-16.716276168823242,0.0789448544383049,-2.539005756378174,-6.0,7.307817459106445,19.58991813659668,-27.866849899291992,1.0,66.0,0.0,0.0,0.0,0.0,0.0,0.0,0.0,,0.0,-6.0,680.0,680.0,0.0,0.005885201506316662,0.005885201506316662,0.0,8.917858940549195e-05,8.917858940549195e-05,0.0,0.0007462864159606397,0.0007462864159606397,0.0,0.0003,0.0003,0.0,-6.0,-6.0,0.0,0.0,0.31142857142857144,24.771428571428572,85.77142857142857,5567.262,254,Walker2d-v5,8256,Agente_1
1313.4820864200592,233,954368,285.77896893731975,672.6784052575161,0.8023467872528962,227.25,680,0.005885201506316662,-6.0,0.99,8.917858940549195e-05,0.0007462864159606397,0.0003,-7.145640850067139,0.10404951870441437,-15.869606018066406,0.07667819410562515,-2.5681378841400146,-6.0,0.43873271346092224,1.9539462327957153,1.751359844927219,1.6200971317805895,0.9982961766369071,1.0,1.0,1.0,-7.145640850067139,0.10404951870441437,-15.869606018066406,0.07667819410562515,-2.5681378841400146,-6.0,6.833076000213623,27.46816635131836,-39.67675018310547,1.0,66.0,0.0,0.0,0.0,0.0,0.0,0.0,0.0,,0.0,-6.0,680.0,680.0,0.0,0.005885201506316662,0.005885201506316662,0.0,8.917858940549195e-05,8.917858940549195e-05,0.0,0.0007462864159606397,0.0007462864159606397,0.0,0.0003,0.0003,0.0,-6.0,-6.0,0.0,0.0,0.4255555555555556,27.81111111111111,85.75555555555556,5588.165,255,Walker2d-v5,8256,Agente_1
1319.2063157558441,234,958464,322.6750295215539,843.0947996162608,13.025072528207582,224.98,680,0.005885201506316662,-6.0,0.99,8.917858940549195e-05,0.0007462864159606397,0.0003,-8.734963417053223,0.11030550301074982,-14.632709503173828,0.07460680603981018,-2.5955235958099365,-6.0,0.5131256580352783,2.6809704899787903,1.6200971317805895,1.5093999844060584,0.9987221324776803,1.0,1.0,1.0,-8.734963417053223,0.11030550301074982,-14.632709503173828,0.07460680603981018,-2.5955235958099365,-6.0,8.46999454498291,34.74087905883789,-38.05628204345703,1.0,66.0,0.0,0.0,0.0,0.0,0.0,0.0,0.0,,0.0,-6.0,680.0,680.0,0.0,0.005885201506316662,0.005885201506316662,0.0,8.917858940549195e-05,8.917858940549195e-05,0.0,0.0007462864159606397,0.0007462864159606397,0.0,0.0003,0.0003,0.0,-6.0,-6.0,0.0,0.0,0.3885714285714285,27.47142857142857,85.70000000000002,5603.993,256,Walker2d-v5,8256,Agente_1
1324.7868704795837,235,962560,343.13785085227516,843.0947996162608,75.7839477517246,211.99,680,0.005885201506316662,-6.0,0.99,8.917858940549195e-05,0.0007462864159606397,0.0003,-9.628995895385742,0.10970673710107803,-15.890438079833984,0.07264482975006104,-2.6221730709075928,-6.0,0.4579765796661377,2.8808830976486206,1.5093999844060584,1.4042576439320662,0.9990415993582602,1.0,1.0,1.0,-9.628995895385742,0.10970673710107803,-15.890438079833984,0.07264482975006104,-2.6221730709075928,-6.0,9.28458023071289,23.386762619018555,-37.459556579589844,1.0,66.0,0.0,0.0,0.0,0.0,0.0,0.0,0.0,,0.0,-6.0,680.0,680.0,0.0,0.005885201506316662,0.005885201506316662,0.0,8.917858940549195e-05,8.917858940549195e-05,0.0,0.0007462864159606397,0.0007462864159606397,0.0,0.0003,0.0003,0.0,-6.0,-6.0,0.0,0.0,0.26035714285714284,24.27857142857143,86.16071428571429,5583.814,257,Walker2d-v5,8256,Agente_1
1330.1024498939514,236,966656,339.3730642757624,843.0947996162608,75.7839477517246,202.33,680,0.005885201506316662,-6.0,0.99,8.917858940549195e-05,0.0007462864159606397,0.0003,-10.278136253356934,0.10329855978488922,-15.401562690734863,0.07080398499965668,-2.6478400230407715,-6.0,0.4596898555755615,1.8534232378005981,1.4042576439320662,1.309800865096416,0.9992811995186952,1.0,1.0,1.0,-10.278136253356934,0.10329855978488922,-15.401562690734863,0.07080398499965668,-2.6478400230407715,-6.0,9.99216079711914,27.554960250854492,-47.883262634277344,1.0,66.0,0.0,0.0,0.0,0.0,0.0,0.0,0.0,,0.0,-6.0,680.0,680.0,0.0,0.005885201506316662,0.005885201506316662,0.0,8.917858940549195e-05,8.917858940549195e-05,0.0,0.0007462864159606397,0.0007462864159606397,0.0,0.0003,0.0003,0.0,-6.0,-6.0,0.0,0.0,0.2275,21.3625,79.9875,5573.01,258,Walker2d-v5,8256,Agente_1
1335.1027252674103,237,970752,332.53225777618934,843.0947996162608,160.67906155893084,189.76,680,0.005885201506316662,-6.0,0.99,8.917858940549195e-05,0.0007462864159606397,0.0003,-10.239870071411133,0.11168516427278519,-14.871813774108887,0.0690428838133812,-2.673027515411377,-6.0,0.4976457357406616,3.0541794300079346,1.309800865096416,1.2285853521608405,0.9994608996390214,1.0,1.0,1.0,-10.239870071411133,0.11168516427278519,-14.871813774108887,0.0690428838133812,-2.673027515411377,-6.0,9.8314208984375,26.00844383239746,-36.54525375366211,1.0,66.0,0.0,0.0,0.0,0.0,0.0,0.0,0.0,,0.0,-6.0,680.0,680.0,0.0,0.005885201506316662,0.005885201506316662,0.0,8.917858940549195e-05,8.917858940549195e-05,0.0,0.0007462864159606397,0.0007462864159606397,0.0,0.0003,0.0003,0.0,-6.0,-6.0,0.0,0.0,0.21166666666666667,16.8,72.56666666666666,5500.45,259,Walker2d-v5,8256,Agente_1
1340.1038136482239,238,974848,326.2252335451533,709.4841546605928,131.17770444432435,181.92,680,0.005885201506316662,-6.0,0.99,8.917858940549195e-05,0.0007462864159606397,0.0003,-10.531255722045898,0.16854165494441986,-15.108805656433105,0.06737589091062546,-2.6974680423736572,-6.0,0.5386523008346558,5.084031343460083,1.2285853521608405,1.1595920470282222,0.999595674729266,1.0,1.0,1.0,-10.531255722045898,0.16854165494441986,-15.108805656433105,0.06737589091062546,-2.6974680423736572,-6.0,10.257440567016602,30.121183395385742,-36.07523727416992,1.0,66.0,0.0,0.0,0.0,0.0,0.0,0.0,0.0,,0.0,-6.0,680.0,680.0,0.0,0.005885201506316662,0.005885201506316662,0.0,8.917858940549195e-05,8.917858940549195e-05,0.0,0.0007462864159606397,0.0007462864159606397,0.0,0.0003,0.0003,0.0,-6.0,-6.0,0.0,0.0,0.1771428571428571,16.942857142857143,72.87142857142858,5439.689,260,Walker2d-v5,8256,Agente_1
1345.5208134651184,239,978944,337.29996806936185,483.4030038172997,131.17770444432435,182.87,680,0.005885201506316662,-6.0,0.99,8.917858940549195e-05,0.0007462864159606397,0.0003,-12.506982803344727,0.1359516829252243,-14.104269027709961,0.06575391441583633,-2.7218360900878906,-6.0,0.44489288330078125,3.9156166315078735,1.1595920470282222,1.088122130655478,0.9996967560469495,1.0,1.0,1.0,-12.506982803344727,0.1359516829252243,-14.104269027709961,0.06575391441583633,-2.7218360900878906,-6.0,12.068550109863281,38.407630920410156,-44.476688385009766,1.0,66.0,0.0,0.0,0.0,0.0,0.0,0.0,0.0,,0.0,-6.0,680.0,680.0,0.0,0.005885201506316662,0.005885201506316662,0.0,8.917858940549195e-05,8.917858940549195e-05,0.0,0.0007462864159606397,0.0007462864159606397,0.0,0.0003,0.0003,0.0,-6.0,-6.0,0.0,0.0,0.1725,17.8625,59.7625,5442.853,261,Walker2d-v5,8256,Agente_1
1350.5095837116241,240,983040,349.7924228243119,483.4030038172997,120.43923545689131,192.56,680,0.005885201506316662,-6.0,0.99,8.917858940549195e-05,0.0007462864159606397,0.0003,-12.202016830444336,0.14639225602149963,-14.827428817749023,0.06419098377227783,-2.7458925247192383,-6.0,0.5177960395812988,4.7562096118927,1.088122130655478,1.0310895215480602,0.9997725670352121,1.0,1.0,1.0,-12.202016830444336,0.14639225602149963,-14.827428817749023,0.06419098377227783,-2.7458925247192383,-6.0,11.61536979675293,42.08462905883789,-42.189544677734375,1.0,66.0,0.0,0.0,0.0,0.0,0.0,0.0,0.0,,0.0,-6.0,680.0,680.0,0.0,0.005885201506316662,0.005885201506316662,0.0,8.917858940549195e-05,8.917858940549195e-05,0.0,0.0007462864159606397,0.0007462864159606397,0.0,0.0003,0.0003,0.0,-6.0,-6.0,0.0,0.0,0.18285714285714283,12.214285714285712,47.2,5378.444,262,Walker2d-v5,8256,Agente_1
1355.3956379890442,241,987136,345.7831561154739,483.4030038172997,76.78359358054803,201.25,680,0.005885201506316662,-6.0,0.99,8.917858940549195e-05,0.0007462864159606397,0.0003,-14.076719284057617,0.14387232065200806,-15.44688606262207,0.06265467405319214,-2.7701170444488525,-6.0,0.4541725814342499,3.026605248451233,1.0310895215480602,0.9733978275366792,0.9998294252764091,1.0,1.0,1.0,-14.076719284057617,0.14387232065200806,-15.44688606262207,0.06265467405319214,-2.7701170444488525,-6.0,13.68115520477295,45.190460205078125,-40.33544921875,1.0,66.0,0.0,0.0,0.0,0.0,0.0,0.0,0.0,,0.0,-6.0,680.0,680.0,0.0,0.005885201506316662,0.005885201506316662,0.0,8.917858940549195e-05,8.917858940549195e-05,0.0,0.0007462864159606397,0.0007462864159606397,0.0,0.0003,0.0003,0.0,-6.0,-6.0,0.0,0.0,0.18833333333333332,8.200000000000001,32.699999999999996,5302.527,263,Walker2d-v5,8256,Agente_1
1360.268925189972,242,991232,335.18266513920554,490.00401935889374,76.78359358054803,211.75,680,0.005885201506316662,-6.0,0.99,8.917858940549195e-05,0.0007462864159606397,0.0003,-12.851631164550781,0.12804929912090302,-15.10734748840332,0.06115318834781647,-2.7943732738494873,-6.0,0.45666375756263733,2.9692100882530212,0.9733978275366792,0.9217244205392751,0.9998720689573068,1.0,1.0,1.0,-12.851631164550781,0.12804929912090302,-15.10734748840332,0.06115318834781647,-2.7943732738494873,-6.0,12.291702270507812,34.625389099121094,-37.054935455322266,1.0,66.0,0.0,0.0,0.0,0.0,0.0,0.0,0.0,,0.0,-6.0,680.0,680.0,0.0,0.005885201506316662,0.005885201506316662,0.0,8.917858940549195e-05,8.917858940549195e-05,0.0,0.0007462864159606397,0.0007462864159606397,0.0,0.0003,0.0003,0.0,-6.0,-6.0,0.0,0.0,0.17285714285714282,8.885714285714286,32.65714285714286,5246.705,264,Walker2d-v5,8256,Agente_1
1365.131900548935,243,995328,328.4645964736246,540.1534342792323,67.28312747737077,219.9,680,0.005885201506316662,-6.0,0.99,8.917858940549195e-05,0.0007462864159606397,0.0003,-13.387016296386719,0.14281326532363892,-14.485795974731445,0.059682995080947876,-2.8187081813812256,-6.0,0.39606428146362305,4.745897531509399,0.9217244205392751,0.8691584066317098,0.9999040517179801,1.0,1.0,1.0,-13.387016296386719,0.14281326532363892,-14.485795974731445,0.059682995080947876,-2.8187081813812256,-6.0,12.767043113708496,34.80581283569336,-35.308467864990234,1.0,66.0,0.0,0.0,0.0,0.0,0.0,0.0,0.0,,0.0,-6.0,680.0,680.0,0.0,0.005885201506316662,0.005885201506316662,0.0,8.917858940549195e-05,8.917858940549195e-05,0.0,0.0007462864159606397,0.0007462864159606397,0.0,0.0003,0.0003,0.0,-6.0,-6.0,0.0,0.0,0.19,8.057142857142859,32.67142857142857,5153.903,265,Walker2d-v5,8256,Agente_1
1369.9924066066742,244,999424,339.4832533765713,566.0561128718917,67.28312747737077,233.16,680,0.005885201506316662,-6.0,0.99,8.917858940549195e-05,0.0007462864159606397,0.0003,-14.349431037902832,0.14960405230522156,-15.961515426635742,0.05822911858558655,-2.843369722366333,-6.0,0.47326183319091797,5.855173826217651,0.8691584066317098,0.8295687492876307,0.9999280387884851,1.0,1.0,1.0,-14.349431037902832,0.14960405230522156,-15.961515426635742,0.05822911858558655,-2.843369722366333,-6.0,13.831905364990234,36.7634391784668,-44.80780792236328,1.0,66.0,0.0,0.0,0.0,0.0,0.0,0.0,0.0,,0.0,-6.0,680.0,680.0,0.0,0.005885201506316662,0.005885201506316662,0.0,8.917858940549195e-05,8.917858940549195e-05,0.0,0.0007462864159606397,0.0007462864159606397,0.0,0.0003,0.0003,0.0,-6.0,-6.0,0.0,0.0,0.19499999999999998,8.15,32.63333333333333,5067.428,266,Walker2d-v5,8256,Agente_1
1374.8143055438995,245,1003520,324.39594720540657,594.8481083589784,67.26640202540509,242.52,680,0.005885201506316662,-6.0,0.99,8.917858940549195e-05,0.0007462864159606397,0.0003,-14.92045783996582,0.13523799180984497,-16.753421783447266,0.056813739240169525,-2.8679771423339844,-6.0,0.44578099250793457,4.441701650619507,0.8295687492876307,0.7911899736096611,0.9999460290913639,1.0,1.0,1.0,-14.92045783996582,0.13523799180984497,-16.753421783447266,0.056813739240169525,-2.8679771423339844,-6.0,14.44111442565918,38.834197998046875,-36.13227844238281,1.0,66.0,0.0,0.0,0.0,0.0,0.0,0.0,0.0,,0.0,-6.0,680.0,680.0,0.0,0.005885201506316662,0.005885201506316662,0.0,8.917858940549195e-05,8.917858940549195e-05,0.0,0.0007462864159606397,0.0007462864159606397,0.0,0.0003,0.0003,0.0,-6.0,-6.0,0.0,0.0,0.17285714285714285,8.285714285714286,32.54285714285714,4991.895,267,Walker2d-v5,8256,Agente_1
4.043868780136108,1,4096,1.2265878755165887,45.49237823301518,-8.511075992528315,20.335164835164836,1890,0.0028000035873513326,-6.0,0.99,0.00028735105272464586,0.00024232304693083383,0.0003,-8.157880783081055,0.34127315878868103,-0.16355785727500916,0.9836294651031494,-0.01650594361126423,-6.0,0.8969109058380127,6.507763504981995,,0.8969109058380127,1.0,1.0,1.0,1.0,-8.157880783081055,0.34127315878868103,-0.16355785727500916,0.9836294651031494,-0.01650594361126423,-6.0,4.384441375732422,9.551179885864258,2.4375150203704834,0.0,0.0,0.0,0.0,0.0,0.0,,,,,0.0,-6.0,1890.0,1890.0,0.0,0.0028000035873513326,0.0028000035873513326,0.0,0.00028735105272464586,0.00028735105272464586,0.0,0.00024232304693083383,0.00024232304693083383,0.0,0.0003,0.0003,0.0,-6.0,-6.0,0.0,0.0,0.3533333333333333,24.900000000000002,47.9,4030.529,0,Walker2d-v5,8256,Agente_2
9.470701217651367,2,8192,1.0540559311756161,21.880849841456666,-18.238160989797734,21.235897435897435,1890,0.0028000035873513326,-6.0,0.99,0.00028735105272464586,0.00024232304693083383,0.0003,-7.76392936706543,0.19419224560260773,-0.40632617473602295,0.9602976441383362,-0.04051201418042183,-6.0,0.7193077206611633,4.809016823768616,0.8969109058380127,0.8791505873203278,1.0,1.0,1.0,1.0,-7.76392936706543,0.19419224560260773,-0.40632617473602295,0.9602976441383362,-0.04051201418042183,-6.0,3.94716739654541,6.348904609680176,1.772611141204834,0.0,0.0,0.0,0.0,0.0,0.0,,,,,0.0,-6.0,1890.0,1890.0,0.0,0.0028000035873513326,0.0028000035873513326,0.0,0.00028735105272464586,0.00028735105272464586,0.0,0.00024232304693083383,0.00024232304693083383,0.0,0.0003,0.0003,0.0,-6.0,-6.0,0.0,0.0,0.33,29.057142857142857,49.18571428571429,4722.146,1,Walker2d-v5,8256,Agente_2
14.785747528076172,3,12288,2.797539754973189,37.05986045652547,-10.638591510800845,22.41111111111111,1890,0.0028000035873513326,-6.0,0.99,0.00028735105272464586,0.00024232304693083383,0.0003,-7.833144187927246,0.1446678191423416,-0.6490614414215088,0.9375272989273071,-0.06450938433408737,-6.0,0.6447877287864685,4.412928819656372,0.8791505873203278,0.8557143014669419,1.0,1.0,1.0,1.0,-7.833144187927246,0.1446678191423416,-0.6490614414215088,0.9375272989273071,-0.06450938433408737,-6.0,4.064422607421875,6.765237331390381,1.9463675022125244,0.0,0.0,0.0,0.0,0.0,0.0,,,,,0.0,-6.0,1890.0,1890.0,0.0,0.0028000035873513326,0.0028000035873513326,0.0,0.00028735105272464586,0.00028735105272464586,0.0,0.00024232304693083383,0.00024232304693083383,0.0,0.0003,0.0003,0.0,-6.0,-6.0,0.0,0.0,0.42375,28.4125,49.425,4915.381,2,Walker2d-v5,8256,Agente_2
20.12745761871338,4,16384,2.6310209961132203,29.474330601046002,-9.69554629529874,24.754601226993866,1890,0.0028000035873513326,-6.0,0.99,0.00028735105272464586,0.00024232304693083383,0.0003,-7.892115592956543,0.14818759262561798,-0.8912707567214966,0.915306031703949,-0.0884968489408493,-6.0,0.5981463193893433,4.587839603424072,0.8557143014669419,0.829957503259182,1.0,1.0,1.0,1.0,-7.892115592956543,0.14818759262561798,-0.8912707567214966,0.915306031703949,-0.0884968489408493,-6.0,4.20426082611084,7.355650424957275,1.7096105813980103,0.0,0.0,0.0,0.0,0.0,0.0,,,,,0.0,-6.0,1890.0,1890.0,0.0,0.0028000035873513326,0.0028000035873513326,0.0,0.00028735105272464586,0.00028735105272464586,0.0,0.00024232304693083383,0.00024232304693083383,0.0,0.0003,0.0003,0.0,-6.0,-6.0,0.0,0.0,0.35714285714285715,28.400000000000002,49.27142857142858,5018.66,3,Walker2d-v5,8256,Agente_2
25.64775037765503,5,20480,3.997270962923703,69.35155227002782,-11.165490375759441,25.775,1890,0.0028000035873513326,-6.0,0.99,0.00028735105272464586,0.00024232304693083383,0.0003,-8.082738876342773,0.11978306621313095,-1.1298272609710693,0.8936128616333008,-0.11248265951871872,-6.0,0.6732321381568909,4.903181433677673,0.829957503259182,0.8142849667489529,1.0,1.0,1.0,1.0,-8.082738876342773,0.11978306621313095,-1.1298272609710693,0.8936128616333008,-0.11248265951871872,-6.0,4.54511022567749,7.470091819763184,2.5329232215881348,0.0,0.0,0.0,0.0,0.0,0.0,,,,,0.0,-6.0,1890.0,1890.0,0.0,0.0028000035873513326,0.0028000035873513326,0.0,0.00028735105272464586,0.00028735105272464586,0.0,0.00024232304693083383,0.00024232304693083383,0.0,0.0003,0.0003,0.0,-6.0,-6.0,0.0,0.0,0.3825,27.1,49.425,5116.472,4,Walker2d-v5,8256,Agente_2
30.95437717437744,6,24576,4.837633346359292,40.487820239680545,-10.124508031674294,28.232394366197184,1890,0.0028000035873513326,-6.0,0.99,0.00028735105272464586,0.00024232304693083383,0.0003,-8.280304908752441,0.10763762891292572,-1.3736785650253296,0.8724399209022522,-0.1364615112543106,-6.0,0.6282018423080444,4.673508405685425,0.8142849667489529,0.7956766543048621,1.0,1.0,1.0,1.0,-8.280304908752441,0.10763762891292572,-1.3736785650253296,0.8724399209022522,-0.1364615112543106,-6.0,4.810342788696289,10.427923202514648,2.124140977859497,0.0,0.0,0.0,0.0,0.0,0.0,,,,,0.0,-6.0,1890.0,1890.0,0.0,0.0028000035873513326,0.0028000035873513326,0.0,0.00028735105272464586,0.00028735105272464586,0.0,0.00024232304693083383,0.00024232304693083383,0.0,0.0003,0.0003,0.0,-6.0,-6.0,0.0,0.0,0.44,28.400000000000002,49.642857142857146,5146.291,5,Walker2d-v5,8256,Agente_2
36.84781622886658,7,28672,3.973971365459577,38.29918232841982,-29.897087080693197,27.18421052631579,1890,0.0028000035873513326,-6.0,0.99,0.00028735105272464586,0.00024232304693083383,0.0003,-8.613116264343262,0.08885236084461212,-1.6099560260772705,0.8517763614654541,-0.16043128073215485,-6.0,0.5736299157142639,4.496266603469849,0.7956766543048621,0.7734719804458023,1.0,1.0,1.0,1.0,-8.613116264343262,0.08885236084461212,-1.6099560260772705,0.8517763614654541,-0.16043128073215485,-6.0,5.19120454788208,9.365422248840332,2.5264766216278076,0.0,0.0,0.0,0.0,0.0,0.0,,,,,0.0,-6.0,1890.0,1890.0,0.0,0.0028000035873513326,0.0028000035873513326,0.0,0.00028735105272464586,0.00028735105272464586,0.0,0.00024232304693083383,0.00024232304693083383,0.0,0.0003,0.0003,0.0,-6.0,-6.0,0.0,0.0,0.32625000000000004,28.025,49.875,5250.911,6,Walker2d-v5,8256,Agente_2
42.24810314178467,8,32768,5.882488021420754,59.687205899892646,-7.578248576838682,29.20149253731343,1890,0.0028000035873513326,-6.0,0.99,0.00028735105272464586,0.00024232304693083383,0.0003,-8.876983642578125,0.1206367015838623,-1.853562355041504,0.8316212296485901,-0.1843782216310501,-6.0,0.6004772186279297,5.493393778800964,0.7734719804458023,0.756172504264015,1.0,1.0,1.0,1.0,-8.876983642578125,0.1206367015838623,-1.853562355041504,0.8316212296485901,-0.1843782216310501,-6.0,5.553886413574219,12.222396850585938,2.058960199356079,0.0,0.0,0.0,0.0,0.0,0.0,,,,,0.0,-6.0,1890.0,1890.0,0.0,0.0028000035873513326,0.0028000035873513326,0.0,0.00028735105272464586,0.00028735105272464586,0.0,0.00024232304693083383,0.00024232304693083383,0.0,0.0003,0.0003,0.0,-6.0,-6.0,0.0,0.0,0.29375,28.425,50.0875,5268.292,7,Walker2d-v5,8256,Agente_2
47.737173080444336,9,36864,8.26150179363099,91.97024806474944,-9.123473095661142,32.12698412698413,1890,0.0028000035873513326,-6.0,0.99,0.00028735105272464586,0.00024232304693083383,0.0003,-9.38345718383789,0.09882359206676483,-2.0800347328186035,0.8119728565216064,-0.20828840136528015,-6.0,0.583633542060852,5.330177307128906,0.756172504264015,0.7389186080436988,1.0,1.0,1.0,1.0,-9.38345718383789,0.09882359206676483,-2.0800347328186035,0.8119728565216064,-0.20828840136528015,-6.0,6.127746105194092,12.832477569580078,2.209794044494629,0.0,0.0,0.0,0.0,0.0,0.0,,,,,0.0,-6.0,1890.0,1890.0,0.0,0.0028000035873513326,0.0028000035873513326,0.0,0.00028735105272464586,0.00028735105272464586,0.0,0.00024232304693083383,0.00024232304693083383,0.0,0.0003,0.0003,0.0,-6.0,-6.0,0.0,0.0,0.35000000000000003,27.97142857142857,50.24285714285714,5291.436,8,Walker2d-v5,8256,Agente_2
53.09615421295166,10,40960,7.4287595982038095,62.849076380003666,-9.667867531143724,33.95798319327731,1890,0.0028000035873513326,-6.0,0.99,0.00028735105272464586,0.00024232304693083383,0.0003,-9.648677825927734,0.10837773978710175,-2.303061008453369,0.7928069829940796,-0.23217551410198212,-6.0,0.5663669109344482,5.8793967962265015,0.7389186080436988,0.7216634383327738,1.0,1.0,1.0,1.0,-9.648677825927734,0.10837773978710175,-2.303061008453369,0.7928069829940796,-0.23217551410198212,-6.0,6.535004615783691,11.102615356445312,2.066760301589966,0.0,0.0,0.0,0.0,0.0,0.0,,,,,0.0,-6.0,1890.0,1890.0,0.0,0.0028000035873513326,0.0028000035873513326,0.0,0.00028735105272464586,0.00028735105272464586,0.0,0.00024232304693083383,0.00024232304693083383,0.0,0.0003,0.0003,0.0,-6.0,-6.0,0.0,0.0,0.29625,28.1875,50.4875,5297.023,9,Walker2d-v5,8256,Agente_2
58.730955362319946,11,45056,10.172787777116037,89.08876463649365,-7.522509404527719,39.35,1890,0.0028000035873513326,-6.0,0.99,0.00028735105272464586,0.00024232304693083383,0.0003,-9.909099578857422,0.14379921555519104,-2.5249979496002197,0.7741338610649109,-0.256010502576828,-6.0,0.662767767906189,6.506826877593994,0.7216634383327738,0.7157738712901154,1.0,1.0,1.0,1.0,-9.909099578857422,0.14379921555519104,-2.5249979496002197,0.7741338610649109,-0.256010502576828,-6.0,6.822543621063232,11.737664222717285,2.5531911849975586,0.0,0.0,0.0,0.0,0.0,0.0,,,,,0.0,-6.0,1890.0,1890.0,0.0,0.0028000035873513326,0.0028000035873513326,0.0,0.00028735105272464586,0.00028735105272464586,0.0,0.00024232304693083383,0.00024232304693083383,0.0,0.0003,0.0003,0.0,-6.0,-6.0,0.0,0.0,0.34375,27.487499999999997,50.83749999999999,5456.337,10,Walker2d-v5,8256,Agente_2
64.25982904434204,12,49152,12.400834793608208,149.98330130577972,-7.305332815113675,42.42,1890,0.0028000035873513326,-6.0,0.99,0.00028735105272464586,0.00024232304693083383,0.0003,-10.100598335266113,0.1468837708234787,-2.754993438720703,0.7559543251991272,-0.2797743082046509,-6.0,0.6892156600952148,6.291889548301697,0.7157738712901154,0.7131180501706254,1.0,1.0,1.0,1.0,-10.100598335266113,0.1468837708234787,-2.754993438720703,0.7559543251991272,-0.2797743082046509,-6.0,7.081032752990723,12.19797134399414,1.282876968383789,0.0,0.0,0.0,0.0,0.0,0.0,,,,,0.0,-6.0,1890.0,1890.0,0.0,0.0028000035873513326,0.0028000035873513326,0.0,0.00028735105272464586,0.00028735105272464586,0.0,0.00024232304693083383,0.00024232304693083383,0.0,0.0003,0.0003,0.0,-6.0,-6.0,0.0,0.0,0.4128571428571428,28.357142857142858,51.142857142857146,5466.664,11,Walker2d-v5,8256,Agente_2
70.0302345752716,13,53248,13.01092630226547,132.51100755077755,-17.632658684353544,49.91,1890,0.0028000035873513326,-6.0,0.99,0.00028735105272464586,0.00024232304693083383,0.0003,-10.639013290405273,0.1202726662158966,-2.9813287258148193,0.7382487058639526,-0.30347445607185364,-6.0,0.6314213275909424,6.046192288398743,0.7131180501706254,0.7049483779126571,1.0,1.0,1.0,1.0,-10.639013290405273,0.1202726662158966,-2.9813287258148193,0.7382487058639526,-0.30347445607185364,-6.0,7.691615104675293,19.69341278076172,1.5499203205108643,0.0,0.0,0.0,0.0,0.0,0.0,,,,,0.0,-6.0,1890.0,1890.0,0.0,0.0028000035873513326,0.0028000035873513326,0.0,0.00028735105272464586,0.00028735105272464586,0.0,0.00024232304693083383,0.00024232304693083383,0.0,0.0003,0.0003,0.0,-6.0,-6.0,0.0,0.0,0.38125,28.6,51.1375,5512.265,12,Walker2d-v5,8256,Agente_2
75.40686893463135,14,57344,12.672126571296369,69.87191781918744,-23.675726297502557,85.72222222222223,1433,0.013378087135862844,-6.0,0.99,2.0033281017559205e-05,0.0005284620909716309,0.0003,-6.275495529174805,0.06175879389047623,-3.113327741622925,0.7292317152023315,-0.3157637119293213,-6.0,0.43788984417915344,1.8122515976428986,1.4252082258170913,1.3264763876532975,0.7351262138668454,1.0,1.0,1.0,-6.275495529174805,0.06175879389047623,-3.113327741622925,0.7292317152023315,-0.3157637119293213,-6.0,3.5407121181488037,7.934032440185547,0.20898368954658508,0.0,0.0,0.0,0.0,0.0,0.0,0.0,0.0,0.0,,0.0,-6.0,1433.0,1433.0,0.0,0.013378087135862844,0.013378087135862844,0.0,2.0033281017559205e-05,2.0033281017559205e-05,0.0,0.0005284620909716309,0.0005284620909716309,0.0,0.0003,0.0003,0.0,-6.0,-6.0,0.0,0.0,0.36363636363636365,34.28181818181818,53.77272727272727,5557.302,13,Walker2d-v5,8256,Agente_2
80.90925598144531,15,61440,13.006603805413063,223.09877466096583,-23.675726297502557,59.83,1433,0.013378087135862844,-6.0,0.99,2.0033281017559205e-05,0.0005284620909716309,0.0003,-8.30318832397461,0.04968564212322235,-3.418509006500244,0.7106317281723022,-0.3416009843349457,-6.0,0.4022822976112366,1.2701219320297241,1.3264763876532975,1.2340569786490914,0.8013446604001341,1.0,1.0,1.0,-8.30318832397461,0.04968564212322235,-3.418509006500244,0.7106317281723022,-0.3416009843349457,-6.0,5.620058536529541,10.441940307617188,1.2742419242858887,0.0,0.0,0.0,0.0,0.0,0.0,0.0,0.0,0.0,,0.0,-6.0,1433.0,1433.0,0.0,0.013378087135862844,0.013378087135862844,0.0,2.0033281017559205e-05,2.0033281017559205e-05,0.0,0.0005284620909716309,0.0005284620909716309,0.0,0.0003,0.0003,0.0,-6.0,-6.0,0.0,0.0,0.3525,28.0375,54.724999999999994,5522.016,14,Walker2d-v5,8256,Agente_2
86.40226030349731,16,65536,17.502874339100075,223.09877466096583,-10.525596558449228,59.53,1433,0.013378087135862844,-6.0,0.99,2.0033281017559205e-05,0.0005284620909716309,0.0003,-10.327293395996094,0.06310790777206421,-3.6324594020843506,0.6926601529121399,-0.3672158718109131,-6.0,0.4090192914009094,1.310204267501831,1.2340569786490914,1.1515532099242731,0.8510084953001006,1.0,1.0,1.0,-10.327293395996094,0.06310790777206421,-3.6324594020843506,0.6926601529121399,-0.3672158718109131,-6.0,7.7924628257751465,14.621088027954102,1.2542463541030884,0.0,0.0,0.0,0.0,0.0,0.0,0.0,0.0,0.0,,0.0,-6.0,1433.0,1433.0,0.0,0.013378087135862844,0.013378087135862844,0.0,2.0033281017559205e-05,2.0033281017559205e-05,0.0,0.0005284620909716309,0.0005284620909716309,0.0,0.0003,0.0003,0.0,-6.0,-6.0,0.0,0.0,0.3742857142857142,28.75714285714286,54.385714285714286,5507.417,15,Walker2d-v5,8256,Agente_2
92.06511783599854,17,69632,23.043245369916733,246.8268063504099,-13.582989127872398,74.67,1433,0.013378087135862844,-6.0,0.99,2.0033281017559205e-05,0.0005284620909716309,0.0003,-12.566509246826172,0.10526597499847412,-3.852267265319824,0.6753973960876465,-0.39245402812957764,-6.0,0.5206668376922607,5.03671932220459,1.1515532099242731,1.088464572701072,0.8882563714750754,1.0,1.0,1.0,-12.566509246826172,0.10526597499847412,-3.852267265319824,0.6753973960876465,-0.39245402812957764,-6.0,10.05736255645752,21.29833221435547,1.5443249940872192,0.0,0.0,0.0,0.0,0.0,0.0,0.0,0.0,0.0,,0.0,-6.0,1433.0,1433.0,0.0,0.013378087135862844,0.013378087135862844,0.0,2.0033281017559205e-05,2.0033281017559205e-05,0.0,0.0005284620909716309,0.0005284620909716309,0.0,0.0003,0.0003,0.0,-6.0,-6.0,0.0,0.0,0.33,27.887500000000003,54.55,5543.407,16,Walker2d-v5,8256,Agente_2
97.4733157157898,18,73728,29.86049274721433,287.2312602514076,-23.109786416949248,89.65,1433,0.013378087135862844,-6.0,0.99,2.0033281017559205e-05,0.0005284620909716309,0.0003,-14.640897750854492,0.1452043354511261,-3.969550371170044,0.6588225364685059,-0.41730108857154846,-6.0,0.6702547073364258,4.809921860694885,1.088464572701072,1.0466435861646073,0.9161922786063066,1.0,1.0,1.0,-14.640897750854492,0.1452043354511261,-3.969550371170044,0.6588225364685059,-0.41730108857154846,-6.0,12.291136741638184,31.75904083251953,0.5297327041625977,0.0,0.0,0.0,0.0,0.0,0.0,0.0,0.0,0.0,,0.0,-6.0,1433.0,1433.0,0.0,0.013378087135862844,0.013378087135862844,0.0,2.0033281017559205e-05,2.0033281017559205e-05,0.0,0.0005284620909716309,0.0005284620909716309,0.0,0.0003,0.0003,0.0,-6.0,-6.0,0.0,0.0,0.31857142857142856,28.214285714285715,54.685714285714276,5513.939,17,Walker2d-v5,8256,Agente_2
102.97440195083618,19,77824,29.323310863943156,319.82928486893036,-40.88219145281258,106.71,1433,0.013378087135862844,-6.0,0.99,2.0033281017559205e-05,0.0005284620909716309,0.0003,-16.918745040893555,0.18574583530426025,-4.164648532867432,0.6429772973060608,-0.44164586067199707,-6.0,0.7569594383239746,5.695426821708679,1.0466435861646073,1.017675171380544,0.9371442089547299,1.0,1.0,1.0,-16.918745040893555,0.18574583530426025,-4.164648532867432,0.6429772973060608,-0.44164586067199707,-6.0,14.637556076049805,35.94850540161133,0.21070638298988342,0.0,0.0,0.0,0.0,0.0,0.0,0.0,0.0,0.0,,0.0,-6.0,1433.0,1433.0,0.0,0.013378087135862844,0.013378087135862844,0.0,2.0033281017559205e-05,2.0033281017559205e-05,0.0,0.0005284620909716309,0.0005284620909716309,0.0,0.0003,0.0003,0.0,-6.0,-6.0,0.0,0.0,0.35,28.837500000000002,54.712500000000006,5509.938,18,Walker2d-v5,8256,Agente_2
108.83611702919006,20,81920,25.19449523756766,319.82928486893036,-40.88219145281258,119.49,1433,0.013378087135862844,-6.0,0.99,2.0033281017559205e-05,0.0005284620909716309,0.0003,-18.82453155517578,0.17233729362487793,-4.348232746124268,0.6277903318405151,-0.4655490815639496,-6.0,0.8221683502197266,4.18249773979187,1.017675171380544,0.9981244892644623,0.9528581567160475,1.0,1.0,1.0,-18.82453155517578,0.17233729362487793,-4.348232746124268,0.6277903318405151,-0.4655490815639496,-6.0,16.6229248046875,39.48580551147461,2.3563878536224365,0.0,0.0,0.0,0.0,0.0,0.0,0.0,0.0,0.0,,0.0,-6.0,1433.0,1433.0,0.0,0.013378087135862844,0.013378087135862844,0.0,2.0033281017559205e-05,2.0033281017559205e-05,0.0,0.0005284620909716309,0.0005284620909716309,0.0,0.0003,0.0003,0.0,-6.0,-6.0,0.0,0.0,0.34428571428571425,28.54285714285714,55.01428571428572,5558.625,19,Walker2d-v5,8256,Agente_2
114.73077201843262,21,86016,11.028503661057712,319.82928486893036,-40.88219145281258,122.87,1433,0.013378087135862844,-6.0,0.99,2.0033281017559205e-05,0.0005284620909716309,0.0003,-21.18210792541504,0.2110120952129364,-4.413049697875977,0.6132395267486572,-0.48899972438812256,-6.0,0.9004898071289062,4.725116968154907,0.9981244892644623,0.9883610210509066,0.9646436175370356,1.0,1.0,1.0,-21.18210792541504,0.2110120952129364,-4.413049697875977,0.6132395267486572,-0.48899972438812256,-6.0,18.935232162475586,34.772300720214844,0.35008126497268677,0.0,0.0,0.0,0.0,0.0,0.0,0.0,0.0,0.0,,0.0,-6.0,1433.0,1433.0,0.0,0.013378087135862844,0.013378087135862844,0.0,2.0033281017559205e-05,2.0033281017559205e-05,0.0,0.0005284620909716309,0.0005284620909716309,0.0,0.0003,0.0003,0.0,-6.0,-6.0,0.0,0.0,0.32499999999999996,28.5375,55.325,5598.873,20,Walker2d-v5,8256,Agente_2
120.27717614173889,22,90112,17.212111545339468,319.82928486893036,-40.20045533774387,129.12,1433,0.013378087135862844,-6.0,0.99,2.0033281017559205e-05,0.0005284620909716309,0.0003,-22.404123306274414,0.2179475724697113,-4.486331462860107,0.5992788076400757,-0.5120283365249634,-6.0,0.9682402610778809,4.9921746253967285,0.9883610210509066,0.986348945053604,0.9734827131527768,1.0,1.0,1.0,-22.404123306274414,0.2179475724697113,-4.486331462860107,0.5992788076400757,-0.5120283365249634,-6.0,20.067867279052734,44.33088302612305,-0.5063942670822144,0.0,0.0,0.0,0.0,0.0,0.0,0.0,0.0,0.0,,0.0,-6.0,1433.0,1433.0,0.0,0.013378087135862844,0.013378087135862844,0.0,2.0033281017559205e-05,2.0033281017559205e-05,0.0,0.0005284620909716309,0.0005284620909716309,0.0,0.0003,0.0003,0.0,-6.0,-6.0,0.0,0.0,0.39875000000000005,28.45,55.525000000000006,5591.744,21,Walker2d-v5,8256,Agente_2
125.7516598701477,23,94208,15.648851625658988,284.3818988629946,-50.67740565717408,133.98,1433,0.013378087135862844,-6.0,0.99,2.0033281017559205e-05,0.0005284620909716309,0.0003,-24.383201599121094,0.23297536373138428,-4.727320194244385,0.5858227014541626,-0.5347380638122559,-6.0,1.1134076118469238,6.835278034210205,0.986348945053604,0.9990548117329361,0.9498957110252645,0.8791347046427275,1.0,0.8791347046427275,-24.383201599121094,0.23297536373138428,-4.727320194244385,0.5858227014541626,-0.5347380638122559,-6.0,22.16037368774414,55.97095489501953,-1.4989240169525146,0.0,0.0,0.0,0.0,0.0,0.0,0.0,0.0,0.0,,0.0,-6.0,1433.0,1433.0,0.0,0.013378087135862844,0.013378087135862844,0.0,2.0033281017559205e-05,2.0033281017559205e-05,0.0,0.0005284620909716309,0.0005284620909716309,0.0,0.0003,0.0003,0.0,-6.0,-6.0,0.0,0.0,0.37,27.957142857142856,55.82857142857143,5578.589,22,Walker2d-v5,8256,Agente_2
131.12008571624756,24,98304,26.076248535755596,284.3818988629946,-50.67740565717408,147.5,1433,0.013378087135862844,-6.0,0.99,2.0033281017559205e-05,0.0005284620909716309,0.0003,-26.74596405029297,0.22423064708709717,-4.82217264175415,0.572733998298645,-0.5573338866233826,-6.0,1.099308967590332,4.642568588256836,0.9990548117329361,1.0090802273186756,0.9385522059474978,0.9045216907141977,1.0,0.9045216907141977,-26.74596405029297,0.22423064708709717,-4.82217264175415,0.572733998298645,-0.5573338866233826,-6.0,24.580839157104492,57.39631271362305,-0.6536099910736084,0.0,0.0,0.0,0.0,0.0,0.0,0.0,0.0,0.0,,0.0,-6.0,1433.0,1433.0,0.0,0.013378087135862844,0.013378087135862844,0.0,2.0033281017559205e-05,2.0033281017559205e-05,0.0,0.0005284620909716309,0.0005284620909716309,0.0,0.0003,0.0003,0.0,-6.0,-6.0,0.0,0.0,0.33875,26.925,53.712500000000006,5558.612,23,Walker2d-v5,8256,Agente_2
136.59850764274597,25,102400,28.953219257124957,319.7566686881017,-50.67740565717408,151.8,1433,0.013378087135862844,-6.0,0.99,2.0033281017559205e-05,0.0005284620909716309,0.0003,-27.235998153686523,0.31103670597076416,-4.973456382751465,0.560032844543457,-0.5797598361968994,-6.0,1.298445701599121,9.49006175994873,1.0090802273186756,1.0380167747467202,0.8915868223341101,0.750690671493947,1.0,0.750690671493947,-27.235998153686523,0.31103670597076416,-4.973456382751465,0.560032844543457,-0.5797598361968994,-6.0,24.899227142333984,73.7896957397461,-0.9288520216941833,0.0,0.0,0.0,0.0,0.0,0.0,0.0,0.0,0.0,,0.0,-6.0,1433.0,1433.0,0.0,0.013378087135862844,0.013378087135862844,0.0,2.0033281017559205e-05,2.0033281017559205e-05,0.0,0.0005284620909716309,0.0005284620909716309,0.0,0.0003,0.0003,0.0,-6.0,-6.0,0.0,0.0,0.20571428571428574,28.628571428571426,53.74285714285714,5556.739,24,Walker2d-v5,8256,Agente_2
141.80600357055664,26,106496,42.31576493299368,383.91341693481553,-50.67740565717408,162.19,1433,0.013378087135862844,-6.0,0.99,2.0033281017559205e-05,0.0005284620909716309,0.0003,-30.33391571044922,0.27758142352104187,-5.197347164154053,0.5476091504096985,-0.6021934151649475,-6.0,1.2946176528930664,5.863070964813232,1.0380167747467202,1.0636768625613549,0.8639356503438047,0.7809821343728884,1.0,0.7809821343728884,-30.33391571044922,0.27758142352104187,-5.197347164154053,0.5476091504096985,-0.6021934151649475,-6.0,28.30464744567871,54.13309860229492,-0.4395013153553009,0.0,0.0,0.0,0.0,0.0,0.0,0.0,0.0,0.0,,0.0,-6.0,1433.0,1433.0,0.0,0.013378087135862844,0.013378087135862844,0.0,2.0033281017559205e-05,2.0033281017559205e-05,0.0,0.0005284620909716309,0.0005284620909716309,0.0,0.0003,0.0003,0.0,-6.0,-6.0,0.0,0.0,0.2642857142857143,25.514285714285716,54.92857142857144,5528.499,25,Walker2d-v5,8256,Agente_2
147.49716353416443,27,110592,22.120493158016366,62.21682941767676,-4.382945460334877,97.65384615384616,1433,0.013378087135862844,-6.0,0.99,2.0033281017559205e-05,0.0005284620909716309,0.0003,-4.954496383666992,0.04431147873401642,-6.200708866119385,0.5343601703643799,-0.6266852021217346,-6.0,0.4278920292854309,1.4789906740188599,1.4252082258170913,1.3254766061639252,0.7351262138668454,1.0,1.0,1.0,-4.954496383666992,0.04431147873401642,-6.200708866119385,0.5343601703643799,-0.6266852021217346,-6.0,2.916616916656494,7.873727321624756,-0.485144704580307,0.0,0.0,0.0,0.0,0.0,0.0,0.0,0.0,0.0,,0.0,-6.0,1433.0,1433.0,0.0,0.013378087135862844,0.013378087135862844,0.0,2.0033281017559205e-05,2.0033281017559205e-05,0.0,0.0005284620909716309,0.0005284620909716309,0.0,0.0003,0.0003,0.0,-6.0,-6.0,0.0,0.0,0.3738461538461539,25.39230769230769,63.46153846153847,5679.115,26,Walker2d-v5,8256,Agente_2
152.91543841362,28,114688,22.23790659346853,147.45282005217163,-8.58577733243692,82.9875,1433,0.013378087135862844,-6.0,0.99,2.0033281017559205e-05,0.0005284620909716309,0.0003,-6.667937278747559,0.01843339577317238,-6.5416998863220215,0.5207244157791138,-0.6525343060493469,-6.0,0.2784624695777893,0.8429357558488846,1.3254766061639252,1.2207751925053116,0.8013446604001341,1.0,1.0,1.0,-6.667937278747559,0.01843339577317238,-6.5416998863220215,0.5207244157791138,-0.6525343060493469,-6.0,4.748454570770264,11.31881332397461,0.07163834571838379,0.0,0.0,0.0,0.0,0.0,0.0,0.0,0.0,0.0,,0.0,-6.0,1433.0,1433.0,0.0,0.013378087135862844,0.013378087135862844,0.0,2.0033281017559205e-05,2.0033281017559205e-05,0.0,0.0005284620909716309,0.0005284620909716309,0.0,0.0003,0.0003,0.0,-6.0,-6.0,0.0,0.0,0.4542857142857143,27.514285714285712,64.91428571428571,5543.819,27,Walker2d-v5,8256,Agente_2
158.59183430671692,29,118784,32.40035658665395,248.10126109835716,-11.739164281826325,82.93,1433,0.013378087135862844,-6.0,0.99,2.0033281017559205e-05,0.0005284620909716309,0.0003,-8.466760635375977,0.04442761838436127,-6.713584899902344,0.5075483918190002,-0.6781631708145142,-6.0,0.3808645009994507,1.3820623457431793,1.2207751925053116,1.1367841233547256,0.8510084953001006,1.0,1.0,1.0,-8.466760635375977,0.04442761838436127,-6.713584899902344,0.5075483918190002,-0.6781631708145142,-6.0,6.709756851196289,17.913660049438477,-0.09993772208690643,0.0,0.0,0.0,0.0,0.0,0.0,0.0,0.0,0.0,,0.0,-6.0,1433.0,1433.0,0.0,0.013378087135862844,0.013378087135862844,0.0,2.0033281017559205e-05,2.0033281017559205e-05,0.0,0.0005284620909716309,0.0005284620909716309,0.0,0.0003,0.0003,0.0,-6.0,-6.0,0.0,0.0,0.33875,28.6,64.625,5583.842,28,Walker2d-v5,8256,Agente_2
164.22143602371216,30,122880,35.622963150083486,248.10126109835716,-26.75853422989932,90.43,1433,0.013378087135862844,-6.0,0.99,2.0033281017559205e-05,0.0005284620909716309,0.0003,-9.807777404785156,0.0458027683198452,-6.888777256011963,0.4949135184288025,-0.7033722400665283,-6.0,0.4472160339355469,1.6536479592323303,1.1367841233547256,1.0678273144128076,0.8882563714750754,1.0,1.0,1.0,-9.807777404785156,0.0458027683198452,-6.888777256011963,0.4949135184288025,-0.7033722400665283,-6.0,8.014056205749512,18.18505096435547,-0.4913492202758789,0.0,0.0,0.0,0.0,0.0,0.0,0.0,0.0,0.0,,0.0,-6.0,1433.0,1433.0,0.0,0.013378087135862844,0.013378087135862844,0.0,2.0033281017559205e-05,2.0033281017559205e-05,0.0,0.0005284620909716309,0.0005284620909716309,0.0,0.0003,0.0003,0.0,-6.0,-6.0,0.0,0.0,0.3525,28.4375,64.69999999999999,5592.837,29,Walker2d-v5,8256,Agente_2
169.846120595932,31,126976,50.909319363908835,332.797619017477,-26.75853422989932,111.08,1433,0.013378087135862844,-6.0,0.99,2.0033281017559205e-05,0.0005284620909716309,0.0003,-11.594562530517578,0.06870827078819275,-6.750297546386719,0.48288148641586304,-0.7279840111732483,-6.0,0.47571325302124023,2.085623621940613,1.0678273144128076,1.008615908273651,0.9161922786063066,1.0,1.0,1.0,-11.594562530517578,0.06870827078819275,-6.750297546386719,0.48288148641586304,-0.7279840111732483,-6.0,9.907049179077148,24.184452056884766,-0.5628982782363892,0.0,0.0,0.0,0.0,0.0,0.0,0.0,0.0,0.0,,0.0,-6.0,1433.0,1433.0,0.0,0.013378087135862844,0.013378087135862844,0.0,2.0033281017559205e-05,2.0033281017559205e-05,0.0,0.0005284620909716309,0.0005284620909716309,0.0,0.0003,0.0003,0.0,-6.0,-6.0,0.0,0.0,0.40285714285714286,27.82857142857143,64.58571428571429,5596.987,30,Walker2d-v5,8256,Agente_2
175.4070167541504,32,131072,58.51490035887032,332.797619017477,-29.49957192858863,128.56,1433,0.013378087135862844,-6.0,0.99,2.0033281017559205e-05,0.0005284620909716309,0.0003,-13.403133392333984,0.06971409916877747,-6.955652236938477,0.471460223197937,-0.7519205808639526,-6.0,0.5903875827789307,1.8916314840316772,1.008615908273651,0.9667930757241789,0.9371442089547299,1.0,1.0,1.0,-13.403133392333984,0.06971409916877747,-6.955652236938477,0.471460223197937,-0.7519205808639526,-6.0,11.67725658416748,28.958600997924805,-0.4932194948196411,0.0,0.0,0.0,0.0,0.0,0.0,0.0,0.0,0.0,,0.0,-6.0,1433.0,1433.0,0.0,0.013378087135862844,0.013378087135862844,0.0,2.0033281017559205e-05,2.0033281017559205e-05,0.0,0.0005284620909716309,0.0005284620909716309,0.0,0.0003,0.0003,0.0,-6.0,-6.0,0.0,0.0,0.38875,28.0875,64.80000000000001,5588.586,31,Walker2d-v5,8256,Agente_2
180.8510720729828,33,135168,55.50966687117506,436.0060764337194,-45.38458269057837,145.94,1433,0.013378087135862844,-6.0,0.99,2.0033281017559205e-05,0.0005284620909716309,0.0003,-14.9064302444458,0.10188417136669159,-6.985783576965332,0.46058914065361023,-0.7752488255500793,-6.0,0.6962205767631531,2.8674566745758057,0.9667930757241789,0.9397358258280764,0.9528581567160475,1.0,1.0,1.0,-14.9064302444458,0.10188417136669159,-6.985783576965332,0.46058914065361023,-0.7752488255500793,-6.0,13.16964340209961,44.012657165527344,-0.5910366177558899,0.0,0.0,0.0,0.0,0.0,0.0,0.0,0.0,0.0,,0.0,-6.0,1433.0,1433.0,0.0,0.013378087135862844,0.013378087135862844,0.0,2.0033281017559205e-05,2.0033281017559205e-05,0.0,0.0005284620909716309,0.0005284620909716309,0.0,0.0003,0.0003,0.0,-6.0,-6.0,0.0,0.0,0.35571428571428576,28.27142857142857,64.84285714285714,5566.18,32,Walker2d-v5,8256,Agente_2
186.40097522735596,34,139264,64.95400561099589,436.0060764337194,-45.38458269057837,158.92,1433,0.013378087135862844,-6.0,0.99,2.0033281017559205e-05,0.0005284620909716309,0.0003,-17.101741790771484,0.13912290334701538,-6.851015567779541,0.4502032697200775,-0.7980561256408691,-6.0,0.7115054130554199,8.0127854347229,0.9397358258280764,0.9169127845508107,0.9646436175370356,1.0,1.0,1.0,-17.101741790771484,0.13912290334701538,-6.851015567779541,0.4502032697200775,-0.7980561256408691,-6.0,15.288960456848145,34.28598403930664,-0.6629449129104614,0.0,0.0,0.0,0.0,0.0,0.0,0.0,0.0,0.0,,0.0,-6.0,1433.0,1433.0,0.0,0.013378087135862844,0.013378087135862844,0.0,2.0033281017559205e-05,2.0033281017559205e-05,0.0,0.0005284620909716309,0.0005284620909716309,0.0,0.0003,0.0003,0.0,-6.0,-6.0,0.0,0.0,0.41875,28.3375,64.8125,5562.587,33,Walker2d-v5,8256,Agente_2
191.92902207374573,35,143360,63.26180149233608,436.0060764337194,-45.38458269057837,161.6,1433,0.013378087135862844,-6.0,0.99,2.0033281017559205e-05,0.0005284620909716309,0.0003,-18.477436065673828,0.16512615978717804,-7.012136459350586,0.4402153193950653,-0.8204913139343262,-6.0,0.883601188659668,5.155453443527222,0.9169127845508107,0.9135816249616964,0.9734827131527768,1.0,1.0,1.0,-18.477436065673828,0.16512615978717804,-7.012136459350586,0.4402153193950653,-0.8204913139343262,-6.0,16.76416015625,37.89133071899414,-0.8412325978279114,0.0,0.0,0.0,0.0,0.0,0.0,0.0,0.0,0.0,,0.0,-6.0,1433.0,1433.0,0.0,0.013378087135862844,0.013378087135862844,0.0,2.0033281017559205e-05,2.0033281017559205e-05,0.0,0.0005284620909716309,0.0005284620909716309,0.0,0.0003,0.0003,0.0,-6.0,-6.0,0.0,0.0,0.3442857142857143,27.88571428571429,65.04285714285713,5557.256,34,Walker2d-v5,8256,Agente_2
197.50405955314636,36,147456,75.95909784362473,436.0060764337194,-45.38458269057837,173.21,1433,0.013378087135862844,-6.0,0.99,2.0033281017559205e-05,0.0005284620909716309,0.0003,-20.196687698364258,0.14965610206127167,-7.093698978424072,0.43059489130973816,-0.8425875306129456,-6.0,0.9047867059707642,4.112569808959961,0.9135816249616964,0.9127021330626032,0.9801120348645826,1.0,1.0,1.0,-20.196687698364258,0.14965610206127167,-7.093698978424072,0.43059489130973816,-0.8425875306129456,-6.0,18.47435188293457,55.84940719604492,-1.3784176111221313,0.0,0.0,0.0,0.0,0.0,0.0,0.0,0.0,0.0,,0.0,-6.0,1433.0,1433.0,0.0,0.013378087135862844,0.013378087135862844,0.0,2.0033281017559205e-05,2.0033281017559205e-05,0.0,0.0005284620909716309,0.0005284620909716309,0.0,0.0003,0.0003,0.0,-6.0,-6.0,0.0,0.0,0.38999999999999996,28.2625,65.3375,5557.801,35,Walker2d-v5,8256,Agente_2
203.01665425300598,37,151552,79.48600322287145,436.0060764337194,-45.38458269057837,183.12,1433,0.013378087135862844,-6.0,0.99,2.0033281017559205e-05,0.0005284620909716309,0.0003,-21.450298309326172,0.12956838309764862,-7.277950763702393,0.4211651384830475,-0.8647302985191345,-6.0,0.8341121673583984,4.102612376213074,0.9127021330626032,0.9048431364921827,0.985084026148437,1.0,1.0,1.0,-21.450298309326172,0.12956838309764862,-7.277950763702393,0.4211651384830475,-0.8647302985191345,-6.0,19.953508377075195,49.92204284667969,-1.5292991399765015,0.0,0.0,0.0,0.0,0.0,0.0,0.0,0.0,0.0,,0.0,-6.0,1433.0,1433.0,0.0,0.013378087135862844,0.013378087135862844,0.0,2.0033281017559205e-05,2.0033281017559205e-05,0.0,0.0005284620909716309,0.0005284620909716309,0.0,0.0003,0.0003,0.0,-6.0,-6.0,0.0,0.0,0.37374999999999997,27.65,65.4875,5540.041,36,Walker2d-v5,8256,Agente_2
208.8134982585907,38,155648,104.07232642574216,363.6639751389483,-25.519583601117027,192.27,1433,0.013378087135862844,-6.0,0.99,2.0033281017559205e-05,0.0005284620909716309,0.0003,-23.846595764160156,0.1970830261707306,-7.514565467834473,0.41198593378067017,-0.8867660760879517,-6.0,0.9433298110961914,8.208033800125122,0.9048431364921827,0.9086918039525835,0.9784024722793431,0.9583578106720608,1.0,0.9583578106720608,-23.846595764160156,0.1970830261707306,-7.514565467834473,0.41198593378067017,-0.8867660760879517,-6.0,22.110498428344727,60.524925231933594,-2.4454336166381836,0.0,0.0,0.0,0.0,0.0,0.0,0.0,0.0,0.0,,0.0,-6.0,1433.0,1433.0,0.0,0.013378087135862844,0.013378087135862844,0.0,2.0033281017559205e-05,2.0033281017559205e-05,0.0,0.0005284620909716309,0.0005284620909716309,0.0,0.0003,0.0003,0.0,-6.0,-6.0,0.0,0.0,0.36124999999999996,31.575000000000003,57.349999999999994,5577.881,37,Walker2d-v5,8256,Agente_2
214.19204831123352,39,159744,123.8986390589358,363.6639751389483,-25.519583601117027,199.8,1433,0.013378087135862844,-6.0,0.99,2.0033281017559205e-05,0.0005284620909716309,0.0003,-24.908620834350586,0.16585716605186462,-7.653944969177246,0.4028751850128174,-0.9091285467147827,-6.0,0.9114632606506348,5.400672912597656,0.9086918039525835,0.9089689496223886,0.98304053321229,0.9969547160111311,1.0,0.9969547160111311,-24.908620834350586,0.16585716605186462,-7.653944969177246,0.4028751850128174,-0.9091285467147827,-6.0,23.35971450805664,48.488372802734375,-2.649590253829956,0.0,0.0,0.0,0.0,0.0,0.0,0.0,0.0,0.0,,0.0,-6.0,1433.0,1433.0,0.0,0.013378087135862844,0.013378087135862844,0.0,2.0033281017559205e-05,2.0033281017559205e-05,0.0,0.0005284620909716309,0.0005284620909716309,0.0,0.0003,0.0003,0.0,-6.0,-6.0,0.0,0.0,0.2842857142857143,24.828571428571426,64.72857142857143,5548.028,38,Walker2d-v5,8256,Agente_2
219.59235739707947,40,163840,145.7180358945671,486.75480571645835,-17.4108040185595,212.41,1433,0.013378087135862844,-6.0,0.99,2.0033281017559205e-05,0.0005284620909716309,0.0003,-28.052431106567383,0.2322632074356079,-7.8851213455200195,0.3939868211746216,-0.9314378499984741,-6.0,0.9442605972290039,11.648193836212158,0.9089689496223886,0.9124981143830502,0.9777599146686672,0.961918059037799,1.0,0.961918059037799,-28.052431106567383,0.2322632074356079,-7.8851213455200195,0.3939868211746216,-0.9314378499984741,-6.0,26.54564666748047,62.595375061035156,-3.449592351913452,0.0,0.0,0.0,0.0,0.0,0.0,0.0,0.0,0.0,,0.0,-6.0,1433.0,1433.0,0.0,0.013378087135862844,0.013378087135862844,0.0,2.0033281017559205e-05,2.0033281017559205e-05,0.0,0.0005284620909716309,0.0005284620909716309,0.0,0.0003,0.0003,0.0,-6.0,-6.0,0.0,0.0,0.3285714285714286,26.071428571428566,69.4857142857143,5524.787,39,Walker2d-v5,8256,Agente_2
225.77487635612488,41,167936,156.23054058427215,486.75480571645835,-17.4108040185595,207.88,1433,0.013378087135862844,-6.0,0.99,2.0033281017559205e-05,0.0005284620909716309,0.0003,-27.44346046447754,0.1913272738456726,-8.155623435974121,0.38517895340919495,-0.9540472626686096,-6.0,1.0435993671417236,5.402482509613037,0.9124981143830502,0.9256082396589175,0.949862694708371,0.8661710348274828,1.0,0.8661710348274828,-27.44346046447754,0.1913272738456726,-8.155623435974121,0.38517895340919495,-0.9540472626686096,-6.0,25.809375762939453,66.34586334228516,-3.137176275253296,0.0,0.0,0.0,0.0,0.0,0.0,0.0,0.0,0.0,,0.0,-6.0,1433.0,1433.0,0.0,0.013378087135862844,0.013378087135862844,0.0,2.0033281017559205e-05,2.0033281017559205e-05,0.0,0.0005284620909716309,0.0005284620909716309,0.0,0.0003,0.0003,0.0,-6.0,-6.0,0.0,0.0,0.3533333333333334,29.799999999999997,60.72222222222222,5580.623,40,Walker2d-v5,8256,Agente_2
231.7074432373047,42,172032,183.97626296787033,630.176517926801,-17.4108040185595,222.45,1433,0.013378087135862844,-6.0,0.99,2.0033281017559205e-05,0.0005284620909716309,0.0003,-30.62407112121582,0.24683877825737,-8.066696166992188,0.376494824886322,-0.9768509864807129,-6.0,1.213853359222412,6.891787528991699,0.9256082396589175,0.954432751615267,0.895500116462944,0.7324123817266632,1.0,0.7324123817266632,-30.62407112121582,0.24683877825737,-8.066696166992188,0.376494824886322,-0.9768509864807129,-6.0,29.07132911682129,85.57749938964844,-4.6088175773620605,0.0,0.0,0.0,0.0,0.0,0.0,0.0,0.0,0.0,,0.0,-6.0,1433.0,1433.0,0.0,0.013378087135862844,0.013378087135862844,0.0,2.0033281017559205e-05,2.0033281017559205e-05,0.0,0.0005284620909716309,0.0005284620909716309,0.0,0.0003,0.0003,0.0,-6.0,-6.0,0.0,0.0,0.26,26.757142857142856,62.314285714285724,5618.023,41,Walker2d-v5,8256,Agente_2
237.2555947303772,43,176128,186.31264127484854,630.176517926801,-8.462308512390365,224.95,1433,0.013378087135862844,-6.0,0.99,2.0033281017559205e-05,0.0005284620909716309,0.0003,-33.77684020996094,0.2472604662179947,-8.741464614868164,0.36795252561569214,-0.9998014569282532,-6.0,1.3513511419296265,5.992081165313721,0.954432751615267,0.9941245906467029,0.8365668676828164,0.6597671213424333,1.0,0.6597671213424333,-33.77684020996094,0.2472604662179947,-8.741464614868164,0.36795252561569214,-0.9998014569282532,-6.0,32.439002990722656,66.75743103027344,-4.651522159576416,0.0,0.0,0.0,0.0,0.0,0.0,0.0,0.0,0.0,,0.0,-6.0,1433.0,1433.0,0.0,0.013378087135862844,0.013378087135862844,0.0,2.0033281017559205e-05,2.0033281017559205e-05,0.0,0.0005284620909716309,0.0005284620909716309,0.0,0.0003,0.0003,0.0,-6.0,-6.0,0.0,0.0,0.26125,27.0625,67.6625,5628.477,42,Walker2d-v5,8256,Agente_2
242.93659234046936,44,180224,208.07526767119288,630.176517926801,-8.462308512390365,220.52,1433,0.013378087135862844,-6.0,0.99,2.0033281017559205e-05,0.0005284620909716309,0.0003,-33.90236282348633,0.3133281469345093,-8.717745780944824,0.3595539331436157,-1.0228911638259888,-6.0,1.2029895782470703,19.253692626953125,0.9941245906467029,1.0150110894067397,0.8300510711586553,0.8105036815861723,1.0,0.8105036815861723,-33.90236282348633,0.3133281469345093,-8.717745780944824,0.3595539331436157,-1.0228911638259888,-6.0,32.14201354980469,89.87356567382812,-4.614343166351318,0.0,0.0,0.0,0.0,0.0,0.0,0.0,0.0,0.0,,0.0,-6.0,1433.0,1433.0,0.0,0.013378087135862844,0.013378087135862844,0.0,2.0033281017559205e-05,2.0033281017559205e-05,0.0,0.0005284620909716309,0.0005284620909716309,0.0,0.0003,0.0003,0.0,-6.0,-6.0,0.0,0.0,0.34375,28.325,68.35,5641.466,43,Walker2d-v5,8256,Agente_2
248.43798422813416,45,184320,216.8533013913756,630.176517926801,-7.262806473941287,223.77,1433,0.013378087135862844,-6.0,0.99,2.0033281017559205e-05,0.0005284620909716309,0.0003,-34.14631652832031,0.28787827491760254,-8.974684715270996,0.3513140380382538,-1.0460747480392456,-6.0,1.3073763847351074,17.577263832092285,1.0150110894067397,1.0442476189395764,0.8099709291403723,0.7497305030855232,1.0,0.7497305030855232,-34.14631652832031,0.28787827491760254,-8.974684715270996,0.3513140380382538,-1.0460747480392456,-6.0,32.529090881347656,86.48731231689453,-6.1530961990356445,0.0,0.0,0.0,0.0,0.0,0.0,0.0,0.0,0.0,,0.0,-6.0,1433.0,1433.0,0.0,0.013378087135862844,0.013378087135862844,0.0,2.0033281017559205e-05,2.0033281017559205e-05,0.0,0.0005284620909716309,0.0005284620909716309,0.0,0.0003,0.0003,0.0,-6.0,-6.0,0.0,0.0,0.37,27.97142857142857,68.3,5638.59,44,Walker2d-v5,8256,Agente_2
254.14657640457153,46,188416,218.6533654983885,630.176517926801,-11.84933015785038,221.14,1433,0.013378087135862844,-6.0,0.99,2.0033281017559205e-05,0.0005284620909716309,0.0003,-34.63211441040039,0.28309166431427,-9.357868194580078,0.3432106673717499,-1.069410800933838,-6.0,1.3569302558898926,11.852197647094727,1.0442476189395764,1.075515882634608,0.792787717068227,0.7412380808517917,1.0,0.7412380808517917,-34.63211441040039,0.28309166431427,-9.357868194580078,0.3432106673717499,-1.069410800933838,-6.0,33.30287551879883,102.87763214111328,-6.235804080963135,0.0,0.0,0.0,0.0,0.0,0.0,0.0,0.0,0.0,,0.0,-6.0,1433.0,1433.0,0.0,0.013378087135862844,0.013378087135862844,0.0,2.0033281017559205e-05,2.0033281017559205e-05,0.0,0.0005284620909716309,0.0005284620909716309,0.0,0.0003,0.0003,0.0,-6.0,-6.0,0.0,0.0,0.37875000000000003,28.0375,68.45,5651.676,45,Walker2d-v5,8256,Agente_2
259.98718452453613,47,192512,236.8217856054654,525.7382371605473,-11.84933015785038,224.57,1433,0.013378087135862844,-6.0,0.99,2.0033281017559205e-05,0.0005284620909716309,0.0003,-39.956092834472656,0.2889653444290161,-9.239006042480469,0.33522161841392517,-1.092963457107544,-6.0,1.2682795524597168,10.10474157333374,1.075515882634608,1.094792249617119,0.8035693968119626,0.8359144360431696,1.0,0.8359144360431696,-39.956092834472656,0.2889653444290161,-9.239006042480469,0.33522161841392517,-1.092963457107544,-6.0,38.63396453857422,91.37721252441406,-6.689393520355225,0.0,0.0,0.0,0.0,0.0,0.0,0.0,0.0,0.0,,0.0,-6.0,1433.0,1433.0,0.0,0.013378087135862844,0.013378087135862844,0.0,2.0033281017559205e-05,2.0033281017559205e-05,0.0,0.0005284620909716309,0.0005284620909716309,0.0,0.0003,0.0003,0.0,-6.0,-6.0,0.0,0.0,0.44625000000000004,28.475,68.5375,5684.333,46,Walker2d-v5,8256,Agente_2
265.505601644516,48,196608,228.9485272779896,535.9374820790641,-11.84933015785038,227.27,1433,0.013378087135862844,-6.0,0.99,2.0033281017559205e-05,0.0005284620909716309,0.0003,-40.417999267578125,0.2803073227405548,-9.663727760314941,0.3274759352207184,-1.1163406372070312,-6.0,1.4543428421020508,8.960028648376465,1.094792249617119,1.1307473088656121,0.7826923597604927,0.7200612486060827,1.0,0.7200612486060827,-40.417999267578125,0.2803073227405548,-9.663727760314941,0.3274759352207184,-1.1163406372070312,-6.0,38.91961669921875,92.97591400146484,-7.4198689460754395,0.0,0.0,0.0,0.0,0.0,0.0,0.0,0.0,0.0,,0.0,-6.0,1433.0,1433.0,0.0,0.013378087135862844,0.013378087135862844,0.0,2.0033281017559205e-05,2.0033281017559205e-05,0.0,0.0005284620909716309,0.0005284620909716309,0.0,0.0003,0.0003,0.0,-6.0,-6.0,0.0,0.0,0.33875,28.2125,68.8,5656.24,47,Walker2d-v5,8256,Agente_2
271.09488344192505,49,200704,261.3667183313558,568.7910472146481,-11.84933015785038,233.65,1433,0.013378087135862844,-6.0,0.99,2.0033281017559205e-05,0.0005284620909716309,0.0003,-42.536155700683594,0.2602264881134033,-9.969267845153809,0.3198658525943756,-1.139853596687317,-6.0,1.6017255783081055,7.064889907836914,1.1307473088656121,1.1778451358098616,0.7518536907778206,0.6593376838298041,1.0,0.6593376838298041,-42.536155700683594,0.2602264881134033,-9.969267845153809,0.3198658525943756,-1.139853596687317,-6.0,41.13091278076172,115.90057373046875,-7.692485809326172,0.0,0.0,0.0,0.0,0.0,0.0,0.0,0.0,0.0,,0.0,-6.0,1433.0,1433.0,0.0,0.013378087135862844,0.013378087135862844,0.0,2.0033281017559205e-05,2.0033281017559205e-05,0.0,0.0005284620909716309,0.0005284620909716309,0.0,0.0003,0.0003,0.0,-6.0,-6.0,0.0,0.0,0.3442857142857143,25.928571428571427,70.48571428571428,5677.584,48,Walker2d-v5,8256,Agente_2
276.80519461631775,50,204800,268.24559945486914,691.8937253557668,-11.84933015785038,237.43,1433,0.013378087135862844,-6.0,0.99,2.0033281017559205e-05,0.0005284620909716309,0.0003,-43.50155258178711,0.32213616371154785,-9.77719497680664,0.312447190284729,-1.1633198261260986,-6.0,1.546945571899414,7.972870588302612,1.1778451358098616,1.214755179418817,0.7466352588826592,0.7309799631971752,1.0,0.7309799631971752,-43.50155258178711,0.32213616371154785,-9.77719497680664,0.312447190284729,-1.1633198261260986,-6.0,42.092979431152344,96.05057525634766,-9.85824203491211,0.0,0.0,0.0,0.0,0.0,0.0,0.0,0.0,0.0,,0.0,-6.0,1433.0,1433.0,0.0,0.013378087135862844,0.013378087135862844,0.0,2.0033281017559205e-05,2.0033281017559205e-05,0.0,0.0005284620909716309,0.0005284620909716309,0.0,0.0003,0.0003,0.0,-6.0,-6.0,0.0,0.0,0.305,26.5375,72.2125,5708.67,49,Walker2d-v5,8256,Agente_2
282.44337725639343,51,208896,281.999571936164,831.8019317419693,-11.84933015785038,253.18,1433,0.013378087135862844,-6.0,0.99,2.0033281017559205e-05,0.0005284620909716309,0.0003,-42.212005615234375,0.3335210680961609,-10.005210876464844,0.3052801191806793,-1.1865254640579224,-6.0,1.6058506965637207,9.600947856903076,1.214755179418817,1.2538647311333073,0.7411592939140113,0.7247313990080675,1.0,0.7247313990080675,-42.212005615234375,0.3335210680961609,-10.005210876464844,0.3052801191806793,-1.1865254640579224,-6.0,40.76612854003906,93.95954895019531,-10.117916107177734,0.0,0.0,0.0,0.0,0.0,0.0,0.0,0.0,0.0,,0.0,-6.0,1433.0,1433.0,0.0,0.013378087135862844,0.013378087135862844,0.0,2.0033281017559205e-05,2.0033281017559205e-05,0.0,0.0005284620909716309,0.0005284620909716309,0.0,0.0003,0.0003,0.0,-6.0,-6.0,0.0,0.0,0.37,27.875,71.82499999999999,5654.209,50,Walker2d-v5,8256,Agente_2
288.00329184532166,52,212992,317.05760406147897,831.8019317419693,-11.84933015785038,266.14,1433,0.013378087135862844,-6.0,0.99,2.0033281017559205e-05,0.0005284620909716309,0.0003,-47.038475036621094,0.3111805319786072,-10.346431732177734,0.29828768968582153,-1.2096967697143555,-6.0,1.5081062316894531,8.231180429458618,1.2538647311333073,1.2792888811889218,0.7599867312800719,0.8164690433782538,1.0,0.8164690433782538,-47.038475036621094,0.3111805319786072,-10.346431732177734,0.29828768968582153,-1.2096967697143555,-6.0,45.59326171875,103.61970520019531,-8.260496139526367,0.0,0.0,0.0,0.0,0.0,0.0,0.0,0.0,0.0,,0.0,-6.0,1433.0,1433.0,0.0,0.013378087135862844,0.013378087135862844,0.0,2.0033281017559205e-05,2.0033281017559205e-05,0.0,0.0005284620909716309,0.0005284620909716309,0.0,0.0003,0.0003,0.0,-6.0,-6.0,0.0,0.0,0.31714285714285717,27.328571428571426,70.24285714285713,5616.698,51,Walker2d-v5,8256,Agente_2
293.73069047927856,53,217088,54.70688138703125,125.98753530313131,-6.700299290614512,91.1875,1433,0.013378087135862844,-6.0,0.99,2.0033281017559205e-05,0.0005284620909716309,0.0003,-3.168844223022461,0.1069040447473526,-11.461536407470703,0.2910490334033966,-1.23426353931427,-6.0,0.9274898767471313,2.953508734703064,1.4252082258170913,1.3754363909100953,0.7351262138668454,1.0,1.0,1.0,-3.168844223022461,0.1069040447473526,-11.461536407470703,0.2910490334033966,-1.23426353931427,-6.0,2.1446242332458496,10.149869918823242,-7.537271976470947,0.0,0.0,0.0,0.0,0.0,0.0,0.0,0.0,0.0,,0.0,-6.0,1433.0,1433.0,0.0,0.013378087135862844,0.013378087135862844,0.0,2.0033281017559205e-05,2.0033281017559205e-05,0.0,0.0005284620909716309,0.0005284620909716309,0.0,0.0003,0.0003,0.0,-6.0,-6.0,0.0,0.0,0.28941176470588237,23.323529411764707,76.13529411764705,5716.668,52,Walker2d-v5,8256,Agente_2
299.4866394996643,54,221184,28.31488434579208,125.98753530313131,-37.49490092555294,89.98360655737704,1433,0.013378087135862844,-6.0,0.99,2.0033281017559205e-05,0.0005284620909716309,0.0003,-4.783898830413818,0.03249622508883476,-11.952956199645996,0.2836814224720001,-1.2599034309387207,-6.0,0.3982435166835785,1.353447586297989,1.3754363909100953,1.2777171034874437,0.8013446604001341,1.0,1.0,1.0,-4.783898830413818,0.03249622508883476,-11.952956199645996,0.2836814224720001,-1.2599034309387207,-6.0,3.8454813957214355,13.314361572265625,-5.024997711181641,0.0,0.0,0.0,0.0,0.0,0.0,0.0,0.0,0.0,,0.0,-6.0,1433.0,1433.0,0.0,0.013378087135862844,0.013378087135862844,0.0,2.0033281017559205e-05,2.0033281017559205e-05,0.0,0.0005284620909716309,0.0005284620909716309,0.0,0.0003,0.0003,0.0,-6.0,-6.0,0.0,0.0,0.32875,31.825000000000003,67.55,5729.976,53,Walker2d-v5,8256,Agente_2
304.9656491279602,55,225280,39.60960444469481,370.2877830359739,-37.49490092555294,108.20253164556962,1433,0.013378087135862844,-6.0,0.99,2.0033281017559205e-05,0.0005284620909716309,0.0003,-6.344222068786621,0.026745546609163284,-11.918597221374512,0.2764813303947449,-1.2856119871139526,-6.0,0.3656402826309204,1.227407693862915,1.2777171034874437,1.1865094214017915,0.8510084953001006,1.0,1.0,1.0,-6.344222068786621,0.026745546609163284,-11.918597221374512,0.2764813303947449,-1.2856119871139526,-6.0,5.390031337738037,15.091657638549805,-4.5105791091918945,0.0,0.0,0.0,0.0,0.0,0.0,0.0,0.0,0.0,,0.0,-6.0,1433.0,1433.0,0.0,0.013378087135862844,0.013378087135862844,0.0,2.0033281017559205e-05,2.0033281017559205e-05,0.0,0.0005284620909716309,0.0005284620909716309,0.0,0.0003,0.0003,0.0,-6.0,-6.0,0.0,0.0,0.31375,26.575,73.35,5642.451,54,Walker2d-v5,8256,Agente_2
310.87598061561584,56,229376,63.98818983730121,407.34571216206814,-37.49490092555294,124.6875,1433,0.013378087135862844,-6.0,0.99,2.0033281017559205e-05,0.0005284620909716309,0.0003,-7.001879692077637,0.033590734004974365,-11.903177261352539,0.2696075439453125,-1.3107879161834717,-6.0,0.4513990879058838,1.2828231453895569,1.1865094214017915,1.1129983880522007,0.8882563714750754,1.0,1.0,1.0,-7.001879692077637,0.033590734004974365,-11.903177261352539,0.2696075439453125,-1.3107879161834717,-6.0,6.043770790100098,19.208234786987305,-5.50572395324707,0.0,0.0,0.0,0.0,0.0,0.0,0.0,0.0,0.0,,0.0,-6.0,1433.0,1433.0,0.0,0.013378087135862844,0.013378087135862844,0.0,2.0033281017559205e-05,2.0033281017559205e-05,0.0,0.0005284620909716309,0.0005284620909716309,0.0,0.0003,0.0003,0.0,-6.0,-6.0,0.0,0.0,0.36875,27.3875,79.19999999999999,5706.735,55,Walker2d-v5,8256,Agente_2
316.47808933258057,57,233472,101.01184290935691,580.1128549009551,-37.49490092555294,153.91,1433,0.013378087135862844,-6.0,0.99,2.0033281017559205e-05,0.0005284620909716309,0.0003,-9.30459213256836,0.04751284420490265,-11.793924331665039,0.2630683481693268,-1.335341453552246,-6.0,0.42351192235946655,2.0335077047348022,1.1129983880522007,1.0440497414829275,0.9161922786063066,1.0,1.0,1.0,-9.30459213256836,0.04751284420490265,-11.793924331665039,0.2630683481693268,-1.335341453552246,-6.0,8.311142921447754,23.0556583404541,-5.672901630401611,0.0,0.0,0.0,0.0,0.0,0.0,0.0,0.0,0.0,,0.0,-6.0,1433.0,1433.0,0.0,0.013378087135862844,0.013378087135862844,0.0,2.0033281017559205e-05,2.0033281017559205e-05,0.0,0.0005284620909716309,0.0005284620909716309,0.0,0.0003,0.0003,0.0,-6.0,-6.0,0.0,0.0,0.39999999999999997,28.2,79.44285714285715,5683.596,56,Walker2d-v5,8256,Agente_2
321.9380211830139,58,237568,131.90521880514288,580.1128549009551,-37.49490092555294,174.95,1433,0.013378087135862844,-6.0,0.99,2.0033281017559205e-05,0.0005284620909716309,0.0003,-10.33281135559082,0.07458789646625519,-11.809701919555664,0.2568262815475464,-1.3593553304672241,-6.0,0.4622011184692383,2.176739454269409,1.0440497414829275,0.9858648791815585,0.9371442089547299,1.0,1.0,1.0,-10.33281135559082,0.07458789646625519,-11.809701919555664,0.2568262815475464,-1.3593553304672241,-6.0,9.391319274902344,28.625537872314453,-6.085883617401123,0.0,0.0,0.0,0.0,0.0,0.0,0.0,0.0,0.0,,0.0,-6.0,1433.0,1433.0,0.0,0.013378087135862844,0.013378087135862844,0.0,2.0033281017559205e-05,2.0033281017559205e-05,0.0,0.0005284620909716309,0.0005284620909716309,0.0,0.0003,0.0003,0.0,-6.0,-6.0,0.0,0.0,0.41,28.1875,79.1625,5643.995,57,Walker2d-v5,8256,Agente_2
327.6598093509674,59,241664,181.60349104443853,580.1128549009551,-37.49490092555294,201.54,1433,0.013378087135862844,-6.0,0.99,2.0033281017559205e-05,0.0005284620909716309,0.0003,-12.406511306762695,0.061956919729709625,-11.855205535888672,0.2509015202522278,-1.3826948404312134,-6.0,0.49976909160614014,1.8483304679393768,0.9858648791815585,0.9372553004240167,0.9528581567160475,1.0,1.0,1.0,-12.406511306762695,0.061956919729709625,-11.855205535888672,0.2509015202522278,-1.3826948404312134,-6.0,11.296854972839355,28.5633487701416,-6.932345390319824,0.0,0.0,0.0,0.0,0.0,0.0,0.0,0.0,0.0,,0.0,-6.0,1433.0,1433.0,0.0,0.013378087135862844,0.013378087135862844,0.0,2.0033281017559205e-05,2.0033281017559205e-05,0.0,0.0005284620909716309,0.0005284620909716309,0.0,0.0003,0.0003,0.0,-6.0,-6.0,0.0,0.0,0.34750000000000003,28.6125,79.19999999999999,5653.198,58,Walker2d-v5,8256,Agente_2
333.18519496917725,60,245760,231.92323397248617,733.0526277428575,-37.49490092555294,224.99,1433,0.013378087135862844,-6.0,0.99,2.0033281017559205e-05,0.0005284620909716309,0.0003,-14.25279712677002,0.08113261312246323,-11.806413650512695,0.24519750475883484,-1.4056912660598755,-6.0,0.5163791179656982,2.523892641067505,0.9372553004240167,0.8951676821781849,0.9646436175370356,1.0,1.0,1.0,-14.25279712677002,0.08113261312246323,-11.806413650512695,0.24519750475883484,-1.4056912660598755,-6.0,13.13222885131836,36.87870407104492,-6.68812370300293,0.0,0.0,0.0,0.0,0.0,0.0,0.0,0.0,0.0,,0.0,-6.0,1433.0,1433.0,0.0,0.013378087135862844,0.013378087135862844,0.0,2.0033281017559205e-05,2.0033281017559205e-05,0.0,0.0005284620909716309,0.0005284620909716309,0.0,0.0003,0.0003,0.0,-6.0,-6.0,0.0,0.0,0.39571428571428574,28.157142857142862,79.28571428571429,5635.51,59,Walker2d-v5,8256,Agente_2
338.62058210372925,61,249856,283.7799219458858,733.0526277428575,-2.0727217606601296,242.28,1433,0.013378087135862844,-6.0,0.99,2.0033281017559205e-05,0.0005284620909716309,0.0003,-14.884252548217773,0.08423873782157898,-11.65818977355957,0.2397061586380005,-1.4283415079116821,-6.0,0.6238720417022705,2.6060087084770203,0.8951676821781849,0.8680381181305934,0.9734827131527768,1.0,1.0,1.0,-14.884252548217773,0.08423873782157898,-11.65818977355957,0.2397061586380005,-1.4283415079116821,-6.0,13.896079063415527,36.61464309692383,-8.080548286437988,0.0,0.0,0.0,0.0,0.0,0.0,0.0,0.0,0.0,,0.0,-6.0,1433.0,1433.0,0.0,0.013378087135862844,0.013378087135862844,0.0,2.0033281017559205e-05,2.0033281017559205e-05,0.0,0.0005284620909716309,0.0005284620909716309,0.0,0.0003,0.0003,0.0,-6.0,-6.0,0.0,0.0,0.40125,28.2,79.2875,5612.017,60,Walker2d-v5,8256,Agente_2
345.0668430328369,62,253952,299.87135846394244,733.0526277428575,-1.323719327687427,239.87,1433,0.013378087135862844,-6.0,0.99,2.0033281017559205e-05,0.0005284620909716309,0.0003,-16.501129150390625,0.10936275124549866,-11.719627380371094,0.23439988493919373,-1.4507267475128174,-6.0,0.6810424327850342,2.9142038822174072,0.8680381181305934,0.8493385495960375,0.9801120348645826,1.0,1.0,1.0,-16.501129150390625,0.10936275124549866,-11.719627380371094,0.23439988493919373,-1.4507267475128174,-6.0,15.409042358398438,37.360103607177734,-10.52039909362793,0.0,0.0,0.0,0.0,0.0,0.0,0.0,0.0,0.0,,0.0,-6.0,1433.0,1433.0,0.0,0.013378087135862844,0.013378087135862844,0.0,2.0033281017559205e-05,2.0033281017559205e-05,0.0,0.0005284620909716309,0.0005284620909716309,0.0,0.0003,0.0003,0.0,-6.0,-6.0,0.0,0.0,0.41428571428571426,28.52857142857143,79.38571428571429,5693.981,61,Walker2d-v5,8256,Agente_2
350.7330107688904,63,258048,309.9768006725471,733.0526277428575,-1.323719327687427,231.92,1433,0.013378087135862844,-6.0,0.99,2.0033281017559205e-05,0.0005284620909716309,0.0003,-17.963882446289062,0.10576833784580231,-11.926582336425781,0.22921998798847198,-1.473073124885559,-6.0,0.6308517456054688,4.04439115524292,0.8493385495960375,0.8274898691969806,0.985084026148437,1.0,1.0,1.0,-17.963882446289062,0.10576833784580231,-11.926582336425781,0.22921998798847198,-1.473073124885559,-6.0,17.009445190429688,44.8197135925293,-11.634539604187012,0.0,0.0,0.0,0.0,0.0,0.0,0.0,0.0,0.0,,0.0,-6.0,1433.0,1433.0,0.0,0.013378087135862844,0.013378087135862844,0.0,2.0033281017559205e-05,2.0033281017559205e-05,0.0,0.0005284620909716309,0.0005284620909716309,0.0,0.0003,0.0003,0.0,-6.0,-6.0,0.0,0.0,0.37125,28.225,79.3125,5687.578,62,Walker2d-v5,8256,Agente_2
356.2306218147278,64,262144,305.3884003230149,733.0526277428575,35.171578510478064,225.12,1433,0.013378087135862844,-6.0,0.99,2.0033281017559205e-05,0.0005284620909716309,0.0003,-21.09827995300293,0.1107821837067604,-12.344930648803711,0.22411753237247467,-1.4955847263336182,-6.0,0.6455717086791992,2.7068005800247192,0.8274898691969806,0.8092980531452025,0.9888130196113278,1.0,1.0,1.0,-21.09827995300293,0.1107821837067604,-12.344930648803711,0.22411753237247467,-1.4955847263336182,-6.0,20.214473724365234,51.64630126953125,-10.67198657989502,0.0,0.0,0.0,0.0,0.0,0.0,0.0,0.0,0.0,,0.0,-6.0,1433.0,1433.0,0.0,0.013378087135862844,0.013378087135862844,0.0,2.0033281017559205e-05,2.0033281017559205e-05,0.0,0.0005284620909716309,0.0005284620909716309,0.0,0.0003,0.0003,0.0,-6.0,-6.0,0.0,0.0,0.4125,28.25,79.475,5661.651,63,Walker2d-v5,8256,Agente_2
361.83364510536194,65,266240,307.1223797027468,561.445867050539,70.68367294187789,218.96,1433,0.013378087135862844,-6.0,0.99,2.0033281017559205e-05,0.0005284620909716309,0.0003,-21.74533462524414,0.13537991046905518,-12.201482772827148,0.21906718611717224,-1.5183768272399902,-6.0,0.6866989135742188,3.7918190956115723,0.8092980531452025,0.7970381391881042,0.9916097647084958,1.0,1.0,1.0,-21.74533462524414,0.13537991046905518,-12.201482772827148,0.21906718611717224,-1.5183768272399902,-6.0,20.79916763305664,50.26004409790039,-11.85612678527832,0.0,0.0,0.0,0.0,0.0,0.0,0.0,0.0,0.0,,0.0,-6.0,1433.0,1433.0,0.0,0.013378087135862844,0.013378087135862844,0.0,2.0033281017559205e-05,2.0033281017559205e-05,0.0,0.0005284620909716309,0.0005284620909716309,0.0,0.0003,0.0003,0.0,-6.0,-6.0,0.0,0.0,0.33999999999999997,27.542857142857144,79.6857142857143,5673.645,64,Walker2d-v5,8256,Agente_2
367.3258054256439,66,270336,309.59367102395606,693.0529378157493,70.68367294187789,211.76,1433,0.013378087135862844,-6.0,0.99,2.0033281017559205e-05,0.0005284620909716309,0.0003,-23.26487159729004,0.12385063618421555,-12.591761589050293,0.21408767998218536,-1.5413696765899658,-6.0,0.8402128219604492,4.091885089874268,0.7970381391881042,0.8013556074653386,0.9805253503023263,0.9472721070838181,1.0,0.9472721070838181,-23.26487159729004,0.12385063618421555,-12.591761589050293,0.21408767998218536,-1.5413696765899658,-6.0,22.35431671142578,60.962547302246094,-13.677453994750977,0.0,0.0,0.0,0.0,0.0,0.0,0.0,0.0,0.0,,0.0,-6.0,1433.0,1433.0,0.0,0.013378087135862844,0.013378087135862844,0.0,2.0033281017559205e-05,2.0033281017559205e-05,0.0,0.0005284620909716309,0.0005284620909716309,0.0,0.0003,0.0003,0.0,-6.0,-6.0,0.0,0.0,0.36124999999999996,27.762500000000003,79.6375,5631.764,65,Walker2d-v5,8256,Agente_2
372.8652467727661,67,274432,315.3911006526082,693.0529378157493,70.68367294187789,213.63,1433,0.013378087135862844,-6.0,0.99,2.0033281017559205e-05,0.0005284620909716309,0.0003,-24.190919876098633,0.18244308233261108,-12.712074279785156,0.20921754837036133,-1.5643806457519531,-6.0,0.740654468536377,6.021324157714844,0.8013556074653386,0.7952854935724425,0.9853940127267448,1.0,1.0,1.0,-24.190919876098633,0.18244308233261108,-12.712074279785156,0.20921754837036133,-1.5643806457519531,-6.0,23.199413299560547,53.876468658447266,-13.929778099060059,0.0,0.0,0.0,0.0,0.0,0.0,0.0,0.0,0.0,,0.0,-6.0,1433.0,1433.0,0.0,0.013378087135862844,0.013378087135862844,0.0,2.0033281017559205e-05,2.0033281017559205e-05,0.0,0.0005284620909716309,0.0005284620909716309,0.0,0.0003,0.0003,0.0,-6.0,-6.0,0.0,0.0,0.3757142857142857,28.4,79.6857142857143,5625.505,66,Walker2d-v5,8256,Agente_2
378.34849882125854,68,278528,318.45045356222647,693.0529378157493,70.68367294187789,214.95,1433,0.013378087135862844,-6.0,0.99,2.0033281017559205e-05,0.0005284620909716309,0.0003,-25.27523422241211,0.14245806634426117,-13.183670043945312,0.20442917943000793,-1.5875335931777954,-6.0,0.7371072769165039,3.6454639434814453,0.7952854935724425,0.7894676719068487,0.9890455095450585,1.0,1.0,1.0,-25.27523422241211,0.14245806634426117,-13.183670043945312,0.20442917943000793,-1.5875335931777954,-6.0,24.411930084228516,56.94280242919922,-15.07033920288086,0.0,0.0,0.0,0.0,0.0,0.0,0.0,0.0,0.0,,0.0,-6.0,1433.0,1433.0,0.0,0.013378087135862844,0.013378087135862844,0.0,2.0033281017559205e-05,2.0033281017559205e-05,0.0,0.0005284620909716309,0.0005284620909716309,0.0,0.0003,0.0003,0.0,-6.0,-6.0,0.0,0.0,0.34375,28.112499999999997,79.75,5627.921,67,Walker2d-v5,8256,Agente_2
383.81374502182007,69,282624,325.6928436587802,693.0529378157493,67.30438294530029,216.92,1433,0.013378087135862844,-6.0,0.99,2.0033281017559205e-05,0.0005284620909716309,0.0003,-27.138774871826172,0.16920128464698792,-13.263837814331055,0.19974015653133392,-1.6107380390167236,-6.0,0.7223014831542969,4.951006889343262,0.7894676719068487,0.7827510530315935,0.9917841321587939,1.0,1.0,1.0,-27.138774871826172,0.16920128464698792,-13.263837814331055,0.19974015653133392,-1.6107380390167236,-6.0,26.319547653198242,65.79647827148438,-17.75890350341797,0.0,0.0,0.0,0.0,0.0,0.0,0.0,0.0,0.0,,0.0,-6.0,1433.0,1433.0,0.0,0.013378087135862844,0.013378087135862844,0.0,2.0033281017559205e-05,2.0033281017559205e-05,0.0,0.0005284620909716309,0.0005284620909716309,0.0,0.0003,0.0003,0.0,-6.0,-6.0,0.0,0.0,0.41571428571428576,28.37142857142857,79.67142857142858,5602.423,68,Walker2d-v5,8256,Agente_2
389.5750370025635,70,286720,335.5659731114498,693.0529378157493,67.30438294530029,222.24,1433,0.013378087135862844,-6.0,0.99,2.0033281017559205e-05,0.0005284620909716309,0.0003,-29.387475967407227,0.33024996519088745,-13.168655395507812,0.19511930644512177,-1.6341440677642822,-6.0,1.016012191772461,15.125959634780884,0.7827510530315935,0.8060771669056803,0.9294131230162319,0.7423000955885461,1.0,0.7423000955885461,-29.387475967407227,0.33024996519088745,-13.168655395507812,0.19511930644512177,-1.6341440677642822,-6.0,28.486225128173828,66.6938247680664,-17.42772674560547,0.0,0.0,0.0,0.0,0.0,0.0,0.0,0.0,0.0,,0.0,-6.0,1433.0,1433.0,0.0,0.013378087135862844,0.013378087135862844,0.0,2.0033281017559205e-05,2.0033281017559205e-05,0.0,0.0005284620909716309,0.0005284620909716309,0.0,0.0003,0.0003,0.0,-6.0,-6.0,0.0,0.0,0.38375,28.5,79.825,5626.312,69,Walker2d-v5,8256,Agente_2
395.0401711463928,71,290816,346.8693177272495,693.0529378157493,67.30438294530029,228.07,1433,0.013378087135862844,-6.0,0.99,2.0033281017559205e-05,0.0005284620909716309,0.0003,-30.544139862060547,0.3347029387950897,-13.60645580291748,0.19063729047775269,-1.657382607460022,-6.0,0.9517107009887695,16.273714542388916,0.8060771669056803,0.8206405203139893,0.9057376479830763,0.8347112228836095,1.0,0.8347112228836095,-30.544139862060547,0.3347029387950897,-13.60645580291748,0.19063729047775269,-1.657382607460022,-6.0,29.788028717041016,77.14213562011719,-20.243940353393555,0.0,0.0,0.0,0.0,0.0,0.0,0.0,0.0,0.0,,0.0,-6.0,1433.0,1433.0,0.0,0.013378087135862844,0.013378087135862844,0.0,2.0033281017559205e-05,2.0033281017559205e-05,0.0,0.0005284620909716309,0.0005284620909716309,0.0,0.0003,0.0003,0.0,-6.0,-6.0,0.0,0.0,0.34375,28.625,79.7375,5629.542,70,Walker2d-v5,8256,Agente_2
400.6444249153137,72,294912,359.42141003571874,626.0735139623097,67.30438294530029,237.1,1433,0.013378087135862844,-6.0,0.99,2.0033281017559205e-05,0.0005284620909716309,0.0003,-31.106510162353516,0.3288366198539734,-13.937888145446777,0.1862267404794693,-1.6807903051376343,-6.0,0.9252662658691406,7.968982696533203,0.8206405203139893,0.8311030948695044,0.8993781807678904,0.8802997791223326,1.0,0.8802997791223326,-31.106510162353516,0.3288366198539734,-13.937888145446777,0.1862267404794693,-1.6807903051376343,-6.0,30.264286041259766,74.68419647216797,-18.97467803955078,0.0,0.0,0.0,0.0,0.0,0.0,0.0,0.0,0.0,,0.0,-6.0,1433.0,1433.0,0.0,0.013378087135862844,0.013378087135862844,0.0,2.0033281017559205e-05,2.0033281017559205e-05,0.0,0.0005284620909716309,0.0005284620909716309,0.0,0.0003,0.0003,0.0,-6.0,-6.0,0.0,0.0,0.37,27.985714285714288,79.75714285714287,5545.672,71,Walker2d-v5,8256,Agente_2
406.17250537872314,73,299008,352.1081647678027,626.0735139623097,57.89406491567874,236.89,1433,0.013378087135862844,-6.0,0.99,2.0033281017559205e-05,0.0005284620909716309,0.0003,-34.08805847167969,0.2942814528942108,-14.420669555664062,0.1818850040435791,-1.7043806314468384,-6.0,1.0889396667480469,7.076631784439087,0.8311030948695044,0.8568867520573586,0.8578524462619366,0.7332752427440752,1.0,0.7332752427440752,-34.08805847167969,0.2942814528942108,-14.420669555664062,0.1818850040435791,-1.7043806314468384,-6.0,33.35205841064453,72.81511688232422,-17.03301239013672,0.0,0.0,0.0,0.0,0.0,0.0,0.0,0.0,0.0,,0.0,-6.0,1433.0,1433.0,0.0,0.013378087135862844,0.013378087135862844,0.0,2.0033281017559205e-05,2.0033281017559205e-05,0.0,0.0005284620909716309,0.0005284620909716309,0.0,0.0003,0.0003,0.0,-6.0,-6.0,0.0,0.0,0.33125,28.5,79.7875,5531.938,72,Walker2d-v5,8256,Agente_2
411.80146646499634,74,303104,354.2459145193796,626.0735139623097,57.89406491567874,240.49,1433,0.013378087135862844,-6.0,0.99,2.0033281017559205e-05,0.0005284620909716309,0.0003,-33.791107177734375,0.30598965287208557,-14.101612091064453,0.17767433822155,-1.7278029918670654,-6.0,1.2434391975402832,8.745524168014526,0.8568867520573586,0.895541996605651,0.8026191111775332,0.6369191059243229,1.0,0.6369191059243229,-33.791107177734375,0.30598965287208557,-14.101612091064453,0.17767433822155,-1.7278029918670654,-6.0,33.08289337158203,83.5494613647461,-20.153444290161133,0.0,0.0,0.0,0.0,0.0,0.0,0.0,0.0,0.0,,0.0,-6.0,1433.0,1433.0,0.0,0.013378087135862844,0.013378087135862844,0.0,2.0033281017559205e-05,2.0033281017559205e-05,0.0,0.0005284620909716309,0.0005284620909716309,0.0,0.0003,0.0003,0.0,-6.0,-6.0,0.0,0.0,0.4125,28.162499999999998,79.82499999999999,5545.124,73,Walker2d-v5,8256,Agente_2
417.51641845703125,75,307200,360.96377903945546,626.0735139623097,57.89406491567874,244.53,1433,0.013378087135862844,-6.0,0.99,2.0033281017559205e-05,0.0005284620909716309,0.0003,-37.25547409057617,0.26910510659217834,-14.143989562988281,0.17358937859535217,-1.7510626316070557,-6.0,1.2010955810546875,7.574872255325317,0.895541996605651,0.9260973550505547,0.7796945744363755,0.7109209642129021,1.0,0.7109209642129021,-37.25547409057617,0.26910510659217834,-14.143989562988281,0.17358937859535217,-1.7510626316070557,-6.0,36.51059341430664,97.23094177246094,-22.257492065429688,0.0,0.0,0.0,0.0,0.0,0.0,0.0,0.0,0.0,,0.0,-6.0,1433.0,1433.0,0.0,0.013378087135862844,0.013378087135862844,0.0,2.0033281017559205e-05,2.0033281017559205e-05,0.0,0.0005284620909716309,0.0005284620909716309,0.0,0.0003,0.0003,0.0,-6.0,-6.0,0.0,0.0,0.44142857142857145,28.342857142857138,79.82857142857142,5556.875,74,Walker2d-v5,8256,Agente_2
423.08758068084717,76,311296,362.7033614654899,623.6326243640106,57.89406491567874,246.35,1433,0.013378087135862844,-6.0,0.99,2.0033281017559205e-05,0.0005284620909716309,0.0003,-37.88039779663086,0.4270884096622467,-14.416772842407227,0.1696353405714035,-1.7741042375564575,-6.0,1.312067985534668,24.81001043319702,0.9260973550505547,0.964694418098966,0.7495638770779531,0.6591717850026861,1.0,0.6591717850026861,-37.88039779663086,0.4270884096622467,-14.416772842407227,0.1696353405714035,-1.7741042375564575,-6.0,37.25358581542969,83.52437591552734,-30.45426368713379,0.0,0.0,0.0,0.0,0.0,0.0,0.0,0.0,0.0,,0.0,-6.0,1433.0,1433.0,0.0,0.013378087135862844,0.013378087135862844,0.0,2.0033281017559205e-05,2.0033281017559205e-05,0.0,0.0005284620909716309,0.0005284620909716309,0.0,0.0003,0.0003,0.0,-6.0,-6.0,0.0,0.0,0.31124999999999997,26.8,80.325,5564.693,75,Walker2d-v5,8256,Agente_2
428.6576006412506,77,315392,344.07894732573163,731.948115307685,57.89406491567874,243.71,1433,0.013378087135862844,-6.0,0.99,2.0033281017559205e-05,0.0005284620909716309,0.0003,-40.16699981689453,0.36150065064430237,-14.96036148071289,0.1656823307275772,-1.7976830005645752,-6.0,1.2139863967895508,12.243490219116211,0.964694418098966,0.9896236159680244,0.7552414840378128,0.7722743049173915,1.0,0.7722743049173915,-40.16699981689453,0.36150065064430237,-14.96036148071289,0.1656823307275772,-1.7976830005645752,-6.0,39.4714469909668,87.0928726196289,-24.92495346069336,0.0,0.0,0.0,0.0,0.0,0.0,0.0,0.0,0.0,,0.0,-6.0,1433.0,1433.0,0.0,0.013378087135862844,0.013378087135862844,0.0,2.0033281017559205e-05,2.0033281017559205e-05,0.0,0.0005284620909716309,0.0005284620909716309,0.0,0.0003,0.0003,0.0,-6.0,-6.0,0.0,0.0,0.30125,25.950000000000003,82.05000000000001,5567.558,76,Walker2d-v5,8256,Agente_2
433.954048871994,78,319488,346.4983604678956,731.948115307685,57.89406491567874,244.84,1433,0.013378087135862844,-6.0,0.99,2.0033281017559205e-05,0.0005284620909716309,0.0003,-41.366188049316406,0.3302951753139496,-14.758323669433594,0.16183030605316162,-1.8212069272994995,-6.0,1.3089237213134766,6.923481464385986,0.9896236159680244,1.0215536265025698,0.7474882953978998,0.724228729478161,1.0,0.724228729478161,-41.366188049316406,0.3302951753139496,-14.758323669433594,0.16183030605316162,-1.8212069272994995,-6.0,40.725006103515625,100.70726776123047,-22.835721969604492,0.0,0.0,0.0,0.0,0.0,0.0,0.0,0.0,0.0,,0.0,-6.0,1433.0,1433.0,0.0,0.013378087135862844,0.013378087135862844,0.0,2.0033281017559205e-05,2.0033281017559205e-05,0.0,0.0005284620909716309,0.0005284620909716309,0.0,0.0003,0.0003,0.0,-6.0,-6.0,0.0,0.0,0.29571428571428576,25.87142857142857,83.58571428571427,5548.97,77,Walker2d-v5,8256,Agente_2
439.85980916023254,79,323584,356.65012744149163,731.948115307685,57.89406491567874,244.11,1433,0.013378087135862844,-6.0,0.99,2.0033281017559205e-05,0.0005284620909716309,0.0003,-42.81352996826172,0.41661760210990906,-14.170352935791016,0.15816374123096466,-1.844124436378479,-6.0,1.5935859680175781,8.802191734313965,1.0215536265025698,1.0787568606540705,0.7034237583531058,0.5712301472187234,1.0,0.5712301472187234,-42.81352996826172,0.41661760210990906,-14.170352935791016,0.15816374123096466,-1.844124436378479,-6.0,42.232398986816406,91.40396881103516,-26.964811325073242,0.0,0.0,0.0,0.0,0.0,0.0,0.0,0.0,0.0,,0.0,-6.0,1433.0,1433.0,0.0,0.013378087135862844,0.013378087135862844,0.0,2.0033281017559205e-05,2.0033281017559205e-05,0.0,0.0005284620909716309,0.0005284620909716309,0.0,0.0003,0.0003,0.0,-6.0,-6.0,0.0,0.0,0.3192592592592592,26.133333333333333,84.45555555555556,5592.98,78,Walker2d-v5,8256,Agente_2
445.41423082351685,80,327680,347.47483296918915,731.948115307685,43.683062102287124,246.05,1433,0.013378087135862844,-6.0,0.99,2.0033281017559205e-05,0.0005284620909716309,0.0003,-45.88108825683594,0.4694879651069641,-15.473586082458496,0.15454097092151642,-1.8672960996627808,-6.0,1.4275646209716797,8.70418667793274,1.0787568606540705,1.1136376366858314,0.7084993351026523,0.7237260653512915,1.0,0.7237260653512915,-45.88108825683594,0.4694879651069641,-15.473586082458496,0.15454097092151642,-1.8672960996627808,-6.0,45.21892547607422,108.35184478759766,-31.130390167236328,0.0,0.0,0.0,0.0,0.0,0.0,0.0,0.0,0.0,,0.0,-6.0,1433.0,1433.0,0.0,0.013378087135862844,0.013378087135862844,0.0,2.0033281017559205e-05,2.0033281017559205e-05,0.0,0.0005284620909716309,0.0005284620909716309,0.0,0.0003,0.0003,0.0,-6.0,-6.0,0.0,0.0,0.34571428571428575,26.157142857142862,85.72857142857143,5571.912,79,Walker2d-v5,8256,Agente_2
450.7203617095947,81,331776,361.0477619703264,731.948115307685,43.683062102287124,250.97,1433,0.013378087135862844,-6.0,0.99,2.0033281017559205e-05,0.0005284620909716309,0.0003,-44.69384765625,0.5875243544578552,-14.9432954788208,0.15098612010478973,-1.8905673027038574,-6.0,1.7644147872924805,25.193371772766113,1.1136376366858314,1.1787153517464963,0.670738649870342,0.5574565941734111,1.0,0.5574565941734111,-44.69384765625,0.5875243544578552,-14.9432954788208,0.15098612010478973,-1.8905673027038574,-6.0,44.133480072021484,99.6575927734375,-29.921743392944336,0.0,0.0,0.0,0.0,0.0,0.0,0.0,0.0,0.0,,0.0,-6.0,1433.0,1433.0,0.0,0.013378087135862844,0.013378087135862844,0.0,2.0033281017559205e-05,2.0033281017559205e-05,0.0,0.0005284620909716309,0.0005284620909716309,0.0,0.0003,0.0003,0.0,-6.0,-6.0,0.0,0.0,0.30000000000000004,22.3625,86.3125,5555.618,80,Walker2d-v5,8256,Agente_2
456.31360125541687,82,335872,363.43523922979045,731.948115307685,43.683062102287124,246.41,1433,0.013378087135862844,-6.0,0.99,2.0033281017559205e-05,0.0005284620909716309,0.0003,-46.60178756713867,0.400681734085083,-15.175848960876465,0.1475583165884018,-1.91353178024292,-6.0,1.4670038223266602,13.108646392822266,1.1787153517464963,1.2075441988045128,0.6988126126073053,0.7830345008181951,1.0,0.7830345008181951,-46.60178756713867,0.400681734085083,-15.175848960876465,0.1475583165884018,-1.91353178024292,-6.0,46.09919738769531,108.83870697021484,-32.065704345703125,0.0,0.0,0.0,0.0,0.0,0.0,0.0,0.0,0.0,,0.0,-6.0,1433.0,1433.0,0.0,0.013378087135862844,0.013378087135862844,0.0,2.0033281017559205e-05,2.0033281017559205e-05,0.0,0.0005284620909716309,0.0005284620909716309,0.0,0.0003,0.0003,0.0,-6.0,-6.0,0.0,0.0,0.274,21.34,86.45,5554.539,81,Walker2d-v5,8256,Agente_2
461.7626132965088,83,339968,379.3569782855175,667.097909205213,43.683062102287124,247.85,1433,0.013378087135862844,-6.0,0.99,2.0033281017559205e-05,0.0005284620909716309,0.0003,-48.308868408203125,0.43383264541625977,-15.777731895446777,0.14427749812602997,-1.9360167980194092,-6.0,1.6316108703613281,13.037600040435791,1.2075441988045128,1.2499508659601943,0.7000735340596186,0.7038562984165585,1.0,0.7038562984165585,-48.308868408203125,0.43383264541625977,-15.777731895446777,0.14427749812602997,-1.9360167980194092,-6.0,47.66573715209961,112.88401794433594,-32.57176971435547,0.0,0.0,0.0,0.0,0.0,0.0,0.0,0.0,0.0,,0.0,-6.0,1433.0,1433.0,0.0,0.013378087135862844,0.013378087135862844,0.0,2.0033281017559205e-05,2.0033281017559205e-05,0.0,0.0005284620909716309,0.0005284620909716309,0.0,0.0003,0.0003,0.0,-6.0,-6.0,0.0,0.0,0.3057142857142857,26.714285714285715,86.72857142857141,5546.861,82,Walker2d-v5,8256,Agente_2
467.5731065273285,84,344064,390.4087547510889,667.097909205213,43.683062102287124,245.8,1433,0.013378087135862844,-6.0,0.99,2.0033281017559205e-05,0.0005284620909716309,0.0003,-48.01215362548828,0.38228869438171387,-15.20251178741455,0.14101949334144592,-1.9588571786880493,-6.0,1.6884946823120117,8.977354049682617,1.2499508659601943,1.293805247595376,0.7010776957675167,0.7040901808912108,1.0,0.7040901808912108,-48.01215362548828,0.38228869438171387,-15.20251178741455,0.14101949334144592,-1.9588571786880493,-6.0,47.32231903076172,106.4900131225586,-33.64116668701172,0.0,0.0,0.0,0.0,0.0,0.0,0.0,0.0,0.0,,0.0,-6.0,1433.0,1433.0,0.0,0.013378087135862844,0.013378087135862844,0.0,2.0033281017559205e-05,2.0033281017559205e-05,0.0,0.0005284620909716309,0.0005284620909716309,0.0,0.0003,0.0003,0.0,-6.0,-6.0,0.0,0.0,0.31875,25.9875,87.6375,5565.104,83,Walker2d-v5,8256,Agente_2
473.2780258655548,85,348160,394.32383953004995,667.097909205213,43.683062102287124,250.16,1433,0.013378087135862844,-6.0,0.99,2.0033281017559205e-05,0.0005284620909716309,0.0003,-54.41518020629883,0.549437940120697,-15.3944091796875,0.13786379992961884,-1.9814890623092651,-6.0,1.8807191848754883,17.400136470794678,1.293805247595376,1.3524966413233872,0.6846370914264115,0.635315278403096,1.0,0.635315278403096,-54.41518020629883,0.549437940120697,-15.3944091796875,0.13786379992961884,-1.9814890623092651,-6.0,53.72802734375,125.69114685058594,-32.85594177246094,0.0,0.0,0.0,0.0,0.0,0.0,0.0,0.0,0.0,,0.0,-6.0,1433.0,1433.0,0.0,0.013378087135862844,0.013378087135862844,0.0,2.0033281017559205e-05,2.0033281017559205e-05,0.0,0.0005284620909716309,0.0005284620909716309,0.0,0.0003,0.0003,0.0,-6.0,-6.0,0.0,0.0,0.41375,27.8875,86.8,5563.849,84,Walker2d-v5,8256,Agente_2
478.8823323249817,86,352256,405.3725855016359,667.097909205213,43.683062102287124,250.05,1433,0.013378087135862844,-6.0,0.99,2.0033281017559205e-05,0.0005284620909716309,0.0003,-51.624942779541016,0.47228652238845825,-15.705750465393066,0.1347925215959549,-2.004018545150757,-6.0,1.8428306579589844,15.959123611450195,1.3524966413233872,1.401530042986947,0.6874544544223784,0.6959065434102796,1.0,0.6959065434102796,-51.624942779541016,0.47228652238845825,-15.705750465393066,0.1347925215959549,-2.004018545150757,-6.0,50.90838623046875,107.66787719726562,-33.531494140625,0.0,0.0,0.0,0.0,0.0,0.0,0.0,0.0,0.0,,0.0,-6.0,1433.0,1433.0,0.0,0.013378087135862844,0.013378087135862844,0.0,2.0033281017559205e-05,2.0033281017559205e-05,0.0,0.0005284620909716309,0.0005284620909716309,0.0,0.0003,0.0003,0.0,-6.0,-6.0,0.0,0.0,0.325,27.2375,86.825,5567.267,85,Walker2d-v5,8256,Agente_2
484.46737360954285,87,356352,396.09027445141663,632.4632900434419,76.39233070662942,249.21,1433,0.013378087135862844,-6.0,0.99,2.0033281017559205e-05,0.0005284620909716309,0.0003,-50.63629913330078,0.5617597699165344,-15.383914947509766,0.13185454905033112,-2.0260558128356934,-6.0,2.042494773864746,25.18829584121704,1.401530042986947,1.4656265160747268,0.6738333604124381,0.6329700783826174,1.0,0.6329700783826174,-50.63629913330078,0.5617597699165344,-15.383914947509766,0.13185454905033112,-2.0260558128356934,-6.0,49.97210693359375,108.43702697753906,-37.95076370239258,0.0,0.0,0.0,0.0,0.0,0.0,0.0,0.0,0.0,,0.0,-6.0,1433.0,1433.0,0.0,0.013378087135862844,0.013378087135862844,0.0,2.0033281017559205e-05,2.0033281017559205e-05,0.0,0.0005284620909716309,0.0005284620909716309,0.0,0.0003,0.0003,0.0,-6.0,-6.0,0.0,0.0,0.4125,27.487499999999997,86.625,5568.809,86,Walker2d-v5,8256,Agente_2
490.2711865901947,88,360448,406.6201152662018,856.6138601110312,80.95644533032178,253.77,1433,0.013378087135862844,-6.0,0.99,2.0033281017559205e-05,0.0005284620909716309,0.0003,-58.40073013305664,0.5947682857513428,-14.898914337158203,0.12891682982444763,-2.0485877990722656,-6.0,2.066971778869629,30.83847951889038,1.4656265160747268,1.525761042354217,0.6712379648874006,0.6634517783122882,1.0,0.6634517783122882,-58.40073013305664,0.5947682857513428,-14.898914337158203,0.12891682982444763,-2.0485877990722656,-6.0,57.78839874267578,120.09639739990234,-35.72475051879883,0.0,0.0,0.0,0.0,0.0,0.0,0.0,0.0,0.0,,0.0,-6.0,1433.0,1433.0,0.0,0.013378087135862844,0.013378087135862844,0.0,2.0033281017559205e-05,2.0033281017559205e-05,0.0,0.0005284620909716309,0.0005284620909716309,0.0,0.0003,0.0003,0.0,-6.0,-6.0,0.0,0.0,0.33499999999999996,27.85,86.5875,5619.497,87,Walker2d-v5,8256,Agente_2
495.98124170303345,89,364544,410.7054928520845,856.6138601110312,80.95644533032178,256.68,1433,0.013378087135862844,-6.0,0.99,2.0033281017559205e-05,0.0005284620909716309,0.0003,-55.19113540649414,0.6125202178955078,-14.965022087097168,0.12612244486808777,-2.0705020427703857,-6.0,2.004802703857422,32.44022226333618,1.525761042354217,1.5736652085045375,0.6860638947507582,0.730541684340831,1.0,0.730541684340831,-55.19113540649414,0.6125202178955078,-14.965022087097168,0.12612244486808777,-2.0705020427703857,-6.0,54.53997802734375,146.96669006347656,-36.98930740356445,0.0,0.0,0.0,0.0,0.0,0.0,0.0,0.0,0.0,,0.0,-6.0,1433.0,1433.0,0.0,0.013378087135862844,0.013378087135862844,0.0,2.0033281017559205e-05,2.0033281017559205e-05,0.0,0.0005284620909716309,0.0005284620909716309,0.0,0.0003,0.0003,0.0,-6.0,-6.0,0.0,0.0,0.37625,27.8875,86.7,5599.777,88,Walker2d-v5,8256,Agente_2
501.63099575042725,90,368640,417.8967801010776,856.6138601110312,80.95644533032178,266.41,1433,0.013378087135862844,-6.0,0.99,2.0033281017559205e-05,0.0005284620909716309,0.0003,-58.1766357421875,0.4221891164779663,-14.826305389404297,0.12342331558465958,-2.092135190963745,-6.0,1.8193473815917969,11.62855052947998,1.5736652085045375,1.5982334258132633,0.7284118428843871,0.8554556872852739,1.0,0.8554556872852739,-58.1766357421875,0.4221891164779663,-14.826305389404297,0.12342331558465958,-2.092135190963745,-6.0,57.64023971557617,124.33332061767578,-32.47039031982422,0.0,0.0,0.0,0.0,0.0,0.0,0.0,0.0,0.0,,0.0,-6.0,1433.0,1433.0,0.0,0.013378087135862844,0.013378087135862844,0.0,2.0033281017559205e-05,2.0033281017559205e-05,0.0,0.0005284620909716309,0.0005284620909716309,0.0,0.0003,0.0003,0.0,-6.0,-6.0,0.0,0.0,0.39428571428571424,27.642857142857146,86.7,5609.676,89,Walker2d-v5,8256,Agente_2
507.19450783729553,91,372736,417.32721552642715,856.6138601110312,80.95644533032178,268.44,1433,0.013378087135862844,-6.0,0.99,2.0033281017559205e-05,0.0005284620909716309,0.0003,-62.76484298706055,0.5127123594284058,-14.474906921386719,0.12080949544906616,-2.1135404109954834,-6.0,2.1814098358154297,10.329648494720459,1.5982334258132633,1.65655106681348,0.7198774619665363,0.694274319212984,1.0,0.694274319212984,-62.76484298706055,0.5127123594284058,-14.474906921386719,0.12080949544906616,-2.1135404109954834,-6.0,61.91657638549805,121.20890808105469,-38.96128463745117,0.0,0.0,0.0,0.0,0.0,0.0,0.0,0.0,0.0,,0.0,-6.0,1433.0,1433.0,0.0,0.013378087135862844,0.013378087135862844,0.0,2.0033281017559205e-05,2.0033281017559205e-05,0.0,0.0005284620909716309,0.0005284620909716309,0.0,0.0003,0.0003,0.0,-6.0,-6.0,0.0,0.0,0.39375,28.15,86.5125,5635.473,90,Walker2d-v5,8256,Agente_2
513.0035712718964,92,376832,421.7595233755682,957.7588883923991,80.95644533032178,275.77,1433,0.013378087135862844,-6.0,0.99,2.0033281017559205e-05,0.0005284620909716309,0.0003,-58.5657844543457,0.49235767126083374,-14.257416725158691,0.11828838288784027,-2.134629726409912,-6.0,2.1174612045288086,14.210649490356445,1.65655106681348,1.7026420805850129,0.72918785715708,0.7571190427287111,1.0,0.7571190427287111,-58.5657844543457,0.49235767126083374,-14.257416725158691,0.11828838288784027,-2.134629726409912,-6.0,57.71424102783203,124.81118774414062,-44.368717193603516,0.0,0.0,0.0,0.0,0.0,0.0,0.0,0.0,0.0,,0.0,-6.0,1433.0,1433.0,0.0,0.013378087135862844,0.013378087135862844,0.0,2.0033281017559205e-05,2.0033281017559205e-05,0.0,0.0005284620909716309,0.0005284620909716309,0.0,0.0003,0.0003,0.0,-6.0,-6.0,0.0,0.0,0.3282142857142857,26.446428571428573,87.38571428571429,5657.157,91,Walker2d-v5,8256,Agente_2
518.4402902126312,93,380928,440.96068792459715,1089.0309395933716,80.95644533032178,302.05,1433,0.013378087135862844,-6.0,0.99,2.0033281017559205e-05,0.0005284620909716309,0.0003,-60.015480041503906,0.5928211212158203,-14.487654685974121,0.11586377024650574,-2.1553401947021484,-6.0,2.1768064498901367,16.177252769470215,1.7026420805850129,1.7500585175155252,0.7361228451834044,0.7569278092623778,1.0,0.7569278092623778,-60.015480041503906,0.5928211212158203,-14.487654685974121,0.11586377024650574,-2.1553401947021484,-6.0,59.54505157470703,130.96446228027344,-45.014888763427734,0.0,0.0,0.0,0.0,0.0,0.0,0.0,0.0,0.0,,0.0,-6.0,1433.0,1433.0,0.0,0.013378087135862844,0.013378087135862844,0.0,2.0033281017559205e-05,2.0033281017559205e-05,0.0,0.0005284620909716309,0.0005284620909716309,0.0,0.0003,0.0003,0.0,-6.0,-6.0,0.0,0.0,0.38625,27.75,86.23750000000001,5655.714,92,Walker2d-v5,8256,Agente_2
523.9023468494415,94,385024,453.92807054273305,1089.0309395933716,80.95644533032178,322.72,1433,0.013378087135862844,-6.0,0.99,2.0033281017559205e-05,0.0005284620909716309,0.0003,-62.74452590942383,0.514864444732666,-14.348651885986328,0.11349894851446152,-2.17596173286438,-6.0,2.0691118240356445,15.95285940170288,1.7500585175155252,1.781963848167537,0.7604278598566356,0.8333429038763295,1.0,0.8333429038763295,-62.74452590942383,0.514864444732666,-14.348651885986328,0.11349894851446152,-2.17596173286438,-6.0,62.04451370239258,123.37928771972656,-49.9385986328125,0.0,0.0,0.0,0.0,0.0,0.0,0.0,0.0,0.0,,0.0,-6.0,1433.0,1433.0,0.0,0.013378087135862844,0.013378087135862844,0.0,2.0033281017559205e-05,2.0033281017559205e-05,0.0,0.0005284620909716309,0.0005284620909716309,0.0,0.0003,0.0003,0.0,-6.0,-6.0,0.0,0.0,0.35714285714285715,27.7,84.65714285714286,5620.665,93,Walker2d-v5,8256,Agente_2
529.7568957805634,95,389120,473.269150223953,1089.0309395933716,80.95644533032178,349.0,1433,0.013378087135862844,-6.0,0.99,2.0033281017559205e-05,0.0005284620909716309,0.0003,-67.07559204101562,0.6616493463516235,-14.148775100708008,0.1111970767378807,-2.196451187133789,-6.0,2.1536922454833984,22.872875690460205,1.781963848167537,1.8191366878991233,0.773249638027057,0.8117149725383211,1.0,0.8117149725383211,-67.07559204101562,0.6616493463516235,-14.148775100708008,0.1111970767378807,-2.196451187133789,-6.0,66.29176330566406,141.47402954101562,-53.903236389160156,0.0,0.0,0.0,0.0,0.0,0.0,0.0,0.0,0.0,,0.0,-6.0,1433.0,1433.0,0.0,0.013378087135862844,0.013378087135862844,0.0,2.0033281017559205e-05,2.0033281017559205e-05,0.0,0.0005284620909716309,0.0005284620909716309,0.0,0.0003,0.0003,0.0,-6.0,-6.0,0.0,0.0,0.30500000000000005,32.35,75.75,5635.406,94,Walker2d-v5,8256,Agente_2
535.4091567993164,96,393216,492.12004490133114,1089.0309395933716,80.95644533032178,380.71,1433,0.013378087135862844,-6.0,0.99,2.0033281017559205e-05,0.0005284620909716309,0.0003,-69.70665740966797,0.6333203911781311,-12.575225830078125,0.10899562388658524,-2.216447591781616,-6.0,2.463245391845703,21.038745880126953,1.8191366878991233,1.8835475582937813,0.7553930163632588,0.7018231513718639,1.0,0.7018231513718639,-69.70665740966797,0.6333203911781311,-12.575225830078125,0.10899562388658524,-2.216447591781616,-6.0,68.64810943603516,136.96774291992188,-46.171390533447266,0.0,0.0,0.0,0.0,0.0,0.0,0.0,0.0,0.0,,0.0,-6.0,1433.0,1433.0,0.0,0.013378087135862844,0.013378087135862844,0.0,2.0033281017559205e-05,2.0033281017559205e-05,0.0,0.0005284620909716309,0.0005284620909716309,0.0,0.0003,0.0003,0.0,-6.0,-6.0,0.0,0.0,0.3225,26.5125,82.57499999999999,5640.176,95,Walker2d-v5,8256,Agente_2
540.9392473697662,97,397312,500.8126989349872,1089.0309395933716,80.95644533032178,392.51,1433,0.013378087135862844,-6.0,0.99,2.0033281017559205e-05,0.0005284620909716309,0.0003,-70.92327880859375,0.5469626188278198,-12.45999813079834,0.106950543820858,-2.23538875579834,-6.0,2.3279027938842773,14.042313814163208,1.8835475582937813,1.927983081852831,0.7640069133885403,0.7898486044643849,1.0,0.7898486044643849,-70.92327880859375,0.5469626188278198,-12.45999813079834,0.106950543820858,-2.23538875579834,-6.0,70.0636215209961,138.1625518798828,-40.60805130004883,0.0,0.0,0.0,0.0,0.0,0.0,0.0,0.0,0.0,,0.0,-6.0,1433.0,1433.0,0.0,0.013378087135862844,0.013378087135862844,0.0,2.0033281017559205e-05,2.0033281017559205e-05,0.0,0.0005284620909716309,0.0005284620909716309,0.0,0.0003,0.0003,0.0,-6.0,-6.0,0.0,0.0,0.3442857142857143,27.071428571428566,88.27142857142859,5634.81,96,Walker2d-v5,8256,Agente_2
546.5447537899017,98,401408,513.887849476235,1089.0309395933716,80.95644533032178,407.63,1433,0.013378087135862844,-6.0,0.99,2.0033281017559205e-05,0.0005284620909716309,0.0003,-71.40311431884766,0.6363391280174255,-11.957657814025879,0.10503407567739487,-2.2534704208374023,-6.0,2.542820930480957,19.227108478546143,1.927983081852831,1.9894668667156434,0.754741865226736,0.7269467207413229,1.0,0.7269467207413229,-71.40311431884766,0.6363391280174255,-11.957657814025879,0.10503407567739487,-2.2534704208374023,-6.0,70.22212982177734,134.86842346191406,-44.01695251464844,0.0,0.0,0.0,0.0,0.0,0.0,0.0,0.0,0.0,,0.0,-6.0,1433.0,1433.0,0.0,0.013378087135862844,0.013378087135862844,0.0,2.0033281017559205e-05,2.0033281017559205e-05,0.0,0.0005284620909716309,0.0005284620909716309,0.0,0.0003,0.0003,0.0,-6.0,-6.0,0.0,0.0,0.35,26.6625,89.1375,5614.977,97,Walker2d-v5,8256,Agente_2
552.206698179245,99,405504,531.7802315041149,1089.0309395933716,67.13396842486135,440.41,1433,0.013378087135862844,-6.0,0.99,2.0033281017559205e-05,0.0005284620909716309,0.0003,-72.84039306640625,0.5392084717750549,-11.565226554870605,0.10320395231246948,-2.271048069000244,-6.0,2.3432559967041016,12.260196208953857,1.9894668667156434,2.0248457797144894,0.7753273437904111,0.8370837794814365,1.0,0.8370837794814365,-72.84039306640625,0.5392084717750549,-11.565226554870605,0.10320395231246948,-2.271048069000244,-6.0,71.22823333740234,146.31341552734375,-60.625003814697266,0.0,0.0,0.0,0.0,0.0,0.0,0.0,0.0,0.0,,0.0,-6.0,1433.0,1433.0,0.0,0.013378087135862844,0.013378087135862844,0.0,2.0033281017559205e-05,2.0033281017559205e-05,0.0,0.0005284620909716309,0.0005284620909716309,0.0,0.0003,0.0003,0.0,-6.0,-6.0,0.0,0.0,0.3575,26.5125,89.63749999999999,5610.471,98,Walker2d-v5,8256,Agente_2
557.6729788780212,100,409600,558.7445726883752,1089.0309395933716,67.13396842486135,475.31,1433,0.013378087135862844,-6.0,0.99,2.0033281017559205e-05,0.0005284620909716309,0.0003,-72.70346069335938,0.6767392754554749,-10.71306037902832,0.10148781538009644,-2.2878165245056152,-6.0,2.405263900756836,23.36250066757202,2.0248457797144894,2.062887591818724,0.7886750591660795,0.8287182052930847,1.0,0.8287182052930847,-72.70346069335938,0.6767392754554749,-10.71306037902832,0.10148781538009644,-2.2878165245056152,-6.0,71.2596664428711,147.03379821777344,-60.5142822265625,0.0,0.0,0.0,0.0,0.0,0.0,0.0,0.0,0.0,,0.0,-6.0,1433.0,1433.0,0.0,0.013378087135862844,0.013378087135862844,0.0,2.0033281017559205e-05,2.0033281017559205e-05,0.0,0.0005284620909716309,0.0005284620909716309,0.0,0.0003,0.0003,0.0,-6.0,-6.0,0.0,0.0,0.36500000000000005,24.266666666666666,89.86666666666666,5592.082,99,Walker2d-v5,8256,Agente_2
563.0762567520142,101,413696,567.6391288973361,1089.0309395933716,67.13396842486135,498.82,1433,0.013378087135862844,-6.0,0.99,2.0033281017559205e-05,0.0005284620909716309,0.0003,-80.13555908203125,0.6526010632514954,-9.166898727416992,0.09995146840810776,-2.303070545196533,-6.0,2.436948776245117,15.808992385864258,2.062887591818724,2.1002937102613637,0.8000465303686141,0.8341609439762178,1.0,0.8341609439762178,-80.13555908203125,0.6526010632514954,-9.166898727416992,0.09995146840810776,-2.303070545196533,-6.0,78.63948822021484,153.48793029785156,-50.499725341796875,0.0,0.0,0.0,0.0,0.0,0.0,0.0,0.0,0.0,,0.0,-6.0,1433.0,1433.0,0.0,0.013378087135862844,0.013378087135862844,0.0,2.0033281017559205e-05,2.0033281017559205e-05,0.0,0.0005284620909716309,0.0005284620909716309,0.0,0.0003,0.0003,0.0,-6.0,-6.0,0.0,0.0,0.39571428571428574,26.214285714285715,90.01428571428572,5575.919,100,Walker2d-v5,8256,Agente_2
568.6383728981018,102,417792,552.6314178129123,1089.0309395933716,67.13396842486135,498.3,1433,0.013378087135862844,-6.0,0.99,2.0033281017559205e-05,0.0005284620909716309,0.0003,-79.11466979980469,0.5471569299697876,-7.361893653869629,0.09857724606990814,-2.3169147968292236,-6.0,2.4653148651123047,11.309027194976807,2.1002937102613637,2.1367958257464577,0.8101521320227341,0.8404689369850941,1.0,0.8404689369850941,-79.11466979980469,0.5471569299697876,-7.361893653869629,0.09857724606990814,-2.3169147968292236,-6.0,77.54673767089844,151.44287109375,-65.99783325195312,0.0,0.0,0.0,0.0,0.0,0.0,0.0,0.0,0.0,,0.0,-6.0,1433.0,1433.0,0.0,0.013378087135862844,0.013378087135862844,0.0,2.0033281017559205e-05,2.0033281017559205e-05,0.0,0.0005284620909716309,0.0005284620909716309,0.0,0.0003,0.0003,0.0,-6.0,-6.0,0.0,0.0,0.39999999999999997,26.9,89.23750000000001,5550.924,101,Walker2d-v5,8256,Agente_2
574.8872101306915,103,421888,552.8240765127871,1089.0309395933716,35.97356214022575,516.85,1433,0.013378087135862844,-6.0,0.99,2.0033281017559205e-05,0.0005284620909716309,0.0003,-81.10755920410156,0.8029270172119141,-8.135862350463867,0.09729983657598495,-2.329957962036133,-6.0,2.8917770385742188,20.339898586273193,2.1367958257464577,2.2122939470292335,0.7832015018568195,0.7023496113590757,1.0,0.7023496113590757,-81.10755920410156,0.8029270172119141,-8.135862350463867,0.09729983657598495,-2.329957962036133,-6.0,79.10629272460938,151.46470642089844,-44.27695846557617,0.0,0.0,0.0,0.0,0.0,0.0,0.0,0.0,0.0,,0.0,-6.0,1433.0,1433.0,0.0,0.013378087135862844,0.013378087135862844,0.0,2.0033281017559205e-05,2.0033281017559205e-05,0.0,0.0005284620909716309,0.0005284620909716309,0.0,0.0003,0.0003,0.0,-6.0,-6.0,0.0,0.0,0.38625,27.8125,88.4375,5631.974,102,Walker2d-v5,8256,Agente_2
580.6680810451508,104,425984,545.9093895404638,1089.0309395933716,35.97356214022575,515.89,1433,0.013378087135862844,-6.0,0.99,2.0033281017559205e-05,0.0005284620909716309,0.0003,-85.33246612548828,0.6467517018318176,-8.246416091918945,0.09608758240938187,-2.3424952030181885,-6.0,2.458637237548828,14.961201667785645,2.2122939470292335,2.236928276081193,0.8110570805760662,0.8946238167338061,1.0,0.8946238167338061,-85.33246612548828,0.6467517018318176,-8.246416091918945,0.09608758240938187,-2.3424952030181885,-6.0,83.26797485351562,157.13429260253906,-55.55815124511719,0.0,0.0,0.0,0.0,0.0,0.0,0.0,0.0,0.0,,0.0,-6.0,1433.0,1433.0,0.0,0.013378087135862844,0.013378087135862844,0.0,2.0033281017559205e-05,2.0033281017559205e-05,0.0,0.0005284620909716309,0.0005284620909716309,0.0,0.0003,0.0003,0.0,-6.0,-6.0,0.0,0.0,0.35125,28.025,88.3625,5663.926,103,Walker2d-v5,8256,Agente_2
586.9208908081055,105,430080,539.1774546961573,1076.5460588868548,35.97356214022575,507.47,1433,0.013378087135862844,-6.0,0.99,2.0033281017559205e-05,0.0005284620909716309,0.0003,-83.34700775146484,0.5514944791793823,-7.066346645355225,0.09484957903623581,-2.3554630279541016,-6.0,2.4455299377441406,10.82624626159668,2.236928276081193,2.2577884422474876,0.8360334194931134,0.9109624362442549,1.0,0.9109624362442549,-83.34700775146484,0.5514944791793823,-7.066346645355225,0.09484957903623581,-2.3554630279541016,-6.0,81.78274536132812,157.49940490722656,-60.475921630859375,0.0,0.0,0.0,0.0,0.0,0.0,0.0,0.0,0.0,,0.0,-6.0,1433.0,1433.0,0.0,0.013378087135862844,0.013378087135862844,0.0,2.0033281017559205e-05,2.0033281017559205e-05,0.0,0.0005284620909716309,0.0005284620909716309,0.0,0.0003,0.0003,0.0,-6.0,-6.0,0.0,0.0,0.3267857142857143,26.707142857142856,89.41785714285712,5704.143,104,Walker2d-v5,8256,Agente_2
592.703253030777,106,434176,534.3185263274004,958.8688130313116,35.97356214022575,501.21,1433,0.013378087135862844,-6.0,0.99,2.0033281017559205e-05,0.0005284620909716309,0.0003,-85.84065246582031,0.7589219808578491,-8.068107604980469,0.09351404011249542,-2.3696436882019043,-6.0,2.5052108764648438,18.59746265411377,2.2577884422474876,2.282530685669223,0.8510762949040032,0.8962049211366729,1.0,0.8962049211366729,-85.84065246582031,0.7589219808578491,-8.068107604980469,0.09351404011249542,-2.3696436882019043,-6.0,84.23682403564453,169.7354278564453,-57.45015335083008,0.0,0.0,0.0,0.0,0.0,0.0,0.0,0.0,0.0,,0.0,-6.0,1433.0,1433.0,0.0,0.013378087135862844,0.013378087135862844,0.0,2.0033281017559205e-05,2.0033281017559205e-05,0.0,0.0005284620909716309,0.0005284620909716309,0.0,0.0003,0.0003,0.0,-6.0,-6.0,0.0,0.0,0.34375,26.6375,87.9375,5717.189,105,Walker2d-v5,8256,Agente_2
599.1257998943329,107,438272,540.5601327339833,949.0061885379417,35.97356214022575,512.91,1433,0.013378087135862844,-6.0,0.99,2.0033281017559205e-05,0.0005284620909716309,0.0003,-90.72613525390625,0.6504737138748169,-7.317986488342285,0.09220647066831589,-2.3837249279022217,-6.0,2.455411911010742,12.662347793579102,2.282530685669223,2.299818808203375,0.8700712860581856,0.9270562595207331,1.0,0.9270562595207331,-90.72613525390625,0.6504737138748169,-7.317986488342285,0.09220647066831589,-2.3837249279022217,-6.0,89.21273803710938,165.57164001464844,-58.245765686035156,0.0,0.0,0.0,0.0,0.0,0.0,0.0,0.0,0.0,,0.0,-6.0,1433.0,1433.0,0.0,0.013378087135862844,0.013378087135862844,0.0,2.0033281017559205e-05,2.0033281017559205e-05,0.0,0.0005284620909716309,0.0005284620909716309,0.0,0.0003,0.0003,0.0,-6.0,-6.0,0.0,0.0,0.34111111111111114,32.75555555555556,76.98888888888888,5806.531,106,Walker2d-v5,8256,Agente_2
604.7734594345093,108,442368,541.0969123538924,972.3957956514017,35.97356214022575,511.98,1433,0.013378087135862844,-6.0,0.99,2.0033281017559205e-05,0.0005284620909716309,0.0003,-89.07525634765625,0.6991634964942932,-8.165294647216797,0.09095325320959091,-2.397409677505493,-6.0,2.906322479248047,14.660988807678223,2.299818808203375,2.360469175307842,0.8446009957244222,0.7681901247231316,1.0,0.7681901247231316,-89.07525634765625,0.6991634964942932,-8.165294647216797,0.09095325320959091,-2.397409677505493,-6.0,88.2789306640625,161.0542755126953,-74.42310333251953,0.0,0.0,0.0,0.0,0.0,0.0,0.0,0.0,0.0,,0.0,-6.0,1433.0,1433.0,0.0,0.013378087135862844,0.013378087135862844,0.0,2.0033281017559205e-05,2.0033281017559205e-05,0.0,0.0005284620909716309,0.0005284620909716309,0.0,0.0003,0.0003,0.0,-6.0,-6.0,0.0,0.0,0.2857142857142857,26.11428571428571,81.34285714285714,5810.856,107,Walker2d-v5,8256,Agente_2
610.4293806552887,109,446464,536.0930426110613,972.3957956514017,27.155226023127707,507.77,1433,0.013378087135862844,-6.0,0.99,2.0033281017559205e-05,0.0005284620909716309,0.0003,-89.23130798339844,0.6745920181274414,-8.979193687438965,0.08960063755512238,-2.4123928546905518,-6.0,2.5843076705932617,12.883265495300293,2.360469175307842,2.382853024836384,0.8608330951535536,0.9095293934409479,1.0,0.9095293934409479,-89.23130798339844,0.6745920181274414,-8.979193687438965,0.08960063755512238,-2.4123928546905518,-6.0,87.71832275390625,165.07601928710938,-55.83115005493164,0.0,0.0,0.0,0.0,0.0,0.0,0.0,0.0,0.0,,0.0,-6.0,1433.0,1433.0,0.0,0.013378087135862844,0.013378087135862844,0.0,2.0033281017559205e-05,2.0033281017559205e-05,0.0,0.0005284620909716309,0.0005284620909716309,0.0,0.0003,0.0003,0.0,-6.0,-6.0,0.0,0.0,0.30375,26.25,87.5625,5809.862,108,Walker2d-v5,8256,Agente_2
616.0993130207062,110,450560,537.8632443146784,1009.4387998412491,27.155226023127707,509.64,1433,0.013378087135862844,-6.0,0.99,2.0033281017559205e-05,0.0005284620909716309,0.0003,-93.07540893554688,0.7142211198806763,-9.352876663208008,0.08822391927242279,-2.427877187728882,-6.0,2.77089786529541,16.49725580215454,2.382853024836384,2.4216575088822863,0.8580547289215861,0.8497196302256834,1.0,0.8497196302256834,-93.07540893554688,0.7142211198806763,-9.352876663208008,0.08822391927242279,-2.427877187728882,-6.0,92.54339599609375,167.47891235351562,-75.96099853515625,0.0,0.0,0.0,0.0,0.0,0.0,0.0,0.0,0.0,,0.0,-6.0,1433.0,1433.0,0.0,0.013378087135862844,0.013378087135862844,0.0,2.0033281017559205e-05,2.0033281017559205e-05,0.0,0.0005284620909716309,0.0005284620909716309,0.0,0.0003,0.0003,0.0,-6.0,-6.0,0.0,0.0,0.36625,28.487499999999997,89.225,5829.992,109,Walker2d-v5,8256,Agente_2
621.995938539505,111,454656,563.4431675425028,1083.584833972683,27.155226023127707,545.15,1433,0.013378087135862844,-6.0,0.99,2.0033281017559205e-05,0.0005284620909716309,0.0003,-89.44615173339844,0.732458770275116,-8.304496765136719,0.08679915964603424,-2.4441583156585693,-6.0,2.721424102783203,16.163864135742188,2.4216575088822863,2.451634168272378,0.8644333378938733,0.8835691648107352,1.0,0.8835691648107352,-89.44615173339844,0.732458770275116,-8.304496765136719,0.08679915964603424,-2.4441583156585693,-6.0,88.50001525878906,163.8610382080078,-63.44244384765625,0.0,0.0,0.0,0.0,0.0,0.0,0.0,0.0,0.0,,0.0,-6.0,1433.0,1433.0,0.0,0.013378087135862844,0.013378087135862844,0.0,2.0033281017559205e-05,2.0033281017559205e-05,0.0,0.0005284620909716309,0.0005284620909716309,0.0,0.0003,0.0003,0.0,-6.0,-6.0,0.0,0.0,0.35624999999999996,28.025,88.88749999999999,5879.473,110,Walker2d-v5,8256,Agente_2
627.7703256607056,112,458752,538.2217819711244,1101.5709507421789,16.014018951408044,510.32,1433,0.013378087135862844,-6.0,0.99,2.0033281017559205e-05,0.0005284620909716309,0.0003,-89.13621520996094,0.5790106058120728,-9.307315826416016,0.08530993014574051,-2.4614644050598145,-6.0,2.3460655212402344,11.928563117980957,2.451634168272378,2.4410773035691635,0.898325003420405,1.0,1.0,1.0,-89.13621520996094,0.5790106058120728,-9.307315826416016,0.08530993014574051,-2.4614644050598145,-6.0,88.42001342773438,163.97206115722656,-62.26323699951172,0.0,0.0,0.0,0.0,0.0,0.0,0.0,0.0,0.0,,0.0,-6.0,1433.0,1433.0,0.0,0.013378087135862844,0.013378087135862844,0.0,2.0033281017559205e-05,2.0033281017559205e-05,0.0,0.0005284620909716309,0.0005284620909716309,0.0,0.0003,0.0003,0.0,-6.0,-6.0,0.0,0.0,0.42875,28.0375,88.35,5901.034,111,Walker2d-v5,8256,Agente_2
633.5379712581635,113,462848,536.0442192988385,1101.5709507421789,16.014018951408044,509.78,1433,0.013378087135862844,-6.0,0.99,2.0033281017559205e-05,0.0005284620909716309,0.0003,-88.41861724853516,0.7439305782318115,-8.720643997192383,0.0839238092303276,-2.4778459072113037,-6.0,2.721263885498047,18.56323766708374,2.4410773035691635,2.4690959617620516,0.8966343448332161,0.8915623690716495,1.0,0.8915623690716495,-88.41861724853516,0.7439305782318115,-8.720643997192383,0.0839238092303276,-2.4778459072113037,-6.0,87.95767211914062,173.18170166015625,-73.37452697753906,0.0,0.0,0.0,0.0,0.0,0.0,0.0,0.0,0.0,,0.0,-6.0,1433.0,1433.0,0.0,0.013378087135862844,0.013378087135862844,0.0,2.0033281017559205e-05,2.0033281017559205e-05,0.0,0.0005284620909716309,0.0005284620909716309,0.0,0.0003,0.0003,0.0,-6.0,-6.0,0.0,0.0,0.36624999999999996,27.775000000000002,87.2125,5853.12,112,Walker2d-v5,8256,Agente_2
639.9103217124939,114,466944,538.6949443349065,1101.5709507421789,16.014018951408044,513.32,1433,0.013378087135862844,-6.0,0.99,2.0033281017559205e-05,0.0005284620909716309,0.0003,-92.8473129272461,0.6651476621627808,-8.363449096679688,0.08252032101154327,-2.494710683822632,-6.0,2.3619003295898438,11.34051513671875,2.4690959617620516,2.4583763985448313,0.9224757586249122,1.0,1.0,1.0,-92.8473129272461,0.6651476621627808,-8.363449096679688,0.08252032101154327,-2.494710683822632,-6.0,92.13771057128906,194.45709228515625,-67.6854476928711,0.0,0.0,0.0,0.0,0.0,0.0,0.0,0.0,0.0,,0.0,-6.0,1433.0,1433.0,0.0,0.013378087135862844,0.013378087135862844,0.0,2.0033281017559205e-05,2.0033281017559205e-05,0.0,0.0005284620909716309,0.0005284620909716309,0.0,0.0003,0.0003,0.0,-6.0,-6.0,0.0,0.0,0.37625,33.0875,76.425,5911.983,113,Walker2d-v5,8256,Agente_2
645.7571694850922,115,471040,532.0520130297225,1101.5709507421789,16.014018951408044,509.58,1433,0.013378087135862844,-6.0,0.99,2.0033281017559205e-05,0.0005284620909716309,0.0003,-97.20625305175781,0.7128518223762512,-7.6455793380737305,0.08109001815319061,-2.512195348739624,-6.0,2.7747955322265625,14.850605010986328,2.4583763985448313,2.4900183119130044,0.9116639114367303,0.8792283698721848,1.0,0.8792283698721848,-97.20625305175781,0.7128518223762512,-7.6455793380737305,0.08109001815319061,-2.512195348739624,-6.0,96.15462493896484,178.32733154296875,-66.96823120117188,0.0,0.0,0.0,0.0,0.0,0.0,0.0,0.0,0.0,,0.0,-6.0,1433.0,1433.0,0.0,0.013378087135862844,0.013378087135862844,0.0,2.0033281017559205e-05,2.0033281017559205e-05,0.0,0.0005284620909716309,0.0005284620909716309,0.0,0.0003,0.0003,0.0,-6.0,-6.0,0.0,0.0,0.32875,26.175,81.375,5871.241,114,Walker2d-v5,8256,Agente_2
651.2688317298889,116,475136,529.0355633104455,1101.5709507421789,16.014018951408044,505.41,1433,0.013378087135862844,-6.0,0.99,2.0033281017559205e-05,0.0005284620909716309,0.0003,-96.62098693847656,0.5968571901321411,-9.632427215576172,0.0797019973397255,-2.5294606685638428,-6.0,2.8385086059570312,13.459293365478516,2.4900183119130044,2.5248673413174068,0.9010972930211524,0.8693974377744187,1.0,0.8693974377744187,-96.62098693847656,0.5968571901321411,-9.632427215576172,0.0797019973397255,-2.5294606685638428,-6.0,95.66665649414062,172.7666778564453,-60.427162170410156,0.0,0.0,0.0,0.0,0.0,0.0,0.0,0.0,0.0,,0.0,-6.0,1433.0,1433.0,0.0,0.013378087135862844,0.013378087135862844,0.0,2.0033281017559205e-05,2.0033281017559205e-05,0.0,0.0005284620909716309,0.0005284620909716309,0.0,0.0003,0.0003,0.0,-6.0,-6.0,0.0,0.0,0.3525,26.987499999999997,87.86250000000001,5843.996,115,Walker2d-v5,8256,Agente_2
657.0056536197662,117,479232,526.6377327318127,1101.5709507421789,16.014018951408044,504.8,1433,0.013378087135862844,-6.0,0.99,2.0033281017559205e-05,0.0005284620909716309,0.0003,-97.18403625488281,0.7522919774055481,-7.534255027770996,0.07836150377988815,-2.5464224815368652,-6.0,2.255565643310547,15.930082321166992,2.5248673413174068,2.497937171516721,0.9258229697658643,1.0,1.0,1.0,-97.18403625488281,0.7522919774055481,-7.534255027770996,0.07836150377988815,-2.5464224815368652,-6.0,96.60845947265625,185.45477294921875,-63.51458740234375,0.0,0.0,0.0,0.0,0.0,0.0,0.0,0.0,0.0,,0.0,-6.0,1433.0,1433.0,0.0,0.013378087135862844,0.013378087135862844,0.0,2.0033281017559205e-05,2.0033281017559205e-05,0.0,0.0005284620909716309,0.0005284620909716309,0.0,0.0003,0.0003,0.0,-6.0,-6.0,0.0,0.0,0.38,28.099999999999998,88.7,5775.287,116,Walker2d-v5,8256,Agente_2
662.8229410648346,118,483328,533.689504989976,1108.821856367822,16.014018951408044,517.31,1433,0.013378087135862844,-6.0,0.99,2.0033281017559205e-05,0.0005284620909716309,0.0003,-95.61674499511719,0.5674552917480469,-8.525806427001953,0.07708427309989929,-2.5628559589385986,-6.0,2.221963882446289,11.510930061340332,2.497937171516721,2.4703398426096776,0.9443672273243983,1.0,1.0,1.0,-95.61674499511719,0.5674552917480469,-8.525806427001953,0.07708427309989929,-2.5628559589385986,-6.0,95.15583801269531,180.54888916015625,-45.75299835205078,0.0,0.0,0.0,0.0,0.0,0.0,0.0,0.0,0.0,,0.0,-6.0,1433.0,1433.0,0.0,0.013378087135862844,0.013378087135862844,0.0,2.0033281017559205e-05,2.0033281017559205e-05,0.0,0.0005284620909716309,0.0005284620909716309,0.0,0.0003,0.0003,0.0,-6.0,-6.0,0.0,0.0,0.3441379310344827,26.53448275862069,89.08965517241379,5792.206,117,Walker2d-v5,8256,Agente_2
668.7645132541656,119,487424,549.2366350880287,1108.821856367822,11.532685643854453,541.95,1433,0.013378087135862844,-6.0,0.99,2.0033281017559205e-05,0.0005284620909716309,0.0003,-94.49571228027344,0.6464937925338745,-6.029010772705078,0.07584815472364426,-2.57902193069458,-6.0,2.6060409545898438,12.800675392150879,2.4703398426096776,2.483909953807694,0.9449127606114045,0.9465493604724232,1.0,0.9465493604724232,-94.49571228027344,0.6464937925338745,-6.029010772705078,0.07584815472364426,-2.57902193069458,-6.0,93.96359252929688,189.81195068359375,-14.365750312805176,0.0,0.0,0.0,0.0,0.0,0.0,0.0,0.0,0.0,,0.0,-6.0,1433.0,1433.0,0.0,0.013378087135862844,0.013378087135862844,0.0,2.0033281017559205e-05,2.0033281017559205e-05,0.0,0.0005284620909716309,0.0005284620909716309,0.0,0.0003,0.0003,0.0,-6.0,-6.0,0.0,0.0,0.37,28.14285714285714,88.0142857142857,5821.055,118,Walker2d-v5,8256,Agente_2
674.477326631546,120,491520,572.4797542503354,1108.821856367822,5.358913617279507,581.21,1433,0.013378087135862844,-6.0,0.99,2.0033281017559205e-05,0.0005284620909716309,0.0003,-99.79931640625,0.6263508200645447,-8.787969589233398,0.07457567751407623,-2.5959408283233643,-6.0,2.2542648315429688,12.56124210357666,2.483909953807694,2.460945441581221,0.9586845704585534,1.0,1.0,1.0,-99.79931640625,0.6263508200645447,-8.787969589233398,0.07457567751407623,-2.5959408283233643,-6.0,99.30514526367188,175.64141845703125,-70.57433319091797,0.0,0.0,0.0,0.0,0.0,0.0,0.0,0.0,0.0,,0.0,-6.0,1433.0,1433.0,0.0,0.013378087135862844,0.013378087135862844,0.0,2.0033281017559205e-05,2.0033281017559205e-05,0.0,0.0005284620909716309,0.0005284620909716309,0.0,0.0003,0.0003,0.0,-6.0,-6.0,0.0,0.0,0.39375,28.5125,87.98750000000001,5825.657,119,Walker2d-v5,8256,Agente_2
680.25998878479,121,495616,544.8016623876609,1108.821856367822,-12.022610257474778,565.87,1433,0.013378087135862844,-6.0,0.99,2.0033281017559205e-05,0.0005284620909716309,0.0003,-101.23899841308594,0.7001087665557861,-8.74329662322998,0.07320941984653473,-2.614431142807007,-6.0,2.250072479248047,13.89286470413208,2.460945441581221,2.4398581453479036,0.9690134278439151,1.0,1.0,1.0,-101.23899841308594,0.7001087665557861,-8.74329662322998,0.07320941984653473,-2.614431142807007,-6.0,100.29034423828125,173.8946075439453,-88.28836059570312,0.0,0.0,0.0,0.0,0.0,0.0,0.0,0.0,0.0,,0.0,-6.0,1433.0,1433.0,0.0,0.013378087135862844,0.013378087135862844,0.0,2.0033281017559205e-05,2.0033281017559205e-05,0.0,0.0005284620909716309,0.0005284620909716309,0.0,0.0003,0.0003,0.0,-6.0,-6.0,0.0,0.0,0.42625,27.675,87.9375,5813.974,120,Walker2d-v5,8256,Agente_2
686.0808913707733,122,499712,470.531473321942,1108.821856367822,-12.022610257474778,484.11,1433,0.013378087135862844,-6.0,0.99,2.0033281017559205e-05,0.0005284620909716309,0.0003,-96.4080581665039,0.6846166253089905,-10.37231159210205,0.07181700319051743,-2.633634090423584,-6.0,2.660280227661133,11.786516189575195,2.4398581453479036,2.4619003535792268,0.9551647013588682,0.9136185219037276,1.0,0.9136185219037276,-96.4080581665039,0.6846166253089905,-10.37231159210205,0.07181700319051743,-2.633634090423584,-6.0,95.84422302246094,175.38992309570312,-78.40896606445312,0.0,0.0,0.0,0.0,0.0,0.0,0.0,0.0,0.0,,0.0,-6.0,1433.0,1433.0,0.0,0.013378087135862844,0.013378087135862844,0.0,2.0033281017559205e-05,2.0033281017559205e-05,0.0,0.0005284620909716309,0.0005284620909716309,0.0,0.0003,0.0003,0.0,-6.0,-6.0,0.0,0.0,0.35750000000000004,27.6875,88.02499999999999,5818.501,121,Walker2d-v5,8256,Agente_2
691.7027869224548,123,503808,452.4920077487196,1108.821856367822,-12.022610257474778,475.72,1433,0.013378087135862844,-6.0,0.99,2.0033281017559205e-05,0.0005284620909716309,0.0003,-102.9875259399414,0.7752260565757751,-8.2239408493042,0.07034416496753693,-2.654355525970459,-6.0,2.744718551635742,13.921884775161743,2.4619003535792268,2.4901821733848784,0.939242250494676,0.8914748979020993,1.0,0.8914748979020993,-102.9875259399414,0.7752260565757751,-8.2239408493042,0.07034416496753693,-2.654355525970459,-6.0,102.27210998535156,176.97616577148438,-76.08735656738281,0.0,0.0,0.0,0.0,0.0,0.0,0.0,0.0,0.0,,0.0,-6.0,1433.0,1433.0,0.0,0.013378087135862844,0.013378087135862844,0.0,2.0033281017559205e-05,2.0033281017559205e-05,0.0,0.0005284620909716309,0.0005284620909716309,0.0,0.0003,0.0003,0.0,-6.0,-6.0,0.0,0.0,0.3825,28.1375,88.08749999999999,5803.923,122,Walker2d-v5,8256,Agente_2
697.3450365066528,124,507904,425.4807478218198,1108.821856367822,-12.022610257474778,452.32,1433,0.013378087135862844,-6.0,0.99,2.0033281017559205e-05,0.0005284620909716309,0.0003,-101.57150268554688,0.6546320915222168,-9.50175666809082,0.0688716322183609,-2.675510883331299,-6.0,2.4866104125976562,13.236801147460938,2.4901821733848784,2.4898249973061564,0.9544316878710071,1.0,1.0,1.0,-101.57150268554688,0.6546320915222168,-9.50175666809082,0.0688716322183609,-2.675510883331299,-6.0,100.95059204101562,177.0509490966797,-9.112780570983887,0.0,0.0,0.0,0.0,0.0,0.0,0.0,0.0,0.0,,0.0,-6.0,1433.0,1433.0,0.0,0.013378087135862844,0.013378087135862844,0.0,2.0033281017559205e-05,2.0033281017559205e-05,0.0,0.0005284620909716309,0.0005284620909716309,0.0,0.0003,0.0003,0.0,-6.0,-6.0,0.0,0.0,0.41125,27.862499999999997,87.8375,5731.633,123,Walker2d-v5,8256,Agente_2
703.3009362220764,125,512000,422.6573448485699,1108.821856367822,-12.022610257474778,447.64,1433,0.013378087135862844,-6.0,0.99,2.0033281017559205e-05,0.0005284620909716309,0.0003,-99.327880859375,0.7295957207679749,-9.30297565460205,0.06749536842107773,-2.6956963539123535,-6.0,2.4869956970214844,13.545588493347168,2.4898249973061564,2.4895420672776893,0.9658237659032554,1.0,1.0,1.0,-99.327880859375,0.7295957207679749,-9.30297565460205,0.06749536842107773,-2.6956963539123535,-6.0,99.0301513671875,182.14341735839844,-100.94168853759766,0.0,0.0,0.0,0.0,0.0,0.0,0.0,0.0,0.0,,0.0,-6.0,1433.0,1433.0,0.0,0.013378087135862844,0.013378087135862844,0.0,2.0033281017559205e-05,2.0033281017559205e-05,0.0,0.0005284620909716309,0.0005284620909716309,0.0,0.0003,0.0003,0.0,-6.0,-6.0,0.0,0.0,0.30374999999999996,28.3125,83.4125,5742.349,124,Walker2d-v5,8256,Agente_2
709.4465441703796,126,516096,426.6797409694324,1108.821856367822,-12.022610257474778,452.97,1433,0.013378087135862844,-6.0,0.99,2.0033281017559205e-05,0.0005284620909716309,0.0003,-98.90300750732422,0.6037628650665283,-8.514492988586426,0.06626302748918533,-2.714123249053955,-6.0,2.344270706176758,14.06488561630249,2.4895420672776893,2.475014931167596,0.9743678244274415,1.0,1.0,1.0,-98.90300750732422,0.6037628650665283,-8.514492988586426,0.06626302748918533,-2.714123249053955,-6.0,98.2152099609375,181.74313354492188,-77.29266357421875,0.0,0.0,0.0,0.0,0.0,0.0,0.0,0.0,0.0,,0.0,-6.0,1433.0,1433.0,0.0,0.013378087135862844,0.013378087135862844,0.0,2.0033281017559205e-05,2.0033281017559205e-05,0.0,0.0005284620909716309,0.0005284620909716309,0.0,0.0003,0.0003,0.0,-6.0,-6.0,0.0,0.0,0.3325,30.775,76.4,5806.001,125,Walker2d-v5,8256,Agente_2
715.2194232940674,127,520192,437.3128248555627,1108.821856367822,-12.022610257474778,463.72,1433,0.013378087135862844,-6.0,0.99,2.0033281017559205e-05,0.0005284620909716309,0.0003,-95.58157348632812,0.7315579652786255,-6.875208377838135,0.06512832641601562,-2.731395721435547,-6.0,2.596503257751465,14.590145349502563,2.475014931167596,2.487163763825983,0.9688007053913839,0.9520993482832105,1.0,0.9520993482832105,-95.58157348632812,0.7315579652786255,-6.875208377838135,0.06512832641601562,-2.731395721435547,-6.0,94.7967529296875,205.87632751464844,-94.3912582397461,0.0,0.0,0.0,0.0,0.0,0.0,0.0,0.0,0.0,,0.0,-6.0,1433.0,1433.0,0.0,0.013378087135862844,0.013378087135862844,0.0,2.0033281017559205e-05,2.0033281017559205e-05,0.0,0.0005284620909716309,0.0005284620909716309,0.0,0.0003,0.0003,0.0,-6.0,-6.0,0.0,0.0,0.38125,26.012500000000003,84.225,5809.303,126,Walker2d-v5,8256,Agente_2
721.0465815067291,128,524288,437.3128248555627,1108.821856367822,-12.022610257474778,463.72,1433,0.013378087135862844,-6.0,0.99,2.0033281017559205e-05,0.0005284620909716309,0.0003,-99.59687805175781,0.6411823034286499,-6.9672980308532715,0.06418247520923615,-2.7460250854492188,-6.0,2.367116928100586,14.194529056549072,2.487163763825983,2.4751590802534436,0.9766005290435379,1.0,1.0,1.0,-99.59687805175781,0.6411823034286499,-6.9672980308532715,0.06418247520923615,-2.7460250854492188,-6.0,99.0035400390625,182.86297607421875,-87.6570053100586,0.0,0.0,0.0,0.0,0.0,0.0,0.0,0.0,0.0,,0.0,-6.0,1433.0,1433.0,0.0,0.013378087135862844,0.013378087135862844,0.0,2.0033281017559205e-05,2.0033281017559205e-05,0.0,0.0005284620909716309,0.0005284620909716309,0.0,0.0003,0.0003,0.0,-6.0,-6.0,0.0,0.0,0.35,27.7875,88.8875,5810.108,127,Walker2d-v5,8256,Agente_2
727.0088963508606,129,528384,455.6786346133703,1108.821856367822,-12.022610257474778,482.1,1433,0.013378087135862844,-6.0,0.99,2.0033281017559205e-05,0.0005284620909716309,0.0003,-96.00532531738281,0.5638694763183594,-6.623109817504883,0.06333475559949875,-2.7593209743499756,-6.0,2.4516963958740234,10.379899024963379,2.4751590802534436,2.4728128118155017,0.9824503967826534,1.0,1.0,1.0,-96.00532531738281,0.5638694763183594,-6.623109817504883,0.06333475559949875,-2.7593209743499756,-6.0,95.08639526367188,188.89495849609375,-89.98566436767578,0.0,0.0,0.0,0.0,0.0,0.0,0.0,0.0,0.0,,0.0,-6.0,1433.0,1433.0,0.0,0.013378087135862844,0.013378087135862844,0.0,2.0033281017559205e-05,2.0033281017559205e-05,0.0,0.0005284620909716309,0.0005284620909716309,0.0,0.0003,0.0003,0.0,-6.0,-6.0,0.0,0.0,0.37875,28.612499999999997,88.6,5812.219,128,Walker2d-v5,8256,Agente_2
733.0715568065643,130,532480,480.4486102685598,1077.9259438219262,-12.022610257474778,512.61,1433,0.013378087135862844,-6.0,0.99,2.0033281017559205e-05,0.0005284620909716309,0.0003,-101.72915649414062,0.7215846180915833,-4.899816036224365,0.06240369379520416,-2.7741308212280273,-6.0,2.5985565185546875,12.858753204345703,2.4728128118155017,2.4853871824894203,0.974442991425674,0.9504207753547356,1.0,0.9504207753547356,-101.72915649414062,0.7215846180915833,-4.899816036224365,0.06240369379520416,-2.7741308212280273,-6.0,101.06055450439453,189.49832153320312,-99.0220947265625,0.0,0.0,0.0,0.0,0.0,0.0,0.0,0.0,0.0,,0.0,-6.0,1433.0,1433.0,0.0,0.013378087135862844,0.013378087135862844,0.0,2.0033281017559205e-05,2.0033281017559205e-05,0.0,0.0005284620909716309,0.0005284620909716309,0.0,0.0003,0.0003,0.0,-6.0,-6.0,0.0,0.0,0.3475,28.2875,88.3125,5847.041,129,Walker2d-v5,8256,Agente_2
738.7643511295319,131,536576,443.031057982064,1027.4945917715356,-12.022610257474778,477.0,1433,0.013378087135862844,-6.0,0.99,2.0033281017559205e-05,0.0005284620909716309,0.0003,-98.81477355957031,0.6346028447151184,-6.534510612487793,0.061463069170713425,-2.789318799972534,-6.0,2.2154579162597656,10.757959365844727,2.4853871824894203,2.458394255866455,0.9808322435692556,1.0,1.0,1.0,-98.81477355957031,0.6346028447151184,-6.534510612487793,0.061463069170713425,-2.789318799972534,-6.0,98.23652648925781,189.7388153076172,-92.03353118896484,0.0,0.0,0.0,0.0,0.0,0.0,0.0,0.0,0.0,,0.0,-6.0,1433.0,1433.0,0.0,0.013378087135862844,0.013378087135862844,0.0,2.0033281017559205e-05,2.0033281017559205e-05,0.0,0.0005284620909716309,0.0005284620909716309,0.0,0.0003,0.0003,0.0,-6.0,-6.0,0.0,0.0,0.28862068965517246,25.596551724137928,89.63448275862069,5838.53,130,Walker2d-v5,8256,Agente_2
744.3702526092529,132,540672,430.85799429738086,1027.4945917715356,-64.68261227008878,470.16,1433,0.013378087135862844,-6.0,0.99,2.0033281017559205e-05,0.0005284620909716309,0.0003,-100.21914672851562,0.6098766326904297,-6.736723899841309,0.06037888675928116,-2.8071157932281494,-6.0,2.416994094848633,13.633034706115723,2.458394255866455,2.4542542397646727,0.9856241826769416,1.0,1.0,1.0,-100.21914672851562,0.6098766326904297,-6.736723899841309,0.06037888675928116,-2.8071157932281494,-6.0,100.40603637695312,196.39166259765625,-90.85833740234375,0.0,0.0,0.0,0.0,0.0,0.0,0.0,0.0,0.0,,0.0,-6.0,1433.0,1433.0,0.0,0.013378087135862844,0.013378087135862844,0.0,2.0033281017559205e-05,2.0033281017559205e-05,0.0,0.0005284620909716309,0.0005284620909716309,0.0,0.0003,0.0003,0.0,-6.0,-6.0,0.0,0.0,0.37625,28.5625,88.42500000000001,5816.88,131,Walker2d-v5,8256,Agente_2
750.0382304191589,133,544768,413.9676698724368,1027.4945917715356,-64.68261227008878,469.43,1433,0.013378087135862844,-6.0,0.99,2.0033281017559205e-05,0.0005284620909716309,0.0003,-102.17582702636719,0.6350197792053223,-8.984920501708984,0.059203751385211945,-2.826770305633545,-6.0,2.2759017944335938,11.510819435119629,2.4542542397646727,2.436418995231565,0.9892181370077062,1.0,1.0,1.0,-102.17582702636719,0.6350197792053223,-8.984920501708984,0.059203751385211945,-2.826770305633545,-6.0,101.38067626953125,195.29457092285156,-105.75405883789062,0.0,0.0,0.0,0.0,0.0,0.0,0.0,0.0,0.0,,0.0,-6.0,1433.0,1433.0,0.0,0.013378087135862844,0.013378087135862844,0.0,2.0033281017559205e-05,2.0033281017559205e-05,0.0,0.0005284620909716309,0.0005284620909716309,0.0,0.0003,0.0003,0.0,-6.0,-6.0,0.0,0.0,0.38625,27.35,88.42500000000001,5821.553,132,Walker2d-v5,8256,Agente_2
755.556140422821,134,548864,396.58939136133915,1027.4945917715356,-64.68261227008878,463.03,1433,0.013378087135862844,-6.0,0.99,2.0033281017559205e-05,0.0005284620909716309,0.0003,-100.32127380371094,0.7072833776473999,-8.684697151184082,0.05800514668226242,-2.8472235202789307,-6.0,2.6137828826904297,12.054556846618652,2.436418995231565,2.4541553839774513,0.9743610034427093,0.9297896027477182,1.0,0.9297896027477182,-100.32127380371094,0.7072833776473999,-8.684697151184082,0.05800514668226242,-2.8472235202789307,-6.0,99.55149841308594,204.23928833007812,-75.70406341552734,0.0,0.0,0.0,0.0,0.0,0.0,0.0,0.0,0.0,,0.0,-6.0,1433.0,1433.0,0.0,0.013378087135862844,0.013378087135862844,0.0,2.0033281017559205e-05,2.0033281017559205e-05,0.0,0.0005284620909716309,0.0005284620909716309,0.0,0.0003,0.0003,0.0,-6.0,-6.0,0.0,0.0,0.39,27.075,88.3875,5809.083,133,Walker2d-v5,8256,Agente_2
761.2018554210663,135,552960,201.72713701474567,1027.4945917715356,-64.68261227008878,289.6,1433,0.013378087135862844,-6.0,0.99,2.0033281017559205e-05,0.0005284620909716309,0.0003,-97.22755432128906,0.4452727437019348,-6.682108402252197,0.05687312036752701,-2.8669323921203613,-6.0,2.5023269653320312,11.0746750831604,2.4541553839774513,2.4589725421129094,0.975911455572541,0.9805628119620362,1.0,0.9805628119620362,-97.22755432128906,0.4452727437019348,-6.682108402252197,0.05687312036752701,-2.8669323921203613,-6.0,96.51536560058594,202.13555908203125,-93.806396484375,0.0,0.0,0.0,0.0,0.0,0.0,0.0,0.0,0.0,,0.0,-6.0,1433.0,1433.0,0.0,0.013378087135862844,0.013378087135862844,0.0,2.0033281017559205e-05,2.0033281017559205e-05,0.0,0.0005284620909716309,0.0005284620909716309,0.0,0.0003,0.0003,0.0,-6.0,-6.0,0.0,0.0,0.41875,27.75,88.42500000000001,5778.302,134,Walker2d-v5,8256,Agente_2
766.9162011146545,136,557056,69.93839200052842,1008.105186322048,-53.22627029338792,149.91,1433,0.013378087135862844,-6.0,0.99,2.0033281017559205e-05,0.0005284620909716309,0.0003,-105.11749267578125,0.38850468397140503,-6.688681602478027,0.05595781281590462,-2.883157253265381,-6.0,2.397003173828125,9.214717864990234,2.4589725421129094,2.452775605284431,0.9819335916794057,1.0,1.0,1.0,-105.11749267578125,0.38850468397140503,-6.688681602478027,0.05595781281590462,-2.883157253265381,-6.0,104.73402404785156,204.55857849121094,-83.87916564941406,0.0,0.0,0.0,0.0,0.0,0.0,0.0,0.0,0.0,,0.0,-6.0,1433.0,1433.0,0.0,0.013378087135862844,0.013378087135862844,0.0,2.0033281017559205e-05,2.0033281017559205e-05,0.0,0.0005284620909716309,0.0005284620909716309,0.0,0.0003,0.0003,0.0,-6.0,-6.0,0.0,0.0,0.4075,26.9875,87.67500000000001,5734.703,135,Walker2d-v5,8256,Agente_2
772.9885971546173,137,561152,20.102562257708193,420.3374288789633,-53.22627029338792,85.52,1433,0.013378087135862844,-6.0,0.99,2.0033281017559205e-05,0.0005284620909716309,0.0003,-101.12960052490234,0.4732425808906555,-2.666240692138672,0.055269964039325714,-2.8955256938934326,-6.0,2.5894222259521484,13.7675142288208,2.452775605284431,2.466440267351203,0.9729033000728071,0.9458124252530113,1.0,0.9458124252530113,-101.12960052490234,0.4732425808906555,-2.666240692138672,0.055269964039325714,-2.8955256938934326,-6.0,99.97331237792969,198.1414031982422,-103.19249725341797,0.0,0.0,0.0,0.0,0.0,0.0,0.0,0.0,0.0,,0.0,-6.0,1433.0,1433.0,0.0,0.013378087135862844,0.013378087135862844,0.0,2.0033281017559205e-05,2.0033281017559205e-05,0.0,0.0005284620909716309,0.0005284620909716309,0.0,0.0003,0.0003,0.0,-6.0,-6.0,0.0,0.0,0.36375,32.675,76.78750000000001,5764.986,136,Walker2d-v5,8256,Agente_2
778.7833049297333,138,565248,25.06283517146579,343.1500811564014,-29.35377594304123,74.01,1433,0.013378087135862844,-6.0,0.99,2.0033281017559205e-05,0.0005284620909716309,0.0003,-105.48135375976562,0.3977355360984802,-2.3116588592529297,0.054807521402835846,-2.903927803039551,-6.0,2.303762435913086,9.72735595703125,2.466440267351203,2.4501724842073913,0.9796774750546053,1.0,1.0,1.0,-105.48135375976562,0.3977355360984802,-2.3116588592529297,0.054807521402835846,-2.903927803039551,-6.0,104.68885803222656,203.3394012451172,-69.86275482177734,0.0,0.0,0.0,0.0,0.0,0.0,0.0,0.0,0.0,,0.0,-6.0,1433.0,1433.0,0.0,0.013378087135862844,0.013378087135862844,0.0,2.0033281017559205e-05,2.0033281017559205e-05,0.0,0.0005284620909716309,0.0005284620909716309,0.0,0.0003,0.0003,0.0,-6.0,-6.0,0.0,0.0,0.355,26.175,81.55,5761.953,137,Walker2d-v5,8256,Agente_2
784.5061872005463,139,569344,43.40836454102664,929.5205951988592,-10.54483167436798,88.11,1433,0.013378087135862844,-6.0,0.99,2.0033281017559205e-05,0.0005284620909716309,0.0003,-104.01225280761719,0.49138426780700684,-2.879286766052246,0.05452718585729599,-2.9090559482574463,-6.0,2.824373245239258,12.35225772857666,2.4501724842073913,2.487592560310578,0.9493497027017198,0.8583663856430631,1.0,0.8583663856430631,-104.01225280761719,0.49138426780700684,-2.879286766052246,0.05452718585729599,-2.9090559482574463,-6.0,103.15060424804688,208.02352905273438,-70.7874984741211,0.0,0.0,0.0,0.0,0.0,0.0,0.0,0.0,0.0,,0.0,-6.0,1433.0,1433.0,0.0,0.013378087135862844,0.013378087135862844,0.0,2.0033281017559205e-05,2.0033281017559205e-05,0.0,0.0005284620909716309,0.0005284620909716309,0.0,0.0003,0.0003,0.0,-6.0,-6.0,0.0,0.0,0.37124999999999997,27.174999999999997,88.0375,5738.122,138,Walker2d-v5,8256,Agente_2
790.2068839073181,140,573440,38.33664753986101,929.5205951988592,-31.32638652740311,88.83,1433,0.013378087135862844,-6.0,0.99,2.0033281017559205e-05,0.0005284620909716309,0.0003,-107.79424285888672,0.5428943037986755,1.1712884902954102,0.05440882593393326,-2.911228895187378,-6.0,2.9292659759521484,14.97585391998291,2.487592560310578,2.531759901874735,0.9213419469465667,0.8373186796811072,1.0,0.8373186796811072,-107.79424285888672,0.5428943037986755,1.1712884902954102,0.05440882593393326,-2.911228895187378,-6.0,106.72322845458984,216.63427734375,-112.91264343261719,0.0,0.0,0.0,0.0,0.0,0.0,0.0,0.0,0.0,,0.0,-6.0,1433.0,1433.0,0.0,0.013378087135862844,0.013378087135862844,0.0,2.0033281017559205e-05,2.0033281017559205e-05,0.0,0.0005284620909716309,0.0005284620909716309,0.0,0.0003,0.0003,0.0,-6.0,-6.0,0.0,0.0,0.405,28.525,89.0875,5702.067,139,Walker2d-v5,8256,Agente_2
795.8899908065796,141,577536,23.804940622599815,391.80125535366886,-31.32638652740311,72.99,1433,0.013378087135862844,-6.0,0.99,2.0033281017559205e-05,0.0005284620909716309,0.0003,-104.54368591308594,0.4948425889015198,-0.30546295642852783,0.054353583604097366,-2.9122447967529297,-6.0,2.5657196044921875,14.581120491027832,2.531759901874735,2.53515587213648,0.9376754819551749,0.9866760869809996,1.0,0.9866760869809996,-104.54368591308594,0.4948425889015198,-0.30546295642852783,0.054353583604097366,-2.9122447967529297,-6.0,103.51301574707031,218.78643798828125,-43.195594787597656,0.0,0.0,0.0,0.0,0.0,0.0,0.0,0.0,0.0,,0.0,-6.0,1433.0,1433.0,0.0,0.013378087135862844,0.013378087135862844,0.0,2.0033281017559205e-05,2.0033281017559205e-05,0.0,0.0005284620909716309,0.0005284620909716309,0.0,0.0003,0.0003,0.0,-6.0,-6.0,0.0,0.0,0.3725,28.1,88.5375,5700.594,140,Walker2d-v5,8256,Agente_2
801.7225761413574,142,581632,55.080670239210576,609.8869913396118,-31.32638652740311,97.09,1433,0.013378087135862844,-6.0,0.99,2.0033281017559205e-05,0.0005284620909716309,0.0003,-105.59822082519531,0.42235034704208374,1.70538330078125,0.05450157821178436,-2.9095256328582764,-6.0,2.4255199432373047,11.464144229888916,2.53515587213648,2.524192279246562,0.9532566114663812,1.0,1.0,1.0,-105.59822082519531,0.42235034704208374,1.70538330078125,0.05450157821178436,-2.9095256328582764,-6.0,104.74552917480469,220.08651733398438,-106.21743774414062,0.0,0.0,0.0,0.0,0.0,0.0,0.0,0.0,0.0,,0.0,-6.0,1433.0,1433.0,0.0,0.013378087135862844,0.013378087135862844,0.0,2.0033281017559205e-05,2.0033281017559205e-05,0.0,0.0005284620909716309,0.0005284620909716309,0.0,0.0003,0.0003,0.0,-6.0,-6.0,0.0,0.0,0.3725,27.925,88.33749999999999,5723.148,141,Walker2d-v5,8256,Agente_2
807.4161560535431,143,585728,77.19888426561428,609.8869913396118,-14.27763858791486,116.88,1433,0.013378087135862844,-6.0,0.99,2.0033281017559205e-05,0.0005284620909716309,0.0003,-102.35725402832031,0.47719284892082214,2.1541502475738525,0.054772816598415375,-2.9045612812042236,-6.0,2.7645034790039062,13.743477582931519,2.524192279246562,2.5482233992222962,0.9422395001881622,0.9091881663535052,1.0,0.9091881663535052,-102.35725402832031,0.47719284892082214,2.1541502475738525,0.054772816598415375,-2.9045612812042236,-6.0,101.45672607421875,213.4239044189453,-86.68545532226562,0.0,0.0,0.0,0.0,0.0,0.0,0.0,0.0,0.0,,0.0,-6.0,1433.0,1433.0,0.0,0.013378087135862844,0.013378087135862844,0.0,2.0033281017559205e-05,2.0033281017559205e-05,0.0,0.0005284620909716309,0.0005284620909716309,0.0,0.0003,0.0003,0.0,-6.0,-6.0,0.0,0.0,0.3885714285714285,28.12857142857143,88.35714285714285,5725.881,142,Walker2d-v5,8256,Agente_2
813.253458738327,144,589824,99.69293542696501,617.3318621581309,-29.692011736407157,136.07,1433,0.013378087135862844,-6.0,0.99,2.0033281017559205e-05,0.0005284620909716309,0.0003,-105.77030944824219,0.5667775869369507,4.079738140106201,0.055303167551755905,-2.894925117492676,-6.0,3.0502986907958984,19.70702028274536,2.5482233992222962,2.5984309283796567,0.9119712194336138,0.8211663771699688,1.0,0.8211663771699688,-105.77030944824219,0.5667775869369507,4.079738140106201,0.055303167551755905,-2.894925117492676,-6.0,105.01127624511719,217.76771545410156,-80.08877563476562,0.0,0.0,0.0,0.0,0.0,0.0,0.0,0.0,0.0,,0.0,-6.0,1433.0,1433.0,0.0,0.013378087135862844,0.013378087135862844,0.0,2.0033281017559205e-05,2.0033281017559205e-05,0.0,0.0005284620909716309,0.0005284620909716309,0.0,0.0003,0.0003,0.0,-6.0,-6.0,0.0,0.0,0.42125,28.125,88.3375,5757.345,143,Walker2d-v5,8256,Agente_2
818.9905440807343,145,593920,127.27470329157605,676.913950867315,-50.185749388369615,168.06,1433,0.013378087135862844,-6.0,0.99,2.0033281017559205e-05,0.0005284620909716309,0.0003,-110.65118408203125,0.5233352780342102,5.650705337524414,0.05608060583472252,-2.880965232849121,-6.0,2.530548095703125,12.913390159606934,2.5984309283796567,2.591642645112003,0.9339784145752104,1.0,1.0,1.0,-110.65118408203125,0.5233352780342102,5.650705337524414,0.05608060583472252,-2.880965232849121,-6.0,109.27601623535156,217.54385375976562,-69.08094024658203,0.0,0.0,0.0,0.0,0.0,0.0,0.0,0.0,0.0,,0.0,-6.0,1433.0,1433.0,0.0,0.013378087135862844,0.013378087135862844,0.0,2.0033281017559205e-05,2.0033281017559205e-05,0.0,0.0005284620909716309,0.0005284620909716309,0.0,0.0003,0.0003,0.0,-6.0,-6.0,0.0,0.0,0.35875,27.7125,88.325,5766.315,144,Walker2d-v5,8256,Agente_2
824.8515629768372,146,598016,150.20243945326519,676.913950867315,-50.185749388369615,177.48,1433,0.013378087135862844,-6.0,0.99,2.0033281017559205e-05,0.0005284620909716309,0.0003,-105.37041473388672,0.5221247673034668,9.082202911376953,0.05727996304631233,-2.859804391860962,-6.0,2.550363540649414,13.675011157989502,2.591642645112003,2.5875147346657443,0.9504838109314078,1.0,1.0,1.0,-105.37041473388672,0.5221247673034668,9.082202911376953,0.05727996304631233,-2.859804391860962,-6.0,104.27880096435547,217.21812438964844,-99.76372528076172,0.0,0.0,0.0,0.0,0.0,0.0,0.0,0.0,0.0,,0.0,-6.0,1433.0,1433.0,0.0,0.013378087135862844,0.013378087135862844,0.0,2.0033281017559205e-05,2.0033281017559205e-05,0.0,0.0005284620909716309,0.0005284620909716309,0.0,0.0003,0.0003,0.0,-6.0,-6.0,0.0,0.0,0.37625,28.775,88.2125,5781.281,145,Walker2d-v5,8256,Agente_2
830.6580493450165,147,602112,182.16927386936445,676.913950867315,-50.185749388369615,187.27,1433,0.013378087135862844,-6.0,0.99,2.0033281017559205e-05,0.0005284620909716309,0.0003,-105.46862030029297,0.7278361916542053,6.592106819152832,0.058495599776506424,-2.838803768157959,-6.0,2.69482421875,12.790026426315308,2.5875147346657443,2.5982456830741696,0.9527069017713222,0.9593761742910655,1.0,0.9593761742910655,-105.46862030029297,0.7278361916542053,6.592106819152832,0.058495599776506424,-2.838803768157959,-6.0,103.99996948242188,206.00245666503906,-87.492431640625,0.0,0.0,0.0,0.0,0.0,0.0,0.0,0.0,0.0,,0.0,-6.0,1433.0,1433.0,0.0,0.013378087135862844,0.013378087135862844,0.0,2.0033281017559205e-05,2.0033281017559205e-05,0.0,0.0005284620909716309,0.0005284620909716309,0.0,0.0003,0.0003,0.0,-6.0,-6.0,0.0,0.0,0.36,27.887500000000003,88.26249999999999,5754.737,146,Walker2d-v5,8256,Agente_2
836.5851521492004,148,606208,225.40297114765758,808.4092040780702,-50.185749388369615,196.33,1433,0.013378087135862844,-6.0,0.99,2.0033281017559205e-05,0.0005284620909716309,0.0003,-109.95216369628906,0.7758758068084717,8.361515045166016,0.05983946472406387,-2.8160898685455322,-6.0,2.4413070678710938,12.666390419006348,2.5982456830741696,2.5825518215538623,0.9645301763284917,1.0,1.0,1.0,-109.95216369628906,0.7758758068084717,8.361515045166016,0.05983946472406387,-2.8160898685455322,-6.0,108.13616180419922,227.6891632080078,-135.26284790039062,0.0,0.0,0.0,0.0,0.0,0.0,0.0,0.0,0.0,,0.0,-6.0,1433.0,1433.0,0.0,0.013378087135862844,0.013378087135862844,0.0,2.0033281017559205e-05,2.0033281017559205e-05,0.0,0.0005284620909716309,0.0005284620909716309,0.0,0.0003,0.0003,0.0,-6.0,-6.0,0.0,0.0,0.39125,27.8875,88.3125,5767.501,147,Walker2d-v5,8256,Agente_2
842.3524258136749,149,610304,266.5151549773275,808.4092040780702,-50.185749388369615,200.62,1433,0.013378087135862844,-6.0,0.99,2.0033281017559205e-05,0.0005284620909716309,0.0003,-109.54248809814453,0.7900872230529785,6.848109245300293,0.061203308403491974,-2.7935540676116943,-6.0,2.6750049591064453,12.798795700073242,2.5825518215538623,2.591797135309121,0.9646061505504764,0.9648340732164306,1.0,0.9648340732164306,-109.54248809814453,0.7900872230529785,6.848109245300293,0.061203308403491974,-2.7935540676116943,-6.0,109.1213150024414,216.7103271484375,-132.7042236328125,0.0,0.0,0.0,0.0,0.0,0.0,0.0,0.0,0.0,,0.0,-6.0,1433.0,1433.0,0.0,0.013378087135862844,0.013378087135862844,0.0,2.0033281017559205e-05,2.0033281017559205e-05,0.0,0.0005284620909716309,0.0005284620909716309,0.0,0.0003,0.0003,0.0,-6.0,-6.0,0.0,0.0,0.36624999999999996,28.1625,88.38749999999999,5771.568,148,Walker2d-v5,8256,Agente_2
848.1045472621918,150,614400,297.36288760269946,808.4092040780702,9.88755709030818,198.68,1433,0.013378087135862844,-6.0,0.99,2.0033281017559205e-05,0.0005284620909716309,0.0003,-106.99140930175781,0.8578154444694519,4.660661697387695,0.06237800419330597,-2.7745425701141357,-6.0,2.62176513671875,19.655073642730713,2.591797135309121,2.5947939354500837,0.9705806029909753,0.9885039603124719,1.0,0.9885039603124719,-106.99140930175781,0.8578154444694519,4.660661697387695,0.06237800419330597,-2.7745425701141357,-6.0,106.29071044921875,226.42269897460938,-130.28298950195312,0.0,0.0,0.0,0.0,0.0,0.0,0.0,0.0,0.0,,0.0,-6.0,1433.0,1433.0,0.0,0.013378087135862844,0.013378087135862844,0.0,2.0033281017559205e-05,2.0033281017559205e-05,0.0,0.0005284620909716309,0.0005284620909716309,0.0,0.0003,0.0003,0.0,-6.0,-6.0,0.0,0.0,0.39625,27.875,88.3375,5776.764,149,Walker2d-v5,8256,Agente_2
854.0656688213348,151,618496,324.13480848817983,808.4092040780702,9.88755709030818,206.0,1433,0.013378087135862844,-6.0,0.99,2.0033281017559205e-05,0.0005284620909716309,0.0003,-112.02794647216797,0.7670634984970093,4.003883361816406,0.06352942436933517,-2.7562520503997803,-6.0,2.910379409790039,13.584393501281738,2.5947939354500837,2.626352482884079,0.9493060842670881,0.8854825280954266,1.0,0.8854825280954266,-112.02794647216797,0.7670634984970093,4.003883361816406,0.06352942436933517,-2.7562520503997803,-6.0,111.18268585205078,233.68896484375,-131.08445739746094,0.0,0.0,0.0,0.0,0.0,0.0,0.0,0.0,0.0,,0.0,-6.0,1433.0,1433.0,0.0,0.013378087135862844,0.013378087135862844,0.0,2.0033281017559205e-05,2.0033281017559205e-05,0.0,0.0005284620909716309,0.0005284620909716309,0.0,0.0003,0.0003,0.0,-6.0,-6.0,0.0,0.0,0.34375,28.6875,88.2,5804.805,150,Walker2d-v5,8256,Agente_2
859.9764561653137,152,622592,322.85130837778115,539.2522742862875,84.08606171727357,189.04,1433,0.013378087135862844,-6.0,0.99,2.0033281017559205e-05,0.0005284620909716309,0.0003,-114.94882202148438,0.6825562715530396,5.714055061340332,0.06470338255167007,-2.7379417419433594,-6.0,2.902566909790039,13.983163833618164,2.626352482884079,2.6539739255746753,0.9370223540272897,0.9001711633078947,1.0,0.9001711633078947,-114.94882202148438,0.6825562715530396,5.714055061340332,0.06470338255167007,-2.7379417419433594,-6.0,114.25254821777344,220.86843872070312,-48.98927688598633,0.0,0.0,0.0,0.0,0.0,0.0,0.0,0.0,0.0,,0.0,-6.0,1433.0,1433.0,0.0,0.013378087135862844,0.013378087135862844,0.0,2.0033281017559205e-05,2.0033281017559205e-05,0.0,0.0005284620909716309,0.0005284620909716309,0.0,0.0003,0.0003,0.0,-6.0,-6.0,0.0,0.0,0.3925,27.575000000000003,88.23750000000001,5812.683,151,Walker2d-v5,8256,Agente_2
866.4178936481476,153,626688,316.02304038828555,539.2522742862875,118.84436338658881,180.92,1433,0.013378087135862844,-6.0,0.99,2.0033281017559205e-05,0.0005284620909716309,0.0003,-115.75373840332031,0.6816032528877258,5.022347927093506,0.06570093333721161,-2.722642183303833,-6.0,2.6920700073242188,12.946043968200684,2.6539739255746753,2.6577835337496296,0.9492038110537484,0.9857481821331248,1.0,0.9857481821331248,-115.75373840332031,0.6816032528877258,5.022347927093506,0.06570093333721161,-2.722642183303833,-6.0,114.77001190185547,221.28131103515625,-38.531532287597656,0.0,0.0,0.0,0.0,0.0,0.0,0.0,0.0,0.0,,0.0,-6.0,1433.0,1433.0,0.0,0.013378087135862844,0.013378087135862844,0.0,2.0033281017559205e-05,2.0033281017559205e-05,0.0,0.0005284620909716309,0.0005284620909716309,0.0,0.0003,0.0003,0.0,-6.0,-6.0,0.0,0.0,0.3722222222222222,27.577777777777776,88.13333333333334,5887.433,152,Walker2d-v5,8256,Agente_2
872.2805707454681,154,630784,309.0972893200875,852.5892784696861,118.84436338658881,179.6,1433,0.013378087135862844,-6.0,0.99,2.0033281017559205e-05,0.0005284620909716309,0.0003,-116.99215698242188,0.845950186252594,2.7765285968780518,0.0665103942155838,-2.7103970050811768,-6.0,3.2589874267578125,15.983210563659668,2.6577835337496296,2.7179039230504483,0.9112915081080721,0.7975545992710431,1.0,0.7975545992710431,-116.99215698242188,0.845950186252594,2.7765285968780518,0.0665103942155838,-2.7103970050811768,-6.0,116.22036743164062,224.81558227539062,-64.88973999023438,0.0,0.0,0.0,0.0,0.0,0.0,0.0,0.0,0.0,,0.0,-6.0,1433.0,1433.0,0.0,0.013378087135862844,0.013378087135862844,0.0,2.0033281017559205e-05,2.0033281017559205e-05,0.0,0.0005284620909716309,0.0005284620909716309,0.0,0.0003,0.0003,0.0,-6.0,-6.0,0.0,0.0,0.34625,28.450000000000003,88.125,5890.36,153,Walker2d-v5,8256,Agente_2
877.9638693332672,155,634880,308.7419876698347,852.5892784696861,194.8411073778789,179.01,1433,0.013378087135862844,-6.0,0.99,2.0033281017559205e-05,0.0005284620909716309,0.0003,-116.54737854003906,0.806543231010437,3.026890754699707,0.06732569634914398,-2.6982133388519287,-6.0,2.548564910888672,21.209636211395264,2.7179039230504483,2.7009700218342707,0.933468631081054,1.0,1.0,1.0,-116.54737854003906,0.806543231010437,3.026890754699707,0.06732569634914398,-2.6982133388519287,-6.0,115.67955017089844,224.56283569335938,-28.125192642211914,0.0,0.0,0.0,0.0,0.0,0.0,0.0,0.0,0.0,,0.0,-6.0,1433.0,1433.0,0.0,0.013378087135862844,0.013378087135862844,0.0,2.0033281017559205e-05,2.0033281017559205e-05,0.0,0.0005284620909716309,0.0005284620909716309,0.0,0.0003,0.0003,0.0,-6.0,-6.0,0.0,0.0,0.33875,26.85,88.2125,5885.166,154,Walker2d-v5,8256,Agente_2
883.7178237438202,156,638976,324.29117274467336,1005.6496618223382,194.8411073778789,195.01,1433,0.013378087135862844,-6.0,0.99,2.0033281017559205e-05,0.0005284620909716309,0.0003,-114.23632049560547,0.6555299758911133,2.91056489944458,0.0678718090057373,-2.6901345252990723,-6.0,2.8330078125,12.715802192687988,2.7009700218342707,2.7141738009008436,0.9381740566555942,0.9522903333792144,1.0,0.9522903333792144,-114.23632049560547,0.6555299758911133,2.91056489944458,0.0678718090057373,-2.6901345252990723,-6.0,113.2337646484375,225.6353302001953,-88.4853515625,0.0,0.0,0.0,0.0,0.0,0.0,0.0,0.0,0.0,,0.0,-6.0,1433.0,1433.0,0.0,0.013378087135862844,0.013378087135862844,0.0,2.0033281017559205e-05,2.0033281017559205e-05,0.0,0.0005284620909716309,0.0005284620909716309,0.0,0.0003,0.0003,0.0,-6.0,-6.0,0.0,0.0,0.33142857142857146,26.271428571428572,88.82857142857142,5874.525,155,Walker2d-v5,8256,Agente_2
889.6798596382141,157,643072,331.5337764565467,1005.6496618223382,194.8411073778789,203.17,1433,0.013378087135862844,-6.0,0.99,2.0033281017559205e-05,0.0005284620909716309,0.0003,-122.84768676757812,0.7527552843093872,4.2177324295043945,0.06898795813322067,-2.673823356628418,-6.0,2.8851280212402344,14.578847408294678,2.7141738009008436,2.731269222934783,0.9383697613527389,0.9389568754441726,1.0,0.9389568754441726,-122.84768676757812,0.7527552843093872,4.2177324295043945,0.06898795813322067,-2.673823356628418,-6.0,122.49098205566406,227.72073364257812,-32.79726791381836,0.0,0.0,0.0,0.0,0.0,0.0,0.0,0.0,0.0,,0.0,-6.0,1433.0,1433.0,0.0,0.013378087135862844,0.013378087135862844,0.0,2.0033281017559205e-05,2.0033281017559205e-05,0.0,0.0005284620909716309,0.0005284620909716309,0.0,0.0003,0.0003,0.0,-6.0,-6.0,0.0,0.0,0.3179310344827587,25.39310344827586,89.38965517241377,5889.7,156,Walker2d-v5,8256,Agente_2
895.6366074085236,158,647168,333.59435272345274,1005.6496618223382,194.8411073778789,201.21,1433,0.013378087135862844,-6.0,0.99,2.0033281017559205e-05,0.0005284620909716309,0.0003,-121.76985931396484,0.722811758518219,4.152008056640625,0.07015669345855713,-2.6570241451263428,-6.0,2.7661285400390625,14.038453817367554,2.731269222934783,2.734755154645211,0.9506068357822037,0.9873180590705984,1.0,0.9873180590705984,-121.76985931396484,0.722811758518219,4.152008056640625,0.07015669345855713,-2.6570241451263428,-6.0,120.41683197021484,242.03823852539062,-52.082942962646484,0.0,0.0,0.0,0.0,0.0,0.0,0.0,0.0,0.0,,0.0,-6.0,1433.0,1433.0,0.0,0.013378087135862844,0.013378087135862844,0.0,2.0033281017559205e-05,2.0033281017559205e-05,0.0,0.0005284620909716309,0.0005284620909716309,0.0,0.0003,0.0003,0.0,-6.0,-6.0,0.0,0.0,0.38125,28.25,87.9625,5892.936,157,Walker2d-v5,8256,Agente_2
901.350065946579,159,651264,329.15348872121655,1005.6496618223382,219.66231520669757,193.37,1433,0.013378087135862844,-6.0,0.99,2.0033281017559205e-05,0.0005284620909716309,0.0003,-121.11097717285156,0.730593204498291,3.751134157180786,0.07145077735185623,-2.638746500015259,-6.0,2.4771080017089844,14.814075469970703,2.734755154645211,2.7089904393515885,0.9629551268366527,1.0,1.0,1.0,-121.11097717285156,0.730593204498291,3.751134157180786,0.07145077735185623,-2.638746500015259,-6.0,119.74275207519531,238.0876007080078,-91.20134735107422,0.0,0.0,0.0,0.0,0.0,0.0,0.0,0.0,0.0,,0.0,-6.0,1433.0,1433.0,0.0,0.013378087135862844,0.013378087135862844,0.0,2.0033281017559205e-05,2.0033281017559205e-05,0.0,0.0005284620909716309,0.0005284620909716309,0.0,0.0003,0.0003,0.0,-6.0,-6.0,0.0,0.0,0.3875,27.2375,87.86250000000001,5887.935,158,Walker2d-v5,8256,Agente_2
906.9771175384521,160,655360,307.5139654997445,659.6136057443596,219.66231520669757,169.23,1433,0.013378087135862844,-6.0,0.99,2.0033281017559205e-05,0.0005284620909716309,0.0003,-111.69242095947266,0.8836416006088257,5.471826553344727,0.07262754440307617,-2.622411012649536,-6.0,3.273204803466797,17.95151710510254,2.7089904393515885,2.7654118757631094,0.925212320086567,0.8119838998363098,1.0,0.8119838998363098,-111.69242095947266,0.8836416006088257,5.471826553344727,0.07262754440307617,-2.622411012649536,-6.0,110.9734115600586,230.11302185058594,-131.06239318847656,0.0,0.0,0.0,0.0,0.0,0.0,0.0,0.0,0.0,,0.0,-6.0,1433.0,1433.0,0.0,0.013378087135862844,0.013378087135862844,0.0,2.0033281017559205e-05,2.0033281017559205e-05,0.0,0.0005284620909716309,0.0005284620909716309,0.0,0.0003,0.0003,0.0,-6.0,-6.0,0.0,0.0,0.43374999999999997,27.375,86.65,5875.433,159,Walker2d-v5,8256,Agente_2
913.0782537460327,161,659456,310.8669645905091,659.6136057443596,223.79166477962693,171.2,1433,0.013378087135862844,-6.0,0.99,2.0033281017559205e-05,0.0005284620909716309,0.0003,-121.03962707519531,0.7840020060539246,0.9564099311828613,0.07374773174524307,-2.607105016708374,-6.0,2.8898868560791016,14.985281944274902,2.7654118757631094,2.777859373794709,0.9329058937446664,0.9559866147189647,1.0,0.9559866147189647,-121.03962707519531,0.7840020060539246,0.9564099311828613,0.07374773174524307,-2.607105016708374,-6.0,119.95372009277344,223.8480224609375,-134.8543701171875,0.0,0.0,0.0,0.0,0.0,0.0,0.0,0.0,0.0,,0.0,-6.0,1433.0,1433.0,0.0,0.013378087135862844,0.013378087135862844,0.0,2.0033281017559205e-05,2.0033281017559205e-05,0.0,0.0005284620909716309,0.0005284620909716309,0.0,0.0003,0.0003,0.0,-6.0,-6.0,0.0,0.0,0.30625,32.0375,74.4875,5889.721,160,Walker2d-v5,8256,Agente_2
918.9135267734528,162,663552,313.5583727187407,500.7694351577177,233.96650846907463,172.78,1433,0.013378087135862844,-6.0,0.99,2.0033281017559205e-05,0.0005284620909716309,0.0003,-123.58653259277344,0.7501635551452637,1.8067162036895752,0.07456083595752716,-2.596139907836914,-6.0,3.070974349975586,12.423819541931152,2.777859373794709,2.8071708714127968,0.9246439243561733,0.8998580161906943,1.0,0.8998580161906943,-123.58653259277344,0.7501635551452637,1.8067162036895752,0.07456083595752716,-2.596139907836914,-6.0,122.79554748535156,242.07464599609375,-126.6607666015625,0.0,0.0,0.0,0.0,0.0,0.0,0.0,0.0,0.0,,0.0,-6.0,1433.0,1433.0,0.0,0.013378087135862844,0.013378087135862844,0.0,2.0033281017559205e-05,2.0033281017559205e-05,0.0,0.0005284620909716309,0.0005284620909716309,0.0,0.0003,0.0003,0.0,-6.0,-6.0,0.0,0.0,0.3075,25.725,80.8625,5882.14,161,Walker2d-v5,8256,Agente_2
924.745069026947,163,667648,318.61583892461385,537.5805668687825,233.96650846907463,177.68,1433,0.013378087135862844,-6.0,0.99,2.0033281017559205e-05,0.0005284620909716309,0.0003,-128.43630981445312,0.667107105255127,2.8320200443267822,0.07525590062141418,-2.5868608951568604,-6.0,2.9532928466796875,12.626972198486328,2.8071708714127968,2.821783068939486,0.9308025563942375,0.9492784525084305,1.0,0.9492784525084305,-128.43630981445312,0.667107105255127,2.8320200443267822,0.07525590062141418,-2.5868608951568604,-6.0,126.76564025878906,233.51185607910156,-34.318809509277344,0.0,0.0,0.0,0.0,0.0,0.0,0.0,0.0,0.0,,0.0,-6.0,1433.0,1433.0,0.0,0.013378087135862844,0.013378087135862844,0.0,2.0033281017559205e-05,2.0033281017559205e-05,0.0,0.0005284620909716309,0.0005284620909716309,0.0,0.0003,0.0003,0.0,-6.0,-6.0,0.0,0.0,0.35125,27.125,87.16250000000001,5820.996,162,Walker2d-v5,8256,Agente_2
931.0808372497559,164,671744,321.5554162829846,537.5805668687825,240.67226125899026,182.23,1433,0.013378087135862844,-6.0,0.99,2.0033281017559205e-05,0.0005284620909716309,0.0003,-125.4085922241211,0.9049495458602905,3.100351572036743,0.07587576657533646,-2.578657865524292,-6.0,3.1650772094726562,14.788295269012451,2.821783068939486,2.856112482992803,0.9194645735252857,0.88545062491843,1.0,0.88545062491843,-125.4085922241211,0.9049495458602905,3.100351572036743,0.07587576657533646,-2.578657865524292,-6.0,124.41668701171875,231.46408081054688,-150.12515258789062,0.0,0.0,0.0,0.0,0.0,0.0,0.0,0.0,0.0,,0.0,-6.0,1433.0,1433.0,0.0,0.013378087135862844,0.013378087135862844,0.0,2.0033281017559205e-05,2.0033281017559205e-05,0.0,0.0005284620909716309,0.0005284620909716309,0.0,0.0003,0.0003,0.0,-6.0,-6.0,0.0,0.0,0.38875000000000004,27.125,88.2875,5868.307,163,Walker2d-v5,8256,Agente_2
937.1333439350128,165,675840,325.6335807077805,537.5805668687825,240.67226125899026,186.7,1433,0.013378087135862844,-6.0,0.99,2.0033281017559205e-05,0.0005284620909716309,0.0003,-124.70599365234375,0.9114103317260742,1.9310553073883057,0.07641001790761948,-2.571641445159912,-6.0,2.9312400817871094,20.155468940734863,2.856112482992803,2.8636252428722337,0.9331081297373802,0.9740387983736638,1.0,0.9740387983736638,-124.70599365234375,0.9114103317260742,1.9310553073883057,0.07641001790761948,-2.571641445159912,-6.0,123.48519897460938,230.4962158203125,-152.81529235839844,0.0,0.0,0.0,0.0,0.0,0.0,0.0,0.0,0.0,,0.0,-6.0,1433.0,1433.0,0.0,0.013378087135862844,0.013378087135862844,0.0,2.0033281017559205e-05,2.0033281017559205e-05,0.0,0.0005284620909716309,0.0005284620909716309,0.0,0.0003,0.0003,0.0,-6.0,-6.0,0.0,0.0,0.34375,29.525,83.76249999999999,5905.119,164,Walker2d-v5,8256,Agente_2
943.257253408432,166,679936,335.6442346205386,658.8783788086238,240.67226125899026,197.61,1433,0.013378087135862844,-6.0,0.99,2.0033281017559205e-05,0.0005284620909716309,0.0003,-124.21078491210938,0.9873226881027222,-0.5117393136024475,0.07717890292406082,-2.561629056930542,-6.0,2.892314910888672,20.26089906692505,2.8636252428722337,2.8664942096738777,0.9473389397731067,0.9900313698802858,1.0,0.9900313698802858,-124.21078491210938,0.9873226881027222,-0.5117393136024475,0.07717890292406082,-2.561629056930542,-6.0,123.3654556274414,235.5658416748047,-154.53993225097656,0.0,0.0,0.0,0.0,0.0,0.0,0.0,0.0,0.0,,0.0,-6.0,1433.0,1433.0,0.0,0.013378087135862844,0.013378087135862844,0.0,2.0033281017559205e-05,2.0033281017559205e-05,0.0,0.0005284620909716309,0.0005284620909716309,0.0,0.0003,0.0003,0.0,-6.0,-6.0,0.0,0.0,0.28444444444444444,29.11111111111111,77.75555555555556,5942.024,165,Walker2d-v5,8256,Agente_2
948.9927432537079,167,684032,368.0141389987938,990.5870331380354,240.67226125899026,234.04,1433,0.013378087135862844,-6.0,0.99,2.0033281017559205e-05,0.0005284620909716309,0.0003,-129.08380126953125,0.8125657439231873,0.8022814989089966,0.07714910805225372,-2.5620152950286865,-6.0,2.56573486328125,13.609405517578125,2.8664942096738777,2.8364182750346147,0.96050420482983,1.0,1.0,1.0,-129.08380126953125,0.8125657439231873,0.8022814989089966,0.07714910805225372,-2.5620152950286865,-6.0,128.1302490234375,242.2493438720703,-102.2741928100586,0.0,0.0,0.0,0.0,0.0,0.0,0.0,0.0,0.0,,0.0,-6.0,1433.0,1433.0,0.0,0.013378087135862844,0.013378087135862844,0.0,2.0033281017559205e-05,2.0033281017559205e-05,0.0,0.0005284620909716309,0.0005284620909716309,0.0,0.0003,0.0003,0.0,-6.0,-6.0,0.0,0.0,0.32499999999999996,26.3875,84.8125,5919.404,166,Walker2d-v5,8256,Agente_2
954.8357446193695,168,688128,363.9667487649295,990.5870331380354,240.67226125899026,228.72,1433,0.013378087135862844,-6.0,0.99,2.0033281017559205e-05,0.0005284620909716309,0.0003,-126.90866088867188,0.8608734607696533,1.1439999341964722,0.07720322161912918,-2.561314105987549,-6.0,2.729320526123047,21.082709312438965,2.8364182750346147,2.825708500143458,0.9703781536223726,1.0,1.0,1.0,-126.90866088867188,0.8608734607696533,1.1439999341964722,0.07720322161912918,-2.561314105987549,-6.0,125.63893127441406,227.82037353515625,-108.4091567993164,0.0,0.0,0.0,0.0,0.0,0.0,0.0,0.0,0.0,,0.0,-6.0,1433.0,1433.0,0.0,0.013378087135862844,0.013378087135862844,0.0,2.0033281017559205e-05,2.0033281017559205e-05,0.0,0.0005284620909716309,0.0005284620909716309,0.0,0.0003,0.0003,0.0,-6.0,-6.0,0.0,0.0,0.35125,27.4875,88.9,5908.279,167,Walker2d-v5,8256,Agente_2
960.5457463264465,169,692224,361.91702215990523,990.5870331380354,240.35149603368947,224.99,1433,0.013378087135862844,-6.0,0.99,2.0033281017559205e-05,0.0005284620909716309,0.0003,-125.39725494384766,0.7711361646652222,-0.23825448751449585,0.0773177221417427,-2.5598320960998535,-6.0,2.935990810394287,15.124032974243164,2.825708500143458,2.836736731168541,0.9682145136710227,0.9617235938169737,1.0,0.9617235938169737,-125.39725494384766,0.7711361646652222,-0.23825448751449585,0.0773177221417427,-2.5598320960998535,-6.0,123.98461151123047,240.47740173339844,-118.09264373779297,0.0,0.0,0.0,0.0,0.0,0.0,0.0,0.0,0.0,,0.0,-6.0,1433.0,1433.0,0.0,0.013378087135862844,0.013378087135862844,0.0,2.0033281017559205e-05,2.0033281017559205e-05,0.0,0.0005284620909716309,0.0005284620909716309,0.0,0.0003,0.0003,0.0,-6.0,-6.0,0.0,0.0,0.32625000000000004,28.049999999999997,88.8875,5907.724,168,Walker2d-v5,8256,Agente_2
966.3630995750427,170,696320,365.8752621126301,990.5870331380354,240.35149603368947,226.34,1433,0.013378087135862844,-6.0,0.99,2.0033281017559205e-05,0.0005284620909716309,0.0003,-130.68324279785156,0.8741539716720581,-0.6390108466148376,0.0770358219742775,-2.5634846687316895,-6.0,2.6863157749176025,18.022942543029785,2.836736731168541,2.821694635543447,0.976160885253267,1.0,1.0,1.0,-130.68324279785156,0.8741539716720581,-0.6390108466148376,0.0770358219742775,-2.5634846687316895,-6.0,129.51602172851562,233.4958038330078,-103.83145904541016,0.0,0.0,0.0,0.0,0.0,0.0,0.0,0.0,0.0,,0.0,-6.0,1433.0,1433.0,0.0,0.013378087135862844,0.013378087135862844,0.0,2.0033281017559205e-05,2.0033281017559205e-05,0.0,0.0005284620909716309,0.0005284620909716309,0.0,0.0003,0.0003,0.0,-6.0,-6.0,0.0,0.0,0.3673333333333334,26.33333333333333,89.27666666666666,5926.506,169,Walker2d-v5,8256,Agente_2
972.2166059017181,171,700416,356.81589379614786,904.773629079163,240.35149603368947,211.98,1433,0.013378087135862844,-6.0,0.99,2.0033281017559205e-05,0.0005284620909716309,0.0003,-130.76058959960938,0.7948592305183411,-3.035203456878662,0.07672281563282013,-2.567556142807007,-6.0,2.9670066833496094,15.141489028930664,2.821694635543447,2.8362258403240634,0.9695720170871288,0.9498054125887144,1.0,0.9498054125887144,-130.76058959960938,0.7948592305183411,-3.035203456878662,0.07672281563282013,-2.567556142807007,-6.0,130.2292938232422,258.58258056640625,-103.94397735595703,0.0,0.0,0.0,0.0,0.0,0.0,0.0,0.0,0.0,,0.0,-6.0,1433.0,1433.0,0.0,0.013378087135862844,0.013378087135862844,0.0,2.0033281017559205e-05,2.0033281017559205e-05,0.0,0.0005284620909716309,0.0005284620909716309,0.0,0.0003,0.0003,0.0,-6.0,-6.0,0.0,0.0,0.4,28.575000000000003,88.36250000000001,5901.583,170,Walker2d-v5,8256,Agente_2
978.1219058036804,172,704512,341.25317865770865,853.5200121680244,240.35149603368947,189.55,1433,0.013378087135862844,-6.0,0.99,2.0033281017559205e-05,0.0005284620909716309,0.0003,-130.46142578125,0.7450823783874512,-1.5913033485412598,0.07649879157543182,-2.5704803466796875,-6.0,2.886373519897461,16.153383255004883,2.8362258403240634,2.841240608281403,0.9727975795384345,0.9824742668923517,1.0,0.9824742668923517,-130.46142578125,0.7450823783874512,-1.5913033485412598,0.07649879157543182,-2.5704803466796875,-6.0,129.55026245117188,232.95606994628906,-105.94159698486328,0.0,0.0,0.0,0.0,0.0,0.0,0.0,0.0,0.0,,0.0,-6.0,1433.0,1433.0,0.0,0.013378087135862844,0.013378087135862844,0.0,2.0033281017559205e-05,2.0033281017559205e-05,0.0,0.0005284620909716309,0.0005284620909716309,0.0,0.0003,0.0003,0.0,-6.0,-6.0,0.0,0.0,0.385,28.825000000000003,88.2125,5908.651,171,Walker2d-v5,8256,Agente_2
983.9518120288849,173,708608,345.04906058262446,853.5200121680244,243.16414608175165,188.23,1433,0.013378087135862844,-6.0,0.99,2.0033281017559205e-05,0.0005284620909716309,0.0003,-132.84368896484375,0.8144006133079529,0.7990246415138245,0.07657022774219513,-2.569546937942505,-6.0,3.2551803588867188,14.847513198852539,2.841240608281403,2.8826345833419347,0.9457046390758902,0.8644258176882574,1.0,0.8644258176882574,-132.84368896484375,0.8144006133079529,0.7990246415138245,0.07657022774219513,-2.569546937942505,-6.0,131.98928833007812,262.1888122558594,-63.65366744995117,0.0,0.0,0.0,0.0,0.0,0.0,0.0,0.0,0.0,,0.0,-6.0,1433.0,1433.0,0.0,0.013378087135862844,0.013378087135862844,0.0,2.0033281017559205e-05,2.0033281017559205e-05,0.0,0.0005284620909716309,0.0005284620909716309,0.0,0.0003,0.0003,0.0,-6.0,-6.0,0.0,0.0,0.36624999999999996,28.3125,88.425,5908.639,172,Walker2d-v5,8256,Agente_2
989.6937968730927,174,712704,342.1035480562296,673.2223182420646,246.50738423809108,179.73,1433,0.013378087135862844,-6.0,0.99,2.0033281017559205e-05,0.0005284620909716309,0.0003,-131.72836303710938,0.6325579881668091,0.05218660831451416,0.07649042457342148,-2.570589780807495,-6.0,2.792346954345703,10.5141019821167,2.8826345833419347,2.8736058204423114,0.9592784793069177,1.0,1.0,1.0,-131.72836303710938,0.6325579881668091,0.05218660831451416,0.07649042457342148,-2.570589780807495,-6.0,130.95718383789062,235.28369140625,-125.56240844726562,0.0,0.0,0.0,0.0,0.0,0.0,0.0,0.0,0.0,,0.0,-6.0,1433.0,1433.0,0.0,0.013378087135862844,0.013378087135862844,0.0,2.0033281017559205e-05,2.0033281017559205e-05,0.0,0.0005284620909716309,0.0005284620909716309,0.0,0.0003,0.0003,0.0,-6.0,-6.0,0.0,0.0,0.40874999999999995,28.4125,88.05,5849.139,173,Walker2d-v5,8256,Agente_2
995.461678981781,175,716800,331.5879055739058,555.4885953882476,234.74067635779718,167.65,1433,0.013378087135862844,-6.0,0.99,2.0033281017559205e-05,0.0005284620909716309,0.0003,-134.6841583251953,0.712807297706604,0.8648964166641235,0.0771305114030838,-2.562256336212158,-6.0,2.7217960357666016,16.04550838470459,2.8736058204423114,2.8584248419747404,0.9694588594801883,1.0,1.0,1.0,-134.6841583251953,0.712807297706604,0.8648964166641235,0.0771305114030838,-2.562256336212158,-6.0,133.84127807617188,232.396484375,-122.59008026123047,0.0,0.0,0.0,0.0,0.0,0.0,0.0,0.0,0.0,,0.0,-6.0,1433.0,1433.0,0.0,0.013378087135862844,0.013378087135862844,0.0,2.0033281017559205e-05,2.0033281017559205e-05,0.0,0.0005284620909716309,0.0005284620909716309,0.0,0.0003,0.0003,0.0,-6.0,-6.0,0.0,0.0,0.385,27.9125,88.0875,5820.744,174,Walker2d-v5,8256,Agente_2
1001.4834313392639,176,720896,321.5741008193149,491.12093567113385,234.74067635779718,159.41,1433,0.013378087135862844,-6.0,0.99,2.0033281017559205e-05,0.0005284620909716309,0.0003,-137.97723388671875,0.8098089694976807,-2.4386966228485107,0.07723531126976013,-2.560898542404175,-6.0,3.1255111694335938,15.933244705200195,2.8584248419747404,2.885133474720626,0.9547927008308736,0.9107942248829299,1.0,0.9107942248829299,-137.97723388671875,0.8098089694976807,-2.4386966228485107,0.07723531126976013,-2.560898542404175,-6.0,136.93643188476562,238.14401245117188,-120.18290710449219,0.0,0.0,0.0,0.0,0.0,0.0,0.0,0.0,0.0,,0.0,-6.0,1433.0,1433.0,0.0,0.013378087135862844,0.013378087135862844,0.0,2.0033281017559205e-05,2.0033281017559205e-05,0.0,0.0005284620909716309,0.0005284620909716309,0.0,0.0003,0.0003,0.0,-6.0,-6.0,0.0,0.0,0.36,27.8,86.075,5810.157,175,Walker2d-v5,8256,Agente_2
1007.3582155704498,177,724992,306.2209750126452,491.12093567113385,-20.593630217129025,157.53,1433,0.013378087135862844,-6.0,0.99,2.0033281017559205e-05,0.0005284620909716309,0.0003,-137.63768005371094,0.7219506502151489,-0.6297581791877747,0.07742641121149063,-2.558427333831787,-6.0,2.9984703063964844,13.129246711730957,2.885133474720626,2.8964671578882117,0.9564641584272208,0.9614785312162621,1.0,0.9614785312162621,-137.63768005371094,0.7219506502151489,-0.6297581791877747,0.07742641121149063,-2.558427333831787,-6.0,136.99215698242188,238.4494171142578,7.896929740905762,0.0,0.0,0.0,0.0,0.0,0.0,0.0,0.0,0.0,,0.0,-6.0,1433.0,1433.0,0.0,0.013378087135862844,0.013378087135862844,0.0,2.0033281017559205e-05,2.0033281017559205e-05,0.0,0.0005284620909716309,0.0005284620909716309,0.0,0.0003,0.0003,0.0,-6.0,-6.0,0.0,0.0,0.36125,30.775,75.625,5824.535,176,Walker2d-v5,8256,Agente_2
1012.9069964885712,178,729088,272.2442389233058,407.7861380590702,-20.593630217129025,159.83,1433,0.013378087135862844,-6.0,0.99,2.0033281017559205e-05,0.0005284620909716309,0.0003,-132.26431274414062,0.8788870573043823,-0.8950595855712891,0.07782512903213501,-2.553290843963623,-6.0,2.8463077545166016,22.752922534942627,2.8964671578882117,2.891451217551051,0.9673481188204156,1.0,1.0,1.0,-132.26431274414062,0.8788870573043823,-0.8950595855712891,0.07782512903213501,-2.553290843963623,-6.0,131.01344299316406,235.0482177734375,-101.58281707763672,0.0,0.0,0.0,0.0,0.0,0.0,0.0,0.0,0.0,,0.0,-6.0,1433.0,1433.0,0.0,0.013378087135862844,0.013378087135862844,0.0,2.0033281017559205e-05,2.0033281017559205e-05,0.0,0.0005284620909716309,0.0005284620909716309,0.0,0.0003,0.0003,0.0,-6.0,-6.0,0.0,0.0,0.2233333333333333,22.62222222222222,83.28888888888889,5794.95,177,Walker2d-v5,8256,Agente_2
1018.675127029419,179,733184,225.669421240672,413.29419535475824,-20.593630217129025,169.33,1433,0.013378087135862844,-6.0,0.99,2.0033281017559205e-05,0.0005284620909716309,0.0003,-133.2462921142578,0.6915571093559265,-0.8590711355209351,0.07785215228796005,-2.552943706512451,-6.0,2.866565704345703,12.912712097167969,2.891451217551051,2.8889626662305163,0.9755110891153117,1.0,1.0,1.0,-133.2462921142578,0.6915571093559265,-0.8590711355209351,0.07785215228796005,-2.552943706512451,-6.0,131.84402465820312,233.64898681640625,-104.6409683227539,0.0,0.0,0.0,0.0,0.0,0.0,0.0,0.0,0.0,,0.0,-6.0,1433.0,1433.0,0.0,0.013378087135862844,0.013378087135862844,0.0,2.0033281017559205e-05,2.0033281017559205e-05,0.0,0.0005284620909716309,0.0005284620909716309,0.0,0.0003,0.0003,0.0,-6.0,-6.0,0.0,0.0,0.265,25.9375,89.5,5800.743,178,Walker2d-v5,8256,Agente_2
1024.492136478424,180,737280,192.1265591646055,413.29419535475824,-54.63442780920886,173.41,1433,0.013378087135862844,-6.0,0.99,2.0033281017559205e-05,0.0005284620909716309,0.0003,-126.49610900878906,0.8920860290527344,-0.6546798944473267,0.07741802930831909,-2.558535575866699,-6.0,2.9967074394226074,17.14266872406006,2.8889626662305163,2.8997371435497254,0.9724812149940658,0.9633915926303278,1.0,0.9633915926303278,-126.49610900878906,0.8920860290527344,-0.6546798944473267,0.07741802930831909,-2.558535575866699,-6.0,125.40929412841797,239.9399871826172,-137.2005615234375,0.0,0.0,0.0,0.0,0.0,0.0,0.0,0.0,0.0,,0.0,-6.0,1433.0,1433.0,0.0,0.013378087135862844,0.013378087135862844,0.0,2.0033281017559205e-05,2.0033281017559205e-05,0.0,0.0005284620909716309,0.0005284620909716309,0.0,0.0003,0.0003,0.0,-6.0,-6.0,0.0,0.0,0.34875,25.975,90.0375,5800.64,179,Walker2d-v5,8256,Agente_2
1030.208456993103,181,741376,160.07471747779394,502.09306192766627,-54.63442780920886,186.6,1433,0.013378087135862844,-6.0,0.99,2.0033281017559205e-05,0.0005284620909716309,0.0003,-138.07305908203125,0.7611681818962097,-1.0828582048416138,0.07666289806365967,-2.5683374404907227,-6.0,2.9077072143554688,15.199575424194336,2.8997371435497254,2.9005341506302997,0.9786747182069048,0.9972552278454218,1.0,0.9972552278454218,-138.07305908203125,0.7611681818962097,-1.0828582048416138,0.07666289806365967,-2.5683374404907227,-6.0,137.09988403320312,241.89451599121094,-158.3704071044922,0.0,0.0,0.0,0.0,0.0,0.0,0.0,0.0,0.0,,0.0,-6.0,1433.0,1433.0,0.0,0.013378087135862844,0.013378087135862844,0.0,2.0033281017559205e-05,2.0033281017559205e-05,0.0,0.0005284620909716309,0.0005284620909716309,0.0,0.0003,0.0003,0.0,-6.0,-6.0,0.0,0.0,0.31,27.08571428571429,86.5142857142857,5786.57,180,Walker2d-v5,8256,Agente_2
1036.203929424286,182,745472,138.64708586230228,723.7341504274883,-54.63442780920886,194.54,1433,0.013378087135862844,-6.0,0.99,2.0033281017559205e-05,0.0005284620909716309,0.0003,-135.51734924316406,0.8014894723892212,-1.5321272611618042,0.07601208984851837,-2.5768628120422363,-6.0,3.1103668212890625,16.63825225830078,2.9005341506302997,2.921517417696176,0.9665590379564944,0.9302119972052635,1.0,0.9302119972052635,-135.51734924316406,0.8014894723892212,-1.5321272611618042,0.07601208984851837,-2.5768628120422363,-6.0,134.7030792236328,237.8491668701172,-111.0146255493164,0.0,0.0,0.0,0.0,0.0,0.0,0.0,0.0,0.0,,0.0,-6.0,1433.0,1433.0,0.0,0.013378087135862844,0.013378087135862844,0.0,2.0033281017559205e-05,2.0033281017559205e-05,0.0,0.0005284620909716309,0.0005284620909716309,0.0,0.0003,0.0003,0.0,-6.0,-6.0,0.0,0.0,0.31125,30.812500000000004,75.8375,5795.662,181,Walker2d-v5,8256,Agente_2
1041.6661794185638,183,749568,123.94600357939672,723.7341504274883,-54.63442780920886,190.3,1433,0.013378087135862844,-6.0,0.99,2.0033281017559205e-05,0.0005284620909716309,0.0003,-138.6993408203125,0.6802390813827515,-1.9372875690460205,0.07485451549291611,-2.5922088623046875,-6.0,2.6696929931640625,16.066476821899414,2.921517417696176,2.896334975242965,0.9749192784673708,1.0,1.0,1.0,-138.6993408203125,0.6802390813827515,-1.9372875690460205,0.07485451549291611,-2.5922088623046875,-6.0,137.47683715820312,246.98606872558594,-119.64683532714844,0.0,0.0,0.0,0.0,0.0,0.0,0.0,0.0,0.0,,0.0,-6.0,1433.0,1433.0,0.0,0.013378087135862844,0.013378087135862844,0.0,2.0033281017559205e-05,2.0033281017559205e-05,0.0,0.0005284620909716309,0.0005284620909716309,0.0,0.0003,0.0003,0.0,-6.0,-6.0,0.0,0.0,0.31,25.34444444444445,82.67777777777779,5758.636,182,Walker2d-v5,8256,Agente_2
1047.3933608531952,184,753664,139.06430309273233,723.7341504274883,-34.27486120550773,184.52,1433,0.013378087135862844,-6.0,0.99,2.0033281017559205e-05,0.0005284620909716309,0.0003,-131.38265991210938,0.8954633474349976,-1.153019905090332,0.07343818992376328,-2.611311197280884,-6.0,3.184497356414795,22.794654846191406,2.896334975242965,2.9251512133601483,0.9575137404309793,0.9052971263218047,1.0,0.9052971263218047,-131.38265991210938,0.8954633474349976,-1.153019905090332,0.07343818992376328,-2.611311197280884,-6.0,130.48782348632812,246.21197509765625,-122.85977172851562,0.0,0.0,0.0,0.0,0.0,0.0,0.0,0.0,0.0,,0.0,-6.0,1433.0,1433.0,0.0,0.013378087135862844,0.013378087135862844,0.0,2.0033281017559205e-05,2.0033281017559205e-05,0.0,0.0005284620909716309,0.0005284620909716309,0.0,0.0003,0.0003,0.0,-6.0,-6.0,0.0,0.0,0.3225,28.2875,88.6375,5757.028,183,Walker2d-v5,8256,Agente_2
1053.1657547950745,185,757760,166.64811669533742,723.7341504274883,-33.64295723662156,176.32,1433,0.013378087135862844,-6.0,0.99,2.0033281017559205e-05,0.0005284620909716309,0.0003,-138.39840698242188,0.7502913475036621,-2.012063503265381,0.0722137913107872,-2.628124237060547,-6.0,3.117176055908203,12.780441045761108,2.9251512133601483,2.944353697614954,0.9522508552036641,0.936462199521719,1.0,0.936462199521719,-138.39840698242188,0.7502913475036621,-2.012063503265381,0.0722137913107872,-2.628124237060547,-6.0,137.40283203125,236.3573455810547,-115.85107421875,0.0,0.0,0.0,0.0,0.0,0.0,0.0,0.0,0.0,,0.0,-6.0,1433.0,1433.0,0.0,0.013378087135862844,0.013378087135862844,0.0,2.0033281017559205e-05,2.0033281017559205e-05,0.0,0.0005284620909716309,0.0005284620909716309,0.0,0.0003,0.0003,0.0,-6.0,-6.0,0.0,0.0,0.355,28.1625,88.88749999999999,5757.596,184,Walker2d-v5,8256,Agente_2
1059.249537229538,186,761856,200.01198334724853,431.17087124271933,-33.64295723662156,161.89,1433,0.013378087135862844,-6.0,0.99,2.0033281017559205e-05,0.0005284620909716309,0.0003,-142.1598663330078,0.732792854309082,-1.5439972877502441,0.0709371417760849,-2.645961046218872,-6.0,2.8111400604248047,16.56651020050049,2.944353697614954,2.931032333895939,0.9641881414027481,1.0,1.0,1.0,-142.1598663330078,0.732792854309082,-1.5439972877502441,0.0709371417760849,-2.645961046218872,-6.0,140.99826049804688,257.60113525390625,-105.1462173461914,0.0,0.0,0.0,0.0,0.0,0.0,0.0,0.0,0.0,,0.0,-6.0,1433.0,1433.0,0.0,0.013378087135862844,0.013378087135862844,0.0,2.0033281017559205e-05,2.0033281017559205e-05,0.0,0.0005284620909716309,0.0005284620909716309,0.0,0.0003,0.0003,0.0,-6.0,-6.0,0.0,0.0,0.3375,28.2625,88.8125,5764.203,185,Walker2d-v5,8256,Agente_2
1065.098001241684,187,765952,240.29231290646902,420.1622590899689,-8.874346123301793,140.09,1433,0.013378087135862844,-6.0,0.99,2.0033281017559205e-05,0.0005284620909716309,0.0003,-132.8558349609375,0.7491412162780762,-3.6605846881866455,0.06955204904079437,-2.665679931640625,-6.0,2.972431182861328,14.56310749053955,2.931032333895939,2.935172218792478,0.9696348460934479,0.9859749601655472,1.0,0.9859749601655472,-132.8558349609375,0.7491412162780762,-3.6605846881866455,0.06955204904079437,-2.665679931640625,-6.0,132.01300048828125,236.66929626464844,-106.09469604492188,0.0,0.0,0.0,0.0,0.0,0.0,0.0,0.0,0.0,,0.0,-6.0,1433.0,1433.0,0.0,0.013378087135862844,0.013378087135862844,0.0,2.0033281017559205e-05,2.0033281017559205e-05,0.0,0.0005284620909716309,0.0005284620909716309,0.0,0.0003,0.0003,0.0,-6.0,-6.0,0.0,0.0,0.40125,28.5625,88.5125,5761.199,186,Walker2d-v5,8256,Agente_2
1070.817435503006,188,770048,218.0471118430404,395.5327483330864,96.84912607344184,117.69,1433,0.013378087135862844,-6.0,0.99,2.0033281017559205e-05,0.0005284620909716309,0.0003,-135.43487548828125,0.6899614334106445,-2.106468677520752,0.06788786500692368,-2.6898980140686035,-6.0,2.7920265197753906,14.654827117919922,2.935172218792478,2.9208576488907694,0.9772261345700859,1.0,1.0,1.0,-135.43487548828125,0.6899614334106445,-2.106468677520752,0.06788786500692368,-2.6898980140686035,-6.0,134.56591796875,243.18287658691406,-136.90577697753906,0.0,0.0,0.0,0.0,0.0,0.0,0.0,0.0,0.0,,0.0,-6.0,1433.0,1433.0,0.0,0.013378087135862844,0.013378087135862844,0.0,2.0033281017559205e-05,2.0033281017559205e-05,0.0,0.0005284620909716309,0.0005284620909716309,0.0,0.0003,0.0003,0.0,-6.0,-6.0,0.0,0.0,0.39,28.35,88.41250000000001,5778.263,187,Walker2d-v5,8256,Agente_2
1076.4790058135986,189,774144,231.51453122256925,389.17025837180506,96.84912607344184,118.44,1433,0.013378087135862844,-6.0,0.99,2.0033281017559205e-05,0.0005284620909716309,0.0003,-132.30625915527344,0.8301692008972168,-3.335080146789551,0.0658828467130661,-2.719877243041992,-6.0,2.89019775390625,19.590473175048828,2.9208576488907694,2.917791659392318,0.9829196009275645,1.0,1.0,1.0,-132.30625915527344,0.8301692008972168,-3.335080146789551,0.0658828467130661,-2.719877243041992,-6.0,130.88418579101562,248.85906982421875,-104.4779052734375,0.0,0.0,0.0,0.0,0.0,0.0,0.0,0.0,0.0,,0.0,-6.0,1433.0,1433.0,0.0,0.013378087135862844,0.013378087135862844,0.0,2.0033281017559205e-05,2.0033281017559205e-05,0.0,0.0005284620909716309,0.0005284620909716309,0.0,0.0003,0.0003,0.0,-6.0,-6.0,0.0,0.0,0.36,28.800000000000004,88.39999999999999,5767.505,188,Walker2d-v5,8256,Agente_2
1082.2315709590912,190,778240,228.9503319081718,408.66324942545066,98.03110655760499,113.53,1433,0.013378087135862844,-6.0,0.99,2.0033281017559205e-05,0.0005284620909716309,0.0003,-133.04669189453125,0.8339954614639282,-1.0518063306808472,0.0646066665649414,-2.7394375801086426,-6.0,2.900602340698242,19.136006355285645,2.917791659392318,2.91607272752291,0.9871897006956734,1.0,1.0,1.0,-133.04669189453125,0.8339954614639282,-1.0518063306808472,0.0646066665649414,-2.7394375801086426,-6.0,131.7764434814453,258.8413391113281,-97.23174285888672,0.0,0.0,0.0,0.0,0.0,0.0,0.0,0.0,0.0,,0.0,-6.0,1433.0,1433.0,0.0,0.013378087135862844,0.013378087135862844,0.0,2.0033281017559205e-05,2.0033281017559205e-05,0.0,0.0005284620909716309,0.0005284620909716309,0.0,0.0003,0.0003,0.0,-6.0,-6.0,0.0,0.0,0.425,28.362499999999997,88.6125,5761.155,189,Walker2d-v5,8256,Agente_2
1088.10520529747,191,782336,239.66451405201,408.66324942545066,105.3576590544452,117.15,1433,0.013378087135862844,-6.0,0.99,2.0033281017559205e-05,0.0005284620909716309,0.0003,-133.5784912109375,1.022249698638916,0.21884524822235107,0.06411860883235931,-2.747020721435547,-6.0,3.217386245727539,16.345602989196777,2.91607272752291,2.946204079343373,0.9658499372060773,0.901830646737289,1.0,0.901830646737289,-133.5784912109375,1.022249698638916,0.21884524822235107,0.06411860883235931,-2.747020721435547,-6.0,131.612060546875,236.2928466796875,-70.37249755859375,0.0,0.0,0.0,0.0,0.0,0.0,0.0,0.0,0.0,,0.0,-6.0,1433.0,1433.0,0.0,0.013378087135862844,0.013378087135862844,0.0,2.0033281017559205e-05,2.0033281017559205e-05,0.0,0.0005284620909716309,0.0005284620909716309,0.0,0.0003,0.0003,0.0,-6.0,-6.0,0.0,0.0,0.305,28.1625,88.4625,5777.125,190,Walker2d-v5,8256,Agente_2
1094.0222399234772,192,786432,232.72916758020335,408.66324942545066,109.19324129319128,115.57,1433,0.013378087135862844,-6.0,0.99,2.0033281017559205e-05,0.0005284620909716309,0.0003,-130.8493194580078,1.0041508674621582,1.7314612865447998,0.06443881243467331,-2.742039203643799,-6.0,3.3534488677978516,16.696356773376465,2.946204079343373,2.986928558188821,0.942112709474343,0.8709010262791401,1.0,0.8709010262791401,-130.8493194580078,1.0041508674621582,1.7314612865447998,0.06443881243467331,-2.742039203643799,-6.0,128.6439971923828,292.400634765625,-77.42249298095703,0.0,0.0,0.0,0.0,0.0,0.0,0.0,0.0,0.0,,0.0,-6.0,1433.0,1433.0,0.0,0.013378087135862844,0.013378087135862844,0.0,2.0033281017559205e-05,2.0033281017559205e-05,0.0,0.0005284620909716309,0.0005284620909716309,0.0,0.0003,0.0003,0.0,-6.0,-6.0,0.0,0.0,0.40375,28.3375,88.39999999999999,5769.256,191,Walker2d-v5,8256,Agente_2
1100.102869272232,193,790528,235.83725748605374,321.2600062122641,146.39505838753672,119.01,1433,0.013378087135862844,-6.0,0.99,2.0033281017559205e-05,0.0005284620909716309,0.0003,-141.86337280273438,0.7082231044769287,1.1200363636016846,0.06489396095275879,-2.7350006103515625,-6.0,3.029582977294922,16.815000534057617,2.986928558188821,2.9911940000994313,0.9530398127890891,0.9858211227333278,1.0,0.9858211227333278,-141.86337280273438,0.7082231044769287,1.1200363636016846,0.06489396095275879,-2.7350006103515625,-6.0,139.90496826171875,244.2264404296875,-75.81950378417969,0.0,0.0,0.0,0.0,0.0,0.0,0.0,0.0,0.0,,0.0,-6.0,1433.0,1433.0,0.0,0.013378087135862844,0.013378087135862844,0.0,2.0033281017559205e-05,2.0033281017559205e-05,0.0,0.0005284620909716309,0.0005284620909716309,0.0,0.0003,0.0003,0.0,-6.0,-6.0,0.0,0.0,0.4325,28.637500000000003,88.4375,5830.838,192,Walker2d-v5,8256,Agente_2
1106.7043859958649,194,794624,231.49140507456147,307.02252532804124,162.26335159401495,120.67,1433,0.013378087135862844,-6.0,0.99,2.0033281017559205e-05,0.0005284620909716309,0.0003,-145.4029998779297,0.7211198806762695,1.0222525596618652,0.06547893583774567,-2.726026773452759,-6.0,3.3412933349609375,16.163026809692383,2.9911940000994313,3.026203933585582,0.9371665203778368,0.8895466431440796,1.0,0.8895466431440796,-145.4029998779297,0.7211198806762695,1.0222525596618652,0.06547893583774567,-2.726026773452759,-6.0,143.77163696289062,249.0059814453125,-73.33804321289062,0.0,0.0,0.0,0.0,0.0,0.0,0.0,0.0,0.0,,0.0,-6.0,1433.0,1433.0,0.0,0.013378087135862844,0.013378087135862844,0.0,2.0033281017559205e-05,2.0033281017559205e-05,0.0,0.0005284620909716309,0.0005284620909716309,0.0,0.0003,0.0003,0.0,-6.0,-6.0,0.0,0.0,0.36666666666666664,27.78888888888889,88.39999999999999,5918.333,193,Walker2d-v5,8256,Agente_2
1112.5570330619812,195,798720,232.91991507689312,291.2448297248362,162.26335159401495,126.81,1433,0.013378087135862844,-6.0,0.99,2.0033281017559205e-05,0.0005284620909716309,0.0003,-148.19247436523438,0.6600914001464844,-1.4571332931518555,0.06543191522359848,-2.726745128631592,-6.0,3.1740894317626953,14.540436744689941,3.026203933585582,3.040992483403293,0.9409515217172636,0.9523065257355442,1.0,0.9523065257355442,-148.19247436523438,0.6600914001464844,-1.4571332931518555,0.06543191522359848,-2.726745128631592,-6.0,145.75454711914062,247.5704803466797,-67.56617736816406,0.0,0.0,0.0,0.0,0.0,0.0,0.0,0.0,0.0,,0.0,-6.0,1433.0,1433.0,0.0,0.013378087135862844,0.013378087135862844,0.0,2.0033281017559205e-05,2.0033281017559205e-05,0.0,0.0005284620909716309,0.0005284620909716309,0.0,0.0003,0.0003,0.0,-6.0,-6.0,0.0,0.0,0.35,27.975,88.39999999999999,5926.303,194,Walker2d-v5,8256,Agente_2
1119.112918138504,196,802816,239.63053143937478,291.2448297248362,162.26335159401495,133.82,1433,0.013378087135862844,-6.0,0.99,2.0033281017559205e-05,0.0005284620909716309,0.0003,-156.163330078125,0.6524547338485718,-0.17683365941047668,0.06522519886493683,-2.7299094200134277,-6.0,3.054067611694336,14.095720291137695,3.040992483403293,3.0422999962323978,0.9546410433179687,0.9957096081200842,1.0,0.9957096081200842,-156.163330078125,0.6524547338485718,-0.17683365941047668,0.06522519886493683,-2.7299094200134277,-6.0,154.3758544921875,271.2898254394531,-76.7284164428711,0.0,0.0,0.0,0.0,0.0,0.0,0.0,0.0,0.0,,0.0,-6.0,1433.0,1433.0,0.0,0.013378087135862844,0.013378087135862844,0.0,2.0033281017559205e-05,2.0033281017559205e-05,0.0,0.0005284620909716309,0.0005284620909716309,0.0,0.0003,0.0003,0.0,-6.0,-6.0,0.0,0.0,0.23896551724137932,21.486206896551728,85.99655172413792,5973.616,195,Walker2d-v5,8256,Agente_2
1124.636864900589,197,806912,248.73975068034716,307.30776717725615,199.28177866044277,141.83,1433,0.013378087135862844,-6.0,0.99,2.0033281017559205e-05,0.0005284620909716309,0.0003,-153.9530029296875,0.6369451880455017,-1.2496325969696045,0.06543625146150589,-2.7266788482666016,-6.0,2.3877029418945312,14.313436508178711,3.0422999962323978,2.976840290798611,0.9659807824884765,1.0,1.0,1.0,-153.9530029296875,0.6369451880455017,-1.2496325969696045,0.06543625146150589,-2.7266788482666016,-6.0,152.79954528808594,249.03131103515625,-37.66535186767578,0.0,0.0,0.0,0.0,0.0,0.0,0.0,0.0,0.0,,0.0,-6.0,1433.0,1433.0,0.0,0.013378087135862844,0.013378087135862844,0.0,2.0033281017559205e-05,2.0033281017559205e-05,0.0,0.0005284620909716309,0.0005284620909716309,0.0,0.0003,0.0003,0.0,-6.0,-6.0,0.0,0.0,0.26499999999999996,19.299999999999997,80.12,5941.315,196,Walker2d-v5,8256,Agente_2
1130.3170125484467,198,811008,261.9832565578018,360.4249267460996,199.28177866044277,150.96,1433,0.013378087135862844,-6.0,0.99,2.0033281017559205e-05,0.0005284620909716309,0.0003,-151.75411987304688,0.6543622612953186,0.05152410268783569,0.06556398421525955,-2.72472882270813,-6.0,2.8413219451904297,14.904777526855469,2.976840290798611,2.963288456237793,0.9744855868663573,1.0,1.0,1.0,-151.75411987304688,0.6543622612953186,0.05152410268783569,0.06556398421525955,-2.72472882270813,-6.0,150.1996307373047,246.64247131347656,-60.70170593261719,0.0,0.0,0.0,0.0,0.0,0.0,0.0,0.0,0.0,,0.0,-6.0,1433.0,1433.0,0.0,0.013378087135862844,0.013378087135862844,0.0,2.0033281017559205e-05,2.0033281017559205e-05,0.0,0.0005284620909716309,0.0005284620909716309,0.0,0.0003,0.0003,0.0,-6.0,-6.0,0.0,0.0,0.36625,26.400000000000002,87.3125,5937.133,197,Walker2d-v5,8256,Agente_2
1135.995136976242,199,815104,283.70103680531906,413.5646903793406,199.28177866044277,165.33,1433,0.013378087135862844,-6.0,0.99,2.0033281017559205e-05,0.0005284620909716309,0.0003,-154.74139404296875,0.6115543246269226,-1.583993673324585,0.0650753378868103,-2.7322096824645996,-6.0,2.7564239501953125,16.05608034133911,2.963288456237793,2.9426020056335447,0.980864190149768,1.0,1.0,1.0,-154.74139404296875,0.6115543246269226,-1.583993673324585,0.0650753378868103,-2.7322096824645996,-6.0,153.5436553955078,244.2193603515625,-46.41053771972656,0.0,0.0,0.0,0.0,0.0,0.0,0.0,0.0,0.0,,0.0,-6.0,1433.0,1433.0,0.0,0.013378087135862844,0.013378087135862844,0.0,2.0033281017559205e-05,2.0033281017559205e-05,0.0,0.0005284620909716309,0.0005284620909716309,0.0,0.0003,0.0003,0.0,-6.0,-6.0,0.0,0.0,0.38875000000000004,29.0,88.6125,5939.175,198,Walker2d-v5,8256,Agente_2
1141.7548451423645,200,819200,303.8661145459995,465.11229596687764,217.86283719560316,179.06,1433,0.013378087135862844,-6.0,0.99,2.0033281017559205e-05,0.0005284620909716309,0.0003,-152.9900360107422,0.5936079025268555,-1.084876298904419,0.06425077468156815,-2.7449615001678467,-6.0,2.69354248046875,13.95970344543457,2.9426020056335447,2.9176960531170653,0.985648142612326,1.0,1.0,1.0,-152.9900360107422,0.5936079025268555,-1.084876298904419,0.06425077468156815,-2.7449615001678467,-6.0,151.90875244140625,246.0518341064453,-17.524179458618164,0.0,0.0,0.0,0.0,0.0,0.0,0.0,0.0,0.0,,0.0,-6.0,1433.0,1433.0,0.0,0.013378087135862844,0.013378087135862844,0.0,2.0033281017559205e-05,2.0033281017559205e-05,0.0,0.0005284620909716309,0.0005284620909716309,0.0,0.0003,0.0003,0.0,-6.0,-6.0,0.0,0.0,0.39625,28.6875,88.375,5939.818,199,Walker2d-v5,8256,Agente_2
1147.5096361637115,201,823296,325.9881888824641,506.8689800446709,219.41842695564208,193.21,1433,0.013378087135862844,-6.0,0.99,2.0033281017559205e-05,0.0005284620909716309,0.0003,-156.97994995117188,0.6882754564285278,-0.8555021286010742,0.06318186968564987,-2.761737823486328,-6.0,2.8389015197753906,20.786497116088867,2.9176960531170653,2.9098165997828978,0.9892361069592446,1.0,1.0,1.0,-156.97994995117188,0.6882754564285278,-0.8555021286010742,0.06318186968564987,-2.761737823486328,-6.0,156.0918426513672,242.03855895996094,-24.999176025390625,0.0,0.0,0.0,0.0,0.0,0.0,0.0,0.0,0.0,,0.0,-6.0,1433.0,1433.0,0.0,0.013378087135862844,0.013378087135862844,0.0,2.0033281017559205e-05,2.0033281017559205e-05,0.0,0.0005284620909716309,0.0005284620909716309,0.0,0.0003,0.0003,0.0,-6.0,-6.0,0.0,0.0,0.4225,27.8375,88.38749999999999,5928.033,200,Walker2d-v5,8256,Agente_2
1153.2524316310883,202,827392,344.93832227600217,506.8689800446709,209.57957689338133,206.65,1433,0.013378087135862844,-6.0,0.99,2.0033281017559205e-05,0.0005284620909716309,0.0003,-156.402587890625,0.55363529920578,-1.7616987228393555,0.06210852414369583,-2.778872013092041,-6.0,2.4349517822265625,11.662814617156982,2.9098165997828978,2.8623301180272644,0.9919270802194334,1.0,1.0,1.0,-156.402587890625,0.55363529920578,-1.7616987228393555,0.06210852414369583,-2.778872013092041,-6.0,155.19406127929688,239.4426727294922,-34.428924560546875,0.0,0.0,0.0,0.0,0.0,0.0,0.0,0.0,0.0,,0.0,-6.0,1433.0,1433.0,0.0,0.013378087135862844,0.013378087135862844,0.0,2.0033281017559205e-05,2.0033281017559205e-05,0.0,0.0005284620909716309,0.0005284620909716309,0.0,0.0003,0.0003,0.0,-6.0,-6.0,0.0,0.0,0.3614285714285714,28.542857142857144,88.30000000000003,5910.841,201,Walker2d-v5,8256,Agente_2
1159.7431206703186,203,831488,351.7947142387731,506.8689800446709,209.57957689338133,212.12,1433,0.013378087135862844,-6.0,0.99,2.0033281017559205e-05,0.0005284620909716309,0.0003,-151.4980926513672,0.7468467950820923,1.3157036304473877,0.061329759657382965,-2.791490077972412,-6.0,2.502399444580078,18.377912521362305,2.8623301180272644,2.826337050682546,0.9939453101645751,1.0,1.0,1.0,-151.4980926513672,0.7468467950820923,1.3157036304473877,0.061329759657382965,-2.791490077972412,-6.0,150.39651489257812,251.55027770996094,-7.11357307434082,0.0,0.0,0.0,0.0,0.0,0.0,0.0,0.0,0.0,,0.0,-6.0,1433.0,1433.0,0.0,0.013378087135862844,0.013378087135862844,0.0,2.0033281017559205e-05,2.0033281017559205e-05,0.0,0.0005284620909716309,0.0005284620909716309,0.0,0.0003,0.0003,0.0,-6.0,-6.0,0.0,0.0,0.3111111111111111,34.099999999999994,78.74444444444444,5951.96,202,Walker2d-v5,8256,Agente_2
1165.5900542736053,204,835584,350.90436037330727,506.8689800446709,199.28020958613106,209.21,1433,0.013378087135862844,-6.0,0.99,2.0033281017559205e-05,0.0005284620909716309,0.0003,-157.12271118164062,0.5951699018478394,-0.6164748072624207,0.06092564016580582,-2.7981011867523193,-6.0,2.814006805419922,13.593801021575928,2.826337050682546,2.8251040261562834,0.9954589826234314,1.0,1.0,1.0,-157.12271118164062,0.5951699018478394,-0.6164748072624207,0.06092564016580582,-2.7981011867523193,-6.0,156.08599853515625,247.6065216064453,-30.14211654663086,0.0,0.0,0.0,0.0,0.0,0.0,0.0,0.0,0.0,,0.0,-6.0,1433.0,1433.0,0.0,0.013378087135862844,0.013378087135862844,0.0,2.0033281017559205e-05,2.0033281017559205e-05,0.0,0.0005284620909716309,0.0005284620909716309,0.0,0.0003,0.0003,0.0,-6.0,-6.0,0.0,0.0,0.3225,26.5375,81.625,5876.468,203,Walker2d-v5,8256,Agente_2
1171.592125415802,205,839680,335.4292652747657,451.6908435351376,151.83944268599757,196.23,1433,0.013378087135862844,-6.0,0.99,2.0033281017559205e-05,0.0005284620909716309,0.0003,-161.43472290039062,0.6430385112762451,1.207043170928955,0.06143509969115257,-2.789773941040039,-6.0,2.607938766479492,17.390628814697266,2.8251040261562834,2.803387500188604,0.9965942369675735,1.0,1.0,1.0,-161.43472290039062,0.6430385112762451,1.207043170928955,0.06143509969115257,-2.789773941040039,-6.0,160.0836944580078,262.0286865234375,-2.882833480834961,0.0,0.0,0.0,0.0,0.0,0.0,0.0,0.0,0.0,,0.0,-6.0,1433.0,1433.0,0.0,0.013378087135862844,0.013378087135862844,0.0,2.0033281017559205e-05,2.0033281017559205e-05,0.0,0.0005284620909716309,0.0005284620909716309,0.0,0.0003,0.0003,0.0,-6.0,-6.0,0.0,0.0,0.34750000000000003,26.9875,87.9125,5891.187,204,Walker2d-v5,8256,Agente_2
1177.3339805603027,206,843776,324.9730955683625,440.8818711400921,151.83944268599757,184.01,1433,0.013378087135862844,-6.0,0.99,2.0033281017559205e-05,0.0005284620909716309,0.0003,-169.02499389648438,0.5411034226417542,0.7281128764152527,0.06227092817425728,-2.7762606143951416,-6.0,2.5553321838378906,12.055681228637695,2.803387500188604,2.778581968553533,0.9974456777256802,1.0,1.0,1.0,-169.02499389648438,0.5411034226417542,0.7281128764152527,0.06227092817425728,-2.7762606143951416,-6.0,167.6072998046875,252.7915802001953,-13.526590347290039,0.0,0.0,0.0,0.0,0.0,0.0,0.0,0.0,0.0,,0.0,-6.0,1433.0,1433.0,0.0,0.013378087135862844,0.013378087135862844,0.0,2.0033281017559205e-05,2.0033281017559205e-05,0.0,0.0005284620909716309,0.0005284620909716309,0.0,0.0003,0.0003,0.0,-6.0,-6.0,0.0,0.0,0.4,28.0,89.0,5809.385,205,Walker2d-v5,8256,Agente_2
1183.417191028595,207,847872,314.15486099058353,429.7226345067476,149.6064231714421,173.85,1433,0.013378087135862844,-6.0,0.99,2.0033281017559205e-05,0.0005284620909716309,0.0003,-161.4918212890625,0.5908528566360474,0.05004796385765076,0.06286231428384781,-2.76680850982666,-6.0,2.533946990966797,12.67657470703125,2.778581968553533,2.7541184707948596,0.9980842582942602,1.0,1.0,1.0,-161.4918212890625,0.5908528566360474,0.05004796385765076,0.06286231428384781,-2.76680850982666,-6.0,159.96917724609375,245.62725830078125,-7.963434219360352,0.0,0.0,0.0,0.0,0.0,0.0,0.0,0.0,0.0,,0.0,-6.0,1433.0,1433.0,0.0,0.013378087135862844,0.013378087135862844,0.0,2.0033281017559205e-05,2.0033281017559205e-05,0.0,0.0005284620909716309,0.0005284620909716309,0.0,0.0003,0.0003,0.0,-6.0,-6.0,0.0,0.0,0.3933333333333333,27.5,88.83333333333333,5864.92,206,Walker2d-v5,8256,Agente_2
1189.6893651485443,208,851968,303.4498333048182,418.60620362428836,149.6064231714421,166.23,1433,0.013378087135862844,-6.0,0.99,2.0033281017559205e-05,0.0005284620909716309,0.0003,-165.48187255859375,0.6296117305755615,0.7410640716552734,0.0635601058602333,-2.7557692527770996,-6.0,2.428180694580078,15.320697784423828,2.7541184707948596,2.7215246931733814,0.9985631937206951,1.0,1.0,1.0,-165.48187255859375,0.6296117305755615,0.7410640716552734,0.0635601058602333,-2.7557692527770996,-6.0,164.4533233642578,248.53550720214844,10.554075241088867,0.0,0.0,0.0,0.0,0.0,0.0,0.0,0.0,0.0,,0.0,-6.0,1433.0,1433.0,0.0,0.013378087135862844,0.013378087135862844,0.0,2.0033281017559205e-05,2.0033281017559205e-05,0.0,0.0005284620909716309,0.0005284620909716309,0.0,0.0003,0.0003,0.0,-6.0,-6.0,0.0,0.0,0.3057142857142857,24.914285714285715,89.05714285714285,5924.466,207,Walker2d-v5,8256,Agente_2
1195.5373644828796,209,856064,299.39026867953226,411.31036246219804,149.6064231714421,161.75,1433,0.013378087135862844,-6.0,0.99,2.0033281017559205e-05,0.0005284620909716309,0.0003,-162.89064025878906,0.6362770795822144,1.8430403470993042,0.06449681520462036,-2.7411394119262695,-6.0,2.6683692932128906,15.99812126159668,2.7215246931733814,2.7162091531773322,0.9989223952905213,1.0,1.0,1.0,-162.89064025878906,0.6362770795822144,1.8430403470993042,0.06449681520462036,-2.7411394119262695,-6.0,161.94065856933594,252.4370880126953,-7.862610340118408,0.0,0.0,0.0,0.0,0.0,0.0,0.0,0.0,0.0,,0.0,-6.0,1433.0,1433.0,0.0,0.013378087135862844,0.013378087135862844,0.0,2.0033281017559205e-05,2.0033281017559205e-05,0.0,0.0005284620909716309,0.0005284620909716309,0.0,0.0003,0.0003,0.0,-6.0,-6.0,0.0,0.0,0.30125,26.25,88.55000000000001,5940.924,208,Walker2d-v5,8256,Agente_2
1201.3674848079681,210,860160,295.5434642548447,373.50069208013616,149.6064231714421,159.53,1433,0.013378087135862844,-6.0,0.99,2.0033281017559205e-05,0.0005284620909716309,0.0003,-162.97938537597656,0.5768446326255798,0.8077002763748169,0.06537344306707382,-2.7276391983032227,-6.0,2.294797897338867,14.278308868408203,2.7162091531773322,2.674068027593486,0.9991917964678909,1.0,1.0,1.0,-162.97938537597656,0.5768446326255798,0.8077002763748169,0.06537344306707382,-2.7276391983032227,-6.0,161.54904174804688,254.883544921875,-9.993366241455078,0.0,0.0,0.0,0.0,0.0,0.0,0.0,0.0,0.0,,0.0,-6.0,1433.0,1433.0,0.0,0.013378087135862844,0.013378087135862844,0.0,2.0033281017559205e-05,2.0033281017559205e-05,0.0,0.0005284620909716309,0.0005284620909716309,0.0,0.0003,0.0003,0.0,-6.0,-6.0,0.0,0.0,0.31625,25.775,87.9375,5948.312,209,Walker2d-v5,8256,Agente_2
1207.4566593170166,211,864256,300.283030469864,406.51817828665656,191.0932523839161,161.69,1433,0.013378087135862844,-6.0,0.99,2.0033281017559205e-05,0.0005284620909716309,0.0003,-167.80133056640625,0.49507877230644226,-0.4902603030204773,0.06569067388772964,-2.7227983474731445,-6.0,2.508014678955078,9.411632537841797,2.674068027593486,2.657462692729645,0.9993938473509182,1.0,1.0,1.0,-167.80133056640625,0.49507877230644226,-0.4902603030204773,0.06569067388772964,-2.7227983474731445,-6.0,166.69442749023438,253.45089721679688,6.735223770141602,0.0,0.0,0.0,0.0,0.0,0.0,0.0,0.0,0.0,,0.0,-6.0,1433.0,1433.0,0.0,0.013378087135862844,0.013378087135862844,0.0,2.0033281017559205e-05,2.0033281017559205e-05,0.0,0.0005284620909716309,0.0005284620909716309,0.0,0.0003,0.0003,0.0,-6.0,-6.0,0.0,0.0,0.3444444444444445,30.522222222222222,77.25555555555556,5981.691,210,Walker2d-v5,8256,Agente_2
1213.0539124011993,212,868352,306.41034891613805,410.5076185566791,191.0932523839161,163.82,1433,0.013378087135862844,-6.0,0.99,2.0033281017559205e-05,0.0005284620909716309,0.0003,-166.8321075439453,0.6040132641792297,-1.181815266609192,0.0655103400349617,-2.7255473136901855,-6.0,2.636798858642578,11.860605239868164,2.657462692729645,2.6553963093209383,0.9995453855131886,1.0,1.0,1.0,-166.8321075439453,0.6040132641792297,-1.181815266609192,0.0655103400349617,-2.7255473136901855,-6.0,165.83203125,257.74603271484375,-8.617911338806152,0.0,0.0,0.0,0.0,0.0,0.0,0.0,0.0,0.0,,0.0,-6.0,1433.0,1433.0,0.0,0.013378087135862844,0.013378087135862844,0.0,2.0033281017559205e-05,2.0033281017559205e-05,0.0,0.0005284620909716309,0.0005284620909716309,0.0,0.0003,0.0003,0.0,-6.0,-6.0,0.0,0.0,0.3075,26.3125,78.875,5967.063,211,Walker2d-v5,8256,Agente_2
1218.8748905658722,213,872448,313.9653556148379,410.5076185566791,182.89230492305254,167.56,1433,0.013378087135862844,-6.0,0.99,2.0033281017559205e-05,0.0005284620909716309,0.0003,-166.9503173828125,0.6135101318359375,-0.401321142911911,0.06524109095335007,-2.729665756225586,-6.0,2.2262229919433594,11.291060447692871,2.6553963093209383,2.6124789775831805,0.9996590391348914,1.0,1.0,1.0,-166.9503173828125,0.6135101318359375,-0.401321142911911,0.06524109095335007,-2.729665756225586,-6.0,165.53167724609375,255.85861206054688,-9.874796867370605,0.0,0.0,0.0,0.0,0.0,0.0,0.0,0.0,0.0,,0.0,-6.0,1433.0,1433.0,0.0,0.013378087135862844,0.013378087135862844,0.0,2.0033281017559205e-05,2.0033281017559205e-05,0.0,0.0005284620909716309,0.0005284620909716309,0.0,0.0003,0.0003,0.0,-6.0,-6.0,0.0,0.0,0.35,26.25,85.88749999999999,5900.236,212,Walker2d-v5,8256,Agente_2
1225.4205522537231,214,876544,314.8568772261483,499.4432951425488,182.89230492305254,168.41,1433,0.013378087135862844,-6.0,0.99,2.0033281017559205e-05,0.0005284620909716309,0.0003,-165.04257202148438,0.5216703414916992,-0.7440871000289917,0.06469421088695526,-2.738083600997925,-6.0,2.405590057373047,10.12348747253418,2.6124789775831805,2.591790085562167,0.9997442793511686,1.0,1.0,1.0,-165.04257202148438,0.5216703414916992,-0.7440871000289917,0.06469421088695526,-2.738083600997925,-6.0,164.03985595703125,257.4751892089844,-25.561080932617188,0.0,0.0,0.0,0.0,0.0,0.0,0.0,0.0,0.0,,0.0,-6.0,1433.0,1433.0,0.0,0.013378087135862844,0.013378087135862844,0.0,2.0033281017559205e-05,2.0033281017559205e-05,0.0,0.0005284620909716309,0.0005284620909716309,0.0,0.0003,0.0003,0.0,-6.0,-6.0,0.0,0.0,0.37124999999999997,27.612499999999997,87.2875,5970.131,213,Walker2d-v5,8256,Agente_2
1231.5010435581207,215,880640,316.82384811796675,499.4432951425488,182.89230492305254,168.68,1433,0.013378087135862844,-6.0,0.99,2.0033281017559205e-05,0.0005284620909716309,0.0003,-165.17662048339844,0.6121264696121216,-1.822387933731079,0.06400727480649948,-2.748758554458618,-6.0,2.631103515625,14.291504859924316,2.591790085562167,2.5957214285684502,0.9960447141307834,0.9849460184696279,1.0,0.9849460184696279,-165.17662048339844,0.6121264696121216,-1.822387933731079,0.06400727480649948,-2.748758554458618,-6.0,164.49456787109375,260.77435302734375,-16.68057632446289,0.0,0.0,0.0,0.0,0.0,0.0,0.0,0.0,0.0,,0.0,-6.0,1433.0,1433.0,0.0,0.013378087135862844,0.013378087135862844,0.0,2.0033281017559205e-05,2.0033281017559205e-05,0.0,0.0005284620909716309,0.0005284620909716309,0.0,0.0003,0.0003,0.0,-6.0,-6.0,0.0,0.0,0.39888888888888885,28.22222222222222,86.81111111111112,5978.079,214,Walker2d-v5,8256,Agente_2
1237.4008054733276,216,884736,314.6707043235861,499.4432951425488,182.89230492305254,167.66,1433,0.013378087135862844,-6.0,0.99,2.0033281017559205e-05,0.0005284620909716309,0.0003,-165.18734741210938,0.5481114387512207,-1.1006944179534912,0.06254759430885315,-2.771827459335327,-6.0,2.4312400817871094,10.85896110534668,2.5957214285684502,2.5792732938903162,0.9970335355980876,1.0,1.0,1.0,-165.18734741210938,0.5481114387512207,-1.1006944179534912,0.06254759430885315,-2.771827459335327,-6.0,164.1056671142578,261.0994567871094,-15.048110961914062,0.0,0.0,0.0,0.0,0.0,0.0,0.0,0.0,0.0,,0.0,-6.0,1433.0,1433.0,0.0,0.013378087135862844,0.013378087135862844,0.0,2.0033281017559205e-05,2.0033281017559205e-05,0.0,0.0005284620909716309,0.0005284620909716309,0.0,0.0003,0.0003,0.0,-6.0,-6.0,0.0,0.0,0.39,27.1875,86.75,5994.225,215,Walker2d-v5,8256,Agente_2
1243.0513253211975,217,888832,305.9911808654664,499.4432951425488,152.30952908215363,161.94,1433,0.013378087135862844,-6.0,0.99,2.0033281017559205e-05,0.0005284620909716309,0.0003,-164.79933166503906,0.5913641452789307,0.4888221025466919,0.06161855161190033,-2.786792278289795,-6.0,2.6099700927734375,13.415901184082031,2.5792732938903162,2.582342973778628,0.9948174537880702,0.9881692083580181,1.0,0.9881692083580181,-164.79933166503906,0.5913641452789307,0.4888221025466919,0.06161855161190033,-2.786792278289795,-6.0,163.6052703857422,258.1574401855469,-12.234878540039062,0.0,0.0,0.0,0.0,0.0,0.0,0.0,0.0,0.0,,0.0,-6.0,1433.0,1433.0,0.0,0.013378087135862844,0.013378087135862844,0.0,2.0033281017559205e-05,2.0033281017559205e-05,0.0,0.0005284620909716309,0.0005284620909716309,0.0,0.0003,0.0003,0.0,-6.0,-6.0,0.0,0.0,0.37,26.4625,86.5625,5951.346,216,Walker2d-v5,8256,Agente_2
1248.7831737995148,218,892928,297.7476290265436,456.78079300191627,152.30952908215363,154.16,1433,0.013378087135862844,-6.0,0.99,2.0033281017559205e-05,0.0005284620909716309,0.0003,-164.165771484375,0.58785080909729,-2.1528875827789307,0.06098426133394241,-2.7971394062042236,-6.0,2.6472091674804688,15.29410171508789,2.582342973778628,2.5888295931488123,0.9899115253099746,0.975193739875688,1.0,0.975193739875688,-164.165771484375,0.58785080909729,-2.1528875827789307,0.06098426133394241,-2.7971394062042236,-6.0,163.000732421875,262.14031982421875,-51.282867431640625,0.0,0.0,0.0,0.0,0.0,0.0,0.0,0.0,0.0,,0.0,-6.0,1433.0,1433.0,0.0,0.013378087135862844,0.013378087135862844,0.0,2.0033281017559205e-05,2.0033281017559205e-05,0.0,0.0005284620909716309,0.0005284620909716309,0.0,0.0003,0.0003,0.0,-6.0,-6.0,0.0,0.0,0.38749999999999996,27.9375,86.6125,5897.226,217,Walker2d-v5,8256,Agente_2
1254.913301706314,219,897024,285.4963202413654,456.78079300191627,138.8453109738082,146.32,1433,0.013378087135862844,-6.0,0.99,2.0033281017559205e-05,0.0005284620909716309,0.0003,-160.7275848388672,0.655014157295227,-1.7752478122711182,0.05950870364904404,-2.8216326236724854,-6.0,2.9595260620117188,16.61873722076416,2.5888295931488123,2.625899240035103,0.9590808312808824,0.8665887491936056,1.0,0.8665887491936056,-160.7275848388672,0.655014157295227,-1.7752478122711182,0.05950870364904404,-2.8216326236724854,-6.0,160.1658935546875,262.78924560546875,-6.754920959472656,0.0,0.0,0.0,0.0,0.0,0.0,0.0,0.0,0.0,,0.0,-6.0,1433.0,1433.0,0.0,0.013378087135862844,0.013378087135862844,0.0,2.0033281017559205e-05,2.0033281017559205e-05,0.0,0.0005284620909716309,0.0005284620909716309,0.0,0.0003,0.0003,0.0,-6.0,-6.0,0.0,0.0,0.355,25.787499999999998,86.6875,5925.745,218,Walker2d-v5,8256,Agente_2
1260.626873254776,220,901120,272.09384784623614,391.4241789792304,111.43024631364145,135.38,1433,0.013378087135862844,-6.0,0.99,2.0033281017559205e-05,0.0005284620909716309,0.0003,-166.12750244140625,0.6244075894355774,0.517147421836853,0.05868721753358841,-2.835533380508423,-6.0,2.806896209716797,14.961210250854492,2.625899240035103,2.643998937003272,0.9526591849466601,0.9333942459439937,1.0,0.9333942459439937,-166.12750244140625,0.6244075894355774,0.517147421836853,0.05868721753358841,-2.835533380508423,-6.0,165.64010620117188,268.9566650390625,-32.52263641357422,0.0,0.0,0.0,0.0,0.0,0.0,0.0,0.0,0.0,,0.0,-6.0,1433.0,1433.0,0.0,0.013378087135862844,0.013378087135862844,0.0,2.0033281017559205e-05,2.0033281017559205e-05,0.0,0.0005284620909716309,0.0005284620909716309,0.0,0.0003,0.0003,0.0,-6.0,-6.0,0.0,0.0,0.3675,28.65,86.7,5913.887,219,Walker2d-v5,8256,Agente_2
1267.0681586265564,221,905216,270.0429279824532,363.23034414847683,111.43024631364145,130.94,1433,0.013378087135862844,-6.0,0.99,2.0033281017559205e-05,0.0005284620909716309,0.0003,-158.85206604003906,0.7127053737640381,-1.8570740222930908,0.05764835327863693,-2.8533935546875,-6.0,2.766205072402954,15.141229629516602,2.643998937003272,2.6562195505432404,0.9532023131213239,0.9548316976453155,1.0,0.9548316976453155,-158.85206604003906,0.7127053737640381,-1.8570740222930908,0.05764835327863693,-2.8533935546875,-6.0,158.12759399414062,268.21282958984375,-51.7006950378418,0.0,0.0,0.0,0.0,0.0,0.0,0.0,0.0,0.0,,0.0,-6.0,1433.0,1433.0,0.0,0.013378087135862844,0.013378087135862844,0.0,2.0033281017559205e-05,2.0033281017559205e-05,0.0,0.0005284620909716309,0.0005284620909716309,0.0,0.0003,0.0003,0.0,-6.0,-6.0,0.0,0.0,0.36125000000000007,27.6875,86.55,5949.302,220,Walker2d-v5,8256,Agente_2
1273.0649590492249,222,909312,275.50566802666907,334.37431163867296,111.43024631364145,129.53,1433,0.013378087135862844,-6.0,0.99,2.0033281017559205e-05,0.0005284620909716309,0.0003,-166.12667846679688,0.5597476959228516,-1.7227979898452759,0.05600238963961601,-2.8823609352111816,-6.0,2.732715606689453,12.666390419006348,2.6562195505432404,2.663869156157862,0.9578047080381938,0.9716118927888037,1.0,0.9716118927888037,-166.12667846679688,0.5597476959228516,-1.7227979898452759,0.05600238963961601,-2.8823609352111816,-6.0,165.8972625732422,265.35675048828125,-14.05210018157959,0.0,0.0,0.0,0.0,0.0,0.0,0.0,0.0,0.0,,0.0,-6.0,1433.0,1433.0,0.0,0.013378087135862844,0.013378087135862844,0.0,2.0033281017559205e-05,2.0033281017559205e-05,0.0,0.0005284620909716309,0.0005284620909716309,0.0,0.0003,0.0003,0.0,-6.0,-6.0,0.0,0.0,0.37375,27.9625,86.525,5989.059,221,Walker2d-v5,8256,Agente_2
1278.8602468967438,223,913408,281.77444369162686,334.37431163867296,171.10979649531484,129.68,1433,0.013378087135862844,-6.0,0.99,2.0033281017559205e-05,0.0005284620909716309,0.0003,-168.04086303710938,0.6308298110961914,-2.6294708251953125,0.05452391132712364,-2.90911602973938,-6.0,2.4930458068847656,15.757611274719238,2.663869156157862,2.646786821230552,0.9683535310286454,1.0,1.0,1.0,-168.04086303710938,0.6308298110961914,-2.6294708251953125,0.05452391132712364,-2.90911602973938,-6.0,167.50625610351562,263.20233154296875,-33.05295944213867,0.0,0.0,0.0,0.0,0.0,0.0,0.0,0.0,0.0,,0.0,-6.0,1433.0,1433.0,0.0,0.013378087135862844,0.013378087135862844,0.0,2.0033281017559205e-05,2.0033281017559205e-05,0.0,0.0005284620909716309,0.0005284620909716309,0.0,0.0003,0.0003,0.0,-6.0,-6.0,0.0,0.0,0.33625,27.075,86.69999999999999,5986.448,222,Walker2d-v5,8256,Agente_2
1284.4524550437927,224,917504,287.5973551306273,419.9273354689054,184.4857316436744,132.08,1433,0.013378087135862844,-6.0,0.99,2.0033281017559205e-05,0.0005284620909716309,0.0003,-159.956787109375,0.6617439985275269,-3.057020425796509,0.05315466970205307,-2.934549331665039,-6.0,2.7812557220458984,18.779181480407715,2.646786821230552,2.6602337113120864,0.9638812465295825,0.9504643930323939,1.0,0.9504643930323939,-159.956787109375,0.6617439985275269,-3.057020425796509,0.05315466970205307,-2.934549331665039,-6.0,159.27439880371094,263.6495056152344,-60.8702507019043,0.0,0.0,0.0,0.0,0.0,0.0,0.0,0.0,0.0,,0.0,-6.0,1433.0,1433.0,0.0,0.013378087135862844,0.013378087135862844,0.0,2.0033281017559205e-05,2.0033281017559205e-05,0.0,0.0005284620909716309,0.0005284620909716309,0.0,0.0003,0.0003,0.0,-6.0,-6.0,0.0,0.0,0.27749999999999997,25.862499999999997,87.5875,5891.014,223,Walker2d-v5,8256,Agente_2
1290.3088490962982,225,921600,286.4990638895114,419.9273354689054,177.7047206544106,132.53,1433,0.013378087135862844,-6.0,0.99,2.0033281017559205e-05,0.0005284620909716309,0.0003,-157.6458740234375,0.7202298641204834,-1.8018395900726318,0.05195711553096771,-2.957336664199829,-6.0,2.8576526641845703,16.212042331695557,2.6602337113120864,2.679975606599335,0.9550298465855269,0.9284756467533597,1.0,0.9284756467533597,-157.6458740234375,0.7202298641204834,-1.8018395900726318,0.05195711553096771,-2.957336664199829,-6.0,156.84194946289062,264.5337829589844,-23.313152313232422,0.0,0.0,0.0,0.0,0.0,0.0,0.0,0.0,0.0,,0.0,-6.0,1433.0,1433.0,0.0,0.013378087135862844,0.013378087135862844,0.0,2.0033281017559205e-05,2.0033281017559205e-05,0.0,0.0005284620909716309,0.0005284620909716309,0.0,0.0003,0.0003,0.0,-6.0,-6.0,0.0,0.0,0.31,26.525,87.4625,5868.392,224,Walker2d-v5,8256,Agente_2
1296.1506204605103,226,925696,281.994247697336,419.9273354689054,166.85373917017864,132.44,1433,0.013378087135862844,-6.0,0.99,2.0033281017559205e-05,0.0005284620909716309,0.0003,-161.86691284179688,0.8552660942077637,-0.6395354270935059,0.05111519992351532,-2.9736733436584473,-6.0,3.234760284423828,16.830427169799805,2.679975606599335,2.735454074381784,0.9195250437869738,0.8130106353913142,1.0,0.8130106353913142,-161.86691284179688,0.8552660942077637,-0.6395354270935059,0.05111519992351532,-2.9736733436584473,-6.0,161.2379150390625,267.2225646972656,-48.22116470336914,0.0,0.0,0.0,0.0,0.0,0.0,0.0,0.0,0.0,,0.0,-6.0,1433.0,1433.0,0.0,0.013378087135862844,0.013378087135862844,0.0,2.0033281017559205e-05,2.0033281017559205e-05,0.0,0.0005284620909716309,0.0005284620909716309,0.0,0.0003,0.0003,0.0,-6.0,-6.0,0.0,0.0,0.2475,25.8,87.4375,5862.614,225,Walker2d-v5,8256,Agente_2
1301.8984065055847,227,929792,274.9995894672535,405.6246546353453,166.85373917017864,130.5,1433,0.013378087135862844,-6.0,0.99,2.0033281017559205e-05,0.0005284620909716309,0.0003,-160.03692626953125,0.7325311303138733,2.177669048309326,0.05091952905058861,-2.977508783340454,-6.0,2.9529590606689453,20.905784606933594,2.735454074381784,2.7572045730105,0.9205352173745889,0.9235657381374341,1.0,0.9235657381374341,-160.03692626953125,0.7325311303138733,2.177669048309326,0.05091952905058861,-2.977508783340454,-6.0,159.10699462890625,263.8025207519531,-37.55738067626953,0.0,0.0,0.0,0.0,0.0,0.0,0.0,0.0,0.0,,0.0,-6.0,1433.0,1433.0,0.0,0.013378087135862844,0.013378087135862844,0.0,2.0033281017559205e-05,2.0033281017559205e-05,0.0,0.0005284620909716309,0.0005284620909716309,0.0,0.0003,0.0003,0.0,-6.0,-6.0,0.0,0.0,0.325,27.825,86.0875,5872.331,226,Walker2d-v5,8256,Agente_2
1308.2429101467133,228,933888,270.1353343404755,360.26406437048365,137.65050971524334,129.46,1433,0.013378087135862844,-6.0,0.99,2.0033281017559205e-05,0.0005284620909716309,0.0003,-158.66249084472656,0.6371716260910034,2.1217572689056396,0.05108138173818588,-2.974335193634033,-6.0,2.6914291381835938,13.85576057434082,2.7572045730105,2.7506270295278092,0.9404014130309417,1.0,1.0,1.0,-158.66249084472656,0.6371716260910034,2.1217572689056396,0.05108138173818588,-2.974335193634033,-6.0,158.25161743164062,260.4814147949219,-37.014747619628906,0.0,0.0,0.0,0.0,0.0,0.0,0.0,0.0,0.0,,0.0,-6.0,1433.0,1433.0,0.0,0.013378087135862844,0.013378087135862844,0.0,2.0033281017559205e-05,2.0033281017559205e-05,0.0,0.0005284620909716309,0.0005284620909716309,0.0,0.0003,0.0003,0.0,-6.0,-6.0,0.0,0.0,0.35250000000000004,27.8375,86.1875,5933.27,227,Walker2d-v5,8256,Agente_2
1314.197714805603,229,937984,285.2347162611966,381.1182546763774,137.65050971524334,138.05,1433,0.013378087135862844,-6.0,0.99,2.0033281017559205e-05,0.0005284620909716309,0.0003,-156.8677978515625,0.6344684362411499,2.655888557434082,0.05214933678507805,-2.953643798828125,-6.0,2.816131591796875,14.42265796661377,2.7506270295278092,2.7571774857547156,0.9494177893254144,0.9764669182088322,1.0,0.9764669182088322,-156.8677978515625,0.6344684362411499,2.655888557434082,0.05214933678507805,-2.953643798828125,-6.0,156.30258178710938,261.04107666015625,-55.32306671142578,0.0,0.0,0.0,0.0,0.0,0.0,0.0,0.0,0.0,,0.0,-6.0,1433.0,1433.0,0.0,0.013378087135862844,0.013378087135862844,0.0,2.0033281017559205e-05,2.0033281017559205e-05,0.0,0.0005284620909716309,0.0005284620909716309,0.0,0.0003,0.0003,0.0,-6.0,-6.0,0.0,0.0,0.37444444444444447,26.477777777777778,86.13333333333334,5915.485,228,Walker2d-v5,8256,Agente_2
1320.0025174617767,230,942080,298.67479746004864,381.1182546763774,137.65050971524334,146.0,1433,0.013378087135862844,-6.0,0.99,2.0033281017559205e-05,0.0005284620909716309,0.0003,-164.062744140625,0.6271701455116272,1.1176131963729858,0.053470540791749954,-2.928624391555786,-6.0,2.7598838806152344,16.101696968078613,2.7571774857547156,2.757448125240767,0.9618180678835608,0.9990189035579999,1.0,0.9990189035579999,-164.062744140625,0.6271701455116272,1.1176131963729858,0.053470540791749954,-2.928624391555786,-6.0,162.7476348876953,260.04449462890625,-37.66438293457031,0.0,0.0,0.0,0.0,0.0,0.0,0.0,0.0,0.0,,0.0,-6.0,1433.0,1433.0,0.0,0.013378087135862844,0.013378087135862844,0.0,2.0033281017559205e-05,2.0033281017559205e-05,0.0,0.0005284620909716309,0.0005284620909716309,0.0,0.0003,0.0003,0.0,-6.0,-6.0,0.0,0.0,0.3942857142857143,31.657142857142862,78.87142857142855,5924.464,229,Walker2d-v5,8256,Agente_2
1325.714846611023,231,946176,308.03148374554456,381.1182546763774,137.65050971524334,153.82,1433,0.013378087135862844,-6.0,0.99,2.0033281017559205e-05,0.0005284620909716309,0.0003,-162.6541748046875,0.8537348508834839,0.9742870330810547,0.05509238317608833,-2.8987438678741455,-6.0,3.443767547607422,21.546449661254883,2.757448125240767,2.8260800674774327,0.9162787012015544,0.7796606011555354,1.0,0.7796606011555354,-162.6541748046875,0.8537348508834839,0.9742870330810547,0.05509238317608833,-2.8987438678741455,-6.0,161.49142456054688,269.2361145019531,-48.59893798828125,0.0,0.0,0.0,0.0,0.0,0.0,0.0,0.0,0.0,,0.0,-6.0,1433.0,1433.0,0.0,0.013378087135862844,0.013378087135862844,0.0,2.0033281017559205e-05,2.0033281017559205e-05,0.0,0.0005284620909716309,0.0005284620909716309,0.0,0.0003,0.0003,0.0,-6.0,-6.0,0.0,0.0,0.30625,29.349999999999998,75.0375,5851.543,230,Walker2d-v5,8256,Agente_2
1331.370634317398,232,950272,309.4785439458725,381.1182546763774,129.00329586277948,158.59,1433,0.013378087135862844,-6.0,0.99,2.0033281017559205e-05,0.0005284620909716309,0.0003,-159.49412536621094,0.7821249961853027,2.23962664604187,0.05689934268593788,-2.866471529006958,-6.0,2.5692481994628906,19.040681838989258,2.8260800674774327,2.8003968806759785,0.9372090259011658,1.0,1.0,1.0,-159.49412536621094,0.7821249961853027,2.23962664604187,0.05689934268593788,-2.866471529006958,-6.0,158.2064666748047,261.4883728027344,-38.04020690917969,0.0,0.0,0.0,0.0,0.0,0.0,0.0,0.0,0.0,,0.0,-6.0,1433.0,1433.0,0.0,0.013378087135862844,0.013378087135862844,0.0,2.0033281017559205e-05,2.0033281017559205e-05,0.0,0.0005284620909716309,0.0005284620909716309,0.0,0.0003,0.0003,0.0,-6.0,-6.0,0.0,0.0,0.325,25.924999999999997,81.4625,5817.737,231,Walker2d-v5,8256,Agente_2
1336.9370656013489,233,954368,296.4366086244809,376.095836230322,129.00329586277948,155.87,1433,0.013378087135862844,-6.0,0.99,2.0033281017559205e-05,0.0005284620909716309,0.0003,-162.7418212890625,0.9691669940948486,3.150988817214966,0.058732423931360245,-2.834763288497925,-6.0,2.6817169189453125,21.82952308654785,2.8003968806759785,2.7885288845029117,0.9529067694258744,1.0,1.0,1.0,-162.7418212890625,0.9691669940948486,3.150988817214966,0.058732423931360245,-2.834763288497925,-6.0,161.90342712402344,269.5263671875,-41.965389251708984,0.0,0.0,0.0,0.0,0.0,0.0,0.0,0.0,0.0,,0.0,-6.0,1433.0,1433.0,0.0,0.013378087135862844,0.013378087135862844,0.0,2.0033281017559205e-05,2.0033281017559205e-05,0.0,0.0005284620909716309,0.0005284620909716309,0.0,0.0003,0.0003,0.0,-6.0,-6.0,0.0,0.0,0.31875,26.975,86.275,5794.567,232,Walker2d-v5,8256,Agente_2
1342.7109987735748,234,958464,288.52302215470877,363.90828557230293,129.00329586277948,156.63,1433,0.013378087135862844,-6.0,0.99,2.0033281017559205e-05,0.0005284620909716309,0.0003,-160.09475708007812,0.7583098411560059,2.237955093383789,0.06099483370780945,-2.796966075897217,-6.0,2.473773956298828,16.2911434173584,2.7885288845029117,2.7570533916825033,0.9646800770694057,1.0,1.0,1.0,-160.09475708007812,0.7583098411560059,2.237955093383789,0.06099483370780945,-2.796966075897217,-6.0,159.0648651123047,262.31182861328125,-17.079418182373047,0.0,0.0,0.0,0.0,0.0,0.0,0.0,0.0,0.0,,0.0,-6.0,1433.0,1433.0,0.0,0.013378087135862844,0.013378087135862844,0.0,2.0033281017559205e-05,2.0033281017559205e-05,0.0,0.0005284620909716309,0.0005284620909716309,0.0,0.0003,0.0003,0.0,-6.0,-6.0,0.0,0.0,0.3775,28.512500000000003,86.42500000000001,5812.723,233,Walker2d-v5,8256,Agente_2
1349.0772202014923,235,962560,286.46913708226623,363.90828557230293,129.00329586277948,157.74,1433,0.013378087135862844,-6.0,0.99,2.0033281017559205e-05,0.0005284620909716309,0.0003,-162.15536499023438,0.6904852390289307,3.142221450805664,0.06270261108875275,-2.7693521976470947,-6.0,2.4942398071289062,14.771772384643555,2.7570533916825033,2.7307720332271437,0.9735100578020544,1.0,1.0,1.0,-162.15536499023438,0.6904852390289307,3.142221450805664,0.06270261108875275,-2.7693521976470947,-6.0,161.07577514648438,267.08587646484375,-28.486345291137695,0.0,0.0,0.0,0.0,0.0,0.0,0.0,0.0,0.0,,0.0,-6.0,1433.0,1433.0,0.0,0.013378087135862844,0.013378087135862844,0.0,2.0033281017559205e-05,2.0033281017559205e-05,0.0,0.0005284620909716309,0.0005284620909716309,0.0,0.0003,0.0003,0.0,-6.0,-6.0,0.0,0.0,0.3725,28.0625,86.225,5863.932,234,Walker2d-v5,8256,Agente_2
1354.9278275966644,236,966656,289.15704084491693,897.7215640854179,111.38971609119895,167.47,1433,0.013378087135862844,-6.0,0.99,2.0033281017559205e-05,0.0005284620909716309,0.0003,-170.29074096679688,0.9216848611831665,3.0830979347229004,0.06463871896266937,-2.7389416694641113,-6.0,2.6208763122558594,21.699033737182617,2.7307720332271437,2.719782461130015,0.9801325433515408,1.0,1.0,1.0,-170.29074096679688,0.9216848611831665,3.0830979347229004,0.06463871896266937,-2.7389416694641113,-6.0,169.40219116210938,283.5529479980469,-18.945825576782227,0.0,0.0,0.0,0.0,0.0,0.0,0.0,0.0,0.0,,0.0,-6.0,1433.0,1433.0,0.0,0.013378087135862844,0.013378087135862844,0.0,2.0033281017559205e-05,2.0033281017559205e-05,0.0,0.0005284620909716309,0.0005284620909716309,0.0,0.0003,0.0003,0.0,-6.0,-6.0,0.0,0.0,0.44375,28.2875,86.15,5864.575,235,Walker2d-v5,8256,Agente_2
1360.885259628296,237,970752,293.7464917575554,897.7215640854179,111.38971609119895,171.7,1433,0.013378087135862844,-6.0,0.99,2.0033281017559205e-05,0.0005284620909716309,0.0003,-164.67080688476562,1.1151401996612549,2.2464098930358887,0.06699728965759277,-2.7031030654907227,-6.0,3.0652008056640625,20.926362991333008,2.719782461130015,2.75432429558342,0.9552823431074484,0.8807317423751716,1.0,0.8807317423751716,-164.67080688476562,1.1151401996612549,2.2464098930358887,0.06699728965759277,-2.7031030654907227,-6.0,163.74234008789062,273.5530700683594,-40.40251541137695,0.0,0.0,0.0,0.0,0.0,0.0,0.0,0.0,0.0,,0.0,-6.0,1433.0,1433.0,0.0,0.013378087135862844,0.013378087135862844,0.0,2.0033281017559205e-05,2.0033281017559205e-05,0.0,0.0005284620909716309,0.0005284620909716309,0.0,0.0003,0.0003,0.0,-6.0,-6.0,0.0,0.0,0.42125,27.887500000000003,86.025,5885.324,236,Walker2d-v5,8256,Agente_2
1366.6688799858093,238,974848,295.7353948995332,897.7215640854179,111.38971609119895,173.79,1433,0.013378087135862844,-6.0,0.99,2.0033281017559205e-05,0.0005284620909716309,0.0003,-166.21478271484375,1.1452157497406006,2.2350900173187256,0.06857740134000778,-2.6797921657562256,-6.0,2.7180938720703125,13.974584102630615,2.75432429558342,2.750701253232109,0.9664617573305863,1.0,1.0,1.0,-166.21478271484375,1.1452157497406006,2.2350900173187256,0.06857740134000778,-2.6797921657562256,-6.0,166.00973510742188,297.5688781738281,-13.650286674499512,0.0,0.0,0.0,0.0,0.0,0.0,0.0,0.0,0.0,,0.0,-6.0,1433.0,1433.0,0.0,0.013378087135862844,0.013378087135862844,0.0,2.0033281017559205e-05,2.0033281017559205e-05,0.0,0.0005284620909716309,0.0005284620909716309,0.0,0.0003,0.0003,0.0,-6.0,-6.0,0.0,0.0,0.40875000000000006,28.1625,86.0,5829.373,237,Walker2d-v5,8256,Agente_2
1372.5373408794403,239,978944,297.17241687901236,897.7215640854179,87.06865493882353,176.37,1433,0.013378087135862844,-6.0,0.99,2.0033281017559205e-05,0.0005284620909716309,0.0003,-158.0791015625,0.7032310962677002,2.0008132457733154,0.07010166347026825,-2.657808780670166,-6.0,2.4846725463867188,17.39190673828125,2.750701253232109,2.7240983825475698,0.9748463179979396,1.0,1.0,1.0,-158.0791015625,0.7032310962677002,2.0008132457733154,0.07010166347026825,-2.657808780670166,-6.0,157.557861328125,271.7372741699219,-17.198923110961914,0.0,0.0,0.0,0.0,0.0,0.0,0.0,0.0,0.0,,0.0,-6.0,1433.0,1433.0,0.0,0.013378087135862844,0.013378087135862844,0.0,2.0033281017559205e-05,2.0033281017559205e-05,0.0,0.0005284620909716309,0.0005284620909716309,0.0,0.0003,0.0003,0.0,-6.0,-6.0,0.0,0.0,0.3,28.9,86.0125,5821.073,238,Walker2d-v5,8256,Agente_2
1378.2148435115814,240,983040,307.3222941771684,902.8173172356198,87.06865493882353,186.96,1433,0.013378087135862844,-6.0,0.99,2.0033281017559205e-05,0.0005284620909716309,0.0003,-157.02622985839844,0.7404277920722961,2.3919248580932617,0.0708630234003067,-2.6470065116882324,-6.0,2.426703453063965,16.8821964263916,2.7240983825475698,2.694358889599209,0.9811347384984548,1.0,1.0,1.0,-157.02622985839844,0.7404277920722961,2.3919248580932617,0.0708630234003067,-2.6470065116882324,-6.0,156.77606201171875,293.4999694824219,-17.780508041381836,0.0,0.0,0.0,0.0,0.0,0.0,0.0,0.0,0.0,,0.0,-6.0,1433.0,1433.0,0.0,0.013378087135862844,0.013378087135862844,0.0,2.0033281017559205e-05,2.0033281017559205e-05,0.0,0.0005284620909716309,0.0005284620909716309,0.0,0.0003,0.0003,0.0,-6.0,-6.0,0.0,0.0,0.4225,28.200000000000003,85.71249999999999,5808.444,239,Walker2d-v5,8256,Agente_2
1384.0048615932465,241,987136,311.4962151495154,902.8173172356198,87.06865493882353,190.75,1433,0.013378087135862844,-6.0,0.99,2.0033281017559205e-05,0.0005284620909716309,0.0003,-158.60421752929688,0.6234797239303589,-0.16257810592651367,0.07084940373897552,-2.6471986770629883,-6.0,2.484302520751953,15.652881622314453,2.694358889599209,2.6733532527144837,0.9858510538738411,1.0,1.0,1.0,-158.60421752929688,0.6234797239303589,-0.16257810592651367,0.07084940373897552,-2.6471986770629883,-6.0,158.19366455078125,271.8521423339844,-25.515806198120117,0.0,0.0,0.0,0.0,0.0,0.0,0.0,0.0,0.0,,0.0,-6.0,1433.0,1433.0,0.0,0.013378087135862844,0.013378087135862844,0.0,2.0033281017559205e-05,2.0033281017559205e-05,0.0,0.0005284620909716309,0.0005284620909716309,0.0,0.0003,0.0003,0.0,-6.0,-6.0,0.0,0.0,0.3325,27.9625,85.75,5816.075,240,Walker2d-v5,8256,Agente_2
1390.3700830936432,242,991232,313.09560769994556,902.8173172356198,87.06865493882353,191.72,1433,0.013378087135862844,-6.0,0.99,2.0033281017559205e-05,0.0005284620909716309,0.0003,-154.78411865234375,0.7226930856704712,-5.962140083312988,0.06953911483287811,-2.665865898132324,-6.0,3.096851348876953,15.257616996765137,2.6733532527144837,2.7157030623307308,0.9527622608213762,0.8534958816639815,1.0,0.8534958816639815,-154.78411865234375,0.7226930856704712,-5.962140083312988,0.06953911483287811,-2.665865898132324,-6.0,154.5152587890625,256.5378112792969,-26.91826820373535,0.0,0.0,0.0,0.0,0.0,0.0,0.0,0.0,0.0,,0.0,-6.0,1433.0,1433.0,0.0,0.013378087135862844,0.013378087135862844,0.0,2.0033281017559205e-05,2.0033281017559205e-05,0.0,0.0005284620909716309,0.0005284620909716309,0.0,0.0003,0.0003,0.0,-6.0,-6.0,0.0,0.0,0.3825,28.0,85.7875,5886.676,241,Walker2d-v5,8256,Agente_2
1396.0247418880463,243,995328,320.8590104078963,937.1081511357195,87.06865493882353,200.71,1433,0.013378087135862844,-6.0,0.99,2.0033281017559205e-05,0.0005284620909716309,0.0003,-156.03045654296875,0.6529523134231567,-3.8522796630859375,0.06566434353590012,-2.7231991291046143,-6.0,2.7090721130371094,16.009827613830566,2.7157030623307308,2.7150399674013683,0.9645716956160322,1.0,1.0,1.0,-156.03045654296875,0.6529523134231567,-3.8522796630859375,0.06566434353590012,-2.7231991291046143,-6.0,155.40042114257812,261.0535888671875,1.4305295944213867,0.0,0.0,0.0,0.0,0.0,0.0,0.0,0.0,0.0,,0.0,-6.0,1433.0,1433.0,0.0,0.013378087135862844,0.013378087135862844,0.0,2.0033281017559205e-05,2.0033281017559205e-05,0.0,0.0005284620909716309,0.0005284620909716309,0.0,0.0003,0.0003,0.0,-6.0,-6.0,0.0,0.0,0.37875000000000003,25.362499999999997,85.725,5896.069,242,Walker2d-v5,8256,Agente_2
1401.8406205177307,244,999424,365.102704104206,1042.3164403371086,87.06865493882353,250.51,1433,0.013378087135862844,-6.0,0.99,2.0033281017559205e-05,0.0005284620909716309,0.0003,-160.22491455078125,0.5672403573989868,-15.182930946350098,0.06221947446465492,-2.7770872116088867,-6.0,2.5661087036132812,14.441915512084961,2.7150399674013683,2.7001468410225598,0.9734287717120241,1.0,1.0,1.0,-160.22491455078125,0.5672403573989868,-15.182930946350098,0.06221947446465492,-2.7770872116088867,-6.0,159.16763305664062,260.57537841796875,7.815796375274658,0.0,0.0,0.0,0.0,0.0,0.0,0.0,0.0,0.0,,0.0,-6.0,1433.0,1433.0,0.0,0.013378087135862844,0.013378087135862844,0.0,2.0033281017559205e-05,2.0033281017559205e-05,0.0,0.0005284620909716309,0.0005284620909716309,0.0,0.0003,0.0003,0.0,-6.0,-6.0,0.0,0.0,0.40875,28.4,85.725,5900.382,243,Walker2d-v5,8256,Agente_2
1407.5357019901276,245,1003520,442.44032143173126,1180.9173738389532,87.06865493882353,324.4,1433,0.013378087135862844,-6.0,0.99,2.0033281017559205e-05,0.0005284620909716309,0.0003,-157.51312255859375,0.6484963893890381,-5.660342216491699,0.05903289467096329,-2.829660415649414,-6.0,2.7584152221679688,18.331010818481445,2.7001468410225598,2.7059736791371005,0.9747344466431526,0.978651471436538,1.0,0.978651471436538,-157.51312255859375,0.6484963893890381,-5.660342216491699,0.05903289467096329,-2.829660415649414,-6.0,156.0422821044922,254.77565002441406,-3.897808074951172,0.0,0.0,0.0,0.0,0.0,0.0,0.0,0.0,0.0,,0.0,-6.0,1433.0,1433.0,0.0,0.013378087135862844,0.013378087135862844,0.0,2.0033281017559205e-05,2.0033281017559205e-05,0.0,0.0005284620909716309,0.0005284620909716309,0.0,0.0003,0.0003,0.0,-6.0,-6.0,0.0,0.0,0.345,27.012500000000003,85.775,5833.207,244,Walker2d-v5,8256,Agente_2
3.923614025115967,1,4096,0.7795556335455409,45.49828289553429,-11.237536515345989,19.92063492063492,1433,0.013378087135862844,-6.0,0.99,2.0033281017559205e-05,0.0005284620909716309,0.0003,-7.871537208557129,0.21707913279533386,-0.16321322321891785,0.9836254119873047,-0.016510143876075745,-6.0,0.9111776947975159,4.390021324157715,,0.9111776947975159,1.0,1.0,1.0,1.0,-7.871537208557129,0.21707913279533386,-0.16321322321891785,0.9836254119873047,-0.016510143876075745,-6.0,3.9989805221557617,7.530414581298828,1.672916293144226,0.0,0.0,0.0,0.0,0.0,0.0,,,,,0.0,-6.0,1433.0,1433.0,0.0,0.013378087135862844,0.013378087135862844,0.0,2.0033281017559205e-05,2.0033281017559205e-05,0.0,0.0005284620909716309,0.0005284620909716309,0.0,0.0003,0.0003,0.0,-6.0,-6.0,0.0,0.0,0.3533333333333333,41.583333333333336,47.916666666666664,3910.939,0,Walker2d-v5,8256,Agente_3
9.347479343414307,2,8192,1.13531626735888,24.828390016490097,-10.532544037923927,21.347368421052632,1433,0.013378087135862844,-6.0,0.99,2.0033281017559205e-05,0.0005284620909716309,0.0003,-10.181982040405273,0.2229566127061844,-0.4065622091293335,0.9602593779563904,-0.04055185243487358,-6.0,0.7606887817382812,6.735851287841797,0.9111776947975159,0.8961288034915924,1.0,1.0,1.0,1.0,-10.181982040405273,0.2229566127061844,-0.4065622091293335,0.9602593779563904,-0.04055185243487358,-6.0,6.354496955871582,12.275530815124512,3.478612184524536,0.0,0.0,0.0,0.0,0.0,0.0,,,,,0.0,-6.0,1433.0,1433.0,0.0,0.013378087135862844,0.013378087135862844,0.0,2.0033281017559205e-05,2.0033281017559205e-05,0.0,0.0005284620909716309,0.0005284620909716309,0.0,0.0003,0.0003,0.0,-6.0,-6.0,0.0,0.0,0.33,28.9,49.199999999999996,4661.218,1,Walker2d-v5,8256,Agente_3
14.49576997756958,3,12288,3.3204605294913945,37.12981026343798,-9.914400749573472,25.246753246753247,1433,0.013378087135862844,-6.0,0.99,2.0033281017559205e-05,0.0005284620909716309,0.0003,-12.760273933410645,0.2686011791229248,-0.6468716263771057,0.9374948740005493,-0.06454399973154068,-6.0,0.8119732141494751,8.481258630752563,0.8961288034915924,0.8877132445573807,1.0,1.0,1.0,1.0,-12.760273933410645,0.2686011791229248,-0.6468716263771057,0.9374948740005493,-0.06454399973154068,-6.0,9.073389053344727,17.39691925048828,4.249118328094482,0.0,0.0,0.0,0.0,0.0,0.0,,,,,0.0,-6.0,1433.0,1433.0,0.0,0.013378087135862844,0.013378087135862844,0.0,2.0033281017559205e-05,2.0033281017559205e-05,0.0,0.0005284620909716309,0.0005284620909716309,0.0,0.0003,0.0003,0.0,-6.0,-6.0,0.0,0.0,0.42714285714285716,28.642857142857142,49.39999999999999,4819.849,2,Walker2d-v5,8256,Agente_3
19.840453147888184,4,16384,6.765753861580311,39.21805614333116,-15.206191023085328,33.278688524590166,1433,0.013378087135862844,-6.0,0.99,2.0033281017559205e-05,0.0005284620909716309,0.0003,-15.304533004760742,0.3219554126262665,-0.878751277923584,0.9153938293457031,-0.08840090036392212,-6.0,1.1436576843261719,11.0518798828125,0.8877132445573807,0.9133076885342597,0.9373806495858521,0.7495225983434086,1.0,0.7495225983434086,-15.304533004760742,0.3219554126262665,-0.878751277923584,0.9153938293457031,-0.08840090036392212,-6.0,11.564631462097168,26.931503295898438,3.8695642948150635,0.0,0.0,0.0,0.0,0.0,0.0,,,,,0.0,-6.0,1433.0,1433.0,0.0,0.013378087135862844,0.013378087135862844,0.0,2.0033281017559205e-05,2.0033281017559205e-05,0.0,0.0005284620909716309,0.0005284620909716309,0.0,0.0003,0.0003,0.0,-6.0,-6.0,0.0,0.0,0.38,28.362499999999997,49.2625,4948.399,3,Walker2d-v5,8256,Agente_3
25.231996297836304,5,20480,12.588926648352022,167.879839858519,-15.206191023085328,44.15,1433,0.013378087135862844,-6.0,0.99,2.0033281017559205e-05,0.0005284620909716309,0.0003,-18.331653594970703,0.3347821831703186,-1.0864484310150146,0.8941270112991333,-0.1119074672460556,-6.0,1.321403980255127,11.343160390853882,0.9133076885342597,0.9541173177063464,0.8629481214209934,0.639650536926417,1.0,0.639650536926417,-18.331653594970703,0.3347821831703186,-1.0864484310150146,0.8941270112991333,-0.1119074672460556,-6.0,14.784392356872559,31.967405319213867,4.2611403465271,0.0,0.0,0.0,0.0,0.0,0.0,,,,,0.0,-6.0,1433.0,1433.0,0.0,0.013378087135862844,0.013378087135862844,0.0,2.0033281017559205e-05,2.0033281017559205e-05,0.0,0.0005284620909716309,0.0005284620909716309,0.0,0.0003,0.0003,0.0,-6.0,-6.0,0.0,0.0,0.3825,27.0875,49.425,5034.382,4,Walker2d-v5,8256,Agente_3
30.600116968154907,6,24576,23.503328302329695,277.6226274057847,-56.26333126137933,66.11,1433,0.013378087135862844,-6.0,0.99,2.0033281017559205e-05,0.0005284620909716309,0.0003,-21.025535583496094,0.3958800435066223,-1.2629835605621338,0.873734176158905,-0.13497912883758545,-6.0,1.4972655773162842,13.27192211151123,0.9541173177063464,1.0084321436673402,0.7886960114127389,0.5659396813879755,1.0,0.5659396813879755,-21.025535583496094,0.3958800435066223,-1.2629835605621338,0.873734176158905,-0.13497912883758545,-6.0,17.463289260864258,37.45842742919922,4.0842461585998535,0.0,0.0,0.0,0.0,0.0,0.0,,,,,0.0,-6.0,1433.0,1433.0,0.0,0.013378087135862844,0.013378087135862844,0.0,2.0033281017559205e-05,2.0033281017559205e-05,0.0,0.0005284620909716309,0.0005284620909716309,0.0,0.0003,0.0003,0.0,-6.0,-6.0,0.0,0.0,0.42000000000000004,28.44285714285714,49.58571428571428,5088.109,5,Walker2d-v5,8256,Agente_3
36.48643469810486,7,28672,24.132650148088192,277.6226274057847,-56.26333126137933,80.48,1433,0.013378087135862844,-6.0,0.99,2.0033281017559205e-05,0.0005284620909716309,0.0003,-24.04020881652832,0.43424123525619507,-1.4257218837738037,0.8541862368583679,-0.15760603547096252,-6.0,1.518986701965332,14.681768417358398,1.0084321436673402,1.0594875994971393,0.7422045797299872,0.6027302846817321,1.0,0.6027302846817321,-24.04020881652832,0.43424123525619507,-1.4257218837738037,0.8541862368583679,-0.15760603547096252,-6.0,20.311010360717773,51.99445343017578,5.158124923706055,0.0,0.0,0.0,0.0,0.0,0.0,,,,,0.0,-6.0,1433.0,1433.0,0.0,0.013378087135862844,0.013378087135862844,0.0,2.0033281017559205e-05,2.0033281017559205e-05,0.0,0.0005284620909716309,0.0005284620909716309,0.0,0.0003,0.0003,0.0,-6.0,-6.0,0.0,0.0,0.34125000000000005,27.8125,49.849999999999994,5200.271,6,Walker2d-v5,8256,Agente_3
41.94842600822449,8,32768,27.985383598655616,278.4252567106913,-42.874685019907226,98.3,1433,0.013378087135862844,-6.0,0.99,2.0033281017559205e-05,0.0005284620909716309,0.0003,-26.83454132080078,0.41301190853118896,-1.619011640548706,0.8352521657943726,-0.18002161383628845,-6.0,1.4771370887756348,14.521089553833008,1.0594875994971393,1.1012525484249889,0.725208319860354,0.6742195402514541,1.0,0.6742195402514541,-26.83454132080078,0.41301190853118896,-1.619011640548706,0.8352521657943726,-0.18002161383628845,-6.0,23.17880630493164,48.772483825683594,4.586911201477051,0.0,0.0,0.0,0.0,0.0,0.0,,,,,0.0,-6.0,1433.0,1433.0,0.0,0.013378087135862844,0.013378087135862844,0.0,2.0033281017559205e-05,2.0033281017559205e-05,0.0,0.0005284620909716309,0.0005284620909716309,0.0,0.0003,0.0003,0.0,-6.0,-6.0,0.0,0.0,0.29000000000000004,28.525000000000002,50.05,5231.214,7,Walker2d-v5,8256,Agente_3
47.39401650428772,9,36864,24.9012082370575,278.4252567106913,-42.874685019907226,111.08,1433,0.013378087135862844,-6.0,0.99,2.0033281017559205e-05,0.0005284620909716309,0.0003,-29.54417610168457,0.46817123889923096,-1.7669727802276611,0.8168569207191467,-0.2022913247346878,-6.0,1.803971290588379,19.064085006713867,1.1012525484249889,1.1715244226413277,0.6759789116060808,0.5282906868432617,1.0,0.5282906868432617,-29.54417610168457,0.46817123889923096,-1.7669727802276611,0.8168569207191467,-0.2022913247346878,-6.0,26.09270668029785,50.37763977050781,3.373649835586548,0.0,0.0,0.0,0.0,0.0,0.0,,,,,0.0,-6.0,1433.0,1433.0,0.0,0.013378087135862844,0.013378087135862844,0.0,2.0033281017559205e-05,2.0033281017559205e-05,0.0,0.0005284620909716309,0.0005284620909716309,0.0,0.0003,0.0003,0.0,-6.0,-6.0,0.0,0.0,0.35000000000000003,28.071428571428573,50.25714285714285,5253.916,8,Walker2d-v5,8256,Agente_3
52.90233635902405,10,40960,38.09837963165203,292.704336345612,-43.112418600145304,127.66,1433,0.013378087135862844,-6.0,0.99,2.0033281017559205e-05,0.0005284620909716309,0.0003,-32.677486419677734,0.48519474267959595,-1.903294324874878,0.7989557385444641,-0.22444981336593628,-6.0,1.9628663063049316,17.808308124542236,1.1715244226413277,1.250658611007688,0.6342121450276583,0.508911845292391,1.0,0.508911845292391,-32.677486419677734,0.48519474267959595,-1.903294324874878,0.7989557385444641,-0.22444981336593628,-6.0,29.310630798339844,51.784324645996094,3.254112720489502,0.0,0.0,0.0,0.0,0.0,0.0,,,,,0.0,-6.0,1433.0,1433.0,0.0,0.013378087135862844,0.013378087135862844,0.0,2.0033281017559205e-05,2.0033281017559205e-05,0.0,0.0005284620909716309,0.0005284620909716309,0.0,0.0003,0.0003,0.0,-6.0,-6.0,0.0,0.0,0.31,28.325000000000003,50.5,5278.185,9,Walker2d-v5,8256,Agente_3
58.33917832374573,11,45056,34.88818156192282,292.704336345612,-43.112418600145304,137.53,1433,0.013378087135862844,-6.0,0.99,2.0033281017559205e-05,0.0005284620909716309,0.0003,-34.55828857421875,0.48934370279312134,-2.062775135040283,0.781433641910553,-0.24662496149539948,-6.0,1.867933750152588,17.145447254180908,1.250658611007688,1.3123861249221782,0.6282714318569944,0.6104492923450026,1.0,0.6104492923450026,-34.55828857421875,0.48934370279312134,-2.062775135040283,0.781433641910553,-0.24662496149539948,-6.0,30.898197174072266,72.47530364990234,1.6826063394546509,0.0,0.0,0.0,0.0,0.0,0.0,,,,,0.0,-6.0,1433.0,1433.0,0.0,0.013378087135862844,0.013378087135862844,0.0,2.0033281017559205e-05,2.0033281017559205e-05,0.0,0.0005284620909716309,0.0005284620909716309,0.0,0.0003,0.0003,0.0,-6.0,-6.0,0.0,0.0,0.3428571428571429,27.385714285714283,50.81428571428571,5429.438,10,Walker2d-v5,8256,Agente_3
64.18198442459106,12,49152,30.48768155556144,292.704336345612,-43.112418600145304,142.33,1433,0.013378087135862844,-6.0,0.99,2.0033281017559205e-05,0.0005284620909716309,0.0003,-36.02936553955078,0.5225718021392822,-2.2590999603271484,0.764259934425354,-0.26884734630584717,-6.0,2.013087272644043,17.022910118103027,1.3123861249221782,1.3824562396943647,0.617780013583358,0.5863057587624488,1.0,0.5863057587624488,-36.02936553955078,0.5225718021392822,-2.2590999603271484,0.764259934425354,-0.26884734630584717,-6.0,32.63666534423828,69.93888092041016,3.2730629444122314,0.0,0.0,0.0,0.0,0.0,0.0,,,,,0.0,-6.0,1433.0,1433.0,0.0,0.013378087135862844,0.013378087135862844,0.0,2.0033281017559205e-05,2.0033281017559205e-05,0.0,0.0005284620909716309,0.0005284620909716309,0.0,0.0003,0.0003,0.0,-6.0,-6.0,0.0,0.0,0.38875000000000004,28.125,51.087500000000006,5471.084,11,Walker2d-v5,8256,Agente_3
69.83826684951782,13,53248,17.713976282945588,291.3765943663313,-50.70914542838994,142.01,1433,0.013378087135862844,-6.0,0.99,2.0033281017559205e-05,0.0005284620909716309,0.0003,-38.24565124511719,0.4666065275669098,-2.4873898029327393,0.7473987936973572,-0.2911563813686371,-6.0,1.8099761009216309,13.43369197845459,1.3824562396943647,1.4252082258170913,0.6468349518224605,0.7339997665397682,1.0,0.7339997665397682,-38.24565124511719,0.4666065275669098,-2.4873898029327393,0.7473987936973572,-0.2911563813686371,-6.0,34.912010192871094,65.74703979492188,2.1298258304595947,0.0,0.0,0.0,0.0,0.0,0.0,,,,,0.0,-6.0,1433.0,1433.0,0.0,0.013378087135862844,0.013378087135862844,0.0,2.0033281017559205e-05,2.0033281017559205e-05,0.0,0.0005284620909716309,0.0005284620909716309,0.0,0.0003,0.0003,0.0,-6.0,-6.0,0.0,0.0,0.38125,28.6625,51.1,5522.054,12,Walker2d-v5,8256,Agente_3
75.82211494445801,14,57344,12.922519047433717,295.27657435403455,-68.1700325998365,143.08,1433,0.013378087135862844,-6.0,0.99,2.0033281017559205e-05,0.0005284620909716309,0.0003,-41.254432678222656,0.5040926337242126,-2.683717727661133,0.7306504845619202,-0.3138200640678406,-6.0,1.7744340896606445,22.853440761566162,1.4252082258170913,1.4601308122014465,0.680795506228061,0.7826771694448621,1.0,0.7826771694448621,-41.254432678222656,0.5040926337242126,-2.683717727661133,0.7306504845619202,-0.3138200640678406,-6.0,38.401092529296875,89.78996276855469,1.3867902755737305,0.0,0.0,0.0,0.0,0.0,0.0,,,,,0.0,-6.0,1433.0,1433.0,0.0,0.013378087135862844,0.013378087135862844,0.0,2.0033281017559205e-05,2.0033281017559205e-05,0.0,0.0005284620909716309,0.0005284620909716309,0.0,0.0003,0.0003,0.0,-6.0,-6.0,0.0,0.0,0.28692307692307695,26.97692307692307,48.838461538461544,5585.871,13,Walker2d-v5,8256,Agente_3
81.26713466644287,15,61440,9.68767064519535,295.27657435403455,-70.92216692441873,139.92,1433,0.013378087135862844,-6.0,0.99,2.0033281017559205e-05,0.0005284620909716309,0.0003,-43.610076904296875,0.5313233733177185,-2.875669002532959,0.7141042947769165,-0.33672627806663513,-6.0,1.8840065002441406,19.438427925109863,1.4601308122014465,1.5025183810057159,0.697606448592668,0.7480392756864892,1.0,0.7480392756864892,-43.610076904296875,0.5313233733177185,-2.875669002532959,0.7141042947769165,-0.33672627806663513,-6.0,39.91593933105469,76.25859832763672,-0.6821534037590027,0.0,0.0,0.0,0.0,0.0,0.0,,,,,0.0,-6.0,1433.0,1433.0,0.0,0.013378087135862844,0.013378087135862844,0.0,2.0033281017559205e-05,2.0033281017559205e-05,0.0,0.0005284620909716309,0.0005284620909716309,0.0,0.0003,0.0003,0.0,-6.0,-6.0,0.0,0.0,0.34285714285714286,27.428571428571427,53.34285714285714,5591.479,14,Walker2d-v5,8256,Agente_3
86.61487102508545,16,65536,2.282991995093163,295.27657435403455,-70.92216692441873,133.67,1433,0.013378087135862844,-6.0,0.99,2.0033281017559205e-05,0.0005284620909716309,0.0003,-43.713523864746094,0.41846325993537903,-3.0793211460113525,0.697968602180481,-0.3595811128616333,-6.0,1.7211217880249023,7.895712614059448,1.5025183810057159,1.5243787217076346,0.7393541832628387,0.864597387273351,1.0,0.864597387273351,-43.713523864746094,0.41846325993537903,-3.0793211460113525,0.697968602180481,-0.3595811128616333,-6.0,40.52516555786133,81.78468322753906,1.5242650508880615,0.0,0.0,0.0,0.0,0.0,0.0,,,,,0.0,-6.0,1433.0,1433.0,0.0,0.013378087135862844,0.013378087135862844,0.0,2.0033281017559205e-05,2.0033281017559205e-05,0.0,0.0005284620909716309,0.0005284620909716309,0.0,0.0003,0.0003,0.0,-6.0,-6.0,0.0,0.0,0.42857142857142855,28.099999999999998,54.74285714285714,5589.451,15,Walker2d-v5,8256,Agente_3
92.03724503517151,17,69632,3.7650999440113524,295.27657435403455,-70.92216692441873,139.68,1433,0.013378087135862844,-6.0,0.99,2.0033281017559205e-05,0.0005284620909716309,0.0003,-46.1998291015625,0.5152382850646973,-3.32603120803833,0.682022213935852,-0.3826931118965149,-6.0,2.125804901123047,11.232946872711182,1.5243787217076346,1.584521339649176,0.7230133831644517,0.6739909828692907,1.0,0.6739909828692907,-46.1998291015625,0.5152382850646973,-3.32603120803833,0.682022213935852,-0.3826931118965149,-6.0,43.077911376953125,76.69257354736328,-1.6455494165420532,0.0,0.0,0.0,0.0,0.0,0.0,,,,,0.0,-6.0,1433.0,1433.0,0.0,0.013378087135862844,0.013378087135862844,0.0,2.0033281017559205e-05,2.0033281017559205e-05,0.0,0.0005284620909716309,0.0005284620909716309,0.0,0.0003,0.0003,0.0,-6.0,-6.0,0.0,0.0,0.315,28.4,54.6,5543.285,16,Walker2d-v5,8256,Agente_3
97.48879814147949,18,73728,4.991186920237081,256.9297817280401,-63.03729864974577,139.53,1433,0.013378087135862844,-6.0,0.99,2.0033281017559205e-05,0.0005284620909716309,0.0003,-48.60030746459961,0.45191025733947754,-3.5731964111328125,0.6662560105323792,-0.40608134865760803,-6.0,1.8337106704711914,7.313021659851074,1.584521339649176,1.6094402727313775,0.7558794933032089,0.8544778237194802,1.0,0.8544778237194802,-48.60030746459961,0.45191025733947754,-3.5731964111328125,0.6662560105323792,-0.40608134865760803,-6.0,45.803428649902344,91.6717300415039,-3.0324697494506836,0.0,0.0,0.0,0.0,0.0,0.0,,,,,0.0,-6.0,1433.0,1433.0,0.0,0.013378087135862844,0.013378087135862844,0.0,2.0033281017559205e-05,2.0033281017559205e-05,0.0,0.0005284620909716309,0.0005284620909716309,0.0,0.0003,0.0003,0.0,-6.0,-6.0,0.0,0.0,0.3614285714285714,28.542857142857144,54.41428571428571,5542.068,17,Walker2d-v5,8256,Agente_3
103.11113429069519,19,77824,12.275161913005155,268.6024386916173,-63.03729864974577,143.65,1433,0.013378087135862844,-6.0,0.99,2.0033281017559205e-05,0.0005284620909716309,0.0003,-47.79963684082031,0.556100606918335,-3.7382407188415527,0.650707483291626,-0.4296950697898865,-6.0,2.085179328918457,14.017083406448364,1.6094402727313775,1.6570141783500854,0.7529321999535097,0.744090319904412,1.0,0.744090319904412,-47.79963684082031,0.556100606918335,-3.7382407188415527,0.650707483291626,-0.4296950697898865,-6.0,44.72986602783203,98.64952850341797,-2.9692065715789795,0.0,0.0,0.0,0.0,0.0,0.0,,,,,0.0,-6.0,1433.0,1433.0,0.0,0.013378087135862844,0.013378087135862844,0.0,2.0033281017559205e-05,2.0033281017559205e-05,0.0,0.0005284620909716309,0.0005284620909716309,0.0,0.0003,0.0003,0.0,-6.0,-6.0,0.0,0.0,0.3375,27.724999999999998,54.587500000000006,5559.621,18,Walker2d-v5,8256,Agente_3
108.70919251441956,20,81920,24.849775449729606,333.5402934271966,-63.03729864974577,152.07,1433,0.013378087135862844,-6.0,0.99,2.0033281017559205e-05,0.0005284620909716309,0.0003,-51.265220642089844,0.4585191607475281,-4.187683582305908,0.6354020237922668,-0.45349740982055664,-6.0,1.8797121047973633,9.837315559387207,1.6570141783500854,1.679283970994813,0.783259856462202,0.8742428259882791,1.0,0.8742428259882791,-51.265220642089844,0.4585191607475281,-4.187683582305908,0.6354020237922668,-0.45349740982055664,-6.0,48.52430725097656,97.8063735961914,-1.7952054738998413,0.0,0.0,0.0,0.0,0.0,0.0,,,,,0.0,-6.0,1433.0,1433.0,0.0,0.013378087135862844,0.013378087135862844,0.0,2.0033281017559205e-05,2.0033281017559205e-05,0.0,0.0005284620909716309,0.0005284620909716309,0.0,0.0003,0.0003,0.0,-6.0,-6.0,0.0,0.0,0.345,28.3625,54.650000000000006,5568.426,19,Walker2d-v5,8256,Agente_3
114.01162695884705,21,86016,20.473431006366187,372.13994134099187,-63.03729864974577,146.09,1433,0.013378087135862844,-6.0,0.99,2.0033281017559205e-05,0.0005284620909716309,0.0003,-51.30002975463867,0.5896440744400024,-4.244562149047852,0.620327889919281,-0.47750720381736755,-6.0,2.3335723876953125,12.330519676208496,1.679283970994813,1.744712812664863,0.7567728605742322,0.6773118729103228,1.0,0.6773118729103228,-51.30002975463867,0.5896440744400024,-4.244562149047852,0.620327889919281,-0.47750720381736755,-6.0,48.72038650512695,104.18081665039062,-2.869142532348633,0.0,0.0,0.0,0.0,0.0,0.0,,,,,0.0,-6.0,1433.0,1433.0,0.0,0.013378087135862844,0.013378087135862844,0.0,2.0033281017559205e-05,2.0033281017559205e-05,0.0,0.0005284620909716309,0.0005284620909716309,0.0,0.0003,0.0003,0.0,-6.0,-6.0,0.0,0.0,0.3157142857142857,28.78571428571428,54.800000000000004,5555.237,20,Walker2d-v5,8256,Agente_3
119.62387752532959,22,90112,15.712487838105607,372.13994134099187,-57.92446910351104,141.33,1433,0.013378087135862844,-6.0,0.99,2.0033281017559205e-05,0.0005284620909716309,0.0003,-54.11927795410156,0.5492785573005676,-4.452047348022461,0.6056582927703857,-0.5014393329620361,-6.0,2.0515918731689453,10.210628032684326,1.744712812664863,1.7754007187152712,0.7772570228025273,0.8387095094874122,1.0,0.8387095094874122,-54.11927795410156,0.5492785573005676,-4.452047348022461,0.6056582927703857,-0.5014393329620361,-6.0,51.41518783569336,112.04097747802734,-3.348583936691284,0.0,0.0,0.0,0.0,0.0,0.0,,,,,0.0,-6.0,1433.0,1433.0,0.0,0.013378087135862844,0.013378087135862844,0.0,2.0033281017559205e-05,2.0033281017559205e-05,0.0,0.0005284620909716309,0.0005284620909716309,0.0,0.0003,0.0003,0.0,-6.0,-6.0,0.0,0.0,0.3642857142857143,28.371428571428574,55.171428571428564,5532.597,21,Walker2d-v5,8256,Agente_3
125.11472129821777,23,94208,26.181443066832795,372.13994134099187,-57.92446910351104,143.42,1433,0.013378087135862844,-6.0,0.99,2.0033281017559205e-05,0.0005284620909716309,0.0003,-57.22933578491211,0.5476768016815186,-4.721762657165527,0.5912373065948486,-0.5255377888679504,-6.0,2.076997756958008,10.861382484436035,1.7754007187152712,1.805560422539545,0.7938852388737967,0.8437698870876053,1.0,0.8437698870876053,-57.22933578491211,0.5476768016815186,-4.721762657165527,0.5912373065948486,-0.5255377888679504,-6.0,54.99223327636719,103.533447265625,-3.9935433864593506,0.0,0.0,0.0,0.0,0.0,0.0,,,,,0.0,-6.0,1433.0,1433.0,0.0,0.013378087135862844,0.013378087135862844,0.0,2.0033281017559205e-05,2.0033281017559205e-05,0.0,0.0005284620909716309,0.0005284620909716309,0.0,0.0003,0.0003,0.0,-6.0,-6.0,0.0,0.0,0.355,28.5625,55.375,5515.561,22,Walker2d-v5,8256,Agente_3
130.59973001480103,24,98304,21.47328267631929,372.13994134099187,-57.92446910351104,146.64,1433,0.013378087135862844,-6.0,0.99,2.0033281017559205e-05,0.0005284620909716309,0.0003,-54.800025939941406,0.44429290294647217,-5.034703731536865,0.5770883560180664,-0.5497599840164185,-6.0,1.7890229225158691,9.803222179412842,1.805560422539545,1.8039066725371773,0.8454139291553475,1.0,1.0,1.0,-54.800025939941406,0.44429290294647217,-5.034703731536865,0.5770883560180664,-0.5497599840164185,-6.0,52.42393112182617,113.19190979003906,-3.3054251670837402,0.0,0.0,0.0,0.0,0.0,0.0,,,,,0.0,-6.0,1433.0,1433.0,0.0,0.013378087135862844,0.013378087135862844,0.0,2.0033281017559205e-05,2.0033281017559205e-05,0.0,0.0005284620909716309,0.0005284620909716309,0.0,0.0003,0.0003,0.0,-6.0,-6.0,0.0,0.0,0.3514285714285714,28.557142857142853,55.614285714285714,5465.783,23,Walker2d-v5,8256,Agente_3
136.33655977249146,25,102400,33.621650867860524,403.22409291155736,-51.999103828565936,157.26,1433,0.013378087135862844,-6.0,0.99,2.0033281017559205e-05,0.0005284620909716309,0.0003,-56.12491989135742,0.52928227186203,-5.141003608703613,0.5632327198982239,-0.5740623474121094,-6.0,2.2582130432128906,10.855441570281982,1.8039066725371773,1.8493373096047487,0.828401592267693,0.7773645816047294,1.0,0.7773645816047294,-56.12491989135742,0.52928227186203,-5.141003608703613,0.5632327198982239,-0.5740623474121094,-6.0,53.63331604003906,125.92598724365234,-4.589916706085205,0.0,0.0,0.0,0.0,0.0,0.0,,,,,0.0,-6.0,1433.0,1433.0,0.0,0.013378087135862844,0.013378087135862844,0.0,2.0033281017559205e-05,2.0033281017559205e-05,0.0,0.0005284620909716309,0.0005284620909716309,0.0,0.0003,0.0003,0.0,-6.0,-6.0,0.0,0.0,0.385,27.8125,55.875,5495.009,24,Walker2d-v5,8256,Agente_3
141.6716468334198,26,106496,43.182727517737504,403.22409291155736,-51.999103828565936,164.69,1433,0.013378087135862844,-6.0,0.99,2.0033281017559205e-05,0.0005284620909716309,0.0003,-58.8282356262207,0.5135460495948792,-5.422170162200928,0.549755871295929,-0.5982809662818909,-6.0,2.024917483329773,10.04376745223999,1.8493373096047487,1.8668953269772512,0.84865756739977,0.9094254927960012,1.0,0.9094254927960012,-58.8282356262207,0.5135460495948792,-5.422170162200928,0.549755871295929,-0.5982809662818909,-6.0,56.77680206298828,120.79853057861328,-5.288600444793701,0.0,0.0,0.0,0.0,0.0,0.0,,,,,0.0,-6.0,1433.0,1433.0,0.0,0.013378087135862844,0.013378087135862844,0.0,2.0033281017559205e-05,2.0033281017559205e-05,0.0,0.0005284620909716309,0.0005284620909716309,0.0,0.0003,0.0003,0.0,-6.0,-6.0,0.0,0.0,0.2714285714285714,27.357142857142858,51.34285714285715,5493.261,25,Walker2d-v5,8256,Agente_3
147.4680359363556,27,110592,23.039832068187533,68.00138249265787,-9.530864638945708,97.33333333333333,1433,0.013378087135862844,-6.0,0.99,2.0033281017559205e-05,0.0005284620909716309,0.0003,-4.731139183044434,0.055666327476501465,-6.147027015686035,0.5359402298927307,-0.6237326860427856,-6.0,0.5267770290374756,1.5974848568439484,,0.5267770290374756,1.0,1.0,1.0,1.0,-4.731139183044434,0.055666327476501465,-6.147027015686035,0.5359402298927307,-0.6237326860427856,-6.0,2.664793014526367,6.770369529724121,-1.3275415897369385,0.0,0.0,0.0,0.0,0.0,0.0,,,,,0.0,-6.0,1433.0,1433.0,0.0,0.013378087135862844,0.013378087135862844,0.0,2.0033281017559205e-05,2.0033281017559205e-05,0.0,0.0005284620909716309,0.0005284620909716309,0.0,0.0003,0.0003,0.0,-6.0,-6.0,0.0,0.0,0.31285714285714283,26.62142857142857,57.95000000000001,5782.553,26,Walker2d-v5,8256,Agente_3
153.18053102493286,28,114688,19.827011130474382,200.48923285266875,-44.76657496899802,97.78125,1433,0.013378087135862844,-6.0,0.99,2.0033281017559205e-05,0.0005284620909716309,0.0003,-6.469550132751465,0.030398599803447723,-6.4948883056640625,0.5221282243728638,-0.6498420238494873,-6.0,0.3442690968513489,0.9669212698936462,0.5267770290374756,0.5085262358188629,1.0,1.0,1.0,1.0,-6.469550132751465,0.030398599803447723,-6.4948883056640625,0.5221282243728638,-0.6498420238494873,-6.0,4.610882759094238,9.791203498840332,-1.1167347431182861,0.0,0.0,0.0,0.0,0.0,0.0,,,,,0.0,-6.0,1433.0,1433.0,0.0,0.013378087135862844,0.013378087135862844,0.0,2.0033281017559205e-05,2.0033281017559205e-05,0.0,0.0005284620909716309,0.0005284620909716309,0.0,0.0003,0.0003,0.0,-6.0,-6.0,0.0,0.0,0.3842857142857143,27.2,64.28571428571429,5739.688,27,Walker2d-v5,8256,Agente_3
159.2856125831604,29,118784,15.334104560188468,200.48923285266875,-52.5798984213594,103.93617021276596,1433,0.013378087135862844,-6.0,0.99,2.0033281017559205e-05,0.0005284620909716309,0.0003,-7.3595194816589355,0.03834206238389015,-6.614701747894287,0.5087350010871887,-0.6758279800415039,-6.0,0.34718286991119385,1.1347002685070038,0.5085262358188629,0.492391899228096,1.0,1.0,1.0,1.0,-7.3595194816589355,0.03834206238389015,-6.614701747894287,0.5087350010871887,-0.6758279800415039,-6.0,5.693521499633789,13.260062217712402,-1.675878643989563,0.0,0.0,0.0,0.0,0.0,0.0,,,,,0.0,-6.0,1433.0,1433.0,0.0,0.013378087135862844,0.013378087135862844,0.0,2.0033281017559205e-05,2.0033281017559205e-05,0.0,0.0005284620909716309,0.0005284620909716309,0.0,0.0003,0.0003,0.0,-6.0,-6.0,0.0,0.0,0.4288888888888889,28.211111111111112,64.96666666666667,5857.824,28,Walker2d-v5,8256,Agente_3
164.783940076828,30,122880,21.94978619709936,282.8341579085173,-52.5798984213594,115.62,1433,0.013378087135862844,-6.0,0.99,2.0033281017559205e-05,0.0005284620909716309,0.0003,-9.037163734436035,0.05384792014956474,-6.794161796569824,0.4958847761154175,-0.7014116644859314,-6.0,0.43365204334259033,1.4474695324897766,0.492391899228096,0.48651791363954544,1.0,1.0,1.0,1.0,-9.037163734436035,0.05384792014956474,-6.794161796569824,0.4958847761154175,-0.7014116644859314,-6.0,7.388781547546387,19.37810516357422,-1.832967758178711,0.0,0.0,0.0,0.0,0.0,0.0,,,,,0.0,-6.0,1433.0,1433.0,0.0,0.013378087135862844,0.013378087135862844,0.0,2.0033281017559205e-05,2.0033281017559205e-05,0.0,0.0005284620909716309,0.0005284620909716309,0.0,0.0003,0.0003,0.0,-6.0,-6.0,0.0,0.0,0.3742857142857143,28.657142857142855,64.68571428571428,5764.933,29,Walker2d-v5,8256,Agente_3
170.1875319480896,31,126976,41.52485411529642,282.8341579085173,-52.5798984213594,133.83,1433,0.013378087135862844,-6.0,0.99,2.0033281017559205e-05,0.0005284620909716309,0.0003,-10.487785339355469,0.08652830123901367,-6.823415756225586,0.4835771918296814,-0.7265443205833435,-6.0,0.47769951820373535,1.8849980533123016,0.48651791363954544,0.48563607409596443,1.0,1.0,1.0,1.0,-10.487785339355469,0.08652830123901367,-6.823415756225586,0.4835771918296814,-0.7265443205833435,-6.0,8.900083541870117,20.914222717285156,-2.227964162826538,0.0,0.0,0.0,0.0,0.0,0.0,,,,,0.0,-6.0,1433.0,1433.0,0.0,0.013378087135862844,0.013378087135862844,0.0,2.0033281017559205e-05,2.0033281017559205e-05,0.0,0.0005284620909716309,0.0005284620909716309,0.0,0.0003,0.0003,0.0,-6.0,-6.0,0.0,0.0,0.3257142857142857,28.0,64.67142857142856,5690.383,30,Walker2d-v5,8256,Agente_3
175.69397568702698,32,131072,52.682624365573645,287.3377041432138,-54.537975133724956,150.4,1433,0.013378087135862844,-6.0,0.99,2.0033281017559205e-05,0.0005284620909716309,0.0003,-12.897939682006836,0.09034411609172821,-7.0075364112854,0.4718391001224518,-0.7511172890663147,-6.0,0.5109341144561768,1.650599479675293,0.48563607409596443,0.4881658781319857,0.9873102485415505,0.949240994166202,1.0,0.949240994166202,-12.897939682006836,0.09034411609172821,-7.0075364112854,0.4718391001224518,-0.7511172890663147,-6.0,11.265447616577148,23.06417465209961,-2.1278560161590576,0.0,0.0,0.0,0.0,0.0,0.0,,,,,0.0,-6.0,1433.0,1433.0,0.0,0.013378087135862844,0.013378087135862844,0.0,2.0033281017559205e-05,2.0033281017559205e-05,0.0,0.0005284620909716309,0.0005284620909716309,0.0,0.0003,0.0003,0.0,-6.0,-6.0,0.0,0.0,0.36,28.325000000000003,64.65,5657.343,31,Walker2d-v5,8256,Agente_3
181.24958181381226,33,135168,60.04772554358761,287.3377041432138,-54.537975133724956,159.28,1433,0.013378087135862844,-6.0,0.99,2.0033281017559205e-05,0.0005284620909716309,0.0003,-14.3128662109375,0.09702904522418976,-7.078227519989014,0.4606533646583557,-0.7751094102859497,-6.0,0.50148606300354,2.059990406036377,0.4881658781319857,0.4894978966191411,0.983753371319523,0.9730827396534405,1.0,0.9730827396534405,-14.3128662109375,0.09702904522418976,-7.078227519989014,0.4606533646583557,-0.7751094102859497,-6.0,12.728081703186035,33.0256233215332,-2.5618550777435303,0.0,0.0,0.0,0.0,0.0,0.0,,,,,0.0,-6.0,1433.0,1433.0,0.0,0.013378087135862844,0.013378087135862844,0.0,2.0033281017559205e-05,2.0033281017559205e-05,0.0,0.0005284620909716309,0.0005284620909716309,0.0,0.0003,0.0003,0.0,-6.0,-6.0,0.0,0.0,0.39428571428571424,27.871428571428574,64.74285714285715,5641.196,32,Walker2d-v5,8256,Agente_3
186.8035182952881,34,139264,56.862062679873304,318.76714637350176,-57.48223575757289,162.82,1433,0.013378087135862844,-6.0,0.99,2.0033281017559205e-05,0.0005284620909716309,0.0003,-15.391487121582031,0.10812359303236008,-7.024682998657227,0.44995033740997314,-0.7986180782318115,-6.0,0.623133659362793,2.4174985885620117,0.4894978966191411,0.5028614728935064,0.9280871275883373,0.7610883963947802,1.0,0.7610883963947802,-15.391487121582031,0.10812359303236008,-7.024682998657227,0.44995033740997314,-0.7986180782318115,-6.0,13.787683486938477,31.587661743164062,-4.774604797363281,0.0,0.0,0.0,0.0,0.0,0.0,,,,,0.0,-6.0,1433.0,1433.0,0.0,0.013378087135862844,0.013378087135862844,0.0,2.0033281017559205e-05,2.0033281017559205e-05,0.0,0.0005284620909716309,0.0005284620909716309,0.0,0.0003,0.0003,0.0,-6.0,-6.0,0.0,0.0,0.39125,28.35,64.83749999999999,5628.806,33,Walker2d-v5,8256,Agente_3
192.616272687912,35,143360,58.66427602599251,374.3397454181052,-57.48223575757289,163.39,1433,0.013378087135862844,-6.0,0.99,2.0033281017559205e-05,0.0005284620909716309,0.0003,-16.670787811279297,0.11524441093206406,-7.170119285583496,0.4397245943546295,-0.8216066360473633,-6.0,0.6583960652351379,2.3540255427360535,0.5028614728935064,0.5184149321276695,0.8795556559734601,0.7339612411288285,1.0,0.7339612411288285,-16.670787811279297,0.11524441093206406,-7.170119285583496,0.4397245943546295,-0.8216066360473633,-6.0,15.081574440002441,32.25605010986328,-3.7940149307250977,0.0,0.0,0.0,0.0,0.0,0.0,,,,,0.0,-6.0,1433.0,1433.0,0.0,0.013378087135862844,0.013378087135862844,0.0,2.0033281017559205e-05,2.0033281017559205e-05,0.0,0.0005284620909716309,0.0005284620909716309,0.0,0.0003,0.0003,0.0,-6.0,-6.0,0.0,0.0,0.41000000000000003,28.275,64.85,5648.016,34,Walker2d-v5,8256,Agente_3
198.1845269203186,36,147456,58.451635219639975,374.3397454181052,-57.48223575757289,167.21,1433,0.013378087135862844,-6.0,0.99,2.0033281017559205e-05,0.0005284620909716309,0.0003,-18.356914520263672,0.1450163722038269,-7.324835777282715,0.4298519194126129,-0.8443145155906677,-6.0,0.8316638469696045,3.2723081707954407,0.5184149321276695,0.549739823611863,0.7962886519810131,0.5464876400036724,1.0,0.5464876400036724,-18.356914520263672,0.1450163722038269,-7.324835777282715,0.4298519194126129,-0.8443145155906677,-6.0,16.68393325805664,39.49800491333008,-5.015651226043701,0.0,0.0,0.0,0.0,0.0,0.0,,,,,0.0,-6.0,1433.0,1433.0,0.0,0.013378087135862844,0.013378087135862844,0.0,2.0033281017559205e-05,2.0033281017559205e-05,0.0,0.0005284620909716309,0.0005284620909716309,0.0,0.0003,0.0003,0.0,-6.0,-6.0,0.0,0.0,0.36,27.814285714285717,65.02857142857144,5638.947,35,Walker2d-v5,8256,Agente_3
203.69490242004395,37,151552,79.02566109797283,460.10897205616914,-57.48223575757289,180.46,1433,0.013378087135862844,-6.0,0.99,2.0033281017559205e-05,0.0005284620909716309,0.0003,-21.20978546142578,0.14809444546699524,-7.334545612335205,0.42026039958000183,-0.8668807744979858,-6.0,0.8149019479751587,3.206674337387085,0.549739823611863,0.5762560360481925,0.7515506025574235,0.6173364542866542,1.0,0.6173364542866542,-21.20978546142578,0.14809444546699524,-7.334545612335205,0.42026039958000183,-0.8668807744979858,-6.0,19.538576126098633,39.23584747314453,-3.6080503463745117,0.0,0.0,0.0,0.0,0.0,0.0,,,,,0.0,-6.0,1433.0,1433.0,0.0,0.013378087135862844,0.013378087135862844,0.0,2.0033281017559205e-05,2.0033281017559205e-05,0.0,0.0005284620909716309,0.0005284620909716309,0.0,0.0003,0.0003,0.0,-6.0,-6.0,0.0,0.0,0.365,28.400000000000002,65.225,5610.743,36,Walker2d-v5,8256,Agente_3
209.3359613418579,38,155648,91.05810200938255,460.10897205616914,-57.48223575757289,188.2,1433,0.013378087135862844,-6.0,0.99,2.0033281017559205e-05,0.0005284620909716309,0.0003,-20.622486114501953,0.16340595483779907,-7.575555801391602,0.4109165072441101,-0.8893652558326721,-6.0,0.8908843994140625,3.4201265573501587,0.5762560360481925,0.6077188723847795,0.7084803814327711,0.5792697180588142,1.0,0.5792697180588142,-20.622486114501953,0.16340595483779907,-7.575555801391602,0.4109165072441101,-0.8893652558326721,-6.0,19.084671020507812,56.841461181640625,-4.113092422485352,0.0,0.0,0.0,0.0,0.0,0.0,,,,,0.0,-6.0,1433.0,1433.0,0.0,0.013378087135862844,0.013378087135862844,0.0,2.0033281017559205e-05,2.0033281017559205e-05,0.0,0.0005284620909716309,0.0005284620909716309,0.0,0.0003,0.0003,0.0,-6.0,-6.0,0.0,0.0,0.39,28.025,65.51249999999999,5604.127,37,Walker2d-v5,8256,Agente_3
214.89306473731995,39,159744,125.36850338090103,465.57831055441534,-22.160792415572935,198.37,1433,0.013378087135862844,-6.0,0.99,2.0033281017559205e-05,0.0005284620909716309,0.0003,-23.645709991455078,0.18985474109649658,-7.722356796264648,0.4018082618713379,-0.9117802977561951,-6.0,1.0208258628845215,4.454001784324646,0.6077188723847795,0.6490295714347537,0.6580441024561718,0.5067352655263743,1.0,0.5067352655263743,-23.645709991455078,0.18985474109649658,-7.722356796264648,0.4018082618713379,-0.9117802977561951,-6.0,22.206493377685547,58.754154205322266,-3.335880756378174,0.0,0.0,0.0,0.0,0.0,0.0,,,,,0.0,-6.0,1433.0,1433.0,0.0,0.013378087135862844,0.013378087135862844,0.0,2.0033281017559205e-05,2.0033281017559205e-05,0.0,0.0005284620909716309,0.0005284620909716309,0.0,0.0003,0.0003,0.0,-6.0,-6.0,0.0,0.0,0.3757142857142857,29.8,58.442857142857136,5548.717,38,Walker2d-v5,8256,Agente_3
220.42558813095093,40,163840,30.412899470855873,62.23103459534567,1.5214385836241173,111.42857142857143,1433,0.013378087135862844,-6.0,0.99,2.0033281017559205e-05,0.0005284620909716309,0.0003,-3.683016777038574,0.030431345105171204,-9.109352111816406,0.3920800983905792,-0.9362890720367432,-6.0,0.39992913603782654,1.0881755352020264,,0.39992913603782654,1.0,1.0,1.0,1.0,-3.683016777038574,0.030431345105171204,-9.109352111816406,0.3920800983905792,-0.9362890720367432,-6.0,2.3913259506225586,6.163448333740234,-1.7586073875427246,0.0,0.0,0.0,0.0,0.0,0.0,,,,,0.0,-6.0,1433.0,1433.0,0.0,0.013378087135862844,0.013378087135862844,0.0,2.0033281017559205e-05,2.0033281017559205e-05,0.0,0.0005284620909716309,0.0005284620909716309,0.0,0.0003,0.0003,0.0,-6.0,-6.0,0.0,0.0,0.275,25.0375,65.875,5519.97,39,Walker2d-v5,8256,Agente_3
225.85892486572266,41,167936,76.16410373421061,329.3745654203048,-22.69655710612488,154.05263157894737,1433,0.013378087135862844,-6.0,0.99,2.0033281017559205e-05,0.0005284620909716309,0.0003,-5.0193891525268555,0.0234094075858593,-9.54516887664795,0.3819913864135742,-0.962357223033905,-6.0,0.24960848689079285,0.9285723567008972,0.39992913603782654,0.38489707112312316,1.0,1.0,1.0,1.0,-5.0193891525268555,0.0234094075858593,-9.54516887664795,0.3819913864135742,-0.962357223033905,-6.0,3.698526382446289,9.140381813049316,-1.6936888694763184,0.0,0.0,0.0,0.0,0.0,0.0,,,,,0.0,-6.0,1433.0,1433.0,0.0,0.013378087135862844,0.013378087135862844,0.0,2.0033281017559205e-05,2.0033281017559205e-05,0.0,0.0005284620909716309,0.0005284620909716309,0.0,0.0003,0.0003,0.0,-6.0,-6.0,0.0,0.0,0.38,28.571428571428573,68.34285714285714,5471.239,40,Walker2d-v5,8256,Agente_3
231.35927605628967,42,172032,61.61484449862474,329.3745654203048,-23.345498405141992,150.203125,1433,0.013378087135862844,-6.0,0.99,2.0033281017559205e-05,0.0005284620909716309,0.0003,-6.440165996551514,0.02675500698387623,-9.639644622802734,0.37224239110946655,-0.9882100224494934,-6.0,0.2617298364639282,0.9272172451019287,0.38489707112312316,0.37258034765720366,1.0,1.0,1.0,1.0,-6.440165996551514,0.02675500698387623,-9.639644622802734,0.37224239110946655,-0.9882100224494934,-6.0,5.161669731140137,15.803413391113281,-1.802876353263855,0.0,0.0,0.0,0.0,0.0,0.0,,,,,0.0,-6.0,1433.0,1433.0,0.0,0.013378087135862844,0.013378087135862844,0.0,2.0033281017559205e-05,2.0033281017559205e-05,0.0,0.0005284620909716309,0.0005284620909716309,0.0,0.0003,0.0003,0.0,-6.0,-6.0,0.0,0.0,0.3725,27.887500000000003,68.35000000000001,5477.564,41,Walker2d-v5,8256,Agente_3
236.78374981880188,43,176128,57.10554670275067,329.3745654203048,-23.345498405141992,150.5934065934066,1433,0.013378087135862844,-6.0,0.99,2.0033281017559205e-05,0.0005284620909716309,0.0003,-7.464120864868164,0.05471326410770416,-9.676081657409668,0.3629533350467682,-1.0134810209274292,-6.0,0.367720365524292,1.6087496280670166,0.37258034765720366,0.3720943494439125,1.0,1.0,1.0,1.0,-7.464120864868164,0.05471326410770416,-9.676081657409668,0.3629533350467682,-1.0134810209274292,-6.0,6.2247819900512695,18.60329246520996,-2.6869733333587646,0.0,0.0,0.0,0.0,0.0,0.0,,,,,0.0,-6.0,1433.0,1433.0,0.0,0.013378087135862844,0.013378087135862844,0.0,2.0033281017559205e-05,2.0033281017559205e-05,0.0,0.0005284620909716309,0.0005284620909716309,0.0,0.0003,0.0003,0.0,-6.0,-6.0,0.0,0.0,0.3985714285714286,28.014285714285712,68.44285714285715,5461.194,42,Walker2d-v5,8256,Agente_3
242.3791480064392,44,180224,50.05015330265236,379.2540102693979,-23.345498405141992,155.95,1433,0.013378087135862844,-6.0,0.99,2.0033281017559205e-05,0.0005284620909716309,0.0003,-8.892775535583496,0.04993133246898651,-9.366399765014648,0.35415804386138916,-1.0380120277404785,-6.0,0.4507756233215332,1.441115140914917,0.3720943494439125,0.3799624768316746,0.9523513980826297,0.8094055923305186,1.0,0.8094055923305186,-8.892775535583496,0.04993133246898651,-9.366399765014648,0.35415804386138916,-1.0380120277404785,-6.0,7.657415390014648,20.37017250061035,-2.7465248107910156,0.0,0.0,0.0,0.0,0.0,0.0,,,,,0.0,-6.0,1433.0,1433.0,0.0,0.013378087135862844,0.013378087135862844,0.0,2.0033281017559205e-05,2.0033281017559205e-05,0.0,0.0005284620909716309,0.0005284620909716309,0.0,0.0003,0.0003,0.0,-6.0,-6.0,0.0,0.0,0.43374999999999997,28.45,68.5875,5485.258,43,Walker2d-v5,8256,Agente_3
247.9831280708313,45,184320,44.504646255364975,379.2540102693979,-23.345498405141992,155.21,1433,0.013378087135862844,-6.0,0.99,2.0033281017559205e-05,0.0005284620909716309,0.0003,-10.576896667480469,0.0757015272974968,-9.533811569213867,0.34586527943611145,-1.0617059469223022,-6.0,0.5000746250152588,1.9671798944473267,0.3799624768316746,0.39197369165003304,0.8965073095615179,0.7289750439981828,1.0,0.7289750439981828,-10.576896667480469,0.0757015272974968,-9.533811569213867,0.34586527943611145,-1.0617059469223022,-6.0,9.240074157714844,28.851198196411133,-4.006059169769287,0.0,0.0,0.0,0.0,0.0,0.0,,,,,0.0,-6.0,1433.0,1433.0,0.0,0.013378087135862844,0.013378087135862844,0.0,2.0033281017559205e-05,2.0033281017559205e-05,0.0,0.0005284620909716309,0.0005284620909716309,0.0,0.0003,0.0003,0.0,-6.0,-6.0,0.0,0.0,0.31428571428571433,28.028571428571432,68.91428571428571,5503.336,44,Walker2d-v5,8256,Agente_3
253.5038936138153,46,188416,57.08836998908663,379.2540102693979,-25.883774738641534,161.42,1433,0.013378087135862844,-6.0,0.99,2.0033281017559205e-05,0.0005284620909716309,0.0003,-11.949356079101562,0.08832786977291107,-9.505882263183594,0.33796414732933044,-1.084815502166748,-6.0,0.5347120761871338,2.0226425528526306,0.39197369165003304,0.40624753010374315,0.8460767143092491,0.6947849285524427,1.0,0.6947849285524427,-11.949356079101562,0.08832786977291107,-9.505882263183594,0.33796414732933044,-1.084815502166748,-6.0,10.822549819946289,29.49675750732422,-4.2312798500061035,0.0,0.0,0.0,0.0,0.0,0.0,,,,,0.0,-6.0,1433.0,1433.0,0.0,0.013378087135862844,0.013378087135862844,0.0,2.0033281017559205e-05,2.0033281017559205e-05,0.0,0.0005284620909716309,0.0005284620909716309,0.0,0.0003,0.0003,0.0,-6.0,-6.0,0.0,0.0,0.32625,26.012500000000003,70.7875,5504.267,45,Walker2d-v5,8256,Agente_3
259.17635464668274,47,192512,71.99927949192225,466.379091872277,-25.883774738641534,168.11,1433,0.013378087135862844,-6.0,0.99,2.0033281017559205e-05,0.0005284620909716309,0.0003,-13.30272388458252,0.1053212583065033,-9.391596794128418,0.33037295937538147,-1.1075330972671509,-6.0,0.532783031463623,2.9764097929000854,0.40624753010374315,0.4189010802397311,0.8176492234434176,0.7323667508459228,1.0,0.7323667508459228,-13.30272388458252,0.1053212583065033,-9.391596794128418,0.33037295937538147,-1.1075330972671509,-6.0,11.99283218383789,37.998416900634766,-4.426907062530518,0.0,0.0,0.0,0.0,0.0,0.0,,,,,0.0,-6.0,1433.0,1433.0,0.0,0.013378087135862844,0.013378087135862844,0.0,2.0033281017559205e-05,2.0033281017559205e-05,0.0,0.0005284620909716309,0.0005284620909716309,0.0,0.0003,0.0003,0.0,-6.0,-6.0,0.0,0.0,0.30875,26.8,72.1875,5523.515,46,Walker2d-v5,8256,Agente_3
264.76244616508484,48,196608,91.00249376401882,466.379091872277,-25.883774738641534,178.21,1433,0.013378087135862844,-6.0,0.99,2.0033281017559205e-05,0.0005284620909716309,0.0003,-13.815696716308594,0.10276959836483002,-9.630905151367188,0.32304859161376953,-1.1299525499343872,-6.0,0.6082165539264679,2.535224139690399,0.4189010802397311,0.4378326276084048,0.7723360291872771,0.6363964464188555,1.0,0.6363964464188555,-13.815696716308594,0.10276959836483002,-9.630905151367188,0.32304859161376953,-1.1299525499343872,-6.0,12.552949905395508,32.59146499633789,-4.858043193817139,0.0,0.0,0.0,0.0,0.0,0.0,,,,,0.0,-6.0,1433.0,1433.0,0.0,0.013378087135862844,0.013378087135862844,0.0,2.0033281017559205e-05,2.0033281017559205e-05,0.0,0.0005284620909716309,0.0005284620909716309,0.0,0.0003,0.0003,0.0,-6.0,-6.0,0.0,0.0,0.3785714285714286,28.057142857142857,71.8,5529.199,47,Walker2d-v5,8256,Agente_3
270.08698558807373,49,200704,125.01462961462876,516.3882718083779,-25.883774738641534,189.43,1433,0.013378087135862844,-6.0,0.99,2.0033281017559205e-05,0.0005284620909716309,0.0003,-15.862775802612305,0.10599169135093689,-9.64813232421875,0.3159216642379761,-1.1522610187530518,-6.0,0.6203069686889648,3.3839410543441772,0.4378326276084048,0.45608006171646076,0.7440455930530858,0.6591742846505124,1.0,0.6591742846505124,-15.862775802612305,0.10599169135093689,-9.64813232421875,0.3159216642379761,-1.1522610187530518,-6.0,14.718422889709473,39.64811325073242,-5.247075080871582,0.0,0.0,0.0,0.0,0.0,0.0,,,,,0.0,-6.0,1433.0,1433.0,0.0,0.013378087135862844,0.013378087135862844,0.0,2.0033281017559205e-05,2.0033281017559205e-05,0.0,0.0005284620909716309,0.0005284620909716309,0.0,0.0003,0.0003,0.0,-6.0,-6.0,0.0,0.0,0.29000000000000004,27.414285714285715,69.72857142857143,5507.353,48,Walker2d-v5,8256,Agente_3
275.6910319328308,50,204800,172.7383624627846,525.147151291114,-25.883774738641534,204.39,1433,0.013378087135862844,-6.0,0.99,2.0033281017559205e-05,0.0005284620909716309,0.0003,-17.652523040771484,0.11735228449106216,-9.575397491455078,0.3089781403541565,-1.1744847297668457,-6.0,0.6417359113693237,3.293369770050049,0.45608006171646076,0.474645646681747,0.7244338403227548,0.6655985821317616,1.0,0.6655985821317616,-17.652523040771484,0.11735228449106216,-9.575397491455078,0.3089781403541565,-1.1744847297668457,-6.0,16.538135528564453,42.397586822509766,-5.794134140014648,0.0,0.0,0.0,0.0,0.0,0.0,,,,,0.0,-6.0,1433.0,1433.0,0.0,0.013378087135862844,0.013378087135862844,0.0,2.0033281017559205e-05,2.0033281017559205e-05,0.0,0.0005284620909716309,0.0005284620909716309,0.0,0.0003,0.0003,0.0,-6.0,-6.0,0.0,0.0,0.28625,29.4875,64.55,5514.622,49,Walker2d-v5,8256,Agente_3
281.8580918312073,51,208896,208.46306858961586,525.147151291114,-21.430497423325935,216.73,1433,0.013378087135862844,-6.0,0.99,2.0033281017559205e-05,0.0005284620909716309,0.0003,-18.965585708618164,0.15192164480686188,-10.063090324401855,0.30213719606399536,-1.1968740224838257,-6.0,0.7600927352905273,3.5151970386505127,0.474645646681747,0.503190355542625,0.6803377307383315,0.5480494019850614,1.0,0.5480494019850614,-18.965585708618164,0.15192164480686188,-10.063090324401855,0.30213719606399536,-1.1968740224838257,-6.0,17.786067962646484,42.44866943359375,-6.597095489501953,0.0,0.0,0.0,0.0,0.0,0.0,,,,,0.0,-6.0,1433.0,1433.0,0.0,0.013378087135862844,0.013378087135862844,0.0,2.0033281017559205e-05,2.0033281017559205e-05,0.0,0.0005284620909716309,0.0005284620909716309,0.0,0.0003,0.0003,0.0,-6.0,-6.0,0.0,0.0,0.2725,24.25,74.575,5587.683,50,Walker2d-v5,8256,Agente_3
287.5616524219513,52,212992,224.92890345080127,525.147151291114,-21.430497423325935,214.43,1433,0.013378087135862844,-6.0,0.99,2.0033281017559205e-05,0.0005284620909716309,0.0003,-19.962486267089844,0.16530638933181763,-10.159690856933594,0.2954177260398865,-1.219364881515503,-6.0,0.7908477783203125,4.579184055328369,0.503190355542625,0.5319560978203938,0.6513991471891637,0.5645833965416603,1.0,0.5645833965416603,-19.962486267089844,0.16530638933181763,-10.159690856933594,0.2954177260398865,-1.219364881515503,-6.0,18.732627868652344,44.86414337158203,-7.302057266235352,0.0,0.0,0.0,0.0,0.0,0.0,,,,,0.0,-6.0,1433.0,1433.0,0.0,0.013378087135862844,0.013378087135862844,0.0,2.0033281017559205e-05,2.0033281017559205e-05,0.0,0.0005284620909716309,0.0005284620909716309,0.0,0.0003,0.0003,0.0,-6.0,-6.0,0.0,0.0,0.3171428571428571,26.228571428571428,76.94285714285715,5607.753,51,Walker2d-v5,8256,Agente_3
293.281747341156,53,217088,33.27611812235722,37.98899384249036,28.563242402224073,109.5,1433,0.013378087135862844,-6.0,0.99,2.0033281017559205e-05,0.0005284620909716309,0.0003,-3.161888360977173,0.04089394211769104,-12.27328109741211,0.28817176818847656,-1.2441985607147217,-6.0,0.4912654757499695,1.313064306974411,,0.4912654757499695,1.0,1.0,1.0,1.0,-3.161888360977173,0.04089394211769104,-12.27328109741211,0.28817176818847656,-1.2441985607147217,-6.0,2.1599745750427246,7.959957599639893,-3.411165237426758,0.0,0.0,0.0,0.0,0.0,0.0,,,,,0.0,-6.0,1433.0,1433.0,0.0,0.013378087135862844,0.013378087135862844,0.0,2.0033281017559205e-05,2.0033281017559205e-05,0.0,0.0005284620909716309,0.0005284620909716309,0.0,0.0003,0.0003,0.0,-6.0,-6.0,0.0,0.0,0.36588235294117644,25.55294117647059,76.33529411764705,5708.962,52,Walker2d-v5,8256,Agente_3
298.95890641212463,54,221184,130.5449080473443,362.8973062536613,28.563242402224073,182.72727272727272,1433,0.013378087135862844,-6.0,0.99,2.0033281017559205e-05,0.0005284620909716309,0.0003,-3.9655871391296387,0.021195407956838608,-12.516955375671387,0.2806892991065979,-1.2705068588256836,-6.0,0.3061976432800293,0.8513084799051285,0.4912654757499695,0.4727586925029754,1.0,1.0,1.0,1.0,-3.9655871391296387,0.021195407956838608,-12.516955375671387,0.2806892991065979,-1.2705068588256836,-6.0,3.039778232574463,12.0073881149292,-2.874443769454956,0.0,0.0,0.0,0.0,0.0,0.0,,,,,0.0,-6.0,1433.0,1433.0,0.0,0.013378087135862844,0.013378087135862844,0.0,2.0033281017559205e-05,2.0033281017559205e-05,0.0,0.0005284620909716309,0.0005284620909716309,0.0,0.0003,0.0003,0.0,-6.0,-6.0,0.0,0.0,0.40375,28.3125,79.325,5687.625,53,Walker2d-v5,8256,Agente_3
304.5838119983673,55,225280,113.40665388350398,440.25748970606907,-17.107431929311407,193.4,1433,0.013378087135862844,-6.0,0.99,2.0033281017559205e-05,0.0005284620909716309,0.0003,-5.419717788696289,0.02629471942782402,-12.415563583374023,0.2735412120819092,-1.2963030338287354,-6.0,0.26017680764198303,0.9838153719902039,0.4727586925029754,0.4515005040168762,1.0,1.0,1.0,1.0,-5.419717788696289,0.02629471942782402,-12.415563583374023,0.2735412120819092,-1.2963030338287354,-6.0,4.52452278137207,12.762929916381836,-3.8138084411621094,0.0,0.0,0.0,0.0,0.0,0.0,,,,,0.0,-6.0,1433.0,1433.0,0.0,0.013378087135862844,0.013378087135862844,0.0,2.0033281017559205e-05,2.0033281017559205e-05,0.0,0.0005284620909716309,0.0005284620909716309,0.0,0.0003,0.0003,0.0,-6.0,-6.0,0.0,0.0,0.38,28.650000000000002,79.1,5662.447,54,Walker2d-v5,8256,Agente_3
310.23365354537964,56,229376,113.55671912643847,440.25748970606907,-17.107431929311407,194.53225806451613,1433,0.013378087135862844,-6.0,0.99,2.0033281017559205e-05,0.0005284620909716309,0.0003,-6.882600784301758,0.030570533126592636,-12.371874809265137,0.26680058240890503,-1.321253776550293,-6.0,0.3379194736480713,1.056684136390686,0.4515005040168762,0.4401424009799957,1.0,1.0,1.0,1.0,-6.882600784301758,0.030570533126592636,-12.371874809265137,0.26680058240890503,-1.321253776550293,-6.0,5.958946228027344,17.24261474609375,-3.429582357406616,0.0,0.0,0.0,0.0,0.0,0.0,,,,,0.0,-6.0,1433.0,1433.0,0.0,0.013378087135862844,0.013378087135862844,0.0,2.0033281017559205e-05,2.0033281017559205e-05,0.0,0.0005284620909716309,0.0005284620909716309,0.0,0.0003,0.0003,0.0,-6.0,-6.0,0.0,0.0,0.35285714285714287,28.028571428571432,79.27142857142859,5656.391,55,Walker2d-v5,8256,Agente_3
315.8063871860504,57,233472,116.35687901782269,440.25748970606907,-17.107431929311407,201.04761904761904,1433,0.013378087135862844,-6.0,0.99,2.0033281017559205e-05,0.0005284620909716309,0.0003,-7.928102493286133,0.04564256966114044,-11.582344055175781,0.26045575737953186,-1.3453222513198853,-6.0,0.39228224754333496,1.6758273839950562,0.4401424009799957,0.4353563856363296,1.0,1.0,1.0,1.0,-7.928102493286133,0.04564256966114044,-11.582344055175781,0.26045575737953186,-1.3453222513198853,-6.0,6.91511344909668,19.100120544433594,-4.523624420166016,0.0,0.0,0.0,0.0,0.0,0.0,,,,,0.0,-6.0,1433.0,1433.0,0.0,0.013378087135862844,0.013378087135862844,0.0,2.0033281017559205e-05,2.0033281017559205e-05,0.0,0.0005284620909716309,0.0005284620909716309,0.0,0.0003,0.0003,0.0,-6.0,-6.0,0.0,0.0,0.41625,28.5125,79.23750000000001,5637.612,56,Walker2d-v5,8256,Agente_3
321.3705847263336,58,237568,128.86826783629422,491.6321437425312,-17.107431929311407,209.25,1433,0.013378087135862844,-6.0,0.99,2.0033281017559205e-05,0.0005284620909716309,0.0003,-9.415239334106445,0.05922645330429077,-11.723159790039062,0.25447824597358704,-1.3685399293899536,-6.0,0.41576361656188965,1.7893790304660797,0.4353563856363296,0.4333971087288856,1.0,1.0,1.0,1.0,-9.415239334106445,0.05922645330429077,-11.723159790039062,0.25447824597358704,-1.3685399293899536,-6.0,8.498647689819336,23.108169555664062,-6.071594715118408,0.0,0.0,0.0,0.0,0.0,0.0,,,,,0.0,-6.0,1433.0,1433.0,0.0,0.013378087135862844,0.013378087135862844,0.0,2.0033281017559205e-05,2.0033281017559205e-05,0.0,0.0005284620909716309,0.0005284620909716309,0.0,0.0003,0.0003,0.0,-6.0,-6.0,0.0,0.0,0.37714285714285717,28.514285714285712,79.41428571428571,5623.561,57,Walker2d-v5,8256,Agente_3
326.75262331962585,59,241664,141.97585581253819,491.6321437425312,-17.107431929311407,212.26,1433,0.013378087135862844,-6.0,0.99,2.0033281017559205e-05,0.0005284620909716309,0.0003,-10.722450256347656,0.09747037291526794,-11.834304809570312,0.2487799972295761,-1.3911863565444946,-6.0,0.5063810348510742,2.2739038467407227,0.4333971087288856,0.4406955013411044,0.9612540175350721,0.8450160701402883,1.0,0.8450160701402883,-10.722450256347656,0.09747037291526794,-11.834304809570312,0.2487799972295761,-1.3911863565444946,-6.0,9.827714920043945,27.369686126708984,-6.595098972320557,0.0,0.0,0.0,0.0,0.0,0.0,,,,,0.0,-6.0,1433.0,1433.0,0.0,0.013378087135862844,0.013378087135862844,0.0,2.0033281017559205e-05,2.0033281017559205e-05,0.0,0.0005284620909716309,0.0005284620909716309,0.0,0.0003,0.0003,0.0,-6.0,-6.0,0.0,0.0,0.4275,28.025,79.35,5587.499,58,Walker2d-v5,8256,Agente_3
332.28758931159973,60,245760,159.64046613924953,491.6321437425312,-8.72121019596917,210.79,1433,0.013378087135862844,-6.0,0.99,2.0033281017559205e-05,0.0005284620909716309,0.0003,-11.950037956237793,0.08020704984664917,-11.746099472045898,0.24328941106796265,-1.4135035276412964,-6.0,0.5143165588378906,2.1623669862747192,0.4406955013411044,0.448057607090783,0.9324784648066782,0.8461518066214968,1.0,0.8461518066214968,-11.950037956237793,0.08020704984664917,-11.746099472045898,0.24328941106796265,-1.4135035276412964,-6.0,11.013975143432617,28.803861618041992,-6.638850212097168,0.0,0.0,0.0,0.0,0.0,0.0,,,,,0.0,-6.0,1433.0,1433.0,0.0,0.013378087135862844,0.013378087135862844,0.0,2.0033281017559205e-05,2.0033281017559205e-05,0.0,0.0005284620909716309,0.0005284620909716309,0.0,0.0003,0.0003,0.0,-6.0,-6.0,0.0,0.0,0.3557142857142857,27.97142857142857,79.31428571428572,5579.638,59,Walker2d-v5,8256,Agente_3
337.807097196579,61,249856,200.58413355214384,491.6321437425312,-8.303916813742756,213.55,1433,0.013378087135862844,-6.0,0.99,2.0033281017559205e-05,0.0005284620909716309,0.0003,-12.735925674438477,0.10285583138465881,-11.663261413574219,0.23794646561145782,-1.4357095956802368,-6.0,0.6053910851478577,3.2830689549446106,0.448057607090783,0.46379095489649047,0.8753291610707905,0.7038812498631275,1.0,0.7038812498631275,-12.735925674438477,0.10285583138465881,-11.663261413574219,0.23794646561145782,-1.4357095956802368,-6.0,11.718840599060059,42.45832824707031,-8.364860534667969,0.0,0.0,0.0,0.0,0.0,0.0,,,,,0.0,-6.0,1433.0,1433.0,0.0,0.013378087135862844,0.013378087135862844,0.0,2.0033281017559205e-05,2.0033281017559205e-05,0.0,0.0005284620909716309,0.0005284620909716309,0.0,0.0003,0.0003,0.0,-6.0,-6.0,0.0,0.0,0.40874999999999995,28.1625,79.475,5571.546,60,Walker2d-v5,8256,Agente_3
344.4874792098999,62,253952,228.99419273542944,595.0858154863121,-1.5620484685594467,216.24,1433,0.013378087135862844,-6.0,0.99,2.0033281017559205e-05,0.0005284620909716309,0.0003,-15.513996124267578,0.13428115844726562,-12.007098197937012,0.23273496329784393,-1.457854986190796,-6.0,0.6245161890983582,2.9470807313919067,0.46379095489649047,0.47986347831667725,0.8332783213290127,0.707125802103679,1.0,0.707125802103679,-15.513996124267578,0.13428115844726562,-12.007098197937012,0.23273496329784393,-1.457854986190796,-6.0,14.63191032409668,37.85409927368164,-7.752005577087402,0.0,0.0,0.0,0.0,0.0,0.0,,,,,0.0,-6.0,1433.0,1433.0,0.0,0.013378087135862844,0.013378087135862844,0.0,2.0033281017559205e-05,2.0033281017559205e-05,0.0,0.0005284620909716309,0.0005284620909716309,0.0,0.0003,0.0003,0.0,-6.0,-6.0,0.0,0.0,0.325,28.0125,79.675,5681.448,61,Walker2d-v5,8256,Agente_3
349.993127822876,63,258048,251.8462721110853,595.0858154863121,-1.5620484685594467,211.85,1433,0.013378087135862844,-6.0,0.99,2.0033281017559205e-05,0.0005284620909716309,0.0003,-15.584859848022461,0.11401967704296112,-11.950664520263672,0.2275843769311905,-1.4802342653274536,-6.0,0.5847628116607666,3.5718365907669067,0.47986347831667725,0.4903534116510862,0.8258690310947769,0.8036411603920698,1.0,0.8036411603920698,-15.584859848022461,0.11401967704296112,-11.950664520263672,0.2275843769311905,-1.4802342653274536,-6.0,14.79783821105957,45.80770492553711,-10.319291114807129,0.0,0.0,0.0,0.0,0.0,0.0,,,,,0.0,-6.0,1433.0,1433.0,0.0,0.013378087135862844,0.013378087135862844,0.0,2.0033281017559205e-05,2.0033281017559205e-05,0.0,0.0005284620909716309,0.0005284620909716309,0.0,0.0003,0.0003,0.0,-6.0,-6.0,0.0,0.0,0.39375000000000004,27.6625,79.625,5660.047,62,Walker2d-v5,8256,Agente_3
355.6409776210785,64,262144,274.3907063848917,595.0858154863121,25.740685988636848,210.07,1433,0.013378087135862844,-6.0,0.99,2.0033281017559205e-05,0.0005284620909716309,0.0003,-18.36294937133789,0.11671808362007141,-12.58028793334961,0.22250351309776306,-1.502812385559082,-6.0,0.6147599220275879,2.9975078105926514,0.4903534116510862,0.5027940626887364,0.8133813914348407,0.775918472455032,1.0,0.775918472455032,-18.36294937133789,0.11671808362007141,-12.58028793334961,0.22250351309776306,-1.502812385559082,-6.0,17.52554702758789,44.10490417480469,-11.384891510009766,0.0,0.0,0.0,0.0,0.0,0.0,,,,,0.0,-6.0,1433.0,1433.0,0.0,0.013378087135862844,0.013378087135862844,0.0,2.0033281017559205e-05,2.0033281017559205e-05,0.0,0.0005284620909716309,0.0005284620909716309,0.0,0.0003,0.0003,0.0,-6.0,-6.0,0.0,0.0,0.38125,28.337500000000002,79.7375,5656.934,63,Walker2d-v5,8256,Agente_3
361.0677058696747,65,266240,297.4830403950984,954.9071722762111,26.667791046404993,216.08,1433,0.013378087135862844,-6.0,0.99,2.0033281017559205e-05,0.0005284620909716309,0.0003,-19.191146850585938,0.19814424216747284,-12.921276092529297,0.2174833118915558,-1.5256332159042358,-6.0,0.6644060611724854,7.6343278884887695,0.5027940626887364,0.5189552625371113,0.7913142903973849,0.7251129872850177,1.0,0.7251129872850177,-19.191146850585938,0.19814424216747284,-12.921276092529297,0.2174833118915558,-1.5256332159042358,-6.0,18.398969650268555,46.924705505371094,-12.693758010864258,0.0,0.0,0.0,0.0,0.0,0.0,,,,,0.0,-6.0,1433.0,1433.0,0.0,0.013378087135862844,0.013378087135862844,0.0,2.0033281017559205e-05,2.0033281017559205e-05,0.0,0.0005284620909716309,0.0005284620909716309,0.0,0.0003,0.0003,0.0,-6.0,-6.0,0.0,0.0,0.3457142857142857,28.114285714285717,79.71428571428571,5637.301,64,Walker2d-v5,8256,Agente_3
366.8526065349579,66,270336,303.19634209791866,954.9071722762111,26.667791046404993,220.04,1433,0.013378087135862844,-6.0,0.99,2.0033281017559205e-05,0.0005284620909716309,0.0003,-18.947315216064453,0.18814681470394135,-13.408740043640137,0.2124973088502884,-1.548825979232788,-6.0,0.7305219173431396,5.273619651794434,0.5189552625371113,0.5401119280177141,0.759783977817253,0.665193040076858,1.0,0.665193040076858,-18.947315216064453,0.18814681470394135,-13.408740043640137,0.2124973088502884,-1.548825979232788,-6.0,18.250307083129883,49.724857330322266,-12.635292053222656,0.0,0.0,0.0,0.0,0.0,0.0,,,,,0.0,-6.0,1433.0,1433.0,0.0,0.013378087135862844,0.013378087135862844,0.0,2.0033281017559205e-05,2.0033281017559205e-05,0.0,0.0005284620909716309,0.0005284620909716309,0.0,0.0003,0.0003,0.0,-6.0,-6.0,0.0,0.0,0.41000000000000003,28.4875,79.7125,5650.814,65,Walker2d-v5,8256,Agente_3
372.41932940483093,67,274432,315.3170677873029,954.9071722762111,39.04043634874446,222.19,1433,0.013378087135862844,-6.0,0.99,2.0033281017559205e-05,0.0005284620909716309,0.0003,-22.60857391357422,0.14469391107559204,-13.136759757995605,0.20756550133228302,-1.5723083019256592,-6.0,0.7706518173217773,3.4178080558776855,0.5401119280177141,0.5631659169481205,0.7329804252253801,0.6525697674497611,1.0,0.6525697674497611,-22.60857391357422,0.14469391107559204,-13.136759757995605,0.20756550133228302,-1.5723083019256592,-6.0,21.7744083404541,57.38264083862305,-14.905180931091309,0.0,0.0,0.0,0.0,0.0,0.0,,,,,0.0,-6.0,1433.0,1433.0,0.0,0.013378087135862844,0.013378087135862844,0.0,2.0033281017559205e-05,2.0033281017559205e-05,0.0,0.0005284620909716309,0.0005284620909716309,0.0,0.0003,0.0003,0.0,-6.0,-6.0,0.0,0.0,0.33,28.75,79.825,5650.016,66,Walker2d-v5,8256,Agente_3
377.86301922798157,68,278528,324.4599547873249,954.9071722762111,64.34793183563643,223.81,1433,0.013378087135862844,-6.0,0.99,2.0033281017559205e-05,0.0005284620909716309,0.0003,-23.768798828125,0.17427828907966614,-13.610960006713867,0.20273074507713318,-1.5958765745162964,-6.0,0.7969095706939697,5.095955491065979,0.5631659169481205,0.5865402823227054,0.7148116584995978,0.6603053583222513,1.0,0.6603053583222513,-23.768798828125,0.17427828907966614,-13.610960006713867,0.20273074507713318,-1.5958765745162964,-6.0,22.99816131591797,55.98442077636719,-15.88768482208252,0.0,0.0,0.0,0.0,0.0,0.0,,,,,0.0,-6.0,1433.0,1433.0,0.0,0.013378087135862844,0.013378087135862844,0.0,2.0033281017559205e-05,2.0033281017559205e-05,0.0,0.0005284620909716309,0.0005284620909716309,0.0,0.0003,0.0003,0.0,-6.0,-6.0,0.0,0.0,0.40714285714285714,28.014285714285712,79.71428571428571,5637.756,67,Walker2d-v5,8256,Agente_3
383.46600317955017,69,282624,325.13888962137224,954.9071722762111,64.34793183563643,224.88,1433,0.013378087135862844,-6.0,0.99,2.0033281017559205e-05,0.0005284620909716309,0.0003,-25.50421714782715,0.23704487085342407,-13.871232986450195,0.198007270693779,-1.6194515228271484,-6.0,0.8845360279083252,6.271369218826294,0.5865402823227054,0.6163398568812674,0.686524655362249,0.6016636459502028,1.0,0.6016636459502028,-25.50421714782715,0.23704487085342407,-13.871232986450195,0.198007270693779,-1.6194515228271484,-6.0,24.717422485351562,68.3173828125,-18.870590209960938,0.0,0.0,0.0,0.0,0.0,0.0,,,,,0.0,-6.0,1433.0,1433.0,0.0,0.013378087135862844,0.013378087135862844,0.0,2.0033281017559205e-05,2.0033281017559205e-05,0.0,0.0005284620909716309,0.0005284620909716309,0.0,0.0003,0.0003,0.0,-6.0,-6.0,0.0,0.0,0.35,28.412499999999998,79.825,5659.789,68,Walker2d-v5,8256,Agente_3
388.94330763816833,70,286720,329.1870011035423,608.6282987679152,64.34793183563643,226.59,1433,0.013378087135862844,-6.0,0.99,2.0033281017559205e-05,0.0005284620909716309,0.0003,-25.90228271484375,0.2350083291530609,-13.898872375488281,0.19340667128562927,-1.6429601907730103,-6.0,0.9246339797973633,7.0790488719940186,0.6163398568812674,0.647169269172877,0.6664956087454976,0.6064084688952434,1.0,0.6064084688952434,-25.90228271484375,0.2350083291530609,-13.898872375488281,0.19340667128562927,-1.6429601907730103,-6.0,25.224334716796875,61.87400436401367,-20.743553161621094,0.0,0.0,0.0,0.0,0.0,0.0,,,,,0.0,-6.0,1433.0,1433.0,0.0,0.013378087135862844,0.013378087135862844,0.0,2.0033281017559205e-05,2.0033281017559205e-05,0.0,0.0005284620909716309,0.0005284620909716309,0.0,0.0003,0.0003,0.0,-6.0,-6.0,0.0,0.0,0.35000000000000003,28.271428571428572,79.87142857142855,5653.881,69,Walker2d-v5,8256,Agente_3
394.5985927581787,71,290816,339.0482431939077,608.6282987679152,64.34793183563643,230.38,1433,0.013378087135862844,-6.0,0.99,2.0033281017559205e-05,0.0005284620909716309,0.0003,-27.668987274169922,0.24618315696716309,-14.136134147644043,0.18895073235034943,-1.6662689447402954,-6.0,0.9644427299499512,4.731200218200684,0.647169269172877,0.6788966152505844,0.6529903255584181,0.6124744759971794,1.0,0.6124744759971794,-27.668987274169922,0.24618315696716309,-14.136134147644043,0.18895073235034943,-1.6662689447402954,-6.0,27.004165649414062,65.10018920898438,-19.318340301513672,0.0,0.0,0.0,0.0,0.0,0.0,,,,,0.0,-6.0,1433.0,1433.0,0.0,0.013378087135862844,0.013378087135862844,0.0,2.0033281017559205e-05,2.0033281017559205e-05,0.0,0.0005284620909716309,0.0005284620909716309,0.0,0.0003,0.0003,0.0,-6.0,-6.0,0.0,0.0,0.41874999999999996,28.7375,79.83749999999999,5667.382,70,Walker2d-v5,8256,Agente_3
399.97330021858215,72,294912,342.3219073848934,588.6257221222068,64.34793183563643,232.38,1433,0.013378087135862844,-6.0,0.99,2.0033281017559205e-05,0.0005284620909716309,0.0003,-28.02635955810547,0.22146949172019958,-13.933326721191406,0.1846153289079666,-1.6894809007644653,-6.0,1.0643718242645264,5.266413927078247,0.6788966152505844,0.7174441361519787,0.6314359662660061,0.56677288838877,1.0,0.56677288838877,-28.02635955810547,0.22146949172019958,-13.933326721191406,0.1846153289079666,-1.6894809007644653,-6.0,27.24878692626953,72.66153717041016,-20.936368942260742,0.0,0.0,0.0,0.0,0.0,0.0,,,,,0.0,-6.0,1433.0,1433.0,0.0,0.013378087135862844,0.013378087135862844,0.0,2.0033281017559205e-05,2.0033281017559205e-05,0.0,0.0005284620909716309,0.0005284620909716309,0.0,0.0003,0.0003,0.0,-6.0,-6.0,0.0,0.0,0.39142857142857146,27.057142857142857,79.95714285714284,5536.536,71,Walker2d-v5,8256,Agente_3
405.49553537368774,73,299008,346.33140821031446,565.3991073821381,64.34793183563643,233.74,1433,0.013378087135862844,-6.0,0.99,2.0033281017559205e-05,0.0005284620909716309,0.0003,-30.842069625854492,0.181412011384964,-14.399410247802734,0.18042579293251038,-1.7124357223510742,-6.0,0.9953584671020508,4.453491926193237,0.7174441361519787,0.7452355692469859,0.643287421465855,0.6788417870654021,1.0,0.6788417870654021,-30.842069625854492,0.181412011384964,-14.399410247802734,0.18042579293251038,-1.7124357223510742,-6.0,30.17803192138672,70.07535552978516,-22.79551124572754,0.0,0.0,0.0,0.0,0.0,0.0,,,,,0.0,-6.0,1433.0,1433.0,0.0,0.013378087135862844,0.013378087135862844,0.0,2.0033281017559205e-05,2.0033281017559205e-05,0.0,0.0005284620909716309,0.0005284620909716309,0.0,0.0003,0.0003,0.0,-6.0,-6.0,0.0,0.0,0.28500000000000003,26.362499999999997,80.76250000000002,5538.068,72,Walker2d-v5,8256,Agente_3
411.2216567993164,74,303104,349.47118327402933,565.3991073821381,81.45588462781946,235.99,1433,0.013378087135862844,-6.0,0.99,2.0033281017559205e-05,0.0005284620909716309,0.0003,-33.22214126586914,0.2657502591609955,-14.171514511108398,0.17632849514484406,-1.735406517982483,-6.0,1.1019086837768555,7.52069354057312,0.7452355692469859,0.7809028806999728,0.6373774422357373,0.6196475045453843,1.0,0.6196475045453843,-33.22214126586914,0.2657502591609955,-14.171514511108398,0.17632849514484406,-1.735406517982483,-6.0,32.389625549316406,80.61595153808594,-25.629714965820312,0.0,0.0,0.0,0.0,0.0,0.0,,,,,0.0,-6.0,1433.0,1433.0,0.0,0.013378087135862844,0.013378087135862844,0.0,2.0033281017559205e-05,2.0033281017559205e-05,0.0,0.0005284620909716309,0.0005284620909716309,0.0,0.0003,0.0003,0.0,-6.0,-6.0,0.0,0.0,0.2928571428571428,25.957142857142856,83.05714285714285,5546.046,73,Walker2d-v5,8256,Agente_3
416.4547691345215,75,307200,356.0392579901959,658.0897516068361,81.45588462781946,240.24,1433,0.013378087135862844,-6.0,0.99,2.0033281017559205e-05,0.0005284620909716309,0.0003,-33.4931526184082,0.2616419792175293,-14.58108901977539,0.17237548530101776,-1.7580801248550415,-6.0,1.2219422459602356,7.069920063018799,0.7809028806999728,0.825006817225999,0.6201541958587342,0.568484456727725,1.0,0.568484456727725,-33.4931526184082,0.2616419792175293,-14.58108901977539,0.17237548530101776,-1.7580801248550415,-6.0,32.762046813964844,79.533935546875,-27.02115249633789,0.0,0.0,0.0,0.0,0.0,0.0,,,,,0.0,-6.0,1433.0,1433.0,0.0,0.013378087135862844,0.013378087135862844,0.0,2.0033281017559205e-05,2.0033281017559205e-05,0.0,0.0005284620909716309,0.0005284620909716309,0.0,0.0003,0.0003,0.0,-6.0,-6.0,0.0,0.0,0.30125,25.9,83.55,5526.865,74,Walker2d-v5,8256,Agente_3
421.9745647907257,76,311296,358.4662369316614,658.0897516068361,81.45588462781946,244.48,1433,0.013378087135862844,-6.0,0.99,2.0033281017559205e-05,0.0005284620909716309,0.0003,-36.09787368774414,0.2804950475692749,-13.961130142211914,0.16855210065841675,-1.780510425567627,-6.0,1.2002935409545898,8.462707042694092,0.825006817225999,0.8625354895988582,0.6237452105837942,0.6345182547589743,1.0,0.6345182547589743,-36.09787368774414,0.2804950475692749,-13.961130142211914,0.16855210065841675,-1.780510425567627,-6.0,35.500885009765625,84.43147277832031,-25.618558883666992,0.0,0.0,0.0,0.0,0.0,0.0,,,,,0.0,-6.0,1433.0,1433.0,0.0,0.013378087135862844,0.013378087135862844,0.0,2.0033281017559205e-05,2.0033281017559205e-05,0.0,0.0005284620909716309,0.0005284620909716309,0.0,0.0003,0.0003,0.0,-6.0,-6.0,0.0,0.0,0.3628571428571429,26.02857142857143,83.71428571428571,5500.295,75,Walker2d-v5,8256,Agente_3
427.43513202667236,77,315392,353.89622885437683,658.0897516068361,65.43167019589923,249.17,1433,0.013378087135862844,-6.0,0.99,2.0033281017559205e-05,0.0005284620909716309,0.0003,-37.16082000732422,0.3455846309661865,-13.784770965576172,0.1648324877023697,-1.8028255701065063,-6.0,1.3317737579345703,13.846170902252197,0.8625354895988582,0.9094593164324294,0.6129111993544114,0.5804091656662632,1.0,0.5804091656662632,-37.16082000732422,0.3455846309661865,-13.784770965576172,0.1648324877023697,-1.8028255701065063,-6.0,36.450279235839844,98.50682067871094,-28.353900909423828,0.0,0.0,0.0,0.0,0.0,0.0,,,,,0.0,-6.0,1433.0,1433.0,0.0,0.013378087135862844,0.013378087135862844,0.0,2.0033281017559205e-05,2.0033281017559205e-05,0.0,0.0005284620909716309,0.0005284620909716309,0.0,0.0003,0.0003,0.0,-6.0,-6.0,0.0,0.0,0.33625000000000005,26.35,84.425,5489.621,76,Walker2d-v5,8256,Agente_3
433.0275285243988,78,319488,350.1030681507176,658.0897516068361,63.71987010616219,246.65,1433,0.013378087135862844,-6.0,0.99,2.0033281017559205e-05,0.0005284620909716309,0.0003,-37.86922836303711,0.3421376347541809,-14.319995880126953,0.16119644045829773,-1.8251315355300903,-6.0,1.2387657165527344,11.65899133682251,0.9094593164324294,0.9423899564444599,0.6337382755684374,0.6962195042105155,1.0,0.6962195042105155,-37.86922836303711,0.3421376347541809,-14.319995880126953,0.16119644045829773,-1.8251315355300903,-6.0,37.264984130859375,87.55989837646484,-29.677400588989258,0.0,0.0,0.0,0.0,0.0,0.0,,,,,0.0,-6.0,1433.0,1433.0,0.0,0.013378087135862844,0.013378087135862844,0.0,2.0033281017559205e-05,2.0033281017559205e-05,0.0,0.0005284620909716309,0.0005284620909716309,0.0,0.0003,0.0003,0.0,-6.0,-6.0,0.0,0.0,0.3028571428571429,26.685714285714283,85.08571428571427,5504.616,77,Walker2d-v5,8256,Agente_3
438.66585302352905,79,323584,351.41348027262165,658.0897516068361,63.71987010616219,249.55,1433,0.013378087135862844,-6.0,0.99,2.0033281017559205e-05,0.0005284620909716309,0.0003,-40.04425811767578,0.4012763798236847,-13.83669662475586,0.15766607224941254,-1.847275972366333,-6.0,1.4805588722229004,15.491304874420166,0.9423899564444599,0.996206848022304,0.6165341288194406,0.5649216885724501,1.0,0.5649216885724501,-40.04425811767578,0.4012763798236847,-13.83669662475586,0.15766607224941254,-1.847275972366333,-6.0,39.441810607910156,97.78351593017578,-28.725866317749023,0.0,0.0,0.0,0.0,0.0,0.0,,,,,0.0,-6.0,1433.0,1433.0,0.0,0.013378087135862844,0.013378087135862844,0.0,2.0033281017559205e-05,2.0033281017559205e-05,0.0,0.0005284620909716309,0.0005284620909716309,0.0,0.0003,0.0003,0.0,-6.0,-6.0,0.0,0.0,0.30433333333333323,23.786666666666672,85.81666666666666,5508.223,78,Walker2d-v5,8256,Agente_3
444.2313461303711,80,327680,350.4046794028391,589.2982182165489,63.71987010616219,249.3,1433,0.013378087135862844,-6.0,0.99,2.0033281017559205e-05,0.0005284620909716309,0.0003,-40.645423889160156,0.3641948103904724,-14.781131744384766,0.15422460436820984,-1.8693451881408691,-6.0,1.3445539474487305,12.719541549682617,0.996206848022304,1.0310415579649466,0.6386301573294405,0.7049182428594404,1.0,0.7049182428594404,-40.645423889160156,0.3641948103904724,-14.781131744384766,0.15422460436820984,-1.8693451881408691,-6.0,39.982879638671875,100.14204406738281,-34.24673080444336,0.0,0.0,0.0,0.0,0.0,0.0,,,,,0.0,-6.0,1433.0,1433.0,0.0,0.013378087135862844,0.013378087135862844,0.0,2.0033281017559205e-05,2.0033281017559205e-05,0.0,0.0005284620909716309,0.0005284620909716309,0.0,0.0003,0.0003,0.0,-6.0,-6.0,0.0,0.0,0.3025,26.637500000000003,87.21249999999999,5517.041,79,Walker2d-v5,8256,Agente_3
450.0667600631714,81,331776,343.16243614912383,589.2982182165489,63.71987010616219,247.76,1433,0.013378087135862844,-6.0,0.99,2.0033281017559205e-05,0.0005284620909716309,0.0003,-40.73279571533203,0.2784637212753296,-14.669893264770508,0.15084387362003326,-1.8915098905563354,-6.0,1.1900978088378906,8.035680294036865,1.0310415579649466,1.046947183052241,0.6932332934138765,0.8570427016671847,1.0,0.8570427016671847,-40.73279571533203,0.2784637212753296,-14.669893264770508,0.15084387362003326,-1.8915098905563354,-6.0,40.06743621826172,102.9932632446289,-35.04413986206055,0.0,0.0,0.0,0.0,0.0,0.0,,,,,0.0,-6.0,1433.0,1433.0,0.0,0.013378087135862844,0.013378087135862844,0.0,2.0033281017559205e-05,2.0033281017559205e-05,0.0,0.0005284620909716309,0.0005284620909716309,0.0,0.0003,0.0003,0.0,-6.0,-6.0,0.0,0.0,0.34124999999999994,26.775,87.3375,5534.956,80,Walker2d-v5,8256,Agente_3
455.75236105918884,82,335872,350.0673284098435,589.2982182165489,63.71987010616219,242.69,1433,0.013378087135862844,-6.0,0.99,2.0033281017559205e-05,0.0005284620909716309,0.0003,-46.7463493347168,0.40824878215789795,-14.158933639526367,0.1475415974855423,-1.9136451482772827,-6.0,1.5526609420776367,16.00169563293457,1.046947183052241,1.0975185589547807,0.6741517904514108,0.6169072815640136,1.0,0.6169072815640136,-46.7463493347168,0.40824878215789795,-14.158933639526367,0.1475415974855423,-1.9136451482772827,-6.0,46.21314239501953,109.97749328613281,-35.929176330566406,0.0,0.0,0.0,0.0,0.0,0.0,,,,,0.0,-6.0,1433.0,1433.0,0.0,0.013378087135862844,0.013378087135862844,0.0,2.0033281017559205e-05,2.0033281017559205e-05,0.0,0.0005284620909716309,0.0005284620909716309,0.0,0.0003,0.0003,0.0,-6.0,-6.0,0.0,0.0,0.38,27.1,86.8875,5566.249,81,Walker2d-v5,8256,Agente_3
461.4275929927826,83,339968,349.3621851494711,523.6892106563809,63.71987010616219,244.46,1433,0.013378087135862844,-6.0,0.99,2.0033281017559205e-05,0.0005284620909716309,0.0003,-46.342071533203125,0.4053272306919098,-13.988456726074219,0.14437177777290344,-1.935363531112671,-6.0,1.5972328186035156,11.49071979522705,1.0975185589547807,1.147489984919654,0.6641762291916571,0.6342495454123956,1.0,0.6342495454123956,-46.342071533203125,0.4053272306919098,-13.988456726074219,0.14437177777290344,-1.935363531112671,-6.0,45.606929779052734,102.07829284667969,-37.17521286010742,0.0,0.0,0.0,0.0,0.0,0.0,,,,,0.0,-6.0,1433.0,1433.0,0.0,0.013378087135862844,0.013378087135862844,0.0,2.0033281017559205e-05,2.0033281017559205e-05,0.0,0.0005284620909716309,0.0005284620909716309,0.0,0.0003,0.0003,0.0,-6.0,-6.0,0.0,0.0,0.39375000000000004,28.1,86.675,5581.596,82,Walker2d-v5,8256,Agente_3
466.9595317840576,84,344064,353.42164879007845,549.9362002225391,75.78706677429295,243.2,1433,0.013378087135862844,-6.0,0.99,2.0033281017559205e-05,0.0005284620909716309,0.0003,-51.37940979003906,0.3811793327331543,-14.433512687683105,0.1412593573331833,-1.9571576118469238,-6.0,1.5549705028533936,10.671064376831055,1.147489984919654,1.1882380367130279,0.6734069639185114,0.7010991680990742,1.0,0.7010991680990742,-51.37940979003906,0.3811793327331543,-14.433512687683105,0.1412593573331833,-1.9571576118469238,-6.0,50.74106216430664,105.71685028076172,-36.67338180541992,0.0,0.0,0.0,0.0,0.0,0.0,,,,,0.0,-6.0,1433.0,1433.0,0.0,0.013378087135862844,0.013378087135862844,0.0,2.0033281017559205e-05,2.0033281017559205e-05,0.0,0.0005284620909716309,0.0005284620909716309,0.0,0.0003,0.0003,0.0,-6.0,-6.0,0.0,0.0,0.42857142857142855,27.25714285714286,86.57142857142857,5562.121,83,Walker2d-v5,8256,Agente_3
472.5125231742859,85,348160,352.3070398248153,549.9362002225391,75.78706677429295,241.57,1433,0.013378087135862844,-6.0,0.99,2.0033281017559205e-05,0.0005284620909716309,0.0003,-52.52851104736328,0.4401489794254303,-15.042549133300781,0.13822637498378754,-1.9788625240325928,-6.0,1.4263248443603516,15.094016551971436,1.1882380367130279,1.2120467174777603,0.7096622717924235,0.8184281954141595,1.0,0.8184281954141595,-52.52851104736328,0.4401489794254303,-15.042549133300781,0.13822637498378754,-1.9788625240325928,-6.0,51.652374267578125,110.9172134399414,-37.74945831298828,0.0,0.0,0.0,0.0,0.0,0.0,,,,,0.0,-6.0,1433.0,1433.0,0.0,0.013378087135862844,0.013378087135862844,0.0,2.0033281017559205e-05,2.0033281017559205e-05,0.0,0.0005284620909716309,0.0005284620909716309,0.0,0.0003,0.0003,0.0,-6.0,-6.0,0.0,0.0,0.34375,27.737500000000004,86.6,5593.849,84,Walker2d-v5,8256,Agente_3
477.98524045944214,86,352256,356.6358036047342,640.2402956612302,65.32888992102684,243.29,1433,0.013378087135862844,-6.0,0.99,2.0033281017559205e-05,0.0005284620909716309,0.0003,-50.75851058959961,0.38609713315963745,-14.823227882385254,0.13518217206001282,-2.001132011413574,-6.0,1.6665083169937134,11.795212745666504,1.2120467174777603,1.2574928774293557,0.7040769529468165,0.6873209964099957,1.0,0.6873209964099957,-50.75851058959961,0.38609713315963745,-14.823227882385254,0.13518217206001282,-2.001132011413574,-6.0,50.006622314453125,110.29438781738281,-42.94928741455078,0.0,0.0,0.0,0.0,0.0,0.0,,,,,0.0,-6.0,1433.0,1433.0,0.0,0.013378087135862844,0.013378087135862844,0.0,2.0033281017559205e-05,2.0033281017559205e-05,0.0,0.0005284620909716309,0.0005284620909716309,0.0,0.0003,0.0003,0.0,-6.0,-6.0,0.0,0.0,0.36375,27.8875,86.80000000000001,5589.218,85,Walker2d-v5,8256,Agente_3
483.67199206352234,87,356352,360.48056008722085,640.2402956612302,65.32888992102684,246.41,1433,0.013378087135862844,-6.0,0.99,2.0033281017559205e-05,0.0005284620909716309,0.0003,-50.847198486328125,0.4776032567024231,-13.994171142578125,0.13224191963672638,-2.0231223106384277,-6.0,1.5876779556274414,48.95517349243164,1.2574928774293557,1.290511385249164,0.7203250574959357,0.7690693711432932,1.0,0.7690693711432932,-50.847198486328125,0.4776032567024231,-13.994171142578125,0.13224191963672638,-2.0231223106384277,-6.0,50.068931579589844,115.68482971191406,-45.14051055908203,0.0,0.0,0.0,0.0,0.0,0.0,,,,,0.0,-6.0,1433.0,1433.0,0.0,0.013378087135862844,0.013378087135862844,0.0,2.0033281017559205e-05,2.0033281017559205e-05,0.0,0.0005284620909716309,0.0005284620909716309,0.0,0.0003,0.0003,0.0,-6.0,-6.0,0.0,0.0,0.4042857142857143,27.98571428571429,86.55714285714285,5611.909,86,Walker2d-v5,8256,Agente_3
489.2628221511841,88,360448,371.40948238759586,640.2402956612302,65.32888992102684,250.12,1433,0.013378087135862844,-6.0,0.99,2.0033281017559205e-05,0.0005284620909716309,0.0003,-48.75448226928711,0.4538644254207611,-14.902363777160645,0.12936432659626007,-2.0451226234436035,-6.0,1.7788581848144531,16.55426788330078,1.290511385249164,1.339346065205693,0.7114806163758255,0.6849472930154951,1.0,0.6849472930154951,-48.75448226928711,0.4538644254207611,-14.902363777160645,0.12936432659626007,-2.0451226234436035,-6.0,48.112640380859375,116.14654541015625,-46.45264434814453,0.0,0.0,0.0,0.0,0.0,0.0,,,,,0.0,-6.0,1433.0,1433.0,0.0,0.013378087135862844,0.013378087135862844,0.0,2.0033281017559205e-05,2.0033281017559205e-05,0.0,0.0005284620909716309,0.0005284620909716309,0.0,0.0003,0.0003,0.0,-6.0,-6.0,0.0,0.0,0.3825,27.9125,86.625,5611.673,87,Walker2d-v5,8256,Agente_3
494.71879982948303,89,364544,370.5765049849744,640.2402956612302,65.32888992102684,250.04,1433,0.013378087135862844,-6.0,0.99,2.0033281017559205e-05,0.0005284620909716309,0.0003,-51.050010681152344,0.38553279638290405,-15.185707092285156,0.12652982771396637,-2.067277193069458,-6.0,1.607583999633789,12.887422561645508,1.339346065205693,1.3661698586485025,0.7382368110861672,0.8185053952171923,1.0,0.8185053952171923,-51.050010681152344,0.38553279638290405,-15.185707092285156,0.12652982771396637,-2.067277193069458,-6.0,50.18397521972656,123.98120880126953,-41.1422233581543,0.0,0.0,0.0,0.0,0.0,0.0,,,,,0.0,-6.0,1433.0,1433.0,0.0,0.013378087135862844,0.013378087135862844,0.0,2.0033281017559205e-05,2.0033281017559205e-05,0.0,0.0005284620909716309,0.0005284620909716309,0.0,0.0003,0.0003,0.0,-6.0,-6.0,0.0,0.0,0.31625000000000003,26.2625,87.475,5593.369,88,Walker2d-v5,8256,Agente_3
500.2710692882538,90,368640,372.6167397945255,640.2402956612302,65.32888992102684,250.74,1433,0.013378087135862844,-6.0,0.99,2.0033281017559205e-05,0.0005284620909716309,0.0003,-54.62027359008789,0.4702019989490509,-15.274120330810547,0.12373208999633789,-2.0896365642547607,-6.0,1.6955604553222656,20.18410301208496,1.3661698586485025,1.3991089183158787,0.7501173588233068,0.7857590020347252,1.0,0.7857590020347252,-54.62027359008789,0.4702019989490509,-15.274120330810547,0.12373208999633789,-2.0896365642547607,-6.0,53.85801696777344,155.15042114257812,-37.784420013427734,0.0,0.0,0.0,0.0,0.0,0.0,,,,,0.0,-6.0,1433.0,1433.0,0.0,0.013378087135862844,0.013378087135862844,0.0,2.0033281017559205e-05,2.0033281017559205e-05,0.0,0.0005284620909716309,0.0005284620909716309,0.0,0.0003,0.0003,0.0,-6.0,-6.0,0.0,0.0,0.3085714285714286,26.45714285714286,88.10000000000001,5591.944,89,Walker2d-v5,8256,Agente_3
505.5638484954834,91,372736,388.89503136851397,640.2402956612302,65.32888992102684,257.39,1433,0.013378087135862844,-6.0,0.99,2.0033281017559205e-05,0.0005284620909716309,0.0003,-56.898582458496094,0.4829414486885071,-15.460343360900879,0.12103081494569778,-2.1117100715637207,-6.0,1.652846336364746,33.683151721954346,1.3991089183158787,1.4244826601207654,0.7711225164552119,0.8341379893509272,1.0,0.8341379893509272,-56.898582458496094,0.4829414486885071,-15.460343360900879,0.12103081494569778,-2.1117100715637207,-6.0,56.299827575683594,155.75384521484375,-50.35020446777344,0.0,0.0,0.0,0.0,0.0,0.0,,,,,0.0,-6.0,1433.0,1433.0,0.0,0.013378087135862844,0.013378087135862844,0.0,2.0033281017559205e-05,2.0033281017559205e-05,0.0,0.0005284620909716309,0.0005284620909716309,0.0,0.0003,0.0003,0.0,-6.0,-6.0,0.0,0.0,0.31000000000000005,25.262500000000003,88.2,5537.919,90,Walker2d-v5,8256,Agente_3
511.13911843299866,92,376832,386.86261009995195,653.2550581251114,65.32888992102684,257.82,1433,0.013378087135862844,-6.0,0.99,2.0033281017559205e-05,0.0005284620909716309,0.0003,-60.81559371948242,0.42003217339515686,-15.236013412475586,0.11837244778871536,-2.1339192390441895,-6.0,1.8074474334716797,13.308324813842773,1.4244826601207654,1.4627791374558567,0.7694073516689746,0.7642618573102627,1.0,0.7642618573102627,-60.81559371948242,0.42003217339515686,-15.236013412475586,0.11837244778871536,-2.1339192390441895,-6.0,60.272743225097656,127.41226959228516,-48.495277404785156,0.0,0.0,0.0,0.0,0.0,0.0,,,,,0.0,-6.0,1433.0,1433.0,0.0,0.013378087135862844,0.013378087135862844,0.0,2.0033281017559205e-05,2.0033281017559205e-05,0.0,0.0005284620909716309,0.0005284620909716309,0.0,0.0003,0.0003,0.0,-6.0,-6.0,0.0,0.0,0.33714285714285713,27.057142857142857,86.67142857142858,5526.591,91,Walker2d-v5,8256,Agente_3
516.6411175727844,93,380928,405.05745261511635,653.2550581251114,74.83728017353602,262.23,1433,0.013378087135862844,-6.0,0.99,2.0033281017559205e-05,0.0005284620909716309,0.0003,-60.241722106933594,0.6140382289886475,-15.269179344177246,0.11574841290712357,-2.1563363075256348,-6.0,2.001093864440918,56.445804595947266,1.4627791374558567,1.5166106101543628,0.750083390820665,0.6921115082757364,1.0,0.6921115082757364,-60.241722106933594,0.6140382289886475,-15.269179344177246,0.11574841290712357,-2.1563363075256348,-6.0,59.27137756347656,131.824462890625,-54.86372375488281,0.0,0.0,0.0,0.0,0.0,0.0,,,,,0.0,-6.0,1433.0,1433.0,0.0,0.013378087135862844,0.013378087135862844,0.0,2.0033281017559205e-05,2.0033281017559205e-05,0.0,0.0005284620909716309,0.0005284620909716309,0.0,0.0003,0.0003,0.0,-6.0,-6.0,0.0,0.0,0.365,27.75,86.2625,5509.25,92,Walker2d-v5,8256,Agente_3
522.2531540393829,94,385024,402.0234189485639,653.2550581251114,74.83728017353602,261.98,1433,0.013378087135862844,-6.0,0.99,2.0033281017559205e-05,0.0005284620909716309,0.0003,-60.633609771728516,0.43461719155311584,-15.497587203979492,0.11319535225629807,-2.178640127182007,-6.0,1.8891677856445312,13.530439376831055,1.5166106101543628,1.5538663277033795,0.7581113017277551,0.782195034449025,1.0,0.782195034449025,-60.633609771728516,0.43461719155311584,-15.497587203979492,0.11319535225629807,-2.178640127182007,-6.0,59.973548889160156,137.7904052734375,-45.958011627197266,0.0,0.0,0.0,0.0,0.0,0.0,,,,,0.0,-6.0,1433.0,1433.0,0.0,0.013378087135862844,0.013378087135862844,0.0,2.0033281017559205e-05,2.0033281017559205e-05,0.0,0.0005284620909716309,0.0005284620909716309,0.0,0.0003,0.0003,0.0,-6.0,-6.0,0.0,0.0,0.37124999999999997,28.075,86.125,5517.271,93,Walker2d-v5,8256,Agente_3
527.9942078590393,95,389120,421.0627180716723,653.2550581251114,92.84851710458554,262.04,1433,0.013378087135862844,-6.0,0.99,2.0033281017559205e-05,0.0005284620909716309,0.0003,-61.543941497802734,0.5305843353271484,-15.013311386108398,0.11073338240385056,-2.200629949569702,-6.0,1.9125404357910156,33.348167419433594,1.5538663277033795,1.589733738512143,0.767052701451277,0.793876900621843,1.0,0.793876900621843,-61.543941497802734,0.5305843353271484,-15.013311386108398,0.11073338240385056,-2.200629949569702,-6.0,60.674842834472656,142.0005340576172,-51.89138412475586,0.0,0.0,0.0,0.0,0.0,0.0,,,,,0.0,-6.0,1433.0,1433.0,0.0,0.013378087135862844,0.013378087135862844,0.0,2.0033281017559205e-05,2.0033281017559205e-05,0.0,0.0005284620909716309,0.0005284620909716309,0.0,0.0003,0.0003,0.0,-6.0,-6.0,0.0,0.0,0.27999999999999997,32.7,76.61428571428571,5536.135,94,Walker2d-v5,8256,Agente_3
533.656751871109,96,393216,420.48748813626565,653.2550581251114,92.84851710458554,261.72,1433,0.013378087135862844,-6.0,0.99,2.0033281017559205e-05,0.0005284620909716309,0.0003,-67.96452331542969,0.5419229865074158,-15.144367218017578,0.108356773853302,-2.2223260402679443,-6.0,1.967203140258789,36.06900405883789,1.589733738512143,1.6274806786868077,0.7724502047758168,0.7886427147494363,1.0,0.7886427147494363,-67.96452331542969,0.5419229865074158,-15.144367218017578,0.108356773853302,-2.2223260402679443,-6.0,67.38610076904297,163.46665954589844,-52.058719635009766,0.0,0.0,0.0,0.0,0.0,0.0,,,,,0.0,-6.0,1433.0,1433.0,0.0,0.013378087135862844,0.013378087135862844,0.0,2.0033281017559205e-05,2.0033281017559205e-05,0.0,0.0005284620909716309,0.0005284620909716309,0.0,0.0003,0.0003,0.0,-6.0,-6.0,0.0,0.0,0.3325,26.6375,80.69999999999999,5555.052,95,Walker2d-v5,8256,Agente_3
539.2215592861176,97,397312,422.0865370370092,653.2550581251114,92.84851710458554,261.48,1433,0.013378087135862844,-6.0,0.99,2.0033281017559205e-05,0.0005284620909716309,0.0003,-65.10614776611328,0.5315074324607849,-14.64952564239502,0.1060807853937149,-2.2435543537139893,-6.0,2.3153514862060547,22.435508728027344,1.6274806786868077,1.6962677594387323,0.7431630221727068,0.6553014743633769,1.0,0.6553014743633769,-65.10614776611328,0.5315074324607849,-14.64952564239502,0.1060807853937149,-2.2435543537139893,-6.0,64.24950408935547,142.8449249267578,-57.255859375,0.0,0.0,0.0,0.0,0.0,0.0,,,,,0.0,-6.0,1433.0,1433.0,0.0,0.013378087135862844,0.013378087135862844,0.0,2.0033281017559205e-05,2.0033281017559205e-05,0.0,0.0005284620909716309,0.0005284620909716309,0.0,0.0003,0.0003,0.0,-6.0,-6.0,0.0,0.0,0.33125,26.875,87.28750000000001,5542.632,96,Walker2d-v5,8256,Agente_3
544.7296276092529,98,401408,418.7242543206654,653.2550581251114,92.84851710458554,258.87,1433,0.013378087135862844,-6.0,0.99,2.0033281017559205e-05,0.0005284620909716309,0.0003,-70.48371124267578,0.4400213360786438,-14.02694034576416,0.10386908799409866,-2.2646238803863525,-6.0,1.7179946899414062,12.336788654327393,1.6962677594387323,1.6984404524889998,0.8041905215806742,0.987273019804576,1.0,0.987273019804576,-70.48371124267578,0.4400213360786438,-14.02694034576416,0.10386908799409866,-2.2646238803863525,-6.0,69.76396942138672,149.32467651367188,-50.19709396362305,0.0,0.0,0.0,0.0,0.0,0.0,,,,,0.0,-6.0,1433.0,1433.0,0.0,0.013378087135862844,0.013378087135862844,0.0,2.0033281017559205e-05,2.0033281017559205e-05,0.0,0.0005284620909716309,0.0005284620909716309,0.0,0.0003,0.0003,0.0,-6.0,-6.0,0.0,0.0,0.3714285714285714,26.971428571428568,89.1857142857143,5534.523,97,Walker2d-v5,8256,Agente_3
550.2420756816864,99,405504,424.36888464812057,836.3568594093839,92.84851710458554,269.1,1433,0.013378087135862844,-6.0,0.99,2.0033281017559205e-05,0.0005284620909716309,0.0003,-67.17324829101562,0.5218431949615479,-13.857555389404297,0.10178766399621964,-2.2848663330078125,-6.0,2.1813772916793823,23.78599500656128,1.6984404524889998,1.7467341364080382,0.7912703268491879,0.7525097426547289,1.0,0.7525097426547289,-67.17324829101562,0.5218431949615479,-13.857555389404297,0.10178766399621964,-2.2848663330078125,-6.0,66.31076049804688,159.02999877929688,-63.71046829223633,0.0,0.0,0.0,0.0,0.0,0.0,,,,,0.0,-6.0,1433.0,1433.0,0.0,0.013378087135862844,0.013378087135862844,0.0,2.0033281017559205e-05,2.0033281017559205e-05,0.0,0.0005284620909716309,0.0005284620909716309,0.0,0.0003,0.0003,0.0,-6.0,-6.0,0.0,0.0,0.355,26.125,89.475,5539.967,98,Walker2d-v5,8256,Agente_3
556.4999279975891,100,409600,436.375088814033,836.3568594093839,64.46160502560578,280.02,1433,0.013378087135862844,-6.0,0.99,2.0033281017559205e-05,0.0005284620909716309,0.0003,-69.3833999633789,0.5465949773788452,-12.325265884399414,0.0998421460390091,-2.3041648864746094,-6.0,2.269357681274414,17.002119064331055,1.7467341364080382,1.7989964908946758,0.7788054512598039,0.741410824491652,1.0,0.741410824491652,-69.3833999633789,0.5465949773788452,-12.325265884399414,0.0998421460390091,-2.3041648864746094,-6.0,68.39712524414062,154.8170623779297,-58.91032791137695,0.0,0.0,0.0,0.0,0.0,0.0,,,,,0.0,-6.0,1433.0,1433.0,0.0,0.013378087135862844,0.013378087135862844,0.0,2.0033281017559205e-05,2.0033281017559205e-05,0.0,0.0005284620909716309,0.0005284620909716309,0.0,0.0003,0.0003,0.0,-6.0,-6.0,0.0,0.0,0.35714285714285715,25.099999999999998,89.87142857142858,5610.632,99,Walker2d-v5,8256,Agente_3
561.958493232727,101,413696,439.44831165647497,895.5091862301155,14.385560632890144,287.74,1433,0.013378087135862844,-6.0,0.99,2.0033281017559205e-05,0.0005284620909716309,0.0003,-67.94432067871094,0.4832383394241333,-12.529723167419434,0.09802649915218353,-2.3225173950195312,-6.0,1.9342231750488281,18.35180902481079,1.7989964908946758,1.812519159310091,0.8160010360774455,0.9275877905303701,1.0,0.9275877905303701,-67.94432067871094,0.4832383394241333,-12.529723167419434,0.09802649915218353,-2.3225173950195312,-6.0,66.99042510986328,156.2350616455078,-59.99300003051758,0.0,0.0,0.0,0.0,0.0,0.0,,,,,0.0,-6.0,1433.0,1433.0,0.0,0.013378087135862844,0.013378087135862844,0.0,2.0033281017559205e-05,2.0033281017559205e-05,0.0,0.0005284620909716309,0.0005284620909716309,0.0,0.0003,0.0003,0.0,-6.0,-6.0,0.0,0.0,0.3942857142857143,26.099999999999998,90.02857142857144,5627.192,100,Walker2d-v5,8256,Agente_3
567.3821833133698,102,417792,447.9130205098528,895.5091862301155,14.385560632890144,293.45,1433,0.013378087135862844,-6.0,0.99,2.0033281017559205e-05,0.0005284620909716309,0.0003,-72.25564575195312,0.5785842537879944,-12.349420547485352,0.09625822305679321,-2.3407208919525146,-6.0,2.2101707458496094,19.95955181121826,1.812519159310091,1.852284317964043,0.812752566169298,0.803007156444856,1.0,0.803007156444856,-72.25564575195312,0.5785842537879944,-12.349420547485352,0.09625822305679321,-2.3407208919525146,-6.0,71.08972930908203,168.28126525878906,-64.72067260742188,0.0,0.0,0.0,0.0,0.0,0.0,,,,,0.0,-6.0,1433.0,1433.0,0.0,0.013378087135862844,0.013378087135862844,0.0,2.0033281017559205e-05,2.0033281017559205e-05,0.0,0.0005284620909716309,0.0005284620909716309,0.0,0.0003,0.0003,0.0,-6.0,-6.0,0.0,0.0,0.385,26.4625,89.44999999999999,5612.302,101,Walker2d-v5,8256,Agente_3
573.0525348186493,103,421888,464.78471042023375,895.5091862301155,14.385560632890144,314.84,1433,0.013378087135862844,-6.0,0.99,2.0033281017559205e-05,0.0005284620909716309,0.0003,-78.59890747070312,0.6444959044456482,-11.748323440551758,0.09452154487371445,-2.3589274883270264,-6.0,2.255673408508301,23.617806434631348,1.852284317964043,1.8926232270184686,0.8106401688293288,0.8043029768094208,1.0,0.8043029768094208,-78.59890747070312,0.6444959044456482,-11.748323440551758,0.09452154487371445,-2.3589274883270264,-6.0,77.40228271484375,168.25662231445312,-65.66183471679688,0.0,0.0,0.0,0.0,0.0,0.0,,,,,0.0,-6.0,1433.0,1433.0,0.0,0.013378087135862844,0.013378087135862844,0.0,2.0033281017559205e-05,2.0033281017559205e-05,0.0,0.0005284620909716309,0.0005284620909716309,0.0,0.0003,0.0003,0.0,-6.0,-6.0,0.0,0.0,0.39714285714285713,28.1,88.57142857142857,5628.794,102,Walker2d-v5,8256,Agente_3
578.6408817768097,104,425984,464.540506968696,895.5091862301155,14.385560632890144,318.74,1433,0.013378087135862844,-6.0,0.99,2.0033281017559205e-05,0.0005284620909716309,0.0003,-76.98072052001953,0.5631092190742493,-11.848299980163574,0.09278621524572372,-2.3774571418762207,-6.0,2.6505794525146484,19.313729286193848,1.8926232270184686,1.9684188495680865,0.7754798551836969,0.669998914246801,1.0,0.669998914246801,-76.98072052001953,0.5631092190742493,-11.848299980163574,0.09278621524572372,-2.3774571418762207,-6.0,76.20204162597656,175.79507446289062,-60.350040435791016,0.0,0.0,0.0,0.0,0.0,0.0,,,,,0.0,-6.0,1433.0,1433.0,0.0,0.013378087135862844,0.013378087135862844,0.0,2.0033281017559205e-05,2.0033281017559205e-05,0.0,0.0005284620909716309,0.0005284620909716309,0.0,0.0003,0.0003,0.0,-6.0,-6.0,0.0,0.0,0.3725,27.950000000000003,88.325,5626.555,103,Walker2d-v5,8256,Agente_3
584.0920870304108,105,430080,468.5971091926018,895.5091862301155,14.385560632890144,334.98,1433,0.013378087135862844,-6.0,0.99,2.0033281017559205e-05,0.0005284620909716309,0.0003,-80.95146942138672,0.6646069288253784,-11.649842262268066,0.09114290028810501,-2.395326614379883,-6.0,2.3162660598754883,23.593623161315918,1.9684188495680865,2.003203570598827,0.7911147441513221,0.838019411054198,1.0,0.838019411054198,-80.95146942138672,0.6646069288253784,-11.649842262268066,0.09114290028810501,-2.395326614379883,-6.0,79.61895751953125,157.81788635253906,-48.81026840209961,0.0,0.0,0.0,0.0,0.0,0.0,,,,,0.0,-6.0,1433.0,1433.0,0.0,0.013378087135862844,0.013378087135862844,0.0,2.0033281017559205e-05,2.0033281017559205e-05,0.0,0.0005284620909716309,0.0005284620909716309,0.0,0.0003,0.0003,0.0,-6.0,-6.0,0.0,0.0,0.35714285714285715,27.24285714285714,88.67142857142859,5597.441,104,Walker2d-v5,8256,Agente_3
589.5302698612213,106,434176,484.9890185762081,997.6258475493571,14.385560632890144,403.32,1433,0.013378087135862844,-6.0,0.99,2.0033281017559205e-05,0.0005284620909716309,0.0003,-77.82159423828125,0.6403875350952148,-10.66860580444336,0.08956211060285568,-2.412822961807251,-6.0,2.692140579223633,19.238708972930908,2.003203570598827,2.0720972714613075,0.7705828919317153,0.7089873352728949,1.0,0.7089873352728949,-77.82159423828125,0.6403875350952148,-10.66860580444336,0.08956211060285568,-2.412822961807251,-6.0,76.27825927734375,177.65907287597656,-62.17427444458008,0.0,0.0,0.0,0.0,0.0,0.0,,,,,0.0,-6.0,1433.0,1433.0,0.0,0.013378087135862844,0.013378087135862844,0.0,2.0033281017559205e-05,2.0033281017559205e-05,0.0,0.0005284620909716309,0.0005284620909716309,0.0,0.0003,0.0003,0.0,-6.0,-6.0,0.0,0.0,0.29500000000000004,26.6,89.425,5574.725,105,Walker2d-v5,8256,Agente_3
595.1317639350891,107,438272,418.8184572869881,997.6258475493571,10.743890862004745,340.93,1433,0.013378087135862844,-6.0,0.99,2.0033281017559205e-05,0.0005284620909716309,0.0003,-86.07954406738281,0.6173252463340759,-9.44295597076416,0.0882222130894661,-2.427896499633789,-6.0,2.3572587966918945,14.830670356750488,2.0720972714613075,2.1006134239843663,0.7957946658849755,0.8714299877447561,1.0,0.8714299877447561,-86.07954406738281,0.6173252463340759,-9.44295597076416,0.0882222130894661,-2.427896499633789,-6.0,84.1861572265625,170.50209045410156,-59.75636291503906,0.0,0.0,0.0,0.0,0.0,0.0,,,,,0.0,-6.0,1433.0,1433.0,0.0,0.013378087135862844,0.013378087135862844,0.0,2.0033281017559205e-05,2.0033281017559205e-05,0.0,0.0005284620909716309,0.0005284620909716309,0.0,0.0003,0.0003,0.0,-6.0,-6.0,0.0,0.0,0.32142857142857145,26.057142857142857,90.5142857142857,5578.567,106,Walker2d-v5,8256,Agente_3
600.7509126663208,108,442368,342.9199331067682,997.6258475493571,10.743890862004745,268.36,1433,0.013378087135862844,-6.0,0.99,2.0033281017559205e-05,0.0005284620909716309,0.0003,-88.49566650390625,0.737196147441864,-5.871686935424805,0.08716921508312225,-2.439903974533081,-6.0,2.648390293121338,20.97023868560791,2.1006134239843663,2.1553911108980635,0.7894605352878159,0.7704581434963369,1.0,0.7704581434963369,-88.49566650390625,0.737196147441864,-5.871686935424805,0.08716921508312225,-2.439903974533081,-6.0,86.71694946289062,167.72203063964844,-42.462345123291016,0.0,0.0,0.0,0.0,0.0,0.0,,,,,0.0,-6.0,1433.0,1433.0,0.0,0.013378087135862844,0.013378087135862844,0.0,2.0033281017559205e-05,2.0033281017559205e-05,0.0,0.0005284620909716309,0.0005284620909716309,0.0,0.0003,0.0003,0.0,-6.0,-6.0,0.0,0.0,0.29875,25.85,90.2125,5589.657,107,Walker2d-v5,8256,Agente_3
606.6108961105347,109,446464,213.27289740248042,393.4702397567428,14.033192079620548,104.25,1433,0.013378087135862844,-6.0,0.99,2.0033281017559205e-05,0.0005284620909716309,0.0003,-88.78424072265625,0.6469895839691162,-5.653254508972168,0.08636242896318436,-2.449202537536621,-6.0,2.9419307708740234,18.478147506713867,2.1553911108980635,2.2340450768956592,0.7656589058846659,0.6942540176752158,1.0,0.6942540176752158,-88.78424072265625,0.6469895839691162,-5.653254508972168,0.08636242896318436,-2.449202537536621,-6.0,86.6662826538086,183.21852111816406,-59.017433166503906,0.0,0.0,0.0,0.0,0.0,0.0,,,,,0.0,-6.0,1433.0,1433.0,0.0,0.013378087135862844,0.013378087135862844,0.0,2.0033281017559205e-05,2.0033281017559205e-05,0.0,0.0005284620909716309,0.0005284620909716309,0.0,0.0003,0.0003,0.0,-6.0,-6.0,0.0,0.0,0.31875,27.375,88.6875,5624.573,108,Walker2d-v5,8256,Agente_3
612.2313678264618,110,450560,59.70876801848035,374.23666510863893,13.527812981775789,37.983050847457626,1433,0.013378087135862844,-6.0,0.99,2.0033281017559205e-05,0.0005284620909716309,0.0003,-93.19055938720703,0.7548377513885498,-4.114579200744629,0.08577366173267365,-2.456043243408203,-6.0,2.60915470123291,22.839317321777344,2.2340450768956592,2.2715560393293845,0.7856025010513664,0.8454332865514681,1.0,0.8454332865514681,-93.19055938720703,0.7548377513885498,-4.114579200744629,0.08577366173267365,-2.456043243408203,-6.0,90.8081283569336,181.81527709960938,-60.33211135864258,0.0,0.0,0.0,0.0,0.0,0.0,,,,,0.0,-6.0,1433.0,1433.0,0.0,0.013378087135862844,0.013378087135862844,0.0,2.0033281017559205e-05,2.0033281017559205e-05,0.0,0.0005284620909716309,0.0005284620909716309,0.0,0.0003,0.0003,0.0,-6.0,-6.0,0.0,0.0,0.37,27.4625,88.5625,5560.784,109,Walker2d-v5,8256,Agente_3
618.5694468021393,111,454656,53.29110757664799,382.7340960946769,18.65035664451975,35.8411214953271,1433,0.013378087135862844,-6.0,0.99,2.0033281017559205e-05,0.0005284620909716309,0.0003,-93.02241516113281,0.8407495021820068,-3.713381290435791,0.08521634340286255,-2.462562084197998,-6.0,2.519937515258789,25.297523021697998,2.2715560393293845,2.296394186922325,0.8133073310754576,0.8964218211477313,1.0,0.8964218211477313,-93.02241516113281,0.8407495021820068,-3.713381290435791,0.08521634340286255,-2.462562084197998,-6.0,91.49749755859375,181.42701721191406,-52.46049499511719,0.0,0.0,0.0,0.0,0.0,0.0,,,,,0.0,-6.0,1433.0,1433.0,0.0,0.013378087135862844,0.013378087135862844,0.0,2.0033281017559205e-05,2.0033281017559205e-05,0.0,0.0005284620909716309,0.0005284620909716309,0.0,0.0003,0.0003,0.0,-6.0,-6.0,0.0,0.0,0.3233333333333333,32.411111111111104,78.06666666666666,5648.768,110,Walker2d-v5,8256,Agente_3
624.014815568924,112,458752,59.34463704414904,342.3280566249695,15.49452238925492,37.120370370370374,1433,0.013378087135862844,-6.0,0.99,2.0033281017559205e-05,0.0005284620909716309,0.0003,-102.84223937988281,0.6542710065841675,-4.085071563720703,0.08466558158397675,-2.469046115875244,-6.0,2.558237075805664,17.583051681518555,2.296394186922325,2.322578475810659,0.8330397477350939,0.8922369977140028,1.0,0.8922369977140028,-102.84223937988281,0.6542710065841675,-4.085071563720703,0.08466558158397675,-2.469046115875244,-6.0,102.06061553955078,183.57415771484375,-53.39175796508789,0.0,0.0,0.0,0.0,0.0,0.0,,,,,0.0,-6.0,1433.0,1433.0,0.0,0.013378087135862844,0.013378087135862844,0.0,2.0033281017559205e-05,2.0033281017559205e-05,0.0,0.0005284620909716309,0.0005284620909716309,0.0,0.0003,0.0003,0.0,-6.0,-6.0,0.0,0.0,0.3085714285714286,26.157142857142855,80.11428571428571,5650.894,111,Walker2d-v5,8256,Agente_3
629.7493045330048,113,462848,102.41966535526213,339.3733735808349,18.008217922607976,54.42,1433,0.013378087135862844,-6.0,0.99,2.0033281017559205e-05,0.0005284620909716309,0.0003,-100.5198745727539,0.8676618337631226,-5.271697998046875,0.08397802710533142,-2.4772000312805176,-6.0,3.1112594604492188,27.9721097946167,2.322578475810659,2.401446574274515,0.8027986934504585,0.712075530596552,1.0,0.712075530596552,-100.5198745727539,0.8676618337631226,-5.271697998046875,0.08397802710533142,-2.4772000312805176,-6.0,98.6729965209961,181.79904174804688,-57.86224365234375,0.0,0.0,0.0,0.0,0.0,0.0,,,,,0.0,-6.0,1433.0,1433.0,0.0,0.013378087135862844,0.013378087135862844,0.0,2.0033281017559205e-05,2.0033281017559205e-05,0.0,0.0005284620909716309,0.0005284620909716309,0.0,0.0003,0.0003,0.0,-6.0,-6.0,0.0,0.0,0.29625,25.9375,86.67500000000001,5657.478,112,Walker2d-v5,8256,Agente_3
635.6137504577637,114,466944,147.89608870873136,339.3733735808349,18.642057713102513,72.91,1433,0.013378087135862844,-6.0,0.99,2.0033281017559205e-05,0.0005284620909716309,0.0003,-101.40074157714844,0.652393102645874,-5.40510368347168,0.08316997438669205,-2.4868688583374023,-6.0,2.330472946166992,17.411968231201172,2.401446574274515,2.3943492114637626,0.8520990200878439,1.0,1.0,1.0,-101.40074157714844,0.652393102645874,-5.40510368347168,0.08316997438669205,-2.4868688583374023,-6.0,100.18434143066406,197.2313995361328,-65.57279205322266,0.0,0.0,0.0,0.0,0.0,0.0,,,,,0.0,-6.0,1433.0,1433.0,0.0,0.013378087135862844,0.013378087135862844,0.0,2.0033281017559205e-05,2.0033281017559205e-05,0.0,0.0005284620909716309,0.0005284620909716309,0.0,0.0003,0.0003,0.0,-6.0,-6.0,0.0,0.0,0.36875,28.450000000000003,89.25,5685.038,113,Walker2d-v5,8256,Agente_3
641.3190212249756,115,471040,171.75455991128,336.37748816951955,14.508608121634355,83.16,1433,0.013378087135862844,-6.0,0.99,2.0033281017559205e-05,0.0005284620909716309,0.0003,-110.58201599121094,0.6312608122825623,-6.8834147453308105,0.08211974054574966,-2.4995768070220947,-6.0,2.5484066009521484,16.489110946655273,2.3943492114637626,2.409754950412601,0.8734953133845332,0.9376841932746011,1.0,0.9376841932746011,-110.58201599121094,0.6312608122825623,-6.8834147453308105,0.08211974054574966,-2.4995768070220947,-6.0,109.2629165649414,194.04861450195312,-53.69108200073242,0.0,0.0,0.0,0.0,0.0,0.0,,,,,0.0,-6.0,1433.0,1433.0,0.0,0.013378087135862844,0.013378087135862844,0.0,2.0033281017559205e-05,2.0033281017559205e-05,0.0,0.0005284620909716309,0.0005284620909716309,0.0,0.0003,0.0003,0.0,-6.0,-6.0,0.0,0.0,0.3525,28.0375,88.94999999999999,5710.166,114,Walker2d-v5,8256,Agente_3
647.5059113502502,116,475136,179.84093884289507,350.37402960152804,14.508608121634355,91.53,1433,0.013378087135862844,-6.0,0.99,2.0033281017559205e-05,0.0005284620909716309,0.0003,-110.56888580322266,0.6358453035354614,-7.041295051574707,0.0810985341668129,-2.5120904445648193,-6.0,2.1869068145751953,18.06722927093506,2.409754950412601,2.3874701368288602,0.9051214850384,1.0,1.0,1.0,-110.56888580322266,0.6358453035354614,-7.041295051574707,0.0810985341668129,-2.5120904445648193,-6.0,108.68441772460938,196.72560119628906,-68.30364227294922,0.0,0.0,0.0,0.0,0.0,0.0,,,,,0.0,-6.0,1433.0,1433.0,0.0,0.013378087135862844,0.013378087135862844,0.0,2.0033281017559205e-05,2.0033281017559205e-05,0.0,0.0005284620909716309,0.0005284620909716309,0.0,0.0003,0.0003,0.0,-6.0,-6.0,0.0,0.0,0.41875,27.8,88.4625,5784.958,115,Walker2d-v5,8256,Agente_3
586.333398103714,105,430080,-13.2492367718437,34.234978765632654,-24.219184923745928,19.33160621761658,2027,0.007364362478256226,-6.0,0.99,0.00018564786296337843,0.00025945703964680433,0.0003,-2.328287363052368,1.3576276302337646,-10.070854187011719,0.09653116017580032,-2.3378894329071045,-6.0,6.530204772949219,24.56718921661377,2.236928276081193,2.666255925767995,0.6449711995083977,0.1467135563053922,1.0,0.1467135563053922,-2.328287363052368,1.3576276302337646,-10.070854187011719,0.09653116017580032,-2.3378894329071045,-6.0,0.20334532856941223,38.295989990234375,-54.160369873046875,1.0,29.0,0.0,0.0,0.0,0.0,0.0,0.0,0.0,,0.0,-6.0,2027.0,2027.0,0.0,0.007364362478256226,0.007364362478256226,0.0,0.00018564786296337843,0.00018564786296337843,0.0,0.00025945703964680433,0.00025945703964680433,0.0,0.0003,0.0003,0.0,-6.0,-6.0,0.0,0.0,0.3563157894736842,25.47368421052631,85.00526315789476,5653.569,116,Walker2d-v5,8256,Agente_3
591.8966398239136,106,434176,2.104027094560274,12.823168461068411,-16.62228850865839,16.496,2027,0.007364362478256226,-6.0,0.99,0.00018564786296337843,0.00025945703964680433,0.0003,-3.4594717025756836,0.4673764407634735,-12.572075843811035,0.09478616714477539,-2.3561317920684814,-6.0,2.5456594228744507,9.969184160232544,2.666255925767995,2.6541962754786406,0.7337283996312982,1.0,1.0,1.0,-3.4594717025756836,0.4673764407634735,-12.572075843811035,0.09478616714477539,-2.3561317920684814,-6.0,3.7387983798980713,26.55182456970215,-29.541147232055664,1.0,29.0,0.0,0.0,0.0,0.0,0.0,0.0,0.0,,0.0,-6.0,2027.0,2027.0,0.0,0.007364362478256226,0.007364362478256226,0.0,0.00018564786296337843,0.00018564786296337843,0.0,0.00025945703964680433,0.00025945703964680433,0.0,0.0003,0.0003,0.0,-6.0,-6.0,0.0,0.0,0.35750000000000004,27.599999999999998,88.6625,5601.282,117,Walker2d-v5,8256,Agente_3
597.328250169754,107,438272,15.174764763091423,265.15731483508216,-4.385994353401904,21.82,2027,0.007364362478256226,-6.0,0.99,0.00018564786296337843,0.00025945703964680433,0.0003,-3.328233242034912,0.18221424520015717,-14.179198265075684,0.09266985952854156,-2.3787119388580322,-6.0,1.1208769083023071,3.6740537881851196,2.6541962754786406,2.500864338761007,0.8002962997234737,1.0,1.0,1.0,-3.328233242034912,0.18221424520015717,-14.179198265075684,0.09266985952854156,-2.3787119388580322,-6.0,3.325176239013672,21.102893829345703,-22.84002685546875,1.0,29.0,0.0,0.0,0.0,0.0,0.0,0.0,0.0,,0.0,-6.0,2027.0,2027.0,0.0,0.007364362478256226,0.007364362478256226,0.0,0.00018564786296337843,0.00018564786296337843,0.0,0.00025945703964680433,0.00025945703964680433,0.0,0.0003,0.0003,0.0,-6.0,-6.0,0.0,0.0,0.3485714285714286,25.842857142857145,89.22857142857143,5540.744,118,Walker2d-v5,8256,Agente_3
602.9027225971222,108,442368,83.98755065876823,330.16843022434125,2.6854197526051173,58.43,2027,0.007364362478256226,-6.0,0.99,0.00018564786296337843,0.00025945703964680433,0.0003,-5.343998908996582,0.14437764883041382,-15.475381851196289,0.09037633240222931,-2.4037728309631348,-6.0,1.00674706697464,3.052780330181122,2.500864338761007,2.35145261158237,0.8502222247926052,1.0,1.0,1.0,-5.343998908996582,0.14437764883041382,-15.475381851196289,0.09037633240222931,-2.4037728309631348,-6.0,5.062654972076416,15.49925708770752,-24.887130737304688,1.0,29.0,0.0,0.0,0.0,0.0,0.0,0.0,0.0,,0.0,-6.0,2027.0,2027.0,0.0,0.007364362478256226,0.007364362478256226,0.0,0.00018564786296337843,0.00018564786296337843,0.0,0.00025945703964680433,0.00025945703964680433,0.0,0.0003,0.0003,0.0,-6.0,-6.0,0.0,0.0,0.34249999999999997,25.9625,89.775,5546.529,119,Walker2d-v5,8256,Agente_3
608.5455777645111,109,446464,143.93081150789448,386.8467891956129,6.340823968684956,85.68,2027,0.007364362478256226,-6.0,0.99,0.00018564786296337843,0.00025945703964680433,0.0003,-6.712723255157471,0.14660108089447021,-17.005517959594727,0.08799517899751663,-2.4304733276367188,-6.0,0.9318668842315674,2.8553436994552612,2.35145261158237,2.20949403884729,0.8876666685944539,1.0,1.0,1.0,-6.712723255157471,0.14660108089447021,-17.005517959594727,0.08799517899751663,-2.4304733276367188,-6.0,6.46974515914917,16.9883975982666,-21.685651779174805,1.0,29.0,0.0,0.0,0.0,0.0,0.0,0.0,0.0,,0.0,-6.0,2027.0,2027.0,0.0,0.007364362478256226,0.007364362478256226,0.0,0.00018564786296337843,0.00018564786296337843,0.0,0.00025945703964680433,0.00025945703964680433,0.0,0.0003,0.0003,0.0,-6.0,-6.0,0.0,0.0,0.3157142857142857,26.128571428571433,90.04285714285713,5563.778,120,Walker2d-v5,8256,Agente_3
614.1472899913788,110,450560,197.00776669413676,440.4521880864444,8.360391129336326,113.21,2027,0.007364362478256226,-6.0,0.99,0.00018564786296337843,0.00025945703964680433,0.0003,-7.540407180786133,0.12334315478801727,-16.756298065185547,0.08563006669282913,-2.457718849182129,-6.0,0.7837973237037659,2.667450249195099,2.20949403884729,2.0669243673329376,0.9157500014458404,1.0,1.0,1.0,-7.540407180786133,0.12334315478801727,-16.756298065185547,0.08563006669282913,-2.457718849182129,-6.0,7.385950565338135,20.18759536743164,-22.220701217651367,1.0,29.0,0.0,0.0,0.0,0.0,0.0,0.0,0.0,,0.0,-6.0,2027.0,2027.0,0.0,0.007364362478256226,0.007364362478256226,0.0,0.00018564786296337843,0.00018564786296337843,0.0,0.00025945703964680433,0.00025945703964680433,0.0,0.0003,0.0003,0.0,-6.0,-6.0,0.0,0.0,0.37625,27.012500000000003,88.7875,5567.995,121,Walker2d-v5,8256,Agente_3
619.7621786594391,111,454656,241.55369585058915,606.5614040413975,9.035684032971862,139.79,2027,0.007364362478256226,-6.0,0.99,0.00018564786296337843,0.00025945703964680433,0.0003,-8.236246109008789,0.1378154307603836,-17.301727294921875,0.08335069566965103,-2.4846982955932617,-6.0,0.8258254528045654,2.7333452701568604,2.0669243673329376,1.9428144758801005,0.9368125010843803,1.0,1.0,1.0,-8.236246109008789,0.1378154307603836,-17.301727294921875,0.08335069566965103,-2.4846982955932617,-6.0,8.048824310302734,20.345870971679688,-22.407268524169922,1.0,29.0,0.0,0.0,0.0,0.0,0.0,0.0,0.0,,0.0,-6.0,2027.0,2027.0,0.0,0.007364362478256226,0.007364362478256226,0.0,0.00018564786296337843,0.00018564786296337843,0.0,0.00025945703964680433,0.00025945703964680433,0.0,0.0003,0.0003,0.0,-6.0,-6.0,0.0,0.0,0.3775,28.212500000000002,88.15,5572.492,122,Walker2d-v5,8256,Agente_3
625.2617197036743,112,458752,289.2903845338239,741.3125770355872,15.64173794531554,171.78,2027,0.007364362478256226,-6.0,0.99,0.00018564786296337843,0.00025945703964680433,0.0003,-8.712343215942383,0.1459222286939621,-16.67755889892578,0.08116348087787628,-2.5112898349761963,-6.0,0.8017942905426025,3.011840343475342,1.9428144758801005,1.828712457346351,0.9526093758132852,1.0,1.0,1.0,-8.712343215942383,0.1459222286939621,-16.67755889892578,0.08116348087787628,-2.5112898349761963,-6.0,8.32711410522461,21.3388671875,-23.622295379638672,1.0,29.0,0.0,0.0,0.0,0.0,0.0,0.0,0.0,,0.0,-6.0,2027.0,2027.0,0.0,0.007364362478256226,0.007364362478256226,0.0,0.00018564786296337843,0.00018564786296337843,0.0,0.00025945703964680433,0.00025945703964680433,0.0,0.0003,0.0003,0.0,-6.0,-6.0,0.0,0.0,0.3842857142857143,28.585714285714285,87.95714285714287,5561.893,123,Walker2d-v5,8256,Agente_3
630.9348683357239,113,462848,279.4010303498688,741.3125770355872,-8.921160933674177,186.92,2027,0.007364362478256226,-6.0,0.99,0.00018564786296337843,0.00025945703964680433,0.0003,-9.797567367553711,0.13060441613197327,-17.006818771362305,0.07907518744468689,-2.53735613822937,-6.0,0.7685018181800842,2.647899627685547,1.828712457346351,1.722691393429724,0.9644570318599639,1.0,1.0,1.0,-9.797567367553711,0.13060441613197327,-17.006818771362305,0.07907518744468689,-2.53735613822937,-6.0,9.532066345214844,27.037431716918945,-22.38364028930664,1.0,29.0,0.0,0.0,0.0,0.0,0.0,0.0,0.0,,0.0,-6.0,2027.0,2027.0,0.0,0.007364362478256226,0.007364362478256226,0.0,0.00018564786296337843,0.00018564786296337843,0.0,0.00025945703964680433,0.00025945703964680433,0.0,0.0003,0.0003,0.0,-6.0,-6.0,0.0,0.0,0.445,27.8,87.975,5572.999,124,Walker2d-v5,8256,Agente_3
636.5622673034668,114,466944,273.89649197898757,992.0416554106616,-8.921160933674177,220.58,2027,0.007364362478256226,-6.0,0.99,0.00018564786296337843,0.00025945703964680433,0.0003,-10.198551177978516,0.13145869970321655,-16.763103485107422,0.07708173990249634,-2.5628888607025146,-6.0,0.7683167457580566,2.5307923555374146,1.722691393429724,1.6272539286625576,0.9733427738949729,1.0,1.0,1.0,-10.198551177978516,0.13145869970321655,-16.763103485107422,0.07708173990249634,-2.5628888607025146,-6.0,9.858848571777344,23.8028564453125,-22.742923736572266,1.0,29.0,0.0,0.0,0.0,0.0,0.0,0.0,0.0,,0.0,-6.0,2027.0,2027.0,0.0,0.007364362478256226,0.007364362478256226,0.0,0.00018564786296337843,0.00018564786296337843,0.0,0.00025945703964680433,0.00025945703964680433,0.0,0.0003,0.0003,0.0,-6.0,-6.0,0.0,0.0,0.35750000000000004,27.387500000000003,87.92500000000001,5577.424,125,Walker2d-v5,8256,Agente_3
642.1933395862579,115,471040,244.67052011625853,992.0416554106616,-8.921160933674177,254.57,2027,0.007364362478256226,-6.0,0.99,0.00018564786296337843,0.00025945703964680433,0.0003,-11.105875015258789,0.1705816090106964,-17.009923934936523,0.07519367337226868,-2.5876882076263428,-6.0,0.7288758754730225,3.344722330570221,1.6272539286625576,1.5374161233436041,0.9800070804212297,1.0,1.0,1.0,-11.105875015258789,0.1705816090106964,-17.009923934936523,0.07519367337226868,-2.5876882076263428,-6.0,10.906628608703613,26.308656692504883,-26.101564407348633,1.0,29.0,0.0,0.0,0.0,0.0,0.0,0.0,0.0,,0.0,-6.0,2027.0,2027.0,0.0,0.007364362478256226,0.007364362478256226,0.0,0.00018564786296337843,0.00018564786296337843,0.0,0.00025945703964680433,0.00025945703964680433,0.0,0.0003,0.0003,0.0,-6.0,-6.0,0.0,0.0,0.425,28.424999999999997,88.125,5573.99,126,Walker2d-v5,8256,Agente_3
647.8109364509583,116,475136,186.16356554214505,992.0416554106616,-17.187730944343368,252.49,2027,0.007364362478256226,-6.0,0.99,0.00018564786296337843,0.00025945703964680433,0.0003,-12.076860427856445,0.14808422327041626,-16.887752532958984,0.07339432090520859,-2.6119086742401123,-6.0,0.7427785396575928,2.9141056537628174,1.5374161233436041,1.4579523649750028,0.9850053103159223,1.0,1.0,1.0,-12.076860427856445,0.14808422327041626,-16.887752532958984,0.07339432090520859,-2.6119086742401123,-6.0,11.623348236083984,26.019134521484375,-29.444995880126953,1.0,29.0,0.0,0.0,0.0,0.0,0.0,0.0,0.0,,0.0,-6.0,2027.0,2027.0,0.0,0.007364362478256226,0.007364362478256226,0.0,0.00018564786296337843,0.00018564786296337843,0.0,0.00025945703964680433,0.00025945703964680433,0.0,0.0003,0.0003,0.0,-6.0,-6.0,0.0,0.0,0.3871428571428571,27.414285714285715,87.95714285714284,5579.817,127,Walker2d-v5,8256,Agente_3
653.469568490982,117,479232,111.1333642249867,992.0416554106616,-18.64921045886611,245.48,2027,0.007364362478256226,-6.0,0.99,0.00018564786296337843,0.00025945703964680433,0.0003,-12.486791610717773,0.16321223974227905,-15.503528594970703,0.07168594747781754,-2.635460615158081,-6.0,0.7187154293060303,3.2680739164352417,1.4579523649750028,1.3840286714081056,0.9887539827369417,1.0,1.0,1.0,-12.486791610717773,0.16321223974227905,-15.503528594970703,0.07168594747781754,-2.635460615158081,-6.0,12.219137191772461,28.83869743347168,-28.119321823120117,1.0,29.0,0.0,0.0,0.0,0.0,0.0,0.0,0.0,,0.0,-6.0,2027.0,2027.0,0.0,0.007364362478256226,0.007364362478256226,0.0,0.00018564786296337843,0.00018564786296337843,0.0,0.00025945703964680433,0.00025945703964680433,0.0,0.0003,0.0003,0.0,-6.0,-6.0,0.0,0.0,0.38,28.012500000000003,87.7375,5602.591,128,Walker2d-v5,8256,Agente_3
662.6095752716064,118,483328,-10.568619430522038,19.71295479027994,-23.64240267767858,9.858227848101265,522,0.003237823024392128,-6.0,0.99,0.0002348804409848526,0.00046422448940575123,0.0003,-14.683015823364258,1.0203490257263184,-231.6306610107422,0.07537411153316498,-2.5852913856506348,-6.0,4.079169750213623,20.085357189178467,2.497937171516721,2.656060429386411,0.8271142951693712,0.5309882713798917,1.0,0.5309882713798917,-14.683015823364258,1.0203490257263184,-231.6306610107422,0.07537411153316498,-2.5852913856506348,-6.0,5.339557647705078,39.86798858642578,-50.998043060302734,1.0,33.0,0.0,0.0,0.0,0.0,0.0,0.0,0.0,,0.0,-6.0,522.0,522.0,0.0,0.003237823024392128,0.003237823024392128,0.0,0.0002348804409848526,0.0002348804409848526,0.0,0.00046422448940575123,0.00046422448940575123,0.0,0.0003,0.0003,0.0,-6.0,-6.0,0.0,0.0,0.35105263157894734,25.55263157894737,85.10526315789473,5587.326,129,Walker2d-v5,8256,Agente_3
668.3807437419891,119,487424,-16.332253343685338,-12.760283467284717,-20.240907925441824,13.59672131147541,522,0.003237823024392128,-6.0,0.99,0.0002348804409848526,0.00046422448940575123,0.0003,-13.003107070922852,0.3234439492225647,-248.6450653076172,0.06856009364128113,-2.680044651031494,-6.0,1.5986851453781128,5.561311721801758,2.656060429386411,2.5503229009855812,0.8703357213770284,1.0,1.0,1.0,-13.003107070922852,0.3234439492225647,-248.6450653076172,0.06856009364128113,-2.680044651031494,-6.0,7.206151008605957,17.069786071777344,-27.31175994873047,1.0,33.0,0.0,0.0,0.0,0.0,0.0,0.0,0.0,,0.0,-6.0,522.0,522.0,0.0,0.003237823024392128,0.003237823024392128,0.0,0.0002348804409848526,0.0002348804409848526,0.0,0.00046422448940575123,0.00046422448940575123,0.0,0.0003,0.0003,0.0,-6.0,-6.0,0.0,0.0,0.37124999999999997,28.4625,88.5375,5672.16,130,Walker2d-v5,8256,Agente_3
674.1711688041687,120,491520,-13.015071004982111,-9.51283371886726,-16.320343274611478,13.73037542662116,522,0.003237823024392128,-6.0,0.99,0.0002348804409848526,0.00046422448940575123,0.0003,-13.0859375,0.19794732332229614,-255.60324096679688,0.06423130631446838,-2.7452645301818848,-6.0,1.0539119243621826,4.86286997795105,2.5503229009855812,2.4006818033232413,0.9027517910327714,1.0,1.0,1.0,-13.0859375,0.19794732332229614,-255.60324096679688,0.06423130631446838,-2.7452645301818848,-6.0,7.830133438110352,15.304154396057129,-11.88008975982666,1.0,33.0,0.0,0.0,0.0,0.0,0.0,0.0,0.0,,0.0,-6.0,522.0,522.0,0.0,0.003237823024392128,0.003237823024392128,0.0,0.0002348804409848526,0.0002348804409848526,0.0,0.00046422448940575123,0.00046422448940575123,0.0,0.0003,0.0003,0.0,-6.0,-6.0,0.0,0.0,0.35,28.2,88.3625,5705.919,131,Walker2d-v5,8256,Agente_3
679.5668489933014,121,495616,-12.789113969521349,-10.493001856169524,-14.614384209376528,14.363636363636363,522,0.003237823024392128,-6.0,0.99,0.0002348804409848526,0.00046422448940575123,0.0003,-14.032735824584961,0.11112343519926071,-261.3328552246094,0.06088271364569664,-2.7988059520721436,-6.0,0.7235081195831299,2.421642303466797,2.4006818033232413,2.2329644349492304,0.9270638432745786,1.0,1.0,1.0,-14.032735824584961,0.11112343519926071,-261.3328552246094,0.06088271364569664,-2.7988059520721436,-6.0,8.875362396240234,14.818275451660156,-6.895643711090088,1.0,33.0,0.0,0.0,0.0,0.0,0.0,0.0,0.0,,0.0,-6.0,522.0,522.0,0.0,0.003237823024392128,0.003237823024392128,0.0,0.0002348804409848526,0.0002348804409848526,0.0,0.00046422448940575123,0.00046422448940575123,0.0,0.0003,0.0003,0.0,-6.0,-6.0,0.0,0.0,0.27,24.071428571428577,89.3714285714286,5624.894,132,Walker2d-v5,8256,Agente_3
684.8070323467255,122,499712,-12.288078508326146,-10.192895732363272,-14.294828729271794,14.750902527075812,522,0.003237823024392128,-6.0,0.99,0.0002348804409848526,0.00046422448940575123,0.0003,-14.639949798583984,0.08271122723817825,-265.1438293457031,0.0581042543053627,-2.8455164432525635,-6.0,0.6117351055145264,1.7065127491950989,2.2329644349492304,2.0708415020057602,0.9452978824559339,1.0,1.0,1.0,-14.639949798583984,0.08271122723817825,-265.1438293457031,0.0581042543053627,-2.8455164432525635,-6.0,9.772558212280273,19.305580139160156,-7.838199138641357,1.0,33.0,0.0,0.0,0.0,0.0,0.0,0.0,0.0,,0.0,-6.0,522.0,522.0,0.0,0.003237823024392128,0.003237823024392128,0.0,0.0002348804409848526,0.0002348804409848526,0.0,0.00046422448940575123,0.00046422448940575123,0.0,0.0003,0.0003,0.0,-6.0,-6.0,0.0,0.0,0.26857142857142857,24.17142857142857,90.11428571428571,5545.298,133,Walker2d-v5,8256,Agente_3
690.1139283180237,123,503808,-10.497477844693263,0.48869217944628823,-12.807754237793478,16.297520661157026,522,0.003237823024392128,-6.0,0.99,0.0002348804409848526,0.00046422448940575123,0.0003,-15.177316665649414,0.1105751171708107,-269.97808837890625,0.05569055676460266,-2.8879446983337402,-6.0,0.5727903842926025,2.1113301515579224,2.0708415020057602,1.9210363902344445,0.9589734118419504,1.0,1.0,1.0,-15.177316665649414,0.1105751171708107,-269.97808837890625,0.05569055676460266,-2.8879446983337402,-6.0,10.538900375366211,25.133222579956055,-8.854887962341309,1.0,33.0,0.0,0.0,0.0,0.0,0.0,0.0,0.0,,0.0,-6.0,522.0,522.0,0.0,0.003237823024392128,0.003237823024392128,0.0,0.0002348804409848526,0.0002348804409848526,0.0,0.00046422448940575123,0.00046422448940575123,0.0,0.0003,0.0003,0.0,-6.0,-6.0,0.0,0.0,0.20714285714285713,24.599999999999998,91.32857142857142,5503.332,134,Walker2d-v5,8256,Agente_3
695.6096558570862,124,507904,4.507608785773758,25.011966339768236,-11.050088436907448,30.658536585365855,522,0.003237823024392128,-6.0,0.99,0.0002348804409848526,0.00046422448940575123,0.0003,-15.407599449157715,0.08133787661790848,-272.592529296875,0.05353950709104538,-2.927335500717163,-6.0,0.5202951431274414,2.229660391807556,1.9210363902344445,1.780962265523744,0.9692300588814629,1.0,1.0,1.0,-15.407599449157715,0.08133787661790848,-272.592529296875,0.05353950709104538,-2.927335500717163,-6.0,10.90250301361084,17.98108673095703,-12.295296669006348,1.0,33.0,0.0,0.0,0.0,0.0,0.0,0.0,0.0,,0.0,-6.0,522.0,522.0,0.0,0.003237823024392128,0.003237823024392128,0.0,0.0002348804409848526,0.0002348804409848526,0.0,0.00046422448940575123,0.00046422448940575123,0.0,0.0003,0.0003,0.0,-6.0,-6.0,0.0,0.0,0.2525,25.35,90.5,5500.561,135,Walker2d-v5,8256,Agente_3
701.0892834663391,125,512000,18.605864989503228,53.29763659833869,-10.983775377059867,46.29,522,0.003237823024392128,-6.0,0.99,0.0002348804409848526,0.00046422448940575123,0.0003,-16.315982818603516,0.07982733100652695,-275.05279541015625,0.051595546305179596,-2.964319944381714,-6.0,0.4861605167388916,1.621741533279419,1.780962265523744,1.6514820906452587,0.9769225441610971,1.0,1.0,1.0,-16.315982818603516,0.07982733100652695,-275.05279541015625,0.051595546305179596,-2.964319944381714,-6.0,11.882736206054688,21.93816566467285,-10.80268383026123,1.0,33.0,0.0,0.0,0.0,0.0,0.0,0.0,0.0,,0.0,-6.0,522.0,522.0,0.0,0.003237823024392128,0.003237823024392128,0.0,0.0002348804409848526,0.0002348804409848526,0.0,0.00046422448940575123,0.00046422448940575123,0.0,0.0003,0.0003,0.0,-6.0,-6.0,0.0,0.0,0.4,27.785714285714285,88.44285714285715,5496.054,136,Walker2d-v5,8256,Agente_3
706.6269955635071,126,516096,28.263402368199728,61.15218427579724,-7.178271353064883,62.86,522,0.003237823024392128,-6.0,0.99,0.0002348804409848526,0.00046422448940575123,0.0003,-17.103303909301758,0.05553217604756355,-278.35894775390625,0.049815159291028976,-2.9994359016418457,-6.0,0.38460636138916016,1.4554524421691895,1.6514820906452587,1.524794517719649,0.9826919081208229,1.0,1.0,1.0,-17.103303909301758,0.05553217604756355,-278.35894775390625,0.049815159291028976,-2.9994359016418457,-6.0,12.748828887939453,21.964256286621094,-10.118952751159668,1.0,33.0,0.0,0.0,0.0,0.0,0.0,0.0,0.0,,0.0,-6.0,522.0,522.0,0.0,0.003237823024392128,0.003237823024392128,0.0,0.0002348804409848526,0.0002348804409848526,0.0,0.00046422448940575123,0.00046422448940575123,0.0,0.0003,0.0003,0.0,-6.0,-6.0,0.0,0.0,0.40125,28.6125,88.4375,5498.972,137,Walker2d-v5,8256,Agente_3
712.2269022464752,127,520192,33.3952955564276,97.33156739524279,-8.588091519841345,78.97,522,0.003237823024392128,-6.0,0.99,0.0002348804409848526,0.00046422448940575123,0.0003,-17.906951904296875,0.07866472005844116,-280.05517578125,0.04817066714167595,-3.0330049991607666,-6.0,0.49985218048095703,1.5857986211776733,1.524794517719649,1.42230028399578,0.9870189310906171,1.0,1.0,1.0,-17.906951904296875,0.07866472005844116,-280.05517578125,0.04817066714167595,-3.0330049991607666,-6.0,13.72054672241211,22.437395095825195,-10.19922924041748,1.0,33.0,0.0,0.0,0.0,0.0,0.0,0.0,0.0,,0.0,-6.0,522.0,522.0,0.0,0.003237823024392128,0.003237823024392128,0.0,0.0002348804409848526,0.0002348804409848526,0.0,0.00046422448940575123,0.00046422448940575123,0.0,0.0003,0.0003,0.0,-6.0,-6.0,0.0,0.0,0.4071428571428572,27.485714285714288,88.42857142857142,5507.782,138,Walker2d-v5,8256,Agente_3
717.6050345897675,128,524288,37.77616247705355,150.15835815302034,-8.588091519841345,97.59,522,0.003237823024392128,-6.0,0.99,0.0002348804409848526,0.00046422448940575123,0.0003,-18.85335922241211,0.08450893312692642,-281.179931640625,0.046642839908599854,-3.0652358531951904,-6.0,0.46149682998657227,1.6916275024414062,1.42230028399578,1.3262199385948592,0.9902641983179629,1.0,1.0,1.0,-18.85335922241211,0.08450893312692642,-281.179931640625,0.046642839908599854,-3.0652358531951904,-6.0,14.852237701416016,24.289365768432617,-7.620864391326904,1.0,33.0,0.0,0.0,0.0,0.0,0.0,0.0,0.0,,0.0,-6.0,522.0,522.0,0.0,0.003237823024392128,0.003237823024392128,0.0,0.0002348804409848526,0.0002348804409848526,0.0,0.00046422448940575123,0.00046422448940575123,0.0,0.0003,0.0003,0.0,-6.0,-6.0,0.0,0.0,0.38625,26.9625,88.35,5485.947,139,Walker2d-v5,8256,Agente_3
722.9759206771851,129,528384,44.65701560517066,448.82144010358235,-13.291707704265274,111.96,522,0.003237823024392128,-6.0,0.99,0.0002348804409848526,0.00046422448940575123,0.0003,-19.924657821655273,0.05612851679325104,-283.27880859375,0.045212771743535995,-3.0963757038116455,-6.0,0.46681785583496094,1.6489214897155762,1.3262199385948592,1.2402797303188693,0.9926981487384722,1.0,1.0,1.0,-19.924657821655273,0.05612851679325104,-283.27880859375,0.045212771743535995,-3.0963757038116455,-6.0,16.09404754638672,28.862417221069336,-8.857611656188965,1.0,33.0,0.0,0.0,0.0,0.0,0.0,0.0,0.0,,0.0,-6.0,522.0,522.0,0.0,0.003237823024392128,0.003237823024392128,0.0,0.0002348804409848526,0.0002348804409848526,0.0,0.00046422448940575123,0.00046422448940575123,0.0,0.0003,0.0003,0.0,-6.0,-6.0,0.0,0.0,0.405,27.9375,88.4375,5446.154,140,Walker2d-v5,8256,Agente_3
728.5328931808472,130,532480,59.54915364322149,485.2619909601808,-19.733977308618442,136.62,522,0.003237823024392128,-6.0,0.99,0.0002348804409848526,0.00046422448940575123,0.0003,-20.36803436279297,0.0992211401462555,-282.8958435058594,0.04386821761727333,-3.1265652179718018,-6.0,0.4405350685119629,2.7258520126342773,1.2402797303188693,1.1603052641381786,0.9945236115538542,1.0,1.0,1.0,-20.36803436279297,0.0992211401462555,-282.8958435058594,0.04386821761727333,-3.1265652179718018,-6.0,16.437549591064453,25.69675064086914,-8.399638175964355,1.0,33.0,0.0,0.0,0.0,0.0,0.0,0.0,0.0,,0.0,-6.0,522.0,522.0,0.0,0.003237823024392128,0.003237823024392128,0.0,0.0002348804409848526,0.0002348804409848526,0.0,0.00046422448940575123,0.00046422448940575123,0.0,0.0003,0.0003,0.0,-6.0,-6.0,0.0,0.0,0.37,27.6625,88.35,5423.42,141,Walker2d-v5,8256,Agente_3
732.7517802715302,131,536576,-11.221773418664666,18.290964677475706,-25.04746974854686,16.085106382978722,1235,0.012792792171239853,-6.0,0.99,0.0002710381813813001,0.0008744622464291751,0.0003,-11.346796035766602,0.28513675928115845,-256.1307373046875,0.057735878974199295,-2.8518764972686768,-6.0,1.4414889812469482,4.753591537475586,2.4584353319771375,2.3567406969041187,0.9492731744102665,1.0,1.0,1.0,-11.346796035766602,0.28513675928115845,-256.1307373046875,0.057735878974199295,-2.8518764972686768,-6.0,6.817554950714111,16.687198638916016,-26.32953453063965,1.0,37.0,0.0,0.0,0.0,0.0,0.0,0.0,0.0,,0.0,-6.0,1235.0,1235.0,0.0,0.012792792171239853,0.012792792171239853,0.0,0.0002710381813813001,0.0002710381813813001,0.0,0.0008744622464291751,0.0008744622464291751,0.0,0.0003,0.0003,0.0,-6.0,-6.0,0.0,0.0,0.3722222222222222,25.58888888888889,85.55000000000001,5605.49,142,Walker2d-v5,8256,Agente_3
738.2842881679535,132,540672,-4.128181711861148,11.683366510832698,-23.977496098617095,43.36,1235,0.012792792171239853,-6.0,0.99,0.0002710381813813001,0.0008744622464291751,0.0003,-15.417194366455078,0.12269628047943115,-275.361572265625,0.05254080891609192,-2.946165084838867,-6.0,0.7394638061523438,2.741227447986603,2.3567406969041187,2.1950130078289414,0.9619548808076999,1.0,1.0,1.0,-15.417194366455078,0.12269628047943115,-275.361572265625,0.05254080891609192,-2.946165084838867,-6.0,11.046276092529297,20.21052360534668,-13.93726634979248,1.0,37.0,0.0,0.0,0.0,0.0,0.0,0.0,0.0,,0.0,-6.0,1235.0,1235.0,0.0,0.012792792171239853,0.012792792171239853,0.0,0.0002710381813813001,0.0002710381813813001,0.0,0.0008744622464291751,0.0008744622464291751,0.0,0.0003,0.0003,0.0,-6.0,-6.0,0.0,0.0,0.38625,28.875,88.775,5562.343,143,Walker2d-v5,8256,Agente_3
743.8410794734955,133,544768,-5.107418866320461,10.114412539303851,-37.26539300830708,67.0,1235,0.012792792171239853,-6.0,0.99,0.0002710381813813001,0.0008744622464291751,0.0003,-20.108699798583984,0.0999000146985054,-275.9817199707031,0.04925444349646568,-3.010755777359009,-6.0,0.6285321712493896,2.325012683868408,2.1950130078289414,2.038364924170986,0.9714661606057748,1.0,1.0,1.0,-20.108699798583984,0.0999000146985054,-275.9817199707031,0.04925444349646568,-3.010755777359009,-6.0,15.827874183654785,27.44369888305664,-16.58841323852539,1.0,37.0,0.0,0.0,0.0,0.0,0.0,0.0,0.0,,0.0,-6.0,1235.0,1235.0,0.0,0.012792792171239853,0.012792792171239853,0.0,0.0002710381813813001,0.0002710381813813001,0.0,0.0008744622464291751,0.0008744622464291751,0.0,0.0003,0.0003,0.0,-6.0,-6.0,0.0,0.0,0.35428571428571426,27.757142857142856,88.39999999999999,5556.549,144,Walker2d-v5,8256,Agente_3
749.6748504638672,134,548864,-15.714860686284407,4.428494777437456,-53.031687046034584,72.77,1235,0.012792792171239853,-6.0,0.99,0.0002710381813813001,0.0008744622464291751,0.0003,-24.00497817993164,0.07928787916898727,-277.378173828125,0.046747446060180664,-3.062995672225952,-6.0,0.6132040023803711,1.984710693359375,2.038364924170986,1.8958488319919247,0.9785996204543311,1.0,1.0,1.0,-24.00497817993164,0.07928787916898727,-277.378173828125,0.046747446060180664,-3.062995672225952,-6.0,19.70553207397461,33.92681121826172,-11.745738983154297,1.0,37.0,0.0,0.0,0.0,0.0,0.0,0.0,0.0,,0.0,-6.0,1235.0,1235.0,0.0,0.012792792171239853,0.012792792171239853,0.0,0.0002710381813813001,0.0002710381813813001,0.0,0.0008744622464291751,0.0008744622464291751,0.0,0.0003,0.0003,0.0,-6.0,-6.0,0.0,0.0,0.41000000000000003,27.825000000000003,88.375,5622.17,145,Walker2d-v5,8256,Agente_3
755.212327003479,135,552960,-25.986050897121583,-9.087559872926814,-53.031687046034584,77.39,1235,0.012792792171239853,-6.0,0.99,0.0002710381813813001,0.0008744622464291751,0.0003,-29.22593879699707,0.1831723004579544,-273.25164794921875,0.04467776045203209,-3.1082794666290283,-6.0,0.6944823265075684,2.6824679374694824,1.8958488319919247,1.775712181443489,0.9839497153407484,1.0,1.0,1.0,-29.22593879699707,0.1831723004579544,-273.25164794921875,0.04467776045203209,-3.1082794666290283,-6.0,24.730010986328125,44.928165435791016,-10.84836196899414,1.0,37.0,0.0,0.0,0.0,0.0,0.0,0.0,0.0,,0.0,-6.0,1235.0,1235.0,0.0,0.012792792171239853,0.012792792171239853,0.0,0.0002710381813813001,0.0002710381813813001,0.0,0.0008744622464291751,0.0008744622464291751,0.0,0.0003,0.0003,0.0,-6.0,-6.0,0.0,0.0,0.385,28.299999999999997,88.35,5602.734,146,Walker2d-v5,8256,Agente_3
760.8682687282562,136,557056,-29.616490124803935,-9.087559872926814,-48.33633246206147,80.0,1235,0.012792792171239853,-6.0,0.99,0.0002710381813813001,0.0008744622464291751,0.0003,-33.65385437011719,0.16718964278697968,-275.9922180175781,0.042892925441265106,-3.149048328399658,-6.0,0.727759838104248,2.8453447818756104,1.775712181443489,1.6709169471095648,0.9879622865055613,1.0,1.0,1.0,-33.65385437011719,0.16718964278697968,-275.9922180175781,0.042892925441265106,-3.149048328399658,-6.0,29.22460174560547,60.07210922241211,-13.843555450439453,1.0,37.0,0.0,0.0,0.0,0.0,0.0,0.0,0.0,,0.0,-6.0,1235.0,1235.0,0.0,0.012792792171239853,0.012792792171239853,0.0,0.0002710381813813001,0.0002710381813813001,0.0,0.0008744622464291751,0.0008744622464291751,0.0,0.0003,0.0003,0.0,-6.0,-6.0,0.0,0.0,0.3857142857142857,27.900000000000002,88.38571428571427,5609.281,147,Walker2d-v5,8256,Agente_3
766.3417043685913,137,561152,-28.160484650757937,-16.13291350457545,-43.301231786220285,78.69,1235,0.012792792171239853,-6.0,0.99,0.0002710381813813001,0.0008744622464291751,0.0003,-38.91192626953125,0.20125383138656616,-274.528564453125,0.04130599647760391,-3.1867475509643555,-6.0,0.7866449356079102,2.8136658668518066,1.6709169471095648,1.5824897459593994,0.990971714879171,1.0,1.0,1.0,-38.91192626953125,0.20125383138656616,-274.528564453125,0.04130599647760391,-3.1867475509643555,-6.0,34.494415283203125,56.11610412597656,-8.118173599243164,1.0,37.0,0.0,0.0,0.0,0.0,0.0,0.0,0.0,,0.0,-6.0,1235.0,1235.0,0.0,0.012792792171239853,0.012792792171239853,0.0,0.0002710381813813001,0.0002710381813813001,0.0,0.0008744622464291751,0.0008744622464291751,0.0,0.0003,0.0003,0.0,-6.0,-6.0,0.0,0.0,0.38375,28.3375,88.3125,5586.937,148,Walker2d-v5,8256,Agente_3
771.8544187545776,138,565248,-27.516804007438658,-16.17516353867481,-43.089428399058384,81.64,1235,0.012792792171239853,-6.0,0.99,0.0002710381813813001,0.0008744622464291751,0.0003,-44.88678741455078,0.17444731295108795,-276.76434326171875,0.03987286612391472,-3.2220592498779297,-6.0,0.824467658996582,2.950284242630005,1.5824897459593994,1.5066875372631177,0.9932287861593783,1.0,1.0,1.0,-44.88678741455078,0.17444731295108795,-276.76434326171875,0.03987286612391472,-3.2220592498779297,-6.0,40.33749771118164,71.24363708496094,-6.710906028747559,1.0,37.0,0.0,0.0,0.0,0.0,0.0,0.0,0.0,,0.0,-6.0,1235.0,1235.0,0.0,0.012792792171239853,0.012792792171239853,0.0,0.0002710381813813001,0.0002710381813813001,0.0,0.0008744622464291751,0.0008744622464291751,0.0,0.0003,0.0003,0.0,-6.0,-6.0,0.0,0.0,0.38125,28.1875,88.225,5575.82,149,Walker2d-v5,8256,Agente_3
777.2839217185974,139,569344,-26.42976110768513,-15.650460535093487,-43.089428399058384,83.13,1235,0.012792792171239853,-6.0,0.99,0.0002710381813813001,0.0008744622464291751,0.0003,-46.72984313964844,0.20007362961769104,-275.45751953125,0.03855526074767113,-3.255662679672241,-6.0,0.8405361175537109,3.7171168327331543,1.5066875372631177,1.440072395292177,0.9949215896195337,1.0,1.0,1.0,-46.72984313964844,0.20007362961769104,-275.45751953125,0.03855526074767113,-3.255662679672241,-6.0,42.75189208984375,70.42981719970703,-7.603902339935303,1.0,37.0,0.0,0.0,0.0,0.0,0.0,0.0,0.0,,0.0,-6.0,1235.0,1235.0,0.0,0.012792792171239853,0.012792792171239853,0.0,0.0002710381813813001,0.0002710381813813001,0.0,0.0008744622464291751,0.0008744622464291751,0.0,0.0003,0.0003,0.0,-6.0,-6.0,0.0,0.0,0.34142857142857147,27.85714285714286,88.28571428571429,5557.879,150,Walker2d-v5,8256,Agente_3
782.7887783050537,140,573440,-27.49558614773301,-5.123847302596065,-43.089428399058384,85.37,1235,0.012792792171239853,-6.0,0.99,0.0002710381813813001,0.0008744622464291751,0.0003,-50.687591552734375,0.33866769075393677,-278.4396057128906,0.03733205050230026,-3.287903070449829,-6.0,0.8811984062194824,7.0616374015808105,1.440072395292177,1.3841849963849078,0.9961911922146502,1.0,1.0,1.0,-50.687591552734375,0.33866769075393677,-278.4396057128906,0.03733205050230026,-3.287903070449829,-6.0,46.47235107421875,88.89591979980469,-5.647275447845459,1.0,37.0,0.0,0.0,0.0,0.0,0.0,0.0,0.0,,0.0,-6.0,1235.0,1235.0,0.0,0.012792792171239853,0.012792792171239853,0.0,0.0002710381813813001,0.0002710381813813001,0.0,0.0008744622464291751,0.0008744622464291751,0.0,0.0003,0.0003,0.0,-6.0,-6.0,0.0,0.0,0.3842857142857143,28.342857142857138,88.31428571428572,5551.647,151,Walker2d-v5,8256,Agente_3
788.4491441249847,141,577536,-29.32763618519872,-5.123847302596065,-42.461622316532214,90.26,1235,0.012792792171239853,-6.0,0.99,0.0002710381813813001,0.0008744622464291751,0.0003,-54.65034484863281,0.306659072637558,-280.50006103515625,0.036181170493364334,-3.31921648979187,-6.0,1.00958251953125,5.909864902496338,1.3841849963849078,1.346724748699542,0.9971433941609877,1.0,1.0,1.0,-54.65034484863281,0.306659072637558,-280.50006103515625,0.036181170493364334,-3.31921648979187,-6.0,50.4364013671875,120.91195678710938,-5.2283477783203125,1.0,37.0,0.0,0.0,0.0,0.0,0.0,0.0,0.0,,0.0,-6.0,1235.0,1235.0,0.0,0.012792792171239853,0.012792792171239853,0.0,0.0002710381813813001,0.0002710381813813001,0.0,0.0008744622464291751,0.0008744622464291751,0.0,0.0003,0.0003,0.0,-6.0,-6.0,0.0,0.0,0.37124999999999997,27.8,88.375,5555.828,152,Walker2d-v5,8256,Agente_3
793.9851055145264,142,581632,-25.102092948842404,-4.4158860199637555,-38.90813918432621,84.24,1235,0.012792792171239853,-6.0,0.99,0.0002710381813813001,0.0008744622464291751,0.0003,-57.84718704223633,0.5317422151565552,-285.04071044921875,0.03509789705276489,-3.349614143371582,-6.0,1.1794500350952148,45.600341796875,1.346724748699542,1.3299972773391093,0.9978575456207408,1.0,1.0,1.0,-57.84718704223633,0.5317422151565552,-285.04071044921875,0.03509789705276489,-3.349614143371582,-6.0,54.245567321777344,102.57828521728516,-2.450474739074707,1.0,37.0,0.0,0.0,0.0,0.0,0.0,0.0,0.0,,0.0,-6.0,1235.0,1235.0,0.0,0.012792792171239853,0.012792792171239853,0.0,0.0002710381813813001,0.0002710381813813001,0.0,0.0008744622464291751,0.0008744622464291751,0.0,0.0003,0.0003,0.0,-6.0,-6.0,0.0,0.0,0.4,27.925,88.32499999999999,5556.318,153,Walker2d-v5,8256,Agente_3
799.7532753944397,143,585728,-20.391518730511013,9.096095605727264,-34.86625051536851,82.5,1235,0.012792792171239853,-6.0,0.99,0.0002710381813813001,0.0008744622464291751,0.0003,-61.05998229980469,0.48023107647895813,-281.64251708984375,0.034070935100317,-3.3793106079101562,-6.0,1.281259536743164,9.663249969482422,1.3299972773391093,1.3251235032795148,0.9983931592155556,1.0,1.0,1.0,-61.05998229980469,0.48023107647895813,-281.64251708984375,0.034070935100317,-3.3793106079101562,-6.0,57.48844528198242,118.57921600341797,-1.4988462924957275,1.0,37.0,0.0,0.0,0.0,0.0,0.0,0.0,0.0,,0.0,-6.0,1235.0,1235.0,0.0,0.012792792171239853,0.012792792171239853,0.0,0.0002710381813813001,0.0002710381813813001,0.0,0.0008744622464291751,0.0008744622464291751,0.0,0.0003,0.0003,0.0,-6.0,-6.0,0.0,0.0,0.355,28.6375,88.1625,5577.426,154,Walker2d-v5,8256,Agente_3
805.5746929645538,144,589824,-20.379348590926472,9.096095605727264,-78.7644294885784,86.2,1235,0.012792792171239853,-6.0,0.99,0.0002710381813813001,0.0008744622464291751,0.0003,-60.33753967285156,0.3948303461074829,-291.19854736328125,0.03309325501322746,-3.408425807952881,-6.0,1.1385233402252197,5.361444473266602,1.3251235032795148,1.3064634869740852,0.9987948694116667,1.0,1.0,1.0,-60.33753967285156,0.3948303461074829,-291.19854736328125,0.03309325501322746,-3.408425807952881,-6.0,57.355812072753906,107.50308990478516,-1.1067882776260376,1.0,37.0,0.0,0.0,0.0,0.0,0.0,0.0,0.0,,0.0,-6.0,1235.0,1235.0,0.0,0.012792792171239853,0.012792792171239853,0.0,0.0002710381813813001,0.0002710381813813001,0.0,0.0008744622464291751,0.0008744622464291751,0.0,0.0003,0.0003,0.0,-6.0,-6.0,0.0,0.0,0.3825,27.625,88.19999999999999,5576.394,155,Walker2d-v5,8256,Agente_3
811.1287984848022,145,593920,-16.49906892066276,278.5189146316526,-78.7644294885784,85.75,1235,0.012792792171239853,-6.0,0.99,0.0002710381813813001,0.0008744622464291751,0.0003,-64.35716247558594,0.42943865060806274,-293.15985107421875,0.032155465334653854,-3.4371728897094727,-6.0,1.161712646484375,6.9606733322143555,1.3064634869740852,1.291988402925114,0.99909615205875,1.0,1.0,1.0,-64.35716247558594,0.42943865060806274,-293.15985107421875,0.032155465334653854,-3.4371728897094727,-6.0,61.36244201660156,118.09243774414062,-0.1730160415172577,1.0,37.0,0.0,0.0,0.0,0.0,0.0,0.0,0.0,,0.0,-6.0,1235.0,1235.0,0.0,0.012792792171239853,0.012792792171239853,0.0,0.0002710381813813001,0.0002710381813813001,0.0,0.0008744622464291751,0.0008744622464291751,0.0,0.0003,0.0003,0.0,-6.0,-6.0,0.0,0.0,0.3714285714285715,27.771428571428572,88.10000000000001,5577.911,156,Walker2d-v5,8256,Agente_3
816.6041922569275,146,598016,-6.547199053610846,-0.6913362659313305,-52.010017311783656,31.650485436893202,1235,0.012792792171239853,-6.0,0.99,0.0002710381813813001,0.0008744622464291751,0.0003,-67.35459899902344,0.6229186058044434,-290.7483825683594,0.03125818818807602,-3.4654738903045654,-6.0,1.3362932205200195,57.625855445861816,1.291988402925114,1.2964188846846048,0.9908944518273983,0.9662893511333437,1.0,0.9662893511333437,-67.35459899902344,0.6229186058044434,-290.7483825683594,0.03125818818807602,-3.4654738903045654,-6.0,64.43648529052734,128.1437225341797,1.00807523727417,1.0,37.0,0.0,0.0,0.0,0.0,0.0,0.0,0.0,,0.0,-6.0,1235.0,1235.0,0.0,0.012792792171239853,0.012792792171239853,0.0,0.0002710381813813001,0.0002710381813813001,0.0,0.0008744622464291751,0.0008744622464291751,0.0,0.0003,0.0003,0.0,-6.0,-6.0,0.0,0.0,0.3575,28.1625,88.13749999999999,5560.098,157,Walker2d-v5,8256,Agente_3
822.194991350174,147,602112,-3.671400970275792,4.684509255043753,-6.80484108453721,22.966666666666665,1235,0.012792792171239853,-6.0,0.99,0.0002710381813813001,0.0008744622464291751,0.0003,-69.55081176757812,0.5655170679092407,-298.727294921875,0.030399052426218987,-3.4933438301086426,-6.0,1.3959131240844727,12.102765083312988,1.2964188846846048,1.3063683086245916,0.9747022350275558,0.9261255846280287,1.0,0.9261255846280287,-69.55081176757812,0.5655170679092407,-298.727294921875,0.030399052426218987,-3.4933438301086426,-6.0,66.9276351928711,130.5361785888672,6.091248035430908,1.0,37.0,0.0,0.0,0.0,0.0,0.0,0.0,0.0,,0.0,-6.0,1235.0,1235.0,0.0,0.012792792171239853,0.012792792171239853,0.0,0.0002710381813813001,0.0002710381813813001,0.0,0.0008744622464291751,0.0008744622464291751,0.0,0.0003,0.0003,0.0,-6.0,-6.0,0.0,0.0,0.33999999999999997,27.400000000000006,88.14285714285714,5572.346,158,Walker2d-v5,8256,Agente_3
827.8502826690674,148,606208,3.5706174873904026,747.2386751419792,-6.943736399968806,33.142857142857146,1235,0.012792792171239853,-6.0,0.99,0.0002710381813813001,0.0008744622464291751,0.0003,-71.7366943359375,0.6242263317108154,-297.27252197265625,0.029579216614365578,-3.5206832885742188,-6.0,1.5288410186767578,41.21469497680664,1.3063683086245916,1.3286155796298083,0.9418799095481057,0.8434129331097556,1.0,0.8434129331097556,-71.7366943359375,0.6242263317108154,-297.27252197265625,0.029579216614365578,-3.5206832885742188,-6.0,69.31342315673828,137.40994262695312,3.252737522125244,1.0,37.0,0.0,0.0,0.0,0.0,0.0,0.0,0.0,,0.0,-6.0,1235.0,1235.0,0.0,0.012792792171239853,0.012792792171239853,0.0,0.0002710381813813001,0.0002710381813813001,0.0,0.0008744622464291751,0.0008744622464291751,0.0,0.0003,0.0003,0.0,-6.0,-6.0,0.0,0.0,0.34625,26.25,88.6125,5586.888,159,Walker2d-v5,8256,Agente_3
833.2227981090546,149,610304,-2.7960710993483584,0.614046999664275,-6.713952505913026,27.94,1235,0.012792792171239853,-6.0,0.99,0.0002710381813813001,0.0008744622464291751,0.0003,-75.67647552490234,0.7855982780456543,-297.4295654296875,0.028795501217246056,-3.5475361347198486,-6.0,1.6458072662353516,64.51402282714844,1.3286155796298083,1.3603347482903625,0.9033151391549603,0.7876208279755239,1.0,0.7876208279755239,-75.67647552490234,0.7855982780456543,-297.4295654296875,0.028795501217246056,-3.5475361347198486,-6.0,72.85011291503906,143.47808837890625,2.158615827560425,1.0,37.0,0.0,0.0,0.0,0.0,0.0,0.0,0.0,,0.0,-6.0,1235.0,1235.0,0.0,0.012792792171239853,0.012792792171239853,0.0,0.0002710381813813001,0.0002710381813813001,0.0,0.0008744622464291751,0.0008744622464291751,0.0,0.0003,0.0003,0.0,-6.0,-6.0,0.0,0.0,0.2914285714285714,24.014285714285712,89.64285714285712,5581.335,160,Walker2d-v5,8256,Agente_3
839.4026849269867,150,614400,-2.2693913728427217,0.7344390839175088,-5.232324746631661,29.53,1235,0.012792792171239853,-6.0,0.99,0.0002710381813813001,0.0008744622464291751,0.0003,-73.40961456298828,0.6906982064247131,-299.3741455078125,0.02803891897201538,-3.5741617679595947,-6.0,1.3731193542480469,46.958770751953125,1.3603347482903625,1.361613208886131,0.9251478292305155,0.9906458994571816,1.0,0.9906458994571816,-73.40961456298828,0.6906982064247131,-299.3741455078125,0.02803891897201538,-3.5741617679595947,-6.0,70.5999526977539,147.34872436523438,5.901689052581787,1.0,37.0,0.0,0.0,0.0,0.0,0.0,0.0,0.0,,0.0,-6.0,1235.0,1235.0,0.0,0.012792792171239853,0.012792792171239853,0.0,0.0002710381813813001,0.0002710381813813001,0.0,0.0008744622464291751,0.0008744622464291751,0.0,0.0003,0.0003,0.0,-6.0,-6.0,0.0,0.0,0.26625,23.225,90.3,5648.646,161,Walker2d-v5,8256,Agente_3
844.6726953983307,151,618496,5.859952451645405,839.859630178105,-6.458856423339476,39.67,1235,0.012792792171239853,-6.0,0.99,0.0002710381813813001,0.0008744622464291751,0.0003,-81.17388916015625,0.6678400635719299,-298.810546875,0.027308113873004913,-3.600571393966675,-6.0,1.455580711364746,51.14931869506836,1.361613208886131,1.3710099591339926,0.9271897692228821,0.9333155891999814,1.0,0.9333155891999814,-81.17388916015625,0.6678400635719299,-298.810546875,0.027308113873004913,-3.600571393966675,-6.0,78.69891357421875,156.37841796875,6.493582248687744,1.0,37.0,0.0,0.0,0.0,0.0,0.0,0.0,0.0,,0.0,-6.0,1235.0,1235.0,0.0,0.012792792171239853,0.012792792171239853,0.0,0.0002710381813813001,0.0002710381813813001,0.0,0.0008744622464291751,0.0008744622464291751,0.0,0.0003,0.0003,0.0,-6.0,-6.0,0.0,0.0,0.25875000000000004,24.3625,90.5125,5609.657,162,Walker2d-v5,8256,Agente_3
850.2117955684662,152,622592,47.00552243911901,868.7864896667044,-6.458856423339476,88.65,1235,0.012792792171239853,-6.0,0.99,0.0002710381813813001,0.0008744622464291751,0.0003,-81.54548645019531,0.6475300788879395,-300.9058837890625,0.026604779064655304,-3.626664400100708,-6.0,1.3961219787597656,36.81202411651611,1.3710099591339926,1.3735211610965699,0.940854900726305,0.9818502952365733,1.0,0.9818502952365733,-81.54548645019531,0.6475300788879395,-300.9058837890625,0.026604779064655304,-3.626664400100708,-6.0,78.79178619384766,173.3549041748047,4.664152145385742,1.0,37.0,0.0,0.0,0.0,0.0,0.0,0.0,0.0,,0.0,-6.0,1235.0,1235.0,0.0,0.012792792171239853,0.012792792171239853,0.0,0.0002710381813813001,0.0002710381813813001,0.0,0.0008744622464291751,0.0008744622464291751,0.0,0.0003,0.0003,0.0,-6.0,-6.0,0.0,0.0,0.31714285714285717,26.685714285714287,89.6857142857143,5609.92,163,Walker2d-v5,8256,Agente_3
855.9891498088837,153,626688,46.09215244647174,868.7864896667044,-43.97926108912687,92.03,1235,0.012792792171239853,-6.0,0.99,0.0002710381813813001,0.0008744622464291751,0.0003,-80.1819839477539,0.5835056304931641,-306.4150085449219,0.02592460997402668,-3.6525626182556152,-6.0,1.4367904663085938,9.024065971374512,1.3735211610965699,1.3798480916177722,0.9443864874231068,0.9549812475135123,1.0,0.9549812475135123,-80.1819839477539,0.5835056304931641,-306.4150085449219,0.02592460997402668,-3.6525626182556152,-6.0,77.61801147460938,150.5087432861328,3.891913890838623,1.0,37.0,0.0,0.0,0.0,0.0,0.0,0.0,0.0,,0.0,-6.0,1235.0,1235.0,0.0,0.012792792171239853,0.012792792171239853,0.0,0.0002710381813813001,0.0002710381813813001,0.0,0.0008744622464291751,0.0008744622464291751,0.0,0.0003,0.0003,0.0,-6.0,-6.0,0.0,0.0,0.3725,27.4125,88.1625,5610.464,164,Walker2d-v5,8256,Agente_3
861.5967590808868,154,630784,87.11378244116972,982.527973006366,-43.97926108912687,136.88,1235,0.012792792171239853,-6.0,0.99,0.0002710381813813001,0.0008744622464291751,0.0003,-84.32438659667969,0.8240879774093628,-309.1634216308594,0.025263115763664246,-3.6784098148345947,-6.0,1.2697029113769531,71.21232604980469,1.3798480916177722,1.3688335735936903,0.9582898655673301,1.0,1.0,1.0,-84.32438659667969,0.8240879774093628,-309.1634216308594,0.025263115763664246,-3.6784098148345947,-6.0,81.68197631835938,161.1523895263672,5.679348468780518,1.0,37.0,0.0,0.0,0.0,0.0,0.0,0.0,0.0,,0.0,-6.0,1235.0,1235.0,0.0,0.012792792171239853,0.012792792171239853,0.0,0.0002710381813813001,0.0002710381813813001,0.0,0.0008744622464291751,0.0008744622464291751,0.0,0.0003,0.0003,0.0,-6.0,-6.0,0.0,0.0,0.3825,28.525,88.0,5589.425,165,Walker2d-v5,8256,Agente_3
867.0803425312042,155,634880,85.58058884703094,982.527973006366,-50.480769614385956,143.99,1235,0.012792792171239853,-6.0,0.99,0.0002710381813813001,0.0008744622464291751,0.0003,-83.48077392578125,0.8041301965713501,-309.88421630859375,0.02462369203567505,-3.7040462493896484,-6.0,1.5770797729492188,67.34562301635742,1.3688335735936903,1.3896581935292431,0.933435685620677,0.8588731457807178,1.0,0.8588731457807178,-83.48077392578125,0.8041301965713501,-309.88421630859375,0.02462369203567505,-3.7040462493896484,-6.0,80.81095886230469,186.1190643310547,4.394777297973633,1.0,37.0,0.0,0.0,0.0,0.0,0.0,0.0,0.0,,0.0,-6.0,1235.0,1235.0,0.0,0.012792792171239853,0.012792792171239853,0.0,0.0002710381813813001,0.0002710381813813001,0.0,0.0008744622464291751,0.0008744622464291751,0.0,0.0003,0.0003,0.0,-6.0,-6.0,0.0,0.0,0.3814285714285715,27.47142857142857,87.89999999999999,5582.613,166,Walker2d-v5,8256,Agente_3
872.2898797988892,156,638976,84.01640694929249,982.527973006366,-50.480769614385956,150.63,1235,0.012792792171239853,-6.0,0.99,0.0002710381813813001,0.0008744622464291751,0.0003,-88.36593627929688,0.6938856840133667,-312.08465576171875,0.02400204725563526,-3.729616165161133,-6.0,1.381551742553711,56.88838195800781,1.3896581935292431,1.38884754843169,0.9500767642155078,1.0,1.0,1.0,-88.36593627929688,0.6938856840133667,-312.08465576171875,0.02400204725563526,-3.729616165161133,-6.0,85.96550750732422,177.41073608398438,5.294489860534668,1.0,37.0,0.0,0.0,0.0,0.0,0.0,0.0,0.0,,0.0,-6.0,1235.0,1235.0,0.0,0.012792792171239853,0.012792792171239853,0.0,0.0002710381813813001,0.0002710381813813001,0.0,0.0008744622464291751,0.0008744622464291751,0.0,0.0003,0.0003,0.0,-6.0,-6.0,0.0,0.0,0.42714285714285716,27.300000000000008,87.84285714285714,5556.252,167,Walker2d-v5,8256,Agente_3
889.5136210918427,157,643072,-7.637843994815476,22.56224676856742,-9.853839004399754,7.830739299610895,1837,0.01645798049867153,-6.0,0.99,0.00018932948296424001,0.00046602493966929615,0.0003,-46.37315368652344,0.906233549118042,-723.7575073242188,0.06423171609640121,-2.745258092880249,-6.0,3.494309902191162,19.816202640533447,2.7141738009008436,2.792187411029875,0.891177735138647,0.7501887705878054,1.0,0.7501887705878054,-46.37315368652344,0.906233549118042,-723.7575073242188,0.06423171609640121,-2.745258092880249,-6.0,26.806354522705078,58.27473068237305,-81.89398193359375,1.0,45.0,0.0,0.0,0.0,0.0,0.0,0.0,0.0,,0.0,-6.0,1837.0,1837.0,0.0,0.01645798049867153,0.01645798049867153,0.0,0.00018932948296424001,0.00018932948296424001,0.0,0.00046602493966929615,0.00046602493966929615,0.0,0.0003,0.0003,0.0,-6.0,-6.0,0.0,0.0,0.36052631578947364,25.34210526315789,84.4421052631579,5779.768,168,Walker2d-v5,8256,Agente_3
895.1397590637207,158,647168,-7.235035337776803,-6.177974228242562,-8.74627413727243,6.0,1837,0.01645798049867153,-6.0,0.99,0.00018932948296424001,0.00046602493966929615,0.0003,-54.03520584106445,0.35600751638412476,-748.1741943359375,0.05858048424124718,-2.8373537063598633,-6.0,1.7827510833740234,5.292123794555664,2.792187411029875,2.69124377826429,0.9183833013539853,1.0,1.0,1.0,-54.03520584106445,0.35600751638412476,-748.1741943359375,0.05858048424124718,-2.8373537063598633,-6.0,43.383079528808594,78.14371490478516,-23.86155128479004,1.0,45.0,0.0,0.0,0.0,0.0,0.0,0.0,0.0,,0.0,-6.0,1837.0,1837.0,0.0,0.01645798049867153,0.01645798049867153,0.0,0.00018932948296424001,0.00018932948296424001,0.0,0.00046602493966929615,0.00046602493966929615,0.0,0.0003,0.0003,0.0,-6.0,-6.0,0.0,0.0,0.39749999999999996,27.1,88.2375,5693.775,169,Walker2d-v5,8256,Agente_3
901.5097556114197,159,651264,-6.434192716256145,-6.196839324527112,-6.784570932727108,6.0,1837,0.01645798049867153,-6.0,0.99,0.00018932948296424001,0.00046602493966929615,0.0003,-60.78290557861328,0.3807735741138458,-766.2344970703125,0.054962433874607086,-2.9011054039001465,-6.0,1.8370237350463867,5.882547855377197,2.69124377826429,2.6058217739424996,0.938787476015489,1.0,1.0,1.0,-60.78290557861328,0.3807735741138458,-766.2344970703125,0.054962433874607086,-2.9011054039001465,-6.0,53.98326110839844,89.38188934326172,-39.449058532714844,1.0,45.0,0.0,0.0,0.0,0.0,0.0,0.0,0.0,,0.0,-6.0,1837.0,1837.0,0.0,0.01645798049867153,0.01645798049867153,0.0,0.00018932948296424001,0.00018932948296424001,0.0,0.00046602493966929615,0.00046602493966929615,0.0,0.0003,0.0003,0.0,-6.0,-6.0,0.0,0.0,0.2733333333333333,31.67777777777778,78.86666666666666,5913.411,170,Walker2d-v5,8256,Agente_3
907.1723711490631,160,655360,-6.407852429079497,-6.181715422753976,-6.712362692356475,6.0,1837,0.01645798049867153,-6.0,0.99,0.00018932948296424001,0.00046602493966929615,0.0003,-62.03993225097656,0.4429703950881958,-781.1689453125,0.05214719846844673,-2.9536848068237305,-6.0,2.1967620849609375,6.7172194719314575,2.6058217739424996,2.5649158050443432,0.9540906070116167,1.0,1.0,1.0,-62.03993225097656,0.4429703950881958,-781.1689453125,0.05214719846844673,-2.9536848068237305,-6.0,58.136756896972656,100.49573516845703,-45.899837493896484,1.0,45.0,0.0,0.0,0.0,0.0,0.0,0.0,0.0,,0.0,-6.0,1837.0,1837.0,0.0,0.01645798049867153,0.01645798049867153,0.0,0.00018932948296424001,0.00018932948296424001,0.0,0.00046602493966929615,0.00046602493966929615,0.0,0.0003,0.0003,0.0,-6.0,-6.0,0.0,0.0,0.30875,25.737499999999997,80.95,5845.397,171,Walker2d-v5,8256,Agente_3
912.9722743034363,161,659456,-6.38913925829302,-6.176163967325607,-6.694881862202159,6.0,1837,0.01645798049867153,-6.0,0.99,0.00018932948296424001,0.00046602493966929615,0.0003,-62.96453857421875,0.495504230260849,-794.27685546875,0.049791283905506134,-2.999915361404419,-6.0,2.2580552101135254,6.991722106933594,2.5649158050443432,2.5342297455512615,0.9655679552587125,1.0,1.0,1.0,-62.96453857421875,0.495504230260849,-794.27685546875,0.049791283905506134,-2.999915361404419,-6.0,60.33734893798828,108.63130950927734,-49.141849517822266,1.0,45.0,0.0,0.0,0.0,0.0,0.0,0.0,0.0,,0.0,-6.0,1837.0,1837.0,0.0,0.01645798049867153,0.01645798049867153,0.0,0.00018932948296424001,0.00018932948296424001,0.0,0.00046602493966929615,0.00046602493966929615,0.0,0.0003,0.0003,0.0,-6.0,-6.0,0.0,0.0,0.3575,26.8,87.2375,5833.068,172,Walker2d-v5,8256,Agente_3
918.6379725933075,162,663552,-6.4970626931468844,-6.1571638870608805,-7.173909555524418,6.0,1837,0.01645798049867153,-6.0,0.99,0.00018932948296424001,0.00046602493966929615,0.0003,-57.53022003173828,0.6053785085678101,-801.63427734375,0.047741930931806564,-3.041945219039917,-6.0,2.1194820404052734,8.07237720489502,2.5342297455512615,2.4927549750366627,0.9741759664440344,1.0,1.0,1.0,-57.53022003173828,0.6053785085678101,-801.63427734375,0.047741930931806564,-3.041945219039917,-6.0,58.21196746826172,131.26800537109375,-40.16695785522461,1.0,45.0,0.0,0.0,0.0,0.0,0.0,0.0,0.0,,0.0,-6.0,1837.0,1837.0,0.0,0.01645798049867153,0.01645798049867153,0.0,0.00018932948296424001,0.00018932948296424001,0.0,0.00046602493966929615,0.00046602493966929615,0.0,0.0003,0.0003,0.0,-6.0,-6.0,0.0,0.0,0.33499999999999996,27.925,89.0625,5802.06,173,Walker2d-v5,8256,Agente_3
924.342889547348,163,667648,-7.081883733616536,-6.309495689625344,-8.070654842389354,6.0,1837,0.01645798049867153,-6.0,0.99,0.00018932948296424001,0.00046602493966929615,0.0003,-54.579078674316406,0.4871780276298523,-811.986328125,0.0459197536110878,-3.080859899520874,-6.0,2.0582656860351562,8.441284418106079,2.4927549750366627,2.449306046136512,0.9806319748330258,1.0,1.0,1.0,-54.579078674316406,0.4871780276298523,-811.986328125,0.0459197536110878,-3.080859899520874,-6.0,55.64437484741211,135.04754638671875,-35.566162109375,1.0,45.0,0.0,0.0,0.0,0.0,0.0,0.0,0.0,,0.0,-6.0,1837.0,1837.0,0.0,0.01645798049867153,0.01645798049867153,0.0,0.00018932948296424001,0.00018932948296424001,0.0,0.00046602493966929615,0.00046602493966929615,0.0,0.0003,0.0003,0.0,-6.0,-6.0,0.0,0.0,0.33375,27.325000000000003,88.8,5785.281,174,Walker2d-v5,8256,Agente_3
930.0141198635101,164,671744,-7.759412269076173,-6.844974227954797,-8.522935772160244,6.0,1837,0.01645798049867153,-6.0,0.99,0.00018932948296424001,0.00046602493966929615,0.0003,-52.39462661743164,0.61008620262146,-818.8177490234375,0.04426750913262367,-3.117504358291626,-6.0,2.496122360229492,8.11104965209961,2.449306046136512,2.45398767754581,0.9807408328171018,0.9810674067693297,1.0,0.9810674067693297,-52.39462661743164,0.61008620262146,-818.8177490234375,0.04426750913262367,-3.117504358291626,-6.0,54.1064453125,124.17137145996094,-19.71451759338379,1.0,45.0,0.0,0.0,0.0,0.0,0.0,0.0,0.0,,0.0,-6.0,1837.0,1837.0,0.0,0.01645798049867153,0.01645798049867153,0.0,0.00018932948296424001,0.00018932948296424001,0.0,0.00046602493966929615,0.00046602493966929615,0.0,0.0003,0.0003,0.0,-6.0,-6.0,0.0,0.0,0.34142857142857136,26.042857142857144,89.54285714285713,5768.757,175,Walker2d-v5,8256,Agente_3
935.5848228931427,165,675840,-8.041609272189785,-7.361314675411524,-8.510677823487404,6.0,1837,0.01645798049867153,-6.0,0.99,0.00018932948296424001,0.00046602493966929615,0.0003,-45.034912109375,0.547521710395813,-828.31640625,0.04275121912360191,-3.152357578277588,-6.0,2.3932371139526367,8.410974025726318,2.45398767754581,2.4479126211864926,0.9855556246128263,1.0,1.0,1.0,-45.034912109375,0.547521710395813,-828.31640625,0.04275121912360191,-3.152357578277588,-6.0,46.94957733154297,131.63087463378906,-31.396982192993164,1.0,45.0,0.0,0.0,0.0,0.0,0.0,0.0,0.0,,0.0,-6.0,1837.0,1837.0,0.0,0.01645798049867153,0.01645798049867153,0.0,0.00018932948296424001,0.00018932948296424001,0.0,0.00046602493966929615,0.00046602493966929615,0.0,0.0003,0.0003,0.0,-6.0,-6.0,0.0,0.0,0.3425,26.6,89.875,5744.745,176,Walker2d-v5,8256,Agente_3
941.2762713432312,166,679936,-8.054177971772383,-7.320788773452955,-8.516209457362255,6.0,1837,0.01645798049867153,-6.0,0.99,0.00018932948296424001,0.00046602493966929615,0.0003,-43.26145935058594,0.5770503282546997,-835.57861328125,0.04134403169155121,-3.1858272552490234,-6.0,2.3184609413146973,10.931371688842773,2.4479126211864926,2.434967453199313,0.9891667184596198,1.0,1.0,1.0,-43.26145935058594,0.5770503282546997,-835.57861328125,0.04134403169155121,-3.1858272552490234,-6.0,44.64710235595703,132.7462615966797,-22.308658599853516,1.0,45.0,0.0,0.0,0.0,0.0,0.0,0.0,0.0,,0.0,-6.0,1837.0,1837.0,0.0,0.01645798049867153,0.01645798049867153,0.0,0.00018932948296424001,0.00018932948296424001,0.0,0.00046602493966929615,0.00046602493966929615,0.0,0.0003,0.0003,0.0,-6.0,-6.0,0.0,0.0,0.36624999999999996,26.387500000000003,90.1375,5737.845,177,Walker2d-v5,8256,Agente_3
947.1578059196472,167,684032,-7.909913181009281,-7.220638905853418,-8.487524389452691,6.0,1837,0.01645798049867153,-6.0,0.99,0.00018932948296424001,0.00046602493966929615,0.0003,-37.70320129394531,0.5934276580810547,-845.9471435546875,0.04002934321761131,-3.218142509460449,-6.0,2.702773094177246,10.060097694396973,2.434967453199313,2.4617480172971065,0.9658373243983563,0.8958491422145659,1.0,0.8958491422145659,-37.70320129394531,0.5934276580810547,-845.9471435546875,0.04002934321761131,-3.218142509460449,-6.0,37.861122131347656,137.97540283203125,-31.918296813964844,1.0,45.0,0.0,0.0,0.0,0.0,0.0,0.0,0.0,,0.0,-6.0,1837.0,1837.0,0.0,0.01645798049867153,0.01645798049867153,0.0,0.00018932948296424001,0.00018932948296424001,0.0,0.00046602493966929615,0.00046602493966929615,0.0,0.0003,0.0003,0.0,-6.0,-6.0,0.0,0.0,0.3566666666666667,25.65555555555555,88.92222222222223,5746.29,178,Walker2d-v5,8256,Agente_3
953.022275686264,168,688128,-7.850627830885423,-7.190041413697138,-8.379106745975168,6.0,1837,0.01645798049867153,-6.0,0.99,0.00018932948296424001,0.00046602493966929615,0.0003,-35.44792556762695,0.5485515594482422,-853.673828125,0.03879411146044731,-3.2494869232177734,-6.0,2.310789108276367,9.361114025115967,2.4617480172971065,2.4466521263950325,0.9743779932987673,1.0,1.0,1.0,-35.44792556762695,0.5485515594482422,-853.673828125,0.03879411146044731,-3.2494869232177734,-6.0,36.72161102294922,129.0216522216797,-39.12955093383789,1.0,45.0,0.0,0.0,0.0,0.0,0.0,0.0,0.0,,0.0,-6.0,1837.0,1837.0,0.0,0.01645798049867153,0.01645798049867153,0.0,0.00018932948296424001,0.00018932948296424001,0.0,0.00046602493966929615,0.00046602493966929615,0.0,0.0003,0.0003,0.0,-6.0,-6.0,0.0,0.0,0.41750000000000004,28.5625,88.3,5769.864,179,Walker2d-v5,8256,Agente_3
958.6992201805115,169,692224,-7.770666897003389,-6.958735372013152,-8.49528444219762,6.0,1837,0.01645798049867153,-6.0,0.99,0.00018932948296424001,0.00046602493966929615,0.0003,-33.36540222167969,0.6300374865531921,-863.7120361328125,0.037626713514328,-3.280040979385376,-6.0,2.1769192218780518,10.342569828033447,2.4466521263950325,2.4196788359433343,0.9807834949740755,1.0,1.0,1.0,-33.36540222167969,0.6300374865531921,-863.7120361328125,0.037626713514328,-3.280040979385376,-6.0,34.06435012817383,150.78392028808594,-30.01125144958496,1.0,45.0,0.0,0.0,0.0,0.0,0.0,0.0,0.0,,0.0,-6.0,1837.0,1837.0,0.0,0.01645798049867153,0.01645798049867153,0.0,0.00018932948296424001,0.00018932948296424001,0.0,0.00046602493966929615,0.00046602493966929615,0.0,0.0003,0.0003,0.0,-6.0,-6.0,0.0,0.0,0.37714285714285717,28.242857142857144,88.27142857142857,5700.656,180,Walker2d-v5,8256,Agente_3
964.4228291511536,170,696320,-7.525142375319909,-6.729946208898257,-8.361385719052077,6.0,1837,0.01645798049867153,-6.0,0.99,0.00018932948296424001,0.00046602493966929615,0.0003,-29.66870880126953,0.5748722553253174,-872.3961181640625,0.036519814282655716,-3.3099002838134766,-6.0,2.228755831718445,8.718881130218506,2.4196788359433343,2.400586535520845,0.9855876212305565,1.0,1.0,1.0,-29.66870880126953,0.5748722553253174,-872.3961181640625,0.036519814282655716,-3.3099002838134766,-6.0,29.959182739257812,136.24916076660156,-29.381193161010742,1.0,45.0,0.0,0.0,0.0,0.0,0.0,0.0,0.0,,0.0,-6.0,1837.0,1837.0,0.0,0.01645798049867153,0.01645798049867153,0.0,0.00018932948296424001,0.00018932948296424001,0.0,0.00046602493966929615,0.00046602493966929615,0.0,0.0003,0.0003,0.0,-6.0,-6.0,0.0,0.0,0.40625,28.85,88.35,5707.52,181,Walker2d-v5,8256,Agente_3
970.2624216079712,171,700416,-7.551430917958365,-7.00253217839583,-8.310312838182728,6.0,1837,0.01645798049867153,-6.0,0.99,0.00018932948296424001,0.00046602493966929615,0.0003,-27.986431121826172,0.5513516664505005,-878.7794189453125,0.03546665236353874,-3.3391623497009277,-6.0,2.248480796813965,9.674879789352417,2.400586535520845,2.385375961650157,0.9891907159229174,1.0,1.0,1.0,-27.986431121826172,0.5513516664505005,-878.7794189453125,0.03546665236353874,-3.3391623497009277,-6.0,28.924606323242188,152.8923797607422,-47.15567398071289,1.0,45.0,0.0,0.0,0.0,0.0,0.0,0.0,0.0,,0.0,-6.0,1837.0,1837.0,0.0,0.01645798049867153,0.01645798049867153,0.0,0.00018932948296424001,0.00018932948296424001,0.0,0.00046602493966929615,0.00046602493966929615,0.0,0.0003,0.0003,0.0,-6.0,-6.0,0.0,0.0,0.35625,28.6125,88.2625,5711.114,182,Walker2d-v5,8256,Agente_3
975.8847877979279,172,704512,-7.624926895357639,-7.006497987563166,-8.254851892226032,6.0,1837,0.01645798049867153,-6.0,0.99,0.00018932948296424001,0.00046602493966929615,0.0003,-25.460329055786133,0.5967100858688354,-885.0549926757812,0.034463070333004,-3.3678669929504395,-6.0,2.4500579833984375,10.321961879730225,2.385375961650157,2.3918441638249854,0.9852051054802498,0.9732482741522466,1.0,0.9732482741522466,-25.460329055786133,0.5967100858688354,-885.0549926757812,0.034463070333004,-3.3678669929504395,-6.0,24.61334991455078,136.5242156982422,-37.714202880859375,1.0,45.0,0.0,0.0,0.0,0.0,0.0,0.0,0.0,,0.0,-6.0,1837.0,1837.0,0.0,0.01645798049867153,0.01645798049867153,0.0,0.00018932948296424001,0.00018932948296424001,0.0,0.00046602493966929615,0.00046602493966929615,0.0,0.0003,0.0003,0.0,-6.0,-6.0,0.0,0.0,0.42,28.112499999999997,88.0375,5706.821,183,Walker2d-v5,8256,Agente_3
981.8038260936737,173,708608,-7.541701026737379,-6.818140178628466,-8.144497919511345,6.0,1837,0.01645798049867153,-6.0,0.99,0.00018932948296424001,0.00046602493966929615,0.0003,-21.451496124267578,0.5560339689254761,-890.736083984375,0.03350309282541275,-3.3961174488067627,-6.0,2.222233295440674,8.782712459564209,2.3918441638249854,2.374883076986554,0.9889038291101873,1.0,1.0,1.0,-21.451496124267578,0.5560339689254761,-890.736083984375,0.03350309282541275,-3.3961174488067627,-6.0,22.609039306640625,140.31829833984375,-51.205528259277344,1.0,45.0,0.0,0.0,0.0,0.0,0.0,0.0,0.0,,0.0,-6.0,1837.0,1837.0,0.0,0.01645798049867153,0.01645798049867153,0.0,0.00018932948296424001,0.00018932948296424001,0.0,0.00046602493966929615,0.00046602493966929615,0.0,0.0003,0.0003,0.0,-6.0,-6.0,0.0,0.0,0.35875,27.8125,88.1375,5728.259,184,Walker2d-v5,8256,Agente_3
987.8143997192383,174,712704,-7.4838480272283086,-6.888126263134895,-8.091995122389918,6.0,1837,0.01645798049867153,-6.0,0.99,0.00018932948296424001,0.00046602493966929615,0.0003,-20.697742462158203,0.5208331942558289,-896.9608154296875,0.03258437663316727,-3.423922300338745,-6.0,2.1485594511032104,9.649919271469116,2.374883076986554,2.35225071439822,0.9916778718326404,1.0,1.0,1.0,-20.697742462158203,0.5208331942558289,-896.9608154296875,0.03258437663316727,-3.423922300338745,-6.0,21.047544479370117,149.57305908203125,-50.71303176879883,1.0,45.0,0.0,0.0,0.0,0.0,0.0,0.0,0.0,,0.0,-6.0,1837.0,1837.0,0.0,0.01645798049867153,0.01645798049867153,0.0,0.00018932948296424001,0.00018932948296424001,0.0,0.00046602493966929615,0.00046602493966929615,0.0,0.0003,0.0003,0.0,-6.0,-6.0,0.0,0.0,0.3225,30.587500000000002,79.575,5761.753,185,Walker2d-v5,8256,Agente_3
993.3429534435272,175,716800,-7.262781195374349,-6.728382414100786,-7.7845817786381755,6.0,1837,0.01645798049867153,-6.0,0.99,0.00018932948296424001,0.00046602493966929615,0.0003,-19.004695892333984,0.676769495010376,-904.3650512695312,0.031702980399131775,-3.4513444900512695,-6.0,2.0493674278259277,12.177701711654663,2.35225071439822,2.321962385740991,0.9937584038744803,1.0,1.0,1.0,-19.004695892333984,0.676769495010376,-904.3650512695312,0.031702980399131775,-3.4513444900512695,-6.0,18.39728546142578,132.1405029296875,-55.64948272705078,1.0,45.0,0.0,0.0,0.0,0.0,0.0,0.0,0.0,,0.0,-6.0,1837.0,1837.0,0.0,0.01645798049867153,0.01645798049867153,0.0,0.00018932948296424001,0.00018932948296424001,0.0,0.00046602493966929615,0.00046602493966929615,0.0,0.0003,0.0003,0.0,-6.0,-6.0,0.0,0.0,0.28875,25.1,78.7625,5757.311,186,Walker2d-v5,8256,Agente_3
999.7946963310242,176,720896,-7.2158035484682115,-6.629548395956512,-7.692996823860886,6.0,1837,0.01645798049867153,-6.0,0.99,0.00018932948296424001,0.00046602493966929615,0.0003,-17.337890625,0.5871031284332275,-911.2293701171875,0.030856287106871605,-3.47841477394104,-6.0,2.1935698986053467,10.681048154830933,2.321962385740991,2.3091231370274263,0.9953188029058603,1.0,1.0,1.0,-17.337890625,0.5871031284332275,-911.2293701171875,0.030856287106871605,-3.47841477394104,-6.0,16.928085327148438,129.17909240722656,-54.126956939697266,1.0,45.0,0.0,0.0,0.0,0.0,0.0,0.0,0.0,,0.0,-6.0,1837.0,1837.0,0.0,0.01645798049867153,0.01645798049867153,0.0,0.00018932948296424001,0.00018932948296424001,0.0,0.00046602493966929615,0.00046602493966929615,0.0,0.0003,0.0003,0.0,-6.0,-6.0,0.0,0.0,0.23374999999999999,24.150000000000002,86.57499999999999,5833.348,187,Walker2d-v5,8256,Agente_3
1005.3192420005798,177,724992,-7.248186791301202,-6.868469728353951,-7.62835527582801,6.0,1837,0.01645798049867153,-6.0,0.99,0.00018932948296424001,0.00046602493966929615,0.0003,-16.018735885620117,0.6155927181243896,-918.3470458984375,0.030040796846151352,-3.5051989555358887,-6.0,2.347796082496643,10.920162916183472,2.3091231370274263,2.312990431574348,0.9923369967700362,0.983391578362564,1.0,0.983391578362564,-16.018735885620117,0.6155927181243896,-918.3470458984375,0.030040796846151352,-3.5051989555358887,-6.0,16.103160858154297,125.76490783691406,-68.03131866455078,1.0,45.0,0.0,0.0,0.0,0.0,0.0,0.0,0.0,,0.0,-6.0,1837.0,1837.0,0.0,0.01645798049867153,0.01645798049867153,0.0,0.00018932948296424001,0.00018932948296424001,0.0,0.00046602493966929615,0.00046602493966929615,0.0,0.0003,0.0003,0.0,-6.0,-6.0,0.0,0.0,0.2925,26.200000000000003,89.9,5797.419,188,Walker2d-v5,8256,Agente_3
1011.0049524307251,178,729088,-7.288375266410798,-6.901521425354627,-7.647678940024606,6.0,1837,0.01645798049867153,-6.0,0.99,0.00018932948296424001,0.00046602493966929615,0.0003,-13.569653511047363,0.5676953792572021,-923.606201171875,0.02925420179963112,-3.5317320823669434,-6.0,2.227034330368042,10.980255603790283,2.312990431574348,2.3043948214537173,0.9942527475775271,1.0,1.0,1.0,-13.569653511047363,0.5676953792572021,-923.606201171875,0.02925420179963112,-3.5317320823669434,-6.0,14.027630805969238,124.73867797851562,-64.78572845458984,1.0,45.0,0.0,0.0,0.0,0.0,0.0,0.0,0.0,,0.0,-6.0,1837.0,1837.0,0.0,0.01645798049867153,0.01645798049867153,0.0,0.00018932948296424001,0.00018932948296424001,0.0,0.00046602493966929615,0.00046602493966929615,0.0,0.0003,0.0003,0.0,-6.0,-6.0,0.0,0.0,0.3814285714285715,26.12857142857143,90.05714285714286,5779.963,189,Walker2d-v5,8256,Agente_3
1016.8426198959351,179,733184,-7.416308356325896,-6.973757456906763,-7.8087025924195865,6.0,1837,0.01645798049867153,-6.0,0.99,0.00018932948296424001,0.00046602493966929615,0.0003,-10.143472671508789,0.5240461826324463,-933.08447265625,0.028494643047451973,-3.5580391883850098,-6.0,1.998537302017212,9.22199559211731,2.3043948214537173,2.273809069510067,0.9956895606831453,1.0,1.0,1.0,-10.143472671508789,0.5240461826324463,-933.08447265625,0.028494643047451973,-3.5580391883850098,-6.0,9.657608032226562,130.37457275390625,-66.24905395507812,1.0,45.0,0.0,0.0,0.0,0.0,0.0,0.0,0.0,,0.0,-6.0,1837.0,1837.0,0.0,0.01645798049867153,0.01645798049867153,0.0,0.00018932948296424001,0.00018932948296424001,0.0,0.00046602493966929615,0.00046602493966929615,0.0,0.0003,0.0003,0.0,-6.0,-6.0,0.0,0.0,0.27749999999999997,30.5,80.6125,5795.942,190,Walker2d-v5,8256,Agente_3
1022.1187236309052,180,737280,-7.363234413597051,-7.000489819033923,-7.721267461927216,6.0,1837,0.01645798049867153,-6.0,0.99,0.00018932948296424001,0.00046602493966929615,0.0003,-7.70654821395874,0.3705291152000427,-941.1416015625,0.02775908261537552,-3.5841922760009766,-6.0,2.1821627616882324,13.73113489151001,2.273809069510067,2.264644438727884,0.996767170512359,1.0,1.0,1.0,-7.70654821395874,0.3705291152000427,-941.1416015625,0.02775908261537552,-3.5841922760009766,-6.0,6.988722801208496,127.07249450683594,-99.80667114257812,1.0,45.0,0.0,0.0,0.0,0.0,0.0,0.0,0.0,,0.0,-6.0,1837.0,1837.0,0.0,0.01645798049867153,0.01645798049867153,0.0,0.00018932948296424001,0.00018932948296424001,0.0,0.00046602493966929615,0.00046602493966929615,0.0,0.0003,0.0003,0.0,-6.0,-6.0,0.0,0.0,0.32,26.825000000000003,78.2625,5750.844,191,Walker2d-v5,8256,Agente_3
1027.6517832279205,181,741376,-7.416538662996396,-6.963691986109994,-8.19634819279071,6.0,1837,0.01645798049867153,-6.0,0.99,0.00018932948296424001,0.00046602493966929615,0.0003,-8.351160049438477,0.3462508022785187,-948.6887817382812,0.02704693004488945,-3.6101818084716797,-6.0,2.225531578063965,11.073044776916504,2.264644438727884,2.260733152661492,0.9975753778842692,1.0,1.0,1.0,-8.351160049438477,0.3462508022785187,-948.6887817382812,0.02704693004488945,-3.6101818084716797,-6.0,8.145857810974121,123.61221313476562,-81.20034790039062,1.0,45.0,0.0,0.0,0.0,0.0,0.0,0.0,0.0,,0.0,-6.0,1837.0,1837.0,0.0,0.01645798049867153,0.01645798049867153,0.0,0.00018932948296424001,0.00018932948296424001,0.0,0.00046602493966929615,0.00046602493966929615,0.0,0.0003,0.0003,0.0,-6.0,-6.0,0.0,0.0,0.31714285714285717,25.62857142857143,84.42857142857143,5720.57,192,Walker2d-v5,8256,Agente_3
1033.3481650352478,182,745472,-7.7116215259775425,-6.930502959225199,-8.555372250520731,6.0,1837,0.01645798049867153,-6.0,0.99,0.00018932948296424001,0.00046602493966929615,0.0003,-9.659040451049805,0.6607489585876465,-959.7257080078125,0.02635715901851654,-3.6360154151916504,-6.0,2.093383550643921,12.315503358840942,2.260733152661492,2.2439981924597348,0.9981815334132019,1.0,1.0,1.0,-9.659040451049805,0.6607489585876465,-959.7257080078125,0.02635715901851654,-3.6360154151916504,-6.0,8.922103881835938,116.7505874633789,-113.28880310058594,1.0,45.0,0.0,0.0,0.0,0.0,0.0,0.0,0.0,,0.0,-6.0,1837.0,1837.0,0.0,0.01645798049867153,0.01645798049867153,0.0,0.00018932948296424001,0.00018932948296424001,0.0,0.00046602493966929615,0.00046602493966929615,0.0,0.0003,0.0003,0.0,-6.0,-6.0,0.0,0.0,0.32875,28.487499999999997,88.76249999999999,5728.205,193,Walker2d-v5,8256,Agente_3
1038.8991527557373,183,749568,-8.08068676506485,-7.0421151932093,-8.74360294104548,6.0,1837,0.01645798049867153,-6.0,0.99,0.00018932948296424001,0.00046602493966929615,0.0003,-6.2970404624938965,0.6940253376960754,-962.3858642578125,0.025688400492072105,-3.6617157459259033,-6.0,2.7941086292266846,11.083053350448608,2.2439981924597348,2.29900923613643,0.9442834352055536,0.7825891405826084,1.0,0.7825891405826084,-6.2970404624938965,0.6940253376960754,-962.3858642578125,0.025688400492072105,-3.6617157459259033,-6.0,5.601638317108154,110.06755065917969,-114.85626220703125,1.0,45.0,0.0,0.0,0.0,0.0,0.0,0.0,0.0,,0.0,-6.0,1837.0,1837.0,0.0,0.01645798049867153,0.01645798049867153,0.0,0.00018932948296424001,0.00018932948296424001,0.0,0.00046602493966929615,0.00046602493966929615,0.0,0.0003,0.0003,0.0,-6.0,-6.0,0.0,0.0,0.34750000000000003,28.1625,88.85,5691.703,194,Walker2d-v5,8256,Agente_3
1044.748097896576,184,753664,-8.342184985755264,-7.142304538778616,-8.90305266979587,6.0,1837,0.01645798049867153,-6.0,0.99,0.00018932948296424001,0.00046602493966929615,0.0003,-9.100728988647461,0.5702471733093262,-977.84326171875,0.02503998950123787,-3.6872811317443848,-6.0,2.142856240272522,9.741415023803711,2.29900923613643,2.2833939365500386,0.9582125764041651,1.0,1.0,1.0,-9.100728988647461,0.5702471733093262,-977.84326171875,0.02503998950123787,-3.6872811317443848,-6.0,8.252126693725586,161.37782287597656,-96.98452758789062,1.0,45.0,0.0,0.0,0.0,0.0,0.0,0.0,0.0,,0.0,-6.0,1837.0,1837.0,0.0,0.01645798049867153,0.01645798049867153,0.0,0.00018932948296424001,0.00018932948296424001,0.0,0.00046602493966929615,0.00046602493966929615,0.0,0.0003,0.0003,0.0,-6.0,-6.0,0.0,0.0,0.35625,28.3,88.775,5675.76,195,Walker2d-v5,8256,Agente_3
1050.4825603961945,185,757760,-7.874005463157042,-6.515012782156624,-8.956497922178027,6.0,1837,0.01645798049867153,-6.0,0.99,0.00018932948296424001,0.00046602493966929615,0.0003,-6.487417697906494,0.6929497718811035,-978.2879028320312,0.024410413578152657,-3.712745428085327,-6.0,2.204251766204834,16.09052848815918,2.2833939365500386,2.275479719515518,0.9686594323031239,1.0,1.0,1.0,-6.487417697906494,0.6929497718811035,-978.2879028320312,0.024410413578152657,-3.712745428085327,-6.0,6.1723761558532715,158.07669067382812,-116.29631042480469,1.0,45.0,0.0,0.0,0.0,0.0,0.0,0.0,0.0,,0.0,-6.0,1837.0,1837.0,0.0,0.01645798049867153,0.01645798049867153,0.0,0.00018932948296424001,0.00018932948296424001,0.0,0.00046602493966929615,0.00046602493966929615,0.0,0.0003,0.0003,0.0,-6.0,-6.0,0.0,0.0,0.39749999999999996,28.7625,88.47500000000001,5696.694,196,Walker2d-v5,8256,Agente_3
1055.912413597107,186,761856,-6.616478977030392,-6.267792650956444,-8.682002777785607,6.0,1837,0.01645798049867153,-6.0,0.99,0.00018932948296424001,0.00046602493966929615,0.0003,-2.429043769836426,0.5661354660987854,-986.9444580078125,0.023799845948815346,-3.7380762100219727,-6.0,1.7031412720680237,11.687783241271973,2.275479719515518,2.2182458747707687,0.976494574227343,1.0,1.0,1.0,-2.429043769836426,0.5661354660987854,-986.9444580078125,0.023799845948815346,-3.7380762100219727,-6.0,1.4291056394577026,126.90724182128906,-122.18167877197266,1.0,45.0,0.0,0.0,0.0,0.0,0.0,0.0,0.0,,0.0,-6.0,1837.0,1837.0,0.0,0.01645798049867153,0.01645798049867153,0.0,0.00018932948296424001,0.00018932948296424001,0.0,0.00046602493966929615,0.00046602493966929615,0.0,0.0003,0.0003,0.0,-6.0,-6.0,0.0,0.0,0.39571428571428563,28.114285714285717,88.45714285714284,5594.067,197,Walker2d-v5,8256,Agente_3
1061.653362751007,187,765952,-6.547944252081976,-6.296936587913924,-6.834299090321728,6.0,1837,0.01645798049867153,-6.0,0.99,0.00018932948296424001,0.00046602493966929615,0.0003,3.615870952606201,0.4916934370994568,-992.6109619140625,0.023206794634461403,-3.763310194015503,-6.0,1.6899654269218445,10.376189231872559,2.2182458747707687,2.165417829985876,0.9823709306705073,1.0,1.0,1.0,3.615870952606201,0.4916934370994568,-992.6109619140625,0.023206794634461403,-3.763310194015503,-6.0,-4.657413482666016,150.73646545410156,-123.91275024414062,1.0,45.0,0.0,0.0,0.0,0.0,0.0,0.0,0.0,,0.0,-6.0,1837.0,1837.0,0.0,0.01645798049867153,0.01645798049867153,0.0,0.00018932948296424001,0.00018932948296424001,0.0,0.00046602493966929615,0.00046602493966929615,0.0,0.0003,0.0003,0.0,-6.0,-6.0,0.0,0.0,0.365,28.924999999999997,88.4,5615.995,198,Walker2d-v5,8256,Agente_3
1067.2897362709045,188,770048,-6.684700496415943,-6.389326317951542,-6.941414475577916,6.0,1837,0.01645798049867153,-6.0,0.99,0.00018932948296424001,0.00046602493966929615,0.0003,0.13411106169223785,0.6435875296592712,-995.2380981445312,0.022630777209997177,-3.7884445190429688,-6.0,1.9555784463882446,12.207077980041504,2.165417829985876,2.1444338916261128,0.9867781980028805,1.0,1.0,1.0,0.13411106169223785,0.6435875296592712,-995.2380981445312,0.022630777209997177,-3.7884445190429688,-6.0,-1.1633641719818115,142.42666625976562,-132.06671142578125,1.0,45.0,0.0,0.0,0.0,0.0,0.0,0.0,0.0,,0.0,-6.0,1837.0,1837.0,0.0,0.01645798049867153,0.01645798049867153,0.0,0.00018932948296424001,0.00018932948296424001,0.0,0.00046602493966929615,0.00046602493966929615,0.0,0.0003,0.0003,0.0,-6.0,-6.0,0.0,0.0,0.4225,28.0375,88.6,5610.788,199,Walker2d-v5,8256,Agente_3
1072.8933322429657,189,774144,-6.779323282367335,-6.46770939947433,-7.067588170047737,6.0,1837,0.01645798049867153,-6.0,0.99,0.00018932948296424001,0.00046602493966929615,0.0003,2.5282020568847656,0.6016652584075928,-1000.940673828125,0.02207060344517231,-3.8135087490081787,-6.0,1.5371053218841553,17.034103870391846,2.1444338916261128,2.083701034651917,0.9900836485021604,1.0,1.0,1.0,2.5282020568847656,0.6016652584075928,-1000.940673828125,0.02207060344517231,-3.8135087490081787,-6.0,-3.4137585163116455,118.75382232666016,-124.75656127929688,1.0,45.0,0.0,0.0,0.0,0.0,0.0,0.0,0.0,,0.0,-6.0,1837.0,1837.0,0.0,0.01645798049867153,0.01645798049867153,0.0,0.00018932948296424001,0.00018932948296424001,0.0,0.00046602493966929615,0.00046602493966929615,0.0,0.0003,0.0003,0.0,-6.0,-6.0,0.0,0.0,0.2871428571428571,28.34285714285715,88.44285714285714,5587.297,200,Walker2d-v5,8256,Agente_3
1078.6223983764648,190,778240,-6.770316302442073,-6.467676991457064,-7.0460682481373595,6.0,1837,0.01645798049867153,-6.0,0.99,0.00018932948296424001,0.00046602493966929615,0.0003,-1.5993174314498901,0.41587892174720764,-1010.697998046875,0.021525230258703232,-3.838529586791992,-6.0,1.564845085144043,12.330803871154785,2.083701034651917,2.0318154397011297,0.9925627363766203,1.0,1.0,1.0,-1.5993174314498901,0.41587892174720764,-1010.697998046875,0.021525230258703232,-3.838529586791992,-6.0,0.4534919261932373,174.12606811523438,-128.28817749023438,1.0,45.0,0.0,0.0,0.0,0.0,0.0,0.0,0.0,,0.0,-6.0,1837.0,1837.0,0.0,0.01645798049867153,0.01645798049867153,0.0,0.00018932948296424001,0.00018932948296424001,0.0,0.00046602493966929615,0.00046602493966929615,0.0,0.0003,0.0003,0.0,-6.0,-6.0,0.0,0.0,0.40375,28.3,88.375,5632.59,201,Walker2d-v5,8256,Agente_3
1084.3779842853546,191,782336,-6.818507742248754,-6.586715459549973,-7.048067965856019,6.0,1837,0.01645798049867153,-6.0,0.99,0.00018932948296424001,0.00046602493966929615,0.0003,1.9636225700378418,0.5724513530731201,-1027.587646484375,0.02099483832716942,-3.863478660583496,-6.0,1.528601884841919,23.73264789581299,2.0318154397011297,1.9814940842152085,0.9944220522824652,1.0,1.0,1.0,1.9636225700378418,0.5724513530731201,-1027.587646484375,0.02099483832716942,-3.863478660583496,-6.0,-3.1849756240844727,179.79989624023438,-127.77300262451172,1.0,45.0,0.0,0.0,0.0,0.0,0.0,0.0,0.0,,0.0,-6.0,1837.0,1837.0,0.0,0.01645798049867153,0.01645798049867153,0.0,0.00018932948296424001,0.00018932948296424001,0.0,0.00046602493966929615,0.00046602493966929615,0.0,0.0003,0.0003,0.0,-6.0,-6.0,0.0,0.0,0.42125,28.65,88.45,5654.729,202,Walker2d-v5,8256,Agente_3
1089.9872148036957,192,786432,-6.789049401326105,-6.562363735278666,-7.0280572241838986,6.0,1837,0.01645798049867153,-6.0,0.99,0.00018932948296424001,0.00046602493966929615,0.0003,-3.991142511367798,0.44800353050231934,-1027.702392578125,0.0204788688570261,-3.888361692428589,-6.0,1.1568880081176758,14.080686807632446,1.9814940842152085,1.8990334766054553,0.9958165392118489,1.0,1.0,1.0,-3.991142511367798,0.44800353050231934,-1027.702392578125,0.0204788688570261,-3.888361692428589,-6.0,2.3663382530212402,154.8951416015625,-127.94158935546875,1.0,45.0,0.0,0.0,0.0,0.0,0.0,0.0,0.0,,0.0,-6.0,1837.0,1837.0,0.0,0.01645798049867153,0.01645798049867153,0.0,0.00018932948296424001,0.00018932948296424001,0.0,0.00046602493966929615,0.00046602493966929615,0.0,0.0003,0.0003,0.0,-6.0,-6.0,0.0,0.0,0.385,27.9875,88.42500000000001,5645.838,203,Walker2d-v5,8256,Agente_3
1095.7079446315765,193,790528,-6.74628957187349,-6.542111499172655,-7.012664935074668,6.0,1837,0.01645798049867153,-6.0,0.99,0.00018932948296424001,0.00046602493966929615,0.0003,-3.7779531478881836,0.5619018077850342,-1037.5343017578125,0.01997663453221321,-3.9131920337677,-6.0,1.491567611694336,13.66549038887024,1.8990334766054553,1.8582868901143434,0.9968624044088866,1.0,1.0,1.0,-3.7779531478881836,0.5619018077850342,-1037.5343017578125,0.01997663453221321,-3.9131920337677,-6.0,2.4917469024658203,167.17974853515625,-129.95794677734375,1.0,45.0,0.0,0.0,0.0,0.0,0.0,0.0,0.0,,0.0,-6.0,1837.0,1837.0,0.0,0.01645798049867153,0.01645798049867153,0.0,0.00018932948296424001,0.00018932948296424001,0.0,0.00046602493966929615,0.00046602493966929615,0.0,0.0003,0.0003,0.0,-6.0,-6.0,0.0,0.0,0.34750000000000003,27.8125,88.3625,5662.746,204,Walker2d-v5,8256,Agente_3
1101.317859172821,194,794624,-6.724025934047497,-6.469961705603554,-7.015548262483256,6.0,1837,0.01645798049867153,-6.0,0.99,0.00018932948296424001,0.00046602493966929615,0.0003,1.6167761087417603,0.4876168668270111,-1042.7989501953125,0.019487977027893066,-3.937957525253296,-6.0,2.015023708343506,14.091574668884277,1.8582868901143434,1.8739605719372598,0.9774253795673801,0.9191143050428602,1.0,0.9191143050428602,1.6167761087417603,0.4876168668270111,-1042.7989501953125,0.019487977027893066,-3.937957525253296,-6.0,-2.6269278526306152,158.1137237548828,-124.00645446777344,1.0,45.0,0.0,0.0,0.0,0.0,0.0,0.0,0.0,,0.0,-6.0,1837.0,1837.0,0.0,0.01645798049867153,0.01645798049867153,0.0,0.00018932948296424001,0.00018932948296424001,0.0,0.00046602493966929615,0.00046602493966929615,0.0,0.0003,0.0003,0.0,-6.0,-6.0,0.0,0.0,0.31285714285714283,26.828571428571426,88.77142857142857,5639.391,205,Walker2d-v5,8256,Agente_3
1106.9895448684692,195,798720,-6.703254518315361,-6.521543359593604,-6.937848011086137,6.0,1837,0.01645798049867153,-6.0,0.99,0.00018932948296424001,0.00046602493966929615,0.0003,-0.5613656044006348,0.40482544898986816,-1052.5460205078125,0.019012976437807083,-3.9626336097717285,-6.0,1.0176823139190674,10.591289043426514,1.8739605719372598,1.7883327461354406,0.9830690346755351,1.0,1.0,1.0,-0.5613656044006348,0.40482544898986816,-1052.5460205078125,0.019012976437807083,-3.9626336097717285,-6.0,-0.8886158466339111,182.4217529296875,-104.3334732055664,1.0,45.0,0.0,0.0,0.0,0.0,0.0,0.0,0.0,,0.0,-6.0,1837.0,1837.0,0.0,0.01645798049867153,0.01645798049867153,0.0,0.00018932948296424001,0.00018932948296424001,0.0,0.00046602493966929615,0.00046602493966929615,0.0,0.0003,0.0003,0.0,-6.0,-6.0,0.0,0.0,0.30625,25.862499999999997,89.38749999999999,5632.724,206,Walker2d-v5,8256,Agente_3
1118.1859188079834,196,802816,-5.683713939771164,33.98714692739324,-8.967000778790377,8.788546255506608,760,0.008893060497939587,-6.0,0.99,4.238567271386273e-05,0.0006529781967401505,0.0003,-8.894773483276367,0.8475480675697327,13.913516998291016,0.07085195928812027,-2.647162675857544,-6.0,4.135516405105591,16.570541858673096,3.040992483403293,3.150444875573523,0.8801461093959382,0.6977298724319622,1.0,0.6977298724319622,-8.894773483276367,0.8475480675697327,13.913516998291016,0.07085195928812027,-2.647162675857544,-6.0,2.574957847595215,55.415428161621094,-33.73925018310547,1.0,57.0,0.0,0.0,0.0,0.0,0.0,0.0,0.0,,0.0,-6.0,760.0,760.0,0.0,0.008893060497939587,0.008893060497939587,0.0,4.238567271386273e-05,4.238567271386273e-05,0.0,0.0006529781967401505,0.0006529781967401505,0.0,0.0003,0.0003,0.0,-6.0,-6.0,0.0,0.0,0.32500000000000007,22.681818181818183,83.97272727272725,5613.539,207,Walker2d-v5,8256,Agente_3
1123.6064093112946,197,806912,-6.415767868735719,-4.452126293282607,-8.52712520604593,6.751243781094527,760,0.008893060497939587,-6.0,0.99,4.238567271386273e-05,0.0006529781967401505,0.0003,-6.7541728019714355,0.3417811989784241,-14.553196907043457,0.07230526208877563,-2.6268584728240967,-6.0,1.6979267597198486,6.722317814826965,3.150444875573523,3.0051930639881554,0.9101095820469536,1.0,1.0,1.0,-6.7541728019714355,0.3417811989784241,-14.553196907043457,0.07230526208877563,-2.6268584728240967,-6.0,5.401301383972168,31.265335083007812,-23.304973602294922,1.0,57.0,0.0,0.0,0.0,0.0,0.0,0.0,0.0,,0.0,-6.0,760.0,760.0,0.0,0.008893060497939587,0.008893060497939587,0.0,4.238567271386273e-05,4.238567271386273e-05,0.0,0.0006529781967401505,0.0006529781967401505,0.0,0.0003,0.0003,0.0,-6.0,-6.0,0.0,0.0,0.39999999999999997,28.185714285714283,88.58571428571429,5507.537,208,Walker2d-v5,8256,Agente_3
1129.21697306633,198,811008,-8.496114798565698,-3.4709999628433503,-15.758889634170785,15.724696356275304,760,0.008893060497939587,-6.0,0.99,4.238567271386273e-05,0.0006529781967401505,0.0003,-8.509052276611328,0.23217466473579407,-34.685829162597656,0.06813433021306992,-2.6862740516662598,-6.0,1.341268539428711,4.760721683502197,3.0051930639881554,2.838800611532211,0.9325821865352152,1.0,1.0,1.0,-8.509052276611328,0.23217466473579407,-34.685829162597656,0.06813433021306992,-2.6862740516662598,-6.0,6.935893535614014,50.03152847290039,-22.495336532592773,1.0,57.0,0.0,0.0,0.0,0.0,0.0,0.0,0.0,,0.0,-6.0,760.0,760.0,0.0,0.008893060497939587,0.008893060497939587,0.0,4.238567271386273e-05,4.238567271386273e-05,0.0,0.0006529781967401505,0.0006529781967401505,0.0,0.0003,0.0003,0.0,-6.0,-6.0,0.0,0.0,0.40499999999999997,28.65,88.3625,5537.268,209,Walker2d-v5,8256,Agente_3
1134.734976053238,199,815104,-11.739154538531476,-1.8756996988940093,-15.765901541677547,23.424418604651162,760,0.008893060497939587,-6.0,0.99,4.238567271386273e-05,0.0006529781967401505,0.0003,-10.715228080749512,0.2532898187637329,-56.11053466796875,0.06314754486083984,-2.7622814178466797,-6.0,1.2149261236190796,4.939558029174805,2.838800611532211,2.676413162740898,0.9494366399014114,1.0,1.0,1.0,-10.715228080749512,0.2532898187637329,-56.11053466796875,0.06314754486083984,-2.7622814178466797,-6.0,9.418449401855469,52.384979248046875,-17.023618698120117,1.0,57.0,0.0,0.0,0.0,0.0,0.0,0.0,0.0,,0.0,-6.0,760.0,760.0,0.0,0.008893060497939587,0.008893060497939587,0.0,4.238567271386273e-05,4.238567271386273e-05,0.0,0.0006529781967401505,0.0006529781967401505,0.0,0.0003,0.0003,0.0,-6.0,-6.0,0.0,0.0,0.33999999999999997,28.0,88.35714285714285,5529.564,210,Walker2d-v5,8256,Agente_3
1140.526375055313,200,819200,-13.405216285907617,-2.9283566391828098,-16.795043338101394,22.53551912568306,760,0.008893060497939587,-6.0,0.99,4.238567271386273e-05,0.0006529781967401505,0.0003,-12.5580472946167,0.28317105770111084,-80.62818145751953,0.058500200510025024,-2.8387250900268555,-6.0,1.257588505744934,5.66197657585144,2.676413162740898,2.5345306970413013,0.9620774799260585,1.0,1.0,1.0,-12.5580472946167,0.28317105770111084,-80.62818145751953,0.058500200510025024,-2.8387250900268555,-6.0,11.118934631347656,43.63869094848633,-12.499382972717285,1.0,57.0,0.0,0.0,0.0,0.0,0.0,0.0,0.0,,0.0,-6.0,760.0,760.0,0.0,0.008893060497939587,0.008893060497939587,0.0,4.238567271386273e-05,4.238567271386273e-05,0.0,0.0006529781967401505,0.0006529781967401505,0.0,0.0003,0.0003,0.0,-6.0,-6.0,0.0,0.0,0.34375,30.6375,85.7,5579.243,211,Walker2d-v5,8256,Agente_3
1146.4040217399597,201,823296,-16.082772877968974,-12.154979745432046,-18.928593363818813,18.614035087719298,760,0.008893060497939587,-6.0,0.99,4.238567271386273e-05,0.0006529781967401505,0.0003,-17.04709243774414,0.23227010667324066,-122.25812530517578,0.054305341094732285,-2.913132667541504,-6.0,1.1631529331207275,4.241748690605164,2.5345306970413013,2.397392920649244,0.9715581099445438,1.0,1.0,1.0,-17.04709243774414,0.23227010667324066,-122.25812530517578,0.054305341094732285,-2.913132667541504,-6.0,14.36072063446045,46.80217361450195,-9.879056930541992,1.0,57.0,0.0,0.0,0.0,0.0,0.0,0.0,0.0,,0.0,-6.0,760.0,760.0,0.0,0.008893060497939587,0.008893060497939587,0.0,4.238567271386273e-05,4.238567271386273e-05,0.0,0.0006529781967401505,0.0006529781967401505,0.0,0.0003,0.0003,0.0,-6.0,-6.0,0.0,0.0,0.31124999999999997,31.849999999999998,77.0125,5626.958,212,Walker2d-v5,8256,Agente_3
1151.8936431407928,202,827392,-16.80239771371598,-14.207466026758427,-19.874038765300696,16.870833333333334,760,0.008893060497939587,-6.0,0.99,4.238567271386273e-05,0.0006529781967401505,0.0003,-19.180240631103516,0.3206433653831482,-167.2164306640625,0.05045434087514877,-2.9866864681243896,-6.0,1.554739773273468,4.515687346458435,2.397392920649244,2.3131276059116663,0.9786685824584078,1.0,1.0,1.0,-19.180240631103516,0.3206433653831482,-167.2164306640625,0.05045434087514877,-2.9866864681243896,-6.0,15.429803848266602,51.68641662597656,-13.034578323364258,1.0,57.0,0.0,0.0,0.0,0.0,0.0,0.0,0.0,,0.0,-6.0,760.0,760.0,0.0,0.008893060497939587,0.008893060497939587,0.0,4.238567271386273e-05,4.238567271386273e-05,0.0,0.0006529781967401505,0.0006529781967401505,0.0,0.0003,0.0003,0.0,-6.0,-6.0,0.0,0.0,0.32499999999999996,26.4375,84.475,5605.622,213,Walker2d-v5,8256,Agente_3
1157.6033990383148,203,831488,-15.89074037134594,-11.084499164708253,-19.914046162432225,18.873831775700936,760,0.008893060497939587,-6.0,0.99,4.238567271386273e-05,0.0006529781967401505,0.0003,-27.223857879638672,0.3899576961994171,-242.1925048828125,0.04668619483709335,-3.0643067359924316,-6.0,1.1053047180175781,6.651918172836304,2.3131276059116663,2.1923453171222578,0.9840014368438059,1.0,1.0,1.0,-27.223857879638672,0.3899576961994171,-242.1925048828125,0.04668619483709335,-3.0643067359924316,-6.0,23.092693328857422,61.334537506103516,-8.656421661376953,1.0,57.0,0.0,0.0,0.0,0.0,0.0,0.0,0.0,,0.0,-6.0,760.0,760.0,0.0,0.008893060497939587,0.008893060497939587,0.0,4.238567271386273e-05,4.238567271386273e-05,0.0,0.0006529781967401505,0.0006529781967401505,0.0,0.0003,0.0003,0.0,-6.0,-6.0,0.0,0.0,0.35428571428571426,27.785714285714285,88.9,5616.535,214,Walker2d-v5,8256,Agente_3
1163.2053258419037,204,835584,-18.829044655730375,-12.09950547632968,-26.54861698991037,27.992,760,0.008893060497939587,-6.0,0.99,4.238567271386273e-05,0.0006529781967401505,0.0003,-28.90326690673828,0.3654100298881531,-269.3064270019531,0.04371652752161026,-3.1300289630889893,-6.0,1.1141364574432373,6.740879774093628,2.1923453171222578,2.084524431154356,0.9880010776328545,1.0,1.0,1.0,-28.90326690673828,0.3654100298881531,-269.3064270019531,0.04371652752161026,-3.1300289630889893,-6.0,24.853984832763672,62.513427734375,-33.56925964355469,1.0,57.0,0.0,0.0,0.0,0.0,0.0,0.0,0.0,,0.0,-6.0,760.0,760.0,0.0,0.008893060497939587,0.008893060497939587,0.0,4.238567271386273e-05,4.238567271386273e-05,0.0,0.0006529781967401505,0.0006529781967401505,0.0,0.0003,0.0003,0.0,-6.0,-6.0,0.0,0.0,0.40750000000000003,27.8375,88.95,5613.551,215,Walker2d-v5,8256,Agente_3
1168.729175567627,205,839680,-23.04703319011289,-12.09950547632968,-33.985168551911634,51.12,760,0.008893060497939587,-6.0,0.99,4.238567271386273e-05,0.0006529781967401505,0.0003,-32.499839782714844,0.296602725982666,-275.442626953125,0.04140450805425644,-3.1843655109405518,-6.0,1.1480965614318848,4.983580470085144,2.084524431154356,1.9908816441821087,0.9910008082246409,1.0,1.0,1.0,-32.499839782714844,0.296602725982666,-275.442626953125,0.04140450805425644,-3.1843655109405518,-6.0,28.620573043823242,64.95501708984375,-4.856123924255371,1.0,57.0,0.0,0.0,0.0,0.0,0.0,0.0,0.0,,0.0,-6.0,760.0,760.0,0.0,0.008893060497939587,0.008893060497939587,0.0,4.238567271386273e-05,4.238567271386273e-05,0.0,0.0006529781967401505,0.0006529781967401505,0.0,0.0003,0.0003,0.0,-6.0,-6.0,0.0,0.0,0.37625,27.0625,88.9,5603.4,216,Walker2d-v5,8256,Agente_3
1174.0896849632263,206,843776,-26.703925716943235,-18.765762947316475,-36.731071750392736,72.07,760,0.008893060497939587,-6.0,0.99,4.238567271386273e-05,0.0006529781967401505,0.0003,-33.16554260253906,0.2671106159687042,-279.05859375,0.039485085755586624,-3.231832265853882,-6.0,1.1526455879211426,4.9641804695129395,1.9908816441821087,1.907058038556012,0.9932506061684807,1.0,1.0,1.0,-33.16554260253906,0.2671106159687042,-279.05859375,0.039485085755586624,-3.231832265853882,-6.0,29.65680503845215,70.33193969726562,-38.49671936035156,1.0,57.0,0.0,0.0,0.0,0.0,0.0,0.0,0.0,,0.0,-6.0,760.0,760.0,0.0,0.008893060497939587,0.008893060497939587,0.0,4.238567271386273e-05,4.238567271386273e-05,0.0,0.0006529781967401505,0.0006529781967401505,0.0,0.0003,0.0003,0.0,-6.0,-6.0,0.0,0.0,0.315,24.916666666666668,89.01666666666665,5577.077,217,Walker2d-v5,8256,Agente_3
1179.4437885284424,207,847872,-28.892135540313117,-19.693324493426182,-57.519235583764925,79.2,760,0.008893060497939587,-6.0,0.99,4.238567271386273e-05,0.0006529781967401505,0.0003,-36.82875442504883,0.43403202295303345,-282.632080078125,0.03782586380839348,-3.2747621536254883,-6.0,1.2991431951522827,11.89764928817749,1.907058038556012,1.8462665542156391,0.9949379546263606,1.0,1.0,1.0,-36.82875442504883,0.43403202295303345,-282.632080078125,0.03782586380839348,-3.2747621536254883,-6.0,33.169708251953125,72.96902465820312,-43.35039520263672,1.0,57.0,0.0,0.0,0.0,0.0,0.0,0.0,0.0,,0.0,-6.0,760.0,760.0,0.0,0.008893060497939587,0.008893060497939587,0.0,4.238567271386273e-05,4.238567271386273e-05,0.0,0.0006529781967401505,0.0006529781967401505,0.0,0.0003,0.0003,0.0,-6.0,-6.0,0.0,0.0,0.29714285714285715,26.52857142857143,88.65714285714286,5571.252,218,Walker2d-v5,8256,Agente_3
1184.8583798408508,208,851968,-39.9036042710988,-19.693324493426182,-81.36799761384803,91.03,760,0.008893060497939587,-6.0,0.99,4.238567271386273e-05,0.0006529781967401505,0.0003,-35.596160888671875,0.4117249548435211,-284.3782958984375,0.03635153919458389,-3.314518690109253,-6.0,1.254701852798462,12.080938816070557,1.8462665542156391,1.7871100840739214,0.9962034659697705,1.0,1.0,1.0,-35.596160888671875,0.4117249548435211,-284.3782958984375,0.03635153919458389,-3.314518690109253,-6.0,32.239253997802734,83.656982421875,-32.45774841308594,1.0,57.0,0.0,0.0,0.0,0.0,0.0,0.0,0.0,,0.0,-6.0,760.0,760.0,0.0,0.008893060497939587,0.008893060497939587,0.0,4.238567271386273e-05,4.238567271386273e-05,0.0,0.0006529781967401505,0.0006529781967401505,0.0,0.0003,0.0003,0.0,-6.0,-6.0,0.0,0.0,0.30000000000000004,26.4125,88.05,5551.874,219,Walker2d-v5,8256,Agente_3
1177.1273355484009,209,856064,17.64265266875233,69.14016254956657,-14.373982511088608,40.03488372093023,1790,0.018368925899267197,-6.0,0.99,4.0581267967354506e-05,0.00037861522287130356,0.0003,-7.818730354309082,0.5397411584854126,-6.081869125366211,0.15217968821525574,-1.8826932907104492,-6.0,3.1429812908172607,12.405717849731445,3.6321628032443694,3.5832446520016585,0.9167225350141821,1.0,1.0,1.0,-7.818730354309082,0.5397411584854126,-6.081869125366211,0.15217968821525574,-1.8826932907104492,-6.0,7.280323505401611,29.423507690429688,-37.57130813598633,1.0,61.0,0.0,0.0,0.0,0.0,0.0,0.0,0.0,,0.0,-6.0,1790.0,1790.0,0.0,0.018368925899267197,0.018368925899267197,0.0,4.0581267967354506e-05,4.0581267967354506e-05,0.0,0.00037861522287130356,0.00037861522287130356,0.0,0.0003,0.0003,0.0,-6.0,-6.0,0.0,0.0,0.34789473684210526,25.431578947368422,83.56842105263158,5861.78,220,Walker2d-v5,8256,Agente_3
1182.7619054317474,210,860160,4.220325838768923,69.14016254956657,-45.467605837319105,48.9,1790,0.018368925899267197,-6.0,0.99,4.0581267967354506e-05,0.00037861522287130356,0.0003,-10.175065994262695,0.2715011239051819,-10.620941162109375,0.145024374127388,-1.9308534860610962,-6.0,1.8211835622787476,5.995797872543335,3.5832446520016585,3.4070385430293677,0.9375419012606365,1.0,1.0,1.0,-10.175065994262695,0.2715011239051819,-10.620941162109375,0.145024374127388,-1.9308534860610962,-6.0,9.489330291748047,33.279972076416016,-75.36241912841797,1.0,61.0,0.0,0.0,0.0,0.0,0.0,0.0,0.0,,0.0,-6.0,1790.0,1790.0,0.0,0.018368925899267197,0.018368925899267197,0.0,4.0581267967354506e-05,4.0581267967354506e-05,0.0,0.00037861522287130356,0.00037861522287130356,0.0,0.0003,0.0003,0.0,-6.0,-6.0,0.0,0.0,0.39,27.9125,86.92500000000001,5740.389,221,Walker2d-v5,8256,Agente_3
1188.381667137146,211,864256,5.747697244974409,288.66965377805593,-45.467605837319105,65.8,1790,0.018368925899267197,-6.0,0.99,4.0581267967354506e-05,0.00037861522287130356,0.0003,-13.783061981201172,0.27211564779281616,-10.778841018676758,0.13827082514762878,-1.9785410165786743,-6.0,1.5560317039489746,6.95121169090271,3.4070385430293677,3.2219378591213284,0.9531564259454774,1.0,1.0,1.0,-13.783061981201172,0.27211564779281616,-10.778841018676758,0.13827082514762878,-1.9785410165786743,-6.0,13.076440811157227,37.405853271484375,-77.32540130615234,1.0,61.0,0.0,0.0,0.0,0.0,0.0,0.0,0.0,,0.0,-6.0,1790.0,1790.0,0.0,0.018368925899267197,0.018368925899267197,0.0,4.0581267967354506e-05,4.0581267967354506e-05,0.0,0.00037861522287130356,0.00037861522287130356,0.0,0.0003,0.0003,0.0,-6.0,-6.0,0.0,0.0,0.38,27.4375,86.8,5695.951,222,Walker2d-v5,8256,Agente_3
1193.8143005371094,212,868352,34.990751792694994,426.00297572453303,-45.467605837319105,99.94,1790,0.018368925899267197,-6.0,0.99,4.0581267967354506e-05,0.00037861522287130356,0.0003,-14.458648681640625,0.27416113018989563,-10.47702407836914,0.1324215680360794,-2.0217647552490234,-6.0,1.5318655967712402,6.755577206611633,3.2219378591213284,3.0529306328863197,0.9648673194591081,1.0,1.0,1.0,-14.458648681640625,0.27416113018989563,-10.47702407836914,0.1324215680360794,-2.0217647552490234,-6.0,13.797536849975586,41.53866958618164,-71.75393676757812,1.0,61.0,0.0,0.0,0.0,0.0,0.0,0.0,0.0,,0.0,-6.0,1790.0,1790.0,0.0,0.018368925899267197,0.018368925899267197,0.0,4.0581267967354506e-05,4.0581267967354506e-05,0.0,0.00037861522287130356,0.00037861522287130356,0.0,0.0003,0.0003,0.0,-6.0,-6.0,0.0,0.0,0.3742857142857143,27.857142857142858,86.67142857142858,5627.474,223,Walker2d-v5,8256,Agente_3
1199.2796590328217,213,872448,71.14260908056924,471.0119048325938,-45.467605837319105,123.3,1790,0.018368925899267197,-6.0,0.99,4.0581267967354506e-05,0.00037861522287130356,0.0003,-15.666633605957031,0.28242993354797363,-10.163576126098633,0.12718966603279114,-2.0620758533477783,-6.0,1.5374089479446411,6.721632480621338,3.0529306328863197,2.9013784643921516,0.9736504895943311,1.0,1.0,1.0,-15.666633605957031,0.28242993354797363,-10.163576126098633,0.12718966603279114,-2.0620758533477783,-6.0,14.850275993347168,45.65785598754883,-90.56853485107422,1.0,61.0,0.0,0.0,0.0,0.0,0.0,0.0,0.0,,0.0,-6.0,1790.0,1790.0,0.0,0.018368925899267197,0.018368925899267197,0.0,4.0581267967354506e-05,4.0581267967354506e-05,0.0,0.00037861522287130356,0.00037861522287130356,0.0,0.0003,0.0003,0.0,-6.0,-6.0,0.0,0.0,0.39749999999999996,26.3,86.58749999999999,5592.41,224,Walker2d-v5,8256,Agente_3
1204.7973985671997,214,876544,84.08146964123786,508.51250888815605,-45.467605837319105,144.57,1790,0.018368925899267197,-6.0,0.99,4.0581267967354506e-05,0.00037861522287130356,0.0003,-20.669687271118164,0.2583683729171753,-11.505151748657227,0.12257137894630432,-2.0990617275238037,-6.0,1.3473803997039795,5.894366502761841,2.9013784643921516,2.7459786579233345,0.9802378671957483,1.0,1.0,1.0,-20.669687271118164,0.2583683729171753,-11.505151748657227,0.12257137894630432,-2.0990617275238037,-6.0,20.203964233398438,60.778160095214844,-50.99088668823242,1.0,61.0,0.0,0.0,0.0,0.0,0.0,0.0,0.0,,0.0,-6.0,1790.0,1790.0,0.0,0.018368925899267197,0.018368925899267197,0.0,4.0581267967354506e-05,4.0581267967354506e-05,0.0,0.00037861522287130356,0.00037861522287130356,0.0,0.0003,0.0003,0.0,-6.0,-6.0,0.0,0.0,0.3757142857142857,28.314285714285717,86.62857142857142,5578.023,225,Walker2d-v5,8256,Agente_3
1210.7508342266083,215,880640,138.4753838813231,646.9960385345468,-45.467605837319105,199.2,1790,0.018368925899267197,-6.0,0.99,4.0581267967354506e-05,0.00037861522287130356,0.0003,-22.40363311767578,0.28559446334838867,-10.275815963745117,0.11845327913761139,-2.1332366466522217,-6.0,1.4308109283447266,6.987571716308594,2.7459786579233345,2.6144618849654737,0.9851784003968113,1.0,1.0,1.0,-22.40363311767578,0.28559446334838867,-10.275815963745117,0.11845327913761139,-2.1332366466522217,-6.0,22.023258209228516,52.772117614746094,-82.9169692993164,1.0,61.0,0.0,0.0,0.0,0.0,0.0,0.0,0.0,,0.0,-6.0,1790.0,1790.0,0.0,0.018368925899267197,0.018368925899267197,0.0,4.0581267967354506e-05,4.0581267967354506e-05,0.0,0.00037861522287130356,0.00037861522287130356,0.0,0.0003,0.0003,0.0,-6.0,-6.0,0.0,0.0,0.3711111111111111,25.62222222222222,86.71111111111111,5629.892,226,Walker2d-v5,8256,Agente_3
1216.3376779556274,216,884736,165.28675780172298,646.9960385345468,-43.78994117479407,226.86,1790,0.018368925899267197,-6.0,0.99,4.0581267967354506e-05,0.00037861522287130356,0.0003,-22.090116500854492,0.2767583131790161,-10.001140594482422,0.11473333835601807,-2.165144681930542,-6.0,1.5834412574768066,6.9601569175720215,2.6144618849654737,2.5113598222166074,0.9888838002976085,1.0,1.0,1.0,-22.090116500854492,0.2767583131790161,-10.001140594482422,0.11473333835601807,-2.165144681930542,-6.0,21.485610961914062,57.86922836303711,-93.23897552490234,1.0,61.0,0.0,0.0,0.0,0.0,0.0,0.0,0.0,,0.0,-6.0,1790.0,1790.0,0.0,0.018368925899267197,0.018368925899267197,0.0,4.0581267967354506e-05,4.0581267967354506e-05,0.0,0.00037861522287130356,0.00037861522287130356,0.0,0.0003,0.0003,0.0,-6.0,-6.0,0.0,0.0,0.37375,28.975,86.6,5622.843,227,Walker2d-v5,8256,Agente_3
1221.921767950058,217,888832,220.42246502607526,646.9960385345468,-43.78994117479407,264.64,1790,0.018368925899267197,-6.0,0.99,4.0581267967354506e-05,0.00037861522287130356,0.0003,-25.103153228759766,0.30122867226600647,-10.864062309265137,0.1112327128648758,-2.1961307525634766,-6.0,1.396209716796875,8.59563136100769,2.5113598222166074,2.399844811674634,0.9916628502232063,1.0,1.0,1.0,-25.103153228759766,0.30122867226600647,-10.864062309265137,0.1112327128648758,-2.1961307525634766,-6.0,24.38536834716797,68.05984497070312,-90.06504821777344,1.0,61.0,0.0,0.0,0.0,0.0,0.0,0.0,0.0,,0.0,-6.0,1790.0,1790.0,0.0,0.018368925899267197,0.018368925899267197,0.0,4.0581267967354506e-05,4.0581267967354506e-05,0.0,0.00037861522287130356,0.00037861522287130356,0.0,0.0003,0.0003,0.0,-6.0,-6.0,0.0,0.0,0.345,27.325,86.575,5617.286,228,Walker2d-v5,8256,Agente_3
1227.5662899017334,218,892928,287.209045498954,646.9960385345468,-8.287874955725435,274.85,1790,0.018368925899267197,-6.0,0.99,4.0581267967354506e-05,0.00037861522287130356,0.0003,-27.578414916992188,0.27855315804481506,-10.341008186340332,0.10808726400136948,-2.22481632232666,-6.0,1.4119281768798828,6.405329465866089,2.399844811674634,2.301053148195159,0.9937471376674047,1.0,1.0,1.0,-27.578414916992188,0.27855315804481506,-10.341008186340332,0.10808726400136948,-2.22481632232666,-6.0,26.912797927856445,67.01580047607422,-96.05839538574219,1.0,61.0,0.0,0.0,0.0,0.0,0.0,0.0,0.0,,0.0,-6.0,1790.0,1790.0,0.0,0.018368925899267197,0.018368925899267197,0.0,4.0581267967354506e-05,4.0581267967354506e-05,0.0,0.00037861522287130356,0.00037861522287130356,0.0,0.0003,0.0003,0.0,-6.0,-6.0,0.0,0.0,0.38375000000000004,27.95,86.5375,5618.857,229,Walker2d-v5,8256,Agente_3
1233.2191994190216,219,897024,305.47688721218043,646.9960385345468,-8.287874955725435,265.55,1790,0.018368925899267197,-6.0,0.99,4.0581267967354506e-05,0.00037861522287130356,0.0003,-29.62944221496582,0.3528214395046234,-10.084166526794434,0.10510607063770294,-2.2527852058410645,-6.0,1.252253532409668,7.311185121536255,2.301053148195159,2.1961731866166097,0.9953103532505536,1.0,1.0,1.0,-29.62944221496582,0.3528214395046234,-10.084166526794434,0.10510607063770294,-2.2527852058410645,-6.0,29.157533645629883,65.89421081542969,-87.807861328125,1.0,61.0,0.0,0.0,0.0,0.0,0.0,0.0,0.0,,0.0,-6.0,1790.0,1790.0,0.0,0.018368925899267197,0.018368925899267197,0.0,4.0581267967354506e-05,4.0581267967354506e-05,0.0,0.00037861522287130356,0.00037861522287130356,0.0,0.0003,0.0003,0.0,-6.0,-6.0,0.0,0.0,0.3271428571428571,26.7,86.77142857142859,5596.816,230,Walker2d-v5,8256,Agente_3
1238.5863332748413,220,901120,324.10550175711944,574.7138667231942,-8.287874955725435,227.86,1790,0.018368925899267197,-6.0,0.99,4.0581267967354506e-05,0.00037861522287130356,0.0003,-30.99047088623047,0.2760409712791443,-9.985119819641113,0.10229457169771194,-2.2798986434936523,-6.0,1.4702200889587402,8.313813924789429,2.1961731866166097,2.1235778768508227,0.9964827649379152,1.0,1.0,1.0,-30.99047088623047,0.2760409712791443,-9.985119819641113,0.10229457169771194,-2.2798986434936523,-6.0,30.27227783203125,73.47299194335938,-77.76657104492188,1.0,61.0,0.0,0.0,0.0,0.0,0.0,0.0,0.0,,0.0,-6.0,1790.0,1790.0,0.0,0.018368925899267197,0.018368925899267197,0.0,4.0581267967354506e-05,4.0581267967354506e-05,0.0,0.00037861522287130356,0.00037861522287130356,0.0,0.0003,0.0003,0.0,-6.0,-6.0,0.0,0.0,0.27499999999999997,25.875,87.675,5570.518,231,Walker2d-v5,8256,Agente_3
1244.0990235805511,221,905216,350.6515595780086,574.7138667231942,35.719044600919915,195.81,1790,0.018368925899267197,-6.0,0.99,4.0581267967354506e-05,0.00037861522287130356,0.0003,-31.70087432861328,0.308516263961792,-9.196991920471191,0.09973285347223282,-2.305260181427002,-6.0,1.3017683029174805,7.342264890670776,2.1235778768508227,2.0413969194574886,0.9973620737034364,1.0,1.0,1.0,-31.70087432861328,0.308516263961792,-9.196991920471191,0.09973285347223282,-2.305260181427002,-6.0,30.970521926879883,69.24707794189453,-96.21611022949219,1.0,61.0,0.0,0.0,0.0,0.0,0.0,0.0,0.0,,0.0,-6.0,1790.0,1790.0,0.0,0.018368925899267197,0.018368925899267197,0.0,4.0581267967354506e-05,4.0581267967354506e-05,0.0,0.00037861522287130356,0.00037861522287130356,0.0,0.0003,0.0003,0.0,-6.0,-6.0,0.0,0.0,0.31,26.642857142857146,87.32857142857142,5559.637,232,Walker2d-v5,8256,Agente_3
1249.494814157486,222,909312,325.62508025475574,541.092777031917,55.83279222849263,171.34,1790,0.018368925899267197,-6.0,0.99,4.0581267967354506e-05,0.00037861522287130356,0.0003,-33.472293853759766,0.31907808780670166,-10.091609954833984,0.09733355045318604,-2.3296115398406982,-6.0,1.2768292427062988,10.134914636611938,2.0413969194574886,1.9649401517823697,0.9980215552775773,1.0,1.0,1.0,-33.472293853759766,0.31907808780670166,-10.091609954833984,0.09733355045318604,-2.3296115398406982,-6.0,32.694461822509766,100.32675170898438,-96.96823120117188,1.0,61.0,0.0,0.0,0.0,0.0,0.0,0.0,0.0,,0.0,-6.0,1790.0,1790.0,0.0,0.018368925899267197,0.018368925899267197,0.0,4.0581267967354506e-05,4.0581267967354506e-05,0.0,0.00037861522287130356,0.00037861522287130356,0.0,0.0003,0.0003,0.0,-6.0,-6.0,0.0,0.0,0.24857142857142858,25.699999999999996,87.58571428571429,5555.558,233,Walker2d-v5,8256,Agente_3
1255.3358228206635,223,913408,305.99656779903466,376.96617879725324,257.78259686352527,163.25,1790,0.018368925899267197,-6.0,0.99,4.0581267967354506e-05,0.00037861522287130356,0.0003,-34.429115295410156,0.6233872771263123,-9.061580657958984,0.09501509368419647,-2.353719472885132,-6.0,1.4696836471557617,8.251710057258606,1.9649401517823697,1.915414501319709,0.998516166458183,1.0,1.0,1.0,-34.429115295410156,0.6233872771263123,-9.061580657958984,0.09501509368419647,-2.353719472885132,-6.0,33.315765380859375,74.05276489257812,-93.76887512207031,1.0,61.0,0.0,0.0,0.0,0.0,0.0,0.0,0.0,,0.0,-6.0,1790.0,1790.0,0.0,0.018368925899267197,0.018368925899267197,0.0,4.0581267967354506e-05,4.0581267967354506e-05,0.0,0.00037861522287130356,0.00037861522287130356,0.0,0.0003,0.0003,0.0,-6.0,-6.0,0.0,0.0,0.32125000000000004,27.6,86.1,5593.377,234,Walker2d-v5,8256,Agente_3
1260.6811921596527,224,917504,291.6832490796156,371.38827712122475,222.69146190140876,159.13,1790,0.018368925899267197,-6.0,0.99,4.0581267967354506e-05,0.00037861522287130356,0.0003,-41.325557708740234,0.48377418518066406,-8.216047286987305,0.09282710403203964,-2.377016544342041,-6.0,1.4494867324829102,11.240638971328735,1.915414501319709,1.8688217244360292,0.9988871248436373,1.0,1.0,1.0,-41.325557708740234,0.48377418518066406,-8.216047286987305,0.09282710403203964,-2.377016544342041,-6.0,40.462646484375,89.14950561523438,-99.21437072753906,1.0,61.0,0.0,0.0,0.0,0.0,0.0,0.0,0.0,,0.0,-6.0,1790.0,1790.0,0.0,0.018368925899267197,0.018368925899267197,0.0,4.0581267967354506e-05,4.0581267967354506e-05,0.0,0.00037861522287130356,0.00037861522287130356,0.0,0.0003,0.0003,0.0,-6.0,-6.0,0.0,0.0,0.3714285714285714,28.028571428571432,86.17142857142858,5576.177,235,Walker2d-v5,8256,Agente_3
1266.4152274131775,225,921600,280.5140701239981,386.41561353399265,174.00224299193604,156.75,1790,0.018368925899267197,-6.0,0.99,4.0581267967354506e-05,0.00037861522287130356,0.0003,-41.74787139892578,0.4489920139312744,-9.864860534667969,0.09075190871953964,-2.399625778198242,-6.0,1.3972160816192627,8.921190977096558,1.8688217244360292,1.8216611601543526,0.9991653436327279,1.0,1.0,1.0,-41.74787139892578,0.4489920139312744,-9.864860534667969,0.09075190871953964,-2.399625778198242,-6.0,40.84307098388672,89.34156799316406,-93.19405364990234,1.0,61.0,0.0,0.0,0.0,0.0,0.0,0.0,0.0,,0.0,-6.0,1790.0,1790.0,0.0,0.018368925899267197,0.018368925899267197,0.0,4.0581267967354506e-05,4.0581267967354506e-05,0.0,0.00037861522287130356,0.00037861522287130356,0.0,0.0003,0.0003,0.0,-6.0,-6.0,0.0,0.0,0.3975,27.35,86.1125,5554.071,236,Walker2d-v5,8256,Agente_3
1271.928028345108,226,925696,278.25669312442017,386.41561353399265,174.00224299193604,157.46,1790,0.018368925899267197,-6.0,0.99,4.0581267967354506e-05,0.00037861522287130356,0.0003,-40.64922332763672,0.4381744861602783,-8.403112411499023,0.08873748034238815,-2.4220728874206543,-6.0,1.4695148468017578,7.320261001586914,1.8216611601543526,1.7864465288190932,0.9993740077245459,1.0,1.0,1.0,-40.64922332763672,0.4381744861602783,-8.403112411499023,0.08873748034238815,-2.4220728874206543,-6.0,39.62471008300781,97.84656524658203,-98.28533935546875,1.0,61.0,0.0,0.0,0.0,0.0,0.0,0.0,0.0,,0.0,-6.0,1790.0,1790.0,0.0,0.018368925899267197,0.018368925899267197,0.0,4.0581267967354506e-05,4.0581267967354506e-05,0.0,0.00037861522287130356,0.00037861522287130356,0.0,0.0003,0.0003,0.0,-6.0,-6.0,0.0,0.0,0.4,28.88888888888889,82.08888888888889,5546.831,237,Walker2d-v5,8256,Agente_3
1277.699226617813,227,929792,276.671600779111,393.43765229115763,174.00224299193604,156.94,1790,0.018368925899267197,-6.0,0.99,4.0581267967354506e-05,0.00037861522287130356,0.0003,-44.455474853515625,0.4903890788555145,-8.173873901367188,0.08676714450120926,-2.4445271492004395,-6.0,1.4122180938720703,11.789503335952759,1.7864465288190932,1.749023685324391,0.9995305057934094,1.0,1.0,1.0,-44.455474853515625,0.4903890788555145,-8.173873901367188,0.08676714450120926,-2.4445271492004395,-6.0,43.10505676269531,88.2059555053711,-111.99280548095703,1.0,61.0,0.0,0.0,0.0,0.0,0.0,0.0,0.0,,0.0,-6.0,1790.0,1790.0,0.0,0.018368925899267197,0.018368925899267197,0.0,4.0581267967354506e-05,4.0581267967354506e-05,0.0,0.00037861522287130356,0.00037861522287130356,0.0,0.0003,0.0003,0.0,-6.0,-6.0,0.0,0.0,0.3028571428571429,31.442857142857143,73.89999999999999,5565.548,238,Walker2d-v5,8256,Agente_3
1283.090281009674,228,933888,272.44775334094095,393.43765229115763,166.14325793726937,154.28,1790,0.018368925899267197,-6.0,0.99,4.0581267967354506e-05,0.00037861522287130356,0.0003,-48.7559814453125,0.6772768497467041,-8.441502571105957,0.08487654477357864,-2.466557502746582,-6.0,1.802988052368164,17.07490634918213,1.749023685324391,1.7544201220287683,0.9920521638348296,0.9696171379590905,1.0,0.9696171379590905,-48.7559814453125,0.6772768497467041,-8.441502571105957,0.08487654477357864,-2.466557502746582,-6.0,47.52995300292969,105.08610534667969,-101.37252807617188,1.0,61.0,0.0,0.0,0.0,0.0,0.0,0.0,0.0,,0.0,-6.0,1790.0,1790.0,0.0,0.018368925899267197,0.018368925899267197,0.0,4.0581267967354506e-05,4.0581267967354506e-05,0.0,0.00037861522287130356,0.00037861522287130356,0.0,0.0003,0.0003,0.0,-6.0,-6.0,0.0,0.0,0.325,25.85,79.675,5540.16,239,Walker2d-v5,8256,Agente_3
1289.4743826389313,229,937984,265.24212956349663,393.43765229115763,166.14325793726937,148.19,1790,0.018368925899267197,-6.0,0.99,4.0581267967354506e-05,0.00037861522287130356,0.0003,-44.706485748291016,0.5422391891479492,-7.867840766906738,0.08306041359901428,-2.488187074661255,-6.0,1.6497764587402344,11.055294752120972,1.7544201220287683,1.7439557556999148,0.9940391228761223,1.0,1.0,1.0,-44.706485748291016,0.5422391891479492,-7.867840766906738,0.08306041359901428,-2.488187074661255,-6.0,42.902740478515625,94.24431610107422,-115.2857666015625,1.0,61.0,0.0,0.0,0.0,0.0,0.0,0.0,0.0,,0.0,-6.0,1790.0,1790.0,0.0,0.018368925899267197,0.018368925899267197,0.0,4.0581267967354506e-05,4.0581267967354506e-05,0.0,0.00037861522287130356,0.00037861522287130356,0.0,0.0003,0.0003,0.0,-6.0,-6.0,0.0,0.0,0.29125,26.712500000000002,85.575,5612.983,240,Walker2d-v5,8256,Agente_3
1294.9395020008087,230,942080,253.62857103858835,644.1742948029972,166.14325793726937,142.14,1790,0.018368925899267197,-6.0,0.99,4.0581267967354506e-05,0.00037861522287130356,0.0003,-50.33892059326172,0.5242661237716675,-6.8124098777771,0.08131134510040283,-2.509469747543335,-6.0,1.4118013381958008,12.872411727905273,1.7439557556999148,1.7107403139495032,0.9955293421570917,1.0,1.0,1.0,-50.33892059326172,0.5242661237716675,-6.8124098777771,0.08131134510040283,-2.509469747543335,-6.0,48.57200622558594,107.45938873291016,-115.18738555908203,1.0,61.0,0.0,0.0,0.0,0.0,0.0,0.0,0.0,,0.0,-6.0,1790.0,1790.0,0.0,0.018368925899267197,0.018368925899267197,0.0,4.0581267967354506e-05,4.0581267967354506e-05,0.0,0.00037861522287130356,0.00037861522287130356,0.0,0.0003,0.0003,0.0,-6.0,-6.0,0.0,0.0,0.38125,28.55,86.48750000000001,5622.881,241,Walker2d-v5,8256,Agente_3
1300.5311329364777,231,946176,241.9431015822989,644.1742948029972,103.07109194962166,133.72,1790,0.018368925899267197,-6.0,0.99,4.0581267967354506e-05,0.00037861522287130356,0.0003,-52.54839324951172,0.5231819152832031,-8.073819160461426,0.079625204205513,-2.5304245948791504,-6.0,1.8360919952392578,11.389217376708984,1.7107403139495032,1.7232754820784786,0.9789836966473917,0.9293467601182915,1.0,0.9293467601182915,-52.54839324951172,0.5231819152832031,-8.073819160461426,0.079625204205513,-2.5304245948791504,-6.0,51.34954071044922,116.22394561767578,-121.03571319580078,1.0,61.0,0.0,0.0,0.0,0.0,0.0,0.0,0.0,,0.0,-6.0,1790.0,1790.0,0.0,0.018368925899267197,0.018368925899267197,0.0,4.0581267967354506e-05,4.0581267967354506e-05,0.0,0.00037861522287130356,0.00037861522287130356,0.0,0.0003,0.0003,0.0,-6.0,-6.0,0.0,0.0,0.38625,28.049999999999997,86.25,5630.689,242,Walker2d-v5,8256,Agente_3
1306.1549644470215,232,950272,224.27927858778688,644.1742948029972,103.07109194962166,121.02,1790,0.018368925899267197,-6.0,0.99,4.0581267967354506e-05,0.00037861522287130356,0.0003,-51.75701141357422,0.6197131276130676,-7.942158222198486,0.07800348103046417,-2.551001787185669,-6.0,1.8248214721679688,15.868066310882568,1.7232754820784786,1.7334300810874275,0.9699318715155113,0.9427763961198701,1.0,0.9427763961198701,-51.75701141357422,0.6197131276130676,-7.942158222198486,0.07800348103046417,-2.551001787185669,-6.0,50.185707092285156,106.2013931274414,-130.3701934814453,1.0,61.0,0.0,0.0,0.0,0.0,0.0,0.0,0.0,,0.0,-6.0,1790.0,1790.0,0.0,0.018368925899267197,0.018368925899267197,0.0,4.0581267967354506e-05,4.0581267967354506e-05,0.0,0.00037861522287130356,0.00037861522287130356,0.0,0.0003,0.0003,0.0,-6.0,-6.0,0.0,0.0,0.4228571428571429,28.057142857142857,86.15714285714286,5653.691,243,Walker2d-v5,8256,Agente_3
1311.714210987091,233,954368,207.19117705404264,289.39818455002677,103.07109194962166,106.79,1790,0.018368925899267197,-6.0,0.99,4.0581267967354506e-05,0.00037861522287130356,0.0003,-56.799774169921875,0.504915177822113,-8.0757474899292,0.07646296173334122,-2.570948839187622,-6.0,1.568995475769043,13.793793201446533,1.7334300810874275,1.716986620555589,0.9774489036366335,1.0,1.0,1.0,-56.799774169921875,0.504915177822113,-8.0757474899292,0.07646296173334122,-2.570948839187622,-6.0,55.291481018066406,110.48094177246094,-106.13072967529297,1.0,61.0,0.0,0.0,0.0,0.0,0.0,0.0,0.0,,0.0,-6.0,1790.0,1790.0,0.0,0.018368925899267197,0.018368925899267197,0.0,4.0581267967354506e-05,4.0581267967354506e-05,0.0,0.00037861522287130356,0.00037861522287130356,0.0,0.0003,0.0003,0.0,-6.0,-6.0,0.0,0.0,0.4175,28.175,86.125,5625.311,244,Walker2d-v5,8256,Agente_3
1317.4139919281006,234,958464,203.32991049473213,289.39818455002677,138.95511853330504,104.21,1790,0.018368925899267197,-6.0,0.99,4.0581267967354506e-05,0.00037861522287130356,0.0003,-63.04801940917969,0.5001124143600464,-7.6298017501831055,0.0750955119729042,-2.5889945030212402,-6.0,1.752603530883789,11.721208095550537,1.716986620555589,1.720548311588409,0.977954135459898,0.979469830929691,1.0,0.979469830929691,-63.04801940917969,0.5001124143600464,-7.6298017501831055,0.0750955119729042,-2.5889945030212402,-6.0,62.14555740356445,119.6915054321289,-125.00237274169922,1.0,61.0,0.0,0.0,0.0,0.0,0.0,0.0,0.0,,0.0,-6.0,1790.0,1790.0,0.0,0.018368925899267197,0.018368925899267197,0.0,4.0581267967354506e-05,4.0581267967354506e-05,0.0,0.00037861522287130356,0.00037861522287130356,0.0,0.0003,0.0003,0.0,-6.0,-6.0,0.0,0.0,0.41000000000000003,28.0125,85.9125,5660.875,245,Walker2d-v5,8256,Agente_3
1322.981775045395,235,962560,208.73278098915455,305.20984680530415,138.95511853330504,104.61,1790,0.018368925899267197,-6.0,0.99,4.0581267967354506e-05,0.00037861522287130356,0.0003,-55.35566711425781,0.6319755911827087,-6.896904468536377,0.0737190768122673,-2.6074936389923096,-6.0,1.82987642288208,27.85335683822632,1.720548311588409,1.7314811227177762,0.9680741385861137,0.9384341479647608,1.0,0.9384341479647608,-55.35566711425781,0.6319755911827087,-6.896904468536377,0.0737190768122673,-2.6074936389923096,-6.0,53.589935302734375,112.22110748291016,-131.67396545410156,1.0,61.0,0.0,0.0,0.0,0.0,0.0,0.0,0.0,,0.0,-6.0,1790.0,1790.0,0.0,0.018368925899267197,0.018368925899267197,0.0,4.0581267967354506e-05,4.0581267967354506e-05,0.0,0.00037861522287130356,0.00037861522287130356,0.0,0.0003,0.0003,0.0,-6.0,-6.0,0.0,0.0,0.3657142857142857,28.77142857142857,86.05714285714286,5644.517,246,Walker2d-v5,8256,Agente_3
1328.6271455287933,236,966656,213.9842723922388,305.20984680530415,128.81069645618823,104.11,1790,0.018368925899267197,-6.0,0.99,4.0581267967354506e-05,0.00037861522287130356,0.0003,-60.11280822753906,0.47495055198669434,-6.6241865158081055,0.0724853128194809,-2.624371290206909,-6.0,1.5937042236328125,16.203960180282593,1.7314811227177762,1.71770343280928,0.9760556039395852,1.0,1.0,1.0,-60.11280822753906,0.47495055198669434,-6.6241865158081055,0.0724853128194809,-2.624371290206909,-6.0,58.676692962646484,120.28721618652344,-126.2867660522461,1.0,61.0,0.0,0.0,0.0,0.0,0.0,0.0,0.0,,0.0,-6.0,1790.0,1790.0,0.0,0.018368925899267197,0.018368925899267197,0.0,4.0581267967354506e-05,4.0581267967354506e-05,0.0,0.00037861522287130356,0.00037861522287130356,0.0,0.0003,0.0003,0.0,-6.0,-6.0,0.0,0.0,0.3325,28.2,85.9125,5657.94,247,Walker2d-v5,8256,Agente_3
1334.2335007190704,237,970752,229.3600634946445,337.1227444279482,122.91718820668414,109.15,1790,0.018368925899267197,-6.0,0.99,4.0581267967354506e-05,0.00037861522287130356,0.0003,-61.85136795043945,0.3948148488998413,-7.842253684997559,0.07126518338918686,-2.6413474082946777,-6.0,1.286476731300354,9.770017623901367,1.71770343280928,1.6745807626583875,0.982041702954689,1.0,1.0,1.0,-61.85136795043945,0.3948148488998413,-7.842253684997559,0.07126518338918686,-2.6413474082946777,-6.0,60.244544982910156,149.0785675048828,-127.65447235107422,1.0,61.0,0.0,0.0,0.0,0.0,0.0,0.0,0.0,,0.0,-6.0,1790.0,1790.0,0.0,0.018368925899267197,0.018368925899267197,0.0,4.0581267967354506e-05,4.0581267967354506e-05,0.0,0.00037861522287130356,0.00037861522287130356,0.0,0.0003,0.0003,0.0,-6.0,-6.0,0.0,0.0,0.4342857142857143,28.114285714285717,85.60000000000001,5641.228,248,Walker2d-v5,8256,Agente_3
1339.9117269515991,238,974848,244.56655592465958,337.1227444279482,122.91718820668414,113.94,1790,0.018368925899267197,-6.0,0.99,4.0581267967354506e-05,0.00037861522287130356,0.0003,-62.50836944580078,0.46549785137176514,-6.380007743835449,0.07002577185630798,-2.6588919162750244,-6.0,1.6167306900024414,16.825947284698486,1.6745807626583875,1.668795755392793,0.9865312772160167,1.0,1.0,1.0,-62.50836944580078,0.46549785137176514,-6.380007743835449,0.07002577185630798,-2.6588919162750244,-6.0,60.56884765625,118.16065979003906,-129.82797241210938,1.0,61.0,0.0,0.0,0.0,0.0,0.0,0.0,0.0,,0.0,-6.0,1790.0,1790.0,0.0,0.018368925899267197,0.018368925899267197,0.0,4.0581267967354506e-05,4.0581267967354506e-05,0.0,0.00037861522287130356,0.00037861522287130356,0.0,0.0003,0.0003,0.0,-6.0,-6.0,0.0,0.0,0.34624999999999995,28.325,85.7875,5669.821,249,Walker2d-v5,8256,Agente_3
1345.541997909546,239,978944,262.1133541935181,337.1227444279482,122.91718820668414,120.39,1790,0.018368925899267197,-6.0,0.99,4.0581267967354506e-05,0.00037861522287130356,0.0003,-65.3013916015625,0.6236473321914673,-4.993685245513916,0.06884723901748657,-2.6758651733398438,-6.0,1.656712532043457,36.53544044494629,1.668795755392793,1.6675874330578593,0.9898984579120126,1.0,1.0,1.0,-65.3013916015625,0.6236473321914673,-4.993685245513916,0.06884723901748657,-2.6758651733398438,-6.0,63.387908935546875,123.29288482666016,-121.3913803100586,1.0,61.0,0.0,0.0,0.0,0.0,0.0,0.0,0.0,,0.0,-6.0,1790.0,1790.0,0.0,0.018368925899267197,0.018368925899267197,0.0,4.0581267967354506e-05,4.0581267967354506e-05,0.0,0.00037861522287130356,0.00037861522287130356,0.0,0.0003,0.0003,0.0,-6.0,-6.0,0.0,0.0,0.36,27.4125,85.7625,5594.828,250,Walker2d-v5,8256,Agente_3
1351.1157269477844,240,983040,274.8286322074569,339.85330250639174,204.56504031707667,125.95,1790,0.018368925899267197,-6.0,0.99,4.0581267967354506e-05,0.00037861522287130356,0.0003,-70.14067077636719,0.4996076822280884,-4.8559675216674805,0.06775619089603424,-2.6918394565582275,-6.0,1.7097768783569336,12.958001375198364,1.6675874330578593,1.6718063775877665,0.9861782612029107,0.9750176710756052,1.0,0.9750176710756052,-70.14067077636719,0.4996076822280884,-4.8559675216674805,0.06775619089603424,-2.6918394565582275,-6.0,68.61248779296875,127.16808319091797,-109.50904846191406,1.0,61.0,0.0,0.0,0.0,0.0,0.0,0.0,0.0,,0.0,-6.0,1790.0,1790.0,0.0,0.018368925899267197,0.018368925899267197,0.0,4.0581267967354506e-05,4.0581267967354506e-05,0.0,0.00037861522287130356,0.00037861522287130356,0.0,0.0003,0.0003,0.0,-6.0,-6.0,0.0,0.0,0.41600000000000004,26.130000000000003,85.74,5605.297,251,Walker2d-v5,8256,Agente_3
1356.6551160812378,241,987136,279.3515769166579,360.876145165828,161.63500380649373,128.89,1790,0.018368925899267197,-6.0,0.99,4.0581267967354506e-05,0.00037861522287130356,0.0003,-70.41850280761719,0.5725774168968201,-4.239354610443115,0.06692321598529816,-2.704209327697754,-6.0,1.772451400756836,32.968679428100586,1.6718063775877665,1.6818708799046735,0.9750274263512674,0.9415749217963371,1.0,0.9415749217963371,-70.41850280761719,0.5725774168968201,-4.239354610443115,0.06692321598529816,-2.704209327697754,-6.0,67.92909240722656,130.03431701660156,-119.4062271118164,1.0,61.0,0.0,0.0,0.0,0.0,0.0,0.0,0.0,,0.0,-6.0,1790.0,1790.0,0.0,0.018368925899267197,0.018368925899267197,0.0,4.0581267967354506e-05,4.0581267967354506e-05,0.0,0.00037861522287130356,0.00037861522287130356,0.0,0.0003,0.0003,0.0,-6.0,-6.0,0.0,0.0,0.3685714285714286,27.514285714285712,85.67142857142858,5600.43,252,Walker2d-v5,8256,Agente_3
1362.2581677436829,242,991232,279.7458989095899,364.0433103892103,161.63500380649373,131.09,1790,0.018368925899267197,-6.0,0.99,4.0581267967354506e-05,0.00037861522287130356,0.0003,-73.67866516113281,0.6213013529777527,-4.726591110229492,0.06617817282676697,-2.715404510498047,-6.0,1.8237113952636719,17.81455087661743,1.6818708799046735,1.6960549314405735,0.9610514047185532,0.9191233398204108,1.0,0.9191233398204108,-73.67866516113281,0.6213013529777527,-4.726591110229492,0.06617817282676697,-2.715404510498047,-6.0,71.61134338378906,140.24375915527344,-125.98880767822266,1.0,61.0,0.0,0.0,0.0,0.0,0.0,0.0,0.0,,0.0,-6.0,1790.0,1790.0,0.0,0.018368925899267197,0.018368925899267197,0.0,4.0581267967354506e-05,4.0581267967354506e-05,0.0,0.00037861522287130356,0.00037861522287130356,0.0,0.0003,0.0003,0.0,-6.0,-6.0,0.0,0.0,0.28375,26.137500000000003,86.15,5598.559,253,Walker2d-v5,8256,Agente_3
1367.716337442398,243,995328,283.5423039035519,364.0433103892103,161.63500380649373,133.72,1790,0.018368925899267197,-6.0,0.99,4.0581267967354506e-05,0.00037861522287130356,0.0003,-70.81503295898438,0.5867829322814941,-5.122686386108398,0.06544528901576996,-2.7265408039093018,-6.0,1.5514068603515625,40.665205001831055,1.6960549314405735,1.6815901243316724,0.9707885535389149,1.0,1.0,1.0,-70.81503295898438,0.5867829322814941,-5.122686386108398,0.06544528901576996,-2.7265408039093018,-6.0,69.0294189453125,132.2999725341797,-123.46717834472656,1.0,61.0,0.0,0.0,0.0,0.0,0.0,0.0,0.0,,0.0,-6.0,1790.0,1790.0,0.0,0.018368925899267197,0.018368925899267197,0.0,4.0581267967354506e-05,4.0581267967354506e-05,0.0,0.00037861522287130356,0.00037861522287130356,0.0,0.0003,0.0003,0.0,-6.0,-6.0,0.0,0.0,0.26,23.271428571428572,86.77142857142857,5588.553,254,Walker2d-v5,8256,Agente_3
1373.0989136695862,244,999424,287.9351657734722,442.08069728444985,161.63500380649373,136.23,1790,0.018368925899267197,-6.0,0.99,4.0581267967354506e-05,0.00037861522287130356,0.0003,-70.04978942871094,0.5472884178161621,-4.224449634552002,0.06461957842111588,-2.7392377853393555,-6.0,1.6153984069824219,23.99332618713379,1.6815901243316724,1.6749709525967476,0.9780914151541862,1.0,1.0,1.0,-70.04978942871094,0.5472884178161621,-4.224449634552002,0.06461957842111588,-2.7392377853393555,-6.0,68.69608306884766,129.02088928222656,-114.53247833251953,1.0,61.0,0.0,0.0,0.0,0.0,0.0,0.0,0.0,,0.0,-6.0,1790.0,1790.0,0.0,0.018368925899267197,0.018368925899267197,0.0,4.0581267967354506e-05,4.0581267967354506e-05,0.0,0.00037861522287130356,0.00037861522287130356,0.0,0.0003,0.0003,0.0,-6.0,-6.0,0.0,0.0,0.215,23.8875,86.375,5556.67,255,Walker2d-v5,8256,Agente_3
1378.5497624874115,245,1003520,291.694184898976,442.08069728444985,161.63500380649373,138.81,1790,0.018368925899267197,-6.0,0.99,4.0581267967354506e-05,0.00037861522287130356,0.0003,-81.2467041015625,0.5756742358207703,-3.7133822441101074,0.06379080563783646,-2.7521462440490723,-6.0,1.5646517276763916,38.758344650268555,1.6749709525967476,1.663939030104712,0.9835685613656396,1.0,1.0,1.0,-81.2467041015625,0.5756742358207703,-3.7133822441101074,0.06379080563783646,-2.7521462440490723,-6.0,80.58458709716797,141.84315490722656,-123.50822448730469,1.0,61.0,0.0,0.0,0.0,0.0,0.0,0.0,0.0,,0.0,-6.0,1790.0,1790.0,0.0,0.018368925899267197,0.018368925899267197,0.0,4.0581267967354506e-05,4.0581267967354506e-05,0.0,0.00037861522287130356,0.00037861522287130356,0.0,0.0003,0.0003,0.0,-6.0,-6.0,0.0,0.0,0.2542857142857143,24.014285714285712,86.0,5545.046,256,Walker2d-v5,8256,Agente_3
3.942274808883667,1,4096,1.0059426720389963,45.49679073506798,-10.89660329169673,20.048648648648648,1466,0.009194365873729498,-6.0,0.99,6.641014463210097e-05,0.00018444293564781017,0.0003,-6.781475067138672,0.48670893907546997,-0.163477823138237,0.9836209416389465,-0.016514651477336884,-6.0,1.9422889947891235,4.31686806678772,,1.9422889947891235,1.0,1.0,1.0,1.0,-6.781475067138672,0.48670893907546997,-0.163477823138237,0.9836209416389465,-0.016514651477336884,-6.0,2.950741767883301,7.479066848754883,1.6573560237884521,0.0,0.0,0.0,0.0,0.0,0.0,,,,,0.0,-6.0,1466.0,1466.0,0.0,0.009194365873729498,0.009194365873729498,0.0,6.641014463210097e-05,6.641014463210097e-05,0.0,0.00018444293564781017,0.00018444293564781017,0.0,0.0003,0.0003,0.0,-6.0,-6.0,0.0,0.0,0.3533333333333333,24.916666666666668,47.26666666666666,3931.387,0,Walker2d-v5,8256,Agente_4
9.358715772628784,2,8192,0.9218063032743903,25.04755467451542,-10.334736450059951,21.16751269035533,1466,0.009194365873729498,-6.0,0.99,6.641014463210097e-05,0.00018444293564781017,0.0003,-8.553979873657227,0.2189861536026001,-0.40683791041374207,0.9602780938148499,-0.04053236171603203,-6.0,0.7992647886276245,5.894726634025574,1.9422889947891235,1.8279865741729737,1.0,1.0,1.0,1.0,-8.553979873657227,0.2189861536026001,-0.40683791041374207,0.9602780938148499,-0.04053236171603203,-6.0,4.759256362915039,7.765890121459961,2.785154104232788,0.0,0.0,0.0,0.0,0.0,0.0,,,,,0.0,-6.0,1466.0,1466.0,0.0,0.009194365873729498,0.009194365873729498,0.0,6.641014463210097e-05,6.641014463210097e-05,0.0,0.00018444293564781017,0.00018444293564781017,0.0,0.0003,0.0003,0.0,-6.0,-6.0,0.0,0.0,0.3371428571428572,28.971428571428568,49.15714285714286,4668.135,1,Walker2d-v5,8256,Agente_4
14.597807168960571,3,12288,2.3419157800018406,33.02131209548105,-10.31412200748241,22.625,1466,0.009194365873729498,-6.0,0.99,6.641014463210097e-05,0.00018444293564781017,0.0003,-9.850692749023438,0.2460176646709442,-0.6487382650375366,0.9375094175338745,-0.0645284578204155,-6.0,0.9631130695343018,6.5608028173446655,1.8279865741729737,1.7414992237091065,1.0,1.0,1.0,1.0,-9.850692749023438,0.2460176646709442,-0.6487382650375366,0.9375094175338745,-0.0645284578204155,-6.0,6.129201889038086,10.960988998413086,3.0543606281280518,0.0,0.0,0.0,0.0,0.0,0.0,,,,,0.0,-6.0,1466.0,1466.0,0.0,0.009194365873729498,0.009194365873729498,0.0,6.641014463210097e-05,6.641014463210097e-05,0.0,0.00018444293564781017,0.00018444293564781017,0.0,0.0003,0.0003,0.0,-6.0,-6.0,0.0,0.0,0.4242857142857143,28.571428571428573,49.41428571428571,4853.844,2,Walker2d-v5,8256,Agente_4
19.992310047149658,4,16384,3.984683539228249,26.425691321729882,-7.499449965548156,28.288888888888888,1466,0.009194365873729498,-6.0,0.99,6.641014463210097e-05,0.00018444293564781017,0.0003,-11.58401870727539,0.2821628749370575,-0.887951135635376,0.9153323173522949,-0.08846808969974518,-6.0,0.9381349086761475,8.018430709838867,1.7414992237091065,1.6611627922058105,1.0,1.0,1.0,1.0,-11.58401870727539,0.2821628749370575,-0.887951135635376,0.9153323173522949,-0.08846808969974518,-6.0,7.945678234100342,14.631193161010742,2.954580783843994,0.0,0.0,0.0,0.0,0.0,0.0,,,,,0.0,-6.0,1466.0,1466.0,0.0,0.009194365873729498,0.009194365873729498,0.0,6.641014463210097e-05,6.641014463210097e-05,0.0,0.00018444293564781017,0.00018444293564781017,0.0,0.0003,0.0003,0.0,-6.0,-6.0,0.0,0.0,0.35250000000000004,28.475,49.224999999999994,4985.597,3,Walker2d-v5,8256,Agente_4
25.536739587783813,5,20480,5.403168763056465,45.637467011775165,-13.360060830768337,33.791304347826085,1466,0.009194365873729498,-6.0,0.99,6.641014463210097e-05,0.00018444293564781017,0.0003,-13.477058410644531,0.3340270519256592,-1.1213769912719727,0.8937392234802246,-0.1123412624001503,-6.0,1.100414514541626,9.300281047821045,1.6611627922058105,1.605087964439392,1.0,1.0,1.0,1.0,-13.477058410644531,0.3340270519256592,-1.1213769912719727,0.8937392234802246,-0.1123412624001503,-6.0,9.972784042358398,17.687986373901367,4.3163042068481445,0.0,0.0,0.0,0.0,0.0,0.0,,,,,0.0,-6.0,1466.0,1466.0,0.0,0.009194365873729498,0.009194365873729498,0.0,6.641014463210097e-05,6.641014463210097e-05,0.0,0.00018444293564781017,0.00018444293564781017,0.0,0.0003,0.0003,0.0,-6.0,-6.0,0.0,0.0,0.37625,27.0875,49.425,5094.871,4,Walker2d-v5,8256,Agente_4
30.902920484542847,6,24576,15.825271234006962,216.91102278266115,-13.360060830768337,47.21,1466,0.009194365873729498,-6.0,0.99,6.641014463210097e-05,0.00018444293564781017,0.0003,-15.364858627319336,0.36879146099090576,-1.3432440757751465,0.8727583289146423,-0.13609662652015686,-6.0,1.2884418964385986,11.093416690826416,1.605087964439392,1.5734233576393128,1.0,1.0,1.0,1.0,-15.364858627319336,0.36879146099090576,-1.3432440757751465,0.8727583289146423,-0.13609662652015686,-6.0,11.972151756286621,29.44112205505371,5.414462566375732,0.0,0.0,0.0,0.0,0.0,0.0,,,,,0.0,-6.0,1466.0,1466.0,0.0,0.009194365873729498,0.009194365873729498,0.0,6.641014463210097e-05,6.641014463210097e-05,0.0,0.00018444293564781017,0.00018444293564781017,0.0,0.0003,0.0003,0.0,-6.0,-6.0,0.0,0.0,0.42000000000000004,28.28571428571429,49.57142857142857,5138.026,5,Walker2d-v5,8256,Agente_4
36.7015597820282,7,28672,13.537686997240653,95.2459251623596,-29.73204316080669,53.49,1466,0.009194365873729498,-6.0,0.99,6.641014463210097e-05,0.00018444293564781017,0.0003,-17.406347274780273,0.3885987401008606,-1.5543701648712158,0.8524518013000488,-0.15963861346244812,-6.0,1.2769498825073242,11.387147903442383,1.5734233576393128,1.543776010126114,1.0,1.0,1.0,1.0,-17.406347274780273,0.3885987401008606,-1.5543701648712158,0.8524518013000488,-0.15963861346244812,-6.0,14.107616424560547,28.3828182220459,5.452853202819824,0.0,0.0,0.0,0.0,0.0,0.0,,,,,0.0,-6.0,1466.0,1466.0,0.0,0.009194365873729498,0.009194365873729498,0.0,6.641014463210097e-05,6.641014463210097e-05,0.0,0.00018444293564781017,0.00018444293564781017,0.0,0.0003,0.0003,0.0,-6.0,-6.0,0.0,0.0,0.31625000000000003,27.9375,49.8125,5230.83,6,Walker2d-v5,8256,Agente_4
41.992332220077515,8,32768,13.466509250290546,195.9467392298482,-29.82155008677706,65.13,1466,0.009194365873729498,-6.0,0.99,6.641014463210097e-05,0.00018444293564781017,0.0003,-19.127044677734375,0.3849821388721466,-1.7570064067840576,0.8328248858451843,-0.18293190002441406,-6.0,1.3501265048980713,11.591331005096436,1.543776010126114,1.5244110596033096,1.0,1.0,1.0,1.0,-19.127044677734375,0.3849821388721466,-1.7570064067840576,0.8328248858451843,-0.18293190002441406,-6.0,15.800628662109375,32.03400802612305,5.128417491912842,0.0,0.0,0.0,0.0,0.0,0.0,,,,,0.0,-6.0,1466.0,1466.0,0.0,0.009194365873729498,0.009194365873729498,0.0,6.641014463210097e-05,6.641014463210097e-05,0.0,0.00018444293564781017,0.00018444293564781017,0.0,0.0003,0.0003,0.0,-6.0,-6.0,0.0,0.0,0.3,28.585714285714285,50.057142857142864,5236.93,7,Walker2d-v5,8256,Agente_4
47.53537368774414,9,36864,19.842870522438773,290.6365044655778,-29.82155008677706,79.94,1466,0.009194365873729498,-6.0,0.99,6.641014463210097e-05,0.00018444293564781017,0.0003,-20.921165466308594,0.38415974378585815,-1.90386962890625,0.8139552474021912,-0.20584994554519653,-6.0,1.4288415908813477,12.623863458633423,1.5244110596033096,1.5148541127311133,1.0,1.0,1.0,1.0,-20.921165466308594,0.38415974378585815,-1.90386962890625,0.8139552474021912,-0.20584994554519653,-6.0,17.671833038330078,41.235069274902344,6.1712751388549805,0.0,0.0,0.0,0.0,0.0,0.0,,,,,0.0,-6.0,1466.0,1466.0,0.0,0.009194365873729498,0.009194365873729498,0.0,6.641014463210097e-05,6.641014463210097e-05,0.0,0.00018444293564781017,0.00018444293564781017,0.0,0.0003,0.0003,0.0,-6.0,-6.0,0.0,0.0,0.33375,28.075000000000003,50.275,5269.506,8,Walker2d-v5,8256,Agente_4
53.02699041366577,10,40960,15.596231620188476,290.6365044655778,-29.134881580864583,87.26,1466,0.009194365873729498,-6.0,0.99,6.641014463210097e-05,0.00018444293564781017,0.0003,-23.13926124572754,0.3963962197303772,-2.030008554458618,0.7957521080970764,-0.22846758365631104,-6.0,1.4550118446350098,12.678873538970947,1.5148541127311133,1.508869885921503,1.0,1.0,1.0,1.0,-23.13926124572754,0.3963962197303772,-2.030008554458618,0.7957521080970764,-0.22846758365631104,-6.0,19.893383026123047,45.73771667480469,5.133233547210693,0.0,0.0,0.0,0.0,0.0,0.0,,,,,0.0,-6.0,1466.0,1466.0,0.0,0.009194365873729498,0.009194365873729498,0.0,6.641014463210097e-05,6.641014463210097e-05,0.0,0.00018444293564781017,0.00018444293564781017,0.0,0.0003,0.0003,0.0,-6.0,-6.0,0.0,0.0,0.3057142857142857,28.428571428571423,50.48571428571428,5290.295,9,Walker2d-v5,8256,Agente_4
58.43523097038269,11,45056,21.511634285403503,314.163628737765,-29.134881580864583,93.25,1466,0.009194365873729498,-6.0,0.99,6.641014463210097e-05,0.00018444293564781017,0.0003,-24.536190032958984,0.4922695457935333,-2.152824878692627,0.7781466841697693,-0.25084027647972107,-6.0,1.8396692276000977,15.670987606048584,1.508869885921503,1.5419498200893627,0.9507829418528122,0.8031317674112489,1.0,0.8031317674112489,-24.536190032958984,0.4922695457935333,-2.152824878692627,0.7781466841697693,-0.25084027647972107,-6.0,21.30268096923828,45.19307327270508,7.498358726501465,0.0,0.0,0.0,0.0,0.0,0.0,,,,,0.0,-6.0,1466.0,1466.0,0.0,0.009194365873729498,0.009194365873729498,0.0,6.641014463210097e-05,6.641014463210097e-05,0.0,0.00018444293564781017,0.00018444293564781017,0.0,0.0003,0.0003,0.0,-6.0,-6.0,0.0,0.0,0.32875,27.425,50.8,5436.644,10,Walker2d-v5,8256,Agente_4
64.00977444648743,12,49152,17.367601900281237,314.163628737765,-35.81962729753839,97.05,1466,0.009194365873729498,-6.0,0.99,6.641014463210097e-05,0.00018444293564781017,0.0003,-25.846271514892578,0.4561309814453125,-2.3854198455810547,0.7611338496208191,-0.2729460299015045,-6.0,1.853445291519165,14.677226066589355,1.5419498200893627,1.5730993672323428,0.9173580774429726,0.8170834842134536,1.0,0.8170834842134536,-25.846271514892578,0.4561309814453125,-2.3854198455810547,0.7611338496208191,-0.2729460299015045,-6.0,22.881023406982422,54.92698669433594,6.928779125213623,0.0,0.0,0.0,0.0,0.0,0.0,,,,,0.0,-6.0,1466.0,1466.0,0.0,0.009194365873729498,0.009194365873729498,0.0,6.641014463210097e-05,6.641014463210097e-05,0.0,0.00018444293564781017,0.00018444293564781017,0.0,0.0003,0.0003,0.0,-6.0,-6.0,0.0,0.0,0.39,28.200000000000006,51.042857142857144,5452.485,11,Walker2d-v5,8256,Agente_4
69.66066241264343,13,53248,16.87364372471847,314.163628737765,-37.064596929664376,101.76,1466,0.009194365873729498,-6.0,0.99,6.641014463210097e-05,0.00018444293564781017,0.0003,-27.48072052001953,0.5362462997436523,-2.536774158477783,0.7445837259292603,-0.29493001103401184,-6.0,2.1722278594970703,16.242734909057617,1.5730993672323428,1.6330122164588154,0.8588371764749017,0.683274473570689,1.0,0.683274473570689,-27.48072052001953,0.5362462997436523,-2.536774158477783,0.7445837259292603,-0.29493001103401184,-6.0,24.352127075195312,55.157527923583984,8.100238800048828,0.0,0.0,0.0,0.0,0.0,0.0,,,,,0.0,-6.0,1466.0,1466.0,0.0,0.009194365873729498,0.009194365873729498,0.0,6.641014463210097e-05,6.641014463210097e-05,0.0,0.00018444293564781017,0.00018444293564781017,0.0,0.0003,0.0003,0.0,-6.0,-6.0,0.0,0.0,0.38375000000000004,28.674999999999997,51.125,5493.91,12,Walker2d-v5,8256,Agente_4
74.91161704063416,14,57344,14.391654629441412,283.7292432881522,-43.62053171547577,109.85,1466,0.009194365873729498,-6.0,0.99,6.641014463210097e-05,0.00018444293564781017,0.0003,-29.255107879638672,0.574434757232666,-2.7243051528930664,0.7284457683563232,-0.31684210896492004,-6.0,2.348005771636963,19.154610633850098,1.6330122164588154,1.7045115719766302,0.8054855905827822,0.6454308329064239,1.0,0.6454308329064239,-29.255107879638672,0.574434757232666,-2.7243051528930664,0.7284457683563232,-0.31684210896492004,-6.0,26.422039031982422,45.38633346557617,6.038976669311523,0.0,0.0,0.0,0.0,0.0,0.0,,,,,0.0,-6.0,1466.0,1466.0,0.0,0.009194365873729498,0.009194365873729498,0.0,6.641014463210097e-05,6.641014463210097e-05,0.0,0.00018444293564781017,0.00018444293564781017,0.0,0.0003,0.0003,0.0,-6.0,-6.0,0.0,0.0,0.2785714285714286,21.214285714285715,52.15714285714285,5479.91,13,Walker2d-v5,8256,Agente_4
80.54002451896667,15,61440,8.255048672863596,260.5052459737401,-64.8356622924945,111.0,1466,0.009194365873729498,-6.0,0.99,6.641014463210097e-05,0.00018444293564781017,0.0003,-30.099075317382812,0.598934531211853,-2.8527817726135254,0.7128089666366577,-0.3385418951511383,-6.0,2.142350673675537,16.99634838104248,1.7045115719766302,1.7482954821465209,0.7974812461603893,0.7734682128932102,1.0,0.7734682128932102,-30.099075317382812,0.598934531211853,-2.8527817726135254,0.7128089666366577,-0.3385418951511383,-6.0,27.13299560546875,50.44930648803711,6.866426467895508,0.0,0.0,0.0,0.0,0.0,0.0,,,,,0.0,-6.0,1466.0,1466.0,0.0,0.009194365873729498,0.009194365873729498,0.0,6.641014463210097e-05,6.641014463210097e-05,0.0,0.00018444293564781017,0.00018444293564781017,0.0,0.0003,0.0003,0.0,-6.0,-6.0,0.0,0.0,0.28875,31.075,46.825,5488.451,14,Walker2d-v5,8256,Agente_4
86.14078617095947,16,65536,6.569405826073413,260.5052459737401,-64.8356622924945,115.07,1466,0.009194365873729498,-6.0,0.99,6.641014463210097e-05,0.00018444293564781017,0.0003,-32.83167266845703,0.5744220018386841,-2.9822683334350586,0.6975963711738586,-0.36011454463005066,-6.0,2.505399703979492,16.69707202911377,1.7482954821465209,1.824005904329818,0.7602425010898455,0.6485262658782138,1.0,0.6485262658782138,-32.83167266845703,0.5744220018386841,-2.9822683334350586,0.6975963711738586,-0.36011454463005066,-6.0,30.164913177490234,62.573787689208984,3.996901750564575,0.0,0.0,0.0,0.0,0.0,0.0,,,,,0.0,-6.0,1466.0,1466.0,0.0,0.009194365873729498,0.009194365873729498,0.0,6.641014463210097e-05,6.641014463210097e-05,0.0,0.00018444293564781017,0.00018444293564781017,0.0,0.0003,0.0003,0.0,-6.0,-6.0,0.0,0.0,0.35375,27.487499999999997,53.575,5511.835,15,Walker2d-v5,8256,Agente_4
91.86846971511841,17,69632,1.5429067436069495,225.09199505576603,-64.8356622924945,112.12,1466,0.009194365873729498,-6.0,0.99,6.641014463210097e-05,0.00018444293564781017,0.0003,-32.4788818359375,0.6194146871566772,-3.0685651302337646,0.6827021837234497,-0.38169658184051514,-6.0,2.4769086837768555,18.7397780418396,1.824005904329818,1.8892961822745218,0.7449588973427963,0.6991080861016488,1.0,0.6991080861016488,-32.4788818359375,0.6194146871566772,-3.0685651302337646,0.6827021837234497,-0.38169658184051514,-6.0,29.486221313476562,56.62327194213867,3.328601837158203,0.0,0.0,0.0,0.0,0.0,0.0,,,,,0.0,-6.0,1466.0,1466.0,0.0,0.009194365873729498,0.009194365873729498,0.0,6.641014463210097e-05,6.641014463210097e-05,0.0,0.00018444293564781017,0.00018444293564781017,0.0,0.0003,0.0003,0.0,-6.0,-6.0,0.0,0.0,0.40125,28.125,54.7375,5504.803,16,Walker2d-v5,8256,Agente_4
97.39145636558533,18,73728,4.474648425606282,217.69615210800922,-43.10582637636665,117.51,1466,0.009194365873729498,-6.0,0.99,6.641014463210097e-05,0.00018444293564781017,0.0003,-35.22308349609375,0.6990466117858887,-3.1913633346557617,0.6681128144264221,-0.4032982587814331,-6.0,2.496792793273926,26.917673110961914,1.8892961822745218,1.950045843374462,0.7399758996821243,0.7250269067001079,1.0,0.7250269067001079,-35.22308349609375,0.6990466117858887,-3.1913633346557617,0.6681128144264221,-0.4032982587814331,-6.0,32.457847595214844,71.88529968261719,5.449055194854736,0.0,0.0,0.0,0.0,0.0,0.0,,,,,0.0,-6.0,1466.0,1466.0,0.0,0.009194365873729498,0.009194365873729498,0.0,6.641014463210097e-05,6.641014463210097e-05,0.0,0.00018444293564781017,0.00018444293564781017,0.0,0.0003,0.0003,0.0,-6.0,-6.0,0.0,0.0,0.33142857142857146,28.54285714285714,54.471428571428575,5527.918,17,Walker2d-v5,8256,Agente_4
103.21366429328918,19,77824,-0.09542717666235136,217.69615210800922,-58.07667220624792,118.15,1466,0.009194365873729498,-6.0,0.99,6.641014463210097e-05,0.00018444293564781017,0.0003,-35.279815673828125,0.6655616760253906,-3.4395744800567627,0.6539836525917053,-0.4246728718280792,-6.0,2.6742777824401855,18.395440101623535,1.950045843374462,2.0224690372810343,0.7274252549276091,0.6897733206640636,1.0,0.6897733206640636,-35.279815673828125,0.6655616760253906,-3.4395744800567627,0.6539836525917053,-0.4246728718280792,-6.0,32.63349533081055,77.70133972167969,2.849377155303955,0.0,0.0,0.0,0.0,0.0,0.0,,,,,0.0,-6.0,1466.0,1466.0,0.0,0.009194365873729498,0.009194365873729498,0.0,6.641014463210097e-05,6.641014463210097e-05,0.0,0.00018444293564781017,0.00018444293564781017,0.0,0.0003,0.0003,0.0,-6.0,-6.0,0.0,0.0,0.34125,28.1,54.4375,5555.796,18,Walker2d-v5,8256,Agente_4
108.69940280914307,20,81920,6.464526235746857,270.067501322407,-64.88185408681073,125.91,1466,0.009194365873729498,-6.0,0.99,6.641014463210097e-05,0.00018444293564781017,0.0003,-37.32269287109375,0.6608904004096985,-3.5665810108184814,0.6400870680809021,-0.44615113735198975,-6.0,2.9795334339141846,14.602738380432129,2.0224690372810343,2.1181754769443493,0.7013178387086006,0.6229955900515752,1.0,0.6229955900515752,-37.32269287109375,0.6608904004096985,-3.5665810108184814,0.6400870680809021,-0.44615113735198975,-6.0,34.64582824707031,99.1400146484375,1.5788873434066772,0.0,0.0,0.0,0.0,0.0,0.0,,,,,0.0,-6.0,1466.0,1466.0,0.0,0.009194365873729498,0.009194365873729498,0.0,6.641014463210097e-05,6.641014463210097e-05,0.0,0.00018444293564781017,0.00018444293564781017,0.0,0.0003,0.0003,0.0,-6.0,-6.0,0.0,0.0,0.33999999999999997,28.012500000000003,54.6125,5555.259,19,Walker2d-v5,8256,Agente_4
114.28486347198486,21,86016,-0.11850643265091654,270.067501322407,-64.88185408681073,123.25,1466,0.009194365873729498,-6.0,0.99,6.641014463210097e-05,0.00018444293564781017,0.0003,-36.841346740722656,0.5962649583816528,-3.7644691467285156,0.6264361143112183,-0.467708557844162,-6.0,2.6681432723999023,11.278590679168701,2.1181754769443493,2.1731722564899045,0.7188202545598799,0.7713275021137174,1.0,0.7713275021137174,-36.841346740722656,0.5962649583816528,-3.7644691467285156,0.6264361143112183,-0.467708557844162,-6.0,34.04133224487305,63.20991897583008,2.443556308746338,0.0,0.0,0.0,0.0,0.0,0.0,,,,,0.0,-6.0,1466.0,1466.0,0.0,0.009194365873729498,0.009194365873729498,0.0,6.641014463210097e-05,6.641014463210097e-05,0.0,0.00018444293564781017,0.00018444293564781017,0.0,0.0003,0.0003,0.0,-6.0,-6.0,0.0,0.0,0.3785714285714285,28.400000000000002,54.67142857142857,5573.185,20,Walker2d-v5,8256,Agente_4
119.55426144599915,22,90112,2.551029046863223,270.067501322407,-64.88185408681073,122.96,1466,0.009194365873729498,-6.0,0.99,6.641014463210097e-05,0.00018444293564781017,0.0003,-40.47500991821289,0.722254753112793,-3.6734869480133057,0.6130077838897705,-0.48937761783599854,-6.0,2.5903635025024414,33.566636085510254,2.1731722564899045,2.2148913810911584,0.7454473995179713,0.825328834392246,1.0,0.825328834392246,-40.47500991821289,0.722254753112793,-3.6734869480133057,0.6130077838897705,-0.48937761783599854,-6.0,37.7598762512207,68.00719451904297,1.3314924240112305,0.0,0.0,0.0,0.0,0.0,0.0,,,,,0.0,-6.0,1466.0,1466.0,0.0,0.009194365873729498,0.009194365873729498,0.0,6.641014463210097e-05,6.641014463210097e-05,0.0,0.00018444293564781017,0.00018444293564781017,0.0,0.0003,0.0003,0.0,-6.0,-6.0,0.0,0.0,0.3071428571428572,29.157142857142855,54.81428571428571,5542.664,21,Walker2d-v5,8256,Agente_4
125.38361167907715,23,94208,-4.352117513370796,273.7247756043326,-65.28619463142682,120.89,1466,0.009194365873729498,-6.0,0.99,6.641014463210097e-05,0.00018444293564781017,0.0003,-39.91581726074219,0.60529625415802,-3.9127674102783203,0.5996949076652527,-0.511334240436554,-6.0,2.4921417236328125,9.887328624725342,2.2148913810911584,2.242616415345324,0.7796710396885012,0.8823419602000901,1.0,0.8823419602000901,-39.91581726074219,0.60529625415802,-3.9127674102783203,0.5996949076652527,-0.511334240436554,-6.0,37.319732666015625,80.43016815185547,2.6580827236175537,0.0,0.0,0.0,0.0,0.0,0.0,,,,,0.0,-6.0,1466.0,1466.0,0.0,0.009194365873729498,0.009194365873729498,0.0,6.641014463210097e-05,6.641014463210097e-05,0.0,0.00018444293564781017,0.00018444293564781017,0.0,0.0003,0.0003,0.0,-6.0,-6.0,0.0,0.0,0.345,28.012500000000003,55.2375,5560.516,22,Walker2d-v5,8256,Agente_4
130.87164068222046,24,98304,-3.1350697688686386,273.7247756043326,-65.28619463142682,118.74,1466,0.009194365873729498,-6.0,0.99,6.641014463210097e-05,0.00018444293564781017,0.0003,-41.071197509765625,0.5824045538902283,-4.306236267089844,0.5865352153778076,-0.5335225462913513,-6.0,2.373650550842285,10.568847179412842,2.242616415345324,2.2557198288950198,0.8205645513408666,0.9432450862979629,1.0,0.9432450862979629,-41.071197509765625,0.5824045538902283,-4.306236267089844,0.5865352153778076,-0.5335225462913513,-6.0,38.51848220825195,78.76377868652344,0.983893096446991,0.0,0.0,0.0,0.0,0.0,0.0,,,,,0.0,-6.0,1466.0,1466.0,0.0,0.009194365873729498,0.009194365873729498,0.0,6.641014463210097e-05,6.641014463210097e-05,0.0,0.00018444293564781017,0.00018444293564781017,0.0,0.0003,0.0003,0.0,-6.0,-6.0,0.0,0.0,0.385,28.549999999999997,55.4,5584.028,23,Walker2d-v5,8256,Agente_4
136.39280700683594,25,102400,-3.8467185916155184,273.7247756043326,-65.28619463142682,124.44,1466,0.009194365873729498,-6.0,0.99,6.641014463210097e-05,0.00018444293564781017,0.0003,-42.16590118408203,0.6573438048362732,-4.230182647705078,0.5737123489379883,-0.555627167224884,-6.0,2.6185755729675293,16.893003940582275,2.2557198288950198,2.2920054033022708,0.8282761681250778,0.8514110184777112,1.0,0.8514110184777112,-42.16590118408203,0.6573438048362732,-4.230182647705078,0.5737123489379883,-0.555627167224884,-6.0,39.57219696044922,76.23313903808594,0.5647203922271729,0.0,0.0,0.0,0.0,0.0,0.0,,,,,0.0,-6.0,1466.0,1466.0,0.0,0.009194365873729498,0.009194365873729498,0.0,6.641014463210097e-05,6.641014463210097e-05,0.0,0.00018444293564781017,0.00018444293564781017,0.0,0.0003,0.0003,0.0,-6.0,-6.0,0.0,0.0,0.34857142857142864,28.6,55.65714285714286,5573.314,24,Walker2d-v5,8256,Agente_4
142.0964274406433,26,106496,-5.910631434540628,246.72645044736424,-72.5918061911322,122.24,1466,0.009194365873729498,-6.0,0.99,6.641014463210097e-05,0.00018444293564781017,0.0003,-43.195560455322266,0.5851441025733948,-4.565267562866211,0.5610302090644836,-0.5779805183410645,-6.0,2.205267906188965,12.028502941131592,2.2920054033022708,2.2833316535909405,0.8712071260938083,1.0,1.0,1.0,-43.195560455322266,0.5851441025733948,-4.565267562866211,0.5610302090644836,-0.5779805183410645,-6.0,41.145774841308594,79.99028015136719,1.297266960144043,0.0,0.0,0.0,0.0,0.0,0.0,,,,,0.0,-6.0,1466.0,1466.0,0.0,0.009194365873729498,0.009194365873729498,0.0,6.641014463210097e-05,6.641014463210097e-05,0.0,0.00018444293564781017,0.00018444293564781017,0.0,0.0003,0.0003,0.0,-6.0,-6.0,0.0,0.0,0.39249999999999996,27.85,55.875,5583.652,25,Walker2d-v5,8256,Agente_4
75.23391914367676,14,57344,12.672126571296369,69.87191781918744,-23.675726297502557,85.72222222222223,1433,0.013378087135862844,-6.0,0.99,2.0033281017559205e-05,0.0005284620909716309,0.0003,-6.275495529174805,0.06175879389047623,-3.113327741622925,0.7292317152023315,-0.3157637119293213,-6.0,0.43788984417915344,1.8122515976428986,1.4252082258170913,1.3264763876532975,0.7351262138668454,1.0,1.0,1.0,-6.275495529174805,0.06175879389047623,-3.113327741622925,0.7292317152023315,-0.3157637119293213,-6.0,3.5407121181488037,7.934032440185547,0.20898368954658508,0.0,1.0,0.0,0.0,0.0,0.0,0.0,0.0,0.0,,0.0,-6.0,1433.0,1433.0,0.0,0.013378087135862844,0.013378087135862844,0.0,2.0033281017559205e-05,2.0033281017559205e-05,0.0,0.0005284620909716309,0.0005284620909716309,0.0,0.0003,0.0003,0.0,-6.0,-6.0,0.0,0.0,0.24363636363636365,24.272727272727273,54.75454545454545,5383.403,26,Walker2d-v5,8256,Agente_4
80.73528528213501,15,61440,13.006603805413063,223.09877466096583,-23.675726297502557,59.83,1433,0.013378087135862844,-6.0,0.99,2.0033281017559205e-05,0.0005284620909716309,0.0003,-8.30318832397461,0.04968564212322235,-3.418509006500244,0.7106317281723022,-0.3416009843349457,-6.0,0.4022822976112366,1.2701219320297241,1.3264763876532975,1.2340569786490914,0.8013446604001341,1.0,1.0,1.0,-8.30318832397461,0.04968564212322235,-3.418509006500244,0.7106317281723022,-0.3416009843349457,-6.0,5.620058536529541,10.441940307617188,1.2742419242858887,0.0,1.0,0.0,0.0,0.0,0.0,0.0,0.0,0.0,,0.0,-6.0,1433.0,1433.0,0.0,0.013378087135862844,0.013378087135862844,0.0,2.0033281017559205e-05,2.0033281017559205e-05,0.0,0.0005284620909716309,0.0005284620909716309,0.0,0.0003,0.0003,0.0,-6.0,-6.0,0.0,0.0,0.20428571428571424,26.74285714285714,50.114285714285714,5435.671,27,Walker2d-v5,8256,Agente_4
86.30547571182251,16,65536,17.502874339100075,223.09877466096583,-10.525596558449228,59.53,1433,0.013378087135862844,-6.0,0.99,2.0033281017559205e-05,0.0005284620909716309,0.0003,-10.327293395996094,0.06310790777206421,-3.6324594020843506,0.6926601529121399,-0.3672158718109131,-6.0,0.4090192914009094,1.310204267501831,1.2340569786490914,1.1515532099242731,0.8510084953001006,1.0,1.0,1.0,-10.327293395996094,0.06310790777206421,-3.6324594020843506,0.6926601529121399,-0.3672158718109131,-6.0,7.7924628257751465,14.621088027954102,1.2542463541030884,0.0,1.0,0.0,0.0,0.0,0.0,0.0,0.0,0.0,,0.0,-6.0,1433.0,1433.0,0.0,0.013378087135862844,0.013378087135862844,0.0,2.0033281017559205e-05,2.0033281017559205e-05,0.0,0.0005284620909716309,0.0005284620909716309,0.0,0.0003,0.0003,0.0,-6.0,-6.0,0.0,0.0,0.32,26.237499999999997,57.2625,5475.935,28,Walker2d-v5,8256,Agente_4
92.1847472190857,17,69632,23.043245369916733,246.8268063504099,-13.582989127872398,74.67,1433,0.013378087135862844,-6.0,0.99,2.0033281017559205e-05,0.0005284620909716309,0.0003,-12.566509246826172,0.10526597499847412,-3.852267265319824,0.6753973960876465,-0.39245402812957764,-6.0,0.5206668376922607,5.03671932220459,1.1515532099242731,1.088464572701072,0.8882563714750754,1.0,1.0,1.0,-12.566509246826172,0.10526597499847412,-3.852267265319824,0.6753973960876465,-0.39245402812957764,-6.0,10.05736255645752,21.29833221435547,1.5443249940872192,0.0,1.0,0.0,0.0,0.0,0.0,0.0,0.0,0.0,,0.0,-6.0,1433.0,1433.0,0.0,0.013378087135862844,0.013378087135862844,0.0,2.0033281017559205e-05,2.0033281017559205e-05,0.0,0.0005284620909716309,0.0005284620909716309,0.0,0.0003,0.0003,0.0,-6.0,-6.0,0.0,0.0,0.34375,30.262500000000003,59.3375,5573.939,29,Walker2d-v5,8256,Agente_4
97.71810960769653,18,73728,29.86049274721433,287.2312602514076,-23.109786416949248,89.65,1433,0.013378087135862844,-6.0,0.99,2.0033281017559205e-05,0.0005284620909716309,0.0003,-14.640897750854492,0.1452043354511261,-3.969550371170044,0.6588225364685059,-0.41730108857154846,-6.0,0.6702547073364258,4.809921860694885,1.088464572701072,1.0466435861646073,0.9161922786063066,1.0,1.0,1.0,-14.640897750854492,0.1452043354511261,-3.969550371170044,0.6588225364685059,-0.41730108857154846,-6.0,12.291136741638184,31.75904083251953,0.5297327041625977,0.0,1.0,0.0,0.0,0.0,0.0,0.0,0.0,0.0,,0.0,-6.0,1433.0,1433.0,0.0,0.013378087135862844,0.013378087135862844,0.0,2.0033281017559205e-05,2.0033281017559205e-05,0.0,0.0005284620909716309,0.0005284620909716309,0.0,0.0003,0.0003,0.0,-6.0,-6.0,0.0,0.0,0.39142857142857146,27.4,64.65714285714286,5563.448,30,Walker2d-v5,8256,Agente_4
103.13434982299805,19,77824,29.323310863943156,319.82928486893036,-40.88219145281258,106.71,1433,0.013378087135862844,-6.0,0.99,2.0033281017559205e-05,0.0005284620909716309,0.0003,-16.918745040893555,0.18574583530426025,-4.164648532867432,0.6429772973060608,-0.44164586067199707,-6.0,0.7569594383239746,5.695426821708679,1.0466435861646073,1.017675171380544,0.9371442089547299,1.0,1.0,1.0,-16.918745040893555,0.18574583530426025,-4.164648532867432,0.6429772973060608,-0.44164586067199707,-6.0,14.637556076049805,35.94850540161133,0.21070638298988342,0.0,1.0,0.0,0.0,0.0,0.0,0.0,0.0,0.0,,0.0,-6.0,1433.0,1433.0,0.0,0.013378087135862844,0.013378087135862844,0.0,2.0033281017559205e-05,2.0033281017559205e-05,0.0,0.0005284620909716309,0.0005284620909716309,0.0,0.0003,0.0003,0.0,-6.0,-6.0,0.0,0.0,0.4285714285714285,28.342857142857145,64.95714285714284,5536.286,31,Walker2d-v5,8256,Agente_4
109.01629543304443,20,81920,25.19449523756766,319.82928486893036,-40.88219145281258,119.49,1433,0.013378087135862844,-6.0,0.99,2.0033281017559205e-05,0.0005284620909716309,0.0003,-18.82453155517578,0.17233729362487793,-4.348232746124268,0.6277903318405151,-0.4655490815639496,-6.0,0.8221683502197266,4.18249773979187,1.017675171380544,0.9981244892644623,0.9528581567160475,1.0,1.0,1.0,-18.82453155517578,0.17233729362487793,-4.348232746124268,0.6277903318405151,-0.4655490815639496,-6.0,16.6229248046875,39.48580551147461,2.3563878536224365,0.0,1.0,0.0,0.0,0.0,0.0,0.0,0.0,0.0,,0.0,-6.0,1433.0,1433.0,0.0,0.013378087135862844,0.013378087135862844,0.0,2.0033281017559205e-05,2.0033281017559205e-05,0.0,0.0005284620909716309,0.0005284620909716309,0.0,0.0003,0.0003,0.0,-6.0,-6.0,0.0,0.0,0.38250000000000006,28.625,64.7125,5583.489,32,Walker2d-v5,8256,Agente_4
114.59610176086426,21,86016,11.028503661057712,319.82928486893036,-40.88219145281258,122.87,1433,0.013378087135862844,-6.0,0.99,2.0033281017559205e-05,0.0005284620909716309,0.0003,-21.18210792541504,0.2110120952129364,-4.413049697875977,0.6132395267486572,-0.48899972438812256,-6.0,0.9004898071289062,4.725116968154907,0.9981244892644623,0.9883610210509066,0.9646436175370356,1.0,1.0,1.0,-21.18210792541504,0.2110120952129364,-4.413049697875977,0.6132395267486572,-0.48899972438812256,-6.0,18.935232162475586,34.772300720214844,0.35008126497268677,0.0,1.0,0.0,0.0,0.0,0.0,0.0,0.0,0.0,,0.0,-6.0,1433.0,1433.0,0.0,0.013378087135862844,0.013378087135862844,0.0,2.0033281017559205e-05,2.0033281017559205e-05,0.0,0.0005284620909716309,0.0005284620909716309,0.0,0.0003,0.0003,0.0,-6.0,-6.0,0.0,0.0,0.3375,28.05,64.67500000000001,5581.713,33,Walker2d-v5,8256,Agente_4
120.17471361160278,22,90112,17.212111545339468,319.82928486893036,-40.20045533774387,129.12,1433,0.013378087135862844,-6.0,0.99,2.0033281017559205e-05,0.0005284620909716309,0.0003,-22.404123306274414,0.2179475724697113,-4.486331462860107,0.5992788076400757,-0.5120283365249634,-6.0,0.9682402610778809,4.9921746253967285,0.9883610210509066,0.986348945053604,0.9734827131527768,1.0,1.0,1.0,-22.404123306274414,0.2179475724697113,-4.486331462860107,0.5992788076400757,-0.5120283365249634,-6.0,20.067867279052734,44.33088302612305,-0.5063942670822144,0.0,1.0,0.0,0.0,0.0,0.0,0.0,0.0,0.0,,0.0,-6.0,1433.0,1433.0,0.0,0.013378087135862844,0.013378087135862844,0.0,2.0033281017559205e-05,2.0033281017559205e-05,0.0,0.0005284620909716309,0.0005284620909716309,0.0,0.0003,0.0003,0.0,-6.0,-6.0,0.0,0.0,0.38,28.15,64.6,5579.985,34,Walker2d-v5,8256,Agente_4
125.79296636581421,23,94208,15.648851625658988,284.3818988629946,-50.67740565717408,133.98,1433,0.013378087135862844,-6.0,0.99,2.0033281017559205e-05,0.0005284620909716309,0.0003,-24.383201599121094,0.23297536373138428,-4.727320194244385,0.5858227014541626,-0.5347380638122559,-6.0,1.1134076118469238,6.835278034210205,0.986348945053604,0.9990548117329361,0.9498957110252645,0.8791347046427275,1.0,0.8791347046427275,-24.383201599121094,0.23297536373138428,-4.727320194244385,0.5858227014541626,-0.5347380638122559,-6.0,22.16037368774414,55.97095489501953,-1.4989240169525146,0.0,1.0,0.0,0.0,0.0,0.0,0.0,0.0,0.0,,0.0,-6.0,1433.0,1433.0,0.0,0.013378087135862844,0.013378087135862844,0.0,2.0033281017559205e-05,2.0033281017559205e-05,0.0,0.0005284620909716309,0.0005284620909716309,0.0,0.0003,0.0003,0.0,-6.0,-6.0,0.0,0.0,0.3671428571428571,27.942857142857143,64.78571428571429,5582.52,35,Walker2d-v5,8256,Agente_4
131.51818084716797,24,98304,26.076248535755596,284.3818988629946,-50.67740565717408,147.5,1433,0.013378087135862844,-6.0,0.99,2.0033281017559205e-05,0.0005284620909716309,0.0003,-26.74596405029297,0.22423064708709717,-4.82217264175415,0.572733998298645,-0.5573338866233826,-6.0,1.099308967590332,4.642568588256836,0.9990548117329361,1.0090802273186756,0.9385522059474978,0.9045216907141977,1.0,0.9045216907141977,-26.74596405029297,0.22423064708709717,-4.82217264175415,0.572733998298645,-0.5573338866233826,-6.0,24.580839157104492,57.39631271362305,-0.6536099910736084,0.0,1.0,0.0,0.0,0.0,0.0,0.0,0.0,0.0,,0.0,-6.0,1433.0,1433.0,0.0,0.013378087135862844,0.013378087135862844,0.0,2.0033281017559205e-05,2.0033281017559205e-05,0.0,0.0005284620909716309,0.0005284620909716309,0.0,0.0003,0.0003,0.0,-6.0,-6.0,0.0,0.0,0.37,28.3125,64.82499999999999,5615.502,36,Walker2d-v5,8256,Agente_4
137.3350532054901,25,102400,28.953219257124957,319.7566686881017,-50.67740565717408,151.8,1433,0.013378087135862844,-6.0,0.99,2.0033281017559205e-05,0.0005284620909716309,0.0003,-27.235998153686523,0.31103670597076416,-4.973456382751465,0.560032844543457,-0.5797598361968994,-6.0,1.298445701599121,9.49006175994873,1.0090802273186756,1.0380167747467202,0.8915868223341101,0.750690671493947,1.0,0.750690671493947,-27.235998153686523,0.31103670597076416,-4.973456382751465,0.560032844543457,-0.5797598361968994,-6.0,24.899227142333984,73.7896957397461,-0.9288520216941833,0.0,1.0,0.0,0.0,0.0,0.0,0.0,0.0,0.0,,0.0,-6.0,1433.0,1433.0,0.0,0.013378087135862844,0.013378087135862844,0.0,2.0033281017559205e-05,2.0033281017559205e-05,0.0,0.0005284620909716309,0.0005284620909716309,0.0,0.0003,0.0003,0.0,-6.0,-6.0,0.0,0.0,0.42125,28.35,64.8375,5647.197,37,Walker2d-v5,8256,Agente_4
142.81331777572632,26,106496,42.31576493299368,383.91341693481553,-50.67740565717408,162.19,1433,0.013378087135862844,-6.0,0.99,2.0033281017559205e-05,0.0005284620909716309,0.0003,-30.33391571044922,0.27758142352104187,-5.197347164154053,0.5476091504096985,-0.6021934151649475,-6.0,1.2946176528930664,5.863070964813232,1.0380167747467202,1.0636768625613549,0.8639356503438047,0.7809821343728884,1.0,0.7809821343728884,-30.33391571044922,0.27758142352104187,-5.197347164154053,0.5476091504096985,-0.6021934151649475,-6.0,28.30464744567871,54.13309860229492,-0.4395013153553009,0.0,1.0,0.0,0.0,0.0,0.0,0.0,0.0,0.0,,0.0,-6.0,1433.0,1433.0,0.0,0.013378087135862844,0.013378087135862844,0.0,2.0033281017559205e-05,2.0033281017559205e-05,0.0,0.0005284620909716309,0.0005284620909716309,0.0,0.0003,0.0003,0.0,-6.0,-6.0,0.0,0.0,0.34750000000000003,27.8625,64.98750000000001,5638.223,38,Walker2d-v5,8256,Agente_4
148.7331063747406,27,110592,47.93651305974613,383.91341693481553,-50.67740565717408,167.79,1433,0.013378087135862844,-6.0,0.99,2.0033281017559205e-05,0.0005284620909716309,0.0003,-30.901901245117188,0.30958452820777893,-5.512897968292236,0.535367488861084,-0.6248018145561218,-6.0,1.295607566833496,8.624824285507202,1.0636768625613549,1.086869932988569,0.8489738118396672,0.8040882963272551,1.0,0.8040882963272551,-30.901901245117188,0.30958452820777893,-5.512897968292236,0.535367488861084,-0.6248018145561218,-6.0,28.771934509277344,71.98145294189453,-1.1912192106246948,0.0,1.0,0.0,0.0,0.0,0.0,0.0,0.0,0.0,,0.0,-6.0,1433.0,1433.0,0.0,0.013378087135862844,0.013378087135862844,0.0,2.0033281017559205e-05,2.0033281017559205e-05,0.0,0.0005284620909716309,0.0005284620909716309,0.0,0.0003,0.0003,0.0,-6.0,-6.0,0.0,0.0,0.38999999999999996,28.212500000000002,65.35,5642.23,39,Walker2d-v5,8256,Agente_4
154.07270407676697,28,114688,55.75761094551008,383.91341693481553,-42.01838711292608,171.85,1433,0.013378087135862844,-6.0,0.99,2.0033281017559205e-05,0.0005284620909716309,0.0003,-32.01271438598633,0.27699223160743713,-5.513460159301758,0.5233754515647888,-0.647456169128418,-6.0,1.1722164154052734,6.6765971183776855,1.086869932988569,1.0954045812302393,0.8678500936399987,0.9244789390409929,1.0,0.9244789390409929,-32.01271438598633,0.27699223160743713,-5.513460159301758,0.5233754515647888,-0.647456169128418,-6.0,30.005680084228516,69.10107421875,-1.784085988998413,0.0,1.0,0.0,0.0,0.0,0.0,0.0,0.0,0.0,,0.0,-6.0,1433.0,1433.0,0.0,0.013378087135862844,0.013378087135862844,0.0,2.0033281017559205e-05,2.0033281017559205e-05,0.0,0.0005284620909716309,0.0005284620909716309,0.0,0.0003,0.0003,0.0,-6.0,-6.0,0.0,0.0,0.37857142857142856,28.157142857142862,65.44285714285715,5623.058,40,Walker2d-v5,8256,Agente_4
159.72100353240967,29,118784,59.88597662066877,383.91341693481553,-42.01838711292608,174.29,1433,0.013378087135862844,-6.0,0.99,2.0033281017559205e-05,0.0005284620909716309,0.0003,-33.58205795288086,0.2957484722137451,-5.822633266448975,0.5115692019462585,-0.6702724695205688,-6.0,1.2614483833312988,5.446238994598389,1.0954045812302393,1.1120089614403452,0.8657243894549727,0.8593472768998944,1.0,0.8593472768998944,-33.58205795288086,0.2957484722137451,-5.822633266448975,0.5115692019462585,-0.6702724695205688,-6.0,31.451187133789062,86.90058135986328,-1.6833434104919434,0.0,1.0,0.0,0.0,0.0,0.0,0.0,0.0,0.0,,0.0,-6.0,1433.0,1433.0,0.0,0.013378087135862844,0.013378087135862844,0.0,2.0033281017559205e-05,2.0033281017559205e-05,0.0,0.0005284620909716309,0.0005284620909716309,0.0,0.0003,0.0003,0.0,-6.0,-6.0,0.0,0.0,0.35888888888888887,30.711111111111116,58.22222222222222,5646.748,41,Walker2d-v5,8256,Agente_4
164.97818398475647,30,122880,64.2579505554869,383.91341693481553,-42.01838711292608,180.86,1433,0.013378087135862844,-6.0,0.99,2.0033281017559205e-05,0.0005284620909716309,0.0003,-35.26521682739258,0.34650853276252747,-6.069164276123047,0.4999462962150574,-0.6932545900344849,-6.0,1.2409095764160156,13.12550163269043,1.1120089614403452,1.1248990229379123,0.8719306038660994,0.8905492470994798,1.0,0.8905492470994798,-35.26521682739258,0.34650853276252747,-6.069164276123047,0.4999462962150574,-0.6932545900344849,-6.0,33.25048828125,72.32071685791016,-1.799120306968689,0.0,1.0,0.0,0.0,0.0,0.0,0.0,0.0,0.0,,0.0,-6.0,1433.0,1433.0,0.0,0.013378087135862844,0.013378087135862844,0.0,2.0033281017559205e-05,2.0033281017559205e-05,0.0,0.0005284620909716309,0.0005284620909716309,0.0,0.0003,0.0003,0.0,-6.0,-6.0,0.0,0.0,0.29857142857142854,24.82857142857143,64.55714285714286,5584.634,42,Walker2d-v5,8256,Agente_4
170.3281011581421,31,126976,77.86365247499938,353.7458422060591,-41.00013990267813,187.11,1433,0.013378087135862844,-6.0,0.99,2.0033281017559205e-05,0.0005284620909716309,0.0003,-37.047550201416016,0.30836814641952515,-6.273480415344238,0.4885392189025879,-0.7163354754447937,-6.0,1.2750988006591797,6.40554141998291,1.1248990229379123,1.139919000710039,0.8726998132678492,0.8750074414730984,1.0,0.8750074414730984,-37.047550201416016,0.30836814641952515,-6.273480415344238,0.4885392189025879,-0.7163354754447937,-6.0,34.736183166503906,89.26069641113281,-2.383324384689331,0.0,1.0,0.0,0.0,0.0,0.0,0.0,0.0,0.0,,0.0,-6.0,1433.0,1433.0,0.0,0.013378087135862844,0.013378087135862844,0.0,2.0033281017559205e-05,2.0033281017559205e-05,0.0,0.0005284620909716309,0.0005284620909716309,0.0,0.0003,0.0003,0.0,-6.0,-6.0,0.0,0.0,0.3285714285714286,26.028571428571432,69.45714285714287,5561.738,43,Walker2d-v5,8256,Agente_4
176.18065309524536,32,131072,95.97316786442954,402.6160880763093,-41.00013990267813,197.63,1433,0.013378087135862844,-6.0,0.99,2.0033281017559205e-05,0.0005284620909716309,0.0003,-40.84978485107422,0.3346949815750122,-6.484912872314453,0.4772964417934418,-0.7396175861358643,-6.0,1.4455690383911133,7.599567651748657,1.139919000710039,1.1704840044781464,0.8457263530053307,0.7648059722177754,1.0,0.7648059722177754,-40.84978485107422,0.3346949815750122,-6.484912872314453,0.4772964417934418,-0.7396175861358643,-6.0,38.70902633666992,93.5472183227539,-2.2373206615448,0.0,1.0,0.0,0.0,0.0,0.0,0.0,0.0,0.0,,0.0,-6.0,1433.0,1433.0,0.0,0.013378087135862844,0.013378087135862844,0.0,2.0033281017559205e-05,2.0033281017559205e-05,0.0,0.0005284620909716309,0.0005284620909716309,0.0,0.0003,0.0003,0.0,-6.0,-6.0,0.0,0.0,0.36750000000000005,28.7625,61.125,5588.803,44,Walker2d-v5,8256,Agente_4
181.5477433204651,33,135168,102.972383968253,402.6160880763093,-41.00013990267813,207.9,1433,0.013378087135862844,-6.0,0.99,2.0033281017559205e-05,0.0005284620909716309,0.0003,-39.8916015625,0.3204713463783264,-6.6031928062438965,0.46629297733306885,-0.7629411816596985,-6.0,1.3190298080444336,7.011266231536865,1.1704840044781464,1.1853385848347753,0.8544980628956671,0.8808131925666761,1.0,0.8808131925666761,-39.8916015625,0.3204713463783264,-6.6031928062438965,0.46629297733306885,-0.7629411816596985,-6.0,37.87290573120117,78.25354766845703,-2.839717149734497,0.0,1.0,0.0,0.0,0.0,0.0,0.0,0.0,0.0,,0.0,-6.0,1433.0,1433.0,0.0,0.013378087135862844,0.013378087135862844,0.0,2.0033281017559205e-05,2.0033281017559205e-05,0.0,0.0005284620909716309,0.0005284620909716309,0.0,0.0003,0.0003,0.0,-6.0,-6.0,0.0,0.0,0.23428571428571426,29.32857142857143,60.7,5563.747,45,Walker2d-v5,8256,Agente_4
186.85410404205322,34,139264,125.86162890374887,458.49717134482404,-41.00013990267813,221.18,1433,0.013378087135862844,-6.0,0.99,2.0033281017559205e-05,0.0005284620909716309,0.0003,-43.44798278808594,0.3892929255962372,-6.8451008796691895,0.4554910659790039,-0.7863792181015015,-6.0,1.5830659866333008,7.471875905990601,1.1853385848347753,1.225111325014628,0.8196116931203181,0.7149525837942711,1.0,0.7149525837942711,-43.44798278808594,0.3892929255962372,-6.8451008796691895,0.4554910659790039,-0.7863792181015015,-6.0,41.836158752441406,93.20868682861328,-3.806530237197876,0.0,1.0,0.0,0.0,0.0,0.0,0.0,0.0,0.0,,0.0,-6.0,1433.0,1433.0,0.0,0.013378087135862844,0.013378087135862844,0.0,2.0033281017559205e-05,2.0033281017559205e-05,0.0,0.0005284620909716309,0.0005284620909716309,0.0,0.0003,0.0003,0.0,-6.0,-6.0,0.0,0.0,0.27375000000000005,26.775,67.0625,5521.911,46,Walker2d-v5,8256,Agente_4
192.76010274887085,35,143360,153.98345570035002,458.49717134482404,-22.56659947147739,230.72,1433,0.013378087135862844,-6.0,0.99,2.0033281017559205e-05,0.0005284620909716309,0.0003,-43.191436767578125,0.37895259261131287,-7.066673278808594,0.4448697566986084,-0.8099737167358398,-6.0,1.4293127059936523,14.589063167572021,1.225111325014628,1.2455314631125305,0.8263264116633013,0.8464705672922511,1.0,0.8464705672922511,-43.191436767578125,0.37895259261131287,-7.066673278808594,0.4448697566986084,-0.8099737167358398,-6.0,41.61202621459961,120.65699768066406,-3.6232967376708984,0.0,1.0,0.0,0.0,0.0,0.0,0.0,0.0,0.0,,0.0,-6.0,1433.0,1433.0,0.0,0.013378087135862844,0.013378087135862844,0.0,2.0033281017559205e-05,2.0033281017559205e-05,0.0,0.0005284620909716309,0.0005284620909716309,0.0,0.0003,0.0003,0.0,-6.0,-6.0,0.0,0.0,0.33571428571428574,27.55714285714286,68.3,5530.771,47,Walker2d-v5,8256,Agente_4
198.46291708946228,36,147456,174.14797434524777,458.49717134482404,-22.56659947147739,239.78,1433,0.013378087135862844,-6.0,0.99,2.0033281017559205e-05,0.0005284620909716309,0.0003,-45.60929870605469,0.3662005066871643,-7.309388160705566,0.4345221519470215,-0.8335084319114685,-6.0,1.8235692977905273,8.80831003189087,1.2455314631125305,1.30333524658033,0.7769216614512153,0.6287074108149574,1.0,0.6287074108149574,-45.60929870605469,0.3662005066871643,-7.309388160705566,0.4345221519470215,-0.8335084319114685,-6.0,43.649444580078125,112.57754516601562,-3.487238883972168,0.0,1.0,0.0,0.0,0.0,0.0,0.0,0.0,0.0,,0.0,-6.0,1433.0,1433.0,0.0,0.013378087135862844,0.013378087135862844,0.0,2.0033281017559205e-05,2.0033281017559205e-05,0.0,0.0005284620909716309,0.0005284620909716309,0.0,0.0003,0.0003,0.0,-6.0,-6.0,0.0,0.0,0.35750000000000004,28.512500000000003,68.3,5552.84,48,Walker2d-v5,8256,Agente_4
204.08465886116028,37,151552,198.04805015445476,553.8875620404234,-22.56659947147739,244.74,1433,0.013378087135862844,-6.0,0.99,2.0033281017559205e-05,0.0005284620909716309,0.0003,-49.27910614013672,0.4360453486442566,-7.458804130554199,0.42438656091690063,-0.8571105599403381,-6.0,1.699561595916748,14.000974655151367,1.30333524658033,1.3429578815139718,0.7671547046779372,0.7378538343581027,1.0,0.7378538343581027,-49.27910614013672,0.4360453486442566,-7.458804130554199,0.42438656091690063,-0.8571105599403381,-6.0,47.37611389160156,108.92118072509766,-4.233316898345947,0.0,1.0,0.0,0.0,0.0,0.0,0.0,0.0,0.0,,0.0,-6.0,1433.0,1433.0,0.0,0.013378087135862844,0.013378087135862844,0.0,2.0033281017559205e-05,2.0033281017559205e-05,0.0,0.0005284620909716309,0.0005284620909716309,0.0,0.0003,0.0003,0.0,-6.0,-6.0,0.0,0.0,0.39125,28.0625,68.4625,5523.04,49,Walker2d-v5,8256,Agente_4
209.82124018669128,38,155648,210.19412424618747,553.8875620404234,-11.188301058901072,242.65,1433,0.013378087135862844,-6.0,0.99,2.0033281017559205e-05,0.0005284620909716309,0.0003,-50.99861145019531,0.3964855670928955,-7.706343650817871,0.4144294261932373,-0.8808525800704956,-6.0,1.6568522453308105,10.72899580001831,1.3429578815139718,1.3743473178956558,0.7732591984462649,0.7915726797512475,1.0,0.7915726797512475,-50.99861145019531,0.3964855670928955,-7.706343650817871,0.4144294261932373,-0.8808525800704956,-6.0,49.33799743652344,112.82154083251953,-4.6419243812561035,0.0,1.0,0.0,0.0,0.0,0.0,0.0,0.0,0.0,,0.0,-6.0,1433.0,1433.0,0.0,0.013378087135862844,0.013378087135862844,0.0,2.0033281017559205e-05,2.0033281017559205e-05,0.0,0.0005284620909716309,0.0005284620909716309,0.0,0.0003,0.0003,0.0,-6.0,-6.0,0.0,0.0,0.44,28.3125,68.5,5562.553,50,Walker2d-v5,8256,Agente_4
215.4620761871338,39,159744,226.41107796297638,553.8875620404234,2.024886530648789,244.94,1433,0.013378087135862844,-6.0,0.99,2.0033281017559205e-05,0.0005284620909716309,0.0003,-53.702613830566406,0.36829763650894165,-8.228653907775879,0.40473803877830505,-0.9045153260231018,-6.0,1.7799148559570312,6.9720458984375,1.3743473178956558,1.4149040717017933,0.7660590040715046,0.744458420947224,1.0,0.744458420947224,-53.702613830566406,0.36829763650894165,-8.228653907775879,0.40473803877830505,-0.9045153260231018,-6.0,51.98534393310547,133.73101806640625,-2.6316683292388916,0.0,1.0,0.0,0.0,0.0,0.0,0.0,0.0,0.0,,0.0,-6.0,1433.0,1433.0,0.0,0.013378087135862844,0.013378087135862844,0.0,2.0033281017559205e-05,2.0033281017559205e-05,0.0,0.0005284620909716309,0.0005284620909716309,0.0,0.0003,0.0003,0.0,-6.0,-6.0,0.0,0.0,0.35571428571428576,28.314285714285713,68.68571428571428,5561.729,51,Walker2d-v5,8256,Agente_4
221.17928314208984,40,163840,238.92248974628066,606.2880672411604,2.024886530648789,246.35,1433,0.013378087135862844,-6.0,0.99,2.0033281017559205e-05,0.0005284620909716309,0.0003,-52.66765594482422,0.5001846551895142,-7.836119174957275,0.3952617049217224,-0.9282071590423584,-6.0,1.601191520690918,23.083694458007812,1.4149040717017933,1.4335328166007058,0.7937038226199864,0.8766382782654316,1.0,0.8766382782654316,-52.66765594482422,0.5001846551895142,-7.836119174957275,0.3952617049217224,-0.9282071590423584,-6.0,50.61288070678711,102.2331771850586,-5.183436393737793,0.0,1.0,0.0,0.0,0.0,0.0,0.0,0.0,0.0,,0.0,-6.0,1433.0,1433.0,0.0,0.013378087135862844,0.013378087135862844,0.0,2.0033281017559205e-05,2.0033281017559205e-05,0.0,0.0005284620909716309,0.0005284620909716309,0.0,0.0003,0.0003,0.0,-6.0,-6.0,0.0,0.0,0.32666666666666666,26.97142857142857,71.25714285714285,5607.641,52,Walker2d-v5,8256,Agente_4
226.49130940437317,41,167936,251.93314766761276,606.2880672411604,2.024886530648789,247.96,1433,0.013378087135862844,-6.0,0.99,2.0033281017559205e-05,0.0005284620909716309,0.0003,-54.646400451660156,0.44232356548309326,-8.462865829467773,0.38607925176620483,-0.9517126679420471,-6.0,2.0876874923706055,9.037787914276123,1.4335328166007058,1.4989482841776958,0.7536800804745523,0.6336088540382497,1.0,0.6336088540382497,-54.646400451660156,0.44232356548309326,-8.462865829467773,0.38607925176620483,-0.9517126679420471,-6.0,52.855369567871094,111.44535827636719,-6.828787326812744,0.0,1.0,0.0,0.0,0.0,0.0,0.0,0.0,0.0,,0.0,-6.0,1433.0,1433.0,0.0,0.013378087135862844,0.013378087135862844,0.0,2.0033281017559205e-05,2.0033281017559205e-05,0.0,0.0005284620909716309,0.0005284620909716309,0.0,0.0003,0.0003,0.0,-6.0,-6.0,0.0,0.0,0.3225,27.425,70.45,5603.682,53,Walker2d-v5,8256,Agente_4
232.23712396621704,42,172032,269.9712603119731,606.2880672411604,7.504031764488893,252.81,1433,0.013378087135862844,-6.0,0.99,2.0033281017559205e-05,0.0005284620909716309,0.0003,-54.37114715576172,0.4784158766269684,-8.291779518127441,0.37712427973747253,-0.9751805663108826,-6.0,1.874898910522461,14.398452758789062,1.4989482841776958,1.5365433468121723,0.7598026913811811,0.7781705241010677,1.0,0.7781705241010677,-54.37114715576172,0.4784158766269684,-8.291779518127441,0.37712427973747253,-0.9751805663108826,-6.0,52.522056579589844,105.42517852783203,-8.595568656921387,0.0,1.0,0.0,0.0,0.0,0.0,0.0,0.0,0.0,,0.0,-6.0,1433.0,1433.0,0.0,0.013378087135862844,0.013378087135862844,0.0,2.0033281017559205e-05,2.0033281017559205e-05,0.0,0.0005284620909716309,0.0005284620909716309,0.0,0.0003,0.0003,0.0,-6.0,-6.0,0.0,0.0,0.27625,29.9125,64.4,5593.491,54,Walker2d-v5,8256,Agente_4
237.5469527244568,43,176128,272.16856446192577,606.2880672411604,7.504031764488893,244.79,1433,0.013378087135862844,-6.0,0.99,2.0033281017559205e-05,0.0005284620909716309,0.0003,-55.54498291015625,0.470800518989563,-8.510946273803711,0.3684079647064209,-0.9985643625259399,-6.0,1.7002973556518555,12.889363765716553,1.5365433468121723,1.5529187476961406,0.7945793801932235,0.898909446629351,1.0,0.898909446629351,-55.54498291015625,0.470800518989563,-8.510946273803711,0.3684079647064209,-0.9985643625259399,-6.0,53.5755729675293,117.85161590576172,-8.239166259765625,0.0,1.0,0.0,0.0,0.0,0.0,0.0,0.0,0.0,,0.0,-6.0,1433.0,1433.0,0.0,0.013378087135862844,0.013378087135862844,0.0,2.0033281017559205e-05,2.0033281017559205e-05,0.0,0.0005284620909716309,0.0005284620909716309,0.0,0.0003,0.0003,0.0,-6.0,-6.0,0.0,0.0,0.2571428571428572,23.8,72.78571428571429,5587.782,55,Walker2d-v5,8256,Agente_4
243.1294400691986,44,180224,284.3602828117002,720.2547300048442,7.504031764488893,257.63,1433,0.013378087135862844,-6.0,0.99,2.0033281017559205e-05,0.0005284620909716309,0.0003,-58.81947326660156,0.46966344118118286,-8.675596237182617,0.3598645329475403,-1.0220277309417725,-6.0,2.033780097961426,11.87050485610962,1.5529187476961406,1.6010048827226693,0.7793604564969178,0.7337036854080004,1.0,0.7337036854080004,-58.81947326660156,0.46966344118118286,-8.675596237182617,0.3598645329475403,-1.0220277309417725,-6.0,57.16221618652344,125.25149536132812,-8.348250389099121,0.0,1.0,0.0,0.0,0.0,0.0,0.0,0.0,0.0,,0.0,-6.0,1433.0,1433.0,0.0,0.013378087135862844,0.013378087135862844,0.0,2.0033281017559205e-05,2.0033281017559205e-05,0.0,0.0005284620909716309,0.0005284620909716309,0.0,0.0003,0.0003,0.0,-6.0,-6.0,0.0,0.0,0.32,26.271428571428572,77.74285714285715,5615.382,56,Walker2d-v5,8256,Agente_4
249.1951026916504,45,184320,304.5607351652042,720.2547300048442,7.504031764488893,268.99,1433,0.013378087135862844,-6.0,0.99,2.0033281017559205e-05,0.0005284620909716309,0.0003,-57.15911865234375,0.6130778789520264,-8.96868896484375,0.3514995574951172,-1.0455468893051147,-6.0,2.076361656188965,27.69125986099243,1.6010048827226693,1.6485405600692988,0.7702977861252222,0.7431097750101351,1.0,0.7431097750101351,-57.15911865234375,0.6130778789520264,-8.96868896484375,0.3514995574951172,-1.0455468893051147,-6.0,55.83256530761719,134.86732482910156,-9.523591041564941,0.0,1.0,0.0,0.0,0.0,0.0,0.0,0.0,0.0,,0.0,-6.0,1433.0,1433.0,0.0,0.013378087135862844,0.013378087135862844,0.0,2.0033281017559205e-05,2.0033281017559205e-05,0.0,0.0005284620909716309,0.0005284620909716309,0.0,0.0003,0.0003,0.0,-6.0,-6.0,0.0,0.0,0.25666666666666665,30.41111111111111,70.35555555555555,5631.441,57,Walker2d-v5,8256,Agente_4
255.22964119911194,46,188416,319.25550477739364,720.2547300048442,8.588397756346332,273.52,1433,0.013378087135862844,-6.0,0.99,2.0033281017559205e-05,0.0005284620909716309,0.0003,-59.56404495239258,0.46616098284721375,-9.340222358703613,0.343316912651062,-1.0691012144088745,-6.0,2.3850526809692383,10.007806777954102,1.6485405600692988,1.7221917721592928,0.7376467116033049,0.6396934880375529,1.0,0.6396934880375529,-59.56404495239258,0.46616098284721375,-9.340222358703613,0.343316912651062,-1.0691012144088745,-6.0,57.73705291748047,127.55657196044922,-7.557013988494873,0.0,1.0,0.0,0.0,0.0,0.0,0.0,0.0,0.0,,0.0,-6.0,1433.0,1433.0,0.0,0.013378087135862844,0.013378087135862844,0.0,2.0033281017559205e-05,2.0033281017559205e-05,0.0,0.0005284620909716309,0.0005284620909716309,0.0,0.0003,0.0003,0.0,-6.0,-6.0,0.0,0.0,0.2357142857142857,23.828571428571426,72.5142857142857,5664.882,58,Walker2d-v5,8256,Agente_4
260.6548345088959,47,192512,313.922968542975,720.2547300048442,8.588397756346332,275.53,1433,0.013378087135862844,-6.0,0.99,2.0033281017559205e-05,0.0005284620909716309,0.0003,-58.5112419128418,0.49758800864219666,-9.242057800292969,0.33539992570877075,-1.092431664466858,-6.0,1.908644676208496,13.4638352394104,1.7221917721592928,1.7408370625642131,0.777582498816141,0.8973898604546497,1.0,0.8973898604546497,-58.5112419128418,0.49758800864219666,-9.242057800292969,0.33539992570877075,-1.092431664466858,-6.0,56.838409423828125,124.52041625976562,-8.692388534545898,0.0,1.0,0.0,0.0,0.0,0.0,0.0,0.0,0.0,,0.0,-6.0,1433.0,1433.0,0.0,0.013378087135862844,0.013378087135862844,0.0,2.0033281017559205e-05,2.0033281017559205e-05,0.0,0.0005284620909716309,0.0005284620909716309,0.0,0.0003,0.0003,0.0,-6.0,-6.0,0.0,0.0,0.32375,25.224999999999998,79.7125,5645.043,59,Walker2d-v5,8256,Agente_4
266.65598464012146,48,196608,322.1888437399541,720.2547300048442,8.588397756346332,277.94,1433,0.013378087135862844,-6.0,0.99,2.0033281017559205e-05,0.0005284620909716309,0.0003,-62.5583381652832,0.4598998725414276,-9.467362403869629,0.32774877548217773,-1.1155078411102295,-6.0,2.035083770751953,11.304744720458984,1.7408370625642131,1.770261733382987,0.7943086142196415,0.8444869604301427,1.0,0.8444869604301427,-62.5583381652832,0.4598998725414276,-9.467362403869629,0.32774877548217773,-1.1155078411102295,-6.0,61.08176040649414,134.30137634277344,-11.392096519470215,0.0,1.0,0.0,0.0,0.0,0.0,0.0,0.0,0.0,,0.0,-6.0,1433.0,1433.0,0.0,0.013378087135862844,0.013378087135862844,0.0,2.0033281017559205e-05,2.0033281017559205e-05,0.0,0.0005284620909716309,0.0005284620909716309,0.0,0.0003,0.0003,0.0,-6.0,-6.0,0.0,0.0,0.3225,30.45,71.4625,5671.055,60,Walker2d-v5,8256,Agente_4
272.2669243812561,49,200704,327.6935972606716,720.2547300048442,8.588397756346332,279.51,1433,0.013378087135862844,-6.0,0.99,2.0033281017559205e-05,0.0005284620909716309,0.0003,-60.682640075683594,0.5073854327201843,-9.535305976867676,0.3201942443847656,-1.1388274431228638,-6.0,2.2442455291748047,10.900674819946289,1.770261733382987,1.8176601129621688,0.7870066288068966,0.7651006725686618,1.0,0.7651006725686618,-60.682640075683594,0.5073854327201843,-9.535305976867676,0.3201942443847656,-1.1388274431228638,-6.0,59.299400329589844,139.2816162109375,-10.302572250366211,0.0,1.0,0.0,0.0,0.0,0.0,0.0,0.0,0.0,,0.0,-6.0,1433.0,1433.0,0.0,0.013378087135862844,0.013378087135862844,0.0,2.0033281017559205e-05,2.0033281017559205e-05,0.0,0.0005284620909716309,0.0005284620909716309,0.0,0.0003,0.0003,0.0,-6.0,-6.0,0.0,0.0,0.3225,27.799999999999997,70.6125,5668.111,61,Walker2d-v5,8256,Agente_4
277.9601366519928,50,204800,328.3151906734722,694.0168859989044,29.697842710373372,278.21,1433,0.013378087135862844,-6.0,0.99,2.0033281017559205e-05,0.0005284620909716309,0.0003,-66.17417907714844,0.5174659490585327,-9.713045120239258,0.3128131628036499,-1.16214919090271,-6.0,2.5536022186279297,12.522751808166504,1.8176601129621688,1.8912543235287447,0.7570184632315256,0.6670539665054124,1.0,0.6670539665054124,-66.17417907714844,0.5174659490585327,-9.713045120239258,0.3128131628036499,-1.16214919090271,-6.0,64.93328094482422,129.21470642089844,-9.188905715942383,0.0,1.0,0.0,0.0,0.0,0.0,0.0,0.0,0.0,,0.0,-6.0,1433.0,1433.0,0.0,0.013378087135862844,0.013378087135862844,0.0,2.0033281017559205e-05,2.0033281017559205e-05,0.0,0.0005284620909716309,0.0005284620909716309,0.0,0.0003,0.0003,0.0,-6.0,-6.0,0.0,0.0,0.34375,26.7625,77.91250000000001,5665.429,62,Walker2d-v5,8256,Agente_4
283.512677192688,51,208896,316.9211619242363,641.9715684198472,29.697842710373372,269.76,1433,0.013378087135862844,-6.0,0.99,2.0033281017559205e-05,0.0005284620909716309,0.0003,-64.67875671386719,0.5995933413505554,-9.885687828063965,0.30564185976982117,-1.185341238975525,-6.0,2.6302547454833984,21.247875690460205,1.8912543235287447,1.96515436572421,0.7369018110721327,0.6765518545939541,1.0,0.6765518545939541,-64.67875671386719,0.5995933413505554,-9.885687828063965,0.30564185976982117,-1.185341238975525,-6.0,63.17987823486328,158.84202575683594,-15.920340538024902,0.0,1.0,0.0,0.0,0.0,0.0,0.0,0.0,0.0,,0.0,-6.0,1433.0,1433.0,0.0,0.013378087135862844,0.013378087135862844,0.0,2.0033281017559205e-05,2.0033281017559205e-05,0.0,0.0005284620909716309,0.0005284620909716309,0.0,0.0003,0.0003,0.0,-6.0,-6.0,0.0,0.0,0.38,28.1625,79.52499999999999,5689.466,63,Walker2d-v5,8256,Agente_4
288.88545060157776,52,212992,309.65208960425434,641.9715684198472,25.34732931338399,258.4,1433,0.013378087135862844,-6.0,0.99,2.0033281017559205e-05,0.0005284620909716309,0.0003,-67.0571517944336,0.49126341938972473,-10.199723243713379,0.29861193895339966,-1.2086104154586792,-6.0,2.502971649169922,10.691631317138672,1.96515436572421,2.0189360940687813,0.7428208110051587,0.7605778108042367,1.0,0.7605778108042367,-67.0571517944336,0.49126341938972473,-10.199723243713379,0.29861193895339966,-1.2086104154586792,-6.0,65.37328338623047,151.5825653076172,-12.898032188415527,0.0,1.0,0.0,0.0,0.0,0.0,0.0,0.0,0.0,,0.0,-6.0,1433.0,1433.0,0.0,0.013378087135862844,0.013378087135862844,0.0,2.0033281017559205e-05,2.0033281017559205e-05,0.0,0.0005284620909716309,0.0005284620909716309,0.0,0.0003,0.0003,0.0,-6.0,-6.0,0.0,0.0,0.4128571428571428,28.24285714285714,79.24285714285713,5652.017,64,Walker2d-v5,8256,Agente_4
294.5285885334015,53,217088,318.720003741691,641.9715684198472,25.34732931338399,248.0,1433,0.013378087135862844,-6.0,0.99,2.0033281017559205e-05,0.0005284620909716309,0.0003,-69.51228332519531,0.5779142379760742,-10.240665435791016,0.29171451926231384,-1.2319796085357666,-6.0,2.6241416931152344,16.124111652374268,2.0189360940687813,2.0794566539734265,0.7423637642967433,0.740992624171497,1.0,0.740992624171497,-69.51228332519531,0.5779142379760742,-10.240665435791016,0.29171451926231384,-1.2319796085357666,-6.0,68.22189331054688,149.91326904296875,-15.038695335388184,0.0,1.0,0.0,0.0,0.0,0.0,0.0,0.0,0.0,,0.0,-6.0,1433.0,1433.0,0.0,0.013378087135862844,0.013378087135862844,0.0,2.0033281017559205e-05,2.0033281017559205e-05,0.0,0.0005284620909716309,0.0005284620909716309,0.0,0.0003,0.0003,0.0,-6.0,-6.0,0.0,0.0,0.36250000000000004,28.512500000000003,79.175,5685.489,65,Walker2d-v5,8256,Agente_4
300.3082478046417,54,221184,297.9048864188984,567.4141972787038,25.34732931338399,231.13,1433,0.013378087135862844,-6.0,0.99,2.0033281017559205e-05,0.0005284620909716309,0.0003,-68.47571563720703,0.5745298862457275,-10.56476879119873,0.2849538028240204,-1.2554281949996948,-6.0,2.6168594360351562,13.863410234451294,2.0794566539734265,2.1331969321795996,0.7498377793509697,0.7722598245136489,1.0,0.7722598245136489,-68.47571563720703,0.5745298862457275,-10.56476879119873,0.2849538028240204,-1.2554281949996948,-6.0,67.04060363769531,164.087158203125,-15.258964538574219,0.0,1.0,0.0,0.0,0.0,0.0,0.0,0.0,0.0,,0.0,-6.0,1433.0,1433.0,0.0,0.013378087135862844,0.013378087135862844,0.0,2.0033281017559205e-05,2.0033281017559205e-05,0.0,0.0005284620909716309,0.0005284620909716309,0.0,0.0003,0.0003,0.0,-6.0,-6.0,0.0,0.0,0.40375000000000005,27.6375,79.325,5705.031,66,Walker2d-v5,8256,Agente_4
306.3278901576996,55,225280,283.9769307530253,567.4141972787038,25.34732931338399,221.36,1433,0.013378087135862844,-6.0,0.99,2.0033281017559205e-05,0.0005284620909716309,0.0003,-67.40987396240234,0.5816670060157776,-10.635469436645508,0.2783411741256714,-1.2789076566696167,-6.0,2.6112470626831055,16.303422927856445,2.1331969321795996,2.18100194522995,0.7621870719935853,0.7992349499214321,1.0,0.7992349499214321,-67.40987396240234,0.5816670060157776,-10.635469436645508,0.2783411741256714,-1.2789076566696167,-6.0,66.33863830566406,144.46664428710938,-15.393144607543945,0.0,1.0,0.0,0.0,0.0,0.0,0.0,0.0,0.0,,0.0,-6.0,1433.0,1433.0,0.0,0.013378087135862844,0.013378087135862844,0.0,2.0033281017559205e-05,2.0033281017559205e-05,0.0,0.0005284620909716309,0.0005284620909716309,0.0,0.0003,0.0003,0.0,-6.0,-6.0,0.0,0.0,0.4557142857142857,28.942857142857147,79.22857142857141,5700.547,67,Walker2d-v5,8256,Agente_4
311.9296281337738,56,229376,281.9759993532321,567.4141972787038,25.34732931338399,216.82,1433,0.013378087135862844,-6.0,0.99,2.0033281017559205e-05,0.0005284620909716309,0.0003,-71.93849182128906,0.5864548683166504,-10.529537200927734,0.27187663316726685,-1.302406907081604,-6.0,2.169321060180664,13.70587158203125,2.18100194522995,2.1798338567250215,0.821640303995189,1.0,1.0,1.0,-71.93849182128906,0.5864548683166504,-10.529537200927734,0.27187663316726685,-1.302406907081604,-6.0,70.69442749023438,170.60787963867188,-20.774648666381836,0.0,1.0,0.0,0.0,0.0,0.0,0.0,0.0,0.0,,0.0,-6.0,1433.0,1433.0,0.0,0.013378087135862844,0.013378087135862844,0.0,2.0033281017559205e-05,2.0033281017559205e-05,0.0,0.0005284620909716309,0.0005284620909716309,0.0,0.0003,0.0003,0.0,-6.0,-6.0,0.0,0.0,0.36,28.1875,79.3875,5657.037,68,Walker2d-v5,8256,Agente_4
317.52525448799133,57,233472,266.9611305550707,567.4141972787038,25.34732931338399,205.43,1433,0.013378087135862844,-6.0,0.99,2.0033281017559205e-05,0.0005284620909716309,0.0003,-68.91371154785156,0.5763742923736572,-11.232719421386719,0.2656780183315277,-1.325470209121704,-6.0,2.8502655029296875,14.621756553649902,2.1798338567250215,2.246877021345488,0.800039753046582,0.7352381002007612,1.0,0.7352381002007612,-68.91371154785156,0.5763742923736572,-11.232719421386719,0.2656780183315277,-1.325470209121704,-6.0,67.62336730957031,147.48216247558594,-20.899869918823242,0.0,1.0,0.0,0.0,0.0,0.0,0.0,0.0,0.0,,0.0,-6.0,1433.0,1433.0,0.0,0.013378087135862844,0.013378087135862844,0.0,2.0033281017559205e-05,2.0033281017559205e-05,0.0,0.0005284620909716309,0.0005284620909716309,0.0,0.0003,0.0003,0.0,-6.0,-6.0,0.0,0.0,0.3971428571428572,28.342857142857145,79.29999999999998,5674.41,69,Walker2d-v5,8256,Agente_4
323.0324831008911,58,237568,261.12929359882037,462.56219871379943,32.40058121979024,201.88,1433,0.013378087135862844,-6.0,0.99,2.0033281017559205e-05,0.0005284620909716309,0.0003,-68.8490982055664,0.6281615495681763,-10.953831672668457,0.2596171200275421,-1.348547339439392,-6.0,2.6043472290039062,17.56931972503662,2.246877021345488,2.28262404211133,0.8132583340016508,0.8529140768668572,1.0,0.8529140768668572,-68.8490982055664,0.6281615495681763,-10.953831672668457,0.2596171200275421,-1.348547339439392,-6.0,67.4124755859375,147.86598205566406,-22.857242584228516,0.0,1.0,0.0,0.0,0.0,0.0,0.0,0.0,0.0,,0.0,-6.0,1433.0,1433.0,0.0,0.013378087135862844,0.013378087135862844,0.0,2.0033281017559205e-05,2.0033281017559205e-05,0.0,0.0005284620909716309,0.0005284620909716309,0.0,0.0003,0.0003,0.0,-6.0,-6.0,0.0,0.0,0.40499999999999997,27.7125,79.3375,5625.098,70,Walker2d-v5,8256,Agente_4
328.52892899513245,59,241664,263.68489697729785,494.086444588591,32.40058121979024,204.25,1433,0.013378087135862844,-6.0,0.99,2.0033281017559205e-05,0.0005284620909716309,0.0003,-70.72605895996094,0.5083714723587036,-10.972977638244629,0.25373271107673645,-1.3714739084243774,-6.0,2.530302047729492,12.164905548095703,2.28262404211133,2.3073918426731463,0.8342371687066766,0.8971736728217538,1.0,0.8971736728217538,-70.72605895996094,0.5083714723587036,-10.972977638244629,0.25373271107673645,-1.3714739084243774,-6.0,69.12137603759766,142.9009246826172,-19.89851951599121,0.0,1.0,0.0,0.0,0.0,0.0,0.0,0.0,0.0,,0.0,-6.0,1433.0,1433.0,0.0,0.013378087135862844,0.013378087135862844,0.0,2.0033281017559205e-05,2.0033281017559205e-05,0.0,0.0005284620909716309,0.0005284620909716309,0.0,0.0003,0.0003,0.0,-6.0,-6.0,0.0,0.0,0.36875,28.075,79.61250000000001,5613.652,71,Walker2d-v5,8256,Agente_4
334.1892304420471,60,245760,273.28001526147,494.086444588591,32.40058121979024,209.47,1433,0.013378087135862844,-6.0,0.99,2.0033281017559205e-05,0.0005284620909716309,0.0003,-76.97370910644531,0.547245979309082,-11.442981719970703,0.24800948798656464,-1.3942883014678955,-6.0,2.6296539306640625,11.917609214782715,2.3073918426731463,2.339618051472238,0.8430902379656311,0.8696494457424945,1.0,0.8696494457424945,-76.97370910644531,0.547245979309082,-11.442981719970703,0.24800948798656464,-1.3942883014678955,-6.0,76.04853820800781,169.01551818847656,-19.744253158569336,0.0,1.0,0.0,0.0,0.0,0.0,0.0,0.0,0.0,,0.0,-6.0,1433.0,1433.0,0.0,0.013378087135862844,0.013378087135862844,0.0,2.0033281017559205e-05,2.0033281017559205e-05,0.0,0.0005284620909716309,0.0005284620909716309,0.0,0.0003,0.0003,0.0,-6.0,-6.0,0.0,0.0,0.3642857142857143,28.185714285714283,79.62857142857142,5610.681,72,Walker2d-v5,8256,Agente_4
339.77404713630676,61,249856,275.3230545536725,511.71970014646297,32.40058121979024,206.58,1433,0.013378087135862844,-6.0,0.99,2.0033281017559205e-05,0.0005284620909716309,0.0003,-74.5729751586914,0.6349373459815979,-10.939920425415039,0.24243484437465668,-1.4170223474502563,-6.0,2.9374637603759766,18.57773494720459,2.339618051472238,2.3994026223626115,0.825943897537081,0.7745048762514307,1.0,0.7745048762514307,-74.5729751586914,0.6349373459815979,-10.939920425415039,0.24243484437465668,-1.4170223474502563,-6.0,73.45573425292969,155.4003143310547,-24.234195709228516,0.0,1.0,0.0,0.0,0.0,0.0,0.0,0.0,0.0,,0.0,-6.0,1433.0,1433.0,0.0,0.013378087135862844,0.013378087135862844,0.0,2.0033281017559205e-05,2.0033281017559205e-05,0.0,0.0005284620909716309,0.0005284620909716309,0.0,0.0003,0.0003,0.0,-6.0,-6.0,0.0,0.0,0.37,27.900000000000002,79.66250000000001,5613.93,73,Walker2d-v5,8256,Agente_4
345.2369327545166,62,253952,275.1133178694984,529.0945293236172,32.40058121979024,204.34,1433,0.013378087135862844,-6.0,0.99,2.0033281017559205e-05,0.0005284620909716309,0.0003,-75.50132751464844,0.7063311338424683,-11.341339111328125,0.23695167899131775,-1.4398990869522095,-6.0,2.9505748748779297,20.65402841567993,2.3994026223626115,2.4545198476141437,0.8181484833664956,0.7947622408547391,1.0,0.7947622408547391,-75.50132751464844,0.7063311338424683,-11.341339111328125,0.23695167899131775,-1.4398990869522095,-6.0,74.11982727050781,150.9059600830078,-27.965496063232422,0.0,1.0,0.0,0.0,0.0,0.0,0.0,0.0,0.0,,0.0,-6.0,1433.0,1433.0,0.0,0.013378087135862844,0.013378087135862844,0.0,2.0033281017559205e-05,2.0033281017559205e-05,0.0,0.0005284620909716309,0.0005284620909716309,0.0,0.0003,0.0003,0.0,-6.0,-6.0,0.0,0.0,0.3914285714285714,28.342857142857138,79.72857142857143,5623.023,74,Walker2d-v5,8256,Agente_4
350.78160643577576,63,258048,280.3673723871194,612.0249001702485,52.244078572292,206.14,1433,0.013378087135862844,-6.0,0.99,2.0033281017559205e-05,0.0005284620909716309,0.0003,-74.7052001953125,0.6078702211380005,-11.057023048400879,0.2316635400056839,-1.462469220161438,-6.0,3.017697334289551,17.809420108795166,2.4545198476141437,2.5108375962816845,0.8123550216871407,0.7949746366490759,1.0,0.7949746366490759,-74.7052001953125,0.6078702211380005,-11.057023048400879,0.2316635400056839,-1.462469220161438,-6.0,73.61282348632812,159.23486328125,-28.721580505371094,0.0,1.0,0.0,0.0,0.0,0.0,0.0,0.0,0.0,,0.0,-6.0,1433.0,1433.0,0.0,0.013378087135862844,0.013378087135862844,0.0,2.0033281017559205e-05,2.0033281017559205e-05,0.0,0.0005284620909716309,0.0005284620909716309,0.0,0.0003,0.0003,0.0,-6.0,-6.0,0.0,0.0,0.36750000000000005,28.15,79.7,5613.242,75,Walker2d-v5,8256,Agente_4
356.6125440597534,64,262144,288.6462353789833,915.4198373872496,64.68982892573065,212.77,1433,0.013378087135862844,-6.0,0.99,2.0033281017559205e-05,0.0005284620909716309,0.0003,-75.61949157714844,0.5821502804756165,-11.887584686279297,0.22647786140441895,-1.4851081371307373,-6.0,2.8723297119140625,13.48008394241333,2.5108375962816845,2.5469868078449225,0.825744109924113,0.86591137463503,1.0,0.86591137463503,-75.61949157714844,0.5821502804756165,-11.887584686279297,0.22647786140441895,-1.4851081371307373,-6.0,74.38463592529297,151.013916015625,-19.792617797851562,0.0,1.0,0.0,0.0,0.0,0.0,0.0,0.0,0.0,,0.0,-6.0,1433.0,1433.0,0.0,0.013378087135862844,0.013378087135862844,0.0,2.0033281017559205e-05,2.0033281017559205e-05,0.0,0.0005284620909716309,0.0005284620909716309,0.0,0.0003,0.0003,0.0,-6.0,-6.0,0.0,0.0,0.39749999999999996,28.775,79.7,5618.38,76,Walker2d-v5,8256,Agente_4
362.11846446990967,65,266240,273.97701089953506,915.4198373872496,39.49326747084868,198.72,1433,0.013378087135862844,-6.0,0.99,2.0033281017559205e-05,0.0005284620909716309,0.0003,-75.96707153320312,0.5756261348724365,-11.851162910461426,0.22137658298015594,-1.5078901052474976,-6.0,3.1482067108154297,14.573062896728516,2.5469868078449225,2.607108798141973,0.8167430956190816,0.7897400527039876,1.0,0.7897400527039876,-75.96707153320312,0.5756261348724365,-11.851162910461426,0.22137658298015594,-1.5078901052474976,-6.0,74.9828872680664,168.31114196777344,-31.025558471679688,0.0,1.0,0.0,0.0,0.0,0.0,0.0,0.0,0.0,,0.0,-6.0,1433.0,1433.0,0.0,0.013378087135862844,0.013378087135862844,0.0,2.0033281017559205e-05,2.0033281017559205e-05,0.0,0.0005284620909716309,0.0005284620909716309,0.0,0.0003,0.0003,0.0,-6.0,-6.0,0.0,0.0,0.31875,28.3875,79.7875,5566.86,77,Walker2d-v5,8256,Agente_4
368.4172339439392,66,270336,265.89467812950875,915.4198373872496,39.49326747084868,191.69,1433,0.013378087135862844,-6.0,0.99,2.0033281017559205e-05,0.0005284620909716309,0.0003,-75.51600646972656,0.6598290801048279,-11.844217300415039,0.21639417111873627,-1.530653715133667,-6.0,3.404510498046875,16.9257869720459,2.607108798141973,2.6868489681324634,0.7966803599920479,0.7364921531109468,1.0,0.7364921531109468,-75.51600646972656,0.6598290801048279,-11.844217300415039,0.21639417111873627,-1.530653715133667,-6.0,74.6619873046875,161.27261352539062,-39.41779708862305,0.0,1.0,0.0,0.0,0.0,0.0,0.0,0.0,0.0,,0.0,-6.0,1433.0,1433.0,0.0,0.013378087135862844,0.013378087135862844,0.0,2.0033281017559205e-05,2.0033281017559205e-05,0.0,0.0005284620909716309,0.0005284620909716309,0.0,0.0003,0.0003,0.0,-6.0,-6.0,0.0,0.0,0.3885714285714286,28.128571428571426,79.72857142857143,5636.922,78,Walker2d-v5,8256,Agente_4
374.04681611061096,67,274432,268.33051487179034,915.4198373872496,39.49326747084868,188.15,1433,0.013378087135862844,-6.0,0.99,2.0033281017559205e-05,0.0005284620909716309,0.0003,-80.31155395507812,0.5669935345649719,-11.776321411132812,0.21161571145057678,-1.552983283996582,-6.0,2.9036190509796143,16.03957748413086,2.6868489681324634,2.7085259764171785,0.8281329009738814,0.9224905239193819,1.0,0.9224905239193819,-80.31155395507812,0.5669935345649719,-11.776321411132812,0.21161571145057678,-1.552983283996582,-6.0,79.3897705078125,161.36236572265625,-33.2183723449707,0.0,1.0,0.0,0.0,0.0,0.0,0.0,0.0,0.0,,0.0,-6.0,1433.0,1433.0,0.0,0.013378087135862844,0.013378087135862844,0.0,2.0033281017559205e-05,2.0033281017559205e-05,0.0,0.0005284620909716309,0.0005284620909716309,0.0,0.0003,0.0003,0.0,-6.0,-6.0,0.0,0.0,0.37125,28.4,79.85,5640.132,79,Walker2d-v5,8256,Agente_4
379.58125591278076,68,278528,261.2600046562662,915.4198373872496,39.49326747084868,187.95,1433,0.013378087135862844,-6.0,0.99,2.0033281017559205e-05,0.0005284620909716309,0.0003,-84.31765747070312,0.6009020805358887,-12.173579216003418,0.20699410140514374,-1.575065016746521,-6.0,2.9554061889648438,16.9443302154541,2.7085259764171785,2.7332139976719447,0.8493200314170002,0.9128814227463566,1.0,0.9128814227463566,-84.31765747070312,0.6009020805358887,-12.173579216003418,0.20699410140514374,-1.575065016746521,-6.0,83.42698669433594,160.95013427734375,-33.810386657714844,0.0,1.0,0.0,0.0,0.0,0.0,0.0,0.0,0.0,,0.0,-6.0,1433.0,1433.0,0.0,0.013378087135862844,0.013378087135862844,0.0,2.0033281017559205e-05,2.0033281017559205e-05,0.0,0.0005284620909716309,0.0005284620909716309,0.0,0.0003,0.0003,0.0,-6.0,-6.0,0.0,0.0,0.40874999999999995,28.387500000000003,79.85,5643.268,80,Walker2d-v5,8256,Agente_4
385.22381567955017,69,282624,267.13942071722045,508.1121737865797,39.49326747084868,184.77,1433,0.013378087135862844,-6.0,0.99,2.0033281017559205e-05,0.0005284620909716309,0.0003,-83.93759155273438,0.543768048286438,-11.613058090209961,0.20244623720645905,-1.5972809791564941,-6.0,2.6030941009521484,12.885715246200562,2.7332139976719447,2.7202020079999647,0.8869900235627501,1.0,1.0,1.0,-83.93759155273438,0.543768048286438,-11.613058090209961,0.20244623720645905,-1.5972809791564941,-6.0,82.86417388916016,172.38568115234375,-23.666725158691406,0.0,1.0,0.0,0.0,0.0,0.0,0.0,0.0,0.0,,0.0,-6.0,1433.0,1433.0,0.0,0.013378087135862844,0.013378087135862844,0.0,2.0033281017559205e-05,2.0033281017559205e-05,0.0,0.0005284620909716309,0.0005284620909716309,0.0,0.0003,0.0003,0.0,-6.0,-6.0,0.0,0.0,0.44,28.771428571428572,79.84285714285714,5657.612,81,Walker2d-v5,8256,Agente_4
390.75472807884216,70,286720,278.6860647783015,547.2426865785542,32.47576687498753,190.26,1433,0.013378087135862844,-6.0,0.99,2.0033281017559205e-05,0.0005284620909716309,0.0003,-80.49311828613281,0.538750946521759,-11.50057601928711,0.19818925857543945,-1.6185328960418701,-6.0,2.765216827392578,15.10354995727539,2.7202020079999647,2.724703489939226,0.9111394772430996,0.9835878382841481,1.0,0.9835878382841481,-80.49311828613281,0.538750946521759,-11.50057601928711,0.19818925857543945,-1.6185328960418701,-6.0,79.50056457519531,164.944580078125,-34.104427337646484,0.0,1.0,0.0,0.0,0.0,0.0,0.0,0.0,0.0,,0.0,-6.0,1433.0,1433.0,0.0,0.013378087135862844,0.013378087135862844,0.0,2.0033281017559205e-05,2.0033281017559205e-05,0.0,0.0005284620909716309,0.0005284620909716309,0.0,0.0003,0.0003,0.0,-6.0,-6.0,0.0,0.0,0.32125000000000004,26.7875,80.125,5644.724,82,Walker2d-v5,8256,Agente_4
396.33751797676086,71,290816,286.5479187896241,599.7029342326815,32.47576687498753,198.8,1433,0.013378087135862844,-6.0,0.99,2.0033281017559205e-05,0.0005284620909716309,0.0003,-82.21278381347656,0.5225584506988525,-11.659248352050781,0.19402357935905457,-1.6397756338119507,-6.0,2.5454025268554688,12.700334548950195,2.724703489939226,2.7067733936308502,0.9333546079323247,1.0,1.0,1.0,-82.21278381347656,0.5225584506988525,-11.659248352050781,0.19402357935905457,-1.6397756338119507,-6.0,81.55496215820312,180.9569091796875,-40.802574157714844,0.0,1.0,0.0,0.0,0.0,0.0,0.0,0.0,0.0,,0.0,-6.0,1433.0,1433.0,0.0,0.013378087135862844,0.013378087135862844,0.0,2.0033281017559205e-05,2.0033281017559205e-05,0.0,0.0005284620909716309,0.0005284620909716309,0.0,0.0003,0.0003,0.0,-6.0,-6.0,0.0,0.0,0.28500000000000003,26.0,81.775,5644.344,83,Walker2d-v5,8256,Agente_4
401.74699568748474,72,294912,300.42777120209513,599.7029342326815,32.47576687498753,208.93,1433,0.013378087135862844,-6.0,0.99,2.0033281017559205e-05,0.0005284620909716309,0.0003,-85.09950256347656,0.48408979177474976,-11.995084762573242,0.18999221920967102,-1.6607720851898193,-6.0,2.3469791412353516,11.6958589553833,2.7067733936308502,2.6707939683913007,0.9500159559492436,1.0,1.0,1.0,-85.09950256347656,0.48408979177474976,-11.995084762573242,0.18999221920967102,-1.6607720851898193,-6.0,84.30842590332031,176.5332794189453,-38.2574462890625,0.0,1.0,0.0,0.0,0.0,0.0,0.0,0.0,0.0,,0.0,-6.0,1433.0,1433.0,0.0,0.013378087135862844,0.013378087135862844,0.0,2.0033281017559205e-05,2.0033281017559205e-05,0.0,0.0005284620909716309,0.0005284620909716309,0.0,0.0003,0.0003,0.0,-6.0,-6.0,0.0,0.0,0.27571428571428575,25.9,83.39999999999999,5638.763,84,Walker2d-v5,8256,Agente_4
407.2845425605774,73,299008,328.9239243398446,744.1595469946446,32.47576687498753,230.42,1433,0.013378087135862844,-6.0,0.99,2.0033281017559205e-05,0.0005284620909716309,0.0003,-86.25531768798828,0.6219093799591064,-11.535035133361816,0.18597795069217682,-1.6821271181106567,-6.0,2.9571456909179688,15.338953018188477,2.6707939683913007,2.699429140643968,0.9370948813863866,0.8983316576978161,1.0,0.8983316576978161,-86.25531768798828,0.6219093799591064,-11.535035133361816,0.18597795069217682,-1.6821271181106567,-6.0,85.49079895019531,167.19564819335938,-41.97088623046875,0.0,1.0,0.0,0.0,0.0,0.0,0.0,0.0,0.0,,0.0,-6.0,1433.0,1433.0,0.0,0.013378087135862844,0.013378087135862844,0.0,2.0033281017559205e-05,2.0033281017559205e-05,0.0,0.0005284620909716309,0.0005284620909716309,0.0,0.0003,0.0003,0.0,-6.0,-6.0,0.0,0.0,0.3628571428571429,25.87142857142857,83.57142857142857,5637.96,85,Walker2d-v5,8256,Agente_4
412.9366612434387,74,303104,339.4882280578338,869.8614134185137,32.47576687498753,239.65,1433,0.013378087135862844,-6.0,0.99,2.0033281017559205e-05,0.0005284620909716309,0.0003,-87.96092224121094,0.6010335683822632,-11.422273635864258,0.18213233351707458,-1.703021764755249,-6.0,3.7358455657958984,14.0454421043396,2.699429140643968,2.803070783159161,0.873114387333016,0.6811729051729042,1.0,0.6811729051729042,-87.96092224121094,0.6010335683822632,-11.422273635864258,0.18213233351707458,-1.703021764755249,-6.0,87.18336486816406,176.35733032226562,-40.314910888671875,0.0,1.0,0.0,0.0,0.0,0.0,0.0,0.0,0.0,,0.0,-6.0,1433.0,1433.0,0.0,0.013378087135862844,0.013378087135862844,0.0,2.0033281017559205e-05,2.0033281017559205e-05,0.0,0.0005284620909716309,0.0005284620909716309,0.0,0.0003,0.0003,0.0,-6.0,-6.0,0.0,0.0,0.31999999999999995,26.225,83.975,5620.115,86,Walker2d-v5,8256,Agente_4
418.5296723842621,75,307200,364.51644396963684,1019.4123968461311,32.47576687498753,265.96,1433,0.013378087135862844,-6.0,0.99,2.0033281017559205e-05,0.0005284620909716309,0.0003,-86.51118469238281,0.5742279887199402,-11.264846801757812,0.1784345954656601,-1.7235331535339355,-6.0,2.8931140899658203,13.513584613800049,2.803070783159161,2.812075113839827,0.8969326343604256,0.9683873754426544,1.0,0.9683873754426544,-86.51118469238281,0.5742279887199402,-11.264846801757812,0.1784345954656601,-1.7235331535339355,-6.0,85.92959594726562,174.11102294921875,-44.58441925048828,0.0,1.0,0.0,0.0,0.0,0.0,0.0,0.0,0.0,,0.0,-6.0,1433.0,1433.0,0.0,0.013378087135862844,0.013378087135862844,0.0,2.0033281017559205e-05,2.0033281017559205e-05,0.0,0.0005284620909716309,0.0005284620909716309,0.0,0.0003,0.0003,0.0,-6.0,-6.0,0.0,0.0,0.34625,26.2375,84.75,5628.927,87,Walker2d-v5,8256,Agente_4
424.9632387161255,76,311296,378.7927594012561,1019.4123968461311,32.47576687498753,274.4,1433,0.013378087135862844,-6.0,0.99,2.0033281017559205e-05,0.0005284620909716309,0.0003,-88.22711944580078,0.6641227006912231,-10.618608474731445,0.17484307289123535,-1.7438664436340332,-6.0,2.900491714477539,17.89231777191162,2.812075113839827,2.8209167739035985,0.9149613238466949,0.9690473923055029,1.0,0.9690473923055029,-88.22711944580078,0.6641227006912231,-10.618608474731445,0.17484307289123535,-1.7438664436340332,-6.0,86.99652099609375,192.2874298095703,-44.50205993652344,0.0,1.0,0.0,0.0,0.0,0.0,0.0,0.0,0.0,,0.0,-6.0,1433.0,1433.0,0.0,0.013378087135862844,0.013378087135862844,0.0,2.0033281017559205e-05,2.0033281017559205e-05,0.0,0.0005284620909716309,0.0005284620909716309,0.0,0.0003,0.0003,0.0,-6.0,-6.0,0.0,0.0,0.28111111111111114,26.01111111111111,85.07777777777778,5642.409,88,Walker2d-v5,8256,Agente_4
430.5278809070587,77,315392,397.7863434379777,1019.4123968461311,32.47576687498753,285.92,1433,0.013378087135862844,-6.0,0.99,2.0033281017559205e-05,0.0005284620909716309,0.0003,-84.54692840576172,0.587813138961792,-11.159717559814453,0.17132455110549927,-1.7641955614089966,-6.0,3.036892890930176,12.804957628250122,2.8209167739035985,2.8425143856062562,0.9177947750836575,0.9262951287945451,1.0,0.9262951287945451,-84.54692840576172,0.587813138961792,-11.159717559814453,0.17132455110549927,-1.7641955614089966,-6.0,83.99905395507812,210.84756469726562,-47.018280029296875,0.0,1.0,0.0,0.0,0.0,0.0,0.0,0.0,0.0,,0.0,-6.0,1433.0,1433.0,0.0,0.013378087135862844,0.013378087135862844,0.0,2.0033281017559205e-05,2.0033281017559205e-05,0.0,0.0005284620909716309,0.0005284620909716309,0.0,0.0003,0.0003,0.0,-6.0,-6.0,0.0,0.0,0.3471428571428571,25.87142857142857,85.34285714285714,5636.167,89,Walker2d-v5,8256,Agente_4
436.067622423172,78,319488,413.68990483121166,1019.4123968461311,50.80689339916244,312.61,1433,0.013378087135862844,-6.0,0.99,2.0033281017559205e-05,0.0005284620909716309,0.0003,-89.56236267089844,0.5552998781204224,-10.817017555236816,0.1677660048007965,-1.7851850986480713,-6.0,2.85589599609375,16.0342378616333,2.8425143856062562,2.8438525466550058,0.9371719314260146,0.9953034004530861,1.0,0.9953034004530861,-89.56236267089844,0.5552998781204224,-10.817017555236816,0.1677660048007965,-1.7851850986480713,-6.0,88.89303588867188,188.6759796142578,-42.789241790771484,0.0,1.0,0.0,0.0,0.0,0.0,0.0,0.0,0.0,,0.0,-6.0,1433.0,1433.0,0.0,0.013378087135862844,0.013378087135862844,0.0,2.0033281017559205e-05,2.0033281017559205e-05,0.0,0.0005284620909716309,0.0005284620909716309,0.0,0.0003,0.0003,0.0,-6.0,-6.0,0.0,0.0,0.35375,26.400000000000002,85.9625,5636.742,90,Walker2d-v5,8256,Agente_4
441.99251532554626,79,323584,429.2137642584072,1019.4123968461311,50.80689339916244,323.35,1433,0.013378087135862844,-6.0,0.99,2.0033281017559205e-05,0.0005284620909716309,0.0003,-94.03419494628906,0.5700521469116211,-11.247785568237305,0.16435374319553375,-1.8057342767715454,-6.0,3.052804946899414,12.347712516784668,2.8438525466550058,2.8647477866794464,0.9351687657551846,0.9291592687426947,1.0,0.9291592687426947,-94.03419494628906,0.5700521469116211,-11.247785568237305,0.16435374319553375,-1.8057342767715454,-6.0,93.00611877441406,189.2068328857422,-50.66267395019531,0.0,1.0,0.0,0.0,0.0,0.0,0.0,0.0,0.0,,0.0,-6.0,1433.0,1433.0,0.0,0.013378087135862844,0.013378087135862844,0.0,2.0033281017559205e-05,2.0033281017559205e-05,0.0,0.0005284620909716309,0.0005284620909716309,0.0,0.0003,0.0003,0.0,-6.0,-6.0,0.0,0.0,0.31633333333333336,24.389999999999997,86.78000000000003,5665.295,91,Walker2d-v5,8256,Agente_4
447.76574778556824,80,327680,427.9886760543002,1019.4123968461311,43.40697385292671,319.0,1433,0.013378087135862844,-6.0,0.99,2.0033281017559205e-05,0.0005284620909716309,0.0003,-87.76728820800781,0.6442272663116455,-11.127012252807617,0.16101165115833282,-1.826278567314148,-6.0,3.206867218017578,16.86719036102295,2.8647477866794464,2.8989597298132597,0.923234453829495,0.8874315180524261,1.0,0.8874315180524261,-87.76728820800781,0.6442272663116455,-11.127012252807617,0.16101165115833282,-1.826278567314148,-6.0,87.10752868652344,184.94168090820312,-54.8404426574707,0.0,1.0,0.0,0.0,0.0,0.0,0.0,0.0,0.0,,0.0,-6.0,1433.0,1433.0,0.0,0.013378087135862844,0.013378087135862844,0.0,2.0033281017559205e-05,2.0033281017559205e-05,0.0,0.0005284620909716309,0.0005284620909716309,0.0,0.0003,0.0003,0.0,-6.0,-6.0,0.0,0.0,0.37,27.225,86.82500000000002,5689.562,92,Walker2d-v5,8256,Agente_4
453.39046359062195,81,331776,418.2238692592961,1019.4123968461311,43.40697385292671,316.44,1433,0.013378087135862844,-6.0,0.99,2.0033281017559205e-05,0.0005284620909716309,0.0003,-92.1069564819336,0.6206897497177124,-12.335933685302734,0.1576099693775177,-1.847631812095642,-6.0,3.3163528442382812,18.433505058288574,2.8989597298132597,2.940699041255762,0.9089020410748971,0.8659048028111035,1.0,0.8659048028111035,-92.1069564819336,0.6206897497177124,-12.335933685302734,0.1576099693775177,-1.847631812095642,-6.0,90.96257019042969,186.23194885253906,-54.35478973388672,0.0,1.0,0.0,0.0,0.0,0.0,0.0,0.0,0.0,,0.0,-6.0,1433.0,1433.0,0.0,0.013378087135862844,0.013378087135862844,0.0,2.0033281017559205e-05,2.0033281017559205e-05,0.0,0.0005284620909716309,0.0005284620909716309,0.0,0.0003,0.0003,0.0,-6.0,-6.0,0.0,0.0,0.415,27.362499999999997,86.6,5693.866,93,Walker2d-v5,8256,Agente_4
459.220183134079,82,335872,427.7262435882342,1019.4123968461311,43.40697385292671,330.86,1433,0.013378087135862844,-6.0,0.99,2.0033281017559205e-05,0.0005284620909716309,0.0003,-93.29617309570312,0.6603549122810364,-11.519111633300781,0.1543492078781128,-1.8685376644134521,-6.0,3.106962203979492,17.166444778442383,2.940699041255762,2.957325357528135,0.917934020537341,0.9450299589246723,1.0,0.9450299589246723,-93.29617309570312,0.6603549122810364,-11.519111633300781,0.1543492078781128,-1.8685376644134521,-6.0,92.19857788085938,175.1626739501953,-54.80835723876953,0.0,1.0,0.0,0.0,0.0,0.0,0.0,0.0,0.0,,0.0,-6.0,1433.0,1433.0,0.0,0.013378087135862844,0.013378087135862844,0.0,2.0033281017559205e-05,2.0033281017559205e-05,0.0,0.0005284620909716309,0.0005284620909716309,0.0,0.0003,0.0003,0.0,-6.0,-6.0,0.0,0.0,0.3375,27.8625,86.57499999999999,5736.196,94,Walker2d-v5,8256,Agente_4
464.899254322052,83,339968,418.4109474220485,1019.4123968461311,43.40697385292671,324.81,1433,0.013378087135862844,-6.0,0.99,2.0033281017559205e-05,0.0005284620909716309,0.0003,-95.16783142089844,0.6350672245025635,-10.712692260742188,0.15133969485759735,-1.8882282972335815,-6.0,3.1324996948242188,16.31944751739502,2.957325357528135,2.9748427912577435,0.9240720565180511,0.9424861644601817,1.0,0.9424861644601817,-95.16783142089844,0.6350672245025635,-10.712692260742188,0.15133969485759735,-1.8882282972335815,-6.0,94.34004974365234,177.86741638183594,-50.24385452270508,0.0,1.0,0.0,0.0,0.0,0.0,0.0,0.0,0.0,,0.0,-6.0,1433.0,1433.0,0.0,0.013378087135862844,0.013378087135862844,0.0,2.0033281017559205e-05,2.0033281017559205e-05,0.0,0.0005284620909716309,0.0005284620909716309,0.0,0.0003,0.0003,0.0,-6.0,-6.0,0.0,0.0,0.40375,28.0625,86.6875,5750.116,95,Walker2d-v5,8256,Agente_4
470.68843173980713,84,344064,432.9233979574211,1019.4123968461311,43.40697385292671,352.66,1433,0.013378087135862844,-6.0,0.99,2.0033281017559205e-05,0.0005284620909716309,0.0003,-98.66199493408203,0.703543484210968,-10.59243392944336,0.14845825731754303,-1.9074515104293823,-6.0,3.4833927154541016,16.765925884246826,2.9748427912577435,3.025697783677379,0.903769933229619,0.8428635633643228,1.0,0.8428635633643228,-98.66199493408203,0.703543484210968,-10.59243392944336,0.14845825731754303,-1.9074515104293823,-6.0,97.17155456542969,202.68162536621094,-62.69632339477539,0.0,1.0,0.0,0.0,0.0,0.0,0.0,0.0,0.0,,0.0,-6.0,1433.0,1433.0,0.0,0.013378087135862844,0.013378087135862844,0.0,2.0033281017559205e-05,2.0033281017559205e-05,0.0,0.0005284620909716309,0.0005284620909716309,0.0,0.0003,0.0003,0.0,-6.0,-6.0,0.0,0.0,0.3875,27.5625,86.65,5763.939,96,Walker2d-v5,8256,Agente_4
476.4042959213257,85,348160,406.7471716733383,992.4176353162247,43.40697385292671,335.48,1433,0.013378087135862844,-6.0,0.99,2.0033281017559205e-05,0.0005284620909716309,0.0003,-101.78386688232422,0.7061764001846313,-9.937738418579102,0.14572656154632568,-1.926023244857788,-6.0,3.520191192626953,17.88114070892334,3.025697783677379,3.0751471245723363,0.8901336824041735,0.8492249299278368,1.0,0.8492249299278368,-101.78386688232422,0.7061764001846313,-9.937738418579102,0.14572656154632568,-1.926023244857788,-6.0,100.28375244140625,193.25201416015625,-62.48861312866211,0.0,1.0,0.0,0.0,0.0,0.0,0.0,0.0,0.0,,0.0,-6.0,1433.0,1433.0,0.0,0.013378087135862844,0.013378087135862844,0.0,2.0033281017559205e-05,2.0033281017559205e-05,0.0,0.0005284620909716309,0.0005284620909716309,0.0,0.0003,0.0003,0.0,-6.0,-6.0,0.0,0.0,0.38375000000000004,28.0625,86.525,5776.136,97,Walker2d-v5,8256,Agente_4
482.59968852996826,86,352256,423.0107048047123,992.4176353162247,43.40697385292671,381.04,1433,0.013378087135862844,-6.0,0.99,2.0033281017559205e-05,0.0005284620909716309,0.0003,-104.06767272949219,0.681450366973877,-9.470600128173828,0.14314445853233337,-1.9439009428024292,-6.0,3.7174148559570312,16.486495971679688,3.0751471245723363,3.1393738977108057,0.8704779669377659,0.8115108205385435,1.0,0.8115108205385435,-104.06767272949219,0.681450366973877,-9.470600128173828,0.14314445853233337,-1.9439009428024292,-6.0,102.25462341308594,189.7816162109375,-50.03821563720703,0.0,1.0,0.0,0.0,0.0,0.0,0.0,0.0,0.0,,0.0,-6.0,1433.0,1433.0,0.0,0.013378087135862844,0.013378087135862844,0.0,2.0033281017559205e-05,2.0033281017559205e-05,0.0,0.0005284620909716309,0.0005284620909716309,0.0,0.0003,0.0003,0.0,-6.0,-6.0,0.0,0.0,0.32875,26.475,87.375,5751.994,98,Walker2d-v5,8256,Agente_4
488.14398646354675,87,356352,381.6937801559292,992.4176353162247,43.40697385292671,332.6,1433,0.013378087135862844,-6.0,0.99,2.0033281017559205e-05,0.0005284620909716309,0.0003,-108.74020385742188,0.8241159915924072,-8.12282943725586,0.14076362550258636,-1.960673213005066,-6.0,3.2087554931640625,13.866734504699707,3.1393738977108057,3.1463120572561314,0.8973939684117975,0.9781419728338924,1.0,0.9781419728338924,-108.74020385742188,0.8241159915924072,-8.12282943725586,0.14076362550258636,-1.960673213005066,-6.0,107.17469787597656,201.18397521972656,-32.496421813964844,0.0,1.0,0.0,0.0,0.0,0.0,0.0,0.0,0.0,,0.0,-6.0,1433.0,1433.0,0.0,0.013378087135862844,0.013378087135862844,0.0,2.0033281017559205e-05,2.0033281017559205e-05,0.0,0.0005284620909716309,0.0005284620909716309,0.0,0.0003,0.0003,0.0,-6.0,-6.0,0.0,0.0,0.31125,26.4375,88.0,5749.846,99,Walker2d-v5,8256,Agente_4
493.6102101802826,88,360448,396.4140253806388,992.4176353162247,62.54662923072028,344.16,1433,0.013378087135862844,-6.0,0.99,2.0033281017559205e-05,0.0005284620909716309,0.0003,-106.82536315917969,0.7259699106216431,-7.3439226150512695,0.13876087963581085,-1.9750031232833862,-6.0,3.288616180419922,14.936596870422363,3.1463120572561314,3.1605424695725106,0.9119901552380586,0.9557787157168417,1.0,0.9557787157168417,-106.82536315917969,0.7259699106216431,-7.3439226150512695,0.13876087963581085,-1.9750031232833862,-6.0,104.5123519897461,191.44430541992188,-48.51176071166992,0.0,1.0,0.0,0.0,0.0,0.0,0.0,0.0,0.0,,0.0,-6.0,1433.0,1433.0,0.0,0.013378087135862844,0.013378087135862844,0.0,2.0033281017559205e-05,2.0033281017559205e-05,0.0,0.0005284620909716309,0.0005284620909716309,0.0,0.0003,0.0003,0.0,-6.0,-6.0,0.0,0.0,0.3028571428571429,25.271428571428572,88.14285714285714,5742.422,100,Walker2d-v5,8256,Agente_4
499.3060026168823,89,364544,381.8441630432039,956.5137766700408,78.08916191707148,298.95,1433,0.013378087135862844,-6.0,0.99,2.0033281017559205e-05,0.0005284620909716309,0.0003,-113.39666748046875,0.8016922473907471,-7.965315818786621,0.13681700825691223,-1.9891109466552734,-6.0,3.751941680908203,15.011482238769531,3.1605424695725106,3.21968239070608,0.8913287675960855,0.8293446046701662,1.0,0.8293446046701662,-113.39666748046875,0.8016922473907471,-7.965315818786621,0.13681700825691223,-1.9891109466552734,-6.0,111.66510009765625,217.6254119873047,-55.4083137512207,0.0,1.0,0.0,0.0,0.0,0.0,0.0,0.0,0.0,,0.0,-6.0,1433.0,1433.0,0.0,0.013378087135862844,0.013378087135862844,0.0,2.0033281017559205e-05,2.0033281017559205e-05,0.0,0.0005284620909716309,0.0005284620909716309,0.0,0.0003,0.0003,0.0,-6.0,-6.0,0.0,0.0,0.33999999999999997,26.825,86.8625,5719.323,101,Walker2d-v5,8256,Agente_4
504.8483099937439,90,368640,385.9860288708275,956.5137766700408,78.08916191707148,278.75,1433,0.013378087135862844,-6.0,0.99,2.0033281017559205e-05,0.0005284620909716309,0.0003,-115.4922103881836,0.8070169687271118,-7.857012748718262,0.1349710375070572,-2.002695083618164,-6.0,3.2408809661865234,17.204866886138916,3.21968239070608,3.2218022482541246,0.9168559688375095,0.9934375725617816,1.0,0.9934375725617816,-115.4922103881836,0.8070169687271118,-7.857012748718262,0.1349710375070572,-2.002695083618164,-6.0,115.00741577148438,216.4746856689453,-57.305397033691406,0.0,1.0,0.0,0.0,0.0,0.0,0.0,0.0,0.0,,0.0,-6.0,1433.0,1433.0,0.0,0.013378087135862844,0.013378087135862844,0.0,2.0033281017559205e-05,2.0033281017559205e-05,0.0,0.0005284620909716309,0.0005284620909716309,0.0,0.0003,0.0003,0.0,-6.0,-6.0,0.0,0.0,0.365,27.75,86.30000000000001,5696.072,102,Walker2d-v5,8256,Agente_4
510.3942894935608,91,372736,376.77082516592185,956.5137766700408,179.3301353747903,240.04,1433,0.013378087135862844,-6.0,0.99,2.0033281017559205e-05,0.0005284620909716309,0.0003,-114.66915130615234,0.7938860058784485,-6.935434341430664,0.13299190998077393,-2.0174670219421387,-6.0,3.6518821716308594,16.71491527557373,3.2218022482541246,3.2648102405917983,0.9064009275710669,0.8750358037717395,1.0,0.8750358037717395,-114.66915130615234,0.7938860058784485,-6.935434341430664,0.13299190998077393,-2.0174670219421387,-6.0,113.12336730957031,204.00778198242188,-61.68794631958008,0.0,1.0,0.0,0.0,0.0,0.0,0.0,0.0,0.0,,0.0,-6.0,1433.0,1433.0,0.0,0.013378087135862844,0.013378087135862844,0.0,2.0033281017559205e-05,2.0033281017559205e-05,0.0,0.0005284620909716309,0.0005284620909716309,0.0,0.0003,0.0003,0.0,-6.0,-6.0,0.0,0.0,0.3757142857142858,28.300000000000004,86.14285714285714,5688.165,103,Walker2d-v5,8256,Agente_4
512.6742012500763,92,376832,-8.008113189619959,19.970473370476842,-18.953192048371168,15.694117647058823,422,0.005931965075433254,-6.0,0.99,0.00029284413903951645,0.0006771073676645756,0.0003,-0.32453423738479614,0.27046269178390503,-14.692465782165527,0.11888114362955093,-2.1296310424804688,-6.0,1.2729629874229431,7.364933967590332,1.65655106681348,1.6181922588744264,0.7899080964749022,1.0,1.0,1.0,-0.32453423738479614,0.27046269178390503,-14.692465782165527,0.11888114362955093,-2.1296310424804688,-6.0,0.8188991546630859,8.100510597229004,-12.282705307006836,1.0,23.0,0.0,0.0,0.0,0.0,0.0,0.0,0.0,,0.0,-6.0,422.0,422.0,0.0,0.005931965075433254,0.005931965075433254,0.0,0.00029284413903951645,0.00029284413903951645,0.0,0.0006771073676645756,0.0006771073676645756,0.0,0.0003,0.0003,0.0,-6.0,-6.0,0.0,0.0,0.35000000000000003,25.757894736842104,85.6421052631579,5466.345,104,Walker2d-v5,8256,Agente_4
518.0741539001465,93,380928,10.419727408478863,273.4689593459462,-18.953192048371168,34.28,422,0.005931965075433254,-6.0,0.99,0.00029284413903951645,0.0006771073676645756,0.0003,-2.499420404434204,0.047594163566827774,-20.18292808532715,0.11573714762926102,-2.156433582305908,-6.0,0.4665071368217468,1.657218098640442,1.6181922588744264,1.5030237466691585,0.8424310723561766,1.0,1.0,1.0,-2.499420404434204,0.047594163566827774,-20.18292808532715,0.11573714762926102,-2.156433582305908,-6.0,2.2340245246887207,7.789356231689453,-5.528174877166748,1.0,23.0,0.0,0.0,0.0,0.0,0.0,0.0,0.0,,0.0,-6.0,422.0,422.0,0.0,0.005931965075433254,0.005931965075433254,0.0,0.00029284413903951645,0.00029284413903951645,0.0,0.0006771073676645756,0.0006771073676645756,0.0,0.0003,0.0003,0.0,-6.0,-6.0,0.0,0.0,0.34750000000000003,25.424999999999997,89.35,5425.75,105,Walker2d-v5,8256,Agente_4
524.0841710567474,94,385024,45.97071516574453,342.208235876127,-18.953192048371168,67.05,422,0.005931965075433254,-6.0,0.99,0.00029284413903951645,0.0006771073676645756,0.0003,-2.856600761413574,0.028590235859155655,-20.5751953125,0.1124725416302681,-2.1850461959838867,-6.0,0.3687247633934021,1.0386276245117188,1.5030237466691585,1.3895938483415828,0.8818233042671325,1.0,1.0,1.0,-2.856600761413574,0.028590235859155655,-20.5751953125,0.1124725416302681,-2.1850461959838867,-6.0,2.5758891105651855,8.578301429748535,-5.429702281951904,1.0,23.0,0.0,0.0,0.0,0.0,0.0,0.0,0.0,,0.0,-6.0,422.0,422.0,0.0,0.005931965075433254,0.005931965075433254,0.0,0.00029284413903951645,0.00029284413903951645,0.0,0.0006771073676645756,0.0006771073676645756,0.0,0.0003,0.0003,0.0,-6.0,-6.0,0.0,0.0,0.33428571428571435,25.357142857142858,89.81428571428572,5616.998,106,Walker2d-v5,8256,Agente_4
529.3312945365906,95,389120,99.51006525303559,460.2679629715441,-18.788617665839492,103.26,422,0.005931965075433254,-6.0,0.99,0.00029284413903951645,0.0006771073676645756,0.0003,-3.592116355895996,0.020099397748708725,-20.748653411865234,0.10936564207077026,-2.2130584716796875,-6.0,0.2934454083442688,0.8989237546920776,1.3895938483415828,1.2799790043418515,0.9113674782003494,1.0,1.0,1.0,-3.592116355895996,0.020099397748708725,-20.748653411865234,0.10936564207077026,-2.2130584716796875,-6.0,3.3097798824310303,8.193150520324707,-6.813379764556885,1.0,23.0,0.0,0.0,0.0,0.0,0.0,0.0,0.0,,0.0,-6.0,422.0,422.0,0.0,0.005931965075433254,0.005931965075433254,0.0,0.00029284413903951645,0.00029284413903951645,0.0,0.0006771073676645756,0.0006771073676645756,0.0,0.0003,0.0003,0.0,-6.0,-6.0,0.0,0.0,0.3942857142857143,26.042857142857144,89.97142857142856,5521.43,107,Walker2d-v5,8256,Agente_4
534.751101732254,96,393216,129.24529050349994,460.2679629715441,-18.788617665839492,131.84,422,0.005931965075433254,-6.0,0.99,0.00029284413903951645,0.0006771073676645756,0.0003,-4.0350751876831055,0.023378802463412285,-19.287302017211914,0.10645697265863419,-2.2400143146514893,-6.0,0.3038264513015747,0.8539815247058868,1.2799790043418515,1.1823637490378238,0.933525608650262,1.0,1.0,1.0,-4.0350751876831055,0.023378802463412285,-19.287302017211914,0.10645697265863419,-2.2400143146514893,-6.0,3.8285789489746094,11.60377025604248,-5.592498779296875,1.0,23.0,0.0,0.0,0.0,0.0,0.0,0.0,0.0,,0.0,-6.0,422.0,422.0,0.0,0.005931965075433254,0.005931965075433254,0.0,0.00029284413903951645,0.00029284413903951645,0.0,0.0006771073676645756,0.0006771073676645756,0.0,0.0003,0.0003,0.0,-6.0,-6.0,0.0,0.0,0.3685714285714285,25.799999999999994,89.85714285714286,5498.661,108,Walker2d-v5,8256,Agente_4
540.2558598518372,97,397312,197.26199188212857,577.087893115866,-18.788617665839492,182.39,422,0.005931965075433254,-6.0,0.99,0.00029284413903951645,0.0006771073676645756,0.0003,-4.938284873962402,0.02353389374911785,-18.685779571533203,0.10378607362508774,-2.265423536300659,-6.0,0.300636351108551,0.9001043438911438,1.1823637490378238,1.0941910092448968,0.9501442064876965,1.0,1.0,1.0,-4.938284873962402,0.02353389374911785,-18.685779571533203,0.10378607362508774,-2.265423536300659,-6.0,4.585544586181641,11.706611633300781,-6.278835296630859,1.0,23.0,0.0,0.0,0.0,0.0,0.0,0.0,0.0,,0.0,-6.0,422.0,422.0,0.0,0.005931965075433254,0.005931965075433254,0.0,0.00029284413903951645,0.00029284413903951645,0.0,0.0006771073676645756,0.0006771073676645756,0.0,0.0003,0.0003,0.0,-6.0,-6.0,0.0,0.0,0.37125,28.1375,88.5625,5497.215,109,Walker2d-v5,8256,Agente_4
545.8940885066986,98,401408,264.451652667456,614.3786315204205,10.869572042093484,217.51,422,0.005931965075433254,-6.0,0.99,0.00029284413903951645,0.0006771073676645756,0.0003,-5.454524517059326,0.023515792563557625,-18.142433166503906,0.10132121294736862,-2.289459466934204,-6.0,0.337788462638855,1.0009243488311768,1.0941910092448968,1.0185507545842925,0.9626081548657723,1.0,1.0,1.0,-5.454524517059326,0.023515792563557625,-18.142433166503906,0.10132121294736862,-2.289459466934204,-6.0,5.14299201965332,13.233467102050781,-5.3368988037109375,1.0,23.0,0.0,0.0,0.0,0.0,0.0,0.0,0.0,,0.0,-6.0,422.0,422.0,0.0,0.005931965075433254,0.005931965075433254,0.0,0.00029284413903951645,0.00029284413903951645,0.0,0.0006771073676645756,0.0006771073676645756,0.0,0.0003,0.0003,0.0,-6.0,-6.0,0.0,0.0,0.39249999999999996,28.025,88.32499999999999,5515.994,110,Walker2d-v5,8256,Agente_4
551.3312554359436,99,405504,294.2892990700798,653.9854366043111,13.9417276418131,228.38,422,0.005931965075433254,-6.0,0.99,0.00029284413903951645,0.0006771073676645756,0.0003,-6.261337757110596,0.02723967656493187,-17.1016845703125,0.09902091324329376,-2.3124241828918457,-6.0,0.3073866367340088,1.091034471988678,1.0185507545842925,0.9474343427992641,0.9719561161493293,1.0,1.0,1.0,-6.261337757110596,0.02723967656493187,-17.1016845703125,0.09902091324329376,-2.3124241828918457,-6.0,5.953192710876465,15.248039245605469,-7.845164775848389,1.0,23.0,0.0,0.0,0.0,0.0,0.0,0.0,0.0,,0.0,-6.0,422.0,422.0,0.0,0.005931965075433254,0.005931965075433254,0.0,0.00029284413903951645,0.00029284413903951645,0.0,0.0006771073676645756,0.0006771073676645756,0.0,0.0003,0.0003,0.0,-6.0,-6.0,0.0,0.0,0.34285714285714286,27.142857142857142,88.47142857142858,5504.714,111,Walker2d-v5,8256,Agente_4
556.9759645462036,100,409600,326.6309661395312,653.9854366043111,18.55579886307782,231.69,422,0.005931965075433254,-6.0,0.99,0.00029284413903951645,0.0006771073676645756,0.0003,-7.656026840209961,0.04171837493777275,-16.99591064453125,0.09685584902763367,-2.334531545639038,-6.0,0.3250506520271301,1.3070732355117798,0.9474343427992641,0.8851959737220507,0.978967087111997,1.0,1.0,1.0,-7.656026840209961,0.04171837493777275,-16.99591064453125,0.09685584902763367,-2.334531545639038,-6.0,7.212786674499512,19.618711471557617,-6.162259578704834,1.0,23.0,0.0,0.0,0.0,0.0,0.0,0.0,0.0,,0.0,-6.0,422.0,422.0,0.0,0.005931965075433254,0.005931965075433254,0.0,0.00029284413903951645,0.00029284413903951645,0.0,0.0006771073676645756,0.0006771073676645756,0.0,0.0003,0.0003,0.0,-6.0,-6.0,0.0,0.0,0.30874999999999997,26.9125,89.41250000000001,5518.973,112,Walker2d-v5,8256,Agente_4
562.4503467082977,101,413696,352.3201146119395,653.9854366043111,18.55579886307782,230.92,422,0.005931965075433254,-6.0,0.99,0.00029284413903951645,0.0006771073676645756,0.0003,-7.812621593475342,0.03859374672174454,-17.330856323242188,0.09477294981479645,-2.356271266937256,-6.0,0.33741068840026855,1.2317821681499481,0.8851959737220507,0.8304174451898725,0.9842253153339977,1.0,1.0,1.0,-7.812621593475342,0.03859374672174454,-17.330856323242188,0.09477294981479645,-2.356271266937256,-6.0,7.503720283508301,18.403606414794922,-8.53121566772461,1.0,23.0,0.0,0.0,0.0,0.0,0.0,0.0,0.0,,0.0,-6.0,422.0,422.0,0.0,0.005931965075433254,0.005931965075433254,0.0,0.00029284413903951645,0.00029284413903951645,0.0,0.0006771073676645756,0.0006771073676645756,0.0,0.0003,0.0003,0.0,-6.0,-6.0,0.0,0.0,0.32142857142857145,26.057142857142857,90.38571428571427,5513.42,113,Walker2d-v5,8256,Agente_4
567.9917242527008,102,417792,375.9345646887648,653.9854366043111,45.98007431190489,223.58,422,0.005931965075433254,-6.0,0.99,0.00029284413903951645,0.0006771073676645756,0.0003,-8.334657669067383,0.05680440738797188,-16.741989135742188,0.09277009218931198,-2.3776309490203857,-6.0,0.3847505450248718,1.5457134246826172,0.8304174451898725,0.7858507551733724,0.9881689865004983,1.0,1.0,1.0,-8.334657669067383,0.05680440738797188,-16.741989135742188,0.09277009218931198,-2.3776309490203857,-6.0,8.053606033325195,20.835634231567383,-8.807374954223633,1.0,23.0,0.0,0.0,0.0,0.0,0.0,0.0,0.0,,0.0,-6.0,422.0,422.0,0.0,0.005931965075433254,0.005931965075433254,0.0,0.00029284413903951645,0.00029284413903951645,0.0,0.0006771073676645756,0.0006771073676645756,0.0,0.0003,0.0003,0.0,-6.0,-6.0,0.0,0.0,0.30375,25.825,90.25,5519.701,114,Walker2d-v5,8256,Agente_4
573.5956056118011,103,421888,383.4743888246626,653.9854366043111,45.98007431190489,222.8,422,0.005931965075433254,-6.0,0.99,0.00029284413903951645,0.0006771073676645756,0.0003,-9.780564308166504,0.050933681428432465,-16.724735260009766,0.09083037078380585,-2.398761510848999,-6.0,0.33862578868865967,1.5154136419296265,0.7858507551733724,0.7411282585249013,0.9911267398753738,1.0,1.0,1.0,-9.780564308166504,0.050933681428432465,-16.724735260009766,0.09083037078380585,-2.398761510848999,-6.0,9.286301612854004,22.280200958251953,-9.251416206359863,1.0,23.0,0.0,0.0,0.0,0.0,0.0,0.0,0.0,,0.0,-6.0,422.0,422.0,0.0,0.005931965075433254,0.005931965075433254,0.0,0.00029284413903951645,0.00029284413903951645,0.0,0.0006771073676645756,0.0006771073676645756,0.0,0.0003,0.0003,0.0,-6.0,-6.0,0.0,0.0,0.30428571428571427,27.142857142857142,88.92857142857143,5540.281,115,Walker2d-v5,8256,Agente_4
579.4272899627686,104,425984,400.11937364273433,653.9854366043111,68.68254852485644,223.81,422,0.005931965075433254,-6.0,0.99,0.00029284413903951645,0.0006771073676645756,0.0003,-10.588530540466309,0.07023084908723831,-16.019269943237305,0.0889294371008873,-2.419912099838257,-6.0,0.3801966905593872,2.064716875553131,0.7411282585249013,0.7050351017283498,0.9933450549065304,1.0,1.0,1.0,-10.588530540466309,0.07023084908723831,-16.019269943237305,0.0889294371008873,-2.419912099838257,-6.0,10.116524696350098,24.18879508972168,-7.461413383483887,1.0,23.0,0.0,0.0,0.0,0.0,0.0,0.0,0.0,,0.0,-6.0,422.0,422.0,0.0,0.005931965075433254,0.005931965075433254,0.0,0.00029284413903951645,0.00029284413903951645,0.0,0.0006771073676645756,0.0006771073676645756,0.0,0.0003,0.0003,0.0,-6.0,-6.0,0.0,0.0,0.375,27.7125,88.63749999999999,5522.35,116,Walker2d-v5,8256,Agente_4
586.4076969623566,105,430080,59.23053374193792,241.82536219306726,3.7270037157393663,56.125,2047,0.019999993965029716,-6.0,0.99,1.0000074325944297e-05,0.00010000000474974513,0.0003,-20.800048828125,1.4141689538955688,-6.971860408782959,0.09475959837436676,-2.356412172317505,-6.0,7.495100736618042,20.195024490356445,2.236928276081193,2.762745522134878,0.632120279858813,0.09530987770705343,1.0,0.09530987770705343,-20.800048828125,1.4141689538955688,-6.971860408782959,0.09475959837436676,-2.356412172317505,-6.0,13.848288536071777,59.06427764892578,-65.74378967285156,1.0,27.0,0.0,0.0,0.0,0.0,0.0,0.0,0.0,,0.0,-6.0,2047.0,2047.0,0.0,0.019999993965029716,0.019999993965029716,0.0,1.0000074325944297e-05,1.0000074325944297e-05,0.0,0.00010000000474974513,0.00010000000474974513,0.0,0.0003,0.0003,0.0,-6.0,-6.0,0.0,0.0,0.32222222222222224,25.42222222222222,85.52222222222223,5728.274,117,Walker2d-v5,8256,Agente_4
591.8965158462524,106,434176,16.61883800552974,318.7928488100573,-15.954082444662433,36.16778523489933,2047,0.019999993965029716,-6.0,0.99,1.0000074325944297e-05,0.00010000000474974513,0.0003,-27.833223342895508,0.5802255272865295,-2.8798441886901855,0.09413445740938187,-2.3630311489105225,-6.0,2.9716224670410156,11.110882759094238,2.762745522134878,2.783633216625492,0.7058858397169191,0.9271825192912373,1.0,0.9271825192912373,-27.833223342895508,0.5802255272865295,-2.8798441886901855,0.09413445740938187,-2.3630311489105225,-6.0,25.25087547302246,65.26907348632812,-65.95355224609375,1.0,27.0,0.0,0.0,0.0,0.0,0.0,0.0,0.0,,0.0,-6.0,2047.0,2047.0,0.0,0.019999993965029716,0.019999993965029716,0.0,1.0000074325944297e-05,1.0000074325944297e-05,0.0,0.00010000000474974513,0.00010000000474974513,0.0,0.0003,0.0003,0.0,-6.0,-6.0,0.0,0.0,0.38375,27.9875,89.0625,5602.866,118,Walker2d-v5,8256,Agente_4
597.3956782817841,107,438272,1.5946256975729225,386.08432925744756,-15.46395218329937,30.729323308270676,2047,0.019999993965029716,-6.0,0.99,1.0000074325944297e-05,0.00010000000474974513,0.0003,-31.50973892211914,0.5101894736289978,-4.87878942489624,0.0935279056429863,-2.369495391845703,-6.0,2.4208717346191406,12.348594427108765,2.783633216625492,2.7473570684248565,0.7794143797876893,1.0,1.0,1.0,-31.50973892211914,0.5101894736289978,-4.87878942489624,0.0935279056429863,-2.369495391845703,-6.0,29.870929718017578,68.96435546875,-49.87216567993164,1.0,27.0,0.0,0.0,0.0,0.0,0.0,0.0,0.0,,0.0,-6.0,2047.0,2047.0,0.0,0.019999993965029716,0.019999993965029716,0.0,1.0000074325944297e-05,1.0000074325944297e-05,0.0,0.00010000000474974513,0.00010000000474974513,0.0,0.0003,0.0003,0.0,-6.0,-6.0,0.0,0.0,0.4228571428571429,28.042857142857144,88.60000000000001,5564.863,119,Walker2d-v5,8256,Agente_4
603.0576860904694,108,442368,11.024729794431124,32.10944816481472,-3.4006261482876052,27.64788732394366,2047,0.019999993965029716,-6.0,0.99,1.0000074325944297e-05,0.00010000000474974513,0.0003,-36.6949577331543,0.4673253297805786,-3.9421768188476562,0.0927436426281929,-2.377916097640991,-6.0,2.1116647720336914,10.580161094665527,2.7473570684248565,2.68378783878574,0.834560784840767,1.0,1.0,1.0,-36.6949577331543,0.4673253297805786,-3.9421768188476562,0.0927436426281929,-2.377916097640991,-6.0,35.41352844238281,68.76407623291016,-47.49333190917969,1.0,27.0,0.0,0.0,0.0,0.0,0.0,0.0,0.0,,0.0,-6.0,2047.0,2047.0,0.0,0.019999993965029716,0.019999993965029716,0.0,1.0000074325944297e-05,1.0000074325944297e-05,0.0,0.00010000000474974513,0.00010000000474974513,0.0,0.0003,0.0003,0.0,-6.0,-6.0,0.0,0.0,0.39125,28.1,88.0375,5586.451,120,Walker2d-v5,8256,Agente_4
608.8703646659851,109,446464,30.59693100633583,250.33075861127924,-2.219513512687877,36.79,2047,0.019999993965029716,-6.0,0.99,1.0000074325944297e-05,0.00010000000474974513,0.0003,-39.249481201171875,0.4985939860343933,-6.793351173400879,0.09180478751659393,-2.3880908489227295,-6.0,2.418321132659912,11.072742938995361,2.68378783878574,2.6572411681731576,0.8759205886305752,1.0,1.0,1.0,-39.249481201171875,0.4985939860343933,-6.793351173400879,0.09180478751659393,-2.3880908489227295,-6.0,38.754417419433594,76.29203033447266,-50.02936935424805,1.0,27.0,0.0,0.0,0.0,0.0,0.0,0.0,0.0,,0.0,-6.0,2047.0,2047.0,0.0,0.019999993965029716,0.019999993965029716,0.0,1.0000074325944297e-05,1.0000074325944297e-05,0.0,0.00010000000474974513,0.00010000000474974513,0.0,0.0003,0.0003,0.0,-6.0,-6.0,0.0,0.0,0.34750000000000003,30.512500000000003,81.86250000000001,5628.936,121,Walker2d-v5,8256,Agente_4
614.8988752365112,110,450560,85.69331152170933,415.3076870299661,9.11941759649071,63.4,2047,0.019999993965029716,-6.0,0.99,1.0000074325944297e-05,0.00010000000474974513,0.0003,-42.77899169921875,0.441292941570282,-9.4616060256958,0.09037051349878311,-2.403837203979492,-6.0,1.9744177460670471,9.854736804962158,2.6572411681731576,2.5889588259625462,0.9069404414729314,1.0,1.0,1.0,-42.77899169921875,0.441292941570282,-9.4616060256958,0.09037051349878311,-2.403837203979492,-6.0,42.388824462890625,83.70832824707031,-39.83345031738281,1.0,27.0,0.0,0.0,0.0,0.0,0.0,0.0,0.0,,0.0,-6.0,2047.0,2047.0,0.0,0.019999993965029716,0.019999993965029716,0.0,1.0000074325944297e-05,1.0000074325944297e-05,0.0,0.00010000000474974513,0.00010000000474974513,0.0,0.0003,0.0003,0.0,-6.0,-6.0,0.0,0.0,0.34,29.700000000000003,77.63749999999999,5693.693,122,Walker2d-v5,8256,Agente_4
620.1985814571381,111,454656,138.39668386668538,415.3076870299661,-1.179233998404015,92.97,2047,0.019999993965029716,-6.0,0.99,1.0000074325944297e-05,0.00010000000474974513,0.0003,-42.25010681152344,0.5310831069946289,-10.939445495605469,0.08848065137863159,-2.424971342086792,-6.0,2.2353639602661133,11.143532752990723,2.5889588259625462,2.553599339392903,0.9302053311046985,1.0,1.0,1.0,-42.25010681152344,0.5310831069946289,-10.939445495605469,0.08848065137863159,-2.424971342086792,-6.0,41.74858093261719,104.8405990600586,-48.50141906738281,1.0,27.0,0.0,0.0,0.0,0.0,0.0,0.0,0.0,,0.0,-6.0,2047.0,2047.0,0.0,0.019999993965029716,0.019999993965029716,0.0,1.0000074325944297e-05,1.0000074325944297e-05,0.0,0.00010000000474974513,0.00010000000474974513,0.0,0.0003,0.0003,0.0,-6.0,-6.0,0.0,0.0,0.29714285714285715,25.828571428571426,84.24285714285715,5635.786,123,Walker2d-v5,8256,Agente_4
625.8377780914307,112,458752,186.10473082992277,415.3076870299661,-1.179233998404015,115.83,2047,0.019999993965029716,-6.0,0.99,1.0000074325944297e-05,0.00010000000474974513,0.0003,-46.75251770019531,0.47591477632522583,-11.013254165649414,0.08650597929954529,-2.4475417137145996,-6.0,1.9123420715332031,9.545697212219238,2.553599339392903,2.489473612606933,0.9476539983285239,1.0,1.0,1.0,-46.75251770019531,0.47591477632522583,-11.013254165649414,0.08650597929954529,-2.4475417137145996,-6.0,45.903160095214844,94.76824188232422,-37.784996032714844,1.0,27.0,0.0,0.0,0.0,0.0,0.0,0.0,0.0,,0.0,-6.0,2047.0,2047.0,0.0,0.019999993965029716,0.019999993965029716,0.0,1.0000074325944297e-05,1.0000074325944297e-05,0.0,0.00010000000474974513,0.00010000000474974513,0.0,0.0003,0.0003,0.0,-6.0,-6.0,0.0,0.0,0.3125,27.675,88.7375,5634.692,124,Walker2d-v5,8256,Agente_4
631.439432144165,113,462848,240.16844674321544,592.1462885655524,-1.179233998404015,146.73,2047,0.019999993965029716,-6.0,0.99,1.0000074325944297e-05,0.00010000000474974513,0.0003,-49.17704772949219,0.4922419786453247,-11.097535133361816,0.0847567468881607,-2.4679698944091797,-6.0,1.8569321632385254,14.040716648101807,2.489473612606933,2.4262194676700926,0.960740498746393,1.0,1.0,1.0,-49.17704772949219,0.4922419786453247,-11.097535133361816,0.0847567468881607,-2.4679698944091797,-6.0,48.09926223754883,95.11361694335938,-43.96774673461914,1.0,27.0,0.0,0.0,0.0,0.0,0.0,0.0,0.0,,0.0,-6.0,2047.0,2047.0,0.0,0.019999993965029716,0.019999993965029716,0.0,1.0000074325944297e-05,1.0000074325944297e-05,0.0,0.00010000000474974513,0.00010000000474974513,0.0,0.0003,0.0003,0.0,-6.0,-6.0,0.0,0.0,0.4,27.975,88.6625,5629.802,125,Walker2d-v5,8256,Agente_4
636.9012517929077,114,466944,277.956196986826,592.1462885655524,-1.179233998404015,166.7,2047,0.019999993965029716,-6.0,0.99,1.0000074325944297e-05,0.00010000000474974513,0.0003,-51.8812141418457,0.4656742215156555,-10.965471267700195,0.08315229415893555,-2.487081527709961,-6.0,2.200603485107422,10.400711059570312,2.4262194676700926,2.4036578694138258,0.9705553740597948,1.0,1.0,1.0,-51.8812141418457,0.4656742215156555,-10.965471267700195,0.08315229415893555,-2.487081527709961,-6.0,50.529144287109375,95.63516235351562,-53.7207145690918,1.0,27.0,0.0,0.0,0.0,0.0,0.0,0.0,0.0,,0.0,-6.0,2047.0,2047.0,0.0,0.019999993965029716,0.019999993965029716,0.0,1.0000074325944297e-05,1.0000074325944297e-05,0.0,0.00010000000474974513,0.00010000000474974513,0.0,0.0003,0.0003,0.0,-6.0,-6.0,0.0,0.0,0.33375,25.7,89.1375,5611.645,126,Walker2d-v5,8256,Agente_4
642.3717086315155,115,471040,289.8349447675043,592.1462885655524,-1.179233998404015,179.33,2047,0.019999993965029716,-6.0,0.99,1.0000074325944297e-05,0.00010000000474974513,0.0003,-53.655364990234375,0.5333068370819092,-10.050037384033203,0.0816342756152153,-2.5055060386657715,-6.0,1.9092187881469727,12.174827575683594,2.4036578694138258,2.3542139612871407,0.9779165305448461,1.0,1.0,1.0,-53.655364990234375,0.5333068370819092,-10.050037384033203,0.0816342756152153,-2.5055060386657715,-6.0,52.80746841430664,120.14894104003906,-50.98487091064453,1.0,27.0,0.0,0.0,0.0,0.0,0.0,0.0,0.0,,0.0,-6.0,2047.0,2047.0,0.0,0.019999993965029716,0.019999993965029716,0.0,1.0000074325944297e-05,1.0000074325944297e-05,0.0,0.00010000000474974513,0.00010000000474974513,0.0,0.0003,0.0003,0.0,-6.0,-6.0,0.0,0.0,0.3628571428571429,26.057142857142857,89.51428571428572,5584.802,127,Walker2d-v5,8256,Agente_4
647.9753701686859,116,475136,300.9491387636405,619.9118928088741,-1.179233998404015,196.96,2047,0.019999993965029716,-6.0,0.99,1.0000074325944297e-05,0.00010000000474974513,0.0003,-59.268035888671875,0.5921681523323059,-10.006404876708984,0.08004029095172882,-2.5252251625061035,-6.0,2.5495710372924805,10.02125597000122,2.3542139612871407,2.3737496688876747,0.9635293573877608,0.9203678379165048,1.0,0.9203678379165048,-59.268035888671875,0.5921681523323059,-10.006404876708984,0.08004029095172882,-2.5252251625061035,-6.0,58.312095642089844,108.89218139648438,-32.87285232543945,1.0,27.0,0.0,0.0,0.0,0.0,0.0,0.0,0.0,,0.0,-6.0,2047.0,2047.0,0.0,0.019999993965029716,0.019999993965029716,0.0,1.0000074325944297e-05,1.0000074325944297e-05,0.0,0.00010000000474974513,0.00010000000474974513,0.0,0.0003,0.0003,0.0,-6.0,-6.0,0.0,0.0,0.325,26.0375,90.15,5596.417,128,Walker2d-v5,8256,Agente_4
653.4786534309387,117,479232,309.0085110277991,619.9118928088741,46.72221989828114,204.78,2047,0.019999993965029716,-6.0,0.99,1.0000074325944297e-05,0.00010000000474974513,0.0003,-62.292320251464844,0.5617263913154602,-10.302976608276367,0.07836279273033142,-2.5464060306549072,-6.0,2.0959300994873047,10.09537410736084,2.3737496688876747,2.3459677119476376,0.9726470180408207,1.0,1.0,1.0,-62.292320251464844,0.5617263913154602,-10.302976608276367,0.07836279273033142,-2.5464060306549072,-6.0,61.266510009765625,115.79376220703125,-15.060276985168457,1.0,27.0,0.0,0.0,0.0,0.0,0.0,0.0,0.0,,0.0,-6.0,2047.0,2047.0,0.0,0.019999993965029716,0.019999993965029716,0.0,1.0000074325944297e-05,1.0000074325944297e-05,0.0,0.00010000000474974513,0.00010000000474974513,0.0,0.0003,0.0003,0.0,-6.0,-6.0,0.0,0.0,0.3742857142857143,26.771428571428572,88.92857142857143,5596.727,129,Walker2d-v5,8256,Agente_4
658.9126148223877,118,483328,332.00372707990914,789.4586849138069,46.72221989828114,234.4,2047,0.019999993965029716,-6.0,0.99,1.0000074325944297e-05,0.00010000000474974513,0.0003,-64.0701904296875,0.631466269493103,-11.445517539978027,0.07667658478021622,-2.5681588649749756,-6.0,1.956517219543457,14.188053131103516,2.3459677119476376,2.3070226627072197,0.9794852635306155,1.0,1.0,1.0,-64.0701904296875,0.631466269493103,-11.445517539978027,0.07667658478021622,-2.5681588649749756,-6.0,63.055397033691406,113.20220947265625,-33.56578826904297,1.0,27.0,0.0,0.0,0.0,0.0,0.0,0.0,0.0,,0.0,-6.0,2047.0,2047.0,0.0,0.019999993965029716,0.019999993965029716,0.0,1.0000074325944297e-05,1.0000074325944297e-05,0.0,0.00010000000474974513,0.00010000000474974513,0.0,0.0003,0.0003,0.0,-6.0,-6.0,0.0,0.0,0.34625,28.0375,88.1875,5573.742,130,Walker2d-v5,8256,Agente_4
664.3616185188293,119,487424,335.620718284845,1069.762019371646,26.672264790730917,253.23,2047,0.019999993965029716,-6.0,0.99,1.0000074325944297e-05,0.00010000000474974513,0.0003,-64.38251495361328,0.6391799449920654,-9.633283615112305,0.07512133568525314,-2.588650703430176,-6.0,2.360629081726074,10.922285318374634,2.3070226627072197,2.312383304609105,0.9788718713605628,0.9770316948504046,1.0,0.9770316948504046,-64.38251495361328,0.6391799449920654,-9.633283615112305,0.07512133568525314,-2.588650703430176,-6.0,63.547325134277344,117.74919128417969,-48.66874694824219,1.0,27.0,0.0,0.0,0.0,0.0,0.0,0.0,0.0,,0.0,-6.0,2047.0,2047.0,0.0,0.019999993965029716,0.019999993965029716,0.0,1.0000074325944297e-05,1.0000074325944297e-05,0.0,0.00010000000474974513,0.00010000000474974513,0.0,0.0003,0.0003,0.0,-6.0,-6.0,0.0,0.0,0.40142857142857136,28.571428571428573,87.94285714285714,5537.685,131,Walker2d-v5,8256,Agente_4
670.1449992656708,120,491520,339.03680134397837,1069.762019371646,26.672264790730917,258.72,2047,0.019999993965029716,-6.0,0.99,1.0000074325944297e-05,0.00010000000474974513,0.0003,-65.92498779296875,0.5404253602027893,-6.603400707244873,0.07374224811792374,-2.6071794033050537,-6.0,1.9632408618927002,11.095260620117188,2.312383304609105,2.2774690603374648,0.9841539035204221,1.0,1.0,1.0,-65.92498779296875,0.5404253602027893,-6.603400707244873,0.07374224811792374,-2.6071794033050537,-6.0,65.04954528808594,152.02162170410156,-44.69932174682617,1.0,27.0,0.0,0.0,0.0,0.0,0.0,0.0,0.0,,0.0,-6.0,2047.0,2047.0,0.0,0.019999993965029716,0.019999993965029716,0.0,1.0000074325944297e-05,1.0000074325944297e-05,0.0,0.00010000000474974513,0.00010000000474974513,0.0,0.0003,0.0003,0.0,-6.0,-6.0,0.0,0.0,0.405,27.987499999999997,87.98750000000001,5513.149,132,Walker2d-v5,8256,Agente_4
675.9247167110443,121,495616,338.615951300605,1069.762019371646,26.672264790730917,261.68,2047,0.019999993965029716,-6.0,0.99,1.0000074325944297e-05,0.00010000000474974513,0.0003,-70.17520141601562,0.7477582097053528,-8.378435134887695,0.07249604910612106,-2.624223232269287,-6.0,2.3700151443481445,19.109222412109375,2.2774690603374648,2.286723668738533,0.9781601926489034,0.9601790600343476,1.0,0.9601790600343476,-70.17520141601562,0.7477582097053528,-8.378435134887695,0.07249604910612106,-2.624223232269287,-6.0,69.20026397705078,136.08297729492188,-28.422754287719727,1.0,27.0,0.0,0.0,0.0,0.0,0.0,0.0,0.0,,0.0,-6.0,2047.0,2047.0,0.0,0.019999993965029716,0.019999993965029716,0.0,1.0000074325944297e-05,1.0000074325944297e-05,0.0,0.00010000000474974513,0.00010000000474974513,0.0,0.0003,0.0003,0.0,-6.0,-6.0,0.0,0.0,0.40125,27.825,87.9625,5561.134,133,Walker2d-v5,8256,Agente_4
681.4743883609772,122,499712,338.615951300605,1069.762019371646,26.672264790730917,261.68,2047,0.019999993965029716,-6.0,0.99,1.0000074325944297e-05,0.00010000000474974513,0.0003,-70.18084716796875,0.5692269802093506,-9.485376358032227,0.07125084102153778,-2.6415486335754395,-6.0,2.3876304626464844,11.491425037384033,2.286723668738533,2.2968143481293284,0.9728281972491178,0.9568322110497612,1.0,0.9568322110497612,-70.18084716796875,0.5692269802093506,-9.485376358032227,0.07125084102153778,-2.6415486335754395,-6.0,69.56251525878906,120.67671966552734,-56.6424560546875,1.0,27.0,0.0,0.0,0.0,0.0,0.0,0.0,0.0,,0.0,-6.0,2047.0,2047.0,0.0,0.019999993965029716,0.019999993965029716,0.0,1.0000074325944297e-05,1.0000074325944297e-05,0.0,0.00010000000474974513,0.00010000000474974513,0.0,0.0003,0.0003,0.0,-6.0,-6.0,0.0,0.0,0.38,27.9625,88.07499999999999,5552.036,134,Walker2d-v5,8256,Agente_4
686.7356495857239,123,503808,343.76581279496526,1069.762019371646,26.672264790730917,266.53,2047,0.019999993965029716,-6.0,0.99,1.0000074325944297e-05,0.00010000000474974513,0.0003,-74.3425064086914,0.6954835653305054,-8.047772407531738,0.07003990560770035,-2.6586902141571045,-6.0,2.509889602661133,13.29369068145752,2.2968143481293284,2.318121873582509,0.9574719448319392,0.9114031875804031,1.0,0.9114031875804031,-74.3425064086914,0.6954835653305054,-8.047772407531738,0.07003990560770035,-2.6586902141571045,-6.0,73.44587707519531,132.71678161621094,-55.80451202392578,1.0,27.0,0.0,0.0,0.0,0.0,0.0,0.0,0.0,,0.0,-6.0,2047.0,2047.0,0.0,0.019999993965029716,0.019999993965029716,0.0,1.0000074325944297e-05,1.0000074325944297e-05,0.0,0.00010000000474974513,0.00010000000474974513,0.0,0.0003,0.0003,0.0,-6.0,-6.0,0.0,0.0,0.36857142857142866,27.314285714285717,87.95714285714284,5517.959,135,Walker2d-v5,8256,Agente_4
692.193742275238,124,507904,360.4604186359651,1069.762019371646,26.672264790730917,291.37,2047,0.019999993965029716,-6.0,0.99,1.0000074325944297e-05,0.00010000000474974513,0.0003,-75.31765747070312,0.8498830795288086,-7.914076805114746,0.06876683235168457,-2.6770336627960205,-6.0,2.902242660522461,55.79656410217285,2.318121873582509,2.376533952276504,0.9124189938023004,0.777260140713384,1.0,0.777260140713384,-75.31765747070312,0.8498830795288086,-7.914076805114746,0.06876683235168457,-2.6770336627960205,-6.0,74.6075668334961,141.1136932373047,-58.89469909667969,1.0,27.0,0.0,0.0,0.0,0.0,0.0,0.0,0.0,,0.0,-6.0,2047.0,2047.0,0.0,0.019999993965029716,0.019999993965029716,0.0,1.0000074325944297e-05,1.0000074325944297e-05,0.0,0.00010000000474974513,0.00010000000474974513,0.0,0.0003,0.0003,0.0,-6.0,-6.0,0.0,0.0,0.41875,28.275,87.8,5517.954,136,Walker2d-v5,8256,Agente_4
699.027755022049,125,512000,373.40737397797426,1069.762019371646,26.672264790730917,307.02,2047,0.019999993965029716,-6.0,0.99,1.0000074325944297e-05,0.00010000000474974513,0.0003,-74.96897888183594,0.7563517093658447,-10.158819198608398,0.0674656331539154,-2.696136951446533,-6.0,2.636805534362793,18.70043182373047,2.376533952276504,2.402561110485133,0.9083809110756147,0.8962666628955576,1.0,0.8962666628955576,-74.96897888183594,0.7563517093658447,-10.158819198608398,0.0674656331539154,-2.696136951446533,-6.0,74.10863494873047,147.52310180664062,-46.676883697509766,1.0,27.0,0.0,0.0,0.0,0.0,0.0,0.0,0.0,,0.0,-6.0,2047.0,2047.0,0.0,0.019999993965029716,0.019999993965029716,0.0,1.0000074325944297e-05,1.0000074325944297e-05,0.0,0.00010000000474974513,0.00010000000474974513,0.0,0.0003,0.0003,0.0,-6.0,-6.0,0.0,0.0,0.3325,31.387499999999996,79.7,5654.047,137,Walker2d-v5,8256,Agente_4
704.475423336029,126,516096,438.78872899535514,1069.762019371646,26.672264790730917,397.03,2047,0.019999993965029716,-6.0,0.99,1.0000074325944297e-05,0.00010000000474974513,0.0003,-77.35220336914062,0.5732316374778748,-9.872297286987305,0.06615445017814636,-2.7157630920410156,-6.0,2.5193004608154297,12.467129707336426,2.402561110485133,2.4142350455181627,0.9194286937875117,0.9525720419232028,1.0,0.9525720419232028,-77.35220336914062,0.5732316374778748,-9.872297286987305,0.06615445017814636,-2.7157630920410156,-6.0,76.64453125,157.9612274169922,-8.37494945526123,1.0,27.0,0.0,0.0,0.0,0.0,0.0,0.0,0.0,,0.0,-6.0,2047.0,2047.0,0.0,0.019999993965029716,0.019999993965029716,0.0,1.0000074325944297e-05,1.0000074325944297e-05,0.0,0.00010000000474974513,0.00010000000474974513,0.0,0.0003,0.0003,0.0,-6.0,-6.0,0.0,0.0,0.33375,27.2125,78.92500000000001,5638.095,138,Walker2d-v5,8256,Agente_4
710.1233508586884,127,520192,500.63239701841434,1069.762019371646,26.672264790730917,478.66,2047,0.019999993965029716,-6.0,0.99,1.0000074325944297e-05,0.00010000000474974513,0.0003,-75.87861633300781,0.7824149131774902,-9.152948379516602,0.06484026461839676,-2.735828399658203,-6.0,2.5729503631591797,18.059040069580078,2.4142350455181627,2.4301065772822645,0.9236647539333824,0.936372934370995,1.0,0.936372934370995,-75.87861633300781,0.7824149131774902,-9.152948379516602,0.06484026461839676,-2.735828399658203,-6.0,74.74455261230469,154.30657958984375,-65.42391967773438,1.0,27.0,0.0,0.0,0.0,0.0,0.0,0.0,0.0,,0.0,-6.0,2047.0,2047.0,0.0,0.019999993965029716,0.019999993965029716,0.0,1.0000074325944297e-05,1.0000074325944297e-05,0.0,0.00010000000474974513,0.00010000000474974513,0.0,0.0003,0.0003,0.0,-6.0,-6.0,0.0,0.0,0.3625,26.4,86.4375,5652.37,139,Walker2d-v5,8256,Agente_4
715.6874923706055,128,524288,529.1541944303684,1069.762019371646,26.672264790730917,510.76,2047,0.019999993965029716,-6.0,0.99,1.0000074325944297e-05,0.00010000000474974513,0.0003,-79.19586181640625,0.7165365219116211,-9.539386749267578,0.06356369704008102,-2.7557127475738525,-6.0,2.2972307205200195,17.576127529144287,2.4301065772822645,2.41681899160604,0.9427485654500368,1.0,1.0,1.0,-79.19586181640625,0.7165365219116211,-9.539386749267578,0.06356369704008102,-2.7557127475738525,-6.0,78.50702667236328,184.07078552246094,-36.384437561035156,1.0,27.0,0.0,0.0,0.0,0.0,0.0,0.0,0.0,,0.0,-6.0,2047.0,2047.0,0.0,0.019999993965029716,0.019999993965029716,0.0,1.0000074325944297e-05,1.0000074325944297e-05,0.0,0.00010000000474974513,0.00010000000474974513,0.0,0.0003,0.0003,0.0,-6.0,-6.0,0.0,0.0,0.34714285714285714,28.17142857142857,89.07142857142857,5665.474,140,Walker2d-v5,8256,Agente_4
721.4697170257568,129,528384,520.4509429345579,1069.762019371646,26.672264790730917,503.49,2047,0.019999993965029716,-6.0,0.99,1.0000074325944297e-05,0.00010000000474974513,0.0003,-80.24244689941406,0.7290033102035522,-8.122522354125977,0.06233527511358261,-2.7752277851104736,-6.0,2.645026206970215,13.397305488586426,2.41681899160604,2.4396397131424576,0.9345355050794998,0.9098963239678887,1.0,0.9098963239678887,-80.24244689941406,0.7290033102035522,-8.122522354125977,0.06233527511358261,-2.7752277851104736,-6.0,79.37467956542969,143.7808074951172,-50.46592712402344,1.0,27.0,0.0,0.0,0.0,0.0,0.0,0.0,0.0,,0.0,-6.0,2047.0,2047.0,0.0,0.019999993965029716,0.019999993965029716,0.0,1.0000074325944297e-05,1.0000074325944297e-05,0.0,0.00010000000474974513,0.00010000000474974513,0.0,0.0003,0.0003,0.0,-6.0,-6.0,0.0,0.0,0.37374999999999997,28.425,88.525,5698.709,141,Walker2d-v5,8256,Agente_4
727.1298413276672,130,532480,513.8906860446858,1069.762019371646,14.85250061075833,494.74,2047,0.019999993965029716,-6.0,0.99,1.0000074325944297e-05,0.00010000000474974513,0.0003,-85.23810577392578,0.6918516755104065,-8.400372505187988,0.06122197210788727,-2.7932491302490234,-6.0,2.627595901489258,12.21530818939209,2.4396397131424576,2.4584353319771375,0.932364232547022,0.9258504149495889,1.0,0.9258504149495889,-85.23810577392578,0.6918516755104065,-8.400372505187988,0.06122197210788727,-2.7932491302490234,-6.0,84.21446228027344,178.61709594726562,-19.507617950439453,1.0,27.0,0.0,0.0,0.0,0.0,0.0,0.0,0.0,,0.0,-6.0,2047.0,2047.0,0.0,0.019999993965029716,0.019999993965029716,0.0,1.0000074325944297e-05,1.0000074325944297e-05,0.0,0.00010000000474974513,0.00010000000474974513,0.0,0.0003,0.0003,0.0,-6.0,-6.0,0.0,0.0,0.36375,28.1875,88.35,5686.46,142,Walker2d-v5,8256,Agente_4
732.7714908123016,131,536576,524.9440315657107,1099.4380551517233,14.85250061075833,518.29,2047,0.019999993965029716,-6.0,0.99,1.0000074325944297e-05,0.00010000000474974513,0.0003,-87.71809387207031,0.6510254144668579,-7.487321376800537,0.060188278555870056,-2.8102777004241943,-6.0,2.5501108169555664,13.175121784210205,2.4584353319771375,2.4676028804749803,0.9401223106052005,0.9633965447797358,1.0,0.9633965447797358,-87.71809387207031,0.6510254144668579,-7.487321376800537,0.060188278555870056,-2.8102777004241943,-6.0,86.69967651367188,177.63027954101562,-48.594974517822266,1.0,27.0,0.0,0.0,0.0,0.0,0.0,0.0,0.0,,0.0,-6.0,2047.0,2047.0,0.0,0.019999993965029716,0.019999993965029716,0.0,1.0000074325944297e-05,1.0000074325944297e-05,0.0,0.00010000000474974513,0.00010000000474974513,0.0,0.0003,0.0003,0.0,-6.0,-6.0,0.0,0.0,0.2624,25.059999999999995,89.964,5672.555,143,Walker2d-v5,8256,Agente_4
738.1865384578705,132,540672,528.3647544160666,1099.4380551517233,14.85250061075833,522.49,2047,0.019999993965029716,-6.0,0.99,1.0000074325944297e-05,0.00010000000474974513,0.0003,-86.678466796875,0.7284976243972778,-8.585701942443848,0.05916161090135574,-2.8274824619293213,-6.0,2.9049549102783203,13.424846649169922,2.4676028804749803,2.5113380834553145,0.9144869203896625,0.8375807497430486,1.0,0.8375807497430486,-86.678466796875,0.7284976243972778,-8.585701942443848,0.05916161090135574,-2.8274824619293213,-6.0,85.70598602294922,163.52748107910156,-47.80630111694336,1.0,27.0,0.0,0.0,0.0,0.0,0.0,0.0,0.0,,0.0,-6.0,2047.0,2047.0,0.0,0.019999993965029716,0.019999993965029716,0.0,1.0000074325944297e-05,1.0000074325944297e-05,0.0,0.00010000000474974513,0.00010000000474974513,0.0,0.0003,0.0003,0.0,-6.0,-6.0,0.0,0.0,0.45,28.25,88.51249999999999,5659.345,144,Walker2d-v5,8256,Agente_4
743.6720476150513,133,544768,533.4251669734414,1099.4380551517233,14.85250061075833,528.42,2047,0.019999993965029716,-6.0,0.99,1.0000074325944297e-05,0.00010000000474974513,0.0003,-88.3464584350586,0.7686010003089905,-6.44539737701416,0.058206379413604736,-2.8437602519989014,-6.0,3.003925323486328,11.84084415435791,2.5113380834553145,2.560596807458416,0.8913383861129327,0.821892783282743,1.0,0.821892783282743,-88.3464584350586,0.7686010003089905,-6.44539737701416,0.058206379413604736,-2.8437602519989014,-6.0,87.5561294555664,172.2085418701172,-53.451873779296875,1.0,27.0,0.0,0.0,0.0,0.0,0.0,0.0,0.0,,0.0,-6.0,2047.0,2047.0,0.0,0.019999993965029716,0.019999993965029716,0.0,1.0000074325944297e-05,1.0000074325944297e-05,0.0,0.00010000000474974513,0.00010000000474974513,0.0,0.0003,0.0003,0.0,-6.0,-6.0,0.0,0.0,0.37142857142857144,28.2,88.45714285714284,5681.511,145,Walker2d-v5,8256,Agente_4
749.1972780227661,134,548864,585.7273262244934,1099.4380551517233,14.85250061075833,580.1,2047,0.019999993965029716,-6.0,0.99,1.0000074325944297e-05,0.00010000000474974513,0.0003,-89.99068450927734,0.8293440341949463,-6.467985153198242,0.05732469633221626,-2.8590238094329834,-6.0,2.8241424560546875,17.474651336669922,2.560596807458416,2.586951372318043,0.8940527822081926,0.9021959704939726,1.0,0.9021959704939726,-89.99068450927734,0.8293440341949463,-6.467985153198242,0.05732469633221626,-2.8590238094329834,-6.0,88.90461730957031,157.01235961914062,-57.132301330566406,1.0,27.0,0.0,0.0,0.0,0.0,0.0,0.0,0.0,,0.0,-6.0,2047.0,2047.0,0.0,0.019999993965029716,0.019999993965029716,0.0,1.0000074325944297e-05,1.0000074325944297e-05,0.0,0.00010000000474974513,0.00010000000474974513,0.0,0.0003,0.0003,0.0,-6.0,-6.0,0.0,0.0,0.39,26.65,88.3875,5688.029,146,Walker2d-v5,8256,Agente_4
754.5644347667694,135,552960,567.7763100730828,1099.4380551517233,14.85250061075833,559.56,2047,0.019999993965029716,-6.0,0.99,1.0000074325944297e-05,0.00010000000474974513,0.0003,-92.1885986328125,0.8122288584709167,-5.540565490722656,0.05655144155025482,-2.8726046085357666,-6.0,2.896688461303711,13.14655876159668,2.586951372318043,2.61792508121661,0.8923294518789681,0.8871594608912946,1.0,0.8871594608912946,-92.1885986328125,0.8122288584709167,-5.540565490722656,0.05655144155025482,-2.8726046085357666,-6.0,91.10370635986328,181.698486328125,-62.252254486083984,1.0,27.0,0.0,0.0,0.0,0.0,0.0,0.0,0.0,,0.0,-6.0,2047.0,2047.0,0.0,0.019999993965029716,0.019999993965029716,0.0,1.0000074325944297e-05,1.0000074325944297e-05,0.0,0.00010000000474974513,0.00010000000474974513,0.0,0.0003,0.0003,0.0,-6.0,-6.0,0.0,0.0,0.4328571428571429,27.857142857142858,88.39999999999999,5541.24,147,Walker2d-v5,8256,Agente_4
760.1379482746124,136,557056,531.8036502832234,1099.4380551517233,14.85250061075833,517.76,2047,0.019999993965029716,-6.0,0.99,1.0000074325944297e-05,0.00010000000474974513,0.0003,-94.77915954589844,1.0234994888305664,-5.287295341491699,0.055721621960401535,-2.8873870372772217,-6.0,3.704944610595703,18.847091674804688,2.61792508121661,2.7266270341545193,0.8342955503829939,0.6601938458950712,1.0,0.6601938458950712,-94.77915954589844,1.0234994888305664,-5.287295341491699,0.055721621960401535,-2.8873870372772217,-6.0,94.0391616821289,192.73635864257812,-42.461856842041016,1.0,27.0,0.0,0.0,0.0,0.0,0.0,0.0,0.0,,0.0,-6.0,2047.0,2047.0,0.0,0.019999993965029716,0.019999993965029716,0.0,1.0000074325944297e-05,1.0000074325944297e-05,0.0,0.00010000000474974513,0.00010000000474974513,0.0,0.0003,0.0003,0.0,-6.0,-6.0,0.0,0.0,0.37625,28.275,88.425,5554.053,148,Walker2d-v5,8256,Agente_4
765.5904099941254,137,561152,489.61192657041056,1099.4380551517233,14.85250061075833,466.77,2047,0.019999993965029716,-6.0,0.99,1.0000074325944297e-05,0.00010000000474974513,0.0003,-93.36672973632812,0.8414146900177002,-7.139064788818359,0.054837338626384735,-2.90338397026062,-6.0,3.021615982055664,16.162885665893555,2.7266270341545193,2.7561259289446336,0.8500863270657999,0.8974586571142178,1.0,0.8974586571142178,-93.36672973632812,0.8414146900177002,-7.139064788818359,0.054837338626384735,-2.90338397026062,-6.0,92.37098693847656,191.8583221435547,-3.7721331119537354,1.0,27.0,0.0,0.0,0.0,0.0,0.0,0.0,0.0,,0.0,-6.0,2047.0,2047.0,0.0,0.019999993965029716,0.019999993965029716,0.0,1.0000074325944297e-05,1.0000074325944297e-05,0.0,0.00010000000474974513,0.00010000000474974513,0.0,0.0003,0.0003,0.0,-6.0,-6.0,0.0,0.0,0.3828571428571429,26.485714285714288,87.60000000000001,5534.575,149,Walker2d-v5,8256,Agente_4
771.4774904251099,138,565248,456.84144259741134,1099.4380551517233,14.85250061075833,428.83,2047,0.019999993965029716,-6.0,0.99,1.0000074325944297e-05,0.00010000000474974513,0.0003,-94.58609771728516,0.7599259614944458,-6.83460807800293,0.05400145426392555,-2.9187443256378174,-6.0,2.8951778411865234,16.063857555389404,2.7561259289446336,2.7700311201688224,0.875264650900515,0.9507996224046602,1.0,0.9507996224046602,-94.58609771728516,0.7599259614944458,-6.83460807800293,0.05400145426392555,-2.9187443256378174,-6.0,93.93626403808594,184.7873077392578,-75.05754089355469,1.0,27.0,0.0,0.0,0.0,0.0,0.0,0.0,0.0,,0.0,-6.0,2047.0,2047.0,0.0,0.019999993965029716,0.019999993965029716,0.0,1.0000074325944297e-05,1.0000074325944297e-05,0.0,0.00010000000474974513,0.00010000000474974513,0.0,0.0003,0.0003,0.0,-6.0,-6.0,0.0,0.0,0.35000000000000003,32.8,76.55,5566.849,150,Walker2d-v5,8256,Agente_4
776.9975230693817,139,569344,413.58773642136936,1099.4380551517233,14.85250061075833,385.89,2047,0.019999993965029716,-6.0,0.99,1.0000074325944297e-05,0.00010000000474974513,0.0003,-96.90131378173828,0.7112175822257996,-5.442141056060791,0.05319457873702049,-2.9337987899780273,-6.0,3.0044517517089844,10.718314170837402,2.7700311201688224,2.793473183322839,0.8861621272499218,0.9188545562981422,1.0,0.9188545562981422,-96.90131378173828,0.7112175822257996,-5.442141056060791,0.05319457873702049,-2.9337987899780273,-6.0,96.00021362304688,163.1262969970703,-53.6312141418457,1.0,27.0,0.0,0.0,0.0,0.0,0.0,0.0,0.0,,0.0,-6.0,2047.0,2047.0,0.0,0.019999993965029716,0.019999993965029716,0.0,1.0000074325944297e-05,1.0000074325944297e-05,0.0,0.00010000000474974513,0.00010000000474974513,0.0,0.0003,0.0003,0.0,-6.0,-6.0,0.0,0.0,0.38125000000000003,26.0,82.175,5540.579,151,Walker2d-v5,8256,Agente_4
782.6819176673889,140,573440,378.4536525353412,1013.596154873936,13.764223601469128,369.9,2047,0.019999993965029716,-6.0,0.99,1.0000074325944297e-05,0.00010000000474974513,0.0003,-97.87640380859375,0.9064871072769165,-3.247837543487549,0.05258067324757576,-2.945406675338745,-6.0,2.9953880310058594,18.174622535705566,2.793473183322839,2.813664668091141,0.8971889752796146,0.930269519368693,1.0,0.930269519368693,-97.87640380859375,0.9064871072769165,-3.247837543487549,0.05258067324757576,-2.945406675338745,-6.0,96.4454116821289,208.83612060546875,-65.99041748046875,1.0,27.0,0.0,0.0,0.0,0.0,0.0,0.0,0.0,,0.0,-6.0,2047.0,2047.0,0.0,0.019999993965029716,0.019999993965029716,0.0,1.0000074325944297e-05,1.0000074325944297e-05,0.0,0.00010000000474974513,0.00010000000474974513,0.0,0.0003,0.0003,0.0,-6.0,-6.0,0.0,0.0,0.37875,27.200000000000003,88.4375,5543.051,152,Walker2d-v5,8256,Agente_4
788.2808468341827,141,577536,196.77613276712796,967.0752413028547,12.948846446347366,212.73,2047,0.019999993965029716,-6.0,0.99,1.0000074325944297e-05,0.00010000000474974513,0.0003,-98.14370727539062,1.0059462785720825,-2.3836870193481445,0.052169520407915115,-2.953256845474243,-6.0,3.531574249267578,18.974431037902832,2.813664668091141,2.8854556262087847,0.8665915902666357,0.774799435227699,1.0,0.774799435227699,-98.14370727539062,1.0059462785720825,-2.3836870193481445,0.052169520407915115,-2.953256845474243,-6.0,96.48123931884766,189.1607666015625,-69.63531494140625,1.0,27.0,0.0,0.0,0.0,0.0,0.0,0.0,0.0,,0.0,-6.0,2047.0,2047.0,0.0,0.019999993965029716,0.019999993965029716,0.0,1.0000074325944297e-05,1.0000074325944297e-05,0.0,0.00010000000474974513,0.00010000000474974513,0.0,0.0003,0.0003,0.0,-6.0,-6.0,0.0,0.0,0.4171428571428571,28.642857142857142,89.04285714285713,5538.894,153,Walker2d-v5,8256,Agente_4
794.528929233551,142,581632,153.3930021731148,935.9181887802275,12.226176404135945,169.74,2047,0.019999993965029716,-6.0,0.99,1.0000074325944297e-05,0.00010000000474974513,0.0003,-102.12913513183594,0.7696040868759155,-3.1341371536254883,0.05200189724564552,-2.956475019454956,-6.0,3.331523895263672,14.468310356140137,2.8854556262087847,2.9300624531142736,0.8641348665652002,0.8567646954608937,1.0,0.8567646954608937,-102.12913513183594,0.7696040868759155,-3.1341371536254883,0.05200189724564552,-2.956475019454956,-6.0,100.87405395507812,183.05406188964844,-60.45212173461914,1.0,27.0,0.0,0.0,0.0,0.0,0.0,0.0,0.0,,0.0,-6.0,2047.0,2047.0,0.0,0.019999993965029716,0.019999993965029716,0.0,1.0000074325944297e-05,1.0000074325944297e-05,0.0,0.00010000000474974513,0.00010000000474974513,0.0,0.0003,0.0003,0.0,-6.0,-6.0,0.0,0.0,0.3644444444444444,28.144444444444442,88.56666666666666,5621.799,154,Walker2d-v5,8256,Agente_4
800.0805480480194,143,585728,108.56927099437632,897.3094484122879,12.226176404135945,114.55,2047,0.019999993965029716,-6.0,0.99,1.0000074325944297e-05,0.00010000000474974513,0.0003,-104.08702087402344,0.8001915216445923,2.522284984588623,0.05208944156765938,-2.9547929763793945,-6.0,3.262777328491211,12.810111045837402,2.9300624531142736,2.9633339406519674,0.8712655627513615,0.892657651309845,1.0,0.892657651309845,-104.08702087402344,0.8001915216445923,2.522284984588623,0.05208944156765938,-2.9547929763793945,-6.0,102.76009368896484,204.59054565429688,-45.01050567626953,1.0,27.0,0.0,0.0,0.0,0.0,0.0,0.0,0.0,,0.0,-6.0,2047.0,2047.0,0.0,0.019999993965029716,0.019999993965029716,0.0,1.0000074325944297e-05,1.0000074325944297e-05,0.0,0.00010000000474974513,0.00010000000474974513,0.0,0.0003,0.0003,0.0,-6.0,-6.0,0.0,0.0,0.3685714285714286,28.028571428571432,88.35714285714286,5628.362,155,Walker2d-v5,8256,Agente_4
805.635377407074,144,589824,109.23515748898795,846.4589815899355,12.90971587172577,99.9,2047,0.019999993965029716,-6.0,0.99,1.0000074325944297e-05,0.00010000000474974513,0.0003,-105.400146484375,0.8527107238769531,3.845548629760742,0.052522897720336914,-2.9465060234069824,-6.0,3.036871910095215,15.604654312133789,2.9633339406519674,2.9706877375962923,0.897321529636468,0.9754894302917874,1.0,0.9754894302917874,-105.400146484375,0.8527107238769531,3.845548629760742,0.052522897720336914,-2.9465060234069824,-6.0,103.90042877197266,216.16754150390625,-70.25104522705078,1.0,27.0,0.0,0.0,0.0,0.0,0.0,0.0,0.0,,0.0,-6.0,2047.0,2047.0,0.0,0.019999993965029716,0.019999993965029716,0.0,1.0000074325944297e-05,1.0000074325944297e-05,0.0,0.00010000000474974513,0.00010000000474974513,0.0,0.0003,0.0003,0.0,-6.0,-6.0,0.0,0.0,0.375,28.075,88.3625,5631.405,156,Walker2d-v5,8256,Agente_4
811.0832259654999,145,593920,127.85693829025935,829.064145391948,13.730172294574034,102.4,2047,0.019999993965029716,-6.0,0.99,1.0000074325944297e-05,0.00010000000474974513,0.0003,-107.76716613769531,0.8537570238113403,8.763031959533691,0.05331757664680481,-2.9314892292022705,-6.0,3.208627700805664,17.40030288696289,2.9706877375962923,2.9944817339172296,0.9037480997182603,0.9230278099636371,1.0,0.9230278099636371,-107.76716613769531,0.8537570238113403,8.763031959533691,0.05331757664680481,-2.9314892292022705,-6.0,105.91278839111328,212.89520263671875,-68.75592803955078,1.0,27.0,0.0,0.0,0.0,0.0,0.0,0.0,0.0,,0.0,-6.0,2047.0,2047.0,0.0,0.019999993965029716,0.019999993965029716,0.0,1.0000074325944297e-05,1.0000074325944297e-05,0.0,0.00010000000474974513,0.00010000000474974513,0.0,0.0003,0.0003,0.0,-6.0,-6.0,0.0,0.0,0.43000000000000005,28.17142857142857,88.32857142857144,5639.527,157,Walker2d-v5,8256,Agente_4
816.7519562244415,146,598016,142.898847683686,829.064145391948,15.456681141944985,107.71,2047,0.019999993965029716,-6.0,0.99,1.0000074325944297e-05,0.00010000000474974513,0.0003,-114.92373657226562,0.9435988068580627,6.332569599151611,0.05446777865290642,-2.9101459980010986,-6.0,3.2341670989990234,17.62169647216797,2.9944817339172296,3.0184502704254093,0.90858038815451,0.9230772534632592,1.0,0.9230772534632592,-114.92373657226562,0.9435988068580627,6.332569599151611,0.05446777865290642,-2.9101459980010986,-6.0,113.3185043334961,224.7102813720703,-50.01710510253906,1.0,27.0,0.0,0.0,0.0,0.0,0.0,0.0,0.0,,0.0,-6.0,2047.0,2047.0,0.0,0.019999993965029716,0.019999993965029716,0.0,1.0000074325944297e-05,1.0000074325944297e-05,0.0,0.00010000000474974513,0.00010000000474974513,0.0,0.0003,0.0003,0.0,-6.0,-6.0,0.0,0.0,0.35875,27.7125,88.3375,5648.986,158,Walker2d-v5,8256,Agente_4
822.5427138805389,147,602112,167.37288379141566,675.4075696826943,17.87275061896788,119.44,2047,0.019999993965029716,-6.0,0.99,1.0000074325944297e-05,0.00010000000474974513,0.0003,-110.411865234375,0.8862877488136292,4.495832443237305,0.05555550009012222,-2.8903727531433105,-6.0,3.1613426208496094,19.704733848571777,3.0184502704254093,3.032739505467829,0.9198761434358348,0.953763409279809,1.0,0.953763409279809,-110.411865234375,0.8862877488136292,4.495832443237305,0.05555550009012222,-2.8903727531433105,-6.0,109.15902709960938,224.23654174804688,-72.84732055664062,1.0,27.0,0.0,0.0,0.0,0.0,0.0,0.0,0.0,,0.0,-6.0,2047.0,2047.0,0.0,0.019999993965029716,0.019999993965029716,0.0,1.0000074325944297e-05,1.0000074325944297e-05,0.0,0.00010000000474974513,0.00010000000474974513,0.0,0.0003,0.0003,0.0,-6.0,-6.0,0.0,0.0,0.37625,28.75,88.2,5682.863,159,Walker2d-v5,8256,Agente_4
828.1965281963348,148,606208,206.35167134249957,675.4075696826943,42.13005596794419,141.79,2047,0.019999993965029716,-6.0,0.99,1.0000074325944297e-05,0.00010000000474974513,0.0003,-113.06417846679688,0.874146580696106,3.7093255519866943,0.056446414440870285,-2.8744635581970215,-6.0,3.5214805603027344,19.00778341293335,3.032739505467829,3.0816136109513197,0.9026971467820141,0.8511601568205518,1.0,0.8511601568205518,-113.06417846679688,0.874146580696106,3.7093255519866943,0.056446414440870285,-2.8744635581970215,-6.0,112.16316986083984,230.11236572265625,-67.7313232421875,1.0,27.0,0.0,0.0,0.0,0.0,0.0,0.0,0.0,,0.0,-6.0,2047.0,2047.0,0.0,0.019999993965029716,0.019999993965029716,0.0,1.0000074325944297e-05,1.0000074325944297e-05,0.0,0.00010000000474974513,0.00010000000474974513,0.0,0.0003,0.0003,0.0,-6.0,-6.0,0.0,0.0,0.36,27.924999999999997,88.25,5659.68,160,Walker2d-v5,8256,Agente_4
833.8921885490417,149,610304,219.6092402084747,675.4075696826943,18.121443017906547,146.12,2047,0.019999993965029716,-6.0,0.99,1.0000074325944297e-05,0.00010000000474974513,0.0003,-113.52291870117188,0.9863636493682861,1.7693839073181152,0.056800056248903275,-2.868217945098877,-6.0,3.5551490783691406,17.772231101989746,3.0816136109513197,3.128967157693102,0.8914127225731947,0.8575594499467367,1.0,0.8575594499467367,-113.52291870117188,0.9863636493682861,1.7693839073181152,0.056800056248903275,-2.868217945098877,-6.0,113.01516723632812,206.6735382080078,-63.191162109375,1.0,27.0,0.0,0.0,0.0,0.0,0.0,0.0,0.0,,0.0,-6.0,2047.0,2047.0,0.0,0.019999993965029716,0.019999993965029716,0.0,1.0000074325944297e-05,1.0000074325944297e-05,0.0,0.00010000000474974513,0.00010000000474974513,0.0,0.0003,0.0003,0.0,-6.0,-6.0,0.0,0.0,0.3457142857142857,27.885714285714283,88.3,5677.299,161,Walker2d-v5,8256,Agente_4
839.5913918018341,150,614400,212.18016014179682,408.38745324854057,18.121443017906547,134.22,2047,0.019999993965029716,-6.0,0.99,1.0000074325944297e-05,0.00010000000474974513,0.0003,-118.32156372070312,0.9562707543373108,1.3172416687011719,0.05690613389015198,-2.866352081298828,-6.0,3.3762054443359375,17.65781545639038,3.128967157693102,3.153690986357385,0.8995658411657758,0.924025196943519,1.0,0.924025196943519,-118.32156372070312,0.9562707543373108,1.3172416687011719,0.05690613389015198,-2.866352081298828,-6.0,117.73077392578125,212.6529998779297,2.5889992713928223,1.0,27.0,0.0,0.0,0.0,0.0,0.0,0.0,0.0,,0.0,-6.0,2047.0,2047.0,0.0,0.019999993965029716,0.019999993965029716,0.0,1.0000074325944297e-05,1.0000074325944297e-05,0.0,0.00010000000474974513,0.00010000000474974513,0.0,0.0003,0.0003,0.0,-6.0,-6.0,0.0,0.0,0.39125,28.2375,88.3125,5678.324,162,Walker2d-v5,8256,Agente_4
845.24494099617,151,618496,205.87149435385618,504.7322052723311,18.83675670707472,125.63,2047,0.019999993965029716,-6.0,0.99,1.0000074325944297e-05,0.00010000000474974513,0.0003,-121.2906494140625,0.9500722289085388,1.053807020187378,0.057013802230358124,-2.864461898803711,-6.0,3.8455333709716797,17.804100036621094,3.153690986357385,3.222875224818815,0.8754294232184845,0.8030201693766104,1.0,0.8030201693766104,-121.2906494140625,0.9500722289085388,1.053807020187378,0.057013802230358124,-2.864461898803711,-6.0,120.24588775634766,218.50772094726562,-65.38079833984375,1.0,27.0,0.0,0.0,0.0,0.0,0.0,0.0,0.0,,0.0,-6.0,2047.0,2047.0,0.0,0.019999993965029716,0.019999993965029716,0.0,1.0000074325944297e-05,1.0000074325944297e-05,0.0,0.00010000000474974513,0.00010000000474974513,0.0,0.0003,0.0003,0.0,-6.0,-6.0,0.0,0.0,0.375,27.962500000000002,88.35,5683.713,163,Walker2d-v5,8256,Agente_4
850.7501759529114,152,622592,210.37745678996743,504.7322052723311,18.83675670707472,127.05,2047,0.019999993965029716,-6.0,0.99,1.0000074325944297e-05,0.00010000000474974513,0.0003,-115.87784576416016,0.9455105066299438,0.3999926447868347,0.05697803944349289,-2.8650894165039062,-6.0,3.873666763305664,16.943406105041504,3.222875224818815,3.2879543786674996,0.8608603315441048,0.8171530565209658,1.0,0.8171530565209658,-115.87784576416016,0.9455105066299438,0.3999926447868347,0.05697803944349289,-2.8650894165039062,-6.0,115.19511413574219,200.4284210205078,-69.22630310058594,1.0,27.0,0.0,0.0,0.0,0.0,0.0,0.0,0.0,,0.0,-6.0,2047.0,2047.0,0.0,0.019999993965029716,0.019999993965029716,0.0,1.0000074325944297e-05,1.0000074325944297e-05,0.0,0.00010000000474974513,0.00010000000474974513,0.0,0.0003,0.0003,0.0,-6.0,-6.0,0.0,0.0,0.35250000000000004,28.5625,88.175,5609.814,164,Walker2d-v5,8256,Agente_4
856.588303565979,153,626688,229.30812443810134,504.7322052723311,104.12409322429295,133.46,2047,0.019999993965029716,-6.0,0.99,1.0000074325944297e-05,0.00010000000474974513,0.0003,-118.78556060791016,0.9502376317977905,0.5157399773597717,0.0568142794072628,-2.8679676055908203,-6.0,3.5363235473632812,20.958813667297363,3.2879543786674996,3.3127912955370777,0.8774561142541788,0.927243462384401,1.0,0.927243462384401,-118.78556060791016,0.9502376317977905,0.5157399773597717,0.0568142794072628,-2.8679676055908203,-6.0,117.89364624023438,238.53262329101562,1.7826282978057861,1.0,27.0,0.0,0.0,0.0,0.0,0.0,0.0,0.0,,0.0,-6.0,2047.0,2047.0,0.0,0.019999993965029716,0.019999993965029716,0.0,1.0000074325944297e-05,1.0000074325944297e-05,0.0,0.00010000000474974513,0.00010000000474974513,0.0,0.0003,0.0003,0.0,-6.0,-6.0,0.0,0.0,0.39375000000000004,27.650000000000002,88.23750000000001,5638.51,165,Walker2d-v5,8256,Agente_4
862.5113904476166,154,630784,232.54295824566267,345.4565838290594,104.12409322429295,132.27,2047,0.019999993965029716,-6.0,0.99,1.0000074325944297e-05,0.00010000000474974513,0.0003,-121.98445129394531,0.760348916053772,-4.252742290496826,0.056344278156757355,-2.876274585723877,-6.0,3.6518516540527344,13.743339538574219,3.3127912955370777,3.3466973313886434,0.8837707340512716,0.9027145934425502,1.0,0.9027145934425502,-121.98445129394531,0.760348916053772,-4.252742290496826,0.056344278156757355,-2.876274585723877,-6.0,121.1878662109375,242.258056640625,-13.582670211791992,1.0,27.0,0.0,0.0,0.0,0.0,0.0,0.0,0.0,,0.0,-6.0,2047.0,2047.0,0.0,0.019999993965029716,0.019999993965029716,0.0,1.0000074325944297e-05,1.0000074325944297e-05,0.0,0.00010000000474974513,0.00010000000474974513,0.0,0.0003,0.0003,0.0,-6.0,-6.0,0.0,0.0,0.37124999999999997,27.6875,88.0625,5675.062,166,Walker2d-v5,8256,Agente_4
868.2295899391174,155,634880,251.31645217428874,390.4770209799228,104.12409322429295,142.68,2047,0.019999993965029716,-6.0,0.99,1.0000074325944297e-05,0.00010000000474974513,0.0003,-125.25059509277344,1.0084543228149414,-2.0803637504577637,0.0559050552546978,-2.8841004371643066,-6.0,3.470417022705078,19.056729316711426,3.3466973313886434,3.359069300520287,0.9037548677692919,0.9637072689233529,1.0,0.9637072689233529,-125.25059509277344,1.0084543228149414,-2.0803637504577637,0.0559050552546978,-2.8841004371643066,-6.0,124.12983703613281,212.46356201171875,-16.214481353759766,1.0,27.0,0.0,0.0,0.0,0.0,0.0,0.0,0.0,,0.0,-6.0,2047.0,2047.0,0.0,0.019999993965029716,0.019999993965029716,0.0,1.0000074325944297e-05,1.0000074325944297e-05,0.0,0.00010000000474974513,0.00010000000474974513,0.0,0.0003,0.0003,0.0,-6.0,-6.0,0.0,0.0,0.3585714285714286,27.999999999999996,88.14285714285714,5702.399,167,Walker2d-v5,8256,Agente_4
873.7053308486938,156,638976,238.5244350546519,390.4770209799228,32.973903238450966,141.71,2047,0.019999993965029716,-6.0,0.99,1.0000074325944297e-05,0.00010000000474974513,0.0003,-124.37359619140625,1.0324616432189941,0.06133294105529785,0.05580552667379379,-2.8858823776245117,-6.0,3.9486923217773438,21.817333221435547,3.359069300520287,3.4180316026459927,0.8875688592990142,0.8390108338881813,1.0,0.8390108338881813,-124.37359619140625,1.0324616432189941,0.06133294105529785,0.05580552667379379,-2.8858823776245117,-6.0,123.5031967163086,220.0272216796875,-45.053531646728516,1.0,27.0,0.0,0.0,0.0,0.0,0.0,0.0,0.0,,0.0,-6.0,2047.0,2047.0,0.0,0.019999993965029716,0.019999993965029716,0.0,1.0000074325944297e-05,1.0000074325944297e-05,0.0,0.00010000000474974513,0.00010000000474974513,0.0,0.0003,0.0003,0.0,-6.0,-6.0,0.0,0.0,0.34625,28.025,88.1375,5683.029,168,Walker2d-v5,8256,Agente_4
879.5144286155701,157,643072,234.55823026946044,390.4770209799228,11.75095337363133,148.13,2047,0.019999993965029716,-6.0,0.99,1.0000074325944297e-05,0.00010000000474974513,0.0003,-130.6813201904297,0.9423590898513794,-0.12696415185928345,0.055773258209228516,-2.886460781097412,-6.0,3.863931655883789,14.718432426452637,3.4180316026459927,3.4626216079697727,0.8851005947567784,0.877695801130071,1.0,0.877695801130071,-130.6813201904297,0.9423590898513794,-0.12696415185928345,0.055773258209228516,-2.886460781097412,-6.0,129.4513702392578,218.53810119628906,-44.80628967285156,1.0,27.0,0.0,0.0,0.0,0.0,0.0,0.0,0.0,,0.0,-6.0,2047.0,2047.0,0.0,0.019999993965029716,0.019999993965029716,0.0,1.0000074325944297e-05,1.0000074325944297e-05,0.0,0.00010000000474974513,0.00010000000474974513,0.0,0.0003,0.0003,0.0,-6.0,-6.0,0.0,0.0,0.2922222222222222,25.133333333333333,89.5074074074074,5684.614,169,Walker2d-v5,8256,Agente_4
885.3309593200684,158,647168,206.33127066549804,494.86183931254044,-30.43278712273572,152.29,2047,0.019999993965029716,-6.0,0.99,1.0000074325944297e-05,0.00010000000474974513,0.0003,-128.80758666992188,1.0577821731567383,1.0366812944412231,0.05597110092639923,-2.8829197883605957,-6.0,3.622922897338867,15.493790626525879,3.4626216079697727,3.478651736906682,0.9025155670080451,0.9547604837618453,1.0,0.9547604837618453,-128.80758666992188,1.0577821731567383,1.0366812944412231,0.05597110092639923,-2.8829197883605957,-6.0,127.37300109863281,200.4114532470703,-0.044675618410110474,1.0,27.0,0.0,0.0,0.0,0.0,0.0,0.0,0.0,,0.0,-6.0,2047.0,2047.0,0.0,0.019999993965029716,0.019999993965029716,0.0,1.0000074325944297e-05,1.0000074325944297e-05,0.0,0.00010000000474974513,0.00010000000474974513,0.0,0.0003,0.0003,0.0,-6.0,-6.0,0.0,0.0,0.34625,26.875,88.375,5700.865,170,Walker2d-v5,8256,Agente_4
890.958304643631,159,651264,174.92684916108902,494.86183931254044,-30.43278712273572,148.76,2047,0.019999993965029716,-6.0,0.99,1.0000074325944297e-05,0.00010000000474974513,0.0003,-132.991455078125,0.869200587272644,-0.9142024517059326,0.05646342411637306,-2.874162197113037,-6.0,3.536134719848633,12.151676177978516,3.478651736906682,3.4844000352008773,0.922789495965702,0.9836112828386727,1.0,0.9836112828386727,-132.991455078125,0.869200587272644,-0.9142024517059326,0.05646342411637306,-2.874162197113037,-6.0,131.68405151367188,227.4192352294922,-19.976699829101562,1.0,27.0,0.0,0.0,0.0,0.0,0.0,0.0,0.0,,0.0,-6.0,2047.0,2047.0,0.0,0.019999993965029716,0.019999993965029716,0.0,1.0000074325944297e-05,1.0000074325944297e-05,0.0,0.00010000000474974513,0.00010000000474974513,0.0,0.0003,0.0003,0.0,-6.0,-6.0,0.0,0.0,0.3785714285714286,28.542857142857144,88.0,5693.782,171,Walker2d-v5,8256,Agente_4
896.7331635951996,160,655360,156.57306941353872,494.86183931254044,-30.43278712273572,149.99,2047,0.019999993965029716,-6.0,0.99,1.0000074325944297e-05,0.00010000000474974513,0.0003,-127.55069732666016,1.2991734743118286,3.3473048210144043,0.05706258490681648,-2.8636066913604736,-6.0,4.161018371582031,111.57648849487305,3.4844000352008773,3.5520618688389924,0.8979685012653926,0.8235055171644646,1.0,0.8235055171644646,-127.55069732666016,1.2991734743118286,3.3473048210144043,0.05706258490681648,-2.8636066913604736,-6.0,125.80928039550781,233.2880859375,-66.97895812988281,1.0,27.0,0.0,0.0,0.0,0.0,0.0,0.0,0.0,,0.0,-6.0,2047.0,2047.0,0.0,0.019999993965029716,0.019999993965029716,0.0,1.0000074325944297e-05,1.0000074325944297e-05,0.0,0.00010000000474974513,0.00010000000474974513,0.0,0.0003,0.0003,0.0,-6.0,-6.0,0.0,0.0,0.38625,28.125,87.95,5701.697,172,Walker2d-v5,8256,Agente_4
902.1916530132294,161,659456,142.9003076332714,494.86183931254044,-30.43278712273572,146.74,2047,0.019999993965029716,-6.0,0.99,1.0000074325944297e-05,0.00010000000474974513,0.0003,-133.10293579101562,1.128870964050293,4.3508734703063965,0.0580010823905468,-2.8472936153411865,-6.0,3.5993995666503906,19.559694290161133,3.5520618688389924,3.556795638620132,0.9201667732749582,0.9867615893036548,1.0,0.9867615893036548,-133.10293579101562,1.128870964050293,4.3508734703063965,0.0580010823905468,-2.8472936153411865,-6.0,131.59510803222656,263.9299011230469,-34.59501647949219,1.0,27.0,0.0,0.0,0.0,0.0,0.0,0.0,0.0,,0.0,-6.0,2047.0,2047.0,0.0,0.019999993965029716,0.019999993965029716,0.0,1.0000074325944297e-05,1.0000074325944297e-05,0.0,0.00010000000474974513,0.00010000000474974513,0.0,0.0003,0.0003,0.0,-6.0,-6.0,0.0,0.0,0.43000000000000005,27.0125,87.8625,5682.249,173,Walker2d-v5,8256,Agente_4
908.2585113048553,162,663552,141.4628530653318,794.9708197486057,-30.43278712273572,145.33,2047,0.019999993965029716,-6.0,0.99,1.0000074325944297e-05,0.00010000000474974513,0.0003,-129.29653930664062,1.1090819835662842,4.178123474121094,0.059210363775491714,-2.8266587257385254,-6.0,4.682077407836914,19.386502742767334,3.556795638620132,3.6693238155418104,0.8723215785379317,0.7287859943268522,1.0,0.7287859943268522,-129.29653930664062,1.1090819835662842,4.178123474121094,0.059210363775491714,-2.8266587257385254,-6.0,127.34666442871094,237.6880645751953,-80.4581069946289,1.0,27.0,0.0,0.0,0.0,0.0,0.0,0.0,0.0,,0.0,-6.0,2047.0,2047.0,0.0,0.019999993965029716,0.019999993965029716,0.0,1.0000074325944297e-05,1.0000074325944297e-05,0.0,0.00010000000474974513,0.00010000000474974513,0.0,0.0003,0.0003,0.0,-6.0,-6.0,0.0,0.0,0.33111111111111113,31.855555555555554,77.58888888888889,5738.544,174,Walker2d-v5,8256,Agente_4
913.9363884925842,163,667648,191.71352624164686,1038.5833327021526,8.313400521174284,189.74,2047,0.019999993965029716,-6.0,0.99,1.0000074325944297e-05,0.00010000000474974513,0.0003,-135.4312286376953,1.1218198537826538,4.777929306030273,0.06069835647940636,-2.8018386363983154,-6.0,3.9157257080078125,21.254133224487305,3.6693238155418104,3.693964004788411,0.8880044846277613,0.93505320289725,1.0,0.93505320289725,-135.4312286376953,1.1218198537826538,4.777929306030273,0.06069835647940636,-2.8018386363983154,-6.0,133.86495971679688,224.57025146484375,-49.14603042602539,1.0,27.0,0.0,0.0,0.0,0.0,0.0,0.0,0.0,,0.0,-6.0,2047.0,2047.0,0.0,0.019999993965029716,0.019999993965029716,0.0,1.0000074325944297e-05,1.0000074325944297e-05,0.0,0.00010000000474974513,0.00010000000474974513,0.0,0.0003,0.0003,0.0,-6.0,-6.0,0.0,0.0,0.28874999999999995,25.375,79.3875,5722.815,175,Walker2d-v5,8256,Agente_4
919.4674296379089,164,671744,211.6077888348287,1038.5833327021526,2.1160726812928132,198.79,2047,0.019999993965029716,-6.0,0.99,1.0000074325944297e-05,0.00010000000474974513,0.0003,-135.58505249023438,1.0119866132736206,3.347557544708252,0.06230279803276062,-2.7757489681243896,-6.0,4.467258453369141,16.434849739074707,3.693964004788411,3.771293449646484,0.8687832148663378,0.8111194055820676,1.0,0.8111194055820676,-135.58505249023438,1.0119866132736206,3.347557544708252,0.06230279803276062,-2.7757489681243896,-6.0,133.72988891601562,219.69239807128906,-75.08065032958984,1.0,27.0,0.0,0.0,0.0,0.0,0.0,0.0,0.0,,0.0,-6.0,2047.0,2047.0,0.0,0.019999993965029716,0.019999993965029716,0.0,1.0000074325944297e-05,1.0000074325944297e-05,0.0,0.00010000000474974513,0.00010000000474974513,0.0,0.0003,0.0003,0.0,-6.0,-6.0,0.0,0.0,0.3228571428571429,26.599999999999998,85.94285714285715,5683.958,176,Walker2d-v5,8256,Agente_4
925.1149837970734,165,675840,259.1477801532577,1038.5833327021526,2.1160726812928132,231.57,2047,0.019999993965029716,-6.0,0.99,1.0000074325944297e-05,0.00010000000474974513,0.0003,-135.10671997070312,1.1580111980438232,4.128973007202148,0.06385228037834167,-2.751183032989502,-6.0,4.584938049316406,28.203550338745117,3.771293449646484,3.8526579096134763,0.8530722411040883,0.8059393198173399,1.0,0.8059393198173399,-135.10671997070312,1.1580111980438232,4.128973007202148,0.06385228037834167,-2.751183032989502,-6.0,133.67868041992188,276.0815734863281,-85.81922912597656,1.0,27.0,0.0,0.0,0.0,0.0,0.0,0.0,0.0,,0.0,-6.0,2047.0,2047.0,0.0,0.019999993965029716,0.019999993965029716,0.0,1.0000074325944297e-05,1.0000074325944297e-05,0.0,0.00010000000474974513,0.00010000000474974513,0.0,0.0003,0.0003,0.0,-6.0,-6.0,0.0,0.0,0.4225,28.112499999999997,88.38749999999999,5676.791,177,Walker2d-v5,8256,Agente_4
930.8396737575531,166,679936,218.39836423359645,981.8287057899671,2.1160726812928132,169.65,2047,0.019999993965029716,-6.0,0.99,1.0000074325944297e-05,0.00010000000474974513,0.0003,-138.79910278320312,1.076140284538269,4.866296291351318,0.06551913172006607,-2.7254130840301514,-6.0,4.5104522705078125,22.12763214111328,3.8526579096134763,3.91843734570291,0.8505648276525314,0.8430425872978607,1.0,0.8430425872978607,-138.79910278320312,1.076140284538269,4.866296291351318,0.06551913172006607,-2.7254130840301514,-6.0,137.22683715820312,270.686279296875,-68.20304870605469,1.0,27.0,0.0,0.0,0.0,0.0,0.0,0.0,0.0,,0.0,-6.0,2047.0,2047.0,0.0,0.019999993965029716,0.019999993965029716,0.0,1.0000074325944297e-05,1.0000074325944297e-05,0.0,0.00010000000474974513,0.00010000000474974513,0.0,0.0003,0.0003,0.0,-6.0,-6.0,0.0,0.0,0.3833333333333333,26.811111111111114,87.0,5701.745,178,Walker2d-v5,8256,Agente_4
937.253870010376,167,684032,180.44779476038806,845.7342739989101,24.87228925861477,114.08,2047,0.019999993965029716,-6.0,0.99,1.0000074325944297e-05,0.00010000000474974513,0.0003,-137.50271606445312,1.0684497356414795,3.2406859397888184,0.06730441749095917,-2.6985294818878174,-6.0,4.194538116455078,22.954954147338867,3.91843734570291,3.9460474227781264,0.8709144193419429,0.9319631944101773,1.0,0.9319631944101773,-137.50271606445312,1.0684497356414795,3.2406859397888184,0.06730441749095917,-2.6985294818878174,-6.0,136.0255584716797,228.88006591796875,-51.038108825683594,1.0,27.0,0.0,0.0,0.0,0.0,0.0,0.0,0.0,,0.0,-6.0,2047.0,2047.0,0.0,0.019999993965029716,0.019999993965029716,0.0,1.0000074325944297e-05,1.0000074325944297e-05,0.0,0.00010000000474974513,0.00010000000474974513,0.0,0.0003,0.0003,0.0,-6.0,-6.0,0.0,0.0,0.25666666666666665,31.166666666666668,77.45555555555555,5762.632,179,Walker2d-v5,8256,Agente_4
942.9157872200012,168,688128,146.9106082423744,845.7342739989101,76.90847266660872,93.14,2047,0.019999993965029716,-6.0,0.99,1.0000074325944297e-05,0.00010000000474974513,0.0003,-134.15367126464844,1.1369167566299438,4.729606628417969,0.0689394474029541,-2.6745266914367676,-6.0,4.127379417419434,22.9097900390625,3.9460474227781264,3.964180622242257,0.8919575714163165,0.9550870276394372,1.0,0.9550870276394372,-134.15367126464844,1.1369167566299438,4.729606628417969,0.0689394474029541,-2.6745266914367676,-6.0,132.82833862304688,255.88137817382812,-88.01105499267578,1.0,27.0,0.0,0.0,0.0,0.0,0.0,0.0,0.0,,0.0,-6.0,2047.0,2047.0,0.0,0.019999993965029716,0.019999993965029716,0.0,1.0000074325944297e-05,1.0000074325944297e-05,0.0,0.00010000000474974513,0.00010000000474974513,0.0,0.0003,0.0003,0.0,-6.0,-6.0,0.0,0.0,0.31142857142857144,26.442857142857143,82.32857142857144,5746.938,180,Walker2d-v5,8256,Agente_4
948.7692160606384,169,692224,125.5744290005986,257.83930263447655,76.90847266660872,77.73,2047,0.019999993965029716,-6.0,0.99,1.0000074325944297e-05,0.00010000000474974513,0.0003,-140.42703247070312,0.9684568047523499,3.717090368270874,0.0704304650425911,-2.6531293392181396,-6.0,3.602581024169922,19.31187152862549,3.964180622242257,3.928020662435024,0.9189681785622373,1.0,1.0,1.0,-140.42703247070312,0.9684568047523499,3.717090368270874,0.0704304650425911,-2.6531293392181396,-6.0,139.29620361328125,242.87026977539062,-8.754805564880371,1.0,27.0,0.0,0.0,0.0,0.0,0.0,0.0,0.0,,0.0,-6.0,2047.0,2047.0,0.0,0.019999993965029716,0.019999993965029716,0.0,1.0000074325944297e-05,1.0000074325944297e-05,0.0,0.00010000000474974513,0.00010000000474974513,0.0,0.0003,0.0003,0.0,-6.0,-6.0,0.0,0.0,0.34750000000000003,27.012500000000003,87.8,5769.892,181,Walker2d-v5,8256,Agente_4
954.5278561115265,170,696320,125.10230418393257,327.03656710803324,93.46412420986398,77.28,2047,0.019999993965029716,-6.0,0.99,1.0000074325944297e-05,0.00010000000474974513,0.0003,-140.4432830810547,0.9274061918258667,2.0471227169036865,0.07175091654062271,-2.634554624557495,-6.0,4.195426940917969,20.309134483337402,3.928020662435024,3.9547612902833182,0.9227733633178566,0.9341889175847146,1.0,0.9341889175847146,-140.4432830810547,0.9274061918258667,2.0471227169036865,0.07175091654062271,-2.634554624557495,-6.0,139.21334838867188,276.23797607421875,-80.31127166748047,1.0,27.0,0.0,0.0,0.0,0.0,0.0,0.0,0.0,,0.0,-6.0,2047.0,2047.0,0.0,0.019999993965029716,0.019999993965029716,0.0,1.0000074325944297e-05,1.0000074325944297e-05,0.0,0.00010000000474974513,0.00010000000474974513,0.0,0.0003,0.0003,0.0,-6.0,-6.0,0.0,0.0,0.34875,28.075000000000003,89.01249999999999,5767.889,182,Walker2d-v5,8256,Agente_4
960.427154302597,171,700416,126.00653907883597,327.03656710803324,81.92064663327703,80.36,2047,0.019999993965029716,-6.0,0.99,1.0000074325944297e-05,0.00010000000474974513,0.0003,-138.42193603515625,0.9651913046836853,3.639643907546997,0.07315175980329514,-2.6152191162109375,-6.0,4.2657318115234375,26.779778480529785,3.9547612902833182,3.98585834240733,0.9231750472389607,0.9243800990022727,1.0,0.9243800990022727,-138.42193603515625,0.9651913046836853,3.639643907546997,0.07315175980329514,-2.6152191162109375,-6.0,137.18943786621094,243.9052734375,-77.68133544921875,1.0,27.0,0.0,0.0,0.0,0.0,0.0,0.0,0.0,,0.0,-6.0,2047.0,2047.0,0.0,0.019999993965029716,0.019999993965029716,0.0,1.0000074325944297e-05,1.0000074325944297e-05,0.0,0.00010000000474974513,0.00010000000474974513,0.0,0.0003,0.0003,0.0,-6.0,-6.0,0.0,0.0,0.3422222222222222,26.72222222222222,88.94444444444444,5811.55,183,Walker2d-v5,8256,Agente_4
966.013839006424,172,704512,123.44772814021474,233.31807754991502,81.92064663327703,81.86,2047,0.019999993965029716,-6.0,0.99,1.0000074325944297e-05,0.00010000000474974513,0.0003,-136.5583953857422,1.0029046535491943,4.718661308288574,0.07487363368272781,-2.5919535160064697,-6.0,3.4076366424560547,18.638298988342285,3.98585834240733,3.9280361724122024,0.9423812854292205,1.0,1.0,1.0,-136.5583953857422,1.0029046535491943,4.718661308288574,0.07487363368272781,-2.5919535160064697,-6.0,134.90435791015625,200.505615234375,-75.8224105834961,1.0,27.0,0.0,0.0,0.0,0.0,0.0,0.0,0.0,,0.0,-6.0,2047.0,2047.0,0.0,0.019999993965029716,0.019999993965029716,0.0,1.0000074325944297e-05,1.0000074325944297e-05,0.0,0.00010000000474974513,0.00010000000474974513,0.0,0.0003,0.0003,0.0,-6.0,-6.0,0.0,0.0,0.33428571428571435,26.257142857142856,89.64285714285714,5763.227,184,Walker2d-v5,8256,Agente_4
971.6950223445892,173,708608,124.13480172957132,282.2923618884832,65.81554079701962,88.3,2047,0.019999993965029716,-6.0,0.99,1.0000074325944297e-05,0.00010000000474974513,0.0003,-135.98663330078125,1.0611510276794434,6.177860736846924,0.07704320549964905,-2.5633888244628906,-6.0,4.2732391357421875,22.411081314086914,3.9280361724122024,3.962556468745201,0.9357532419046992,0.9158691113311351,1.0,0.9158691113311351,-135.98663330078125,1.0611510276794434,6.177860736846924,0.07704320549964905,-2.5633888244628906,-6.0,134.70851135253906,220.30642700195312,-67.0866928100586,1.0,27.0,0.0,0.0,0.0,0.0,0.0,0.0,0.0,,0.0,-6.0,2047.0,2047.0,0.0,0.019999993965029716,0.019999993965029716,0.0,1.0000074325944297e-05,1.0000074325944297e-05,0.0,0.00010000000474974513,0.00010000000474974513,0.0,0.0003,0.0003,0.0,-6.0,-6.0,0.0,0.0,0.37750000000000006,26.375,89.98750000000001,5763.131,185,Walker2d-v5,8256,Agente_4
977.307918548584,174,712704,130.01003305681553,292.57033957888143,-11.450032969276071,99.62,2047,0.019999993965029716,-6.0,0.99,1.0000074325944297e-05,0.00010000000474974513,0.0003,-138.19134521484375,0.9761327505111694,5.356176376342773,0.07922088354825974,-2.535515308380127,-6.0,4.661827087402344,17.70240592956543,3.962556468745201,4.032483530610915,0.911371004458293,0.838224292119074,1.0,0.838224292119074,-138.19134521484375,0.9761327505111694,5.356176376342773,0.07922088354825974,-2.535515308380127,-6.0,137.105224609375,241.91452026367188,-70.11116790771484,1.0,27.0,0.0,0.0,0.0,0.0,0.0,0.0,0.0,,0.0,-6.0,2047.0,2047.0,0.0,0.019999993965029716,0.019999993965029716,0.0,1.0000074325944297e-05,1.0000074325944297e-05,0.0,0.00010000000474974513,0.00010000000474974513,0.0,0.0003,0.0003,0.0,-6.0,-6.0,0.0,0.0,0.3675,25.7,90.0125,5771.286,186,Walker2d-v5,8256,Agente_4
983.1234529018402,175,716800,132.85691825555145,292.57033957888143,-11.450032969276071,108.19,2047,0.019999993965029716,-6.0,0.99,1.0000074325944297e-05,0.00010000000474974513,0.0003,-138.58331298828125,0.9726928472518921,4.037139415740967,0.08120463043451309,-2.5107829570770264,-6.0,3.9617042541503906,20.036259651184082,4.032483530610915,4.025405602964863,0.9335282533437197,1.0,1.0,1.0,-138.58331298828125,0.9726928472518921,4.037139415740967,0.08120463043451309,-2.5107829570770264,-6.0,137.50582885742188,245.5447235107422,-79.60327911376953,1.0,27.0,0.0,0.0,0.0,0.0,0.0,0.0,0.0,,0.0,-6.0,2047.0,2047.0,0.0,0.019999993965029716,0.019999993965029716,0.0,1.0000074325944297e-05,1.0000074325944297e-05,0.0,0.00010000000474974513,0.00010000000474974513,0.0,0.0003,0.0003,0.0,-6.0,-6.0,0.0,0.0,0.39749999999999996,26.737499999999997,88.6375,5788.36,187,Walker2d-v5,8256,Agente_4
988.7148835659027,176,720896,142.61933344526108,294.5667040391794,-11.450032969276071,112.63,2047,0.019999993965029716,-6.0,0.99,1.0000074325944297e-05,0.00010000000474974513,0.0003,-135.84396362304688,0.8903537392616272,4.319147109985352,0.08287767320871353,-2.490389585494995,-6.0,3.9333152770996094,15.765333652496338,4.025405602964863,4.016196570378337,0.9501461900077898,1.0,1.0,1.0,-135.84396362304688,0.8903537392616272,4.319147109985352,0.08287767320871353,-2.490389585494995,-6.0,134.93978881835938,222.4141082763672,-88.61972045898438,1.0,27.0,0.0,0.0,0.0,0.0,0.0,0.0,0.0,,0.0,-6.0,2047.0,2047.0,0.0,0.019999993965029716,0.019999993965029716,0.0,1.0000074325944297e-05,1.0000074325944297e-05,0.0,0.00010000000474974513,0.00010000000474974513,0.0,0.0003,0.0003,0.0,-6.0,-6.0,0.0,0.0,0.40750000000000003,28.5125,88.35000000000001,5775.21,188,Walker2d-v5,8256,Agente_4
994.3988738059998,177,724992,136.99217077663587,351.4138505026488,51.357522332096195,99.92,2047,0.019999993965029716,-6.0,0.99,1.0000074325944297e-05,0.00010000000474974513,0.0003,-131.83865356445312,1.0720945596694946,4.577191352844238,0.08448471128940582,-2.471184730529785,-6.0,4.261180877685547,22.246922492980957,4.016196570378337,4.040695001109058,0.947815668792146,0.9408241051452146,1.0,0.9408241051452146,-131.83865356445312,1.0720945596694946,4.577191352844238,0.08448471128940582,-2.471184730529785,-6.0,131.23037719726562,235.64939880371094,-78.11625671386719,1.0,27.0,0.0,0.0,0.0,0.0,0.0,0.0,0.0,,0.0,-6.0,2047.0,2047.0,0.0,0.019999993965029716,0.019999993965029716,0.0,1.0000074325944297e-05,1.0000074325944297e-05,0.0,0.00010000000474974513,0.00010000000474974513,0.0,0.0003,0.0003,0.0,-6.0,-6.0,0.0,0.0,0.3842857142857143,28.342857142857138,88.25714285714285,5702.138,189,Walker2d-v5,8256,Agente_4
1000.3088457584381,178,729088,122.0499669669483,351.4138505026488,69.79918538651731,85.09,2047,0.019999993965029716,-6.0,0.99,1.0000074325944297e-05,0.00010000000474974513,0.0003,-138.21343994140625,0.9711380004882812,3.665966510772705,0.08628800511360168,-2.4500646591186523,-6.0,3.984315872192383,18.904666900634766,4.040695001109058,4.035057088217391,0.9608617515941095,1.0,1.0,1.0,-138.21343994140625,0.9711380004882812,3.665966510772705,0.08628800511360168,-2.4500646591186523,-6.0,137.47476196289062,214.40737915039062,-51.409934997558594,1.0,27.0,0.0,0.0,0.0,0.0,0.0,0.0,0.0,,0.0,-6.0,2047.0,2047.0,0.0,0.019999993965029716,0.019999993965029716,0.0,1.0000074325944297e-05,1.0000074325944297e-05,0.0,0.00010000000474974513,0.00010000000474974513,0.0,0.0003,0.0003,0.0,-6.0,-6.0,0.0,0.0,0.40222222222222226,28.577777777777776,88.35555555555555,5726.999,190,Walker2d-v5,8256,Agente_4
1005.8984003067017,179,733184,127.46986774113975,292.3432951221119,69.1004088278594,83.21,2047,0.019999993965029716,-6.0,0.99,1.0000074325944297e-05,0.00010000000474974513,0.0003,-138.75079345703125,1.0438146591186523,3.6123828887939453,0.08834780752658844,-2.42647385597229,-6.0,4.292064666748047,22.103731632232666,4.035057088217391,4.060757846070456,0.9552194109028433,0.9382923888290451,1.0,0.9382923888290451,-138.75079345703125,1.0438146591186523,3.6123828887939453,0.08834780752658844,-2.42647385597229,-6.0,137.65884399414062,207.5572509765625,-51.41606521606445,1.0,27.0,0.0,0.0,0.0,0.0,0.0,0.0,0.0,,0.0,-6.0,2047.0,2047.0,0.0,0.019999993965029716,0.019999993965029716,0.0,1.0000074325944297e-05,1.0000074325944297e-05,0.0,0.00010000000474974513,0.00010000000474974513,0.0,0.0003,0.0003,0.0,-6.0,-6.0,0.0,0.0,0.35714285714285715,28.88571428571429,88.17142857142856,5700.397,191,Walker2d-v5,8256,Agente_4
1011.6047854423523,180,737280,147.23594082139346,385.49005356464835,69.1004088278594,90.9,2047,0.019999993965029716,-6.0,0.99,1.0000074325944297e-05,0.00010000000474974513,0.0003,-132.60568237304688,1.0180810689926147,5.339386940002441,0.09063068777322769,-2.4009623527526855,-6.0,4.262126922607422,26.516843795776367,4.060757846070456,4.080894753724152,0.9543196647062961,0.9516204261166543,1.0,0.9516204261166543,-132.60568237304688,1.0180810689926147,5.339386940002441,0.09063068777322769,-2.4009623527526855,-6.0,131.6429443359375,203.34754943847656,-67.5512924194336,1.0,27.0,0.0,0.0,0.0,0.0,0.0,0.0,0.0,,0.0,-6.0,2047.0,2047.0,0.0,0.019999993965029716,0.019999993965029716,0.0,1.0000074325944297e-05,1.0000074325944297e-05,0.0,0.00010000000474974513,0.00010000000474974513,0.0,0.0003,0.0003,0.0,-6.0,-6.0,0.0,0.0,0.4225,27.975,88.0375,5695.526,192,Walker2d-v5,8256,Agente_4
1017.3850758075714,181,741376,165.99436664945475,385.49005356464835,33.29026256631029,95.46,2047,0.019999993965029716,-6.0,0.99,1.0000074325944297e-05,0.00010000000474974513,0.0003,-142.63568115234375,1.0165584087371826,5.451577663421631,0.09331337362527847,-2.3717918395996094,-6.0,4.055553436279297,21.783740997314453,4.080894753724152,4.078360621979667,0.9657397485297221,1.0,1.0,1.0,-142.63568115234375,1.0165584087371826,5.451577663421631,0.09331337362527847,-2.3717918395996094,-6.0,141.06170654296875,239.46163940429688,-63.785980224609375,1.0,27.0,0.0,0.0,0.0,0.0,0.0,0.0,0.0,,0.0,-6.0,2047.0,2047.0,0.0,0.019999993965029716,0.019999993965029716,0.0,1.0000074325944297e-05,1.0000074325944297e-05,0.0,0.00010000000474974513,0.00010000000474974513,0.0,0.0003,0.0003,0.0,-6.0,-6.0,0.0,0.0,0.34875,28.2375,88.125,5684.208,193,Walker2d-v5,8256,Agente_4
1023.499064207077,182,745472,183.09022914205568,316.29873507398173,33.29026256631029,98.06,2047,0.019999993965029716,-6.0,0.99,1.0000074325944297e-05,0.00010000000474974513,0.0003,-134.4866180419922,1.0836641788482666,4.113058090209961,0.09646046161651611,-2.3386220932006836,-6.0,4.048648834228516,25.161109924316406,4.078360621979667,4.075389443204552,0.9743048113972916,1.0,1.0,1.0,-134.4866180419922,1.0836641788482666,4.113058090209961,0.09646046161651611,-2.3386220932006836,-6.0,132.23202514648438,221.13815307617188,-57.65084457397461,1.0,27.0,0.0,0.0,0.0,0.0,0.0,0.0,0.0,,0.0,-6.0,2047.0,2047.0,0.0,0.019999993965029716,0.019999993965029716,0.0,1.0000074325944297e-05,1.0000074325944297e-05,0.0,0.00010000000474974513,0.00010000000474974513,0.0,0.0003,0.0003,0.0,-6.0,-6.0,0.0,0.0,0.3325,31.1,77.875,5737.042,194,Walker2d-v5,8256,Agente_4
1029.1222405433655,183,749568,24.504647013811525,235.0095280558705,-5.879689957410031,21.668478260869566,2047,0.019999993965029716,-6.0,0.99,1.0000074325944297e-05,0.00010000000474974513,0.0003,-37.571529388427734,2.205146074295044,1.5724396705627441,0.09844579547643661,-2.318249225616455,-6.0,11.37193489074707,33.56099796295166,2.236928276081193,3.1504289375477805,0.6125039485572624,0.016844552500851293,1.0,0.016844552500851293,-37.571529388427734,2.205146074295044,1.5724396705627441,0.09844579547643661,-2.318249225616455,-6.0,28.82727813720703,97.12545776367188,-109.76054382324219,1.0,27.0,0.0,0.0,0.0,0.0,0.0,0.0,0.0,,0.0,-6.0,2047.0,2047.0,0.0,0.019999993965029716,0.019999993965029716,0.0,1.0000074325944297e-05,1.0000074325944297e-05,0.0,0.00010000000474974513,0.00010000000474974513,0.0,0.0003,0.0003,0.0,-6.0,-6.0,0.0,0.0,0.3375,25.34,84.72,5610.401,195,Walker2d-v5,8256,Agente_4
1034.6225590705872,184,753664,-6.464750864607213,-2.5494362167955176,-13.150910257454576,6.998296422487223,2047,0.019999993965029716,-6.0,0.99,1.0000074325944297e-05,0.00010000000474974513,0.0003,-46.999629974365234,0.8796893954277039,0.9814053773880005,0.09965476393699646,-2.3060433864593506,-6.0,4.574684143066406,14.468911409378052,3.1504289375477805,3.2928544580996433,0.6184533088529508,0.6363013897400158,1.0,0.6363013897400158,-46.999629974365234,0.8796893954277039,0.9814053773880005,0.09965476393699646,-2.3060433864593506,-6.0,42.586280822753906,87.36819458007812,-74.26934814453125,1.0,27.0,0.0,0.0,0.0,0.0,0.0,0.0,0.0,,0.0,-6.0,2047.0,2047.0,0.0,0.019999993965029716,0.019999993965029716,0.0,1.0000074325944297e-05,1.0000074325944297e-05,0.0,0.00010000000474974513,0.00010000000474974513,0.0,0.0003,0.0003,0.0,-6.0,-6.0,0.0,0.0,0.3428571428571429,28.157142857142855,88.85714285714286,5546.697,196,Walker2d-v5,8256,Agente_4
1040.3227310180664,185,757760,-14.740278222136066,-6.818822657554889,-18.991329415377713,11.792284866468842,2047,0.019999993965029716,-6.0,0.99,1.0000074325944297e-05,0.00010000000474974513,0.0003,-50.728660583496094,0.839568555355072,1.910776138305664,0.10053534060716629,-2.297245979309082,-6.0,3.82369327545166,17.90315866470337,3.2928544580996433,3.345938339834845,0.6766184574060872,0.8511139030654965,1.0,0.8511139030654965,-50.728660583496094,0.839568555355072,1.910776138305664,0.10053534060716629,-2.297245979309082,-6.0,48.9154052734375,96.67955780029297,-69.85302734375,1.0,27.0,0.0,0.0,0.0,0.0,0.0,0.0,0.0,,0.0,-6.0,2047.0,2047.0,0.0,0.019999993965029716,0.019999993965029716,0.0,1.0000074325944297e-05,1.0000074325944297e-05,0.0,0.00010000000474974513,0.00010000000474974513,0.0,0.0003,0.0003,0.0,-6.0,-6.0,0.0,0.0,0.38375000000000004,28.25,88.775,5593.46,197,Walker2d-v5,8256,Agente_4
1045.864976644516,186,761856,-17.69437258914619,-15.772263991698567,-19.017496032662727,13.310679611650485,2047,0.019999993965029716,-6.0,0.99,1.0000074325944297e-05,0.00010000000474974513,0.0003,-51.26700973510742,0.8450948596000671,-0.9296636581420898,0.10054948180913925,-2.297105312347412,-6.0,3.40474796295166,19.09376621246338,3.345938339834845,3.3518193021465263,0.7531081294559302,0.9825771456054594,1.0,0.9825771456054594,-51.26700973510742,0.8450948596000671,-0.9296636581420898,0.10054948180913925,-2.297105312347412,-6.0,51.19163131713867,106.36473846435547,-72.72991180419922,1.0,27.0,0.0,0.0,0.0,0.0,0.0,0.0,0.0,,0.0,-6.0,2047.0,2047.0,0.0,0.019999993965029716,0.019999993965029716,0.0,1.0000074325944297e-05,1.0000074325944297e-05,0.0,0.00010000000474974513,0.00010000000474974513,0.0,0.0003,0.0003,0.0,-6.0,-6.0,0.0,0.0,0.43124999999999997,28.762500000000003,88.45,5576.861,198,Walker2d-v5,8256,Agente_4
1051.332908153534,187,765952,-16.997052482212837,-13.804825462732719,-19.134489638460085,14.87732342007435,2047,0.019999993965029716,-6.0,0.99,1.0000074325944297e-05,0.00010000000474974513,0.0003,-54.96302032470703,0.7727330327033997,-0.8987611532211304,0.09984985738992691,-2.3040876388549805,-6.0,2.9424057006835938,15.249594688415527,3.3518193021465263,3.3108779420002334,0.8148310970919477,1.0,1.0,1.0,-54.96302032470703,0.7727330327033997,-0.8987611532211304,0.09984985738992691,-2.3040876388549805,-6.0,55.137428283691406,101.09944915771484,-60.2333984375,1.0,27.0,0.0,0.0,0.0,0.0,0.0,0.0,0.0,,0.0,-6.0,2047.0,2047.0,0.0,0.019999993965029716,0.019999993965029716,0.0,1.0000074325944297e-05,1.0000074325944297e-05,0.0,0.00010000000474974513,0.00010000000474974513,0.0,0.0003,0.0003,0.0,-6.0,-6.0,0.0,0.0,0.40428571428571425,28.24285714285714,88.45714285714284,5552.431,199,Walker2d-v5,8256,Agente_4
1056.8653934001923,188,770048,-15.301668185563138,-5.414262810577678,-19.137368989222427,18.792270531400966,2047,0.019999993965029716,-6.0,0.99,1.0000074325944297e-05,0.00010000000474974513,0.0003,-52.540462493896484,0.7290812134742737,-2.148327350616455,0.09908430278301239,-2.311784267425537,-6.0,3.2699594497680664,14.10353422164917,3.3108779420002334,3.306786092777017,0.8611233228189608,1.0,1.0,1.0,-52.540462493896484,0.7290812134742737,-2.148327350616455,0.09908430278301239,-2.311784267425537,-6.0,52.186180114746094,115.34809112548828,-76.0213394165039,1.0,27.0,0.0,0.0,0.0,0.0,0.0,0.0,0.0,,0.0,-6.0,2047.0,2047.0,0.0,0.019999993965029716,0.019999993965029716,0.0,1.0000074325944297e-05,1.0000074325944297e-05,0.0,0.00010000000474974513,0.00010000000474974513,0.0,0.0003,0.0003,0.0,-6.0,-6.0,0.0,0.0,0.375,28.8375,88.475,5546.866,200,Walker2d-v5,8256,Agente_4
1062.3290932178497,189,774144,-8.699150693051651,0.5079210805366492,-17.116746487057554,37.25,2047,0.019999993965029716,-6.0,0.99,1.0000074325944297e-05,0.00010000000474974513,0.0003,-53.71697998046875,0.7815715074539185,1.5715017318725586,0.09894192963838577,-2.3132221698760986,-6.0,3.297517776489258,15.67846965789795,3.306786092777017,3.305859261148241,0.8958424921142205,1.0,1.0,1.0,-53.71697998046875,0.7815715074539185,1.5715017318725586,0.09894192963838577,-2.3132221698760986,-6.0,52.81632995605469,138.12937927246094,-70.88671112060547,1.0,27.0,0.0,0.0,0.0,0.0,0.0,0.0,0.0,,0.0,-6.0,2047.0,2047.0,0.0,0.019999993965029716,0.019999993965029716,0.0,1.0000074325944297e-05,1.0000074325944297e-05,0.0,0.00010000000474974513,0.00010000000474974513,0.0,0.0003,0.0003,0.0,-6.0,-6.0,0.0,0.0,0.41428571428571426,28.214285714285715,88.62857142857142,5533.304,201,Walker2d-v5,8256,Agente_4
1068.1171460151672,190,778240,-4.922211489946074,267.7410822357073,-121.55971879947926,54.2,2047,0.019999993965029716,-6.0,0.99,1.0000074325944297e-05,0.00010000000474974513,0.0003,-60.18593215942383,0.7751312255859375,1.2283920049667358,0.09931085258722305,-2.3095004558563232,-6.0,2.947859764099121,10.23509407043457,3.305859261148241,3.270059311443329,0.9218818690856654,1.0,1.0,1.0,-60.18593215942383,0.7751312255859375,1.2283920049667358,0.09931085258722305,-2.3095004558563232,-6.0,59.2733154296875,116.15354919433594,-63.49812698364258,1.0,27.0,0.0,0.0,0.0,0.0,0.0,0.0,0.0,,0.0,-6.0,2047.0,2047.0,0.0,0.019999993965029716,0.019999993965029716,0.0,1.0000074325944297e-05,1.0000074325944297e-05,0.0,0.00010000000474974513,0.00010000000474974513,0.0,0.0003,0.0003,0.0,-6.0,-6.0,0.0,0.0,0.32625,28.125,88.45,5563.414,202,Walker2d-v5,8256,Agente_4
1073.7129876613617,191,782336,12.082222825054657,477.3510857801465,-121.55971879947926,77.84,2047,0.019999993965029716,-6.0,0.99,1.0000074325944297e-05,0.00010000000474974513,0.0003,-56.42467498779297,1.0238969326019287,1.3394441604614258,0.10007718205451965,-2.3018136024475098,-6.0,3.30142879486084,20.17559814453125,3.270059311443329,3.27319625978508,0.9390246338973269,0.9904529283323116,1.0,0.9904529283323116,-56.42467498779297,1.0238969326019287,1.3394441604614258,0.10007718205451965,-2.3018136024475098,-6.0,55.040611267089844,122.94121551513672,-95.07795715332031,1.0,27.0,0.0,0.0,0.0,0.0,0.0,0.0,0.0,,0.0,-6.0,2047.0,2047.0,0.0,0.019999993965029716,0.019999993965029716,0.0,1.0000074325944297e-05,1.0000074325944297e-05,0.0,0.00010000000474974513,0.00010000000474974513,0.0,0.0003,0.0003,0.0,-6.0,-6.0,0.0,0.0,0.38875000000000004,28.4,88.41250000000001,5565.625,203,Walker2d-v5,8256,Agente_4
1079.4106557369232,192,786432,35.02366158541651,477.3510857801465,-121.55971879947926,106.64,2047,0.019999993965029716,-6.0,0.99,1.0000074325944297e-05,0.00010000000474974513,0.0003,-57.21546173095703,1.0697786808013916,2.5369863510131836,0.10142947733402252,-2.288391590118408,-6.0,3.40728759765625,21.37729263305664,3.27319625978508,3.2866053935721973,0.9442338015339048,0.9598613044436383,1.0,0.9598613044436383,-57.21546173095703,1.0697786808013916,2.5369863510131836,0.10142947733402252,-2.288391590118408,-6.0,55.60790252685547,124.70280456542969,-84.56796264648438,1.0,27.0,0.0,0.0,0.0,0.0,0.0,0.0,0.0,,0.0,-6.0,2047.0,2047.0,0.0,0.019999993965029716,0.019999993965029716,0.0,1.0000074325944297e-05,1.0000074325944297e-05,0.0,0.00010000000474974513,0.00010000000474974513,0.0,0.0003,0.0003,0.0,-6.0,-6.0,0.0,0.0,0.4085714285714285,28.714285714285715,88.42857142857142,5577.82,204,Walker2d-v5,8256,Agente_4
1085.1401453018188,193,790528,73.66799241290519,477.3510857801465,-121.55971879947926,129.88,2047,0.019999993965029716,-6.0,0.99,1.0000074325944297e-05,0.00010000000474974513,0.0003,-58.90834426879883,1.0887869596481323,4.789140224456787,0.10360371321439743,-2.2671821117401123,-6.0,3.5010032653808594,21.169042587280273,3.2866053935721973,3.3080451807530635,0.9423874445184462,0.9368483734720704,1.0,0.9368483734720704,-58.90834426879883,1.0887869596481323,4.789140224456787,0.10360371321439743,-2.2671821117401123,-6.0,57.55570983886719,118.93936920166016,-65.07840728759766,1.0,27.0,0.0,0.0,0.0,0.0,0.0,0.0,0.0,,0.0,-6.0,2047.0,2047.0,0.0,0.019999993965029716,0.019999993965029716,0.0,1.0000074325944297e-05,1.0000074325944297e-05,0.0,0.00010000000474974513,0.00010000000474974513,0.0,0.0003,0.0003,0.0,-6.0,-6.0,0.0,0.0,0.4144444444444445,27.98888888888889,88.41111111111111,5588.536,205,Walker2d-v5,8256,Agente_4
1090.935129404068,194,794624,153.39203784418478,545.3606831243249,-121.55971879947926,173.94,2047,0.019999993965029716,-6.0,0.99,1.0000074325944297e-05,0.00010000000474974513,0.0003,-65.43736267089844,0.9176017642021179,3.3154449462890625,0.10649970173835754,-2.2396130561828613,-6.0,3.076139450073242,19.941006660461426,3.3080451807530635,3.2848546076850815,0.9567905833888347,1.0,1.0,1.0,-65.43736267089844,0.9176017642021179,3.3154449462890625,0.10649970173835754,-2.2396130561828613,-6.0,63.503868103027344,142.58680725097656,-62.8989143371582,1.0,27.0,0.0,0.0,0.0,0.0,0.0,0.0,0.0,,0.0,-6.0,2047.0,2047.0,0.0,0.019999993965029716,0.019999993965029716,0.0,1.0000074325944297e-05,1.0000074325944297e-05,0.0,0.00010000000474974513,0.00010000000474974513,0.0,0.0003,0.0003,0.0,-6.0,-6.0,0.0,0.0,0.34750000000000003,27.7875,88.35,5618.186,206,Walker2d-v5,8256,Agente_4
1096.626618862152,195,798720,214.17373704699486,604.2397778908442,-121.55971879947926,200.81,2047,0.019999993965029716,-6.0,0.99,1.0000074325944297e-05,0.00010000000474974513,0.0003,-64.92507934570312,0.9682568907737732,5.730422019958496,0.11002090573310852,-2.207084894180298,-6.0,3.1592588424682617,19.97664737701416,3.2848546076850815,3.2722950311633996,0.967592937541626,1.0,1.0,1.0,-64.92507934570312,0.9682568907737732,5.730422019958496,0.11002090573310852,-2.207084894180298,-6.0,62.549415588378906,137.45970153808594,-60.87181091308594,1.0,27.0,0.0,0.0,0.0,0.0,0.0,0.0,0.0,,0.0,-6.0,2047.0,2047.0,0.0,0.019999993965029716,0.019999993965029716,0.0,1.0000074325944297e-05,1.0000074325944297e-05,0.0,0.00010000000474974513,0.00010000000474974513,0.0,0.0003,0.0003,0.0,-6.0,-6.0,0.0,0.0,0.31285714285714283,26.814285714285713,88.77142857142857,5617.387,207,Walker2d-v5,8256,Agente_4
1102.2946405410767,196,802816,299.32185803729703,604.2397778908442,-80.02430024314896,226.82,2047,0.019999993965029716,-6.0,0.99,1.0000074325944297e-05,0.00010000000474974513,0.0003,-69.54061126708984,1.1185553073883057,5.093657493591309,0.11422854661941528,-2.1695539951324463,-6.0,3.3295536041259766,20.781503677368164,3.2722950311633996,3.2780208884596576,0.9713582575782815,0.982654217688248,1.0,0.982654217688248,-69.54061126708984,1.1185553073883057,5.093657493591309,0.11422854661941528,-2.1695539951324463,-6.0,66.83993530273438,138.0465087890625,-76.38166046142578,1.0,27.0,0.0,0.0,0.0,0.0,0.0,0.0,0.0,,0.0,-6.0,2047.0,2047.0,0.0,0.019999993965029716,0.019999993965029716,0.0,1.0000074325944297e-05,1.0000074325944297e-05,0.0,0.00010000000474974513,0.00010000000474974513,0.0,0.0003,0.0003,0.0,-6.0,-6.0,0.0,0.0,0.30625,25.85,89.3875,5630.215,208,Walker2d-v5,8256,Agente_4
1108.4860763549805,197,806912,358.37669760077273,604.2397778908442,-14.147589861149966,236.4,2047,0.019999993965029716,-6.0,0.99,1.0000074325944297e-05,0.00010000000474974513,0.0003,-70.48851013183594,0.9504175186157227,5.611741065979004,0.11857110261917114,-2.132242441177368,-6.0,3.085691452026367,18.770935535430908,3.2780208884596576,3.258787944816328,0.9785186931837111,1.0,1.0,1.0,-70.48851013183594,0.9504175186157227,5.611741065979004,0.11857110261917114,-2.132242441177368,-6.0,68.0916976928711,151.63238525390625,-72.81378173828125,1.0,27.0,0.0,0.0,0.0,0.0,0.0,0.0,0.0,,0.0,-6.0,2047.0,2047.0,0.0,0.019999993965029716,0.019999993965029716,0.0,1.0000074325944297e-05,1.0000074325944297e-05,0.0,0.00010000000474974513,0.00010000000474974513,0.0,0.0003,0.0003,0.0,-6.0,-6.0,0.0,0.0,0.18583333333333338,16.337500000000002,85.42083333333333,5702.541,209,Walker2d-v5,8256,Agente_4
1113.7163741588593,198,811008,388.5709616796805,604.2397778908442,82.55355425591331,236.69,2047,0.019999993965029716,-6.0,0.99,1.0000074325944297e-05,0.00010000000474974513,0.0003,-76.13651275634766,1.175657033920288,5.861533164978027,0.12331143021583557,-2.0930421352386475,-6.0,3.4500370025634766,20.698945999145508,3.258787944816328,3.277912850591043,0.9696394500846259,0.9430017207873704,1.0,0.9430017207873704,-76.13651275634766,1.175657033920288,5.861533164978027,0.12331143021583557,-2.0930421352386475,-6.0,73.86772155761719,149.83184814453125,-75.80170440673828,1.0,27.0,0.0,0.0,0.0,0.0,0.0,0.0,0.0,,0.0,-6.0,2047.0,2047.0,0.0,0.019999993965029716,0.019999993965029716,0.0,1.0000074325944297e-05,1.0000074325944297e-05,0.0,0.00010000000474974513,0.00010000000474974513,0.0,0.0003,0.0003,0.0,-6.0,-6.0,0.0,0.0,0.25199999999999995,19.26,79.9,5672.43,210,Walker2d-v5,8256,Agente_4
1119.2495613098145,199,815104,391.0448995511447,604.2397778908442,138.85618873508,221.24,2047,0.019999993965029716,-6.0,0.99,1.0000074325944297e-05,0.00010000000474974513,0.0003,-79.11482238769531,1.2674448490142822,7.191647052764893,0.12834973633289337,-2.0529963970184326,-6.0,3.3887176513671875,25.32993745803833,3.277912850591043,3.2889933306686574,0.9689199612859378,0.9667614948898737,1.0,0.9667614948898737,-79.11482238769531,1.2674448490142822,7.191647052764893,0.12834973633289337,-2.0529963970184326,-6.0,76.44261169433594,154.41448974609375,-89.39796447753906,1.0,27.0,0.0,0.0,0.0,0.0,0.0,0.0,0.0,,0.0,-6.0,2047.0,2047.0,0.0,0.019999993965029716,0.019999993965029716,0.0,1.0000074325944297e-05,1.0000074325944297e-05,0.0,0.00010000000474974513,0.00010000000474974513,0.0,0.0003,0.0003,0.0,-6.0,-6.0,0.0,0.0,0.3375,26.212500000000002,87.1,5679.327,211,Walker2d-v5,8256,Agente_4
1124.7661809921265,200,819200,388.91147426267315,468.78768456346376,138.85618873508,209.48,2047,0.019999993965029716,-6.0,0.99,1.0000074325944297e-05,0.00010000000474974513,0.0003,-87.41757202148438,1.1866470575332642,7.255455493927002,0.13357886672019958,-2.0130631923675537,-6.0,3.5940513610839844,28.83380889892578,3.2889933306686574,3.3194991337101905,0.9545450333935791,0.9114202497165028,1.0,0.9114202497165028,-87.41757202148438,1.1866470575332642,7.255455493927002,0.13357886672019958,-2.0130631923675537,-6.0,84.50875854492188,160.55055236816406,-78.81334686279297,1.0,27.0,0.0,0.0,0.0,0.0,0.0,0.0,0.0,,0.0,-6.0,2047.0,2047.0,0.0,0.019999993965029716,0.019999993965029716,0.0,1.0000074325944297e-05,1.0000074325944297e-05,0.0,0.00010000000474974513,0.00010000000474974513,0.0,0.0003,0.0003,0.0,-6.0,-6.0,0.0,0.0,0.42000000000000004,29.0875,88.65,5652.232,212,Walker2d-v5,8256,Agente_4
1130.3191001415253,201,823296,393.39024711745077,442.7470341141383,356.27020002715,207.06,2047,0.019999993965029716,-6.0,0.99,1.0000074325944297e-05,0.00010000000474974513,0.0003,-84.69816589355469,1.1528303623199463,7.4958906173706055,0.13892291486263275,-1.973836064338684,-6.0,3.852802276611328,16.828126907348633,3.3194991337101905,3.3728294480003043,0.9288046523452506,0.8515835092002647,1.0,0.8515835092002647,-84.69816589355469,1.1528303623199463,7.4958906173706055,0.13892291486263275,-1.973836064338684,-6.0,81.95101165771484,201.7361602783203,-96.58312225341797,1.0,27.0,0.0,0.0,0.0,0.0,0.0,0.0,0.0,,0.0,-6.0,2047.0,2047.0,0.0,0.019999993965029716,0.019999993965029716,0.0,1.0000074325944297e-05,1.0000074325944297e-05,0.0,0.00010000000474974513,0.00010000000474974513,0.0,0.0003,0.0003,0.0,-6.0,-6.0,0.0,0.0,0.4014285714285714,28.657142857142855,88.42857142857143,5647.765,213,Walker2d-v5,8256,Agente_4
1135.8076310157776,202,827392,392.38462720863276,442.7470341141383,356.27020002715,204.93,2047,0.019999993965029716,-6.0,0.99,1.0000074325944297e-05,0.00010000000474974513,0.0003,-86.80240631103516,1.237479567527771,6.600571155548096,0.14399082958698273,-1.9380056858062744,-6.0,3.8783493041992188,23.45755100250244,3.3728294480003043,3.4233814336201958,0.9118062954962662,0.8608112249493136,1.0,0.8608112249493136,-86.80240631103516,1.237479567527771,6.600571155548096,0.14399082958698273,-1.9380056858062744,-6.0,84.16941833496094,160.96348571777344,-76.87921142578125,1.0,27.0,0.0,0.0,0.0,0.0,0.0,0.0,0.0,,0.0,-6.0,2047.0,2047.0,0.0,0.019999993965029716,0.019999993965029716,0.0,1.0000074325944297e-05,1.0000074325944297e-05,0.0,0.00010000000474974513,0.00010000000474974513,0.0,0.0003,0.0003,0.0,-6.0,-6.0,0.0,0.0,0.45375,28.175,88.44999999999999,5626.587,214,Walker2d-v5,8256,Agente_4
1142.3983602523804,203,831488,393.64211535309585,459.92499410545724,354.54891362196435,205.56,2047,0.019999993965029716,-6.0,0.99,1.0000074325944297e-05,0.00010000000474974513,0.0003,-92.28813171386719,0.9989259839057922,4.7235307693481445,0.1484844833612442,-1.907274842262268,-6.0,3.286968231201172,22.667091846466064,3.4233814336201958,3.4097401133782936,0.9338547216221997,1.0,1.0,1.0,-92.28813171386719,0.9989259839057922,4.7235307693481445,0.1484844833612442,-1.907274842262268,-6.0,88.95828247070312,165.6568603515625,-43.42368698120117,1.0,27.0,0.0,0.0,0.0,0.0,0.0,0.0,0.0,,0.0,-6.0,2047.0,2047.0,0.0,0.019999993965029716,0.019999993965029716,0.0,1.0000074325944297e-05,1.0000074325944297e-05,0.0,0.00010000000474974513,0.00010000000474974513,0.0,0.0003,0.0003,0.0,-6.0,-6.0,0.0,0.0,0.3675,28.225,88.3375,5712.576,215,Walker2d-v5,8256,Agente_4
1148.8710565567017,204,835584,378.15738411827704,459.92499410545724,77.2090485124418,207.55,2047,0.019999993965029716,-6.0,0.99,1.0000074325944297e-05,0.00010000000474974513,0.0003,-96.94965362548828,1.0607587099075317,5.086434841156006,0.15246151387691498,-1.880843162536621,-6.0,3.7365896701812744,22.258649349212646,3.4097401133782936,3.4424250690585914,0.927539386060857,0.9085933793768284,1.0,0.9085933793768284,-96.94965362548828,1.0607587099075317,5.086434841156006,0.15246151387691498,-1.880843162536621,-6.0,93.68059539794922,164.3135528564453,-24.150775909423828,1.0,27.0,0.0,0.0,0.0,0.0,0.0,0.0,0.0,,0.0,-6.0,2047.0,2047.0,0.0,0.019999993965029716,0.019999993965029716,0.0,1.0000074325944297e-05,1.0000074325944297e-05,0.0,0.00010000000474974513,0.00010000000474974513,0.0,0.0003,0.0003,0.0,-6.0,-6.0,0.0,0.0,0.3088888888888889,34.06666666666667,79.03333333333333,5780.697,216,Walker2d-v5,8256,Agente_4
1154.3094534873962,205,839680,359.61309592308635,459.92499410545724,60.34032367806061,209.54,2047,0.019999993965029716,-6.0,0.99,1.0000074325944297e-05,0.00010000000474974513,0.0003,-96.41232299804688,1.1953768730163574,2.7455344200134277,0.15559497475624084,-1.8604989051818848,-6.0,3.974334716796875,27.41859722137451,3.4424250690585914,3.4956160338324196,0.9098619924389599,0.8568298115732689,1.0,0.8568298115732689,-96.41232299804688,1.1953768730163574,2.7455344200134277,0.15559497475624084,-1.8604989051818848,-6.0,93.5714340209961,166.04776000976562,-82.71422576904297,1.0,27.0,0.0,0.0,0.0,0.0,0.0,0.0,0.0,,0.0,-6.0,2047.0,2047.0,0.0,0.019999993965029716,0.019999993965029716,0.0,1.0000074325944297e-05,1.0000074325944297e-05,0.0,0.00010000000474974513,0.00010000000474974513,0.0,0.0003,0.0003,0.0,-6.0,-6.0,0.0,0.0,0.29,26.6,81.27142857142857,5755.618,217,Walker2d-v5,8256,Agente_4
1159.8068075180054,206,843776,343.7396324476002,471.9179113289036,60.34032367806061,217.49,2047,0.019999993965029716,-6.0,0.99,1.0000074325944297e-05,0.00010000000474974513,0.0003,-97.44998168945312,0.7958091497421265,-0.12553054094314575,0.15723049640655518,-1.850042462348938,-6.0,3.964648723602295,25.24209213256836,3.4956160338324196,3.542519302809407,0.901005225375063,0.874434924183372,1.0,0.874434924183372,-97.44998168945312,0.7958091497421265,-0.12553054094314575,0.15723049640655518,-1.850042462348938,-6.0,95.03668212890625,167.72476196289062,-88.76692199707031,1.0,27.0,0.0,0.0,0.0,0.0,0.0,0.0,0.0,,0.0,-6.0,2047.0,2047.0,0.0,0.019999993965029716,0.019999993965029716,0.0,1.0000074325944297e-05,1.0000074325944297e-05,0.0,0.00010000000474974513,0.00010000000474974513,0.0,0.0003,0.0003,0.0,-6.0,-6.0,0.0,0.0,0.345,26.675,87.5125,5738.894,218,Walker2d-v5,8256,Agente_4
1165.41091132164,207,847872,324.1368254477827,515.981507060367,60.34032367806061,220.86,2047,0.019999993965029716,-6.0,0.99,1.0000074325944297e-05,0.00010000000474974513,0.0003,-102.15199279785156,0.6797429323196411,-0.0583038330078125,0.15785644948482513,-1.8460692167282104,-6.0,3.654703140258789,22.111466884613037,3.542519302809407,3.553737686554345,0.9179610100354698,0.9688283640166904,1.0,0.9688283640166904,-102.15199279785156,0.6797429323196411,-0.0583038330078125,0.15785644948482513,-1.8460692167282104,-6.0,100.30657958984375,170.96849060058594,-92.374755859375,1.0,27.0,0.0,0.0,0.0,0.0,0.0,0.0,0.0,,0.0,-6.0,2047.0,2047.0,0.0,0.019999993965029716,0.019999993965029716,0.0,1.0000074325944297e-05,1.0000074325944297e-05,0.0,0.00010000000474974513,0.00010000000474974513,0.0,0.0003,0.0003,0.0,-6.0,-6.0,0.0,0.0,0.3857142857142857,28.128571428571433,89.0,5680.399,219,Walker2d-v5,8256,Agente_4
1171.2504756450653,208,851968,318.3946868683735,563.4515956382908,60.34032367806061,226.76,2047,0.019999993965029716,-6.0,0.99,1.0000074325944297e-05,0.00010000000474974513,0.0003,-99.50485229492188,0.766468346118927,-1.8311667442321777,0.15716750919818878,-1.8504431247711182,-6.0,4.33798885345459,19.81438159942627,3.553737686554345,3.6321628032443694,0.8889633800189095,0.8019704899692285,1.0,0.8019704899692285,-99.50485229492188,0.766468346118927,-1.8311667442321777,0.15716750919818878,-1.8504431247711182,-6.0,97.95161437988281,214.76258850097656,-102.70699310302734,1.0,27.0,0.0,0.0,0.0,0.0,0.0,0.0,0.0,,0.0,-6.0,2047.0,2047.0,0.0,0.019999993965029716,0.019999993965029716,0.0,1.0000074325944297e-05,1.0000074325944297e-05,0.0,0.00010000000474974513,0.00010000000474974513,0.0,0.0003,0.0003,0.0,-6.0,-6.0,0.0,0.0,0.405,28.125,88.8875,5741.188,220,Walker2d-v5,8256,Agente_4
1177.47114443779,209,856064,311.5624275076572,563.4515956382908,60.34032367806061,231.66,2047,0.019999993965029716,-6.0,0.99,1.0000074325944297e-05,0.00010000000474974513,0.0003,-105.77000427246094,0.7200567722320557,-1.0627843141555786,0.15531234443187714,-1.8623170852661133,-6.0,3.7645703554153442,22.96516227722168,3.6321628032443694,3.645403558461467,0.9077731015006671,0.9642022659459399,1.0,0.9642022659459399,-105.77000427246094,0.7200567722320557,-1.0627843141555786,0.15531234443187714,-1.8623170852661133,-6.0,104.05157470703125,182.858154296875,-92.45474243164062,1.0,27.0,0.0,0.0,0.0,0.0,0.0,0.0,0.0,,0.0,-6.0,2047.0,2047.0,0.0,0.019999993965029716,0.019999993965029716,0.0,1.0000074325944297e-05,1.0000074325944297e-05,0.0,0.00010000000474974513,0.00010000000474974513,0.0,0.0003,0.0003,0.0,-6.0,-6.0,0.0,0.0,0.30518518518518517,27.514814814814812,84.95555555555556,5809.977,221,Walker2d-v5,8256,Agente_4
1183.0963282585144,210,860160,322.3951709719842,563.4515956382908,60.34032367806061,233.04,2047,0.019999993965029716,-6.0,0.99,1.0000074325944297e-05,0.00010000000474974513,0.0003,-107.12770080566406,0.9279555678367615,-3.285890579223633,0.15279826521873474,-1.8786367177963257,-6.0,4.6575164794921875,29.13457202911377,3.645403558461467,3.746614850564539,0.8702220412867807,0.7575688606451215,1.0,0.7575688606451215,-107.12770080566406,0.9279555678367615,-3.285890579223633,0.15279826521873474,-1.8786367177963257,-6.0,105.13652038574219,172.70114135742188,-96.38968658447266,1.0,27.0,0.0,0.0,0.0,0.0,0.0,0.0,0.0,,0.0,-6.0,2047.0,2047.0,0.0,0.019999993965029716,0.019999993965029716,0.0,1.0000074325944297e-05,1.0000074325944297e-05,0.0,0.00010000000474974513,0.00010000000474974513,0.0,0.0003,0.0003,0.0,-6.0,-6.0,0.0,0.0,0.31000000000000005,26.275,78.35,5821.117,222,Walker2d-v5,8256,Agente_4
1188.623249053955,211,864256,345.1520333067043,563.4515956382908,63.7193796586043,234.32,2047,0.019999993965029716,-6.0,0.99,1.0000074325944297e-05,0.00010000000474974513,0.0003,-105.67144012451172,0.7234273552894592,-4.040381908416748,0.14955851435661316,-1.9000675678253174,-6.0,3.803415298461914,21.898643493652344,3.746614850564539,3.7522948953542765,0.898904999090812,0.9849538725029057,1.0,0.9849538725029057,-105.67144012451172,0.7234273552894592,-4.040381908416748,0.14955851435661316,-1.9000675678253174,-6.0,104.08163452148438,226.18460083007812,-71.39886474609375,1.0,27.0,0.0,0.0,0.0,0.0,0.0,0.0,0.0,,0.0,-6.0,2047.0,2047.0,0.0,0.019999993965029716,0.019999993965029716,0.0,1.0000074325944297e-05,1.0000074325944297e-05,0.0,0.00010000000474974513,0.00010000000474974513,0.0,0.0003,0.0003,0.0,-6.0,-6.0,0.0,0.0,0.33999999999999997,26.0,85.24285714285713,5818.482,223,Walker2d-v5,8256,Agente_4
1194.2307622432709,212,868352,359.941493246964,563.4515956382908,63.7193796586043,226.64,2047,0.019999993965029716,-6.0,0.99,1.0000074325944297e-05,0.00010000000474974513,0.0003,-101.77519226074219,0.7673661708831787,-2.942561149597168,0.14612659811973572,-1.9232819080352783,-6.0,3.8062076568603516,25.825965404510498,3.7522948953542765,3.7576861715048837,0.9206124456602229,0.9857347853684553,1.0,0.9857347853684553,-101.77519226074219,0.7673661708831787,-2.942561149597168,0.14612659811973572,-1.9232819080352783,-6.0,99.47705078125,189.68692016601562,-112.0217514038086,1.0,27.0,0.0,0.0,0.0,0.0,0.0,0.0,0.0,,0.0,-6.0,2047.0,2047.0,0.0,0.019999993965029716,0.019999993965029716,0.0,1.0000074325944297e-05,1.0000074325944297e-05,0.0,0.00010000000474974513,0.00010000000474974513,0.0,0.0003,0.0003,0.0,-6.0,-6.0,0.0,0.0,0.395,27.7125,87.325,5830.405,224,Walker2d-v5,8256,Agente_4
1200.0861232280731,213,872448,362.6783797039279,563.4515956382908,69.4236903237706,224.2,2047,0.019999993965029716,-6.0,0.99,1.0000074325944297e-05,0.00010000000474974513,0.0003,-107.98302459716797,0.9766837358474731,-3.5845396518707275,0.1427779197692871,-1.9464647769927979,-6.0,4.407135009765625,31.62309980392456,3.7576861715048837,3.822631055330958,0.9007790457481513,0.8412788460119361,1.0,0.8412788460119361,-107.98302459716797,0.9766837358474731,-3.5845396518707275,0.1427779197692871,-1.9464647769927979,-6.0,105.038330078125,213.53408813476562,-93.81551361083984,1.0,27.0,0.0,0.0,0.0,0.0,0.0,0.0,0.0,,0.0,-6.0,2047.0,2047.0,0.0,0.019999993965029716,0.019999993965029716,0.0,1.0000074325944297e-05,1.0000074325944297e-05,0.0,0.00010000000474974513,0.00010000000474974513,0.0,0.0003,0.0003,0.0,-6.0,-6.0,0.0,0.0,0.38749999999999996,27.862499999999997,86.9375,5757.085,225,Walker2d-v5,8256,Agente_4
1205.8213970661163,214,876544,370.82660591037273,653.260636099207,69.4236903237706,219.38,2047,0.019999993965029716,-6.0,0.99,1.0000074325944297e-05,0.00010000000474974513,0.0003,-103.44041442871094,0.7335947751998901,-3.64756441116333,0.13973017036914825,-1.968042016029358,-6.0,3.5099964141845703,23.94356393814087,3.822631055330958,3.791367591216319,0.9255842843111135,1.0,1.0,1.0,-103.44041442871094,0.7335947751998901,-3.64756441116333,0.13973017036914825,-1.968042016029358,-6.0,101.32083129882812,183.27056884765625,-96.80906677246094,1.0,27.0,0.0,0.0,0.0,0.0,0.0,0.0,0.0,,0.0,-6.0,2047.0,2047.0,0.0,0.019999993965029716,0.019999993965029716,0.0,1.0000074325944297e-05,1.0000074325944297e-05,0.0,0.00010000000474974513,0.00010000000474974513,0.0,0.0003,0.0003,0.0,-6.0,-6.0,0.0,0.0,0.39875000000000005,27.4,86.7875,5683.166,226,Walker2d-v5,8256,Agente_4
1211.4066321849823,215,880640,375.53888821778804,653.260636099207,98.14721130205577,216.15,2047,0.019999993965029716,-6.0,0.99,1.0000074325944297e-05,0.00010000000474974513,0.0003,-106.37881469726562,0.7895747423171997,-3.1247384548187256,0.13691067695617676,-1.9884265661239624,-6.0,4.060667037963867,25.6328182220459,3.791367591216319,3.818297535891074,0.927046786634783,0.9314342936057917,1.0,0.9314342936057917,-106.37881469726562,0.7895747423171997,-3.1247384548187256,0.13691067695617676,-1.9884265661239624,-6.0,103.57026672363281,184.56158447265625,-102.60504913330078,1.0,27.0,0.0,0.0,0.0,0.0,0.0,0.0,0.0,,0.0,-6.0,2047.0,2047.0,0.0,0.019999993965029716,0.019999993965029716,0.0,1.0000074325944297e-05,1.0000074325944297e-05,0.0,0.00010000000474974513,0.00010000000474974513,0.0,0.0003,0.0003,0.0,-6.0,-6.0,0.0,0.0,0.38375000000000004,27.7875,86.625,5697.763,227,Walker2d-v5,8256,Agente_4
1216.8574521541595,216,884736,386.45440142687585,653.260636099207,134.82794416152734,222.76,2047,0.019999993965029716,-6.0,0.99,1.0000074325944297e-05,0.00010000000474974513,0.0003,-110.12049102783203,0.8900943994522095,-2.686835527420044,0.13454093039035797,-2.0058867931365967,-6.0,4.75889778137207,30.562878608703613,3.818297535891074,3.9123575604391734,0.8906991522506212,0.7816562490981359,1.0,0.7816562490981359,-110.12049102783203,0.8900943994522095,-2.686835527420044,0.13454093039035797,-2.0058867931365967,-6.0,107.18370819091797,194.71762084960938,-129.1033172607422,1.0,27.0,0.0,0.0,0.0,0.0,0.0,0.0,0.0,,0.0,-6.0,2047.0,2047.0,0.0,0.019999993965029716,0.019999993965029716,0.0,1.0000074325944297e-05,1.0000074325944297e-05,0.0,0.00010000000474974513,0.00010000000474974513,0.0,0.0003,0.0003,0.0,-6.0,-6.0,0.0,0.0,0.38,26.450000000000003,86.6,5692.883,228,Walker2d-v5,8256,Agente_4
1222.9237222671509,217,888832,400.16168393449146,657.5150410340526,145.83681307547448,232.97,2047,0.019999993965029716,-6.0,0.99,1.0000074325944297e-05,0.00010000000474974513,0.0003,-106.47245788574219,0.8136258125305176,-3.0800137519836426,0.13232943415641785,-2.022460699081421,-6.0,4.023988723754883,25.587947845458984,3.9123575604391734,3.9235206767707442,0.9109919286827545,0.9718702579791539,1.0,0.9718702579791539,-106.47245788574219,0.8136258125305176,-3.0800137519836426,0.13232943415641785,-2.022460699081421,-6.0,104.11228942871094,199.6957550048828,-132.02740478515625,1.0,27.0,0.0,0.0,0.0,0.0,0.0,0.0,0.0,,0.0,-6.0,2047.0,2047.0,0.0,0.019999993965029716,0.019999993965029716,0.0,1.0000074325944297e-05,1.0000074325944297e-05,0.0,0.00010000000474974513,0.00010000000474974513,0.0,0.0003,0.0003,0.0,-6.0,-6.0,0.0,0.0,0.35874999999999996,27.6875,86.6375,5739.154,229,Walker2d-v5,8256,Agente_4
1228.4591572284698,218,892928,413.6307373339299,733.9417907787173,145.83681307547448,243.4,2047,0.019999993965029716,-6.0,0.99,1.0000074325944297e-05,0.00010000000474974513,0.0003,-111.71966552734375,0.7931495904922485,-1.6887321472167969,0.13024590909481049,-2.0383310317993164,-6.0,3.8983802795410156,25.700522422790527,3.9235206767707442,3.921006637047771,0.9332439465120659,1.0,1.0,1.0,-111.71966552734375,0.7931495904922485,-1.6887321472167969,0.13024590909481049,-2.0383310317993164,-6.0,109.6377944946289,205.3210906982422,-102.25547790527344,1.0,27.0,0.0,0.0,0.0,0.0,0.0,0.0,0.0,,0.0,-6.0,2047.0,2047.0,0.0,0.019999993965029716,0.019999993965029716,0.0,1.0000074325944297e-05,1.0000074325944297e-05,0.0,0.00010000000474974513,0.00010000000474974513,0.0,0.0003,0.0003,0.0,-6.0,-6.0,0.0,0.0,0.38875000000000004,26.5,86.72500000000001,5709.183,230,Walker2d-v5,8256,Agente_4
1234.690688610077,219,897024,415.07324239078486,733.9417907787173,258.59168057335165,241.02,2047,0.019999993965029716,-6.0,0.99,1.0000074325944297e-05,0.00010000000474974513,0.0003,-116.10317993164062,0.8181846141815186,-3.4857382774353027,0.12867538630962372,-2.050462484359741,-6.0,3.682588577270508,29.501453399658203,3.921006637047771,3.897164831070045,0.9499329598840494,1.0,1.0,1.0,-116.10317993164062,0.8181846141815186,-3.4857382774353027,0.12867538630962372,-2.050462484359741,-6.0,113.88143920898438,206.76095581054688,-121.06266021728516,1.0,27.0,0.0,0.0,0.0,0.0,0.0,0.0,0.0,,0.0,-6.0,2047.0,2047.0,0.0,0.019999993965029716,0.019999993965029716,0.0,1.0000074325944297e-05,1.0000074325944297e-05,0.0,0.00010000000474974513,0.00010000000474974513,0.0,0.0003,0.0003,0.0,-6.0,-6.0,0.0,0.0,0.3675,28.1375,86.5875,5710.361,231,Walker2d-v5,8256,Agente_4
1240.2896552085876,220,901120,422.53293457506624,733.9417907787173,251.8688790950121,249.98,2047,0.019999993965029716,-6.0,0.99,1.0000074325944297e-05,0.00010000000474974513,0.0003,-114.61077880859375,0.7768287062644958,-3.675168514251709,0.12669098377227783,-2.0660042762756348,-6.0,3.977886199951172,24.437185287475586,3.897164831070045,3.9052369679581576,0.9573247688347251,0.9795001956867517,1.0,0.9795001956867517,-114.61077880859375,0.7768287062644958,-3.675168514251709,0.12669098377227783,-2.0660042762756348,-6.0,112.75115966796875,195.4925537109375,-97.08473205566406,1.0,27.0,0.0,0.0,0.0,0.0,0.0,0.0,0.0,,0.0,-6.0,2047.0,2047.0,0.0,0.019999993965029716,0.019999993965029716,0.0,1.0000074325944297e-05,1.0000074325944297e-05,0.0,0.00010000000474974513,0.00010000000474974513,0.0,0.0003,0.0003,0.0,-6.0,-6.0,0.0,0.0,0.3525,27.650000000000002,86.51249999999999,5707.657,232,Walker2d-v5,8256,Agente_4
1246.1951098442078,221,905216,426.5525062465069,733.9417907787173,251.8688790950121,253.99,2047,0.019999993965029716,-6.0,0.99,1.0000074325944297e-05,0.00010000000474974513,0.0003,-109.74036407470703,0.9770206212997437,-1.0303453207015991,0.12514440715312958,-2.07828688621521,-6.0,4.261238098144531,37.38531494140625,3.9052369679581576,3.9408370809767947,0.9462115030860337,0.9128717058399597,1.0,0.9128717058399597,-109.74036407470703,0.9770206212997437,-1.0303453207015991,0.12514440715312958,-2.07828688621521,-6.0,106.7289047241211,206.65017700195312,-141.45501708984375,1.0,27.0,0.0,0.0,0.0,0.0,0.0,0.0,0.0,,0.0,-6.0,2047.0,2047.0,0.0,0.019999993965029716,0.019999993965029716,0.0,1.0000074325944297e-05,1.0000074325944297e-05,0.0,0.00010000000474974513,0.00010000000474974513,0.0,0.0003,0.0003,0.0,-6.0,-6.0,0.0,0.0,0.355,27.9375,86.55,5745.942,233,Walker2d-v5,8256,Agente_4
1252.1567554473877,222,909312,417.4994628553124,733.9417907787173,251.8688790950121,248.24,2047,0.019999993965029716,-6.0,0.99,1.0000074325944297e-05,0.00010000000474974513,0.0003,-114.93830108642578,0.7967788577079773,-1.1137802600860596,0.12389971315860748,-2.088282823562622,-6.0,3.7772037982940674,25.41950035095215,3.9408370809767947,3.924473752708522,0.9596586273145253,1.0,1.0,1.0,-114.93830108642578,0.7967788577079773,-1.1137802600860596,0.12389971315860748,-2.088282823562622,-6.0,112.71977233886719,201.23593139648438,-114.60059356689453,1.0,27.0,0.0,0.0,0.0,0.0,0.0,0.0,0.0,,0.0,-6.0,2047.0,2047.0,0.0,0.019999993965029716,0.019999993965029716,0.0,1.0000074325944297e-05,1.0000074325944297e-05,0.0,0.00010000000474974513,0.00010000000474974513,0.0,0.0003,0.0003,0.0,-6.0,-6.0,0.0,0.0,0.3022222222222222,26.57777777777778,86.94444444444444,5781.441,234,Walker2d-v5,8256,Agente_4
1257.7236111164093,223,913408,411.1333428545206,733.9417907787173,251.8688790950121,245.07,2047,0.019999993965029716,-6.0,0.99,1.0000074325944297e-05,0.00010000000474974513,0.0003,-110.39279174804688,0.9150652289390564,-1.5252927541732788,0.12242665886878967,-2.100243091583252,-6.0,3.831239700317383,25.870185375213623,3.924473752708522,3.9151503474694085,0.969743970485894,1.0,1.0,1.0,-110.39279174804688,0.9150652289390564,-1.5252927541732788,0.12242665886878967,-2.100243091583252,-6.0,107.7148666381836,205.59674072265625,-100.64503479003906,1.0,27.0,0.0,0.0,0.0,0.0,0.0,0.0,0.0,,0.0,-6.0,2047.0,2047.0,0.0,0.019999993965029716,0.019999993965029716,0.0,1.0000074325944297e-05,1.0000074325944297e-05,0.0,0.00010000000474974513,0.00010000000474974513,0.0,0.0003,0.0003,0.0,-6.0,-6.0,0.0,0.0,0.36,27.957142857142856,86.1857142857143,5752.028,235,Walker2d-v5,8256,Agente_4
1263.4882264137268,224,917504,396.9356234962854,702.4800038841647,251.8688790950121,238.75,2047,0.019999993965029716,-6.0,0.99,1.0000074325944297e-05,0.00010000000474974513,0.0003,-117.3192367553711,0.8311914205551147,-2.1569600105285645,0.12109515815973282,-2.1111786365509033,-6.0,4.090005874633789,23.339513778686523,3.9151503474694085,3.932635900185846,0.9663883225692489,0.9563213788193137,1.0,0.9563213788193137,-117.3192367553711,0.8311914205551147,-2.1569600105285645,0.12109515815973282,-2.1111786365509033,-6.0,114.55250549316406,204.36721801757812,-162.27667236328125,1.0,27.0,0.0,0.0,0.0,0.0,0.0,0.0,0.0,,0.0,-6.0,2047.0,2047.0,0.0,0.019999993965029716,0.019999993965029716,0.0,1.0000074325944297e-05,1.0000074325944297e-05,0.0,0.00010000000474974513,0.00010000000474974513,0.0,0.0003,0.0003,0.0,-6.0,-6.0,0.0,0.0,0.39625,27.3625,86.1375,5754.977,236,Walker2d-v5,8256,Agente_4
1269.127496957779,225,921600,390.5997711011365,831.4447354870675,208.07848255174002,248.4,2047,0.019999993965029716,-6.0,0.99,1.0000074325944297e-05,0.00010000000474974513,0.0003,-113.2009048461914,0.867045521736145,0.18690937757492065,0.1196678876876831,-2.123034954071045,-6.0,4.651821136474609,28.052138328552246,3.932635900185846,4.004554423814723,0.9330090717180913,0.8328713191646185,1.0,0.8328713191646185,-113.2009048461914,0.867045521736145,0.18690937757492065,0.1196678876876831,-2.123034954071045,-6.0,110.03113555908203,205.64405822753906,-136.70176696777344,1.0,27.0,0.0,0.0,0.0,0.0,0.0,0.0,0.0,,0.0,-6.0,2047.0,2047.0,0.0,0.019999993965029716,0.019999993965029716,0.0,1.0000074325944297e-05,1.0000074325944297e-05,0.0,0.00010000000474974513,0.00010000000474974513,0.0,0.0003,0.0003,0.0,-6.0,-6.0,0.0,0.0,0.3844444444444445,29.200000000000003,81.69999999999999,5760.098,237,Walker2d-v5,8256,Agente_4
1274.9039063453674,226,925696,373.7723707351712,831.4447354870675,199.50375477200924,242.7,2047,0.019999993965029716,-6.0,0.99,1.0000074325944297e-05,0.00010000000474974513,0.0003,-114.53050231933594,0.9337685704231262,-1.2846975326538086,0.11809802800416946,-2.136240243911743,-6.0,4.877750396728516,26.67813205718994,4.004554423814723,4.0918740211061015,0.9007779688890216,0.8040846604018121,1.0,0.8040846604018121,-114.53050231933594,0.9337685704231262,-1.2846975326538086,0.11809802800416946,-2.136240243911743,-6.0,111.23466491699219,206.84104919433594,-146.84609985351562,1.0,27.0,0.0,0.0,0.0,0.0,0.0,0.0,0.0,,0.0,-6.0,2047.0,2047.0,0.0,0.019999993965029716,0.019999993965029716,0.0,1.0000074325944297e-05,1.0000074325944297e-05,0.0,0.00010000000474974513,0.00010000000474974513,0.0,0.0003,0.0003,0.0,-6.0,-6.0,0.0,0.0,0.2925,30.2875,74.4375,5792.583,238,Walker2d-v5,8256,Agente_4
1280.48060464859,227,929792,352.5905953149164,831.4447354870675,143.70261411538277,238.01,2047,0.019999993965029716,-6.0,0.99,1.0000074325944297e-05,0.00010000000474974513,0.0003,-117.276123046875,0.9961694478988647,-0.7749608755111694,0.11642162501811981,-2.1505370140075684,-6.0,4.967806816101074,36.311142921447754,4.0918740211061015,4.179467300605599,0.8774071693174172,0.8072947706026041,1.0,0.8072947706026041,-117.276123046875,0.9961694478988647,-0.7749608755111694,0.11642162501811981,-2.1505370140075684,-6.0,113.10954284667969,204.82029724121094,-81.71089172363281,1.0,27.0,0.0,0.0,0.0,0.0,0.0,0.0,0.0,,0.0,-6.0,2047.0,2047.0,0.0,0.019999993965029716,0.019999993965029716,0.0,1.0000074325944297e-05,1.0000074325944297e-05,0.0,0.00010000000474974513,0.00010000000474974513,0.0,0.0003,0.0003,0.0,-6.0,-6.0,0.0,0.0,0.34142857142857147,25.857142857142858,80.25714285714285,5743.147,239,Walker2d-v5,8256,Agente_4
1285.8884251117706,228,933888,325.7367271678429,831.4447354870675,143.01930870330182,234.16,2047,0.019999993965029716,-6.0,0.99,1.0000074325944297e-05,0.00010000000474974513,0.0003,-115.82759094238281,0.783848226070404,-3.0889477729797363,0.11453269422054291,-2.1668949127197266,-6.0,3.542560577392578,28.216537475585938,4.179467300605599,4.115776628284297,0.9080553769880629,1.0,1.0,1.0,-115.82759094238281,0.783848226070404,-3.0889477729797363,0.11453269422054291,-2.1668949127197266,-6.0,113.65885925292969,207.55677795410156,-154.11228942871094,1.0,27.0,0.0,0.0,0.0,0.0,0.0,0.0,0.0,,0.0,-6.0,2047.0,2047.0,0.0,0.019999993965029716,0.019999993965029716,0.0,1.0000074325944297e-05,1.0000074325944297e-05,0.0,0.00010000000474974513,0.00010000000474974513,0.0,0.0003,0.0003,0.0,-6.0,-6.0,0.0,0.0,0.28625,26.65,85.75,5730.271,240,Walker2d-v5,8256,Agente_4
1291.4589014053345,229,937984,285.53363942941223,705.3248915200395,143.01930870330182,194.66,2047,0.019999993965029716,-6.0,0.99,1.0000074325944297e-05,0.00010000000474974513,0.0003,-112.68943786621094,0.924060583114624,-2.0637943744659424,0.11247958242893219,-2.184983491897583,-6.0,5.221351623535156,23.922799110412598,4.115776628284297,4.226334127809382,0.87215018321968,0.764434601914531,1.0,0.764434601914531,-112.68943786621094,0.924060583114624,-2.0637943744659424,0.11247958242893219,-2.184983491897583,-6.0,109.74725341796875,207.27947998046875,-150.74708557128906,1.0,27.0,0.0,0.0,0.0,0.0,0.0,0.0,0.0,,0.0,-6.0,2047.0,2047.0,0.0,0.019999993965029716,0.019999993965029716,0.0,1.0000074325944297e-05,1.0000074325944297e-05,0.0,0.00010000000474974513,0.00010000000474974513,0.0,0.0003,0.0003,0.0,-6.0,-6.0,0.0,0.0,0.39857142857142863,28.442857142857143,86.52857142857144,5664.061,241,Walker2d-v5,8256,Agente_4
1297.0045714378357,230,942080,254.3108383787043,705.3248915200395,143.01930870330182,169.56,2047,0.019999993965029716,-6.0,0.99,1.0000074325944297e-05,0.00010000000474974513,0.0003,-110.6294937133789,0.8801795244216919,-3.0132479667663574,0.11018617451190948,-2.2055838108062744,-6.0,4.173357009887695,33.6892786026001,4.226334127809382,4.221036416017213,0.90411263741476,1.0,1.0,1.0,-110.6294937133789,0.8801795244216919,-3.0132479667663574,0.11018617451190948,-2.2055838108062744,-6.0,108.5513687133789,218.66000366210938,-170.37966918945312,1.0,27.0,0.0,0.0,0.0,0.0,0.0,0.0,0.0,,0.0,-6.0,2047.0,2047.0,0.0,0.019999993965029716,0.019999993965029716,0.0,1.0000074325944297e-05,1.0000074325944297e-05,0.0,0.00010000000474974513,0.00010000000474974513,0.0,0.0003,0.0003,0.0,-6.0,-6.0,0.0,0.0,0.38375000000000004,28.3125,86.3,5658.358,242,Walker2d-v5,8256,Agente_4
1302.5279791355133,231,946176,214.4848707759562,461.921416416178,145.826275832834,123.41,2047,0.019999993965029716,-6.0,0.99,1.0000074325944297e-05,0.00010000000474974513,0.0003,-108.72793579101562,0.9321817755699158,-1.8105382919311523,0.10761244595050812,-2.2292189598083496,-6.0,4.081207275390625,30.544835567474365,4.221036416017213,4.2070535019545545,0.92808447806107,1.0,1.0,1.0,-108.72793579101562,0.9321817755699158,-1.8105382919311523,0.10761244595050812,-2.2292189598083496,-6.0,106.56842041015625,210.0018768310547,-182.15185546875,1.0,27.0,0.0,0.0,0.0,0.0,0.0,0.0,0.0,,0.0,-6.0,2047.0,2047.0,0.0,0.019999993965029716,0.019999993965029716,0.0,1.0000074325944297e-05,1.0000074325944297e-05,0.0,0.00010000000474974513,0.00010000000474974513,0.0,0.0003,0.0003,0.0,-6.0,-6.0,0.0,0.0,0.39571428571428574,28.099999999999998,86.17142857142858,5620.142,243,Walker2d-v5,8256,Agente_4
1308.2891886234283,232,950272,195.3807599445969,428.27272027996,138.96730144737577,118.97,2047,0.019999993965029716,-6.0,0.99,1.0000074325944297e-05,0.00010000000474974513,0.0003,-115.54107666015625,0.8549537658691406,-2.850085973739624,0.10528943687677383,-2.251042127609253,-6.0,4.008398056030273,30.585387229919434,4.2070535019545545,4.187187957362126,0.9460633585458025,1.0,1.0,1.0,-115.54107666015625,0.8549537658691406,-2.850085973739624,0.10528943687677383,-2.251042127609253,-6.0,112.41680145263672,205.82260131835938,-172.4176025390625,1.0,27.0,0.0,0.0,0.0,0.0,0.0,0.0,0.0,,0.0,-6.0,2047.0,2047.0,0.0,0.019999993965029716,0.019999993965029716,0.0,1.0000074325944297e-05,1.0000074325944297e-05,0.0,0.00010000000474974513,0.00010000000474974513,0.0,0.0003,0.0003,0.0,-6.0,-6.0,0.0,0.0,0.43999999999999995,28.125,86.1375,5600.059,244,Walker2d-v5,8256,Agente_4
1313.9900708198547,233,954368,191.80203770970067,358.834950840574,138.96730144737577,115.42,2047,0.019999993965029716,-6.0,0.99,1.0000074325944297e-05,0.00010000000474974513,0.0003,-119.29153442382812,0.7658412456512451,-2.9930224418640137,0.10293014347553253,-2.273704767227173,-6.0,3.601207733154297,21.636221885681152,4.187187957362126,4.128589934941343,0.9595475189093519,1.0,1.0,1.0,-119.29153442382812,0.7658412456512451,-2.9930224418640137,0.10293014347553253,-2.273704767227173,-6.0,116.72065734863281,203.1071014404297,-176.50901794433594,1.0,27.0,0.0,0.0,0.0,0.0,0.0,0.0,0.0,,0.0,-6.0,2047.0,2047.0,0.0,0.019999993965029716,0.019999993965029716,0.0,1.0000074325944297e-05,1.0000074325944297e-05,0.0,0.00010000000474974513,0.00010000000474974513,0.0,0.0003,0.0003,0.0,-6.0,-6.0,0.0,0.0,0.41875,28.1625,85.92500000000001,5613.507,245,Walker2d-v5,8256,Agente_4
1319.480230331421,234,958464,196.65042529464029,358.834950840574,138.96730144737577,116.59,2047,0.019999993965029716,-6.0,0.99,1.0000074325944297e-05,0.00010000000474974513,0.0003,-113.80418395996094,0.7186498641967773,-4.499993324279785,0.10064023733139038,-2.296203136444092,-6.0,3.282411575317383,29.04991054534912,4.128589934941343,4.043972098978947,0.969660639182014,1.0,1.0,1.0,-113.80418395996094,0.7186498641967773,-4.499993324279785,0.10064023733139038,-2.296203136444092,-6.0,111.65450286865234,208.43521118164062,-139.3054656982422,1.0,27.0,0.0,0.0,0.0,0.0,0.0,0.0,0.0,,0.0,-6.0,2047.0,2047.0,0.0,0.019999993965029716,0.019999993965029716,0.0,1.0000074325944297e-05,1.0000074325944297e-05,0.0,0.00010000000474974513,0.00010000000474974513,0.0,0.0003,0.0003,0.0,-6.0,-6.0,0.0,0.0,0.37999999999999995,28.328571428571426,86.02857142857142,5586.333,246,Walker2d-v5,8256,Agente_4
1325.107087612152,235,962560,201.5399059604167,278.9533200176845,148.88757755767693,111.23,2047,0.019999993965029716,-6.0,0.99,1.0000074325944297e-05,0.00010000000474974513,0.0003,-116.7655029296875,0.7790233492851257,-2.4493205547332764,0.09855238348245621,-2.317167043685913,-6.0,3.68793523311615,19.56405258178711,4.043972098978947,4.0083684123926675,0.9772454793865104,1.0,1.0,1.0,-116.7655029296875,0.7790233492851257,-2.4493205547332764,0.09855238348245621,-2.317167043685913,-6.0,113.76610565185547,209.17306518554688,-195.26846313476562,1.0,27.0,0.0,0.0,0.0,0.0,0.0,0.0,0.0,,0.0,-6.0,2047.0,2047.0,0.0,0.019999993965029716,0.019999993965029716,0.0,1.0000074325944297e-05,1.0000074325944297e-05,0.0,0.00010000000474974513,0.00010000000474974513,0.0,0.0003,0.0003,0.0,-6.0,-6.0,0.0,0.0,0.32,28.4625,85.9625,5585.349,247,Walker2d-v5,8256,Agente_4
1330.6893892288208,236,966656,203.14639520273155,258.4664361172169,157.30829080015513,110.86,2047,0.019999993965029716,-6.0,0.99,1.0000074325944297e-05,0.00010000000474974513,0.0003,-119.55502319335938,0.6910374164581299,-2.8894503116607666,0.09669864177703857,-2.336155891418457,-6.0,2.9820594787597656,22.70745086669922,4.0083684123926675,3.9057375190293775,0.9829341095398828,1.0,1.0,1.0,-119.55502319335938,0.6910374164581299,-2.8894503116607666,0.09669864177703857,-2.336155891418457,-6.0,117.05970764160156,210.0421905517578,-141.67930603027344,1.0,27.0,0.0,0.0,0.0,0.0,0.0,0.0,0.0,,0.0,-6.0,2047.0,2047.0,0.0,0.019999993965029716,0.019999993965029716,0.0,1.0000074325944297e-05,1.0000074325944297e-05,0.0,0.00010000000474974513,0.00010000000474974513,0.0,0.0003,0.0003,0.0,-6.0,-6.0,0.0,0.0,0.42000000000000004,28.1125,85.625,5565.694,248,Walker2d-v5,8256,Agente_4
1336.2904748916626,237,970752,201.65190871714327,258.4664361172169,149.93092448770602,108.95,2047,0.019999993965029716,-6.0,0.99,1.0000074325944297e-05,0.00010000000474974513,0.0003,-114.86305236816406,0.7822932004928589,0.6948102116584778,0.09502486139535904,-2.353616714477539,-6.0,4.200935363769531,20.46392059326172,3.9057375190293775,3.935257303503393,0.9690018398251881,0.9272050306811039,1.0,0.9272050306811039,-114.86305236816406,0.7822932004928589,0.6948102116584778,0.09502486139535904,-2.353616714477539,-6.0,111.67518615722656,241.09994506835938,-145.24301147460938,1.0,27.0,0.0,0.0,0.0,0.0,0.0,0.0,0.0,,0.0,-6.0,2047.0,2047.0,0.0,0.019999993965029716,0.019999993965029716,0.0,1.0000074325944297e-05,1.0000074325944297e-05,0.0,0.00010000000474974513,0.00010000000474974513,0.0,0.0003,0.0003,0.0,-6.0,-6.0,0.0,0.0,0.3628571428571429,28.414285714285715,85.79999999999998,5568.404,249,Walker2d-v5,8256,Agente_4
1341.8933420181274,238,974848,198.94568486988905,248.6463604062,142.3466477501942,106.83,2047,0.019999993965029716,-6.0,0.99,1.0000074325944297e-05,0.00010000000474974513,0.0003,-117.16863250732422,0.6498576998710632,-1.9872938394546509,0.0938829556107521,-2.365706443786621,-6.0,3.0604114532470703,21.78773021697998,3.935257303503393,3.847772718477761,0.976751379868891,1.0,1.0,1.0,-117.16863250732422,0.6498576998710632,-1.9872938394546509,0.0938829556107521,-2.365706443786621,-6.0,114.42520904541016,213.48248291015625,-183.6468963623047,1.0,27.0,0.0,0.0,0.0,0.0,0.0,0.0,0.0,,0.0,-6.0,2047.0,2047.0,0.0,0.019999993965029716,0.019999993965029716,0.0,1.0000074325944297e-05,1.0000074325944297e-05,0.0,0.00010000000474974513,0.00010000000474974513,0.0,0.0003,0.0003,0.0,-6.0,-6.0,0.0,0.0,0.35750000000000004,27.6625,85.80000000000001,5587.855,250,Walker2d-v5,8256,Agente_4
1347.59255194664,239,978944,194.9822480587449,248.6463604062,117.21375801835342,104.4,2047,0.019999993965029716,-6.0,0.99,1.0000074325944297e-05,0.00010000000474974513,0.0003,-120.43359375,0.8089900612831116,-2.3249940872192383,0.09244096279144287,-2.3811850547790527,-6.0,3.4598960876464844,23.68047571182251,3.847772718477761,3.808985055394633,0.9825635349016683,1.0,1.0,1.0,-120.43359375,0.8089900612831116,-2.3249940872192383,0.09244096279144287,-2.3811850547790527,-6.0,117.84754943847656,230.99440002441406,-186.67587280273438,1.0,27.0,0.0,0.0,0.0,0.0,0.0,0.0,0.0,,0.0,-6.0,2047.0,2047.0,0.0,0.019999993965029716,0.019999993965029716,0.0,1.0000074325944297e-05,1.0000074325944297e-05,0.0,0.00010000000474974513,0.00010000000474974513,0.0,0.0003,0.0003,0.0,-6.0,-6.0,0.0,0.0,0.3744444444444444,25.555555555555557,85.71111111111111,5600.363,251,Walker2d-v5,8256,Agente_4
1353.1752135753632,240,983040,196.4389290098194,258.9369555598586,117.21375801835342,105.64,2047,0.019999993965029716,-6.0,0.99,1.0000074325944297e-05,0.00010000000474974513,0.0003,-118.69696044921875,0.7131776809692383,-3.5922305583953857,0.0908220186829567,-2.3988535404205322,-6.0,3.4899721145629883,18.26552677154541,3.808985055394633,3.7770837613114687,0.9869226511762512,1.0,1.0,1.0,-118.69696044921875,0.7131776809692383,-3.5922305583953857,0.0908220186829567,-2.3988535404205322,-6.0,116.1909408569336,214.4303436279297,-196.1934356689453,1.0,27.0,0.0,0.0,0.0,0.0,0.0,0.0,0.0,,0.0,-6.0,2047.0,2047.0,0.0,0.019999993965029716,0.019999993965029716,0.0,1.0000074325944297e-05,1.0000074325944297e-05,0.0,0.00010000000474974513,0.00010000000474974513,0.0,0.0003,0.0003,0.0,-6.0,-6.0,0.0,0.0,0.41375,27.7625,85.7125,5604.414,252,Walker2d-v5,8256,Agente_4
1358.8638467788696,241,987136,199.41012639238647,258.9369555598586,91.31701467105381,107.78,2047,0.019999993965029716,-6.0,0.99,1.0000074325944297e-05,0.00010000000474974513,0.0003,-110.64689636230469,0.7650169134140015,-1.3610243797302246,0.08891444653272629,-2.4200806617736816,-6.0,3.2714157104492188,22.912471771240234,3.7770837613114687,3.7265169562252436,0.9901919883821884,1.0,1.0,1.0,-110.64689636230469,0.7650169134140015,-1.3610243797302246,0.08891444653272629,-2.4200806617736816,-6.0,108.00466918945312,219.66648864746094,-200.23602294921875,1.0,27.0,0.0,0.0,0.0,0.0,0.0,0.0,0.0,,0.0,-6.0,2047.0,2047.0,0.0,0.019999993965029716,0.019999993965029716,0.0,1.0000074325944297e-05,1.0000074325944297e-05,0.0,0.00010000000474974513,0.00010000000474974513,0.0,0.0003,0.0003,0.0,-6.0,-6.0,0.0,0.0,0.32875,26.5,86.0,5620.432,253,Walker2d-v5,8256,Agente_4
1364.3656322956085,242,991232,195.24500887735928,247.9547413751358,91.31701467105381,105.67,2047,0.019999993965029716,-6.0,0.99,1.0000074325944297e-05,0.00010000000474974513,0.0003,-116.20569610595703,0.7546039819717407,-1.5825254917144775,0.08708401024341583,-2.4408819675445557,-6.0,3.237241744995117,20.81467914581299,3.7265169562252436,3.677589435102231,0.9926439912866413,1.0,1.0,1.0,-116.20569610595703,0.7546039819717407,-1.5825254917144775,0.08708401024341583,-2.4408819675445557,-6.0,113.46109008789062,219.55645751953125,-191.9960174560547,1.0,27.0,0.0,0.0,0.0,0.0,0.0,0.0,0.0,,0.0,-6.0,2047.0,2047.0,0.0,0.019999993965029716,0.019999993965029716,0.0,1.0000074325944297e-05,1.0000074325944297e-05,0.0,0.00010000000474974513,0.00010000000474974513,0.0,0.0003,0.0003,0.0,-6.0,-6.0,0.0,0.0,0.26142857142857145,23.785714285714285,86.75714285714287,5594.573,254,Walker2d-v5,8256,Agente_4
1369.8419225215912,243,995328,186.13401789705065,266.43388507960236,87.27045946513157,100.95,2047,0.019999993965029716,-6.0,0.99,1.0000074325944297e-05,0.00010000000474974513,0.0003,-121.38429260253906,0.6880197525024414,-3.306535243988037,0.08565442264080048,-2.4574344158172607,-6.0,2.9346866607666016,13.632915496826172,3.677589435102231,3.603299157668668,0.9944829934649809,1.0,1.0,1.0,-121.38429260253906,0.6880197525024414,-3.306535243988037,0.08565442264080048,-2.4574344158172607,-6.0,119.61885833740234,218.61224365234375,-181.37376403808594,1.0,27.0,0.0,0.0,0.0,0.0,0.0,0.0,0.0,,0.0,-6.0,2047.0,2047.0,0.0,0.019999993965029716,0.019999993965029716,0.0,1.0000074325944297e-05,1.0000074325944297e-05,0.0,0.00010000000474974513,0.00010000000474974513,0.0,0.0003,0.0003,0.0,-6.0,-6.0,0.0,0.0,0.21625,23.7375,86.42500000000001,5572.145,255,Walker2d-v5,8256,Agente_4
1375.4278910160065,244,999424,178.09098805190425,266.43388507960236,87.27045946513157,96.43,2047,0.019999993965029716,-6.0,0.99,1.0000074325944297e-05,0.00010000000474974513,0.0003,-114.67743682861328,0.6750064492225647,-3.035491943359375,0.08395484834909439,-2.477476119995117,-6.0,2.9208755493164062,21.99995994567871,3.603299157668668,3.535056796833442,0.9958622450987357,1.0,1.0,1.0,-114.67743682861328,0.6750064492225647,-3.035491943359375,0.08395484834909439,-2.477476119995117,-6.0,112.41191101074219,224.6618194580078,-191.23948669433594,1.0,27.0,0.0,0.0,0.0,0.0,0.0,0.0,0.0,,0.0,-6.0,2047.0,2047.0,0.0,0.019999993965029716,0.019999993965029716,0.0,1.0000074325944297e-05,1.0000074325944297e-05,0.0,0.00010000000474974513,0.00010000000474974513,0.0,0.0003,0.0003,0.0,-6.0,-6.0,0.0,0.0,0.2542857142857143,23.614285714285717,86.08571428571429,5581.559,256,Walker2d-v5,8256,Agente_4
1380.8232207298279,245,1003520,173.20966172905733,249.63759626422816,88.38414417176209,93.82,2047,0.019999993965029716,-6.0,0.99,1.0000074325944297e-05,0.00010000000474974513,0.0003,-131.71142578125,0.5591735243797302,-3.5019969940185547,0.08221302926540375,-2.498441457748413,-6.0,2.5495529174804688,15.24507188796997,3.535056796833442,3.4365064088981447,0.9968966838240517,1.0,1.0,1.0,-131.71142578125,0.5591735243797302,-3.5019969940185547,0.08221302926540375,-2.498441457748413,-6.0,130.36724853515625,229.15182495117188,-148.22341918945312,1.0,27.0,0.0,0.0,0.0,0.0,0.0,0.0,0.0,,0.0,-6.0,2047.0,2047.0,0.0,0.019999993965029716,0.019999993965029716,0.0,1.0000074325944297e-05,1.0000074325944297e-05,0.0,0.00010000000474974513,0.00010000000474974513,0.0,0.0003,0.0003,0.0,-6.0,-6.0,0.0,0.0,0.27571428571428575,23.82857142857143,85.49999999999999,5558.488,257,Walker2d-v5,8256,Agente_4
