time_total_s,training_iteration,timesteps_total,env_runners/episode_return_mean,env_runners/episode_return_max,env_runners/episode_return_min,env_runners/episode_len_mean,config/lr,config/entropy_coeff,config/lambda,config/clip_param,config/train_batch_size,config/vf_loss_coeff,config/gamma,info/learner/default_policy/learner_stats/kl,info/learner/default_policy/learner_stats/entropy,info/learner/default_policy/learner_stats/vf_explained_var,info/learner/default_policy/learner_stats/policy_loss,info/learner/default_policy/learner_stats/vf_loss,custom_metrics/policy_kl,custom_metrics/vf_explained_var,custom_metrics/policy_entropy,custom_metrics/diagnostics_valid,custom_metrics/pb2_desired_lr,custom_metrics/pb2_effective_lr,custom_metrics/pb2_mismatch_lr,custom_metrics/pb2_desired_clip_param,custom_metrics/pb2_effective_clip_param,custom_metrics/pb2_mismatch_clip_param,custom_metrics/pb2_desired_lambda,custom_metrics/pb2_effective_lambda,custom_metrics/pb2_mismatch_lambda,custom_metrics/pb2_desired_entropy_coeff,custom_metrics/pb2_effective_entropy_coeff,custom_metrics/pb2_mismatch_entropy_coeff,custom_metrics/pb2_effective_hp_mismatch_count,perf/gpu_util_percent0,perf/cpu_util_percent,perf/ram_util_percent,timers/training_iteration_time_ms,causal_order,entorno,semilla,agente_id
468.88072061538696,75,1930984,684.4155129707622,1173.2881831765528,110.67383622612728,239.93478260869566,0.0009594648727215827,0.0,0.9894265532493591,0.45884355902671814,14103,0.5,0.99,0.012807339503585423,4.777351434142501,0.5059418316240664,-0.05351597586370729,8.389613769672534,0.012807339503585423,0.5059418316240664,4.777351434142501,1.0,0.0009594648727215827,0.0009594648727215827,0.0,0.45884355902671814,0.45884355902671814,0.0,0.9894265532493591,0.9894265532493591,0.0,0.0,0.0,0.0,0.0,0.20166666666666666,31.45,69.80000000000001,3575.597,0,Hopper-v5,9107,Agente_1
471.9639675617218,76,1945088,717.1732469558383,1246.4913415820697,110.67383622612728,243.41,0.0009594648727215827,0.0,0.9894265532493591,0.45884355902671814,14103,0.5,0.99,0.013051009403702834,4.920605618865402,0.646003171911946,-0.04411500164618095,8.360545080679435,0.013051009403702834,0.646003171911946,4.920605618865402,1.0,0.0009594648727215827,0.0009594648727215827,0.0,0.45884355902671814,0.45884355902671814,0.0,0.9894265532493591,0.9894265532493591,0.0,0.0,0.0,0.0,0.0,0.715,32.1,65.825,3324.456,1,Hopper-v5,9107,Agente_1
475.2701025009155,77,1959192,738.7557470565998,1749.2609349931565,315.9071556375792,239.5,0.0009594648727215827,0.0,0.9894265532493591,0.45884355902671814,14103,0.5,0.99,0.01231548589350024,4.872344117694431,0.7881694696567677,-0.04775064063637897,7.881253903000443,0.01231548589350024,0.7881694696567677,4.872344117694431,1.0,0.0009594648727215827,0.0009594648727215827,0.0,0.45884355902671814,0.45884355902671814,0.0,0.9894265532493591,0.9894265532493591,0.0,0.0,0.0,0.0,0.0,0.376,31.4,63.6,3313.041,2,Hopper-v5,9107,Agente_1
478.65315413475037,78,1973296,710.3605718750964,1749.2609349931565,156.26109079963913,229.85,0.0009594648727215827,0.0,0.9894265532493591,0.45884355902671814,14103,0.5,0.99,0.012379418340990217,4.808284733030531,0.6886661427992361,-0.03833455115004822,8.08399837281969,0.012379418340990217,0.6886661427992361,4.808284733030531,1.0,0.0009594648727215827,0.0009594648727215827,0.0,0.45884355902671814,0.45884355902671814,0.0,0.9894265532493591,0.9894265532493591,0.0,0.0,0.0,0.0,0.0,0.37666666666666665,38.9,68.01666666666667,3327.913,3,Hopper-v5,9107,Agente_1
482.5384213924408,79,1987400,673.278596158827,1187.7664869686587,40.61427320764048,239.78947368421052,0.0009594648727215827,0.0,0.9894265532493591,0.45884355902671814,14103,0.5,0.99,0.01378593494192977,4.9038428748095475,0.4851059792218385,-0.032674197307615366,8.818395671138058,0.01378593494192977,0.4851059792218385,4.9038428748095475,1.0,0.0009594648727215827,0.0009594648727215827,0.0,0.45884355902671814,0.45884355902671814,0.0,0.9894265532493591,0.9894265532493591,0.0,0.0,0.0,0.0,0.0,0.35333333333333333,29.46666666666667,65.56666666666666,3875.618,4,Hopper-v5,9107,Agente_1
485.7604820728302,80,2001504,760.8890998006258,1397.8064655523644,40.61427320764048,260.42857142857144,0.0009594648727215827,0.0,0.9894265532493591,0.45884355902671814,14103,0.5,0.99,0.013989792540417477,5.040705133367468,0.7112028227912055,-0.04354038277502965,8.49029191688255,0.013989792540417477,0.7112028227912055,5.040705133367468,1.0,0.0009594648727215827,0.0009594648727215827,0.0,0.45884355902671814,0.45884355902671814,0.0,0.9894265532493591,0.9894265532493591,0.0,0.0,0.0,0.0,0.0,0.34,31.450000000000003,59.0,3541.817,5,Hopper-v5,9107,Agente_1
10.781605005264282,1,43736,15.264129032680902,161.00227345232784,-0.16971078166447318,20.03237742830712,5.951985078764537e-05,0.0,0.9804701846184963,0.3995778936985531,43732,0.5,0.99,0.03604896969339975,4.212355181189144,0.11094021804192487,-0.03710208737674881,6.089895169875201,0.03604896969339975,0.11094021804192487,4.212355181189144,1.0,5.951985078764537e-05,5.951985078764537e-05,0.0,0.3995778936985531,0.3995778936985531,0.0,0.9804701846184963,0.9804701846184963,0.0,0.0,0.0,0.0,0.0,0.4666666666666667,36.01333333333333,72.34666666666668,10738.965,0,Hopper-v5,9107,Agente_2
21.313557386398315,2,87472,47.09169443233636,262.91997294643994,2.394943174598207,36.76335877862596,5.951985078764537e-05,0.0,0.9804701846184963,0.3995778936985531,43732,0.5,0.99,0.02958726945831372,4.06364927852855,0.11387013645733104,-0.03823094967095291,7.9599042735380285,0.02958726945831372,0.11387013645733104,4.06364927852855,1.0,5.951985078764537e-05,5.951985078764537e-05,0.0,0.3995778936985531,0.3995778936985531,0.0,0.9804701846184963,0.9804701846184963,0.0,0.0,0.0,0.0,0.0,0.5886666666666667,37.07333333333334,73.44,10624.6,1,Hopper-v5,9107,Agente_2
30.02700686454773,3,131208,118.07107809684571,274.4195761995463,4.852815714298413,65.49846153846154,5.951985078764537e-05,0.0,0.9804701846184963,0.3995778936985531,43732,0.5,0.99,0.018664796308345537,3.989037975142984,0.06402561278904186,-0.02976126635337577,9.426871437745936,0.018664796308345537,0.06402561278904186,3.989037975142984,1.0,5.951985078764537e-05,5.951985078764537e-05,0.0,0.3995778936985531,0.3995778936985531,0.0,0.9804701846184963,0.9804701846184963,0.0,0.0,0.0,0.0,0.0,0.3169230769230769,26.353846153846156,57.77692307692309,8694.835,2,Hopper-v5,9107,Agente_2
39.55538773536682,4,174944,160.22699610188187,295.6428283759054,8.399232513195464,79.95588235294117,5.951985078764537e-05,0.0,0.9804701846184963,0.3995778936985531,43732,0.5,0.99,0.01491446258567842,3.9760376941456514,0.025673423584769754,-0.02200609169462148,9.655499196894029,0.01491446258567842,0.025673423584769754,3.9760376941456514,1.0,5.951985078764537e-05,5.951985078764537e-05,0.0,0.3995778936985531,0.3995778936985531,0.0,0.9804701846184963,0.9804701846184963,0.0,0.0,0.0,0.0,0.0,0.41000000000000003,35.830769230769235,65.58461538461539,9103.473,3,Hopper-v5,9107,Agente_2
49.41111636161804,5,218680,213.58416133009106,309.3657637962956,9.649872839079327,99.13380281690141,5.951985078764537e-05,0.0,0.9804701846184963,0.3995778936985531,43732,0.5,0.99,0.011376050749561682,3.9430142253987928,0.02807823994580437,-0.011634189096443794,9.760818883110495,0.011376050749561682,0.02807823994580437,3.9430142253987928,1.0,5.951985078764537e-05,5.951985078764537e-05,0.0,0.3995778936985531,0.3995778936985531,0.0,0.9804701846184963,0.9804701846184963,0.0,0.0,0.0,0.0,0.0,0.5021428571428571,32.90714285714285,65.92142857142856,9837.876,4,Hopper-v5,9107,Agente_2
60.99610376358032,6,262416,222.97756540296137,327.1473999283933,29.391464814971545,101.02314814814815,5.951985078764537e-05,0.0,0.9804701846184963,0.3995778936985531,43732,0.5,0.99,0.011903679048976783,3.9571548254349653,-0.0291982138858122,-0.009501007418422138,9.7656717042362,0.011903679048976783,-0.0291982138858122,3.9571548254349653,1.0,5.951985078764537e-05,5.951985078764537e-05,0.0,0.3995778936985531,0.3995778936985531,0.0,0.9804701846184963,0.9804701846184963,0.0,0.0,0.0,0.0,0.0,0.604375,37.631249999999994,72.26249999999999,10701.388,5,Hopper-v5,9107,Agente_2
71.31069564819336,7,306152,224.20554287972877,329.8630322474695,41.42564145902989,99.85159817351598,5.951985078764537e-05,0.0,0.9804701846184963,0.3995778936985531,43732,0.5,0.99,0.00735846506062872,3.9348976912217983,0.038574589911629174,-0.00542741963530288,9.706780419069178,0.00735846506062872,0.038574589911629174,3.9348976912217983,1.0,5.951985078764537e-05,5.951985078764537e-05,0.0,0.3995778936985531,0.3995778936985531,0.0,0.9804701846184963,0.9804701846184963,0.0,0.0,0.0,0.0,0.0,0.6386666666666667,37.62,73.6,10568.388,6,Hopper-v5,9107,Agente_2
82.24135375022888,8,349888,226.59721823518984,320.754426238911,45.83841090636354,99.47835990888383,5.951985078764537e-05,0.0,0.9804701846184963,0.3995778936985531,43732,0.5,0.99,0.008489666508770942,3.8908051872253417,0.02835774162236382,-0.008533914642518058,9.623013362884521,0.008489666508770942,0.02835774162236382,3.8908051872253417,1.0,5.951985078764537e-05,5.951985078764537e-05,0.0,0.3995778936985531,0.3995778936985531,0.0,0.9804701846184963,0.9804701846184963,0.0,0.0,0.0,0.0,0.0,0.7886666666666666,35.28666666666667,73.67333333333335,10655.025,7,Hopper-v5,9107,Agente_2
93.38321328163147,9,393624,234.7544071952368,323.9679762840239,53.69720487383318,101.59767441860465,5.951985078764537e-05,0.0,0.9804701846184963,0.3995778936985531,43732,0.5,0.99,0.01011756362093901,3.9199374891729915,0.05451689096058116,-0.008928748310050543,9.573627015282126,0.01011756362093901,0.05451689096058116,3.9199374891729915,1.0,5.951985078764537e-05,5.951985078764537e-05,0.0,0.3995778936985531,0.3995778936985531,0.0,0.9804701846184963,0.9804701846184963,0.0,0.0,0.0,0.0,0.0,0.7080000000000001,36.06666666666667,73.69333333333334,10730.862,8,Hopper-v5,9107,Agente_2
103.39099597930908,10,437360,242.61028460324866,337.2727059374431,47.880007154055285,103.18632075471699,5.951985078764537e-05,0.0,0.9804701846184963,0.3995778936985531,43732,0.5,0.99,0.023305171139415035,3.976611421809477,-0.0162546809981851,-0.019028831908808035,9.595988309523639,0.023305171139415035,-0.0162546809981851,3.976611421809477,1.0,5.951985078764537e-05,5.951985078764537e-05,0.0,0.3995778936985531,0.3995778936985531,0.0,0.9804701846184963,0.9804701846184963,0.0,0.0,0.0,0.0,0.0,0.4757142857142857,33.17142857142857,68.37142857142858,10607.517,9,Hopper-v5,9107,Agente_2
114.75299978256226,11,481096,267.67613190615964,497.421626510067,57.58152829808233,118.16338028169014,5.951985078764537e-05,0.0,0.9804701846184963,0.3995778936985531,43732,0.5,0.99,0.00988471049474732,4.08908426509184,0.07612908587736242,-0.014534488320350647,9.825225536122042,0.00988471049474732,0.07612908587736242,4.08908426509184,1.0,5.951985078764537e-05,5.951985078764537e-05,0.0,0.3995778936985531,0.3995778936985531,0.0,0.9804701846184963,0.9804701846184963,0.0,0.0,0.0,0.0,0.0,0.71125,33.225,73.33125000000001,11345.186,10,Hopper-v5,9107,Agente_2
124.75607204437256,12,524832,313.6499189091566,471.97592408195175,144.44673226781862,127.70882352941176,5.951985078764537e-05,0.0,0.9804701846184963,0.3995778936985531,43732,0.5,0.99,0.007313954768371118,4.174490613937378,0.2601912903785706,-0.010801046104992136,9.77457483179429,0.007313954768371118,0.2601912903785706,4.174490613937378,1.0,5.951985078764537e-05,5.951985078764537e-05,0.0,0.3995778936985531,0.3995778936985531,0.0,0.9804701846184963,0.9804701846184963,0.0,0.0,0.0,0.0,0.0,0.7421428571428573,35.48571428571429,74.00714285714285,10667.576,11,Hopper-v5,9107,Agente_2
134.8074860572815,13,568568,320.9359717872025,385.5736589229822,191.0468646495471,126.600583090379,5.951985078764537e-05,0.0,0.9804701846184963,0.3995778936985531,43732,0.5,0.99,0.006391814150430197,4.209179702085607,0.10150906001820284,-0.007594768394003896,9.610392257466035,0.006391814150430197,0.10150906001820284,4.209179702085607,1.0,5.951985078764537e-05,5.951985078764537e-05,0.0,0.3995778936985531,0.3995778936985531,0.0,0.9804701846184963,0.9804701846184963,0.0,0.0,0.0,0.0,0.0,0.5735714285714286,35.26428571428572,69.00714285714287,10457.144,12,Hopper-v5,9107,Agente_2
144.58509182929993,14,612304,323.1288840040253,394.92210965841497,75.77478157573127,125.26123595505618,5.951985078764537e-05,0.0,0.9804701846184963,0.3995778936985531,43732,0.5,0.99,0.005689222320772191,4.192882120469037,0.1450608907727634,-0.007161062675363877,9.437210263644948,0.005689222320772191,0.1450608907727634,4.192882120469037,1.0,5.951985078764537e-05,5.951985078764537e-05,0.0,0.3995778936985531,0.3995778936985531,0.0,0.9804701846184963,0.9804701846184963,0.0,0.0,0.0,0.0,0.0,0.28071428571428575,34.942857142857136,65.53571428571429,10283.014,13,Hopper-v5,9107,Agente_2
155.00033283233643,15,656040,336.79066339130554,478.50340741845514,141.262390214568,136.1940789473684,5.951985078764537e-05,0.0,0.9804701846184963,0.3995778936985531,43732,0.5,0.99,0.00678098583121457,4.292831845564001,0.20886652020847096,-0.00758249085615663,9.460530987907859,0.00678098583121457,0.20886652020847096,4.292831845564001,1.0,5.951985078764537e-05,5.951985078764537e-05,0.0,0.3995778936985531,0.3995778936985531,0.0,0.9804701846184963,0.9804701846184963,0.0,0.0,0.0,0.0,0.0,0.536,41.99999999999999,69.86666666666666,10403.909,14,Hopper-v5,9107,Agente_2
164.70844745635986,16,699776,353.8016960283296,589.3038420893928,171.807123794144,136.88854489164086,5.951985078764537e-05,0.0,0.9804701846184963,0.3995778936985531,43732,0.5,0.99,0.00623485484485547,4.312012326857623,0.241846361581017,-0.006921395098461824,9.296590571683996,0.00623485484485547,0.241846361581017,4.312012326857623,1.0,5.951985078764537e-05,5.951985078764537e-05,0.0,0.3995778936985531,0.3995778936985531,0.0,0.9804701846184963,0.9804701846184963,0.0,0.0,0.0,0.0,0.0,0.7346153846153847,35.30769230769231,73.62307692307694,10050.089,15,Hopper-v5,9107,Agente_2
174.0086178779602,17,743512,363.2589025287531,523.7772110884853,142.31823208694112,142.29310344827587,5.951985078764537e-05,0.0,0.9804701846184963,0.3995778936985531,43732,0.5,0.99,0.006592108339956391,4.38319829716402,0.28727328125168294,-0.008117054411593605,9.262135811974021,0.006592108339956391,0.28727328125168294,4.38319829716402,1.0,5.951985078764537e-05,5.951985078764537e-05,0.0,0.3995778936985531,0.3995778936985531,0.0,0.9804701846184963,0.9804701846184963,0.0,0.0,0.0,0.0,0.0,0.1946153846153846,42.80769230769231,65.06923076923077,9283.484,16,Hopper-v5,9107,Agente_2
183.59662127494812,18,787248,364.79209301752206,467.29656341294066,159.64684893159216,138.04075235109718,5.951985078764537e-05,0.0,0.9804701846184963,0.3995778936985531,43732,0.5,0.99,0.005262950329830774,4.352500539667466,0.27488920814850754,-0.005124671095434357,9.157272881900562,0.005262950329830774,0.27488920814850754,4.352500539667466,1.0,5.951985078764537e-05,5.951985078764537e-05,0.0,0.3995778936985531,0.3995778936985531,0.0,0.9804701846184963,0.9804701846184963,0.0,0.0,0.0,0.0,0.0,0.3464285714285715,36.12142857142857,65.48571428571428,9427.961,17,Hopper-v5,9107,Agente_2
192.22207498550415,19,830984,380.7186258386828,586.6479658954551,181.81239454842242,145.82167832167832,5.951985078764537e-05,0.0,0.9804701846184963,0.3995778936985531,43732,0.5,0.99,0.007425515062247616,4.3906129926793716,0.3368127951201271,-0.009074990880839965,9.179516984154196,0.007425515062247616,0.3368127951201271,4.3906129926793716,1.0,5.951985078764537e-05,5.951985078764537e-05,0.0,0.3995778936985531,0.3995778936985531,0.0,0.9804701846184963,0.9804701846184963,0.0,0.0,0.0,0.0,0.0,0.4423076923076923,29.56923076923077,64.36923076923075,8613.549,18,Hopper-v5,9107,Agente_2
201.3358919620514,20,874720,379.62985752008024,573.2782413107828,148.20265139201865,140.9741935483871,5.951985078764537e-05,0.0,0.9804701846184963,0.3995778936985531,43732,0.5,0.99,0.005569700976332516,4.3554267827202295,0.3001145991858314,-0.006786920007537393,9.070353819903206,0.005569700976332516,0.3001145991858314,4.3554267827202295,1.0,5.951985078764537e-05,5.951985078764537e-05,0.0,0.3995778936985531,0.3995778936985531,0.0,0.9804701846184963,0.9804701846184963,0.0,0.0,0.0,0.0,0.0,0.42999999999999994,32.36666666666667,61.68333333333333,8857.11,19,Hopper-v5,9107,Agente_2
211.7099256515503,21,918456,396.89125996326743,635.6431350070981,55.60870691393497,150.63768115942028,5.951985078764537e-05,0.0,0.9804701846184963,0.3995778936985531,43732,0.5,0.99,0.006871961119502589,4.346179635104011,0.3447486714054556,-0.009489390477538108,9.19413947722491,0.006871961119502589,0.3447486714054556,4.346179635104011,1.0,5.951985078764537e-05,5.951985078764537e-05,0.0,0.3995778936985531,0.3995778936985531,0.0,0.9804701846184963,0.9804701846184963,0.0,0.0,0.0,0.0,0.0,0.492,36.24666666666667,68.38666666666667,10362.893,20,Hopper-v5,9107,Agente_2
221.74139976501465,22,962192,392.8501134399992,559.9777097173366,145.96103156908146,145.24161073825502,5.951985078764537e-05,0.0,0.9804701846184963,0.3995778936985531,43732,0.5,0.99,0.006213381142293014,4.349084516413072,0.2914965272650999,-0.0058954737686059055,8.965112087025362,0.006213381142293014,0.2914965272650999,4.349084516413072,1.0,5.951985078764537e-05,5.951985078764537e-05,0.0,0.3995778936985531,0.3995778936985531,0.0,0.9804701846184963,0.9804701846184963,0.0,0.0,0.0,0.0,0.0,0.5078571428571428,36.521428571428565,69.34285714285713,10189.635,21,Hopper-v5,9107,Agente_2
232.53798580169678,23,1005928,380.31735838156504,439.4627643750601,302.5047730733657,139.02492211838006,5.951985078764537e-05,0.0,0.9804701846184963,0.3995778936985531,43732,0.5,0.99,0.0060631125957533024,4.293680561290068,0.2590186029322007,-0.005917482757393052,8.893305687623865,0.0060631125957533024,0.2590186029322007,4.293680561290068,1.0,5.951985078764537e-05,5.951985078764537e-05,0.0,0.3995778936985531,0.3995778936985531,0.0,0.9804701846184963,0.9804701846184963,0.0,0.0,0.0,0.0,0.0,0.7686666666666667,36.74666666666667,73.89333333333335,10388.025,22,Hopper-v5,9107,Agente_2
244.32713508605957,24,1049664,362.12784627223533,430.25430374837157,48.888467378881785,132.03963414634146,5.951985078764537e-05,0.0,0.9804701846184963,0.3995778936985531,43732,0.5,0.99,0.005544206784620415,4.173375236847821,0.14729015287230995,-0.005663263736402287,8.992933913960176,0.005544206784620415,0.14729015287230995,4.173375236847821,1.0,5.951985078764537e-05,5.951985078764537e-05,0.0,0.3995778936985531,0.3995778936985531,0.0,0.9804701846184963,0.9804701846184963,0.0,0.0,0.0,0.0,0.0,0.7568750000000001,34.6375,73.58125000000001,10734.502,23,Hopper-v5,9107,Agente_2
255.04529857635498,25,1093400,425.0083747746134,632.4751601706258,163.3756581360319,156.03030303030303,5.951985078764537e-05,0.0,0.9804701846184963,0.3995778936985531,43732,0.5,0.99,0.008540945039045176,4.320244077794692,0.25020609203506916,-0.009739105263177086,9.354386573118322,0.008540945039045176,0.25020609203506916,4.320244077794692,1.0,5.951985078764537e-05,5.951985078764537e-05,0.0,0.3995778936985531,0.3995778936985531,0.0,0.9804701846184963,0.9804701846184963,0.0,0.0,0.0,0.0,0.0,0.6106666666666665,34.95333333333333,72.99333333333333,10702.238,24,Hopper-v5,9107,Agente_2
265.44203877449036,26,1137136,412.39819947038825,641.7611075319866,264.7289893024047,147.7979797979798,5.951985078764537e-05,0.0,0.9804701846184963,0.3995778936985531,43732,0.5,0.99,0.0065651884612987705,4.325224223417394,0.3353630062411813,-0.00566338866510812,8.887591552734374,0.0065651884612987705,0.3353630062411813,4.325224223417394,1.0,5.951985078764537e-05,5.951985078764537e-05,0.0,0.3995778936985531,0.3995778936985531,0.0,0.9804701846184963,0.9804701846184963,0.0,0.0,0.0,0.0,0.0,0.7066666666666668,35.07333333333333,72.89333333333333,10543.946,25,Hopper-v5,9107,Agente_2
277.35570216178894,27,1180872,446.19155553602286,636.2900453702055,190.56075118407577,159.2,5.951985078764537e-05,0.0,0.9804701846184963,0.3995778936985531,43732,0.5,0.99,0.007204285670955256,4.3337245239931,0.3809326164161458,-0.009004414478207335,9.232736310397877,0.007204285670955256,0.3809326164161458,4.3337245239931,1.0,5.951985078764537e-05,5.951985078764537e-05,0.0,0.3995778936985531,0.3995778936985531,0.0,0.9804701846184963,0.9804701846184963,0.0,0.0,0.0,0.0,0.0,0.4835294117647058,38.2764705882353,70.33529411764707,11901.781,26,Hopper-v5,9107,Agente_2
286.86962246894836,28,1224608,418.8289569379613,644.3332492729904,240.39847861753324,148.83617747440272,5.951985078764537e-05,0.0,0.9804701846184963,0.3995778936985531,43732,0.5,0.99,0.006622541390080347,4.362663983737721,0.3513245634471669,-0.0058229091675842505,8.905236310397877,0.006622541390080347,0.3513245634471669,4.362663983737721,1.0,5.951985078764537e-05,5.951985078764537e-05,0.0,0.3995778936985531,0.3995778936985531,0.0,0.9804701846184963,0.9804701846184963,0.0,0.0,0.0,0.0,0.0,0.6361538461538461,40.01538461538462,73.43076923076923,10700.177,27,Hopper-v5,9107,Agente_2
296.0942838191986,29,1268344,392.3758529408596,518.8496066797368,274.95313806327687,140.11146496815286,5.951985078764537e-05,0.0,0.9804701846184963,0.3995778936985531,43732,0.5,0.99,0.006656614410817651,4.25687759736005,0.28133779203190523,-0.006003570734139751,8.8269430474674,0.006656614410817651,0.28133779203190523,4.25687759736005,1.0,5.951985078764537e-05,5.951985078764537e-05,0.0,0.3995778936985531,0.3995778936985531,0.0,0.9804701846184963,0.9804701846184963,0.0,0.0,0.0,0.0,0.0,0.8446153846153847,30.376923076923074,68.6846153846154,10202.996,28,Hopper-v5,9107,Agente_2
316.6766300201416,31,1355816,456.7277341881637,755.8509573467319,172.95013802147713,161.046875,5.951985078764537e-05,0.0,0.9804701846184963,0.3995778936985531,43732,0.5,0.99,0.008248898919230111,4.411241014985477,0.3919915997280794,-0.011388236972339013,9.340354285520666,0.008248898919230111,0.3919915997280794,4.411241014985477,1.0,5.951985078764537e-05,5.951985078764537e-05,0.0,0.3995778936985531,0.3995778936985531,0.0,0.9804701846184963,0.9804701846184963,0.0,0.0,0.0,0.0,0.0,0.24733333333333332,38.28,64.10000000000001,10646.263,29,Hopper-v5,9107,Agente_2
328.08505058288574,32,1399552,429.12473651673014,636.3716728660904,326.4224326717474,150.3848797250859,5.951985078764537e-05,0.0,0.9804701846184963,0.3995778936985531,43732,0.5,0.99,0.007097565154108452,4.3528712626064525,0.39355452874127556,-0.006789139542071258,9.101360662123737,0.007097565154108452,0.39355452874127556,4.3528712626064525,1.0,5.951985078764537e-05,5.951985078764537e-05,0.0,0.3995778936985531,0.3995778936985531,0.0,0.9804701846184963,0.9804701846184963,0.0,0.0,0.0,0.0,0.0,0.6412499999999999,36.325,73.75,11022.572,30,Hopper-v5,9107,Agente_2
337.1772541999817,33,1443288,406.52920051745593,544.3529346499179,249.8822343814718,143.17589576547232,5.951985078764537e-05,0.0,0.9804701846184963,0.3995778936985531,43732,0.5,0.99,0.0066348933194646685,4.271931956515592,0.30970948506804075,-0.0047649666929946224,8.924075301675236,0.0066348933194646685,0.30970948506804075,4.271931956515592,1.0,5.951985078764537e-05,5.951985078764537e-05,0.0,0.3995778936985531,0.3995778936985531,0.0,0.9804701846184963,0.9804701846184963,0.0,0.0,0.0,0.0,0.0,0.5938461538461539,34.276923076923076,70.53846153846153,10373.465,31,Hopper-v5,9107,Agente_2
347.8753516674042,34,1487024,396.0238977694796,517.3740955048851,273.67632891296057,138.97476340694007,5.951985078764537e-05,0.0,0.9804701846184963,0.3995778936985531,43732,0.5,0.99,0.005898531484605978,4.171642798255472,0.19895701380336986,-0.0038573197374010787,8.83672828506021,0.005898531484605978,0.19895701380336986,4.171642798255472,1.0,5.951985078764537e-05,5.951985078764537e-05,0.0,0.3995778936985531,0.3995778936985531,0.0,0.9804701846184963,0.9804701846184963,0.0,0.0,0.0,0.0,0.0,0.5433333333333333,37.58666666666667,73.85333333333332,10451.18,32,Hopper-v5,9107,Agente_2
360.6823515892029,35,1530760,381.9177837970705,457.85311016462657,253.7943355818807,134.6276923076923,5.951985078764537e-05,0.0,0.9804701846184963,0.3995778936985531,43732,0.5,0.99,0.006515357329660849,4.083475466335521,0.04557027620427749,-0.0037735692707493024,8.714192001118379,0.006515357329660849,0.04557027620427749,4.083475466335521,1.0,5.951985078764537e-05,5.951985078764537e-05,0.0,0.3995778936985531,0.3995778936985531,0.0,0.9804701846184963,0.9804701846184963,0.0,0.0,0.0,0.0,0.0,0.605,39.00555555555556,74.43333333333334,10918.669,33,Hopper-v5,9107,Agente_2
371.25815892219543,36,1574496,367.1581603440565,418.1599279278685,224.7499662187636,130.34029850746268,5.951985078764537e-05,0.0,0.9804701846184963,0.3995778936985531,43732,0.5,0.99,0.005854999308323744,4.032198874249178,-0.054464281657162834,-0.005060719632927109,8.738834896087646,0.005854999308323744,-0.054464281657162834,4.032198874249178,1.0,5.951985078764537e-05,5.951985078764537e-05,0.0,0.3995778936985531,0.3995778936985531,0.0,0.9804701846184963,0.9804701846184963,0.0,0.0,0.0,0.0,0.0,0.6586666666666666,34.099999999999994,74.45333333333335,10859.512,34,Hopper-v5,9107,Agente_2
383.3516323566437,37,1618232,361.3715496778538,425.92967416735223,216.4643866837536,128.68842729970328,5.951985078764537e-05,0.0,0.9804701846184963,0.3995778936985531,43732,0.5,0.99,0.006677761517682537,3.9778353808907903,-0.1509415878267849,-0.0034691330319380057,8.7402454365001,0.006677761517682537,-0.1509415878267849,3.9778353808907903,1.0,5.951985078764537e-05,5.951985078764537e-05,0.0,0.3995778936985531,0.3995778936985531,0.0,0.9804701846184963,0.9804701846184963,0.0,0.0,0.0,0.0,0.0,0.6343749999999999,35.20625,74.41875000000002,11034.031,35,Hopper-v5,9107,Agente_2
394.02026176452637,38,1661968,355.14430314830224,411.1898332790313,56.247856360130534,126.67146974063401,5.951985078764537e-05,0.0,0.9804701846184963,0.3995778936985531,43732,0.5,0.99,0.006394932224305713,3.868781129051657,-0.17749817785094765,-0.003935062457971713,8.72010835423189,0.006394932224305713,-0.17749817785094765,3.868781129051657,1.0,5.951985078764537e-05,5.951985078764537e-05,0.0,0.3995778936985531,0.3995778936985531,0.0,0.9804701846184963,0.9804701846184963,0.0,0.0,0.0,0.0,0.0,0.5700000000000001,36.733333333333334,74.42666666666668,10986.239,36,Hopper-v5,9107,Agente_2
395.00968766212463,51,1633712,532.5430673637933,807.3433214886674,53.77005166205367,180.50865051903114,0.00045743316877633333,0.0,0.9595434665679932,0.3440750241279602,55321,0.5,0.99,0.010143473026282379,4.3464410702387495,0.6440884735297274,-0.020002159983333614,8.707446401207536,0.010143473026282379,0.6440884735297274,4.3464410702387495,1.0,0.00045743316877633333,0.00045743316877633333,0.0,0.3440750241279602,0.3440750241279602,0.0,0.9595434665679932,0.9595434665679932,0.0,0.0,0.0,0.0,0.0,0.6755000000000001,35.54,74.465,13665.486,37,Hopper-v5,9107,Agente_2
406.8879075050354,52,1689040,560.4694804573392,832.3982098096653,268.09898380865394,183.442996742671,0.00045743316877633333,0.0,0.9595434665679932,0.3440750241279602,55321,0.5,0.99,0.008126775112382564,4.335712301731109,0.8429895579814911,-0.018358876435431066,8.003602159464801,0.008126775112382564,0.8429895579814911,4.335712301731109,1.0,0.00045743316877633333,0.00045743316877633333,0.0,0.3440750241279602,0.3440750241279602,0.0,0.9595434665679932,0.9595434665679932,0.0,0.0,0.0,0.0,0.0,0.59375,32.8875,69.69375,12765.728,38,Hopper-v5,9107,Agente_2
420.873432636261,53,1744368,558.3153357707176,852.3367428394639,138.64407570978165,187.59430604982205,0.00045743316877633333,0.0,0.9595434665679932,0.3440750241279602,55321,0.5,0.99,0.008314164528996236,4.492628687399405,0.8127360803109628,-0.02165008344584041,6.50839920617916,0.008314164528996236,0.8127360803109628,4.492628687399405,1.0,0.00045743316877633333,0.00045743316877633333,0.0,0.3440750241279602,0.3440750241279602,0.0,0.9595434665679932,0.9595434665679932,0.0,0.0,0.0,0.0,0.0,0.5025000000000001,35.045,71.275,13969.673,39,Hopper-v5,9107,Agente_2
435.21929717063904,54,1799696,560.287767774048,824.822619348664,245.7975114158824,182.55115511551156,0.00045743316877633333,0.0,0.9595434665679932,0.3440750241279602,55321,0.5,0.99,0.0076344687436682036,4.4651110680015,0.9103236580336536,-0.01933175220619887,5.569019677462401,0.0076344687436682036,0.9103236580336536,4.4651110680015,1.0,0.00045743316877633333,0.00045743316877633333,0.0,0.3440750241279602,0.3440750241279602,0.0,0.9595434665679932,0.9595434665679932,0.0,0.0,0.0,0.0,0.0,0.5900000000000001,36.074999999999996,74.67,14150.767,40,Hopper-v5,9107,Agente_2
430.56468892097473,63,1773736,532.6868563406302,1375.872662091255,36.790229746138934,199.2173913043478,0.0005545209278352559,0.0,0.9280951023101807,0.4125596880912781,26102,0.5,0.99,0.008403933640103946,4.563755609512329,0.406874241232872,-0.03342098414339125,8.960301404953002,0.008403933640103946,0.406874241232872,4.563755609512329,1.0,0.0005545209278352559,0.0005545209278352559,0.0,0.4125596880912781,0.4125596880912781,0.0,0.9280951023101807,0.9280951023101807,0.0,0.0,0.0,0.0,0.0,0.24142857142857146,22.628571428571433,55.51428571428571,4455.129,41,Hopper-v5,9107,Agente_2
440.8466897010803,65,1825944,602.9099587159964,1273.8808494746984,31.046742802317482,220.3939393939394,0.0005545209278352559,0.0,0.9280951023101807,0.4125596880912781,26102,0.5,0.99,0.00674113135889654,4.589299745559693,0.6862011524438858,-0.02934902055747807,6.107094811916351,0.00674113135889654,0.6862011524438858,4.589299745559693,1.0,0.0005545209278352559,0.0005545209278352559,0.0,0.4125596880912781,0.4125596880912781,0.0,0.9280951023101807,0.9280951023101807,0.0,0.0,0.0,0.0,0.0,0.32999999999999996,30.1875,65.7,5532.372,42,Hopper-v5,9107,Agente_2
447.2504918575287,66,1852048,746.7469881326714,1511.2832574365275,282.2363294401831,249.72115384615384,0.0005545209278352559,0.0,0.9280951023101807,0.4125596880912781,26102,0.5,0.99,0.005786633548850827,4.607771619796753,0.8504042098522187,-0.02563999362103641,5.356411017894745,0.005786633548850827,0.8504042098522187,4.607771619796753,1.0,0.0005545209278352559,0.0005545209278352559,0.0,0.4125596880912781,0.4125596880912781,0.0,0.9280951023101807,0.9280951023101807,0.0,0.0,0.0,0.0,0.0,0.4488888888888889,35.21111111111111,66.62222222222222,5961.514,43,Hopper-v5,9107,Agente_2
452.45211601257324,67,1878152,721.0732909717364,1392.8610509883042,212.26102871636286,253.2289156626506,0.0005545209278352559,0.0,0.9280951023101807,0.4125596880912781,26102,0.5,0.99,0.006547816379345182,4.569738489151001,0.7582027242183685,-0.031982371414080266,5.351540376186371,0.006547816379345182,0.7582027242183685,4.569738489151001,1.0,0.0005545209278352559,0.0005545209278352559,0.0,0.4125596880912781,0.4125596880912781,0.0,0.9280951023101807,0.9280951023101807,0.0,0.0,0.0,0.0,0.0,0.305,28.1,60.4625,5192.943,44,Hopper-v5,9107,Agente_2
457.42755365371704,68,1904256,769.8102845868608,1359.4845910557467,419.40980198785206,252.94495412844037,0.0005545209278352559,0.0,0.9280951023101807,0.4125596880912781,26102,0.5,0.99,0.005842220881430148,4.5855416498184205,0.8787291058301926,-0.02509717147052288,5.032857036590576,0.005842220881430148,0.8787291058301926,4.5855416498184205,1.0,0.0005545209278352559,0.0005545209278352559,0.0,0.4125596880912781,0.4125596880912781,0.0,0.9280951023101807,0.9280951023101807,0.0,0.0,0.0,0.0,0.0,0.3071428571428571,30.842857142857145,62.14285714285715,5078.468,45,Hopper-v5,9107,Agente_2
463.38707756996155,69,1930360,777.5430585045933,1214.4383553510327,37.23238777236756,265.1375,0.0005545209278352559,0.0,0.9280951023101807,0.4125596880912781,26102,0.5,0.99,0.006948418118525478,4.602832324028015,0.7856064064502716,-0.029627747401595114,5.1615003161430355,0.006948418118525478,0.7856064064502716,4.602832324028015,1.0,0.0005545209278352559,0.0005545209278352559,0.0,0.4125596880912781,0.4125596880912781,0.0,0.9280951023101807,0.9280951023101807,0.0,0.0,0.0,0.0,0.0,0.39111111111111113,44.72222222222222,63.6888888888889,5949.257,46,Hopper-v5,9107,Agente_2
469.42435026168823,70,1956464,769.683807956303,1244.4316216635098,145.55400625673073,250.84259259259258,0.0005545209278352559,0.0,0.9280951023101807,0.4125596880912781,26102,0.5,0.99,0.006288002895133283,4.634149787902832,0.8617495168447494,-0.02629647497087717,5.097824285984039,0.006288002895133283,0.8617495168447494,4.634149787902832,1.0,0.0005545209278352559,0.0005545209278352559,0.0,0.4125596880912781,0.4125596880912781,0.0,0.9280951023101807,0.9280951023101807,0.0,0.0,0.0,0.0,0.0,0.31124999999999997,38.7125,68.8375,5988.437,47,Hopper-v5,9107,Agente_2
474.6237528324127,71,1982568,781.4394052539863,1613.6920941026212,200.81273645925418,266.5421686746988,0.0005545209278352559,0.0,0.9280951023101807,0.4125596880912781,26102,0.5,0.99,0.006626035007531926,4.599859958648682,0.804266381263733,-0.025644847866147756,5.143519335746765,0.006626035007531926,0.804266381263733,4.599859958648682,1.0,0.0005545209278352559,0.0005545209278352559,0.0,0.4125596880912781,0.4125596880912781,0.0,0.9280951023101807,0.9280951023101807,0.0,0.0,0.0,0.0,0.0,0.26375000000000004,27.2625,61.8875,5190.223,48,Hopper-v5,9107,Agente_2
479.8867585659027,72,2008672,792.4405741829768,1137.5470898620545,397.2076498599184,254.62376237623764,0.0005545209278352559,0.0,0.9280951023101807,0.4125596880912781,26102,0.5,0.99,0.00687975341582224,4.572811387062073,0.8529726947546006,-0.023738772496581077,5.115644858837127,0.00687975341582224,0.8529726947546006,4.572811387062073,1.0,0.0005545209278352559,0.0005545209278352559,0.0,0.4125596880912781,0.4125596880912781,0.0,0.9280951023101807,0.9280951023101807,0.0,0.0,0.0,0.0,0.0,0.41285714285714287,34.02857142857143,65.72857142857143,5218.98,49,Hopper-v5,9107,Agente_2
4.416732549667358,1,13024,14.78957587793492,127.63706295008772,-0.16971078166447318,19.822047244094488,1.6841371005233415e-05,0.0,0.9080689428925292,0.2810307898000223,13018,0.5,0.99,0.011547696946538054,4.2425530834198,0.02939501094818115,-0.01782933081686497,6.752647762298584,0.011547696946538054,0.02939501094818115,4.2425530834198,1.0,1.6841371005233415e-05,1.6841371005233415e-05,0.0,0.2810307898000223,0.2810307898000223,0.0,0.9080689428925292,0.9080689428925292,0.0,0.0,0.0,0.0,0.0,0.1357142857142857,43.957142857142856,70.60000000000001,4393.331,0,Hopper-v5,9107,Agente_3
7.493506193161011,2,26048,21.721670081978765,185.2498742911133,2.4146442310641447,22.969534050179213,1.6841371005233415e-05,0.0,0.9080689428925292,0.2810307898000223,13018,0.5,0.99,0.010999526299630816,4.190328121185303,0.033913354158401486,-0.008849930591881276,7.4775791854858396,0.010999526299630816,0.033913354158401486,4.190328121185303,1.0,1.6841371005233415e-05,1.6841371005233415e-05,0.0,0.2810307898000223,0.2810307898000223,0.0,0.9080689428925292,0.9080689428925292,0.0,0.0,0.0,0.0,0.0,0.665,33.800000000000004,73.2,3727.774,1,Hopper-v5,9107,Agente_3
10.42003583908081,3,39072,33.17043536684075,223.09391051939565,1.8568859587228346,27.53276955602537,1.6841371005233415e-05,0.0,0.9080689428925292,0.2810307898000223,13018,0.5,0.99,0.009153371211548801,4.111057653427124,-0.012565657615661622,-0.012664462104439736,8.221197664260865,0.009153371211548801,-0.012565657615661622,4.111057653427124,1.0,1.6841371005233415e-05,1.6841371005233415e-05,0.0,0.2810307898000223,0.2810307898000223,0.0,0.9080689428925292,0.9080689428925292,0.0,0.0,0.0,0.0,0.0,0.94,26.225,73.65,3456.03,2,Hopper-v5,9107,Agente_3
14.550275325775146,4,52096,37.02488640259608,163.07333428054298,1.6806262335349602,28.86917960088692,1.6841371005233415e-05,0.0,0.9080689428925292,0.2810307898000223,13018,0.5,0.99,0.006886639638632914,4.0831235427856445,-0.05135105800628662,-0.015886717110872268,8.377632989883423,0.006886639638632914,-0.05135105800628662,4.0831235427856445,1.0,1.6841371005233415e-05,1.6841371005233415e-05,0.0,0.2810307898000223,0.2810307898000223,0.0,0.9080689428925292,0.9080689428925292,0.0,0.0,0.0,0.0,0.0,0.2916666666666667,46.61666666666667,73.66666666666666,3620.181,3,Hopper-v5,9107,Agente_3
17.842058897018433,5,65120,49.20587904296059,231.07991889391744,3.16609571070165,34.104838709677416,1.6841371005233415e-05,0.0,0.9080689428925292,0.2810307898000223,13018,0.5,0.99,0.00793647592850175,4.043357300758362,-0.05660459733009338,-0.016476559534668922,8.742972202301026,0.00793647592850175,-0.05660459733009338,4.043357300758362,1.0,1.6841371005233415e-05,1.6841371005233415e-05,0.0,0.2810307898000223,0.2810307898000223,0.0,0.9080689428925292,0.9080689428925292,0.0,0.0,0.0,0.0,0.0,0.742,31.620000000000005,73.76,3552.134,4,Hopper-v5,9107,Agente_3
20.700157403945923,6,78144,66.82044218899544,299.9605291840495,2.1251732043726963,42.019169329073485,1.6841371005233415e-05,0.0,0.9080689428925292,0.2810307898000223,13018,0.5,0.99,0.008739819429523777,4.00372247505188,-0.018860045194625856,-0.01775286538153887,8.959594757080078,0.008739819429523777,-0.018860045194625856,4.00372247505188,1.0,1.6841371005233415e-05,1.6841371005233415e-05,0.0,0.2810307898000223,0.2810307898000223,0.0,0.9080689428925292,0.9080689428925292,0.0,0.0,0.0,0.0,0.0,0.8274999999999999,27.674999999999997,72.4,3434.059,5,Hopper-v5,9107,Agente_3
23.197466611862183,7,91168,90.82578966211621,262.4000227472336,2.5583923069560264,51.481632653061226,1.6841371005233415e-05,0.0,0.9080689428925292,0.2810307898000223,13018,0.5,0.99,0.008640840484618821,3.933392343521118,-0.003074509859085083,-0.002852488249540329,9.303085582733154,0.008640840484618821,-0.003074509859085083,3.933392343521118,1.0,1.6841371005233415e-05,1.6841371005233415e-05,0.0,0.2810307898000223,0.2810307898000223,0.0,0.9080689428925292,0.9080689428925292,0.0,0.0,0.0,0.0,0.0,0.29000000000000004,27.125,61.224999999999994,3298.084,6,Hopper-v5,9107,Agente_3
26.02817702293396,8,104192,133.68065500359822,248.91844282176442,4.224288713664647,67.5440414507772,1.6841371005233415e-05,0.0,0.9080689428925292,0.2810307898000223,13018,0.5,0.99,0.009184674750460545,3.8196485462188723,-0.009456332921981812,-0.011280635684728622,9.579295265197754,0.009184674750460545,-0.009456332921981812,3.8196485462188723,1.0,1.6841371005233415e-05,1.6841371005233415e-05,0.0,0.2810307898000223,0.2810307898000223,0.0,0.9080689428925292,0.9080689428925292,0.0,0.0,0.0,0.0,0.0,0.295,34.825,60.175,3238.091,7,Hopper-v5,9107,Agente_3
28.662614345550537,9,117216,128.40089789173078,254.65592108700048,3.836626902280981,65.18857142857142,1.6841371005233415e-05,0.0,0.9080689428925292,0.2810307898000223,13018,0.5,0.99,0.00492300731282379,3.883437479019165,-0.09453853845596313,-0.004430090129375458,9.543307502746583,0.00492300731282379,-0.09453853845596313,3.883437479019165,1.0,1.6841371005233415e-05,1.6841371005233415e-05,0.0,0.2810307898000223,0.2810307898000223,0.0,0.9080689428925292,0.9080689428925292,0.0,0.0,0.0,0.0,0.0,0.41500000000000004,17.25,57.45,2619.729,8,Hopper-v5,9107,Agente_3
31.83212947845459,10,130240,172.16821939074768,268.28739101982626,6.310882530129478,83.18589743589743,1.6841371005233415e-05,0.0,0.9080689428925292,0.2810307898000223,13018,0.5,0.99,0.008854562688155055,3.7941515140533446,-0.123759920835495,-0.004567580610513687,9.63976777267456,0.008854562688155055,-0.123759920835495,3.7941515140533446,1.0,1.6841371005233415e-05,1.6841371005233415e-05,0.0,0.2810307898000223,0.2810307898000223,0.0,0.9080689428925292,0.9080689428925292,0.0,0.0,0.0,0.0,0.0,0.09,41.85,61.25,2889.613,9,Hopper-v5,9107,Agente_3
35.237218618392944,11,143264,191.25060796194347,314.03609698807975,9.802156337554,89.31292517006803,1.6841371005233415e-05,0.0,0.9080689428925292,0.2810307898000223,13018,0.5,0.99,0.010927750981674762,3.654176961898804,-0.10084849095344543,-0.005354615703225136,9.73434634399414,0.010927750981674762,-0.10084849095344543,3.654176961898804,1.0,1.6841371005233415e-05,1.6841371005233415e-05,0.0,0.2810307898000223,0.2810307898000223,0.0,0.9080689428925292,0.9080689428925292,0.0,0.0,0.0,0.0,0.0,0.47000000000000003,30.059999999999995,64.96,3057.296,10,Hopper-v5,9107,Agente_3
38.470749855041504,12,156288,190.65030683845228,262.3247018351814,2.7226775369462657,87.26206896551724,1.6841371005233415e-05,0.0,0.9080689428925292,0.2810307898000223,13018,0.5,0.99,0.005770453207769605,3.605805413246155,-0.0971917793750763,-0.008558151088654995,9.730207569122314,0.005770453207769605,-0.0971917793750763,3.605805413246155,1.0,1.6841371005233415e-05,1.6841371005233415e-05,0.0,0.2810307898000223,0.2810307898000223,0.0,0.9080689428925292,0.9080689428925292,0.0,0.0,0.0,0.0,0.0,0.718,34.86,70.84,3099.078,11,Hopper-v5,9107,Agente_3
41.26546502113342,13,169312,191.76028143203342,268.20353308986483,6.788349719849267,87.43703703703704,1.6841371005233415e-05,0.0,0.9080689428925292,0.2810307898000223,13018,0.5,0.99,0.006863712746013382,3.588866560935974,-0.1153181266784668,-0.007627259388566017,9.730218643188477,0.006863712746013382,-0.1153181266784668,3.588866560935974,1.0,1.6841371005233415e-05,1.6841371005233415e-05,0.0,0.2810307898000223,0.2810307898000223,0.0,0.9080689428925292,0.9080689428925292,0.0,0.0,0.0,0.0,0.0,0.23,24.4,60.075,2783.511,12,Hopper-v5,9107,Agente_3
44.82277154922485,14,182336,200.06726787948494,269.7106392473879,6.448775341011133,90.05594405594405,1.6841371005233415e-05,0.0,0.9080689428925292,0.2810307898000223,13018,0.5,0.99,0.006693543158558896,3.526892671585083,-0.17350003480911255,-0.0028457791432738304,9.7308503074646,0.006693543158558896,-0.17350003480911255,3.526892671585083,1.0,1.6841371005233415e-05,1.6841371005233415e-05,0.0,0.2810307898000223,0.2810307898000223,0.0,0.9080689428925292,0.9080689428925292,0.0,0.0,0.0,0.0,0.0,0.40800000000000003,45.4,64.3,3165.325,13,Hopper-v5,9107,Agente_3
47.15668487548828,15,195360,201.85795238037298,280.66967132091867,7.449113717112546,91.34751773049645,1.6841371005233415e-05,0.0,0.9080689428925292,0.2810307898000223,13018,0.5,0.99,0.010024783166481938,3.4740787992477418,-0.18629473876953126,-0.013661420434713363,9.760649356842041,0.010024783166481938,-0.18629473876953126,3.4740787992477418,1.0,1.6841371005233415e-05,1.6841371005233415e-05,0.0,0.2810307898000223,0.2810307898000223,0.0,0.9080689428925292,0.9080689428925292,0.0,0.0,0.0,0.0,0.0,0.1825,35.325,65.15,2884.343,14,Hopper-v5,9107,Agente_3
50.219011068344116,16,208384,192.31251241133862,267.2022982237031,9.032059120383318,88.32876712328768,1.6841371005233415e-05,0.0,0.9080689428925292,0.2810307898000223,13018,0.5,0.99,0.006584772076719673,3.5413116636276247,-0.2694500660896301,-0.007662265568971634,9.681839488983154,0.006584772076719673,-0.2694500660896301,3.5413116636276247,1.0,1.6841371005233415e-05,1.6841371005233415e-05,0.0,0.2810307898000223,0.2810307898000223,0.0,0.9080689428925292,0.9080689428925292,0.0,0.0,0.0,0.0,0.0,0.47000000000000003,44.575,67.2,2925.421,15,Hopper-v5,9107,Agente_3
53.50651979446411,17,221408,195.91885148993367,309.25106115680313,3.8098339798842664,89.87786259541984,1.6841371005233415e-05,0.0,0.9080689428925292,0.2810307898000223,13018,0.5,0.99,0.005850665820265988,3.55433021068573,-0.4438762755393982,-0.006068931601941586,9.701220748901367,0.005850665820265988,-0.4438762755393982,3.55433021068573,1.0,1.6841371005233415e-05,1.6841371005233415e-05,0.0,0.2810307898000223,0.2810307898000223,0.0,0.9080689428925292,0.9080689428925292,0.0,0.0,0.0,0.0,0.0,0.674,46.019999999999996,73.22,3275.003,16,Hopper-v5,9107,Agente_3
56.7318377494812,18,234432,206.55764065425922,341.3712627542946,8.944249951381837,93.85925925925926,1.6841371005233415e-05,0.0,0.9080689428925292,0.2810307898000223,13018,0.5,0.99,0.006458034619805403,3.482028037071228,-0.4873703217506409,-0.008830597385764123,9.750681304931641,0.006458034619805403,-0.4873703217506409,3.482028037071228,1.0,1.6841371005233415e-05,1.6841371005233415e-05,0.0,0.2810307898000223,0.2810307898000223,0.0,0.9080689428925292,0.9080689428925292,0.0,0.0,0.0,0.0,0.0,0.8879999999999999,31.159999999999997,73.6,3242.934,17,Hopper-v5,9107,Agente_3
59.7263240814209,19,247456,208.85990670489352,273.5349198433242,6.819074160608081,94.97810218978103,1.6841371005233415e-05,0.0,0.9080689428925292,0.2810307898000223,13018,0.5,0.99,0.009532875417571631,3.5187457447052,-0.3366959230899811,-0.007395497120916843,9.752813014984131,0.009532875417571631,-0.3366959230899811,3.5187457447052,1.0,1.6841371005233415e-05,1.6841371005233415e-05,0.0,0.2810307898000223,0.2810307898000223,0.0,0.9080689428925292,0.9080689428925292,0.0,0.0,0.0,0.0,0.0,0.755,42.55,73.675,3156.645,18,Hopper-v5,9107,Agente_3
63.40099263191223,20,260480,208.57485822574685,284.5614748276394,7.729836563508484,94.77941176470588,1.6841371005233415e-05,0.0,0.9080689428925292,0.2810307898000223,13018,0.5,0.99,0.004948375607811613,3.5520768966674803,-0.2931246280670166,-0.006572569124400616,9.77036083984375,0.004948375607811613,-0.2931246280670166,3.5520768966674803,1.0,1.6841371005233415e-05,1.6841371005233415e-05,0.0,0.2810307898000223,0.2810307898000223,0.0,0.9080689428925292,0.9080689428925292,0.0,0.0,0.0,0.0,0.0,0.556,39.4,73.6,3283.914,19,Hopper-v5,9107,Agente_3
66.40584564208984,21,273504,217.5436607219086,297.68924066566643,9.900623173804927,98.5187969924812,1.6841371005233415e-05,0.0,0.9080689428925292,0.2810307898000223,13018,0.5,0.99,0.006990927626180564,3.518065474510193,-0.3002212827205658,-0.0075008175522089,9.791116565704346,0.006990927626180564,-0.3002212827205658,3.518065474510193,1.0,1.6841371005233415e-05,1.6841371005233415e-05,0.0,0.2810307898000223,0.2810307898000223,0.0,0.9080689428925292,0.9080689428925292,0.0,0.0,0.0,0.0,0.0,0.535,31.1,73.5,3226.002,20,Hopper-v5,9107,Agente_3
70.0067937374115,22,286528,208.99214385199994,380.4994397170946,4.903750700805202,97.25735294117646,1.6841371005233415e-05,0.0,0.9080689428925292,0.2810307898000223,13018,0.5,0.99,0.00849790007341653,3.575599431991577,-0.36103000164031984,-0.0035322046130895615,9.723949329376222,0.00849790007341653,-0.36103000164031984,3.575599431991577,1.0,1.6841371005233415e-05,1.6841371005233415e-05,0.0,0.2810307898000223,0.2810307898000223,0.0,0.9080689428925292,0.9080689428925292,0.0,0.0,0.0,0.0,0.0,0.634,35.92,73.6,3286.687,21,Hopper-v5,9107,Agente_3
73.28761744499207,23,299552,223.5478202981781,402.76343054031736,5.846909815049289,104.77868852459017,1.6841371005233415e-05,0.0,0.9080689428925292,0.2810307898000223,13018,0.5,0.99,0.0056124283987883244,3.6520962505340577,-0.46888784074783324,-0.005360959887504578,9.73311803817749,0.0056124283987883244,-0.46888784074783324,3.6520962505340577,1.0,1.6841371005233415e-05,1.6841371005233415e-05,0.0,0.2810307898000223,0.2810307898000223,0.0,0.9080689428925292,0.9080689428925292,0.0,0.0,0.0,0.0,0.0,0.546,41.5,73.62,3284.211,22,Hopper-v5,9107,Agente_3
76.37301754951477,24,312576,230.2923138355416,348.32931620659866,7.859638954644928,106.6774193548387,1.6841371005233415e-05,0.0,0.9080689428925292,0.2810307898000223,13018,0.5,0.99,0.009530489549753838,3.578621953010559,-0.7231462891101837,-0.006075840149074793,9.673179470062255,0.009530489549753838,-0.7231462891101837,3.578621953010559,1.0,1.6841371005233415e-05,1.6841371005233415e-05,0.0,0.2810307898000223,0.2810307898000223,0.0,0.9080689428925292,0.9080689428925292,0.0,0.0,0.0,0.0,0.0,0.8400000000000001,30.450000000000003,73.7,3257.528,23,Hopper-v5,9107,Agente_3
79.92609810829163,25,325600,226.50577099340114,337.93188290605156,4.005384954479145,110.69565217391305,1.6841371005233415e-05,0.0,0.9080689428925292,0.2810307898000223,13018,0.5,0.99,0.006193757186207222,3.8072356777191163,-0.724953780412674,-0.015454636387526989,9.518913986206055,0.006193757186207222,-0.724953780412674,3.8072356777191163,1.0,1.6841371005233415e-05,1.6841371005233415e-05,0.0,0.2810307898000223,0.2810307898000223,0.0,0.9080689428925292,0.9080689428925292,0.0,0.0,0.0,0.0,0.0,0.8379999999999999,34.38000000000001,73.7,3288.794,24,Hopper-v5,9107,Agente_3
83.79473209381104,26,338624,243.51369907297087,399.77711656228377,8.081606423973978,124.63461538461539,1.6841371005233415e-05,0.0,0.9080689428925292,0.2810307898000223,13018,0.5,0.99,0.006443084912039922,3.9539910583496094,-0.4146757824420929,-0.004095861673355103,9.513106582641601,0.006443084912039922,-0.4146757824420929,3.9539910583496094,1.0,1.6841371005233415e-05,1.6841371005233415e-05,0.0,0.2810307898000223,0.2810307898000223,0.0,0.9080689428925292,0.9080689428925292,0.0,0.0,0.0,0.0,0.0,0.5883333333333333,40.38333333333333,73.68333333333332,3345.413,25,Hopper-v5,9107,Agente_3
87.01937198638916,27,351648,232.57760267230944,411.51987715718724,7.337311711007342,129.1,1.6841371005233415e-05,0.0,0.9080689428925292,0.2810307898000223,13018,0.5,0.99,0.008092388363695135,4.256931569099426,-0.4793055865764618,-0.008623080983757973,9.192223529815674,0.008092388363695135,-0.4793055865764618,4.256931569099426,1.0,1.6841371005233415e-05,1.6841371005233415e-05,0.0,0.2810307898000223,0.2810307898000223,0.0,0.9080689428925292,0.9080689428925292,0.0,0.0,0.0,0.0,0.0,0.9375,33.05,73.7,3339.094,26,Hopper-v5,9107,Agente_3
90.0231420993805,28,364672,214.10848110159029,407.12050571735017,4.619951577422848,129.95,1.6841371005233415e-05,0.0,0.9080689428925292,0.2810307898000223,13018,0.5,0.99,0.008629423165570188,4.430912899017334,-0.09059104871749878,-0.007794225245714188,9.21151948928833,0.008629423165570188,-0.09059104871749878,4.430912899017334,1.0,1.6841371005233415e-05,1.6841371005233415e-05,0.0,0.2810307898000223,0.2810307898000223,0.0,0.9080689428925292,0.9080689428925292,0.0,0.0,0.0,0.0,0.0,0.7819999999999999,28.74,73.7,3316.901,27,Hopper-v5,9107,Agente_3
83.22854614257812,37,322888,299.45955683244506,393.7388225514817,3.222649276100485,118.1470588235294,0.0009939934825524688,0.0,0.9756886959075928,0.424533873796463,4929,0.5,0.99,0.6209170962373418,3.37085133128696,-0.2520927170912425,-0.04081489706618918,9.644983662499321,0.6209170962373418,-0.2520927170912425,3.37085133128696,1.0,0.0009939934825524688,0.0009939934825524688,0.0,0.424533873796463,0.424533873796463,0.0,0.9756886959075928,0.9756886959075928,0.0,0.0,0.0,0.0,0.0,0.3566666666666667,19.366666666666667,65.46666666666665,1459.993,28,Hopper-v5,9107,Agente_3
84.28824973106384,38,327824,310.7453320865402,422.8948751021683,3.222649276100485,120.43478260869566,0.0009939934825524688,0.0,0.9756886959075928,0.424533873796463,4929,0.5,0.99,0.44002551594749095,3.045466160774231,-0.009757081667582193,-0.036437141978078416,9.666645092434353,0.44002551594749095,-0.009757081667582193,3.045466160774231,1.0,0.0009939934825524688,0.0009939934825524688,0.0,0.424533873796463,0.424533873796463,0.0,0.9756886959075928,0.9756886959075928,0.0,0.0,0.0,0.0,0.0,0.99,30.3,61.3,1253.504,29,Hopper-v5,9107,Agente_3
85.2602596282959,39,332760,296.28764906568773,422.8948751021683,5.996013143549655,115.85,0.0009939934825524688,0.0,0.9756886959075928,0.424533873796463,4929,0.5,0.99,0.2934640010818839,3.5584741989771524,-0.3169908927546607,-0.04462164015405708,8.88801130188836,0.2934640010818839,-0.3169908927546607,3.5584741989771524,1.0,0.0009939934825524688,0.0009939934825524688,0.0,0.424533873796463,0.424533873796463,0.0,0.9756886959075928,0.9756886959075928,0.0,0.0,0.0,0.0,0.0,0.35,29.7,59.4,1155.303,30,Hopper-v5,9107,Agente_3
86.23816514015198,40,337696,306.1125424774972,448.4966026318712,5.996013143549655,121.94,0.0009939934825524688,0.0,0.9756886959075928,0.424533873796463,4929,0.5,0.99,0.6737508690553821,4.299977938334147,0.05060728324784173,-0.058979735461374125,8.902407990561592,0.6737508690553821,0.05060728324784173,4.299977938334147,1.0,0.0009939934825524688,0.0009939934825524688,0.0,0.424533873796463,0.424533873796463,0.0,0.9756886959075928,0.9756886959075928,0.0,0.0,0.0,0.0,0.0,0.23,32.5,53.2,1108.919,31,Hopper-v5,9107,Agente_3
87.00906682014465,41,342632,303.2568941545875,493.4936712268279,5.282788639047597,123.25,0.0009939934825524688,0.0,0.9756886959075928,0.424533873796463,4929,0.5,0.99,0.6777235891566509,5.199470080269707,-0.171627856625451,-0.05431489447752635,8.85290740331014,0.6777235891566509,-0.171627856625451,5.199470080269707,1.0,0.0009939934825524688,0.0009939934825524688,0.0,0.424533873796463,0.424533873796463,0.0,0.9756886959075928,0.9756886959075928,0.0,0.0,0.0,0.0,0.0,0.02,13.4,53.7,1039.769,32,Hopper-v5,9107,Agente_3
87.87661290168762,42,347568,319.5093692556955,493.4936712268279,5.282788639047597,130.81,0.0009939934825524688,0.0,0.9756886959075928,0.424533873796463,4929,0.5,0.99,1.1464118041201599,5.3598847442203095,-0.17270036141077677,-0.058610477774507466,9.3173067940606,1.1464118041201599,-0.17270036141077677,5.3598847442203095,1.0,0.0009939934825524688,0.0009939934825524688,0.0,0.424533873796463,0.424533873796463,0.0,0.9756886959075928,0.9756886959075928,0.0,0.0,0.0,0.0,0.0,0.4,21.05,54.75,1009.099,33,Hopper-v5,9107,Agente_3
88.86237287521362,43,352504,294.14704090336426,466.98657758664365,5.7031077699220765,121.58,0.0009939934825524688,0.0,0.9756886959075928,0.424533873796463,4929,0.5,0.99,0.6550832283760731,5.213227245542738,-0.10996352897750007,-0.07308935262262821,8.364511675304836,0.6550832283760731,-0.10996352897750007,5.213227245542738,1.0,0.0009939934825524688,0.0009939934825524688,0.0,0.424533873796463,0.424533873796463,0.0,0.9756886959075928,0.9756886959075928,0.0,0.0,0.0,0.0,0.0,0.25,30.5,56.5,1004.47,34,Hopper-v5,9107,Agente_3
90.03268313407898,44,357440,251.96576213705828,522.913687683897,5.7031077699220765,104.12,0.0009939934825524688,0.0,0.9756886959075928,0.424533873796463,4929,0.5,0.99,1.1164391051576887,5.854683356814914,-0.04629594617419773,-0.0694615689623687,8.535843107435438,1.1164391051576887,-0.04629594617419773,5.854683356814914,1.0,0.0009939934825524688,0.0009939934825524688,0.0,0.424533873796463,0.424533873796463,0.0,0.9756886959075928,0.9756886959075928,0.0,0.0,0.0,0.0,0.0,0.5,30.6,57.95,1023.56,35,Hopper-v5,9107,Agente_3
91.1252429485321,45,362376,246.06926502336276,522.913687683897,5.20814584722649,101.92,0.0009939934825524688,0.0,0.9756886959075928,0.424533873796463,4929,0.5,0.99,5.182702678325586,6.5076754437552555,-0.20209776295555962,-0.054612553647408885,8.213056336508856,5.182702678325586,-0.20209776295555962,6.5076754437552555,1.0,0.0009939934825524688,0.0009939934825524688,0.0,0.424533873796463,0.424533873796463,0.0,0.9756886959075928,0.9756886959075928,0.0,0.0,0.0,0.0,0.0,0.16,36.6,59.9,1029.863,36,Hopper-v5,9107,Agente_3
92.03858971595764,46,367312,253.27208742853543,413.7040125682418,5.20814584722649,105.92,0.0009939934825524688,0.0,0.9756886959075928,0.424533873796463,4929,0.5,0.99,62.57595454851269,6.6505729383892485,-0.14957244594891866,-0.044840514183872276,6.9511164718204075,62.57595454851269,-0.14957244594891866,6.6505729383892485,1.0,0.0009939934825524688,0.0009939934825524688,0.0,0.424533873796463,0.424533873796463,0.0,0.9756886959075928,0.9756886959075928,0.0,0.0,0.0,0.0,0.0,0.28,31.6,61.75,1017.193,37,Hopper-v5,9107,Agente_3
93.00634050369263,47,372248,238.02149237481106,383.7448679925647,6.746809450019292,102.16,0.0009939934825524688,0.0,0.9756886959075928,0.424533873796463,4929,0.5,0.99,5.185481391008944,7.176611391703288,-0.08304539322853088,-0.06592271719127893,6.606067895889282,5.185481391008944,-0.08304539322853088,7.176611391703288,1.0,0.0009939934825524688,0.0009939934825524688,0.0,0.424533873796463,0.424533873796463,0.0,0.9756886959075928,0.9756886959075928,0.0,0.0,0.0,0.0,0.0,0.74,24.8,63.3,967.081,38,Hopper-v5,9107,Agente_3
106.14260625839233,43,416440,342.3664026064749,460.9122922329321,4.4259196162038625,128.43880597014925,4.374251875560731e-05,0.0,0.9591353535652161,0.3829759359359741,45492,0.5,0.99,0.03705653305825601,3.0675639594143087,-0.01920367188074372,-0.011778062086721714,9.881167108362371,0.03705653305825601,-0.01920367188074372,3.0675639594143087,1.0,4.374251875560731e-05,4.374251875560731e-05,0.0,0.3829759359359741,0.3829759359359741,0.0,0.9591353535652161,0.9591353535652161,0.0,0.0,0.0,0.0,0.0,0.3492857142857143,29.42142857142857,59.892857142857146,9401.684,39,Hopper-v5,9107,Agente_3
118.32533073425293,44,461936,343.64615685899565,468.45684691083824,41.62892521620914,127.99722991689751,4.374251875560731e-05,0.0,0.9591353535652161,0.3829759359359741,45492,0.5,0.99,0.03274626548379525,3.2154013918204742,-0.00904965563253923,-0.006899036691439423,9.880227798765356,0.03274626548379525,-0.00904965563253923,3.2154013918204742,1.0,4.374251875560731e-05,4.374251875560731e-05,0.0,0.3829759359359741,0.3829759359359741,0.0,0.9591353535652161,0.9591353535652161,0.0,0.0,0.0,0.0,0.0,0.5076470588235293,38.86470588235294,71.2,10785.852,40,Hopper-v5,9107,Agente_3
129.31107926368713,45,507432,335.769110964838,392.18324250418726,48.094274162266146,125.01933701657458,4.374251875560731e-05,0.0,0.9591353535652161,0.3829759359359741,45492,0.5,0.99,0.03297180961914242,3.3630099627104673,-0.13430934324860572,-0.004953000415116549,9.876725607568568,0.03297180961914242,-0.13430934324860572,3.3630099627104673,1.0,4.374251875560731e-05,4.374251875560731e-05,0.0,0.3829759359359741,0.3829759359359741,0.0,0.9591353535652161,0.9591353535652161,0.0,0.0,0.0,0.0,0.0,0.8173333333333335,35.779999999999994,74.0,10847.058,41,Hopper-v5,9107,Agente_3
140.11886978149414,46,552928,326.9566044087618,391.07380456454774,38.09782280205804,122.89189189189189,4.374251875560731e-05,0.0,0.9591353535652161,0.3829759359359741,45492,0.5,0.99,0.040686936748468086,3.4617812218991193,-0.0798659432340752,-0.007297369487456639,9.857008556886154,0.040686936748468086,-0.0798659432340752,3.4617812218991193,1.0,4.374251875560731e-05,4.374251875560731e-05,0.0,0.3829759359359741,0.3829759359359741,0.0,0.9591353535652161,0.9591353535652161,0.0,0.0,0.0,0.0,0.0,0.6300000000000001,36.540000000000006,70.72666666666666,10833.029,42,Hopper-v5,9107,Agente_3
151.50916576385498,47,598424,317.0910443423464,560.2945299024259,10.485577640244978,128.1529411764706,4.374251875560731e-05,0.0,0.9591353535652161,0.3829759359359741,45492,0.5,0.99,0.03178132822135511,3.8322955166751687,-0.057603063502094966,-0.007406589918007905,9.72862287976525,0.03178132822135511,-0.057603063502094966,3.8322955166751687,1.0,4.374251875560731e-05,4.374251875560731e-05,0.0,0.3829759359359741,0.3829759359359741,0.0,0.9591353535652161,0.9591353535652161,0.0,0.0,0.0,0.0,0.0,0.27875000000000005,37.2125,65.8375,11374.514,43,Hopper-v5,9107,Agente_3
161.8778853416443,48,643920,340.8826429702019,454.4020573452284,7.236740310227288,128.07648725212465,4.374251875560731e-05,0.0,0.9591353535652161,0.3829759359359741,45492,0.5,0.99,0.2972925722690971,3.807040544260632,-0.07394015470688993,-0.046096562714823944,9.646156390146775,0.2972925722690971,-0.07394015470688993,3.807040544260632,1.0,4.374251875560731e-05,4.374251875560731e-05,0.0,0.3829759359359741,0.3829759359359741,0.0,0.9591353535652161,0.9591353535652161,0.0,0.0,0.0,0.0,0.0,0.6500000000000001,37.63333333333333,72.40666666666667,10865.37,44,Hopper-v5,9107,Agente_3
170.81049132347107,49,689416,337.8503639440342,449.18446692029755,149.83635719988706,126.38227146814404,4.374251875560731e-05,0.0,0.9591353535652161,0.3829759359359741,45492,0.5,0.99,0.0357735961833235,3.864814174717123,-0.14541750170967796,-0.005030676929957487,9.612829232215882,0.0357735961833235,-0.14541750170967796,3.864814174717123,1.0,4.374251875560731e-05,4.374251875560731e-05,0.0,0.3829759359359741,0.3829759359359741,0.0,0.9591353535652161,0.9591353535652161,0.0,0.0,0.0,0.0,0.0,0.6866666666666666,30.275000000000002,66.95,10217.317,45,Hopper-v5,9107,Agente_3
179.09212946891785,50,734912,338.3136633738412,442.2877771839993,154.7382360535755,126.19390581717451,4.374251875560731e-05,0.0,0.9591353535652161,0.3829759359359741,45492,0.5,0.99,0.3007537152052382,4.1312422272833915,-0.25347606214610013,-0.026252289647659795,9.529687041586095,0.3007537152052382,-0.25347606214610013,4.1312422272833915,1.0,4.374251875560731e-05,4.374251875560731e-05,0.0,0.3829759359359741,0.3829759359359741,0.0,0.9591353535652161,0.9591353535652161,0.0,0.0,0.0,0.0,0.0,0.09249999999999999,26.0,59.474999999999994,9730.143,46,Hopper-v5,9107,Agente_3
188.70203351974487,51,780408,327.23427738814553,518.6917012410617,5.608525700866093,130.6878787878788,4.374251875560731e-05,0.0,0.9591353535652161,0.3829759359359741,45492,0.5,0.99,0.292059801917772,5.446178013086319,-0.08147931315682151,-0.030138456711376254,9.595227693427693,0.292059801917772,-0.08147931315682151,5.446178013086319,1.0,4.374251875560731e-05,4.374251875560731e-05,0.0,0.3829759359359741,0.3829759359359741,0.0,0.9591353535652161,0.9591353535652161,0.0,0.0,0.0,0.0,0.0,0.3807142857142857,29.935714285714287,62.557142857142864,9597.807,47,Hopper-v5,9107,Agente_3
199.5002887248993,52,825904,307.7692842499608,542.025249339804,107.83536495163486,127.075,4.374251875560731e-05,0.0,0.9591353535652161,0.3829759359359741,45492,0.5,0.99,0.057126241071224,6.372726382450624,-0.07650682120160623,-0.007213193703104149,9.48016705079512,0.057126241071224,-0.07650682120160623,6.372726382450624,1.0,4.374251875560731e-05,4.374251875560731e-05,0.0,0.3829759359359741,0.3829759359359741,0.0,0.9591353535652161,0.9591353535652161,0.0,0.0,0.0,0.0,0.0,0.4639999999999999,37.14666666666667,69.86666666666666,10188.991,48,Hopper-v5,9107,Agente_3
168.88918828964233,114,671056,483.1955893462879,727.8298896778782,135.7064855954797,169.61057692307693,0.0009278769721277058,0.0,0.9433839917182922,0.29760947823524475,37753,0.5,0.99,0.8727030952193151,2.828425702983386,0.19212908222250744,-0.002977589307327385,4.476472805950739,0.8727030952193151,0.19212908222250744,2.828425702983386,1.0,0.0009278769721277058,0.0009278769721277058,0.0,0.29760947823524475,0.29760947823524475,0.0,0.9433839917182922,0.9433839917182922,0.0,0.0,0.0,0.0,0.0,0.3475,28.425,60.375,7942.868,49,Hopper-v5,9107,Agente_3
176.67251706123352,115,708816,384.24274533069416,636.3623620708623,101.08419609420667,138.64233576642334,0.0009278769721277058,0.0,0.9433839917182922,0.29760947823524475,37753,0.5,0.99,0.9115052375393882,3.9065932884608228,0.2641321168370443,-0.03954201369763237,3.778218588110519,0.9115052375393882,0.2641321168370443,3.9065932884608228,1.0,0.0009278769721277058,0.0009278769721277058,0.0,0.29760947823524475,0.29760947823524475,0.0,0.9433839917182922,0.9433839917182922,0.0,0.0,0.0,0.0,0.0,0.449,33.6,64.56,7854.782,50,Hopper-v5,9107,Agente_3
185.3841814994812,116,746576,386.7766423202082,707.6554470555311,145.1192695798026,143.53846153846155,0.0009278769721277058,0.0,0.9433839917182922,0.29760947823524475,37753,0.5,0.99,1.4150547402362303,3.9352638058466454,-0.0019500949611402538,-0.034384615961717414,5.7281535723438,1.4150547402362303,-0.0019500949611402538,3.9352638058466454,1.0,0.0009278769721277058,0.0009278769721277058,0.0,0.29760947823524475,0.29760947823524475,0.0,0.9433839917182922,0.9433839917182922,0.0,0.0,0.0,0.0,0.0,0.4908333333333333,39.575,67.31666666666666,8695.478,51,Hopper-v5,9107,Agente_3
196.3407542705536,117,784336,265.80438351317645,465.2307142197013,120.70619297993817,107.43175487465182,0.0009278769721277058,0.0,0.9433839917182922,0.29760947823524475,37753,0.5,0.99,11.725894882242683,6.994727859105149,0.05364086048243797,0.08240378911619725,6.4236941128560945,11.725894882242683,0.05364086048243797,6.994727859105149,1.0,0.0009278769721277058,0.0009278769721277058,0.0,0.29760947823524475,0.29760947823524475,0.0,0.9433839917182922,0.9433839917182922,0.0,0.0,0.0,0.0,0.0,0.5331250000000001,37.362500000000004,70.90625,9817.438,52,Hopper-v5,9107,Agente_3
206.16958236694336,118,822096,174.11593415947374,377.4876647995867,91.94327125003979,81.21244635193133,0.0009278769721277058,0.0,0.9433839917182922,0.29760947823524475,37753,0.5,0.99,6.950469840827211,7.625966344140981,-0.0828686821950625,-0.03622549473218722,7.6908323425136205,6.950469840827211,-0.0828686821950625,7.625966344140981,1.0,0.0009278769721277058,0.0009278769721277058,0.0,0.29760947823524475,0.29760947823524475,0.0,0.9433839917182922,0.9433839917182922,0.0,0.0,0.0,0.0,0.0,0.8253846153846154,36.83846153846154,73.92307692307692,9815.15,53,Hopper-v5,9107,Agente_3
215.3158369064331,119,859856,143.87033238654791,403.11042667020985,87.69476057021596,72.5094696969697,0.0009278769721277058,0.0,0.9433839917182922,0.29760947823524475,37753,0.5,0.99,81.58943752172875,8.726036482967743,-0.15782632958399107,-0.0304733123732348,8.426713409815749,81.58943752172875,-0.15782632958399107,8.726036482967743,1.0,0.0009278769721277058,0.0009278769721277058,0.0,0.29760947823524475,0.29760947823524475,0.0,0.9433839917182922,0.9433839917182922,0.0,0.0,0.0,0.0,0.0,0.6953846153846155,35.04615384615385,73.94615384615385,9644.388,54,Hopper-v5,9107,Agente_3
222.7301869392395,23,965088,,,,,0.0009100450552068651,0.0,0.9405461549758911,0.16283200681209564,2892,0.5,0.99,0.035127755180001635,3.827848777770996,-1.0,-0.002033127695322037,9.698489437103271,0.035127755180001635,-1.0,3.827848777770996,1.0,0.0009100450552068651,0.0009100450552068651,0.0,0.16283200681209564,0.16283200681209564,0.0,0.9405461549758911,0.9405461549758911,0.0,0.0,0.0,0.0,0.0,0.0,21.5,57.8,976.612,55,Hopper-v5,9107,Agente_3
223.43940496444702,24,967984,273.17435984781685,432.00516896280834,96.0245506363105,119.03030303030303,0.0009100450552068651,0.0,0.9405461549758911,0.16283200681209564,2892,0.5,0.99,0.021952701458940283,4.152742896080017,-0.8150301694869995,0.004380983710289002,9.589154529571534,0.021952701458940283,-0.8150301694869995,4.152742896080017,1.0,0.0009100450552068651,0.0009100450552068651,0.0,0.16283200681209564,0.16283200681209564,0.0,0.9405461549758911,0.9405461549758911,0.0,0.0,0.0,0.0,0.0,0.5,30.0,60.4,837.91,56,Hopper-v5,9107,Agente_3
224.04205536842346,25,970880,271.7655132314459,533.3900486491501,96.0245506363105,117.88135593220339,0.0009100450552068651,0.0,0.9405461549758911,0.16283200681209564,2892,0.5,0.99,0.017416893473127856,4.240566530227661,-0.7224649620056153,-0.020736206769943238,9.61450803756714,0.017416893473127856,-0.7224649620056153,4.240566530227661,1.0,0.0009100450552068651,0.0009100450552068651,0.0,0.16283200681209564,0.16283200681209564,0.0,0.9405461549758911,0.9405461549758911,0.0,0.0,0.0,0.0,0.0,0.83,31.4,61.7,756.368,57,Hopper-v5,9107,Agente_3
224.6971457004547,26,973776,272.93786422711315,533.3900486491501,96.0245506363105,117.79069767441861,0.0009100450552068651,0.0,0.9405461549758911,0.16283200681209564,2892,0.5,0.99,0.016694557846785755,4.343558015823365,-0.25165424346923826,0.0008476486802101135,9.633217258453369,0.016694557846785755,-0.25165424346923826,4.343558015823365,1.0,0.0009100450552068651,0.0009100450552068651,0.0,0.16283200681209564,0.16283200681209564,0.0,0.9405461549758911,0.9405461549758911,0.0,0.0,0.0,0.0,0.0,0.83,37.4,62.6,728.072,58,Hopper-v5,9107,Agente_3
225.24269485473633,27,976672,274.9581628911562,533.3900486491501,96.0245506363105,118.37,0.0009100450552068651,0.0,0.9405461549758911,0.16283200681209564,2892,0.5,0.99,0.016133616513106974,4.376839952468872,-0.5720741546154022,-0.06453535936772824,9.47011489868164,0.016133616513106974,-0.5720741546154022,4.376839952468872,1.0,0.0009100450552068651,0.0009100450552068651,0.0,0.16283200681209564,0.16283200681209564,0.0,0.9405461549758911,0.9405461549758911,0.0,0.0,0.0,0.0,0.0,0.0,26.6,63.6,689.913,59,Hopper-v5,9107,Agente_3
225.8392493724823,28,979568,286.6823204100045,533.3900486491501,139.53178166853695,122.06,0.0009100450552068651,0.0,0.9405461549758911,0.16283200681209564,2892,0.5,0.99,0.011939279605285265,4.4202625274658205,-0.5025864696502685,-0.024680292438715695,9.369908962249756,0.011939279605285265,-0.5025864696502685,4.4202625274658205,1.0,0.0009100450552068651,0.0009100450552068651,0.0,0.16283200681209564,0.16283200681209564,0.0,0.9405461549758911,0.9405461549758911,0.0,0.0,0.0,0.0,0.0,0.83,23.7,63.9,672.547,60,Hopper-v5,9107,Agente_3
226.54818034172058,29,982464,297.47936785827477,488.7110776264254,139.53178166853695,124.57,0.0009100450552068651,0.0,0.9405461549758911,0.16283200681209564,2892,0.5,0.99,0.011652348487259587,4.537243022918701,0.10813452005386352,-0.022361362539231776,9.183131217956543,0.011652348487259587,0.10813452005386352,4.537243022918701,1.0,0.0009100450552068651,0.0009100450552068651,0.0,0.16283200681209564,0.16283200681209564,0.0,0.9405461549758911,0.9405461549758911,0.0,0.0,0.0,0.0,0.0,0.11,32.8,64.9,676.564,61,Hopper-v5,9107,Agente_3
227.11124730110168,30,985360,316.2913670782037,488.7110776264254,176.2148800360528,129.46,0.0009100450552068651,0.0,0.9405461549758911,0.16283200681209564,2892,0.5,0.99,0.010232460823317524,4.413631963729858,0.0977850079536438,-0.007127841711044311,9.145692100524903,0.010232460823317524,0.0977850079536438,4.413631963729858,1.0,0.0009100450552068651,0.0009100450552068651,0.0,0.16283200681209564,0.16283200681209564,0.0,0.9405461549758911,0.9405461549758911,0.0,0.0,0.0,0.0,0.0,0.11,20.8,60.0,661.135,62,Hopper-v5,9107,Agente_3
228.06180119514465,31,988256,326.0668076497003,554.9952344748716,130.3641467333061,131.57,0.0009100450552068651,0.0,0.9405461549758911,0.16283200681209564,2892,0.5,0.99,0.015536997776362114,4.46362307548523,0.3121819317340851,-0.019425623156130313,8.720787916183472,0.015536997776362114,0.3121819317340851,4.46362307548523,1.0,0.0009100450552068651,0.0009100450552068651,0.0,0.16283200681209564,0.16283200681209564,0.0,0.9405461549758911,0.9405461549758911,0.0,0.0,0.0,0.0,0.0,0.86,41.8,58.0,691.881,63,Hopper-v5,9107,Agente_3
228.893630027771,32,991152,333.4639667477563,554.9952344748716,130.3641467333061,132.7,0.0009100450552068651,0.0,0.9405461549758911,0.16283200681209564,2892,0.5,0.99,0.012025142855418381,4.4685790061950685,0.20720524430274964,-0.07965146213769912,8.738278541564942,0.012025142855418381,0.20720524430274964,4.4685790061950685,1.0,0.0009100450552068651,0.0009100450552068651,0.0,0.16283200681209564,0.16283200681209564,0.0,0.9405461549758911,0.9405461549758911,0.0,0.0,0.0,0.0,0.0,0.465,39.25,61.45,704.537,64,Hopper-v5,9107,Agente_3
229.590265750885,33,994048,327.37757929805156,554.9952344748716,49.07000270771365,128.77,0.0009100450552068651,0.0,0.9405461549758911,0.16283200681209564,2892,0.5,0.99,0.011083192358782981,4.503959302902222,0.3227488911151886,0.06928098171949387,8.45620400428772,0.011083192358782981,0.3227488911151886,4.503959302902222,1.0,0.0009100450552068651,0.0009100450552068651,0.0,0.16283200681209564,0.16283200681209564,0.0,0.9405461549758911,0.9405461549758911,0.0,0.0,0.0,0.0,0.0,0.78,48.9,65.4,675.254,65,Hopper-v5,9107,Agente_3
230.50965571403503,34,996944,314.02783497569106,554.9952344748716,49.07000270771365,124.48,0.0009100450552068651,0.0,0.9405461549758911,0.16283200681209564,2892,0.5,0.99,0.00955316278996179,4.430321350097656,0.2616796362400055,-0.04018245734274387,8.251547689437865,0.00955316278996179,0.2616796362400055,4.430321350097656,1.0,0.0009100450552068651,0.0009100450552068651,0.0,0.16283200681209564,0.16283200681209564,0.0,0.9405461549758911,0.9405461549758911,0.0,0.0,0.0,0.0,0.0,0.0,52.2,66.8,696.104,66,Hopper-v5,9107,Agente_3
231.22759199142456,35,999840,309.97507896915596,415.00336645608616,49.07000270771365,122.37,0.0009100450552068651,0.0,0.9405461549758911,0.16283200681209564,2892,0.5,0.99,0.01126454499506508,4.43566367149353,0.2701867032051086,-0.06163884863257408,8.754637460708619,0.01126454499506508,0.2701867032051086,4.43566367149353,1.0,0.0009100450552068651,0.0009100450552068651,0.0,0.16283200681209564,0.16283200681209564,0.0,0.9405461549758911,0.9405461549758911,0.0,0.0,0.0,0.0,0.0,0.66,40.6,69.6,707.311,67,Hopper-v5,9107,Agente_3
231.9443757534027,36,1002736,311.4022207894595,422.2563136038235,49.07000270771365,121.97,0.0009100450552068651,0.0,0.9405461549758911,0.16283200681209564,2892,0.5,0.99,0.009840762023814023,4.4520118522644045,0.4300049412250519,-0.03904976561665535,8.056384229660035,0.009840762023814023,0.4300049412250519,4.4520118522644045,1.0,0.0009100450552068651,0.0009100450552068651,0.0,0.16283200681209564,0.16283200681209564,0.0,0.9405461549758911,0.9405461549758911,0.0,0.0,0.0,0.0,0.0,0.02,30.6,70.6,713.324,68,Hopper-v5,9107,Agente_3
232.84906578063965,37,1005632,319.5586241709572,422.2563136038235,50.26911840850294,123.86,0.0009100450552068651,0.0,0.9405461549758911,0.16283200681209564,2892,0.5,0.99,0.010815971845877357,4.537273292541504,0.4164221394062042,-0.008665484227240085,8.352037906646729,0.010815971845877357,0.4164221394062042,4.537273292541504,1.0,0.0009100450552068651,0.0009100450552068651,0.0,0.16283200681209564,0.16283200681209564,0.0,0.9405461549758911,0.9405461549758911,0.0,0.0,0.0,0.0,0.0,0.02,46.9,71.1,749.086,69,Hopper-v5,9107,Agente_3
233.78258728981018,38,1008528,327.59167066603584,422.2563136038235,50.26911840850294,126.1,0.0009100450552068651,0.0,0.9405461549758911,0.16283200681209564,2892,0.5,0.99,0.011480752765201031,4.558865404129028,0.6376478970050812,0.016476534605026245,8.090073337554932,0.011480752765201031,0.6376478970050812,4.558865404129028,1.0,0.0009100450552068651,0.0009100450552068651,0.0,0.16283200681209564,0.16283200681209564,0.0,0.9405461549758911,0.9405461549758911,0.0,0.0,0.0,0.0,0.0,0.42000000000000004,39.650000000000006,71.95,782.634,70,Hopper-v5,9107,Agente_3
234.9348123073578,39,1011424,337.59195915303115,422.2563136038235,168.1997046522689,128.58,0.0009100450552068651,0.0,0.9405461549758911,0.16283200681209564,2892,0.5,0.99,0.010110919863655,4.502472820281983,0.5884992921352387,0.016835485771298408,8.346215047836303,0.010110919863655,0.5884992921352387,4.502472820281983,1.0,0.0009100450552068651,0.0009100450552068651,0.0,0.16283200681209564,0.16283200681209564,0.0,0.9405461549758911,0.9405461549758911,0.0,0.0,0.0,0.0,0.0,0.68,62.4,72.2,826.448,71,Hopper-v5,9107,Agente_3
235.74513506889343,40,1014320,337.24436691124384,515.0104197037311,177.3294855020767,128.26,0.0009100450552068651,0.0,0.9405461549758911,0.16283200681209564,2892,0.5,0.99,0.012345046347181778,4.345982809066772,0.5124551975727081,-0.037229232341051105,8.886446418762207,0.012345046347181778,0.5124551975727081,4.345982809066772,1.0,0.0009100450552068651,0.0009100450552068651,0.0,0.16283200681209564,0.16283200681209564,0.0,0.9405461549758911,0.9405461549758911,0.0,0.0,0.0,0.0,0.0,0.0,44.9,72.5,851.285,72,Hopper-v5,9107,Agente_3
236.3881711959839,41,1017216,339.6822476479529,515.0104197037311,191.84308662076165,128.95,0.0009100450552068651,0.0,0.9405461549758911,0.16283200681209564,2892,0.5,0.99,0.010101429734786506,4.5308702850341795,0.6886365675926208,-0.05314265102148056,8.20344563484192,0.010101429734786506,0.6886365675926208,4.5308702850341795,1.0,0.0009100450552068651,0.0009100450552068651,0.0,0.16283200681209564,0.16283200681209564,0.0,0.9405461549758911,0.9405461549758911,0.0,0.0,0.0,0.0,0.0,0.81,24.0,74.0,820.574,73,Hopper-v5,9107,Agente_3
237.16998887062073,42,1020112,336.51622756336286,515.0104197037311,159.11325965093945,127.43,0.0009100450552068651,0.0,0.9405461549758911,0.16283200681209564,2892,0.5,0.99,0.008498363166872878,4.458487176895142,0.651849764585495,-0.04725857391953468,8.442736492156982,0.008498363166872878,0.651849764585495,4.458487176895142,1.0,0.0009100450552068651,0.0009100450552068651,0.0,0.16283200681209564,0.16283200681209564,0.0,0.9405461549758911,0.9405461549758911,0.0,0.0,0.0,0.0,0.0,0.96,29.75,73.95,815.662,74,Hopper-v5,9107,Agente_3
237.81061482429504,43,1023008,327.38246697338474,515.0104197037311,159.11325965093945,124.48,0.0009100450552068651,0.0,0.9405461549758911,0.16283200681209564,2892,0.5,0.99,0.008710418872651645,4.31441162109375,0.7132393634319305,-0.08041431866586209,8.91919942855835,0.008710418872651645,0.7132393634319305,4.31441162109375,1.0,0.0009100450552068651,0.0009100450552068651,0.0,0.16283200681209564,0.16283200681209564,0.0,0.9405461549758911,0.9405461549758911,0.0,0.0,0.0,0.0,0.0,,,,810.465,75,Hopper-v5,9107,Agente_3
238.61282587051392,44,1025904,325.95687118261975,419.05960019210755,159.11325965093945,124.0,0.0009100450552068651,0.0,0.9405461549758911,0.16283200681209564,2892,0.5,0.99,0.010404665646492504,4.401200261116028,0.7053766930103302,0.0012081107497215271,8.221115379333495,0.010404665646492504,0.7053766930103302,4.401200261116028,1.0,0.0009100450552068651,0.0009100450552068651,0.0,0.16283200681209564,0.16283200681209564,0.0,0.9405461549758911,0.9405461549758911,0.0,0.0,0.0,0.0,0.0,0.745,34.900000000000006,73.9,798.981,76,Hopper-v5,9107,Agente_3
239.302392244339,45,1028800,324.02584591023714,419.05960019210755,159.11325965093945,123.09,0.0009100450552068651,0.0,0.9405461549758911,0.16283200681209564,2892,0.5,0.99,0.012918798500322737,4.573205432891846,0.6640327847003937,-0.016667198538780213,8.366879615783692,0.012918798500322737,0.6640327847003937,4.573205432891846,1.0,0.0009100450552068651,0.0009100450552068651,0.0,0.16283200681209564,0.16283200681209564,0.0,0.9405461549758911,0.9405461549758911,0.0,0.0,0.0,0.0,0.0,0.8,31.8,73.9,796.464,77,Hopper-v5,9107,Agente_3
239.935453414917,46,1031696,325.4111843725121,417.73047106634107,171.72186467775535,122.93,0.0009100450552068651,0.0,0.9405461549758911,0.16283200681209564,2892,0.5,0.99,0.010730306162731722,4.416212701797486,0.7746299767494201,-0.07901744827628136,8.340403308868408,0.010730306162731722,0.7746299767494201,4.416212701797486,1.0,0.0009100450552068651,0.0009100450552068651,0.0,0.16283200681209564,0.16283200681209564,0.0,0.9405461549758911,0.9405461549758911,0.0,0.0,0.0,0.0,0.0,,,,788.463,78,Hopper-v5,9107,Agente_3
240.72815489768982,47,1034592,322.33526556368633,417.73047106634107,171.72186467775535,122.34,0.0009100450552068651,0.0,0.9405461549758911,0.16283200681209564,2892,0.5,0.99,0.009739074448734755,4.416613454818726,0.763174545764923,0.000868285819888115,7.882848930358887,0.009739074448734755,0.763174545764923,4.416613454818726,1.0,0.0009100450552068651,0.0009100450552068651,0.0,0.16283200681209564,0.16283200681209564,0.0,0.9405461549758911,0.9405461549758911,0.0,0.0,0.0,0.0,0.0,0.925,29.25,73.8,776.967,79,Hopper-v5,9107,Agente_3
241.58454394340515,48,1037488,324.3817421100589,401.1200261142979,207.62688569405134,122.81,0.0009100450552068651,0.0,0.9405461549758911,0.16283200681209564,2892,0.5,0.99,0.010564134374435525,4.451751699447632,0.8177419412136078,-0.01991505041718483,8.119090490341186,0.010564134374435525,0.8177419412136078,4.451751699447632,1.0,0.0009100450552068651,0.0009100450552068651,0.0,0.16283200681209564,0.16283200681209564,0.0,0.9405461549758911,0.9405461549758911,0.0,0.0,0.0,0.0,0.0,0.12,45.6,73.9,769.586,80,Hopper-v5,9107,Agente_3
242.22746062278748,49,1040384,330.88807917962345,432.53794030228124,192.57028368605665,124.78,0.0009100450552068651,0.0,0.9405461549758911,0.16283200681209564,2892,0.5,0.99,0.010976313200953882,4.397688789367676,0.8392248344421387,-0.0063236294686794285,7.824759483337402,0.010976313200953882,0.8392248344421387,4.397688789367676,1.0,0.0009100450552068651,0.0009100450552068651,0.0,0.16283200681209564,0.16283200681209564,0.0,0.9405461549758911,0.9405461549758911,0.0,0.0,0.0,0.0,0.0,0.12,29.1,73.8,718.76,81,Hopper-v5,9107,Agente_3
243.2861704826355,50,1043280,325.59306312598625,432.53794030228124,191.79425284643705,123.63,0.0009100450552068651,0.0,0.9405461549758911,0.16283200681209564,2892,0.5,0.99,0.009580785864382052,4.493320407867432,0.8157732105255127,-0.0077358708530664445,7.6827753639221195,0.009580785864382052,0.8157732105255127,4.493320407867432,1.0,0.0009100450552068651,0.0009100450552068651,0.0,0.16283200681209564,0.16283200681209564,0.0,0.9405461549758911,0.9405461549758911,0.0,0.0,0.0,0.0,0.0,0.96,44.0,73.8,743.474,82,Hopper-v5,9107,Agente_3
244.36154055595398,51,1046176,333.89561626571043,432.53794030228124,191.79425284643705,125.72,0.0009100450552068651,0.0,0.9405461549758911,0.16283200681209564,2892,0.5,0.99,0.012832359669700963,4.532329492568969,0.9112151575088501,0.013335882499814034,7.604953842163086,0.012832359669700963,0.9112151575088501,4.532329492568969,1.0,0.0009100450552068651,0.0009100450552068651,0.0,0.16283200681209564,0.16283200681209564,0.0,0.9405461549758911,0.9405461549758911,0.0,0.0,0.0,0.0,0.0,0.77,45.150000000000006,73.85,786.63,83,Hopper-v5,9107,Agente_3
245.219984292984,52,1049072,336.8964722465835,432.53794030228124,185.28193679286426,126.46,0.0009100450552068651,0.0,0.9405461549758911,0.16283200681209564,2892,0.5,0.99,0.008178316059056669,4.378099822998047,0.886449602842331,-0.05996991246938706,7.628569564819336,0.008178316059056669,0.886449602842331,4.378099822998047,1.0,0.0009100450552068651,0.0009100450552068651,0.0,0.16283200681209564,0.16283200681209564,0.0,0.9405461549758911,0.9405461549758911,0.0,0.0,0.0,0.0,0.0,0.76,45.9,73.9,794.177,84,Hopper-v5,9107,Agente_3
246.05474853515625,53,1051968,326.1272823839685,418.17508126119185,185.28193679286426,123.53,0.0009100450552068651,0.0,0.9405461549758911,0.16283200681209564,2892,0.5,0.99,0.00958113888191292,4.227724285125732,0.8350440537929535,-0.055478136166930196,7.061993227005005,0.00958113888191292,0.8350440537929535,4.227724285125732,1.0,0.0009100450552068651,0.0009100450552068651,0.0,0.16283200681209564,0.16283200681209564,0.0,0.9405461549758911,0.9405461549758911,0.0,0.0,0.0,0.0,0.0,0.75,44.8,73.8,813.518,85,Hopper-v5,9107,Agente_3
246.74940490722656,54,1054864,324.70211640873094,409.023099936823,185.28193679286426,123.24,0.0009100450552068651,0.0,0.9405461549758911,0.16283200681209564,2892,0.5,0.99,0.008782099947420647,4.387807359695435,0.8739130902290344,-0.03872784852981567,6.5079767036437985,0.008782099947420647,0.8739130902290344,4.387807359695435,1.0,0.0009100450552068651,0.0009100450552068651,0.0,0.16283200681209564,0.16283200681209564,0.0,0.9405461549758911,0.9405461549758911,0.0,0.0,0.0,0.0,0.0,0.97,28.1,73.8,802.735,86,Hopper-v5,9107,Agente_3
247.53048515319824,55,1057760,317.7394595180912,409.023099936823,185.28193679286426,121.3,0.0009100450552068651,0.0,0.9405461549758911,0.16283200681209564,2892,0.5,0.99,0.00766878013004316,4.404907712936401,0.8588236963748932,-0.03921393290162087,6.921715993881225,0.00766878013004316,0.8588236963748932,4.404907712936401,1.0,0.0009100450552068651,0.0009100450552068651,0.0,0.16283200681209564,0.16283200681209564,0.0,0.9405461549758911,0.9405461549758911,0.0,0.0,0.0,0.0,0.0,0.97,22.4,73.8,811.485,87,Hopper-v5,9107,Agente_3
248.3928780555725,56,1060656,318.65903486792104,399.45424615170447,177.3689539143192,121.73,0.0009100450552068651,0.0,0.9405461549758911,0.16283200681209564,2892,0.5,0.99,0.010313815040863119,4.248386297225952,0.8789902973175049,-0.005777254104614258,6.411274423599243,0.010313815040863119,0.8789902973175049,4.248386297225952,1.0,0.0009100450552068651,0.0009100450552068651,0.0,0.16283200681209564,0.16283200681209564,0.0,0.9405461549758911,0.9405461549758911,0.0,0.0,0.0,0.0,0.0,0.535,40.400000000000006,73.75,834.39,88,Hopper-v5,9107,Agente_3
249.82304763793945,109,1008328,414.2930794460215,653.0447428057289,212.8575924609159,146.40449438202248,0.00041272956877946854,0.0,0.926725447177887,0.17096474766731262,54469,0.5,0.99,0.05426054545941788,2.1543432412282475,0.6611288187638769,0.028015441974660136,6.977449690395931,0.05426054545941788,0.6611288187638769,2.1543432412282475,1.0,0.00041272956877946854,0.00041272956877946854,0.0,0.17096474766731262,0.17096474766731262,0.0,0.926725447177887,0.926725447177887,0.0,0.0,0.0,0.0,0.0,0.258,30.933333333333334,59.20000000000001,10265.77,89,Hopper-v5,9107,Agente_3
262.71549892425537,110,1062800,413.0747006421004,645.8224471946975,5.579466100525406,146.71830985915494,0.00041272956877946854,0.0,0.926725447177887,0.17096474766731262,54469,0.5,0.99,0.062332536211623976,2.19834870145006,0.8437025418821371,0.02453844480497657,6.450628543125009,0.062332536211623976,0.8437025418821371,2.19834870145006,1.0,0.00041272956877946854,0.00041272956877946854,0.0,0.17096474766731262,0.17096474766731262,0.0,0.926725447177887,0.926725447177887,0.0,0.0,0.0,0.0,0.0,0.6322222222222221,35.32777777777778,71.55555555555556,12874.826,90,Hopper-v5,9107,Agente_3
274.75749802589417,111,1117272,365.02289813409556,487.50936588048444,140.9997733313709,128.61084905660377,0.00041272956877946854,0.0,0.926725447177887,0.17096474766731262,54469,0.5,0.99,0.057098554870781526,2.431841742767478,0.9059082422616347,0.015346194557705016,6.505068305528389,0.057098554870781526,0.9059082422616347,2.431841742767478,1.0,0.00041272956877946854,0.00041272956877946854,0.0,0.17096474766731262,0.17096474766731262,0.0,0.926725447177887,0.926725447177887,0.0,0.0,0.0,0.0,0.0,0.7894117647058823,34.49411764705883,71.37058823529411,12452.351,91,Hopper-v5,9107,Agente_3
285.1066439151764,112,1171744,418.91709520040746,642.7155674931082,6.252330456713926,147.62606232294618,0.00041272956877946854,0.0,0.926725447177887,0.17096474766731262,54469,0.5,0.99,0.05949927623260704,2.0909459383420224,0.9576471152170649,0.02069548856256143,4.693639414377932,0.05949927623260704,0.9576471152170649,2.0909459383420224,1.0,0.00041272956877946854,0.00041272956877946854,0.0,0.17096474766731262,0.17096474766731262,0.0,0.926725447177887,0.926725447177887,0.0,0.0,0.0,0.0,0.0,0.5546666666666666,34.379999999999995,65.79333333333334,10331.031,92,Hopper-v5,9107,Agente_3
297.98528122901917,113,1226216,420.2063322454514,644.9917478264163,209.42824119970876,148.09348441926346,0.00041272956877946854,0.0,0.926725447177887,0.17096474766731262,54469,0.5,0.99,0.06439271090060199,2.1023626513076277,0.9699368548280788,0.024663952198582438,4.516378001559455,0.06439271090060199,0.9699368548280788,2.1023626513076277,1.0,0.00041272956877946854,0.00041272956877946854,0.0,0.17096474766731262,0.17096474766731262,0.0,0.926725447177887,0.926725447177887,0.0,0.0,0.0,0.0,0.0,0.7322222222222222,34.49444444444444,74.0611111111111,12863.633,93,Hopper-v5,9107,Agente_3
328.7560353279114,35,1379296,515.5751310784258,771.8958563745945,206.07011017851474,176.14074074074074,0.0006486132624559104,0.0,0.957105278968811,0.47318851947784424,26574,0.5,0.99,0.013056089869225644,4.517182017307656,0.705584042446286,-0.025414361516196353,9.446937312331855,0.013056089869225644,0.705584042446286,4.517182017307656,1.0,0.0006486132624559104,0.0006486132624559104,0.0,0.47318851947784424,0.47318851947784424,0.0,0.957105278968811,0.957105278968811,0.0,0.0,0.0,0.0,0.0,0.5158333333333333,35.375,73.90833333333332,8139.907,94,Hopper-v5,9107,Agente_3
334.40107893943787,36,1405872,466.21094723186116,662.9858806183352,65.21483888269505,160.19642857142858,0.0006486132624559104,0.0,0.957105278968811,0.47318851947784424,26574,0.5,0.99,0.012038261354859523,4.572779245937572,0.7271393502459806,-0.0217051227522247,9.26735423405965,0.012038261354859523,0.7271393502459806,4.572779245937572,1.0,0.0006486132624559104,0.0006486132624559104,0.0,0.47318851947784424,0.47318851947784424,0.0,0.957105278968811,0.957105278968811,0.0,0.0,0.0,0.0,0.0,0.63,42.887499999999996,74.4,6884.704,95,Hopper-v5,9107,Agente_3
340.4678797721863,37,1432448,450.29964141434914,591.8854048850723,284.6890505165843,156.121387283237,0.0006486132624559104,0.0,0.957105278968811,0.47318851947784424,26574,0.5,0.99,0.011796625090259933,4.514314071804869,0.8762027367657306,-0.031195724001336914,8.544352576311898,0.011796625090259933,0.8762027367657306,4.514314071804869,1.0,0.0006486132624559104,0.0006486132624559104,0.0,0.47318851947784424,0.47318851947784424,0.0,0.957105278968811,0.957105278968811,0.0,0.0,0.0,0.0,0.0,0.62375,29.6375,74.41250000000001,6607.581,96,Hopper-v5,9107,Agente_3
348.1209559440613,38,1459024,432.52253247004774,600.1394992358165,155.92092240817277,150.46857142857144,0.0006486132624559104,0.0,0.957105278968811,0.47318851947784424,26574,0.5,0.99,0.010418278389696235,4.518468524895463,0.8907663029782912,-0.028153659428889845,8.130239217421588,0.010418278389696235,0.8907663029782912,4.518468524895463,1.0,0.0006486132624559104,0.0006486132624559104,0.0,0.47318851947784424,0.47318851947784424,0.0,0.957105278968811,0.957105278968811,0.0,0.0,0.0,0.0,0.0,0.5881818181818181,39.018181818181816,74.44545454545454,6865.837,97,Hopper-v5,9107,Agente_3
354.4290075302124,39,1485600,423.6492984318284,602.7950774964214,171.15107409425218,148.18435754189943,0.0006486132624559104,0.0,0.957105278968811,0.47318851947784424,26574,0.5,0.99,0.010546786098184114,4.446286527783263,0.9188026144224055,-0.02348819232600577,7.7696546049679025,0.010546786098184114,0.9188026144224055,4.446286527783263,1.0,0.0006486132624559104,0.0006486132624559104,0.0,0.47318851947784424,0.47318851947784424,0.0,0.957105278968811,0.957105278968811,0.0,0.0,0.0,0.0,0.0,0.7633333333333333,32.62222222222223,74.46666666666665,6751.565,98,Hopper-v5,9107,Agente_3
361.36566162109375,40,1512176,425.84684667513875,590.0921399096078,80.47297909993684,147.97752808988764,0.0006486132624559104,0.0,0.957105278968811,0.47318851947784424,26574,0.5,0.99,0.01059500133005178,4.4211568776298975,0.8928471082565831,-0.02050961646452254,7.606836470435647,0.01059500133005178,0.8928471082565831,4.4211568776298975,1.0,0.0006486132624559104,0.0006486132624559104,0.0,0.47318851947784424,0.47318851947784424,0.0,0.957105278968811,0.957105278968811,0.0,0.0,0.0,0.0,0.0,0.42666666666666664,40.144444444444446,74.4,6780.374,99,Hopper-v5,9107,Agente_3
366.95900297164917,41,1538752,409.75001046879265,553.6687817474531,148.95925613232166,143.58823529411765,0.0006486132624559104,0.0,0.957105278968811,0.47318851947784424,26574,0.5,0.99,0.010475523558025349,4.3999090980080995,0.9213898489288256,-0.03272220877674865,7.499666821722891,0.010475523558025349,0.9213898489288256,4.3999090980080995,1.0,0.0006486132624559104,0.0006486132624559104,0.0,0.47318851947784424,0.47318851947784424,0.0,0.957105278968811,0.957105278968811,0.0,0.0,0.0,0.0,0.0,0.87625,31.4375,74.4,6608.697,100,Hopper-v5,9107,Agente_3
374.12091398239136,42,1565328,407.94531514310506,555.1515501432674,59.85272498155249,142.13661202185793,0.0006486132624559104,0.0,0.957105278968811,0.47318851947784424,26574,0.5,0.99,0.010746018183714443,4.394608862259808,0.9151729871244991,-0.019340049152207724,7.206035614948647,0.010746018183714443,0.9151729871244991,4.394608862259808,1.0,0.0006486132624559104,0.0006486132624559104,0.0,0.47318851947784424,0.47318851947784424,0.0,0.957105278968811,0.957105278968811,0.0,0.0,0.0,0.0,0.0,0.473,36.730000000000004,74.42,6675.949,101,Hopper-v5,9107,Agente_3
381.02232122421265,43,1591904,397.5810054645563,536.4181908766556,50.59546870956436,138.7715736040609,0.0006486132624559104,0.0,0.957105278968811,0.47318851947784424,26574,0.5,0.99,0.01121017802278428,4.355590577219047,0.9021190078819499,-0.029883302945424527,7.394605347689461,0.01121017802278428,0.9021190078819499,4.355590577219047,1.0,0.0006486132624559104,0.0006486132624559104,0.0,0.47318851947784424,0.47318851947784424,0.0,0.957105278968811,0.957105278968811,0.0,0.0,0.0,0.0,0.0,0.585,35.35,70.21000000000001,6699.374,102,Hopper-v5,9107,Agente_3
387.8364384174347,44,1618480,409.3183665309529,570.9728074025481,46.037591440213546,142.25531914893617,0.0006486132624559104,0.0,0.957105278968811,0.47318851947784424,26574,0.5,0.99,0.01215087396534121,4.305896278456146,0.9148845165383582,-0.03456307134280602,7.5804588551614795,0.01215087396534121,0.9148845165383582,4.305896278456146,1.0,0.0006486132624559104,0.0006486132624559104,0.0,0.47318851947784424,0.47318851947784424,0.0,0.957105278968811,0.957105278968811,0.0,0.0,0.0,0.0,0.0,0.3622222222222222,44.32222222222222,73.67777777777778,6709.784,103,Hopper-v5,9107,Agente_3
394.3865191936493,45,1645056,415.3688797380955,601.0154822548548,55.7762298230823,143.84699453551912,0.0006486132624559104,0.0,0.957105278968811,0.47318851947784424,26574,0.5,0.99,0.011546422209593241,4.302502632141113,0.9214915334009657,-0.029419802224227028,7.48468864104327,0.011546422209593241,0.9214915334009657,4.302502632141113,1.0,0.0006486132624559104,0.0006486132624559104,0.0,0.47318851947784424,0.47318851947784424,0.0,0.957105278968811,0.957105278968811,0.0,0.0,0.0,0.0,0.0,0.694,30.240000000000002,74.66,6549.358,104,Hopper-v5,9107,Agente_3
401.4800419807434,46,1671632,410.29770065916983,568.7171554299991,170.74207909893425,142.4731182795699,0.0006486132624559104,0.0,0.957105278968811,0.47318851947784424,26574,0.5,0.99,0.011693751440402682,4.287493043319852,0.9363836116650526,-0.020946845120074702,7.607151118446799,0.011693751440402682,0.9363836116650526,4.287493043319852,1.0,0.0006486132624559104,0.0006486132624559104,0.0,0.47318851947784424,0.47318851947784424,0.0,0.957105278968811,0.957105278968811,0.0,0.0,0.0,0.0,0.0,0.7744444444444445,37.855555555555554,74.87777777777778,6693.968,105,Hopper-v5,9107,Agente_3
407.19553661346436,47,1698208,408.4390161823615,568.03933922437,46.922437443236966,141.88359788359787,0.0006486132624559104,0.0,0.957105278968811,0.47318851947784424,26574,0.5,0.99,0.012352943840418469,4.196632159457487,0.8760941978763132,-0.02113187733088054,7.602855917051727,0.012352943840418469,0.8760941978763132,4.196632159457487,1.0,0.0006486132624559104,0.0006486132624559104,0.0,0.47318851947784424,0.47318851947784424,0.0,0.957105278968811,0.957105278968811,0.0,0.0,0.0,0.0,0.0,0.7175,33.7,67.325,6659.197,106,Hopper-v5,9107,Agente_3
411.988116979599,48,1724784,416.69586101472015,568.0313943171012,82.23207495300832,144.28571428571428,0.0006486132624559104,0.0,0.957105278968811,0.47318851947784424,26574,0.5,0.99,0.012757468523512524,4.193228336876514,0.9148124927399205,-0.03140059156416386,7.703868105832268,0.012757468523512524,0.9148124927399205,4.193228336876514,1.0,0.0006486132624559104,0.0006486132624559104,0.0,0.47318851947784424,0.47318851947784424,0.0,0.957105278968811,0.957105278968811,0.0,0.0,0.0,0.0,0.0,0.33,31.371428571428574,60.47142857142857,6373.203,107,Hopper-v5,9107,Agente_3
419.01895093917847,49,1751360,515.4256636583226,1025.7578919174468,11.43826106351078,183.04651162790697,0.0006486132624559104,0.0,0.957105278968811,0.47318851947784424,26574,0.5,0.99,0.014805718341285412,4.438267156657051,0.6439748797930923,-0.0365791212073436,7.452651729770735,0.014805718341285412,0.6439748797930923,4.438267156657051,1.0,0.0006486132624559104,0.0006486132624559104,0.0,0.47318851947784424,0.47318851947784424,0.0,0.957105278968811,0.957105278968811,0.0,0.0,0.0,0.0,0.0,0.63,29.2,74.31,7018.785,108,Hopper-v5,9107,Agente_3
426.3150074481964,50,1777936,601.8832149674516,935.1822560980388,185.37287198407068,201.93023255813952,0.0006486132624559104,0.0,0.957105278968811,0.47318851947784424,26574,0.5,0.99,0.012332248575234296,4.530854747809616,0.8610579798034593,-0.040973643648584246,6.833565093956742,0.012332248575234296,0.8610579798034593,4.530854747809616,1.0,0.0006486132624559104,0.0006486132624559104,0.0,0.47318851947784424,0.47318851947784424,0.0,0.957105278968811,0.957105278968811,0.0,0.0,0.0,0.0,0.0,0.3109090909090909,42.01818181818182,74.61818181818181,7150.066,109,Hopper-v5,9107,Agente_3
432.26135754585266,51,1804512,569.0743162138126,823.5595402561171,54.774993493701075,189.06993006993008,0.0006486132624559104,0.0,0.957105278968811,0.47318851947784424,26574,0.5,0.99,0.011471798824609055,4.45891728962169,0.8768318500004563,-0.03544329988094522,6.587912984922821,0.011471798824609055,0.8768318500004563,4.45891728962169,1.0,0.0006486132624559104,0.0006486132624559104,0.0,0.47318851947784424,0.47318851947784424,0.0,0.957105278968811,0.957105278968811,0.0,0.0,0.0,0.0,0.0,0.89,27.45,74.7,6744.585,110,Hopper-v5,9107,Agente_3
438.13460779190063,52,1831088,563.336729640819,801.1354271600112,330.15575652312066,184.91780821917808,0.0006486132624559104,0.0,0.957105278968811,0.47318851947784424,26574,0.5,0.99,0.011178047465396315,4.491292319578283,0.9334387176177081,-0.033390293325133186,6.576669313393388,0.011178047465396315,0.9334387176177081,4.491292319578283,1.0,0.0006486132624559104,0.0006486132624559104,0.0,0.47318851947784424,0.47318851947784424,0.0,0.957105278968811,0.957105278968811,0.0,0.0,0.0,0.0,0.0,0.3475,35.225,65.82499999999999,6524.021,111,Hopper-v5,9107,Agente_3
444.23314476013184,53,1857664,620.3621254009219,1034.5638864236766,13.085389678604088,211.16981132075472,0.0006486132624559104,0.0,0.957105278968811,0.47318851947784424,26574,0.5,0.99,0.013424845534267336,4.352783822078331,0.7354353052728316,-0.03817378407088565,6.982212229336009,0.013424845534267336,0.7354353052728316,4.352783822078331,1.0,0.0006486132624559104,0.0006486132624559104,0.0,0.47318851947784424,0.47318851947784424,0.0,0.957105278968811,0.957105278968811,0.0,0.0,0.0,0.0,0.0,0.43,31.34444444444445,66.84444444444445,6088.009,112,Hopper-v5,9107,Agente_3
449.4895420074463,54,1884240,645.0211261815483,978.3510294786257,206.87652103132442,211.45736434108528,0.0006486132624559104,0.0,0.957105278968811,0.47318851947784424,26574,0.5,0.99,0.011977777795675815,4.457348974078309,0.8757137196905472,-0.038879255176174875,6.175242643730313,0.011977777795675815,0.8757137196905472,4.457348974078309,1.0,0.0006486132624559104,0.0006486132624559104,0.0,0.47318851947784424,0.47318851947784424,0.0,0.957105278968811,0.957105278968811,0.0,0.0,0.0,0.0,0.0,0.25,32.128571428571426,59.57142857142856,5667.391,113,Hopper-v5,9107,Agente_3
451.9400882720947,67,1873304,715.0245484969648,1258.2950347841947,212.26102871636286,254.8,0.00032384623773396015,0.0,0.9479907751083374,0.39956870675086975,21251,0.5,0.99,0.004382540936874443,4.558339456814092,0.708625073403847,-0.033033367877871526,5.369883036031956,0.004382540936874443,0.708625073403847,4.558339456814092,1.0,0.00032384623773396015,0.00032384623773396015,0.0,0.39956870675086975,0.39956870675086975,0.0,0.9479907751083374,0.9479907751083374,0.0,0.0,0.0,0.0,0.0,0.2257142857142857,27.199999999999996,61.98571428571429,4681.122,114,Hopper-v5,9107,Agente_3
455.99077820777893,68,1894560,790.6779848300393,1519.6235291709406,295.69550469894244,265.94,0.00032384623773396015,0.0,0.9479907751083374,0.39956870675086975,21251,0.5,0.99,0.007945827711372236,4.545443950048307,0.8652136449406787,-0.03167198187240013,5.018449814145158,0.007945827711372236,0.8652136449406787,4.545443950048307,1.0,0.00032384623773396015,0.00032384623773396015,0.0,0.39956870675086975,0.39956870675086975,0.0,0.9479907751083374,0.9479907751083374,0.0,0.0,0.0,0.0,0.0,0.21000000000000005,25.3,57.833333333333336,4360.121,115,Hopper-v5,9107,Agente_3
460.08359456062317,69,1915816,768.1695442044303,1519.6235291709406,387.3067620552069,249.65,0.00032384623773396015,0.0,0.9479907751083374,0.39956870675086975,21251,0.5,0.99,0.008328842675198584,4.496329510502699,0.8946018796141555,-0.03179508444466969,4.96512959236052,0.008328842675198584,0.8946018796141555,4.496329510502699,1.0,0.00032384623773396015,0.00032384623773396015,0.0,0.39956870675086975,0.39956870675086975,0.0,0.9479907751083374,0.9479907751083374,0.0,0.0,0.0,0.0,0.0,0.1,32.44,63.2,4266.46,116,Hopper-v5,9107,Agente_3
465.0139329433441,70,1937072,807.5811693539328,1213.705713991895,32.7760271796808,271.7910447761194,0.00032384623773396015,0.0,0.9479907751083374,0.39956870675086975,21251,0.5,0.99,0.008961933635590018,4.607759219262658,0.8196561401937066,-0.04072401781180283,5.684740842842475,0.008961933635590018,0.8196561401937066,4.607759219262658,1.0,0.00032384623773396015,0.00032384623773396015,0.0,0.39956870675086975,0.39956870675086975,0.0,0.9479907751083374,0.9479907751083374,0.0,0.0,0.0,0.0,0.0,0.5742857142857144,26.75714285714286,67.10000000000001,4920.401,117,Hopper-v5,9107,Agente_3
469.21377897262573,71,1958328,782.3763477660717,1287.5686428468716,32.7760271796808,256.74,0.00032384623773396015,0.0,0.9479907751083374,0.39956870675086975,21251,0.5,0.99,0.008913926879336585,4.628288918006711,0.8376977450963927,-0.03880309836893547,5.731625109765588,0.008913926879336585,0.8376977450963927,4.628288918006711,1.0,0.00032384623773396015,0.00032384623773396015,0.0,0.39956870675086975,0.39956870675086975,0.0,0.9479907751083374,0.9479907751083374,0.0,0.0,0.0,0.0,0.0,0.455,29.28333333333333,63.93333333333333,4553.746,118,Hopper-v5,9107,Agente_3
474.37698554992676,72,1979584,757.7406290567226,1352.617937416981,421.3075810757449,243.41,0.00032384623773396015,0.0,0.9479907751083374,0.39956870675086975,21251,0.5,0.99,0.009346460294342152,4.523798135431801,0.8991040064067375,-0.03593850722082141,5.4759435990961585,0.009346460294342152,0.8991040064067375,4.523798135431801,1.0,0.00032384623773396015,0.00032384623773396015,0.0,0.39956870675086975,0.39956870675086975,0.0,0.9479907751083374,0.9479907751083374,0.0,0.0,0.0,0.0,0.0,0.2785714285714286,36.58571428571429,68.9857142857143,4753.534,119,Hopper-v5,9107,Agente_3
478.17950892448425,73,2000840,814.2736456962632,1222.104522294987,217.85586645562057,283.0943396226415,0.00032384623773396015,0.0,0.9479907751083374,0.39956870675086975,21251,0.5,0.99,0.010051929125727235,4.5770244226223085,0.6768767256562302,-0.03473524934180626,5.888573274379823,0.010051929125727235,0.6768767256562302,4.5770244226223085,1.0,0.00032384623773396015,0.00032384623773396015,0.0,0.39956870675086975,0.39956870675086975,0.0,0.9479907751083374,0.9479907751083374,0.0,0.0,0.0,0.0,0.0,0.11833333333333335,21.88333333333333,56.36666666666667,3792.442,120,Hopper-v5,9107,Agente_3
10.075215816497803,1,37728,15.30754284235432,161.00227345232784,-0.16971078166447318,20.016630901287552,2.5680752250354335e-05,0.0,0.9008091674457853,0.11320136905008932,37722,0.5,0.99,0.0038109502041064943,4.246675079816009,-0.04106703833357928,-0.010638342823271882,6.112464944630453,0.0038109502041064943,-0.04106703833357928,4.246675079816009,1.0,2.5680752250354335e-05,2.5680752250354335e-05,0.0,0.11320136905008932,0.11320136905008932,0.0,0.9008091674457853,0.9008091674457853,0.0,0.0,0.0,0.0,0.0,0.42928571428571427,37.42857142857143,72.15714285714287,10048.542,0,Hopper-v5,9107,Agente_4
20.22599506378174,2,75456,20.680040520344413,233.9248990005552,1.7865183091998078,23.04107909258124,2.5680752250354335e-05,0.0,0.9008091674457853,0.11320136905008932,37722,0.5,0.99,0.004900367035002527,4.22385201192882,0.0763477920669399,-0.016817996324333426,6.11026761172569,0.004900367035002527,0.0763477920669399,4.22385201192882,1.0,2.5680752250354335e-05,2.5680752250354335e-05,0.0,0.11320136905008932,0.11320136905008932,0.0,0.9008091674457853,0.9008091674457853,0.0,0.0,0.0,0.0,0.0,0.6171428571428572,37.892857142857146,73.75714285714285,10086.717,1,Hopper-v5,9107,Agente_4
16.78028702735901,7,61824,39.63664619125821,204.4649910482845,3.0790380546670626,30.181818181818183,1.3510285044271187e-05,0.0,0.9298425302589864,0.17222886859865483,8826,0.5,0.99,0.004329365401016933,4.0711580500883215,-0.06882187233251684,-0.004035121158641928,8.625393974079806,0.004329365401016933,-0.06882187233251684,4.0711580500883215,1.0,1.3510285044271187e-05,1.3510285044271187e-05,0.0,0.17222886859865483,0.17222886859865483,0.0,0.9298425302589864,0.9298425302589864,0.0,0.0,0.0,0.0,0.0,0.18000000000000002,12.533333333333333,51.800000000000004,1699.304,2,Hopper-v5,9107,Agente_4
18.371929168701172,8,70656,56.91394818765992,297.3703071643027,3.7382430308979853,38.63755458515284,1.3510285044271187e-05,0.0,0.9298425302589864,0.17222886859865483,8826,0.5,0.99,0.0035174901461740614,3.9921670366736017,-0.07700424019028158,-0.004544908378054114,8.95778585321763,0.0035174901461740614,-0.07700424019028158,3.9921670366736017,1.0,1.3510285044271187e-05,1.3510285044271187e-05,0.0,0.17222886859865483,0.17222886859865483,0.0,0.9298425302589864,0.9298425302589864,0.0,0.0,0.0,0.0,0.0,0.26,24.1,49.099999999999994,1639.804,3,Hopper-v5,9107,Agente_4
19.932759046554565,9,79488,70.79204076989461,269.00958639870026,2.7567887928286017,44.19095477386934,1.3510285044271187e-05,0.0,0.9298425302589864,0.17222886859865483,8826,0.5,0.99,0.005649269748520216,3.933793411535375,-0.04820155045565437,-0.005624111632213873,9.101757874208339,0.005649269748520216,-0.04820155045565437,3.933793411535375,1.0,1.3510285044271187e-05,1.3510285044271187e-05,0.0,0.17222886859865483,0.17222886859865483,0.0,0.9298425302589864,0.9298425302589864,0.0,0.0,0.0,0.0,0.0,0.22999999999999998,22.833333333333332,52.70000000000001,1610.414,4,Hopper-v5,9107,Agente_4
21.505318641662598,10,88320,84.44245478163582,249.56604689848464,3.1877659848572564,50.44252873563219,1.3510285044271187e-05,0.0,0.9298425302589864,0.17222886859865483,8826,0.5,0.99,0.005861821068003123,3.8858370556550867,-0.00829136617043439,-0.0028574943980749917,9.322026241526885,0.005861821068003123,-0.00829136617043439,3.8858370556550867,1.0,1.3510285044271187e-05,1.3510285044271187e-05,0.0,0.17222886859865483,0.17222886859865483,0.0,0.9298425302589864,0.9298425302589864,0.0,0.0,0.0,0.0,0.0,0.245,22.7,54.85,1598.322,5,Hopper-v5,9107,Agente_4
23.599024057388306,11,97152,110.1510612278696,276.15718774880804,3.4834367820361516,57.8705035971223,1.3510285044271187e-05,0.0,0.9298425302589864,0.17222886859865483,8826,0.5,0.99,0.005997634843644097,3.7796056705362657,0.04995689847890068,-0.014854959924431407,9.50546636020436,0.005997634843644097,0.04995689847890068,3.7796056705362657,1.0,1.3510285044271187e-05,1.3510285044271187e-05,0.0,0.17222886859865483,0.17222886859865483,0.0,0.9298425302589864,0.9298425302589864,0.0,0.0,0.0,0.0,0.0,0.08,36.2,56.53333333333333,1694.425,6,Hopper-v5,9107,Agente_4
25.860984802246094,12,105984,129.63330712821104,290.7887529987586,2.4587018649946044,66.31884057971014,1.3510285044271187e-05,0.0,0.9298425302589864,0.17222886859865483,8826,0.5,0.99,0.005631562323084354,3.80238040896023,0.05708034248913035,-0.0170902766944731,9.457070429184858,0.005631562323084354,0.05708034248913035,3.80238040896023,1.0,1.3510285044271187e-05,1.3510285044271187e-05,0.0,0.17222886859865483,0.17222886859865483,0.0,0.9298425302589864,0.9298425302589864,0.0,0.0,0.0,0.0,0.0,0.03,37.96666666666667,60.56666666666666,1787.38,7,Hopper-v5,9107,Agente_4
27.82836127281189,13,114816,135.35494613640932,317.0850661248346,2.8140799112677293,68.58095238095238,1.3510285044271187e-05,0.0,0.9298425302589864,0.17222886859865483,8826,0.5,0.99,0.003283357048694122,3.7361942711998433,0.0652472313712625,-0.003270828614340109,9.542268293044147,0.003283357048694122,0.0652472313712625,3.7361942711998433,1.0,1.3510285044271187e-05,1.3510285044271187e-05,0.0,0.17222886859865483,0.17222886859865483,0.0,0.9298425302589864,0.9298425302589864,0.0,0.0,0.0,0.0,0.0,0.19333333333333333,22.633333333333336,61.76666666666667,1956.245,8,Hopper-v5,9107,Agente_4
29.687654495239258,14,123648,163.99513345477163,263.85993505615374,4.8953437003662685,78.38938053097345,1.3510285044271187e-05,0.0,0.9298425302589864,0.17222886859865483,8826,0.5,0.99,0.0037837670444733863,3.6054409714306104,0.05413531625972075,-0.0038289638893569218,9.660659705891328,0.0037837670444733863,0.05413531625972075,3.6054409714306104,1.0,1.3510285044271187e-05,1.3510285044271187e-05,0.0,0.17222886859865483,0.17222886859865483,0.0,0.9298425302589864,0.9298425302589864,0.0,0.0,0.0,0.0,0.0,0.5533333333333333,32.666666666666664,59.06666666666666,1902.756,9,Hopper-v5,9107,Agente_4
31.37199115753174,15,132480,161.54400931407324,284.1809508080094,4.1392369630941825,76.275,1.3510285044271187e-05,0.0,0.9298425302589864,0.17222886859865483,8826,0.5,0.99,0.0044842111458659505,3.6178189628264485,0.03598500420065487,-0.008025715872645379,9.581408220178941,0.0044842111458659505,0.03598500420065487,3.6178189628264485,1.0,1.3510285044271187e-05,1.3510285044271187e-05,0.0,0.17222886859865483,0.17222886859865483,0.0,0.9298425302589864,0.9298425302589864,0.0,0.0,0.0,0.0,0.0,0.47,30.95,61.75,1826.475,10,Hopper-v5,9107,Agente_4
33.06146454811096,16,141312,157.27077145079537,259.58415376068194,3.3917053364323984,74.72727272727273,1.3510285044271187e-05,0.0,0.9298425302589864,0.17222886859865483,8826,0.5,0.99,0.005372604846578564,3.474658556545482,0.025588327996871052,-0.0059690665234537685,9.53969965542064,0.005372604846578564,0.025588327996871052,3.474658556545482,1.0,1.3510285044271187e-05,1.3510285044271187e-05,0.0,0.17222886859865483,0.17222886859865483,0.0,0.9298425302589864,0.9298425302589864,0.0,0.0,0.0,0.0,0.0,0.27666666666666667,28.900000000000002,62.0,1788.754,11,Hopper-v5,9107,Agente_4
35.05577516555786,17,150144,171.89184783234862,252.25342357579748,3.640757070001581,79.12264150943396,1.3510285044271187e-05,0.0,0.9298425302589864,0.17222886859865483,8826,0.5,0.99,0.005070270459648729,3.358530538222369,0.022793855386621813,-0.023172260316855767,9.699684143066406,0.005070270459648729,0.022793855386621813,3.358530538222369,1.0,1.3510285044271187e-05,1.3510285044271187e-05,0.0,0.17222886859865483,0.17222886859865483,0.0,0.9298425302589864,0.9298425302589864,0.0,0.0,0.0,0.0,0.0,0.21000000000000002,32.35,58.0,1826.868,12,Hopper-v5,9107,Agente_4
39.16466999053955,19,167808,187.19408031783047,333.4501528297758,3.2944514169013184,88.40506329113924,1.3510285044271187e-05,0.0,0.9298425302589864,0.17222886859865483,8826,0.5,0.99,0.004673678911373968,3.4199560333700743,0.03724574657047496,-0.007029801738612792,9.763761699900908,0.004673678911373968,0.03724574657047496,3.4199560333700743,1.0,1.3510285044271187e-05,1.3510285044271187e-05,0.0,0.17222886859865483,0.17222886859865483,0.0,0.9298425302589864,0.9298425302589864,0.0,0.0,0.0,0.0,0.0,0.41333333333333333,19.5,65.26666666666667,1929.078,13,Hopper-v5,9107,Agente_4
41.545870542526245,20,176640,189.7894381300675,292.2678538684914,4.259098257142009,85.66981132075472,1.3510285044271187e-05,0.0,0.9298425302589864,0.17222886859865483,8826,0.5,0.99,0.00347447760282461,3.2994509977452897,0.09376160292064442,-0.006075332861612825,9.72535956326653,0.00347447760282461,0.09376160292064442,3.2994509977452897,1.0,1.3510285044271187e-05,1.3510285044271187e-05,0.0,0.17222886859865483,0.17222886859865483,0.0,0.9298425302589864,0.9298425302589864,0.0,0.0,0.0,0.0,0.0,0.3375,45.45,68.55,2147.807,14,Hopper-v5,9107,Agente_4
44.11505317687988,21,185472,193.85236446775826,302.47231812055213,3.2803425699455486,87.04807692307692,1.3510285044271187e-05,0.0,0.9298425302589864,0.17222886859865483,8826,0.5,0.99,0.003130991289708618,3.2540420335881852,0.07708592975840849,-0.005864870876950376,9.729991503322825,0.003130991289708618,0.07708592975840849,3.2540420335881852,1.0,1.3510285044271187e-05,1.3510285044271187e-05,0.0,0.17222886859865483,0.17222886859865483,0.0,0.9298425302589864,0.9298425302589864,0.0,0.0,0.0,0.0,0.0,0.2733333333333333,41.166666666666664,71.8,2284.439,15,Hopper-v5,9107,Agente_4
46.54682183265686,22,194304,192.65914905774102,320.33699094212255,3.865304023978318,86.38,1.3510285044271187e-05,0.0,0.9298425302589864,0.17222886859865483,8826,0.5,0.99,0.005115935474264808,3.117465608260211,0.0909519563702976,-0.007688632048666477,9.743012237548829,0.005115935474264808,0.0909519563702976,3.117465608260211,1.0,1.3510285044271187e-05,1.3510285044271187e-05,0.0,0.17222886859865483,0.17222886859865483,0.0,0.9298425302589864,0.9298425302589864,0.0,0.0,0.0,0.0,0.0,0.6375,32.925,73.275,2318.918,16,Hopper-v5,9107,Agente_4
48.358537912368774,23,203136,193.70264324188724,300.58551222733433,3.9752209074066185,87.2,1.3510285044271187e-05,0.0,0.9298425302589864,0.17222886859865483,8826,0.5,0.99,0.003126489181223031,3.1252776538624483,0.11390411643420949,-0.016981635724796967,9.76932420169606,0.003126489181223031,0.11390411643420949,3.1252776538624483,1.0,1.3510285044271187e-05,1.3510285044271187e-05,0.0,0.17222886859865483,0.17222886859865483,0.0,0.9298425302589864,0.9298425302589864,0.0,0.0,0.0,0.0,0.0,0.98,34.9,73.55,2215.407,17,Hopper-v5,9107,Agente_4
50.45746612548828,24,211968,183.62791336403274,269.0134203764899,4.476290327333782,82.57798165137615,1.3510285044271187e-05,0.0,0.9298425302589864,0.17222886859865483,8826,0.5,0.99,0.004299643680529056,3.083281435685999,0.09336269848486957,-0.004608588095973519,9.707189935796402,0.004299643680529056,0.09336269848486957,3.083281435685999,1.0,1.3510285044271187e-05,1.3510285044271187e-05,0.0,0.17222886859865483,0.17222886859865483,0.0,0.9298425302589864,0.9298425302589864,0.0,0.0,0.0,0.0,0.0,0.8966666666666666,28.333333333333332,73.6,2193.572,18,Hopper-v5,9107,Agente_4
52.77512001991272,25,220800,189.94704472173115,241.12297975660965,5.416462362222513,84.64150943396227,1.3510285044271187e-05,0.0,0.9298425302589864,0.17222886859865483,8826,0.5,0.99,0.004813761477249928,3.085251644078423,0.11669104870627908,-0.007841080361429383,9.749761239220115,0.004813761477249928,0.11669104870627908,3.085251644078423,1.0,1.3510285044271187e-05,1.3510285044271187e-05,0.0,0.17222886859865483,0.17222886859865483,0.0,0.9298425302589864,0.9298425302589864,0.0,0.0,0.0,0.0,0.0,0.8866666666666667,41.400000000000006,73.63333333333333,2209.301,19,Hopper-v5,9107,Agente_4
55.28665614128113,26,229632,189.4802285053681,283.3450763963374,3.753451253739505,84.41346153846153,1.3510285044271187e-05,0.0,0.9298425302589864,0.17222886859865483,8826,0.5,0.99,0.003316166087953367,3.0582204692503985,0.11534024687374339,-0.011366736209567855,9.73107058020199,0.003316166087953367,0.11534024687374339,3.0582204692503985,1.0,1.3510285044271187e-05,1.3510285044271187e-05,0.0,0.17222886859865483,0.17222886859865483,0.0,0.9298425302589864,0.9298425302589864,0.0,0.0,0.0,0.0,0.0,0.385,45.224999999999994,73.625,2245.666,20,Hopper-v5,9107,Agente_4
57.63973617553711,27,238464,203.8694754153408,268.6569606497014,5.517964351738242,90.04,1.3510285044271187e-05,0.0,0.9298425302589864,0.17222886859865483,8826,0.5,0.99,0.0035272041810993173,3.0300003318225635,0.11361015614341287,-0.0029092768974163952,9.773219377854291,0.0035272041810993173,0.11361015614341287,3.0300003318225635,1.0,1.3510285044271187e-05,1.3510285044271187e-05,0.0,0.17222886859865483,0.17222886859865483,0.0,0.9298425302589864,0.9298425302589864,0.0,0.0,0.0,0.0,0.0,0.8633333333333333,28.900000000000002,73.56666666666666,2256.423,21,Hopper-v5,9107,Agente_4
60.082046031951904,28,247296,214.55233560096946,276.2206572675142,3.693455493085171,93.04,1.3510285044271187e-05,0.0,0.9298425302589864,0.17222886859865483,8826,0.5,0.99,0.00420397513136563,2.988081591269549,0.14350355828509612,-0.004060135935159291,9.80109219270594,0.00420397513136563,0.14350355828509612,2.988081591269549,1.0,1.3510285044271187e-05,1.3510285044271187e-05,0.0,0.17222886859865483,0.17222886859865483,0.0,0.9298425302589864,0.9298425302589864,0.0,0.0,0.0,0.0,0.0,0.5349999999999999,30.424999999999997,73.525,2273.654,22,Hopper-v5,9107,Agente_4
62.571645736694336,29,256128,210.49789821579583,308.8251989509187,2.3576035173219827,91.63,1.3510285044271187e-05,0.0,0.9298425302589864,0.17222886859865483,8826,0.5,0.99,0.0037873004406398705,3.048219261449926,0.14662730483447803,-0.0024305102141464457,9.794283401264863,0.0037873004406398705,0.14662730483447803,3.048219261449926,1.0,1.3510285044271187e-05,1.3510285044271187e-05,0.0,0.17222886859865483,0.17222886859865483,0.0,0.9298425302589864,0.9298425302589864,0.0,0.0,0.0,0.0,0.0,0.6866666666666666,38.9,73.6,2328.352,23,Hopper-v5,9107,Agente_4
65.70557355880737,30,264960,216.8664506222214,298.70971334347183,2.8729954194952745,93.44,1.3510285044271187e-05,0.0,0.9298425302589864,0.17222886859865483,8826,0.5,0.99,0.003828781994857041,2.9644822793848373,0.15249425277990453,-0.006761138009674409,9.793172797034769,0.003828781994857041,0.15249425277990453,2.9644822793848373,1.0,1.3510285044271187e-05,1.3510285044271187e-05,0.0,0.17222886859865483,0.17222886859865483,0.0,0.9298425302589864,0.9298425302589864,0.0,0.0,0.0,0.0,0.0,0.2575,45.275,73.55,2403.971,24,Hopper-v5,9107,Agente_4
67.96314263343811,31,273792,211.54405074925194,310.5690890716057,6.714024515299351,91.29,1.3510285044271187e-05,0.0,0.9298425302589864,0.17222886859865483,8826,0.5,0.99,0.006304604586418517,2.9676147671306836,0.16707868050126468,-0.007755510224138989,9.804884102765252,0.006304604586418517,0.16707868050126468,2.9676147671306836,1.0,1.3510285044271187e-05,1.3510285044271187e-05,0.0,0.17222886859865483,0.17222886859865483,0.0,0.9298425302589864,0.9298425302589864,0.0,0.0,0.0,0.0,0.0,0.8500000000000001,34.025,73.675,2372.588,25,Hopper-v5,9107,Agente_4
69.95088458061218,32,282624,215.79895045116353,322.3520247622976,7.360289109063294,92.9,1.3510285044271187e-05,0.0,0.9298425302589864,0.17222886859865483,8826,0.5,0.99,0.0026359657310582835,3.0049247895970064,0.18116074344691108,-0.0047869287869509525,9.81792313631843,0.0026359657310582835,0.18116074344691108,3.0049247895970064,1.0,1.3510285044271187e-05,1.3510285044271187e-05,0.0,0.17222886859865483,0.17222886859865483,0.0,0.9298425302589864,0.9298425302589864,0.0,0.0,0.0,0.0,0.0,0.83,27.349999999999998,73.7,2327.689,26,Hopper-v5,9107,Agente_4
72.12670469284058,33,291456,219.42481024326364,292.8028164193345,4.875543895099861,92.94,1.3510285044271187e-05,0.0,0.9298425302589864,0.17222886859865483,8826,0.5,0.99,0.005343776601790416,2.9365518597995535,0.2007995374062482,-0.00551558226785239,9.806667417638442,0.005343776601790416,0.2007995374062482,2.9365518597995535,1.0,1.3510285044271187e-05,1.3510285044271187e-05,0.0,0.17222886859865483,0.17222886859865483,0.0,0.9298425302589864,0.9298425302589864,0.0,0.0,0.0,0.0,0.0,0.8674999999999999,32.4,73.67500000000001,2363.789,27,Hopper-v5,9107,Agente_4
74.55160522460938,34,300288,232.24985055443756,318.57845338270465,4.875543895099861,97.11,1.3510285044271187e-05,0.0,0.9298425302589864,0.17222886859865483,8826,0.5,0.99,0.005356142683558574,2.9790417068144857,0.25041380945373987,-0.007732657156884671,9.83367862701416,0.005356142683558574,0.25041380945373987,2.9790417068144857,1.0,1.3510285044271187e-05,1.3510285044271187e-05,0.0,0.17222886859865483,0.17222886859865483,0.0,0.9298425302589864,0.9298425302589864,0.0,0.0,0.0,0.0,0.0,0.6733333333333333,43.133333333333326,73.7,2396.333,28,Hopper-v5,9107,Agente_4
76.91483902931213,35,309120,229.75412886397737,350.0538524244893,3.139388697749907,95.03,1.3510285044271187e-05,0.0,0.9298425302589864,0.17222886859865483,8826,0.5,0.99,0.003999387168711538,2.9992539279601154,0.24406071620828965,-0.008743070986341028,9.81266575981589,0.003999387168711538,0.24406071620828965,2.9992539279601154,1.0,1.3510285044271187e-05,1.3510285044271187e-05,0.0,0.17222886859865483,0.17222886859865483,0.0,0.9298425302589864,0.9298425302589864,0.0,0.0,0.0,0.0,0.0,0.47000000000000003,41.53333333333333,73.7,2401.214,29,Hopper-v5,9107,Agente_4
78.93957114219666,36,317952,250.24041410156553,323.6463432798704,11.322935058734569,101.94,1.3510285044271187e-05,0.0,0.9298425302589864,0.17222886859865483,8826,0.5,0.99,0.005709769669888106,2.9938696706996244,0.25547790597466863,-0.009016292783267358,9.855480889713062,0.005709769669888106,0.25547790597466863,2.9938696706996244,1.0,1.3510285044271187e-05,1.3510285044271187e-05,0.0,0.17222886859865483,0.17222886859865483,0.0,0.9298425302589864,0.9298425302589864,0.0,0.0,0.0,0.0,0.0,0.8133333333333334,33.73333333333333,73.7,2352.653,30,Hopper-v5,9107,Agente_4
81.06773400306702,37,326784,251.15138047751185,347.2719175223655,4.891485937005443,101.43,1.3510285044271187e-05,0.0,0.9298425302589864,0.17222886859865483,8826,0.5,0.99,0.002822184492898112,3.0415630719240974,0.24835430103189804,-0.0038235530914629205,9.82386723686667,0.002822184492898112,0.24835430103189804,3.0415630719240974,1.0,1.3510285044271187e-05,1.3510285044271187e-05,0.0,0.17222886859865483,0.17222886859865483,0.0,0.9298425302589864,0.9298425302589864,0.0,0.0,0.0,0.0,0.0,0.9833333333333334,26.733333333333334,73.7,2329.773,31,Hopper-v5,9107,Agente_4
83.2787675857544,38,335616,235.33206974473538,315.1143238945522,4.881738763686071,96.03,1.3510285044271187e-05,0.0,0.9298425302589864,0.17222886859865483,8826,0.5,0.99,0.004668179407096485,3.0354713776532343,0.2619689916863161,-0.006523968739544644,9.800420985502356,0.004668179407096485,0.2619689916863161,3.0354713776532343,1.0,1.3510285044271187e-05,1.3510285044271187e-05,0.0,0.17222886859865483,0.17222886859865483,0.0,0.9298425302589864,0.9298425302589864,0.0,0.0,0.0,0.0,0.0,0.7299999999999999,30.824999999999996,73.65,2306.562,32,Hopper-v5,9107,Agente_4
85.52185249328613,39,344448,238.84345818032645,321.6240519402014,5.444842077737671,97.38,1.3510285044271187e-05,0.0,0.9298425302589864,0.17222886859865483,8826,0.5,0.99,0.0030013513261591845,3.100111282573027,0.2479795003638548,-0.004286493930746527,9.815933199489818,0.0030013513261591845,0.2479795003638548,3.100111282573027,1.0,1.3510285044271187e-05,1.3510285044271187e-05,0.0,0.17222886859865483,0.17222886859865483,0.0,0.9298425302589864,0.9298425302589864,0.0,0.0,0.0,0.0,0.0,0.5433333333333333,39.1,69.93333333333334,2282.115,33,Hopper-v5,9107,Agente_4
88.32456946372986,40,353280,258.6941119518361,335.4021120986191,9.362719209615292,103.51,1.3510285044271187e-05,0.0,0.9298425302589864,0.17222886859865483,8826,0.5,0.99,0.006021565940607295,3.0128844443489524,0.274189034279655,-0.008690010197460652,9.843981709199793,0.006021565940607295,0.274189034279655,3.0128844443489524,1.0,1.3510285044271187e-05,1.3510285044271187e-05,0.0,0.17222886859865483,0.17222886859865483,0.0,0.9298425302589864,0.9298425302589864,0.0,0.0,0.0,0.0,0.0,0.445,43.050000000000004,68.575,2248.997,34,Hopper-v5,9107,Agente_4
90.3499207496643,41,362112,251.53356941848352,336.65846974331606,4.260989769502921,100.32,1.3510285044271187e-05,0.0,0.9298425302589864,0.17222886859865483,8826,0.5,0.99,0.005289211624350334,3.085924653445973,0.23770731687545776,-0.014258095895981088,9.80557747448192,0.005289211624350334,0.23770731687545776,3.085924653445973,1.0,1.3510285044271187e-05,1.3510285044271187e-05,0.0,0.17222886859865483,0.17222886859865483,0.0,0.9298425302589864,0.9298425302589864,0.0,0.0,0.0,0.0,0.0,0.6933333333333334,25.166666666666668,67.73333333333333,2226.206,35,Hopper-v5,9107,Agente_4
92.19251465797424,42,370944,259.65949864147365,339.6738145922237,4.798946821442522,102.94,1.3510285044271187e-05,0.0,0.9298425302589864,0.17222886859865483,8826,0.5,0.99,0.003821637120820335,3.0719587592517628,0.17780908346176147,-0.0014405500362901127,9.817909122915829,0.003821637120820335,0.17780908346176147,3.0719587592517628,1.0,1.3510285044271187e-05,1.3510285044271187e-05,0.0,0.17222886859865483,0.17222886859865483,0.0,0.9298425302589864,0.9298425302589864,0.0,0.0,0.0,0.0,0.0,0.485,28.65,65.6,2211.63,36,Hopper-v5,9107,Agente_4
94.35956501960754,43,379776,183.24541989674123,635.758897647007,7.288318700183225,95.72,1.3510285044271187e-05,0.0,0.9298425302589864,0.17222886859865483,8826,0.5,0.99,0.0047282387472748,2.631039594201481,0.16607920667704415,0.016435446042348357,9.782456846798167,0.0047282387472748,0.16607920667704415,2.631039594201481,1.0,1.3510285044271187e-05,1.3510285044271187e-05,0.0,0.17222886859865483,0.17222886859865483,0.0,0.9298425302589864,0.9298425302589864,0.0,0.0,0.0,0.0,0.0,0.40249999999999997,21.200000000000003,58.95,2152.8,37,Hopper-v5,9107,Agente_4
96.4699604511261,44,388608,204.01529348663152,629.6884062677002,7.765698458331936,102.1,1.3510285044271187e-05,0.0,0.9298425302589864,0.17222886859865483,8826,0.5,0.99,0.0039615800849038775,2.8356616006178013,0.10268904391457052,-0.0112673678818871,9.72085781097412,0.0039615800849038775,0.10268904391457052,2.8356616006178013,1.0,1.3510285044271187e-05,1.3510285044271187e-05,0.0,0.17222886859865483,0.17222886859865483,0.0,0.9298425302589864,0.9298425302589864,0.0,0.0,0.0,0.0,0.0,0.54,34.833333333333336,60.26666666666667,2124.452,38,Hopper-v5,9107,Agente_4
98.35401630401611,45,397440,225.44144271379645,574.9175834777745,13.487256479475597,107.32,1.3510285044271187e-05,0.0,0.9298425302589864,0.17222886859865483,8826,0.5,0.99,0.004680209887352676,2.8561769429375143,0.10002492420813616,-0.010770153122789719,9.753632068634033,0.004680209887352676,0.10002492420813616,2.8561769429375143,1.0,1.3510285044271187e-05,1.3510285044271187e-05,0.0,0.17222886859865483,0.17222886859865483,0.0,0.9298425302589864,0.9298425302589864,0.0,0.0,0.0,0.0,0.0,0.415,28.55,62.849999999999994,2039.783,39,Hopper-v5,9107,Agente_4
100.16514468193054,46,406272,266.25146796516566,580.2004083894517,7.039088957086589,118.6,1.3510285044271187e-05,0.0,0.9298425302589864,0.17222886859865483,8826,0.5,0.99,0.0036025342780382796,3.024981376704048,0.0885454980766072,-0.015298270182136227,9.817803764343262,0.0036025342780382796,0.0885454980766072,3.024981376704048,1.0,1.3510285044271187e-05,1.3510285044271187e-05,0.0,0.17222886859865483,0.17222886859865483,0.0,0.9298425302589864,0.9298425302589864,0.0,0.0,0.0,0.0,0.0,0.3666666666666667,30.066666666666666,56.633333333333326,1979.159,40,Hopper-v5,9107,Agente_4
102.67751884460449,47,415104,320.86867901342964,580.2004083894517,4.240802398758394,132.71,1.3510285044271187e-05,0.0,0.9298425302589864,0.17222886859865483,8826,0.5,0.99,0.004689430084566565,3.062926965601304,0.13286604670917287,-0.01018401901511585,9.859500520369586,0.004689430084566565,0.13286604670917287,3.062926965601304,1.0,1.3510285044271187e-05,1.3510285044271187e-05,0.0,0.17222886859865483,0.17222886859865483,0.0,0.9298425302589864,0.9298425302589864,0.0,0.0,0.0,0.0,0.0,0.0,44.166666666666664,58.46666666666667,2083.069,41,Hopper-v5,9107,Agente_4
104.45058679580688,48,423936,352.659684311345,570.6681833932071,6.401237117224109,139.94,1.3510285044271187e-05,0.0,0.9298425302589864,0.17222886859865483,8826,0.5,0.99,0.004436796296024969,3.150267824004678,0.14993602808784037,-0.015642806843799702,9.836992589165183,0.004436796296024969,0.14993602808784037,3.150267824004678,1.0,1.3510285044271187e-05,1.3510285044271187e-05,0.0,0.17222886859865483,0.17222886859865483,0.0,0.9298425302589864,0.9298425302589864,0.0,0.0,0.0,0.0,0.0,0.3,23.333333333333332,62.76666666666667,2029.329,42,Hopper-v5,9107,Agente_4
106.78427958488464,49,432768,213.64448653257955,539.6703361960261,9.11071520662644,101.58730158730158,1.3510285044271187e-05,0.0,0.9298425302589864,0.17222886859865483,8826,0.5,0.99,0.004390397606413896,2.7011410797343536,0.07600128755849951,-0.013264799863100052,9.831463550118839,0.004390397606413896,0.07600128755849951,2.7011410797343536,1.0,1.3510285044271187e-05,1.3510285044271187e-05,0.0,0.17222886859865483,0.17222886859865483,0.0,0.9298425302589864,0.9298425302589864,0.0,0.0,0.0,0.0,0.0,0.3875,29.775,72.85000000000001,2319.94,43,Hopper-v5,9107,Agente_4
109.1483404636383,50,441600,290.6335576595849,586.657556773034,42.80127369719431,123.96,1.3510285044271187e-05,0.0,0.9298425302589864,0.17222886859865483,8826,0.5,0.99,0.005697970784603967,3.0309995300629557,0.17555485052220962,-0.013018151657546268,9.847909983466653,0.005697970784603967,0.17555485052220962,3.0309995300629557,1.0,1.3510285044271187e-05,1.3510285044271187e-05,0.0,0.17222886859865483,0.17222886859865483,0.0,0.9298425302589864,0.9298425302589864,0.0,0.0,0.0,0.0,0.0,0.4033333333333333,30.066666666666663,73.76666666666667,2335.107,44,Hopper-v5,9107,Agente_4
111.17917370796204,51,450432,352.22633633450806,586.657556773034,10.562045874156698,138.97,1.3510285044271187e-05,0.0,0.9298425302589864,0.17222886859865483,8826,0.5,0.99,0.003960210472466904,3.0540946581784416,0.24779885621631847,-0.011264672722010052,9.85524813708137,0.003960210472466904,0.24779885621631847,3.0540946581784416,1.0,1.3510285044271187e-05,1.3510285044271187e-05,0.0,0.17222886859865483,0.17222886859865483,0.0,0.9298425302589864,0.9298425302589864,0.0,0.0,0.0,0.0,0.0,0.9866666666666667,28.73333333333333,74.0,2229.533,45,Hopper-v5,9107,Agente_4
113.45748996734619,52,459264,389.0087793108037,537.6859818564959,4.964072006417769,146.5,1.3510285044271187e-05,0.0,0.9298425302589864,0.17222886859865483,8826,0.5,0.99,0.005915151097542548,3.1130197286605834,0.2828311909647549,-0.011326213049537995,9.85876563577091,0.005915151097542548,0.2828311909647549,3.1130197286605834,1.0,1.3510285044271187e-05,1.3510285044271187e-05,0.0,0.17222886859865483,0.17222886859865483,0.0,0.9298425302589864,0.9298425302589864,0.0,0.0,0.0,0.0,0.0,0.8799999999999999,36.03333333333333,74.0,2238.299,46,Hopper-v5,9107,Agente_4
116.03527426719666,53,468096,373.67428213237537,491.78328549978454,4.964072006417769,140.04,1.3510285044271187e-05,0.0,0.9298425302589864,0.17222886859865483,8826,0.5,0.99,0.004729352446991149,3.178995375072255,0.2865185656968285,-0.010956582952948178,9.85569231930901,0.004729352446991149,0.2865185656968285,3.178995375072255,1.0,1.3510285044271187e-05,1.3510285044271187e-05,0.0,0.17222886859865483,0.17222886859865483,0.0,0.9298425302589864,0.9298425302589864,0.0,0.0,0.0,0.0,0.0,0.735,42.25,74.0,2303.398,47,Hopper-v5,9107,Agente_4
118.412682056427,54,476928,368.600313809691,457.8901172065722,209.60134902907888,136.77,1.3510285044271187e-05,0.0,0.9298425302589864,0.17222886859865483,8826,0.5,0.99,0.0041752954692663696,3.1245910728678985,0.2799640816800735,-0.009585138037800789,9.869173908233643,0.0041752954692663696,0.2799640816800735,3.1245910728678985,1.0,1.3510285044271187e-05,1.3510285044271187e-05,0.0,0.17222886859865483,0.17222886859865483,0.0,0.9298425302589864,0.9298425302589864,0.0,0.0,0.0,0.0,0.0,0.7566666666666667,39.56666666666667,74.0,2313.599,48,Hopper-v5,9107,Agente_4
120.51120138168335,55,485760,358.8525604555751,490.59000040191876,13.045085790773165,133.05,1.3510285044271187e-05,0.0,0.9298425302589864,0.17222886859865483,8826,0.5,0.99,0.0050084140791916395,3.174905971919789,0.2957782654201283,-0.006787757356377209,9.866178664039163,0.0050084140791916395,0.2957782654201283,3.174905971919789,1.0,1.3510285044271187e-05,1.3510285044271187e-05,0.0,0.17222886859865483,0.17222886859865483,0.0,0.9298425302589864,0.9298425302589864,0.0,0.0,0.0,0.0,0.0,0.8566666666666668,30.033333333333335,74.0,2281.414,49,Hopper-v5,9107,Agente_4
122.65414023399353,56,494592,356.48323168071045,490.59000040191876,13.045085790773165,130.47,1.3510285044271187e-05,0.0,0.9298425302589864,0.17222886859865483,8826,0.5,0.99,0.004277559276135221,3.0566235233755674,0.3253971503061407,-0.006570730708977755,9.88851255529067,0.004277559276135221,0.3253971503061407,3.0566235233755674,1.0,1.3510285044271187e-05,1.3510285044271187e-05,0.0,0.17222886859865483,0.17222886859865483,0.0,0.9298425302589864,0.9298425302589864,0.0,0.0,0.0,0.0,0.0,0.98,27.066666666666666,74.03333333333333,2262.295,50,Hopper-v5,9107,Agente_4
124.92986249923706,57,503424,349.14470883598005,406.41369450343666,4.503043722329658,126.49,1.3510285044271187e-05,0.0,0.9298425302589864,0.17222886859865483,8826,0.5,0.99,0.004576351167067033,3.0228520898257987,0.3129394443596111,-0.008104869942454731,9.879130554199218,0.004576351167067033,0.3129394443596111,3.0228520898257987,1.0,1.3510285044271187e-05,1.3510285044271187e-05,0.0,0.17222886859865483,0.17222886859865483,0.0,0.9298425302589864,0.9298425302589864,0.0,0.0,0.0,0.0,0.0,0.4633333333333334,38.49999999999999,74.03333333333333,2262.227,51,Hopper-v5,9107,Agente_4
127.2461986541748,58,512256,342.9479369809227,387.9291866057811,262.18814723073586,124.41,1.3510285044271187e-05,0.0,0.9298425302589864,0.17222886859865483,8826,0.5,0.99,0.004239663765110891,3.0400709685157326,0.3095554190523484,-0.008753515582750825,9.880577093012192,0.004239663765110891,0.3095554190523484,3.0400709685157326,1.0,1.3510285044271187e-05,1.3510285044271187e-05,0.0,0.17222886859865483,0.17222886859865483,0.0,0.9298425302589864,0.9298425302589864,0.0,0.0,0.0,0.0,0.0,0.26749999999999996,44.62499999999999,69.425,2266.326,52,Hopper-v5,9107,Agente_4
133.90174198150635,61,538752,231.60147063416082,544.3054725019722,5.326473570248486,104.140625,1.3510285044271187e-05,0.0,0.9298425302589864,0.17222886859865483,8826,0.5,0.99,0.00521153000016293,2.4582921547048233,0.20552270377383514,-0.01495283982333015,9.85062936334049,0.00521153000016293,0.20552270377383514,2.4582921547048233,1.0,1.3510285044271187e-05,1.3510285044271187e-05,0.0,0.17222886859865483,0.17222886859865483,0.0,0.9298425302589864,0.9298425302589864,0.0,0.0,0.0,0.0,0.0,0.5225,20.450000000000003,65.35,2143.191,53,Hopper-v5,9107,Agente_4
136.65395712852478,62,547584,335.0795656725379,549.0282018564543,5.326473570248486,131.61,1.3510285044271187e-05,0.0,0.9298425302589864,0.17222886859865483,8826,0.5,0.99,0.005298235814039157,2.694640076861662,0.2312183404670042,-0.012334585474694477,9.890108389012953,0.005298235814039157,0.2312183404670042,2.694640076861662,1.0,1.3510285044271187e-05,1.3510285044271187e-05,0.0,0.17222886859865483,0.17222886859865483,0.0,0.9298425302589864,0.9298425302589864,0.0,0.0,0.0,0.0,0.0,0.38666666666666666,41.93333333333334,69.86666666666666,2441.223,54,Hopper-v5,9107,Agente_4
138.5516757965088,63,556416,403.28206254609097,549.0282018564543,182.7148502112183,148.0,1.3510285044271187e-05,0.0,0.9298425302589864,0.17222886859865483,8826,0.5,0.99,0.0035493861060251005,2.8405195488649255,0.2623531089109533,-0.009790556549149402,9.880172448999742,0.0035493861060251005,0.2623531089109533,2.8405195488649255,1.0,1.3510285044271187e-05,1.3510285044271187e-05,0.0,0.17222886859865483,0.17222886859865483,0.0,0.9298425302589864,0.9298425302589864,0.0,0.0,0.0,0.0,0.0,0.58,28.833333333333332,70.96666666666667,2256.302,55,Hopper-v5,9107,Agente_4
141.03959774971008,64,565248,391.04439793167876,520.4773170429838,4.65661125773319,143.19,1.3510285044271187e-05,0.0,0.9298425302589864,0.17222886859865483,8826,0.5,0.99,0.004503693056262016,3.0288811936097986,0.30211158079259537,-0.006834714629632585,9.884014337203082,0.004503693056262016,0.30211158079259537,3.0288811936097986,1.0,1.3510285044271187e-05,1.3510285044271187e-05,0.0,0.17222886859865483,0.17222886859865483,0.0,0.9298425302589864,0.9298425302589864,0.0,0.0,0.0,0.0,0.0,0.29250000000000004,40.65,62.425,2311.476,56,Hopper-v5,9107,Agente_4
143.61022448539734,65,574080,380.60099289404025,480.87323960897163,4.65661125773319,139.43,1.3510285044271187e-05,0.0,0.9298425302589864,0.17222886859865483,8826,0.5,0.99,0.005699748975059586,3.0848185062408446,0.3227101406630348,-0.00818893098655869,9.867592390845804,0.005699748975059586,0.3227101406630348,3.0848185062408446,1.0,1.3510285044271187e-05,1.3510285044271187e-05,0.0,0.17222886859865483,0.17222886859865483,0.0,0.9298425302589864,0.9298425302589864,0.0,0.0,0.0,0.0,0.0,0.09000000000000001,44.26666666666667,62.03333333333333,2360.8,57,Hopper-v5,9107,Agente_4
146.13046002388,66,582912,374.5785028055229,454.00159195010224,260.37266431891726,136.47,1.3510285044271187e-05,0.0,0.9298425302589864,0.17222886859865483,8826,0.5,0.99,0.004339251177150479,2.9931054339689367,0.2730026949854458,-0.005238674822099069,9.881198961594526,0.004339251177150479,0.2730026949854458,2.9931054339689367,1.0,1.3510285044271187e-05,1.3510285044271187e-05,0.0,0.17222886859865483,0.17222886859865483,0.0,0.9298425302589864,0.9298425302589864,0.0,0.0,0.0,0.0,0.0,0.43499999999999994,37.225,69.425,2385.596,58,Hopper-v5,9107,Agente_4
148.5996811389923,67,591744,272.2591070912378,612.9001063109718,4.1800252808359915,114.53571428571429,1.3510285044271187e-05,0.0,0.9298425302589864,0.17222886859865483,8826,0.5,0.99,0.0046109920518790995,2.3208283312180464,0.2421755503205692,-0.008868319672696731,9.875846458883846,0.0046109920518790995,0.2421755503205692,2.3208283312180464,1.0,1.3510285044271187e-05,1.3510285044271187e-05,0.0,0.17222886859865483,0.17222886859865483,0.0,0.9298425302589864,0.9298425302589864,0.0,0.0,0.0,0.0,0.0,0.7075,23.7,73.8,2455.626,59,Hopper-v5,9107,Agente_4
150.48063230514526,68,600576,373.0067731106059,612.9001063109718,4.1800252808359915,140.67,1.3510285044271187e-05,0.0,0.9298425302589864,0.17222886859865483,8826,0.5,0.99,0.0032675147710987777,2.7008497953414916,0.26986607663771683,-0.008480390336583642,9.898209970137652,0.0032675147710987777,0.26986607663771683,2.7008497953414916,1.0,1.3510285044271187e-05,1.3510285044271187e-05,0.0,0.17222886859865483,0.17222886859865483,0.0,0.9298425302589864,0.9298425302589864,0.0,0.0,0.0,0.0,0.0,0.8266666666666667,38.5,74.0,2161.033,60,Hopper-v5,9107,Agente_4
152.99387407302856,69,609408,418.02655346948535,565.8231673304728,9.416402849755032,150.57,1.3510285044271187e-05,0.0,0.9298425302589864,0.17222886859865483,8826,0.5,0.99,0.0048588020487413276,2.8383840588962332,0.30935012452742633,-0.009325035738156122,9.85007921106675,0.0048588020487413276,0.30935012452742633,2.8383840588962332,1.0,1.3510285044271187e-05,1.3510285044271187e-05,0.0,0.17222886859865483,0.17222886859865483,0.0,0.9298425302589864,0.9298425302589864,0.0,0.0,0.0,0.0,0.0,0.61,38.8,74.03333333333333,2273.96,61,Hopper-v5,9107,Agente_4
155.48002004623413,70,618240,391.0666870296086,511.8834737067122,9.416402849755032,140.88,1.3510285044271187e-05,0.0,0.9298425302589864,0.17222886859865483,8826,0.5,0.99,0.004987348910606884,2.9375593017129336,0.3396183066508349,-0.009602031856775283,9.84106907564051,0.004987348910606884,0.3396183066508349,2.9375593017129336,1.0,1.3510285044271187e-05,1.3510285044271187e-05,0.0,0.17222886859865483,0.17222886859865483,0.0,0.9298425302589864,0.9298425302589864,0.0,0.0,0.0,0.0,0.0,0.8300000000000001,35.575,74.1,2324.598,62,Hopper-v5,9107,Agente_4
157.57645344734192,71,627072,380.242789280255,463.0163521793134,335.76362218498394,136.42,1.3510285044271187e-05,0.0,0.9298425302589864,0.17222886859865483,8826,0.5,0.99,0.0028644485762603887,2.9558850428637338,0.3442368062103496,-0.008592045526294147,9.839823677960563,0.0028644485762603887,0.3442368062103496,2.9558850428637338,1.0,1.3510285044271187e-05,1.3510285044271187e-05,0.0,0.17222886859865483,0.17222886859865483,0.0,0.9298425302589864,0.9298425302589864,0.0,0.0,0.0,0.0,0.0,0.8000000000000002,26.833333333333332,66.2,2276.58,63,Hopper-v5,9107,Agente_4
159.38194108009338,72,635904,371.9341945119514,463.0163521793134,325.99712289086307,132.59,1.3510285044271187e-05,0.0,0.9298425302589864,0.17222886859865483,8826,0.5,0.99,0.005895783194104939,2.9087754502015954,0.31653346629703744,-0.009164460069116424,9.856898408777573,0.005895783194104939,0.31653346629703744,2.9087754502015954,1.0,1.3510285044271187e-05,1.3510285044271187e-05,0.0,0.17222886859865483,0.17222886859865483,0.0,0.9298425302589864,0.9298425302589864,0.0,0.0,0.0,0.0,0.0,0.24,29.2,58.6,2196.211,64,Hopper-v5,9107,Agente_4
161.152494430542,73,644736,355.48087824264996,588.6780089589395,3.6362273423550002,137.09302325581396,1.3510285044271187e-05,0.0,0.9298425302589864,0.17222886859865483,8826,0.5,0.99,0.004230132289827333,2.225438825523152,0.26673585842637454,-0.008685566156226046,9.92258274975945,0.004230132289827333,0.26673585842637454,2.225438825523152,1.0,1.3510285044271187e-05,1.3510285044271187e-05,0.0,0.17222886859865483,0.17222886859865483,0.0,0.9298425302589864,0.9298425302589864,0.0,0.0,0.0,0.0,0.0,0.31333333333333335,17.233333333333334,65.03333333333333,1760.673,65,Hopper-v5,9107,Agente_4
163.2903130054474,74,653568,403.14323023688866,588.6780089589395,3.6362273423550002,148.11,1.3510285044271187e-05,0.0,0.9298425302589864,0.17222886859865483,8826,0.5,0.99,0.0043337798733345525,2.5935049786287196,0.32674757101956536,-0.011265783647403998,9.866238840888528,0.0043337798733345525,0.32674757101956536,2.5935049786287196,1.0,1.3510285044271187e-05,1.3510285044271187e-05,0.0,0.17222886859865483,0.17222886859865483,0.0,0.9298425302589864,0.9298425302589864,0.0,0.0,0.0,0.0,0.0,0.19333333333333336,34.166666666666664,60.166666666666664,1942.313,66,Hopper-v5,9107,Agente_4
164.98704719543457,75,662400,398.1749531117182,551.0697516608996,5.501005071733088,143.54,1.3510285044271187e-05,0.0,0.9298425302589864,0.17222886859865483,8826,0.5,0.99,0.0050236144632007755,2.868631198826958,0.40032123432439914,-0.008761041370384833,9.793728469399845,0.0050236144632007755,0.40032123432439914,2.868631198826958,1.0,1.3510285044271187e-05,1.3510285044271187e-05,0.0,0.17222886859865483,0.17222886859865483,0.0,0.9298425302589864,0.9298425302589864,0.0,0.0,0.0,0.0,0.0,0.15666666666666665,28.5,62.6,1857.654,67,Hopper-v5,9107,Agente_4
166.8411900997162,76,671232,380.35606145038105,486.631615668013,5.78286268312093,137.34,1.3510285044271187e-05,0.0,0.9298425302589864,0.17222886859865483,8826,0.5,0.99,0.005880474268312409,2.8518812193590053,0.4097257126780117,-0.009402915090322494,9.79217441783232,0.005880474268312409,0.4097257126780117,2.8518812193590053,1.0,1.3510285044271187e-05,1.3510285044271187e-05,0.0,0.17222886859865483,0.17222886859865483,0.0,0.9298425302589864,0.9298425302589864,0.0,0.0,0.0,0.0,0.0,0.16499999999999998,39.05,64.3,1853.454,68,Hopper-v5,9107,Agente_4
169.97191643714905,77,680064,369.2042257442156,407.4269959416614,3.367614240597866,133.4,1.3510285044271187e-05,0.0,0.9298425302589864,0.17222886859865483,8826,0.5,0.99,0.006503171777566262,2.8506924853605384,0.3672176588984097,-0.0076604083618697,9.805850724612965,0.006503171777566262,0.3672176588984097,2.8506924853605384,1.0,1.3510285044271187e-05,1.3510285044271187e-05,0.0,0.17222886859865483,0.17222886859865483,0.0,0.9298425302589864,0.9298425302589864,0.0,0.0,0.0,0.0,0.0,0.076,47.86,67.28,2106.84,69,Hopper-v5,9107,Agente_4
171.88309502601624,78,688896,361.819332396891,404.90543755947846,3.367614240597866,129.66,1.3510285044271187e-05,0.0,0.9298425302589864,0.17222886859865483,8826,0.5,0.99,0.005167046570611145,2.8153735637664794,0.34677922515308157,-0.004696003106587073,9.829647193235509,0.005167046570611145,0.34677922515308157,2.8153735637664794,1.0,1.3510285044271187e-05,1.3510285044271187e-05,0.0,0.17222886859865483,0.17222886859865483,0.0,0.9298425302589864,0.9298425302589864,0.0,0.0,0.0,0.0,0.0,0.425,30.3,69.95,2072.23,70,Hopper-v5,9107,Agente_4
174.2855887413025,79,697728,418.09123577066913,631.0231667932673,189.1192533784244,154.17073170731706,1.3510285044271187e-05,0.0,0.9298425302589864,0.17222886859865483,8826,0.5,0.99,0.004070390595964678,2.0935758099836463,0.24146011261379016,-0.007970938765827348,9.905477916493135,0.004070390595964678,0.24146011261379016,2.0935758099836463,1.0,1.3510285044271187e-05,1.3510285044271187e-05,0.0,0.17222886859865483,0.17222886859865483,0.0,0.9298425302589864,0.9298425302589864,0.0,0.0,0.0,0.0,0.0,0.13999999999999999,25.674999999999997,68.25,2388.762,71,Hopper-v5,9107,Agente_4
176.29502129554749,80,706560,423.3517696950459,631.0231667932673,189.1192533784244,153.35,1.3510285044271187e-05,0.0,0.9298425302589864,0.17222886859865483,8826,0.5,0.99,0.00402178702500832,2.517210067720974,0.32511938529856066,-0.007355846366023316,9.841225231395049,0.00402178702500832,0.32511938529856066,2.517210067720974,1.0,1.3510285044271187e-05,1.3510285044271187e-05,0.0,0.17222886859865483,0.17222886859865483,0.0,0.9298425302589864,0.9298425302589864,0.0,0.0,0.0,0.0,0.0,0.66,37.5,68.36666666666666,2193.397,72,Hopper-v5,9107,Agente_4
178.609233379364,81,715392,402.0178585718554,552.5811670693769,4.009857286439831,145.07,1.3510285044271187e-05,0.0,0.9298425302589864,0.17222886859865483,8826,0.5,0.99,0.005181466623049774,2.762181123565225,0.4218429302468019,-0.006941987661754384,9.776676615546732,0.005181466623049774,0.4218429302468019,2.762181123565225,1.0,1.3510285044271187e-05,1.3510285044271187e-05,0.0,0.17222886859865483,0.17222886859865483,0.0,0.9298425302589864,0.9298425302589864,0.0,0.0,0.0,0.0,0.0,0.6933333333333334,32.400000000000006,71.96666666666668,2229.63,73,Hopper-v5,9107,Agente_4
180.9439661502838,82,724224,385.8793503709218,505.04193696565534,4.009857286439831,138.12,1.3510285044271187e-05,0.0,0.9298425302589864,0.17222886859865483,8826,0.5,0.99,0.005262967669713201,2.774587826167836,0.45631631472531486,-0.005962666014538091,9.699532940808464,0.005262967669713201,0.45631631472531486,2.774587826167836,1.0,1.3510285044271187e-05,1.3510285044271187e-05,0.0,0.17222886859865483,0.17222886859865483,0.0,0.9298425302589864,0.9298425302589864,0.0,0.0,0.0,0.0,0.0,0.6266666666666666,38.9,71.56666666666666,2253.541,74,Hopper-v5,9107,Agente_4
182.92898797988892,83,733056,378.2849269748213,417.9217190190616,354.4565931788364,134.32,1.3510285044271187e-05,0.0,0.9298425302589864,0.17222886859865483,8826,0.5,0.99,0.00522685516240445,2.701140959122602,0.4120685570380267,-0.006900747777784572,9.736933943804573,0.00522685516240445,0.4120685570380267,2.701140959122602,1.0,1.3510285044271187e-05,1.3510285044271187e-05,0.0,0.17222886859865483,0.17222886859865483,0.0,0.9298425302589864,0.9298425302589864,0.0,0.0,0.0,0.0,0.0,0.1466666666666667,40.166666666666664,65.73333333333333,2197.688,75,Hopper-v5,9107,Agente_4
184.86482977867126,84,741888,368.81602214931496,417.9217190190616,309.01084537911686,129.73,1.3510285044271187e-05,0.0,0.9298425302589864,0.17222886859865483,8826,0.5,0.99,0.004571593701492769,2.6607890662025,0.412254682709189,-0.006673002484090188,9.74414810853846,0.004571593701492769,0.412254682709189,2.6607890662025,1.0,1.3510285044271187e-05,1.3510285044271187e-05,0.0,0.17222886859865483,0.17222886859865483,0.0,0.9298425302589864,0.9298425302589864,0.0,0.0,0.0,0.0,0.0,0.35000000000000003,32.93333333333333,63.166666666666664,2152.526,76,Hopper-v5,9107,Agente_4
186.9341311454773,85,750720,440.4599615455796,643.4831577117864,186.45999508218426,159.94444444444446,1.3510285044271187e-05,0.0,0.9298425302589864,0.17222886859865483,8826,0.5,0.99,0.003986132493607161,1.9134920835494995,0.2259651548722211,-0.008027163673849667,9.926843772215001,0.003986132493607161,0.2259651548722211,1.9134920835494995,1.0,1.3510285044271187e-05,1.3510285044271187e-05,0.0,0.17222886859865483,0.17222886859865483,0.0,0.9298425302589864,0.9298425302589864,0.0,0.0,0.0,0.0,0.0,0.45,20.333333333333332,65.1,2055.576,77,Hopper-v5,9107,Agente_4
189.12917065620422,86,759552,440.8649867547576,643.4831577117864,186.45999508218426,157.8041237113402,1.3510285044271187e-05,0.0,0.9298425302589864,0.17222886859865483,8826,0.5,0.99,0.0035960639474283468,2.241782210153692,0.3440094432410072,-0.006185183224870878,9.790208277982824,0.0035960639474283468,0.3440094432410072,2.241782210153692,1.0,1.3510285044271187e-05,1.3510285044271187e-05,0.0,0.17222886859865483,0.17222886859865483,0.0,0.9298425302589864,0.9298425302589864,0.0,0.0,0.0,0.0,0.0,0.42000000000000004,36.974999999999994,63.1,2118.743,78,Hopper-v5,9107,Agente_4
191.34673619270325,87,768384,414.55355590703795,575.135355110003,316.94824862804825,148.47,1.3510285044271187e-05,0.0,0.9298425302589864,0.17222886859865483,8826,0.5,0.99,0.00419444315474025,2.5727206496631396,0.42468618996003094,-0.0034407963537994553,9.6892276876113,0.00419444315474025,0.42468618996003094,2.5727206496631396,1.0,1.3510285044271187e-05,1.3510285044271187e-05,0.0,0.17222886859865483,0.17222886859865483,0.0,0.9298425302589864,0.9298425302589864,0.0,0.0,0.0,0.0,0.0,0.16666666666666666,39.03333333333333,66.03333333333333,2146.865,79,Hopper-v5,9107,Agente_4
193.86282634735107,88,777216,390.4733662706144,465.46951389465585,323.1056926867641,139.86,1.3510285044271187e-05,0.0,0.9298425302589864,0.17222886859865483,8826,0.5,0.99,0.004175516460963991,2.6665223668603337,0.4483188751865836,-0.004190590418875218,9.588822858473835,0.004175516460963991,0.4483188751865836,2.6665223668603337,1.0,1.3510285044271187e-05,1.3510285044271187e-05,0.0,0.17222886859865483,0.17222886859865483,0.0,0.9298425302589864,0.9298425302589864,0.0,0.0,0.0,0.0,0.0,0.05666666666666667,49.1,70.10000000000001,2235.599,80,Hopper-v5,9107,Agente_4
196.99721789360046,89,786048,380.71703832377386,451.50582599618946,275.8113610981387,135.62,1.3510285044271187e-05,0.0,0.9298425302589864,0.17222886859865483,8826,0.5,0.99,0.00454552540626644,2.656803037138546,0.46424249235321496,-0.003408423811197281,9.654853832020478,0.00454552540626644,0.46424249235321496,2.656803037138546,1.0,1.3510285044271187e-05,1.3510285044271187e-05,0.0,0.17222886859865483,0.17222886859865483,0.0,0.9298425302589864,0.9298425302589864,0.0,0.0,0.0,0.0,0.0,0.37,41.2,68.72,2413.379,81,Hopper-v5,9107,Agente_4
199.29953789710999,90,794880,376.53764002320247,451.50582599618946,275.8113610981387,133.95,1.3510285044271187e-05,0.0,0.9298425302589864,0.17222886859865483,8826,0.5,0.99,0.006042821071391432,2.563258875117582,0.42716116203981286,-0.0049060784499434865,9.662236763449275,0.006042821071391432,0.42716116203981286,2.563258875117582,1.0,1.3510285044271187e-05,1.3510285044271187e-05,0.0,0.17222886859865483,0.17222886859865483,0.0,0.9298425302589864,0.9298425302589864,0.0,0.0,0.0,0.0,0.0,0.47333333333333333,36.63333333333333,67.56666666666668,2392.679,82,Hopper-v5,9107,Agente_4
201.41419315338135,91,803712,461.8138078945397,629.1986428750483,184.2058269823739,166.41666666666666,1.3510285044271187e-05,0.0,0.9298425302589864,0.17222886859865483,8826,0.5,0.99,0.004871629728522592,1.7727941723430858,0.2459786362507764,-0.00733811097110019,9.913919403973747,0.004871629728522592,0.2459786362507764,1.7727941723430858,1.0,1.3510285044271187e-05,1.3510285044271187e-05,0.0,0.17222886859865483,0.17222886859865483,0.0,0.9298425302589864,0.9298425302589864,0.0,0.0,0.0,0.0,0.0,0.9774999999999999,22.275,73.625,2102.39,83,Hopper-v5,9107,Agente_4
203.58539485931396,92,812544,454.0387522837185,629.1986428750483,184.2058269823739,161.35714285714286,1.3510285044271187e-05,0.0,0.9298425302589864,0.17222886859865483,8826,0.5,0.99,0.0053949419022554885,2.2085199741756214,0.42563465798602385,-0.009500854944481569,9.781927568772259,0.0053949419022554885,0.42563465798602385,2.2085199741756214,1.0,1.3510285044271187e-05,1.3510285044271187e-05,0.0,0.17222886859865483,0.17222886859865483,0.0,0.9298425302589864,0.9298425302589864,0.0,0.0,0.0,0.0,0.0,0.9133333333333332,35.300000000000004,73.9,2129.827,84,Hopper-v5,9107,Agente_4
206.2946915626526,93,821376,410.34986990951444,597.0205251024514,326.059208963814,147.46,1.3510285044271187e-05,0.0,0.9298425302589864,0.17222886859865483,8826,0.5,0.99,0.004779293521920301,2.5121087438919965,0.4731472404564128,-0.00959302940789391,9.594107044444364,0.004779293521920301,0.4731472404564128,2.5121087438919965,1.0,1.3510285044271187e-05,1.3510285044271187e-05,0.0,0.17222886859865483,0.17222886859865483,0.0,0.9298425302589864,0.9298425302589864,0.0,0.0,0.0,0.0,0.0,0.6825,46.325,73.9,2318.682,85,Hopper-v5,9107,Agente_4
208.79711508750916,94,830208,385.73179972096915,458.80533076146736,323.0916648312415,139.06,1.3510285044271187e-05,0.0,0.9298425302589864,0.17222886859865483,8826,0.5,0.99,0.0043596730938588735,2.5263895637848797,0.47986402160981123,-0.007323959601276061,9.513937349880443,0.0043596730938588735,0.47986402160981123,2.5263895637848797,1.0,1.3510285044271187e-05,1.3510285044271187e-05,0.0,0.17222886859865483,0.17222886859865483,0.0,0.9298425302589864,0.9298425302589864,0.0,0.0,0.0,0.0,0.0,0.8399999999999999,39.333333333333336,73.93333333333334,2361.812,86,Hopper-v5,9107,Agente_4
210.74734044075012,95,839040,380.0065014255608,432.99086544680887,340.32473179710064,136.29,1.3510285044271187e-05,0.0,0.9298425302589864,0.17222886859865483,8826,0.5,0.99,0.00457360850281582,2.5198844096239874,0.46802457045106327,-0.00786196685889188,9.460187917597153,0.00457360850281582,0.46802457045106327,2.5198844096239874,1.0,1.3510285044271187e-05,1.3510285044271187e-05,0.0,0.17222886859865483,0.17222886859865483,0.0,0.9298425302589864,0.9298425302589864,0.0,0.0,0.0,0.0,0.0,0.9733333333333333,24.200000000000003,73.9,2277.382,87,Hopper-v5,9107,Agente_4
212.75372648239136,96,847872,377.6178689208746,420.18430214420874,338.61082503040404,134.01,1.3510285044271187e-05,0.0,0.9298425302589864,0.17222886859865483,8826,0.5,0.99,0.005555534315520644,2.4588919765809,0.42357686722979826,-0.007590268256471438,9.560229088278378,0.005555534315520644,0.42357686722979826,2.4588919765809,1.0,1.3510285044271187e-05,1.3510285044271187e-05,0.0,0.17222886859865483,0.17222886859865483,0.0,0.9298425302589864,0.9298425302589864,0.0,0.0,0.0,0.0,0.0,0.8533333333333334,34.36666666666667,73.9,2230.275,88,Hopper-v5,9107,Agente_4
215.22427463531494,97,856704,370.258534623876,418.7955330818291,326.2998469325966,130.52,1.3510285044271187e-05,0.0,0.9298425302589864,0.17222886859865483,8826,0.5,0.99,0.004579206300353262,2.398745487718021,0.38866469193907344,-0.00587198703604586,9.613502076092889,0.004579206300353262,0.38866469193907344,2.398745487718021,1.0,1.3510285044271187e-05,1.3510285044271187e-05,0.0,0.17222886859865483,0.17222886859865483,0.0,0.9298425302589864,0.9298425302589864,0.0,0.0,0.0,0.0,0.0,0.7799999999999999,45.53333333333333,73.86666666666666,2262.873,89,Hopper-v5,9107,Agente_4
217.4625141620636,98,865536,360.22074690137504,428.4775450161151,307.7974249208375,126.86,1.3510285044271187e-05,0.0,0.9298425302589864,0.17222886859865483,8826,0.5,0.99,0.004607896737541202,2.3073824644088745,0.35959728956222536,-0.0027167949825525283,9.703418108996223,0.004607896737541202,0.35959728956222536,2.3073824644088745,1.0,1.3510285044271187e-05,1.3510285044271187e-05,0.0,0.17222886859865483,0.17222886859865483,0.0,0.9298425302589864,0.9298425302589864,0.0,0.0,0.0,0.0,0.0,0.07333333333333333,50.36666666666667,73.9,2258.672,90,Hopper-v5,9107,Agente_4
219.54314708709717,99,874368,350.3963667344677,428.4775450161151,308.5997208748425,123.94,1.3510285044271187e-05,0.0,0.9298425302589864,0.17222886859865483,8826,0.5,0.99,0.0029923038182032005,2.3888930601232192,0.3283120365703807,-0.004779365812154377,9.69487507203046,0.0029923038182032005,0.3283120365703807,2.3888930601232192,1.0,1.3510285044271187e-05,1.3510285044271187e-05,0.0,0.17222886859865483,0.17222886859865483,0.0,0.9298425302589864,0.9298425302589864,0.0,0.0,0.0,0.0,0.0,0.9039999999999999,24.119999999999997,73.9,2237.815,91,Hopper-v5,9107,Agente_4
221.51585054397583,100,883200,340.77950926618934,424.362938075227,247.584267146701,121.98,1.3510285044271187e-05,0.0,0.9298425302589864,0.17222886859865483,8826,0.5,0.99,0.0036244065879680633,2.387877916588503,0.2614359739948722,-0.0037127534913666107,9.725451188928941,0.0036244065879680633,0.2614359739948722,2.387877916588503,1.0,1.3510285044271187e-05,1.3510285044271187e-05,0.0,0.17222886859865483,0.17222886859865483,0.0,0.9298425302589864,0.9298425302589864,0.0,0.0,0.0,0.0,0.0,0.98,23.700000000000003,73.9,2209.991,92,Hopper-v5,9107,Agente_4
223.5608365535736,101,892032,336.89797818135537,460.183997413311,298.77651842341055,120.97,1.3510285044271187e-05,0.0,0.9298425302589864,0.17222886859865483,8826,0.5,0.99,0.0038974960319833104,2.385055513942943,0.2531801767208997,-0.0038937962340081437,9.714251551908605,0.0038974960319833104,0.2531801767208997,2.385055513942943,1.0,1.3510285044271187e-05,1.3510285044271187e-05,0.0,0.17222886859865483,0.17222886859865483,0.0,0.9298425302589864,0.9298425302589864,0.0,0.0,0.0,0.0,0.0,0.4000000000000001,30.100000000000005,69.86666666666666,2203.292,93,Hopper-v5,9107,Agente_4
225.99923300743103,102,900864,329.3501014233552,374.91316210216615,288.41931225661216,118.66,1.3510285044271187e-05,0.0,0.9298425302589864,0.17222886859865483,8826,0.5,0.99,0.00500263577893801,2.3811602368074305,0.2823964802657857,-0.005121306165614549,9.711468085120705,0.00500263577893801,0.2823964802657857,2.3811602368074305,1.0,1.3510285044271187e-05,1.3510285044271187e-05,0.0,0.17222886859865483,0.17222886859865483,0.0,0.9298425302589864,0.9298425302589864,0.0,0.0,0.0,0.0,0.0,0.2075,34.1,60.15,2230.094,94,Hopper-v5,9107,Agente_4
227.97489762306213,103,909696,526.6583472298469,630.7624883246742,215.2836118979846,181.78125,1.3510285044271187e-05,0.0,0.9298425302589864,0.17222886859865483,8826,0.5,0.99,0.005538000591375345,1.660885312276728,0.33195583259358125,-0.008739465277861146,9.929129909066592,0.005538000591375345,0.33195583259358125,1.660885312276728,1.0,1.3510285044271187e-05,1.3510285044271187e-05,0.0,0.17222886859865483,0.17222886859865483,0.0,0.9298425302589864,0.9298425302589864,0.0,0.0,0.0,0.0,0.0,0.59,19.46666666666667,62.666666666666664,1964.695,95,Hopper-v5,9107,Agente_4
230.3726999759674,104,918528,471.7349064478725,630.7624883246742,3.899182068040697,164.30612244897958,1.3510285044271187e-05,0.0,0.9298425302589864,0.17222886859865483,8826,0.5,0.99,0.005161371405366107,1.8419930654413559,0.5419272485901327,-0.004466617425136706,9.744923956253949,0.005161371405366107,0.5419272485901327,1.8419930654413559,1.0,1.3510285044271187e-05,1.3510285044271187e-05,0.0,0.17222886859865483,0.17222886859865483,0.0,0.9298425302589864,0.9298425302589864,0.0,0.0,0.0,0.0,0.0,0.6625,39.025,61.25,2175.784,96,Hopper-v5,9107,Agente_4
232.65289545059204,105,927360,412.29576665572347,572.3524521106277,3.899182068040697,146.31,1.3510285044271187e-05,0.0,0.9298425302589864,0.17222886859865483,8826,0.5,0.99,0.00488666544575501,2.2498203305637134,0.5281560249188367,-0.0035837675718700186,9.663583923788632,0.00488666544575501,0.5281560249188367,2.2498203305637134,1.0,1.3510285044271187e-05,1.3510285044271187e-05,0.0,0.17222886859865483,0.17222886859865483,0.0,0.9298425302589864,0.9298425302589864,0.0,0.0,0.0,0.0,0.0,0.22,44.76666666666667,67.86666666666666,2206.079,97,Hopper-v5,9107,Agente_4
234.924658536911,106,936192,392.81711121220394,458.6676995094261,315.92413318549177,140.56,1.3510285044271187e-05,0.0,0.9298425302589864,0.17222886859865483,8826,0.5,0.99,0.004122030465035042,2.396910150612102,0.5359443916993982,-0.002199554574840209,9.462254686916575,0.004122030465035042,0.5359443916993982,2.396910150612102,1.0,1.3510285044271187e-05,1.3510285044271187e-05,0.0,0.17222886859865483,0.17222886859865483,0.0,0.9298425302589864,0.9298425302589864,0.0,0.0,0.0,0.0,0.0,0.06666666666666667,39.23333333333334,71.26666666666667,2219.2,98,Hopper-v5,9107,Agente_4
237.38787937164307,107,945024,384.8403423229886,434.56668045335124,326.652356249199,137.35,1.3510285044271187e-05,0.0,0.9298425302589864,0.17222886859865483,8826,0.5,0.99,0.0040357502290777015,2.3875715003294102,0.48790592796662274,-0.0019510947167873383,9.455552920173195,0.0040357502290777015,0.48790592796662274,2.3875715003294102,1.0,1.3510285044271187e-05,1.3510285044271187e-05,0.0,0.17222886859865483,0.17222886859865483,0.0,0.9298425302589864,0.9298425302589864,0.0,0.0,0.0,0.0,0.0,0.37250000000000005,43.0,72.9,2266.091,99,Hopper-v5,9107,Agente_4
239.54387164115906,108,953856,379.2934065459727,426.13960035614383,353.75045791052946,134.49,1.3510285044271187e-05,0.0,0.9298425302589864,0.17222886859865483,8826,0.5,0.99,0.004702874213249101,2.4156844447640813,0.46854783121277305,-0.004142761822132504,9.358467517179601,0.004702874213249101,0.46854783121277305,2.4156844447640813,1.0,1.3510285044271187e-05,1.3510285044271187e-05,0.0,0.17222886859865483,0.17222886859865483,0.0,0.9298425302589864,0.9298425302589864,0.0,0.0,0.0,0.0,0.0,0.87,32.266666666666666,73.9,2246.338,100,Hopper-v5,9107,Agente_4
241.65088391304016,109,962688,373.4625192046688,397.9126465749021,330.49119043382103,132.04,1.3510285044271187e-05,0.0,0.9298425302589864,0.17222886859865483,8826,0.5,0.99,0.004217661301278413,2.3412391774794634,0.4194797266932095,-0.0031246333163889015,9.449413815666647,0.004217661301278413,0.4194797266932095,2.3412391774794634,1.0,1.3510285044271187e-05,1.3510285044271187e-05,0.0,0.17222886859865483,0.17222886859865483,0.0,0.9298425302589864,0.9298425302589864,0.0,0.0,0.0,0.0,0.0,0.9199999999999999,28.8,73.9,2224.621,101,Hopper-v5,9107,Agente_4
243.71151733398438,110,971520,371.2575022429011,392.79680362719074,330.49119043382103,130.54,1.3510285044271187e-05,0.0,0.9298425302589864,0.17222886859865483,8826,0.5,0.99,0.005900090776766079,2.2890606368289275,0.4432930704425363,-0.006813171560711721,9.466154272416059,0.005900090776766079,0.4432930704425363,2.2890606368289275,1.0,1.3510285044271187e-05,1.3510285044271187e-05,0.0,0.17222886859865483,0.17222886859865483,0.0,0.9298425302589864,0.9298425302589864,0.0,0.0,0.0,0.0,0.0,0.36999999999999994,37.1,73.9,2202.541,102,Hopper-v5,9107,Agente_4
246.36133980751038,111,980352,370.26638384552126,462.0947043530361,309.7213472301241,129.98,1.3510285044271187e-05,0.0,0.9298425302589864,0.17222886859865483,8826,0.5,0.99,0.003678941172278,2.255501725393183,0.3892849722329308,-0.00644700306960765,9.54391668544096,0.003678941172278,0.3892849722329308,2.255501725393183,1.0,1.3510285044271187e-05,1.3510285044271187e-05,0.0,0.17222886859865483,0.17222886859865483,0.0,0.9298425302589864,0.9298425302589864,0.0,0.0,0.0,0.0,0.0,0.8333333333333334,45.4,73.83333333333333,2251.097,103,Hopper-v5,9107,Agente_4
248.5801591873169,112,989184,363.27564002913243,462.0947043530361,309.7213472301241,127.94,1.3510285044271187e-05,0.0,0.9298425302589864,0.17222886859865483,8826,0.5,0.99,0.00339867105825065,2.306447216342477,0.39182587020537435,-0.004509325007743695,9.585570481244256,0.00339867105825065,0.39182587020537435,2.306447216342477,1.0,1.3510285044271187e-05,1.3510285044271187e-05,0.0,0.17222886859865483,0.17222886859865483,0.0,0.9298425302589864,0.9298425302589864,0.0,0.0,0.0,0.0,0.0,0.85,34.699999999999996,73.8,2246.606,104,Hopper-v5,9107,Agente_4
250.7590458393097,113,998016,349.1383606808541,421.2682375774147,307.9708483492558,123.96,1.3510285044271187e-05,0.0,0.9298425302589864,0.17222886859865483,8826,0.5,0.99,0.0041770460996250385,2.3459441269145294,0.304858117945054,-0.002671599103247418,9.613464119855095,0.0041770460996250385,0.304858117945054,2.3459441269145294,1.0,1.3510285044271187e-05,1.3510285044271187e-05,0.0,0.17222886859865483,0.17222886859865483,0.0,0.9298425302589864,0.9298425302589864,0.0,0.0,0.0,0.0,0.0,0.6833333333333332,34.43333333333333,73.8,2266.732,105,Hopper-v5,9107,Agente_4
252.80457830429077,114,1006848,343.47159065739595,423.13711614336796,306.6204776377758,121.92,1.3510285044271187e-05,0.0,0.9298425302589864,0.17222886859865483,8826,0.5,0.99,0.004242555270449135,2.2434130864984847,0.24917731390279882,-0.005526314149884617,9.650601858251235,0.004242555270449135,0.24917731390279882,2.2434130864984847,1.0,1.3510285044271187e-05,1.3510285044271187e-05,0.0,0.17222886859865483,0.17222886859865483,0.0,0.9298425302589864,0.9298425302589864,0.0,0.0,0.0,0.0,0.0,0.88,25.75,70.94999999999999,2231.27,106,Hopper-v5,9107,Agente_4
254.74767136573792,115,1015680,401.76249621048726,641.1085804840864,210.3191018251966,151.97297297297297,1.3510285044271187e-05,0.0,0.9298425302589864,0.17222886859865483,8826,0.5,0.99,0.005675932922895803,1.4628813301815706,0.08691851812250474,-0.0057922438115758056,9.889902114868164,0.005675932922895803,0.08691851812250474,1.4628813301815706,1.0,1.3510285044271187e-05,1.3510285044271187e-05,0.0,0.17222886859865483,0.17222886859865483,0.0,0.9298425302589864,0.9298425302589864,0.0,0.0,0.0,0.0,0.0,0.28,15.466666666666669,63.26666666666667,1930.205,107,Hopper-v5,9107,Agente_4
256.9748103618622,116,1024512,462.56558513592387,641.1085804840864,210.3191018251966,163.6875,1.3510285044271187e-05,0.0,0.9298425302589864,0.17222886859865483,8826,0.5,0.99,0.0046564590429411246,1.3490188002586365,0.5104890756747302,-0.0018228084944626865,9.733107802447151,0.0046564590429411246,0.5104890756747302,1.3490188002586365,1.0,1.3510285044271187e-05,1.3510285044271187e-05,0.0,0.17222886859865483,0.17222886859865483,0.0,0.9298425302589864,0.9298425302589864,0.0,0.0,0.0,0.0,0.0,0.8233333333333334,31.900000000000002,66.5,2072.01,108,Hopper-v5,9107,Agente_4
259.12823843955994,117,1033344,456.52957654839526,619.016005235588,332.9414837042874,158.57,1.3510285044271187e-05,0.0,0.9298425302589864,0.17222886859865483,8826,0.5,0.99,0.005262349130027681,1.6192778250750373,0.5096065906917348,-0.007924023467828245,9.71554443134981,0.005262349130027681,0.5096065906917348,1.6192778250750373,1.0,1.3510285044271187e-05,1.3510285044271187e-05,0.0,0.17222886859865483,0.17222886859865483,0.0,0.9298425302589864,0.9298425302589864,0.0,0.0,0.0,0.0,0.0,0.31,44.76666666666667,66.43333333333334,2095.038,109,Hopper-v5,9107,Agente_4
261.56697940826416,118,1042176,408.4571287271247,495.68871707712066,339.67462011770385,144.47,1.3510285044271187e-05,0.0,0.9298425302589864,0.17222886859865483,8826,0.5,0.99,0.0046728299022588005,2.047930109500885,0.5137475168003756,-0.0034670040668810117,9.593430575202493,0.0046728299022588005,0.5137475168003756,2.047930109500885,1.0,1.3510285044271187e-05,1.3510285044271187e-05,0.0,0.17222886859865483,0.17222886859865483,0.0,0.9298425302589864,0.9298425302589864,0.0,0.0,0.0,0.0,0.0,0.45499999999999996,38.699999999999996,67.175,2177.194,110,Hopper-v5,9107,Agente_4
263.53869795799255,119,1051008,394.4225731368095,470.37217681890274,340.71681876643316,139.63,1.3510285044271187e-05,0.0,0.9298425302589864,0.17222886859865483,8826,0.5,0.99,0.005293764093734995,2.2159311217420243,0.5099435722126681,-0.004876902677557048,9.47326514300178,0.005293764093734995,0.5099435722126681,2.2159311217420243,1.0,1.3510285044271187e-05,1.3510285044271187e-05,0.0,0.17222886859865483,0.17222886859865483,0.0,0.9298425302589864,0.9298425302589864,0.0,0.0,0.0,0.0,0.0,0.03666666666666667,50.4,70.60000000000001,2134.007,111,Hopper-v5,9107,Agente_4
266.36296463012695,120,1059840,383.9546473229517,427.490342821229,340.9973780626688,136.51,1.3510285044271187e-05,0.0,0.9298425302589864,0.17222886859865483,8826,0.5,0.99,0.005000417889245642,2.1649731692145853,0.4902011191143709,-0.003515912592411041,9.410002899169921,0.005000417889245642,0.4902011191143709,2.1649731692145853,1.0,1.3510285044271187e-05,1.3510285044271187e-05,0.0,0.17222886859865483,0.17222886859865483,0.0,0.9298425302589864,0.9298425302589864,0.0,0.0,0.0,0.0,0.0,0.36333333333333334,41.46666666666667,72.46666666666665,2246.909,112,Hopper-v5,9107,Agente_4
268.62814593315125,121,1068672,383.9218597210365,455.3098851501744,327.8932334832619,135.11,1.3510285044271187e-05,0.0,0.9298425302589864,0.17222886859865483,8826,0.5,0.99,0.004429174472930112,2.0696031360065237,0.4265165882952073,-0.0023349332458832686,9.40300199284273,0.004429174472930112,0.4265165882952073,2.0696031360065237,1.0,1.3510285044271187e-05,1.3510285044271187e-05,0.0,0.17222886859865483,0.17222886859865483,0.0,0.9298425302589864,0.9298425302589864,0.0,0.0,0.0,0.0,0.0,0.62,37.0,71.8,2247.634,113,Hopper-v5,9107,Agente_4
270.94142961502075,122,1077504,379.9706543885644,465.9122645869968,336.6344586131496,133.42,1.3510285044271187e-05,0.0,0.9298425302589864,0.17222886859865483,8826,0.5,0.99,0.004261696440934269,2.153267367447124,0.4463266677716199,-0.0039471326834138705,9.324458604700425,0.004261696440934269,0.4463266677716199,2.153267367447124,1.0,1.3510285044271187e-05,1.3510285044271187e-05,0.0,0.17222886859865483,0.17222886859865483,0.0,0.9298425302589864,0.9298425302589864,0.0,0.0,0.0,0.0,0.0,0.6533333333333333,33.0,66.5,2254.165,114,Hopper-v5,9107,Agente_4
273.4991924762726,123,1086336,369.4638712830664,465.9122645869968,100.354963186951,129.3,1.3510285044271187e-05,0.0,0.9298425302589864,0.17222886859865483,8826,0.5,0.99,0.00430119887320924,2.042982737457051,0.39897360486142774,-0.0037696435828419293,9.400029850006103,0.00430119887320924,0.39897360486142774,2.042982737457051,1.0,1.3510285044271187e-05,1.3510285044271187e-05,0.0,0.17222886859865483,0.17222886859865483,0.0,0.9298425302589864,0.9298425302589864,0.0,0.0,0.0,0.0,0.0,0.8049999999999999,37.025,71.4,2286.421,115,Hopper-v5,9107,Agente_4
276.37237906455994,124,1095168,362.419397059005,473.34452182005225,149.27512041269074,127.03,1.3510285044271187e-05,0.0,0.9298425302589864,0.17222886859865483,8826,0.5,0.99,0.003619321149755492,2.049847527812509,0.37119091258329506,-0.004405191847506692,9.451137396868537,0.003619321149755492,0.37119091258329506,2.049847527812509,1.0,1.3510285044271187e-05,1.3510285044271187e-05,0.0,0.17222886859865483,0.17222886859865483,0.0,0.9298425302589864,0.9298425302589864,0.0,0.0,0.0,0.0,0.0,0.65,40.025000000000006,73.475,2343.327,116,Hopper-v5,9107,Agente_4
279.70758533477783,125,1104000,354.0457282331149,439.0484531870769,174.14926622100248,124.83,1.3510285044271187e-05,0.0,0.9298425302589864,0.17222886859865483,8826,0.5,0.99,0.0035805407375151203,2.1059929293744704,0.35229723979445066,-0.003889339614440413,9.555999952204088,0.0035805407375151203,0.35229723979445066,2.1059929293744704,1.0,1.3510285044271187e-05,1.3510285044271187e-05,0.0,0.17222886859865483,0.17222886859865483,0.0,0.9298425302589864,0.9298425302589864,0.0,0.0,0.0,0.0,0.0,0.49249999999999994,43.025,73.5,2482.502,117,Hopper-v5,9107,Agente_4
282.22873163223267,126,1112832,342.89018764129463,429.799742211454,3.9015159555234975,121.45,1.3510285044271187e-05,0.0,0.9298425302589864,0.17222886859865483,8826,0.5,0.99,0.003789535948410904,1.9624775865498711,0.29666901125627404,-0.0032398207496632547,9.507159300411448,0.003789535948410904,0.29666901125627404,1.9624775865498711,1.0,1.3510285044271187e-05,1.3510285044271187e-05,0.0,0.17222886859865483,0.17222886859865483,0.0,0.9298425302589864,0.9298425302589864,0.0,0.0,0.0,0.0,0.0,0.8475000000000001,37.775,74.625,2511.964,118,Hopper-v5,9107,Agente_4
294.20015692710876,29,1260456,464.2905936671217,670.3637132157701,181.1022128809529,164.33497536945814,0.0006058693979866803,0.0,0.9381571412086487,0.38351970911026,35845,0.5,0.99,0.03685326112966456,4.3477262592315675,0.36489306202956606,-0.011226752274004477,9.37066189629691,0.03685326112966456,0.36489306202956606,4.3477262592315675,1.0,0.0006058693979866803,0.0006058693979866803,0.0,0.38351970911026,0.38351970911026,0.0,0.9381571412086487,0.9381571412086487,0.0,0.0,0.0,0.0,0.0,0.34727272727272723,33.081818181818186,62.99999999999999,7316.567,119,Hopper-v5,9107,Agente_4
304.5216820240021,30,1296304,425.62882971743323,644.3997171360917,177.44873368776348,151.64255319148936,0.0006058693979866803,0.0,0.9381571412086487,0.38351970911026,35845,0.5,0.99,0.02292153701818153,4.435839793341501,0.48014394777161734,-0.014988947601190634,9.196474655696324,0.02292153701818153,0.48014394777161734,4.435839793341501,1.0,0.0006058693979866803,0.0006058693979866803,0.0,0.38351970911026,0.38351970911026,0.0,0.9381571412086487,0.9381571412086487,0.0,0.0,0.0,0.0,0.0,0.44857142857142857,39.74285714285714,68.73571428571428,8813.86,120,Hopper-v5,9107,Agente_4
313.90375661849976,31,1332152,483.6769702044626,707.3869582272571,167.03137619205057,169.4824120603015,0.0006058693979866803,0.0,0.9381571412086487,0.38351970911026,35845,0.5,0.99,0.014643023798375296,4.378754620211465,0.7933169053282056,-0.015737389477768114,6.921688720839364,0.014643023798375296,0.7933169053282056,4.378754620211465,1.0,0.0006058693979866803,0.0006058693979866803,0.0,0.38351970911026,0.38351970911026,0.0,0.9381571412086487,0.9381571412086487,0.0,0.0,0.0,0.0,0.0,0.315,38.75714285714286,70.66428571428573,9371.567,121,Hopper-v5,9107,Agente_4
322.73688101768494,32,1368000,434.90505688843444,674.5269374172934,63.76550235623334,154.22943722943722,0.0006058693979866803,0.0,0.9381571412086487,0.38351970911026,35845,0.5,0.99,0.013723727194592398,4.420063293320792,0.9293262437411717,-0.01764267699659935,6.372780216761997,0.013723727194592398,0.9293262437411717,4.420063293320792,1.0,0.0006058693979866803,0.0006058693979866803,0.0,0.38351970911026,0.38351970911026,0.0,0.9381571412086487,0.9381571412086487,0.0,0.0,0.0,0.0,0.0,0.8933333333333332,33.15833333333334,74.34166666666667,9094.889,122,Hopper-v5,9107,Agente_4
330.4712538719177,33,1403848,419.97766794211896,621.9571305882696,248.9236484858224,149.10373443983403,0.0006058693979866803,0.0,0.9381571412086487,0.38351970911026,35845,0.5,0.99,0.013395077749004745,4.4091416318076,0.9619015896320343,-0.0217364551872015,5.4571062864576065,0.013395077749004745,0.9619015896320343,4.4091416318076,1.0,0.0006058693979866803,0.0006058693979866803,0.0,0.38351970911026,0.38351970911026,0.0,0.9381571412086487,0.9381571412086487,0.0,0.0,0.0,0.0,0.0,0.45818181818181825,35.68181818181818,69.57272727272726,8636.339,123,Hopper-v5,9107,Agente_4
341.22814536094666,34,1439696,422.33726365082504,536.6963174043876,329.01705032815,148.1611570247934,0.0006058693979866803,0.0,0.9381571412086487,0.38351970911026,35845,0.5,0.99,0.013680426839065538,4.282555698667254,0.9648345435517175,-0.022564225595976626,5.04047272852489,0.013680426839065538,0.9648345435517175,4.282555698667254,1.0,0.0006058693979866803,0.0006058693979866803,0.0,0.38351970911026,0.38351970911026,0.0,0.9381571412086487,0.9381571412086487,0.0,0.0,0.0,0.0,0.0,0.5126666666666667,39.46,74.04666666666665,9163.332,124,Hopper-v5,9107,Agente_4
350.07511377334595,35,1475544,407.0803177855604,551.582409450445,55.36777489159154,143.16334661354583,0.0006058693979866803,0.0,0.9381571412086487,0.38351970911026,35845,0.5,0.99,0.014189428136230293,4.21344767502376,0.9656906630311693,-0.02167683439595359,4.56449318749564,0.014189428136230293,0.9656906630311693,4.21344767502376,1.0,0.0006058693979866803,0.0006058693979866803,0.0,0.38351970911026,0.38351970911026,0.0,0.9381571412086487,0.9381571412086487,0.0,0.0,0.0,0.0,0.0,0.7275,34.96666666666667,74.43333333333332,9097.842,125,Hopper-v5,9107,Agente_4
358.2585690021515,36,1511392,407.2423777633532,549.2741128923357,84.03866059632637,141.92460317460316,0.0006058693979866803,0.0,0.9381571412086487,0.38351970911026,35845,0.5,0.99,0.014283740230400457,4.115329615048,0.9748574011666434,-0.022340424111379046,4.431821796212877,0.014283740230400457,0.9748574011666434,4.115329615048,1.0,0.0006058693979866803,0.0006058693979866803,0.0,0.38351970911026,0.38351970911026,0.0,0.9381571412086487,0.9381571412086487,0.0,0.0,0.0,0.0,0.0,0.5918181818181818,38.93636363636363,74.46363636363635,8943.438,126,Hopper-v5,9107,Agente_4
367.20809268951416,37,1547240,394.02680142747,520.1001148384174,46.13945589893296,137.67175572519085,0.0006058693979866803,0.0,0.9381571412086487,0.38351970911026,35845,0.5,0.99,0.014541086532325274,4.0399764919281,0.9622269082920892,-0.024006635653121132,4.684257364954267,0.014541086532325274,0.9622269082920892,4.0399764919281,1.0,0.0006058693979866803,0.0006058693979866803,0.0,0.38351970911026,0.38351970911026,0.0,0.9381571412086487,0.9381571412086487,0.0,0.0,0.0,0.0,0.0,0.6461538461538461,36.692307692307686,74.43076923076923,8942.133,127,Hopper-v5,9107,Agente_4
375.66655945777893,38,1583088,397.9816586014781,521.1665181777508,296.20530686779404,137.93822393822393,0.0006058693979866803,0.0,0.9381571412086487,0.38351970911026,35845,0.5,0.99,0.014515491559369816,3.9696622998373847,0.9855536896841867,-0.02280070073902607,4.1930891799926755,0.014515491559369816,0.9855536896841867,3.9696622998373847,1.0,0.0006058693979866803,0.0006058693979866803,0.0,0.38351970911026,0.38351970911026,0.0,0.9381571412086487,0.9381571412086487,0.0,0.0,0.0,0.0,0.0,0.7008333333333333,30.48333333333333,74.40833333333333,8879.752,128,Hopper-v5,9107,Agente_4
385.45502853393555,39,1618936,399.8765041575205,523.1235884483222,212.89404396432832,138.22868217054264,0.0006058693979866803,0.0,0.9381571412086487,0.38351970911026,35845,0.5,0.99,0.014301461576085079,3.89968198129109,0.9835533262150629,-0.02597266727393227,4.25815621989114,0.014301461576085079,0.9835533262150629,3.89968198129109,1.0,0.0006058693979866803,0.0006058693979866803,0.0,0.38351970911026,0.38351970911026,0.0,0.9381571412086487,0.9381571412086487,0.0,0.0,0.0,0.0,0.0,0.5215384615384615,38.15384615384616,74.42307692307692,8979.009,129,Hopper-v5,9107,Agente_4
393.76120495796204,40,1654784,391.8851833369774,518.4342865571226,59.06852498509042,135.8188679245283,0.0006058693979866803,0.0,0.9381571412086487,0.38351970911026,35845,0.5,0.99,0.014198799877527379,3.8798618391581945,0.9745008435419628,-0.023570186007501822,4.502424971376146,0.014198799877527379,0.9745008435419628,3.8798618391581945,1.0,0.0006058693979866803,0.0006058693979866803,0.0,0.38351970911026,0.38351970911026,0.0,0.9381571412086487,0.9381571412086487,0.0,0.0,0.0,0.0,0.0,0.46833333333333327,36.63333333333333,70.575,8910.117,130,Hopper-v5,9107,Agente_4
404.2136709690094,41,1690632,389.3101860536544,502.5364079452131,52.11881922272315,134.83703703703705,0.0006058693979866803,0.0,0.9381571412086487,0.38351970911026,35845,0.5,0.99,0.01383712918862979,3.867868049485343,0.977052497948919,-0.0261434233601072,4.396746097632817,0.01383712918862979,0.977052497948919,3.867868049485343,1.0,0.0006058693979866803,0.0006058693979866803,0.0,0.38351970911026,0.38351970911026,0.0,0.9381571412086487,0.9381571412086487,0.0,0.0,0.0,0.0,0.0,0.5492857142857143,36.91428571428571,74.39285714285714,9017.135,131,Hopper-v5,9107,Agente_4
406.8876085281372,52,1683248,552.769411341297,854.0658056565884,150.38318035422748,185.44621513944224,0.00045281811617314816,0.0,0.9315232634544373,0.2109687179327011,49532,0.5,0.99,0.006543794222307099,4.376763113339742,0.7917681283007065,-0.015048179113849376,6.6581599687536555,0.006543794222307099,0.7917681283007065,4.376763113339742,1.0,0.00045281811617314816,0.00045281811617314816,0.0,0.2109687179327011,0.2109687179327011,0.0,0.9315232634544373,0.9315232634544373,0.0,0.0,0.0,0.0,0.0,0.19647058823529412,35.07058823529412,61.911764705882355,11861.651,132,Hopper-v5,9107,Agente_4
419.68418169021606,53,1732784,562.3532105799256,789.3730036851197,243.34127954969594,183.06642066420665,0.00045281811617314816,0.0,0.9315232634544373,0.2109687179327011,49532,0.5,0.99,0.006093071420279314,4.3404675682385765,0.9187752055625121,-0.013095752828909705,5.824841952820619,0.006093071420279314,0.9187752055625121,4.3404675682385765,1.0,0.00045281811617314816,0.00045281811617314816,0.0,0.2109687179327011,0.2109687179327011,0.0,0.9315232634544373,0.9315232634544373,0.0,0.0,0.0,0.0,0.0,0.46611111111111103,37.96666666666667,73.78888888888888,12321.389,133,Hopper-v5,9107,Agente_4
431.0036292076111,54,1782320,558.2982698645653,684.6988765649005,341.3058178377996,180.0253623188406,0.00045281811617314816,0.0,0.9315232634544373,0.2109687179327011,49532,0.5,0.99,0.006252602786086516,4.28747682099541,0.9540320140620072,-0.012611746485345066,5.528048160175483,0.006252602786086516,0.9540320140620072,4.28747682099541,1.0,0.00045281811617314816,0.00045281811617314816,0.0,0.2109687179327011,0.2109687179327011,0.0,0.9315232634544373,0.9315232634544373,0.0,0.0,0.0,0.0,0.0,0.6625000000000001,33.275,74.66875,11982.285,134,Hopper-v5,9107,Agente_4
439.8891611099243,55,1831856,538.0733226330414,681.5894513962327,162.55315863838646,174.88771929824563,0.00045281811617314816,0.0,0.9315232634544373,0.2109687179327011,49532,0.5,0.99,0.006843408814564119,4.1807412773370745,0.948246655613184,-0.010923148718332717,5.322187210867802,0.006843408814564119,0.948246655613184,4.1807412773370745,1.0,0.00045281811617314816,0.00045281811617314816,0.0,0.2109687179327011,0.2109687179327011,0.0,0.9315232634544373,0.9315232634544373,0.0,0.0,0.0,0.0,0.0,0.19833333333333336,28.791666666666668,60.724999999999994,11203.843,135,Hopper-v5,9107,Agente_4
443.242418050766,67,1811120,329.0208013299744,657.1100479997814,40.13729039029703,133.42105263157896,0.0007959794020280242,0.0,0.9702038764953613,0.2114231288433075,7067,0.5,0.99,0.008405131865472502,4.536143735738901,0.21205490093964796,-0.009324367688252375,8.54712663430434,0.008405131865472502,0.21205490093964796,4.536143735738901,1.0,0.0007959794020280242,0.0007959794020280242,0.0,0.2114231288433075,0.2114231288433075,0.0,0.9702038764953613,0.9702038764953613,0.0,0.0,0.0,0.0,0.0,0.065,26.65,58.675000000000004,2056.043,136,Hopper-v5,9107,Agente_4
444.4906313419342,68,1818192,518.1065611081183,1183.3368877918942,40.13729039029703,190.41509433962264,0.0007959794020280242,0.0,0.9702038764953613,0.2114231288433075,7067,0.5,0.99,0.008785338899304827,4.83537471477802,0.4751271724700928,-0.038941082644921084,8.407915584857648,0.008785338899304827,0.4751271724700928,4.83537471477802,1.0,0.0007959794020280242,0.0007959794020280242,0.0,0.2114231288433075,0.2114231288433075,0.0,0.9702038764953613,0.9702038764953613,0.0,0.0,0.0,0.0,0.0,0.52,24.15,62.8,1646.498,137,Hopper-v5,9107,Agente_4
446.1979715824127,69,1825264,584.7485377395129,1183.3368877918942,40.13729039029703,205.96629213483146,0.0007959794020280242,0.0,0.9702038764953613,0.2114231288433075,7067,0.5,0.99,0.0074955108976050375,4.907592171889085,0.691794903920247,-0.0654168929045017,8.046697605573215,0.0074955108976050375,0.691794903920247,4.907592171889085,1.0,0.0007959794020280242,0.0007959794020280242,0.0,0.2114231288433075,0.2114231288433075,0.0,0.9702038764953613,0.9702038764953613,0.0,0.0,0.0,0.0,0.0,0.37000000000000005,34.26666666666667,64.7,1662.342,138,Hopper-v5,9107,Agente_4
448.0850942134857,70,1832336,669.6259648842483,1183.3368877918942,65.05859229878533,228.21,0.0007959794020280242,0.0,0.9702038764953613,0.2114231288433075,7067,0.5,0.99,0.007404857891504854,4.8082893188183125,0.6001181231095241,-0.04611399494684659,8.182803238355197,0.007404857891504854,0.6001181231095241,4.8082893188183125,1.0,0.0007959794020280242,0.0007959794020280242,0.0,0.2114231288433075,0.2114231288433075,0.0,0.9702038764953613,0.9702038764953613,0.0,0.0,0.0,0.0,0.0,0.11,42.4,67.0,1715.943,139,Hopper-v5,9107,Agente_4
449.73612666130066,71,1839408,677.8753449757526,1157.0836183643137,65.05859229878533,226.72,0.0007959794020280242,0.0,0.9702038764953613,0.2114231288433075,7067,0.5,0.99,0.008291657684626093,4.68952567760761,0.6187334835529328,-0.06385288325926432,7.650791006821852,0.008291657684626093,0.6187334835529328,4.68952567760761,1.0,0.0007959794020280242,0.0007959794020280242,0.0,0.2114231288433075,0.2114231288433075,0.0,0.9702038764953613,0.9702038764953613,0.0,0.0,0.0,0.0,0.0,0.4366666666666666,26.733333333333334,65.76666666666667,1701.256,140,Hopper-v5,9107,Agente_4
451.70677280426025,72,1846480,695.5157877698516,1180.7403659730971,304.83104373237916,228.29,0.0007959794020280242,0.0,0.9702038764953613,0.2114231288433075,7067,0.5,0.99,0.006767567450207515,4.7460966697105995,0.7935601651668549,-0.03047878398345067,7.680098992127639,0.006767567450207515,0.7935601651668549,4.7460966697105995,1.0,0.0007959794020280242,0.0007959794020280242,0.0,0.2114231288433075,0.2114231288433075,0.0,0.9702038764953613,0.9702038764953613,0.0,0.0,0.0,0.0,0.0,0.3066666666666667,28.53333333333333,64.43333333333332,1743.823,141,Hopper-v5,9107,Agente_4
453.83546113967896,73,1853552,680.2281407663376,1180.7403659730971,297.190813700322,223.24,0.0007959794020280242,0.0,0.9702038764953613,0.2114231288433075,7067,0.5,0.99,0.007494893494479654,4.65766597527724,0.7750961881417494,-0.056024469091342045,7.91155408345736,0.007494893494479654,0.7750961881417494,4.65766597527724,1.0,0.0007959794020280242,0.0007959794020280242,0.0,0.2114231288433075,0.2114231288433075,0.0,0.9702038764953613,0.9702038764953613,0.0,0.0,0.0,0.0,0.0,0.2866666666666667,41.699999999999996,65.73333333333333,1796.372,142,Hopper-v5,9107,Agente_4
455.87976694107056,74,1860624,694.8954266657865,1180.7403659730971,30.04562963997414,224.23,0.0007959794020280242,0.0,0.9702038764953613,0.2114231288433075,7067,0.5,0.99,0.00732293827986723,4.636810911618746,0.7683323089893047,-0.05806040746661333,7.568656675632184,0.00732293827986723,0.7683323089893047,4.636810911618746,1.0,0.0007959794020280242,0.0007959794020280242,0.0,0.2114231288433075,0.2114231288433075,0.0,0.9702038764953613,0.9702038764953613,0.0,0.0,0.0,0.0,0.0,0.7533333333333333,35.43333333333333,69.83333333333333,1825.822,143,Hopper-v5,9107,Agente_4
457.56741428375244,75,1867696,356.9283277243283,705.9983923633858,39.585410625688525,142.65217391304347,0.0007959794020280242,0.0,0.9702038764953613,0.2114231288433075,7067,0.5,0.99,0.009085637824431522,4.471608004203209,0.18470293237612798,-0.009454794457325569,7.48338701908405,0.009085637824431522,0.18470293237612798,4.471608004203209,1.0,0.0007959794020280242,0.0007959794020280242,0.0,0.2114231288433075,0.2114231288433075,0.0,0.9702038764953613,0.9702038764953613,0.0,0.0,0.0,0.0,0.0,0.2866666666666667,16.3,56.833333333333336,1679.721,144,Hopper-v5,9107,Agente_4
459.0418031215668,76,1874768,509.4163896276849,1219.4416786363913,34.47675764142771,189.67307692307693,0.0007959794020280242,0.0,0.9702038764953613,0.2114231288433075,7067,0.5,0.99,0.007562163505924847,4.717022341948289,0.40577914164616513,-0.03320722015431294,7.3657608288985035,0.007562163505924847,0.40577914164616513,4.717022341948289,1.0,0.0007959794020280242,0.0007959794020280242,0.0,0.2114231288433075,0.2114231288433075,0.0,0.9702038764953613,0.9702038764953613,0.0,0.0,0.0,0.0,0.0,0.5,30.1,59.2,1570.601,145,Hopper-v5,9107,Agente_4
460.9710714817047,77,1881840,540.9654342512096,1219.4416786363913,34.47675764142771,197.70238095238096,0.0007959794020280242,0.0,0.9702038764953613,0.2114231288433075,7067,0.5,0.99,0.006725156378790696,4.796310131366436,0.6065503221291763,-0.018136957230476234,6.742375887357271,0.006725156378790696,0.6065503221291763,4.796310131366436,1.0,0.0007959794020280242,0.0007959794020280242,0.0,0.2114231288433075,0.2114231288433075,0.0,0.9702038764953613,0.9702038764953613,0.0,0.0,0.0,0.0,0.0,0.03333333333333333,38.96666666666667,62.6,1687.378,146,Hopper-v5,9107,Agente_4
462.28275990486145,78,1888912,617.9863772736373,1219.4416786363913,34.47675764142771,219.09,0.0007959794020280242,0.0,0.9702038764953613,0.2114231288433075,7067,0.5,0.99,0.008102822285945877,4.719616724894597,0.6999088658736302,-0.06102029062234438,6.464029950361986,0.008102822285945877,0.6999088658736302,4.719616724894597,1.0,0.0007959794020280242,0.0007959794020280242,0.0,0.2114231288433075,0.2114231288433075,0.0,0.9702038764953613,0.9702038764953613,0.0,0.0,0.0,0.0,0.0,0.5,22.5,64.45,1590.755,147,Hopper-v5,9107,Agente_4
463.9350211620331,79,1895984,674.2819179026768,1219.4416786363913,137.66489027262085,229.31,0.0007959794020280242,0.0,0.9702038764953613,0.2114231288433075,7067,0.5,0.99,0.007340769263142787,4.777536227152898,0.6784813780051011,-0.02622634324316795,6.694151203448956,0.007340769263142787,0.6784813780051011,4.777536227152898,1.0,0.0007959794020280242,0.0007959794020280242,0.0,0.2114231288433075,0.2114231288433075,0.0,0.9702038764953613,0.9702038764953613,0.0,0.0,0.0,0.0,0.0,0.4,34.8,62.5,1600.19,148,Hopper-v5,9107,Agente_4
465.66726541519165,80,1903056,692.6238773598062,1147.3757854112516,137.66489027262085,230.52,0.0007959794020280242,0.0,0.9702038764953613,0.2114231288433075,7067,0.5,0.99,0.006741335768814539,4.661103406319252,0.6815729003686172,-0.03307053819298744,6.479216737013597,0.006741335768814539,0.6815729003686172,4.661103406319252,1.0,0.0007959794020280242,0.0007959794020280242,0.0,0.2114231288433075,0.2114231288433075,0.0,0.9702038764953613,0.9702038764953613,0.0,0.0,0.0,0.0,0.0,0.0,42.05,61.0,1620.31,149,Hopper-v5,9107,Agente_4
467.6483795642853,81,1910128,707.810257508553,1255.6820999316456,132.35649683369226,231.72,0.0007959794020280242,0.0,0.9702038764953613,0.2114231288433075,7067,0.5,0.99,0.008022487655286499,4.6539259800544155,0.7819114950987008,-0.00974499901326803,6.568025038792537,0.008022487655286499,0.7819114950987008,4.6539259800544155,1.0,0.0007959794020280242,0.0007959794020280242,0.0,0.2114231288433075,0.2114231288433075,0.0,0.9702038764953613,0.9702038764953613,0.0,0.0,0.0,0.0,0.0,0.5733333333333334,39.666666666666664,64.63333333333334,1670.047,150,Hopper-v5,9107,Agente_4
459.22102665901184,69,1910424,392.79972294808493,460.5419181966334,308.62274314147055,158.33333333333334,0.0009882075246423483,0.0,0.9760618209838867,0.22260333597660065,6164,0.5,0.99,0.009099718438423299,4.298864034811656,0.6579440062244734,-0.02412252202630043,4.192069751024246,0.009099718438423299,0.6579440062244734,4.298864034811656,1.0,0.0009882075246423483,0.0009882075246423483,0.0,0.22260333597660065,0.22260333597660065,0.0,0.9760618209838867,0.9760618209838867,0.0,0.0,0.0,0.0,0.0,0.43333333333333335,13.033333333333333,65.53333333333335,1779.875,151,Hopper-v5,9107,Agente_4
461.3678095340729,70,1916592,760.3765243068309,1114.0920433581866,34.12928577046001,260.71875,0.0009882075246423483,0.0,0.9760618209838867,0.22260333597660065,6164,0.5,0.99,0.009485818047323846,4.853529516855875,0.7709971865018209,-0.03233872883332272,5.697061578432719,0.009485818047323846,0.7709971865018209,4.853529516855875,1.0,0.0009882075246423483,0.0009882075246423483,0.0,0.22260333597660065,0.22260333597660065,0.0,0.9760618209838867,0.9760618209838867,0.0,0.0,0.0,0.0,0.0,0.049999999999999996,50.76666666666666,67.76666666666667,1957.946,152,Hopper-v5,9107,Agente_4
462.8928735256195,71,1922760,748.1065172942566,1329.2203728120965,34.12928577046001,255.8490566037736,0.0009882075246423483,0.0,0.9760618209838867,0.22260333597660065,6164,0.5,0.99,0.011221066287316717,4.765698671340942,0.8431993861993153,-0.029730528065313896,5.309235270818075,0.011221066287316717,0.8431993861993153,4.765698671340942,1.0,0.0009882075246423483,0.0009882075246423483,0.0,0.22260333597660065,0.22260333597660065,0.0,0.9760618209838867,0.9760618209838867,0.0,0.0,0.0,0.0,0.0,0.84,35.35,70.95,1810.545,153,Hopper-v5,9107,Agente_4
464.1365559101105,72,1928928,760.1090198393058,1374.411073112685,34.12928577046001,261.57894736842104,0.0009882075246423483,0.0,0.9760618209838867,0.22260333597660065,6164,0.5,0.99,0.00809723090812137,4.742201177279155,0.7927385037144025,-0.031174764099220435,5.229492036501567,0.00809723090812137,0.7927385037144025,4.742201177279155,1.0,0.0009882075246423483,0.0009882075246423483,0.0,0.22260333597660065,0.22260333597660065,0.0,0.9760618209838867,0.9760618209838867,0.0,0.0,0.0,0.0,0.0,0.25333333333333335,21.900000000000002,66.56666666666666,1665.605,154,Hopper-v5,9107,Agente_4
465.816468000412,73,1935096,771.1514884969691,1374.411073112685,34.12928577046001,263.06,0.0009882075246423483,0.0,0.9760618209838867,0.22260333597660065,6164,0.5,0.99,0.009097936095986369,4.7072481393814085,0.796349328259627,-0.04086842325826486,5.484504214922587,0.009097936095986369,0.796349328259627,4.7072481393814085,1.0,0.0009882075246423483,0.0009882075246423483,0.0,0.22260333597660065,0.22260333597660065,0.0,0.9760618209838867,0.9760618209838867,0.0,0.0,0.0,0.0,0.0,0.11,34.650000000000006,58.8,1666.544,155,Hopper-v5,9107,Agente_4
467.2113564014435,74,1941264,779.4146759300467,1374.411073112685,34.12928577046001,262.99,0.0009882075246423483,0.0,0.9760618209838867,0.22260333597660065,6164,0.5,0.99,0.007781150341300721,4.579238927364349,0.8271942526102066,-0.03053798695715765,5.2221768279870355,0.007781150341300721,0.8271942526102066,4.579238927364349,1.0,0.0009882075246423483,0.0009882075246423483,0.0,0.22260333597660065,0.22260333597660065,0.0,0.9760618209838867,0.9760618209838867,0.0,0.0,0.0,0.0,0.0,0.17,32.45,60.5,1619.127,156,Hopper-v5,9107,Agente_4
468.66566801071167,75,1947432,804.939040031773,1374.411073112685,118.78990019713285,268.12,0.0009882075246423483,0.0,0.9760618209838867,0.22260333597660065,6164,0.5,0.99,0.009094876834387833,4.561728938420614,0.9310369789600372,-0.0341254017315805,5.29419378042221,0.009094876834387833,0.9310369789600372,4.561728938420614,1.0,0.0009882075246423483,0.0009882075246423483,0.0,0.22260333597660065,0.22260333597660065,0.0,0.9760618209838867,0.9760618209838867,0.0,0.0,0.0,0.0,0.0,0.52,28.650000000000002,62.6,1593.996,157,Hopper-v5,9107,Agente_4
470.4429874420166,76,1953600,808.0543581913427,1230.415447594131,118.78990019713285,264.2,0.0009882075246423483,0.0,0.9760618209838867,0.22260333597660065,6164,0.5,0.99,0.009730298851354745,4.490777595837911,0.8991686796148618,-0.03310032735268275,5.245963869492213,0.009730298851354745,0.8991686796148618,4.490777595837911,1.0,0.0009882075246423483,0.0009882075246423483,0.0,0.22260333597660065,0.22260333597660065,0.0,0.9760618209838867,0.9760618209838867,0.0,0.0,0.0,0.0,0.0,0.06666666666666667,36.96666666666667,64.60000000000001,1615.616,158,Hopper-v5,9107,Agente_4
472.02368903160095,77,1959768,798.8390762864168,1333.2170024146217,118.78990019713285,259.61,0.0009882075246423483,0.0,0.9760618209838867,0.22260333597660065,6164,0.5,0.99,0.008004566077640144,4.51186515490214,0.8940849463144939,-0.02929758056998253,4.941599833965301,0.008004566077640144,0.8940849463144939,4.51186515490214,1.0,0.0009882075246423483,0.0009882075246423483,0.0,0.22260333597660065,0.22260333597660065,0.0,0.9760618209838867,0.9760618209838867,0.0,0.0,0.0,0.0,0.0,0.47,34.9,66.1,1610.711,159,Hopper-v5,9107,Agente_4
473.2285029888153,78,1965936,294.1058353880334,420.769047083693,128.6814910524603,137.5,0.0009882075246423483,0.0,0.9760618209838867,0.22260333597660065,6164,0.5,0.99,0.01347175967530417,4.2933943947156274,0.46121465365091957,-0.03403092504789432,6.2655772050221765,0.01347175967530417,0.46121465365091957,4.2933943947156274,1.0,0.0009882075246423483,0.0009882075246423483,0.0,0.22260333597660065,0.22260333597660065,0.0,0.9760618209838867,0.9760618209838867,0.0,0.0,0.0,0.0,0.0,0.14,9.5,53.7,1197.29,160,Hopper-v5,9107,Agente_4
474.195431470871,79,1972104,705.689328185791,1166.4653848226103,128.6814910524603,245.35294117647058,0.0009882075246423483,0.0,0.9760618209838867,0.22260333597660065,6164,0.5,0.99,0.01240447035706893,4.781358778476715,0.5310343156258265,-0.03583470590723058,6.956714161237081,0.01240447035706893,0.5310343156258265,4.781358778476715,1.0,0.0009882075246423483,0.0009882075246423483,0.0,0.22260333597660065,0.22260333597660065,0.0,0.9760618209838867,0.9760618209838867,0.0,0.0,0.0,0.0,0.0,0.0,11.2,48.3,1078.423,161,Hopper-v5,9107,Agente_4
475.15093660354614,80,1978272,704.4074962670884,1166.4653848226103,128.6814910524603,247.1551724137931,0.0009882075246423483,0.0,0.9760618209838867,0.22260333597660065,6164,0.5,0.99,0.012161370410588764,4.610884694258372,0.4343106473485629,-0.03503019427880645,7.041573003927867,0.012161370410588764,0.4343106473485629,4.610884694258372,1.0,0.0009882075246423483,0.0009882075246423483,0.0,0.22260333597660065,0.22260333597660065,0.0,0.9760618209838867,0.9760618209838867,0.0,0.0,0.0,0.0,0.0,0.0,12.8,48.0,1034.586,162,Hopper-v5,9107,Agente_4
476.099458694458,81,1984440,731.0738829569639,1234.4885716026567,128.6814910524603,252.725,0.0009882075246423483,0.0,0.9760618209838867,0.22260333597660065,6164,0.5,0.99,0.010887703788436435,4.681613945960999,0.6111704404155414,-0.036447238797942795,7.232266434033712,0.010887703788436435,0.6111704404155414,4.681613945960999,1.0,0.0009882075246423483,0.0009882075246423483,0.0,0.22260333597660065,0.22260333597660065,0.0,0.9760618209838867,0.9760618209838867,0.0,0.0,0.0,0.0,0.0,0.0,11.9,47.9,1011.293,163,Hopper-v5,9107,Agente_4
477.07935214042664,82,1990608,757.5729590744817,1745.8293931831863,138.46537848622003,259.9,0.0009882075246423483,0.0,0.9760618209838867,0.22260333597660065,6164,0.5,0.99,0.009070576329395407,4.53780943552653,0.6430751765767734,-0.031167106640835603,6.726746793588003,0.009070576329395407,0.6430751765767734,4.53780943552653,1.0,0.0009882075246423483,0.0009882075246423483,0.0,0.22260333597660065,0.22260333597660065,0.0,0.9760618209838867,0.9760618209838867,0.0,0.0,0.0,0.0,0.0,0.0,9.35,47.8,1003.397,164,Hopper-v5,9107,Agente_4
478.0560736656189,83,1996776,784.0560329053832,1745.8293931831863,138.46537848622003,266.17,0.0009882075246423483,0.0,0.9760618209838867,0.22260333597660065,6164,0.5,0.99,0.01037602879635718,4.535987520217896,0.618860035141309,-0.035910742543637755,7.071253184477488,0.01037602879635718,0.618860035141309,4.535987520217896,1.0,0.0009882075246423483,0.0009882075246423483,0.0,0.22260333597660065,0.22260333597660065,0.0,0.9760618209838867,0.9760618209838867,0.0,0.0,0.0,0.0,0.0,0.0,15.3,48.0,997.621,165,Hopper-v5,9107,Agente_4
479.03801941871643,84,2002944,801.5896218982892,1745.8293931831863,138.46537848622003,267.96,0.0009882075246423483,0.0,0.9760618209838867,0.22260333597660065,6164,0.5,0.99,0.009646587156566966,4.690207723776499,0.7239695052305858,-0.03590350138644378,7.2657065153121945,0.009646587156566966,0.7239695052305858,4.690207723776499,1.0,0.0009882075246423483,0.0009882075246423483,0.0,0.22260333597660065,0.22260333597660065,0.0,0.9760618209838867,0.9760618209838867,0.0,0.0,0.0,0.0,0.0,0.0,10.5,47.7,994.245,166,Hopper-v5,9107,Agente_4
