time_total_s,training_iteration,timesteps_total,env_runners/episode_return_mean,env_runners/episode_return_max,env_runners/episode_return_min,env_runners/episode_len_mean,config/lr,config/entropy_coeff,config/lambda,config/clip_param,config/train_batch_size,config/vf_loss_coeff,config/gamma,info/learner/default_policy/learner_stats/kl,info/learner/default_policy/learner_stats/entropy,info/learner/default_policy/learner_stats/vf_explained_var,info/learner/default_policy/learner_stats/policy_loss,info/learner/default_policy/learner_stats/vf_loss,custom_metrics/policy_update_state,custom_metrics/policy_update_state_raw,custom_metrics/policy_update_state_valid,custom_metrics/policy_update_health,custom_metrics/policy_kl,custom_metrics/vf_explained_var,custom_metrics/policy_entropy,custom_metrics/coda_guided_update,custom_metrics/coda_gp_data_count,custom_metrics/coda_o2i_uncertainty_raw,custom_metrics/coda_o2i_uncertainty_thresholded,custom_metrics/coda_o2i_warmup_gain,custom_metrics/coda_o2i_uncertainty_effective,custom_metrics/coda_entropy_increment,custom_metrics/coda_base_entropy_coeff,custom_metrics/coda_applied_entropy_coeff,custom_metrics/coda_desired_train_batch_size,custom_metrics/coda_effective_train_batch_size,custom_metrics/coda_mismatch_train_batch_size,custom_metrics/coda_desired_lr,custom_metrics/coda_effective_lr,custom_metrics/coda_mismatch_lr,custom_metrics/coda_desired_clip_param,custom_metrics/coda_effective_clip_param,custom_metrics/coda_mismatch_clip_param,custom_metrics/coda_desired_lambda,custom_metrics/coda_effective_lambda,custom_metrics/coda_mismatch_lambda,custom_metrics/coda_desired_entropy_coeff,custom_metrics/coda_effective_entropy_coeff,custom_metrics/coda_mismatch_entropy_coeff,custom_metrics/coda_effective_hp_mismatch_count,perf/gpu_util_percent0,perf/cpu_util_percent,perf/ram_util_percent,timers/training_iteration_time_ms,causal_order,entorno,semilla,agente_id
14.086735486984253,1,46848,14.438476070877481,218.24084499618493,1.2255161656727,19.2472049689441,1.067073147579695e-05,0.0,0.9324665166570727,0.3448961159822288,46845,0.5,0.99,0.01737837791212599,4.240241777503884,0.045245661185337946,-0.020055392331310682,6.646378764477405,0.47814665151483643,0.47814665151483643,1.0,0.47814665151483643,0.01737837791212599,0.045245661185337946,4.240241777503884,0.0,0.0,0.0,0.0,0.0,0.0,0.0,0.0,0.0,46845.0,46845.0,0.0,1.067073147579695e-05,1.067073147579695e-05,0.0,0.3448961159822288,0.3448961159822288,0.0,0.9324665166570727,0.9324665166570727,0.0,0.0,0.0,0.0,0.0,0.5445,46.809999999999995,57.9,14061.095,0,Hopper-v5,9845,Agente_1
25.698185443878174,2,93696,27.268783205905052,244.52952963703217,0.9093537558916582,25.49400218102508,1.067073147579695e-05,0.0,0.9324665166570727,0.3448961159822288,46845,0.5,0.99,0.018286554444155098,4.1549189405126885,0.008225082958137595,-0.019632766467447466,7.806313991022634,0.46776898192430577,0.4366359731527139,1.0,0.4366359731527139,0.018286554444155098,0.008225082958137595,4.1549189405126885,0.0,0.0,0.0,0.0,0.0,0.0,0.0,0.0,0.0,46845.0,46845.0,0.0,1.067073147579695e-05,1.067073147579695e-05,0.0,0.3448961159822288,0.3448961159822288,0.0,0.9324665166570727,0.9324665166570727,0.0,0.0,0.0,0.0,0.0,0.6599999999999999,39.0125,60.21875,12820.188,1,Hopper-v5,9845,Agente_1
36.93665361404419,3,140544,48.204505922118784,329.87037255348196,1.810390282459257,34.77994011976048,1.067073147579695e-05,0.0,0.9324665166570727,0.3448961159822288,46845,0.5,0.99,0.017176264273290012,4.08824207494547,-0.027315265988255594,-0.025782983234295478,8.725077914143657,0.47280397895364656,0.487908970041669,1.0,0.487908970041669,0.017176264273290012,-0.027315265988255594,4.08824207494547,0.0,0.0,0.0,0.0,0.0,0.0,0.0,0.0,0.0,46845.0,46845.0,0.0,1.067073147579695e-05,1.067073147579695e-05,0.0,0.3448961159822288,0.3448961159822288,0.0,0.9324665166570727,0.9324665166570727,0.0,0.0,0.0,0.0,0.0,0.7306250000000001,40.300000000000004,60.125,12253.035,2,Hopper-v5,9845,Agente_1
48.53618359565735,4,187392,91.259787272009,321.0430770437902,3.2662402092448115,52.10538116591928,1.067073147579695e-05,0.0,0.9324665166570727,0.3448961159822288,46845,0.5,0.99,0.015282930190109515,4.01808796610151,-0.03615792596733177,-0.01804261837195564,9.338548983060397,0.5020056255136588,0.5896105651936954,1.0,0.5896105651936954,0.015282930190109515,-0.03615792596733177,4.01808796610151,0.0,0.0,0.0,0.0,0.0,0.0,0.0,0.0,0.0,46845.0,46845.0,0.0,1.067073147579695e-05,1.067073147579695e-05,0.0,0.3448961159822288,0.3448961159822288,0.0,0.9324665166570727,0.9324665166570727,0.0,0.0,0.0,0.0,0.0,0.715,35.84375,60.1875,12083.836,3,Hopper-v5,9845,Agente_1
60.885045766830444,5,234240,132.04211860934103,305.26714583102904,4.540459770435761,67.71861471861472,1.067073147579695e-05,0.0,0.9324665166570727,0.3448961159822288,46845,0.5,0.99,0.01595876707747566,3.9599907193865094,-0.02618253027999794,-0.023248323687649036,9.656571529723786,0.5142740237855371,0.5510792186011718,1.0,0.5510792186011718,0.01595876707747566,-0.02618253027999794,3.9599907193865094,0.0,0.0,0.0,0.0,0.0,0.0,0.0,0.0,0.0,46845.0,46845.0,0.0,1.067073147579695e-05,1.067073147579695e-05,0.0,0.3448961159822288,0.3448961159822288,0.0,0.9324665166570727,0.9324665166570727,0.0,0.0,0.0,0.0,0.0,0.6699999999999999,39.28823529411765,60.24117647058823,12132.515,4,Hopper-v5,9845,Agente_1
74.08365178108215,6,281088,170.0836594919597,276.2112027735386,3.2929045505842343,80.6522491349481,1.067073147579695e-05,0.0,0.9324665166570727,0.3448961159822288,46845,0.5,0.99,0.011791845385044946,3.9074576152549994,-0.06458041484539326,-0.015013370533975272,9.748515541998895,0.5946934228142662,0.8359516199004533,1.0,0.8359516199004533,0.011791845385044946,-0.06458041484539326,3.9074576152549994,0.0,0.0,0.0,0.0,0.0,0.0,0.0,0.0,0.0,46845.0,46845.0,0.0,1.067073147579695e-05,1.067073147579695e-05,0.0,0.3448961159822288,0.3448961159822288,0.0,0.9324665166570727,0.9324665166570727,0.0,0.0,0.0,0.0,0.0,0.6066666666666668,39.03333333333333,60.33888888888888,12307.017,5,Hopper-v5,9845,Agente_1
86.9872305393219,7,327936,188.26388538333944,269.50077486444644,10.176291034296467,86.4860853432282,1.067073147579695e-05,0.0,0.9324665166570727,0.3448961159822288,46845,0.5,0.99,0.008046930292955674,3.8754758051463534,-0.1024192751108945,-0.006940798328391143,9.809176228072618,0.6960200671106996,1.0,1.0,1.0,0.008046930292955674,-0.1024192751108945,3.8754758051463534,0.0,0.0,0.0,0.0,0.0,0.0,0.0,0.0,0.0,46845.0,46845.0,0.0,1.067073147579695e-05,1.067073147579695e-05,0.0,0.3448961159822288,0.3448961159822288,0.0,0.9324665166570727,0.9324665166570727,0.0,0.0,0.0,0.0,0.0,0.6938888888888889,35.888888888888886,60.28888888888888,12390.118,6,Hopper-v5,9845,Agente_1
100.42736673355103,8,374784,199.44833840206257,278.6416209962079,4.2859785430378095,89.45247148288973,1.067073147579695e-05,0.0,0.9324665166570727,0.3448961159822288,46845,0.5,0.99,0.005294687057426774,3.858370745575035,-0.07180763319298461,-0.006106076639268425,9.827501382932558,0.7720150503330248,1.0,1.0,1.0,0.005294687057426774,-0.07180763319298461,3.858370745575035,0.0,0.0,0.0,0.0,0.0,0.0,0.0,0.0,0.0,46845.0,46845.0,0.0,1.067073147579695e-05,1.067073147579695e-05,0.0,0.3448961159822288,0.3448961159822288,0.0,0.9324665166570727,0.9324665166570727,0.0,0.0,0.0,0.0,0.0,0.598421052631579,38.92631578947368,60.35263157894738,12519.104,7,Hopper-v5,9845,Agente_1
114.63763904571533,9,421632,204.3879125478032,285.47778862403254,24.77707729627766,91.09514563106796,1.067073147579695e-05,0.0,0.9324665166570727,0.3448961159822288,46845,0.5,0.99,0.005986925626511905,3.854285554047469,-0.022793662351566355,-0.003284525195812131,9.830378266219254,0.8290112877497686,1.0,1.0,1.0,0.005986925626511905,-0.022793662351566355,3.854285554047469,0.0,0.0,0.0,0.0,0.0,0.0,0.0,0.0,0.0,46845.0,46845.0,0.0,1.067073147579695e-05,1.067073147579695e-05,0.0,0.3448961159822288,0.3448961159822288,0.0,0.9324665166570727,0.9324665166570727,0.0,0.0,0.0,0.0,0.0,0.672,38.00000000000001,60.360000000000014,12705.257,8,Hopper-v5,9845,Agente_1
127.3435914516449,10,468480,206.01602999702118,286.87497933904496,50.26785386117349,91.25,1.067073147579695e-05,0.0,0.9324665166570727,0.3448961159822288,46845,0.5,0.99,0.006757071053689397,3.8599424165683787,0.02497164024101509,-0.004758774492234647,9.832716084574605,0.8717584658123265,1.0,1.0,1.0,0.006757071053689397,0.02497164024101509,3.8599424165683787,0.0,0.0,0.0,0.0,0.0,0.0,0.0,0.0,0.0,46845.0,46845.0,0.0,1.067073147579695e-05,1.067073147579695e-05,0.0,0.3448961159822288,0.3448961159822288,0.0,0.9324665166570727,0.9324665166570727,0.0,0.0,0.0,0.0,0.0,0.5805882352941176,39.77058823529412,60.35294117647059,12703.913,9,Hopper-v5,9845,Agente_1
139.8919701576233,11,515328,211.34575335977112,302.695429639697,53.79621240246005,92.95256916996047,1.067073147579695e-05,0.0,0.9324665166570727,0.3448961159822288,46845,0.5,0.99,0.008104904399132033,3.856526013521048,0.07424763506585424,-0.006923235302975217,9.838520723908813,0.903818849359245,1.0,1.0,1.0,0.008104904399132033,0.07424763506585424,3.856526013521048,0.0,0.0,0.0,0.0,0.0,0.0,0.0,0.0,0.0,46845.0,46845.0,0.0,1.067073147579695e-05,1.067073147579695e-05,0.0,0.3448961159822288,0.3448961159822288,0.0,0.9324665166570727,0.9324665166570727,0.0,0.0,0.0,0.0,0.0,0.8005555555555556,39.05555555555556,60.42777777777778,12550.785,10,Hopper-v5,9845,Agente_1
150.29865169525146,12,562176,215.49105689043395,307.7479413287027,49.99801058178296,93.6144578313253,1.067073147579695e-05,0.0,0.9324665166570727,0.3448961159822288,46845,0.5,0.99,0.008116431871552436,3.8460579709692317,0.09515305488974184,-0.006522321729705884,9.84293323977963,0.9278641370194337,1.0,1.0,1.0,0.008116431871552436,0.09515305488974184,3.8460579709692317,0.0,0.0,0.0,0.0,0.0,0.0,0.0,0.0,0.0,46845.0,46845.0,0.0,1.067073147579695e-05,1.067073147579695e-05,0.0,0.3448961159822288,0.3448961159822288,0.0,0.9324665166570727,0.9324665166570727,0.0,0.0,0.0,0.0,0.0,0.8442857142857143,36.33571428571429,60.34285714285712,12431.699,11,Hopper-v5,9845,Agente_1
163.54191184043884,13,609024,221.5590835559621,329.7516917788549,55.57057686729665,95.29268292682927,1.067073147579695e-05,0.0,0.9324665166570727,0.3448961159822288,46845,0.5,0.99,0.0061433307487542416,3.8286958925016634,0.1388381595139975,-0.005981622552396832,9.849642070309146,0.9458981027645753,1.0,1.0,1.0,0.0061433307487542416,0.1388381595139975,3.8286958925016634,0.0,0.0,0.0,0.0,0.0,0.0,0.0,0.0,0.0,46845.0,46845.0,0.0,1.067073147579695e-05,1.067073147579695e-05,0.0,0.3448961159822288,0.3448961159822288,0.0,0.9324665166570727,0.9324665166570727,0.0,0.0,0.0,0.0,0.0,0.666842105263158,36.64736842105263,58.65263157894737,12642.586,12,Hopper-v5,9845,Agente_1
175.8300793170929,14,655872,226.93917751548258,320.42804597088127,40.488968785656105,96.33884297520662,1.067073147579695e-05,0.0,0.9324665166570727,0.3448961159822288,46845,0.5,0.99,0.008172332841791311,3.8210050438786602,0.16031617057192457,-0.0066458843771245455,9.85576640537807,0.9594235770734315,1.0,1.0,1.0,0.008172332841791311,0.16031617057192457,3.8210050438786602,0.0,0.0,0.0,0.0,0.0,0.0,0.0,0.0,0.0,46845.0,46845.0,0.0,1.067073147579695e-05,1.067073147579695e-05,0.0,0.3448961159822288,0.3448961159822288,0.0,0.9324665166570727,0.9324665166570727,0.0,0.0,0.0,0.0,0.0,0.5099999999999999,41.11176470588235,58.56470588235294,12712.252,13,Hopper-v5,9845,Agente_1
187.9871482849121,15,702720,242.99551389419216,348.0507638869729,47.435798883380684,100.20171673819742,1.067073147579695e-05,0.0,0.9324665166570727,0.3448961159822288,46845,0.5,0.99,0.00972272746814571,3.8044920688147075,0.19206501795695377,-0.009153987735427999,9.865660816234547,0.9695676828050737,1.0,1.0,1.0,0.00972272746814571,0.19206501795695377,3.8044920688147075,0.0,0.0,0.0,0.0,0.0,0.0,0.0,0.0,0.0,46845.0,46845.0,0.0,1.067073147579695e-05,1.067073147579695e-05,0.0,0.3448961159822288,0.3448961159822288,0.0,0.9324665166570727,0.9324665166570727,0.0,0.0,0.0,0.0,0.0,0.738125,40.33125,59.89375,12693.68,14,Hopper-v5,9845,Agente_1
200.40915656089783,16,749568,257.47864033731634,417.28383460708795,41.86912700168616,103.54746136865342,1.067073147579695e-05,0.0,0.9324665166570727,0.3448961159822288,46845,0.5,0.99,0.009152024177821589,3.7630339774456654,0.21455324731030306,-0.008256084810696788,9.873174523783254,0.9771757621038053,1.0,1.0,1.0,0.009152024177821589,0.21455324731030306,3.7630339774456654,0.0,0.0,0.0,0.0,0.0,0.0,0.0,0.0,0.0,46845.0,46845.0,0.0,1.067073147579695e-05,1.067073147579695e-05,0.0,0.3448961159822288,0.3448961159822288,0.0,0.9324665166570727,0.9324665166570727,0.0,0.0,0.0,0.0,0.0,0.831764705882353,37.33529411764705,59.55294117647058,12616.356,15,Hopper-v5,9845,Agente_1
213.5367305278778,17,796416,279.92470016682194,353.73973952971204,47.659549740165644,109.4319248826291,1.067073147579695e-05,0.0,0.9324665166570727,0.3448961159822288,46845,0.5,0.99,0.0076422793915159005,3.7763657724464332,0.20137872532173828,-0.006633425780295671,9.881412489335615,0.982881821577854,1.0,1.0,1.0,0.0076422793915159005,0.20137872532173828,3.7763657724464332,0.0,0.0,0.0,0.0,0.0,0.0,0.0,0.0,0.0,46845.0,46845.0,0.0,1.067073147579695e-05,1.067073147579695e-05,0.0,0.3448961159822288,0.3448961159822288,0.0,0.9324665166570727,0.9324665166570727,0.0,0.0,0.0,0.0,0.0,0.6605555555555556,41.722222222222214,57.82222222222222,12638.871,16,Hopper-v5,9845,Agente_1
223.5615532398224,18,843264,293.8770342864818,364.46783759009145,153.49582773468,112.49047619047619,1.067073147579695e-05,0.0,0.9324665166570727,0.3448961159822288,46845,0.5,0.99,0.00660429081714168,3.7512575634233243,0.18557254193903325,-0.004527371409502658,9.885660009069758,0.9871613661833905,1.0,1.0,1.0,0.00660429081714168,0.18557254193903325,3.7512575634233243,0.0,0.0,0.0,0.0,0.0,0.0,0.0,0.0,0.0,46845.0,46845.0,0.0,1.067073147579695e-05,1.067073147579695e-05,0.0,0.3448961159822288,0.3448961159822288,0.0,0.9324665166570727,0.9324665166570727,0.0,0.0,0.0,0.0,0.0,0.28785714285714287,33.142857142857146,44.085714285714275,12297.907,17,Hopper-v5,9845,Agente_1
234.59984350204468,19,890112,304.69343581225473,360.38966830972646,45.97105593850436,115.10594315245478,1.067073147579695e-05,0.0,0.9324665166570727,0.3448961159822288,46845,0.5,0.99,0.005450806651989446,3.7502414855328237,0.19160832867517577,-0.003308308738601077,9.89376653419746,1.0,1.0,1.0,1.0,0.005450806651989446,0.19160832867517577,3.7502414855328237,0.0,0.0,0.0,0.0,0.0,0.0,0.0,0.0,0.0,46845.0,46845.0,0.0,1.067073147579695e-05,1.067073147579695e-05,0.0,0.3448961159822288,0.3448961159822288,0.0,0.9324665166570727,0.9324665166570727,0.0,0.0,0.0,0.0,0.0,0.371875,33.8875,49.825,11019.831,18,Hopper-v5,9845,Agente_1
243.8442370891571,38,913752,440.8687450093397,578.1645569733718,320.4964026289134,150.7263157894737,0.0008053436176851392,0.0,0.9605687260627747,0.2106424868106842,44249,0.5,0.99,0.011900185098598193,3.884362507143686,0.9798295522845069,-0.008002253391151858,3.9885857426842977,0.8091792747001445,0.8269438271873801,1.0,0.8269438271873801,0.011900185098598193,0.9798295522845069,3.884362507143686,1.0,51.0,0.0,0.0,0.0,0.0,0.0,0.0,0.0,44249.0,44249.0,0.0,0.0008053436176851392,0.0008053436176851392,0.0,0.2106424868106842,0.2106424868106842,0.0,0.9605687260627747,0.9605687260627747,0.0,0.0,0.0,0.0,0.0,0.18153846153846154,35.06923076923077,40.50769230769231,8647.179,19,Hopper-v5,9845,Agente_1
254.6108980178833,39,958008,449.95733016667356,622.3498016215007,217.94204225969287,152.37894736842105,0.0008053436176851392,0.0,0.9605687260627747,0.2106424868106842,44249,0.5,0.99,0.01059312671977967,3.915837789413541,0.974976337510486,-0.010821288368166532,4.304247290311857,0.8424874703359644,0.9424120572434241,1.0,0.9424120572434241,0.01059312671977967,0.974976337510486,3.915837789413541,1.0,51.0,0.0,0.0,0.0,0.0,0.0,0.0,0.0,44249.0,44249.0,0.0,0.0008053436176851392,0.0008053436176851392,0.0,0.2106424868106842,0.2106424868106842,0.0,0.9605687260627747,0.9605687260627747,0.0,0.0,0.0,0.0,0.0,0.44499999999999995,36.57857142857143,52.042857142857144,9699.788,20,Hopper-v5,9845,Agente_1
266.37624430656433,40,1002264,461.67374310201245,580.1387458742371,82.5160045264943,154.48771929824562,0.0008053436176851392,0.0,0.9605687260627747,0.2106424868106842,44249,0.5,0.99,0.009637245424557985,3.915709212214448,0.978680927462356,-0.00948651703291161,4.519249822927076,0.8818656027519733,1.0,1.0,1.0,0.009637245424557985,0.978680927462356,3.915709212214448,1.0,51.0,0.0,0.0,0.0,0.0,0.0,0.0,0.0,44249.0,44249.0,0.0,0.0008053436176851392,0.0008053436176851392,0.0,0.2106424868106842,0.2106424868106842,0.0,0.9605687260627747,0.9605687260627747,0.0,0.0,0.0,0.0,0.0,0.5323529411764706,36.694117647058825,56.25294117647059,10382.728,21,Hopper-v5,9845,Agente_1
277.1393880844116,41,1046520,464.9467218580409,590.490371850551,222.10683729707236,154.7112676056338,0.0008053436176851392,0.0,0.9605687260627747,0.2106424868106842,44249,0.5,0.99,0.01062992376221087,3.9272608845732933,0.984114924142527,-0.009587711222513125,4.238096370530683,0.8961368600674489,0.9389506320138751,1.0,0.9389506320138751,0.01062992376221087,0.984114924142527,3.9272608845732933,1.0,51.0,0.0,0.0,0.0,0.0,0.0,0.0,0.0,44249.0,44249.0,0.0,0.0008053436176851392,0.0008053436176851392,0.0,0.2106424868106842,0.2106424868106842,0.0,0.9605687260627747,0.9605687260627747,0.0,0.0,0.0,0.0,0.0,0.37600000000000006,31.906666666666663,46.24,10473.683,22,Hopper-v5,9845,Agente_1
286.11576557159424,42,1090776,480.88029601890855,637.5863592328111,338.93826790679367,158.65637065637065,0.0008053436176851392,0.0,0.9605687260627747,0.2106424868106842,44249,0.5,0.99,0.009910669250733287,3.9454971127731855,0.9744582311358563,-0.009736510145283022,5.43878105268922,0.8524433179032995,1.0,1.0,1.0,0.009910669250733287,0.9744582311358563,3.9454971127731855,1.0,51.0,0.0,0.0,0.0,0.0,0.0,0.0,0.0,44249.0,44249.0,0.0,0.0008053436176851392,0.0008053436176851392,0.0,0.2106424868106842,0.2106424868106842,0.0,0.9605687260627747,0.9605687260627747,0.0,0.0,0.0,0.0,0.0,0.33,29.88461538461538,45.38461538461539,8958.709,23,Hopper-v5,9845,Agente_1
284.019996881485,47,1069304,551.3728553392975,779.0335644394072,53.59429855086266,173.33846153846153,0.00038472370943054557,0.0,0.932592511177063,0.4986568093299866,25635,0.5,0.99,0.009321313163454898,3.8078832297325134,0.9757148549556732,-0.026256822768598795,3.6571451795101164,0.8783889939983985,1.0,1.0,1.0,0.009321313163454898,0.9757148549556732,3.8078832297325134,1.0,64.0,0.0,0.0,0.0,0.0,0.0,0.0,0.0,25635.0,25635.0,0.0,0.00038472370943054557,0.00038472370943054557,0.0,0.4986568093299866,0.4986568093299866,0.0,0.932592511177063,0.932592511177063,0.0,0.0,0.0,0.0,0.0,0.2866666666666667,28.188888888888886,45.13333333333333,6124.567,24,Hopper-v5,9845,Agente_1
294.33146381378174,49,1120584,587.1707437113514,784.2113398129034,127.72216334339474,182.68,0.00038472370943054557,0.0,0.932592511177063,0.4986568093299866,25635,0.5,0.99,0.010733146367711166,3.805039107322693,0.9722058454751968,-0.023576967598870395,4.049770686149597,0.8607160913561238,0.9293083894309009,1.0,0.9293083894309009,0.010733146367711166,0.9722058454751968,3.805039107322693,1.0,64.0,0.0,0.0,0.0,0.0,0.0,0.0,0.0,25635.0,25635.0,0.0,0.00038472370943054557,0.00038472370943054557,0.0,0.4986568093299866,0.4986568093299866,0.0,0.932592511177063,0.932592511177063,0.0,0.0,0.0,0.0,0.0,0.66125,25.75,47.8125,5397.405,25,Hopper-v5,9845,Agente_1
302.15188550949097,50,1146224,604.7832561288333,919.1826439421906,349.46393178060737,186.25735294117646,0.00038472370943054557,0.0,0.932592511177063,0.4986568093299866,25635,0.5,0.99,0.012315115806506583,3.8438071665763855,0.9867382926940917,-0.02168835313990712,4.144363742828369,0.8438704455500212,0.7933335081317133,1.0,0.7933335081317133,0.012315115806506583,0.9867382926940917,3.8438071665763855,1.0,64.0,0.0,0.0,0.0,0.0,0.0,0.0,0.0,25635.0,25635.0,0.0,0.00038472370943054557,0.00038472370943054557,0.0,0.4986568093299866,0.4986568093299866,0.0,0.932592511177063,0.932592511177063,0.0,0.0,0.0,0.0,0.0,0.4090909090909091,39.23636363636364,52.63636363636363,6603.7,26,Hopper-v5,9845,Agente_1
309.42430663108826,51,1171864,610.937242160218,834.7466175860219,457.7172101967393,187.95035460992906,0.00038472370943054557,0.0,0.932592511177063,0.4986568093299866,25635,0.5,0.99,0.012965830809465987,3.861339635848999,0.9894514162540435,-0.023911602673120796,4.11979552936554,0.81874130070144,0.7433538661556963,1.0,0.7433538661556963,0.012965830809465987,0.9894514162540435,3.861339635848999,1.0,64.0,0.0,0.0,0.0,0.0,0.0,0.0,0.0,25635.0,25635.0,0.0,0.00038472370943054557,0.00038472370943054557,0.0,0.4986568093299866,0.4986568093299866,0.0,0.932592511177063,0.932592511177063,0.0,0.0,0.0,0.0,0.0,0.821,35.480000000000004,54.52,6821.724,27,Hopper-v5,9845,Agente_1
315.478718996048,52,1197504,650.025433562749,925.3474001337889,520.4912974341202,199.55555555555554,0.00038472370943054557,0.0,0.932592511177063,0.4986568093299866,25635,0.5,0.99,0.012644896674319313,3.857183337211609,0.9862887501716614,-0.026060203161090614,4.2037007021904,0.805955370546291,0.7675975800808434,1.0,0.7675975800808434,0.012644896674319313,0.9862887501716614,3.857183337211609,1.0,64.0,0.0,0.0,0.0,0.0,0.0,0.0,0.0,25635.0,25635.0,0.0,0.00038472370943054557,0.00038472370943054557,0.0,0.4986568093299866,0.4986568093299866,0.0,0.932592511177063,0.932592511177063,0.0,0.0,0.0,0.0,0.0,0.47250000000000003,35.125,50.599999999999994,6627.316,28,Hopper-v5,9845,Agente_1
320.9014446735382,53,1223144,680.9629108802611,1354.8167455901855,528.435985454973,210.42857142857142,0.00038472370943054557,0.0,0.932592511177063,0.4986568093299866,25635,0.5,0.99,0.013004289390694052,3.842681641101837,0.9879163892269135,-0.02676087652891874,4.204092319488526,0.8135141247346228,0.7405005229448971,1.0,0.7405005229448971,0.013004289390694052,0.9879163892269135,3.842681641101837,1.0,64.0,0.0,0.0,0.0,0.0,0.0,0.0,0.0,25635.0,25635.0,0.0,0.00038472370943054557,0.00038472370943054557,0.0,0.4986568093299866,0.4986568093299866,0.0,0.932592511177063,0.932592511177063,0.0,0.0,0.0,0.0,0.0,0.33625,28.137500000000003,44.0125,5413.728,29,Hopper-v5,9845,Agente_1
325.96893787384033,54,1248784,694.5982112695664,991.8584749655846,440.9225461042746,214.19166666666666,0.00038472370943054557,0.0,0.932592511177063,0.4986568093299866,25635,0.5,0.99,0.01186955899484019,3.876093240737915,0.9819672634601593,-0.027873123627156018,4.317174106121064,0.8175056725731525,0.8294803160887416,1.0,0.8294803160887416,0.01186955899484019,0.9819672634601593,3.876093240737915,1.0,64.0,0.0,0.0,0.0,0.0,0.0,0.0,0.0,25635.0,25635.0,0.0,0.00038472370943054557,0.00038472370943054557,0.0,0.4986568093299866,0.4986568093299866,0.0,0.932592511177063,0.932592511177063,0.0,0.0,0.0,0.0,0.0,0.41571428571428576,28.857142857142858,42.91428571428572,5233.285,30,Hopper-v5,9845,Agente_1
331.5339217185974,55,1274424,732.7999755034934,1404.8073082881497,542.0120282161931,225.1958762886598,0.00038472370943054557,0.0,0.932592511177063,0.4986568093299866,25635,0.5,0.99,0.01302426672523161,3.791404709815979,0.9884081503152847,-0.02732549449056387,4.256029812812805,0.8131446632334953,0.7390226769403871,1.0,0.7390226769403871,0.01302426672523161,0.9884081503152847,3.791404709815979,1.0,64.0,0.0,0.0,0.0,0.0,0.0,0.0,0.0,25635.0,25635.0,0.0,0.00038472370943054557,0.00038472370943054557,0.0,0.4986568093299866,0.4986568093299866,0.0,0.932592511177063,0.932592511177063,0.0,0.0,0.0,0.0,0.0,0.13874999999999998,28.5875,43.787499999999994,5555.487,31,Hopper-v5,9845,Agente_1
336.99293661117554,56,1300064,748.1065088479429,1496.2321542608506,297.154556495854,229.89285714285714,0.00038472370943054557,0.0,0.932592511177063,0.4986568093299866,25635,0.5,0.99,0.011737429060274735,3.7947876200675963,0.9808638709783554,-0.022431954983621837,4.234690018177033,0.8199867375998753,0.8405129606990147,1.0,0.8405129606990147,0.011737429060274735,0.9808638709783554,3.7947876200675963,1.0,64.0,0.0,0.0,0.0,0.0,0.0,0.0,0.0,25635.0,25635.0,0.0,0.00038472370943054557,0.00038472370943054557,0.0,0.4986568093299866,0.4986568093299866,0.0,0.932592511177063,0.932592511177063,0.0,0.0,0.0,0.0,0.0,0.4425,33.8625,48.125,5502.035,32,Hopper-v5,9845,Agente_1
343.92024517059326,57,1325704,786.4424007687319,1597.8737816884127,334.76854547068814,240.5888888888889,0.00038472370943054557,0.0,0.932592511177063,0.4986568093299866,25635,0.5,0.99,0.010072697601950663,3.7702956686019897,0.9890633820295334,-0.021495087899267674,3.888523391723633,0.8765781441469058,0.992756600594029,1.0,0.992756600594029,0.010072697601950663,0.9890633820295334,3.7702956686019897,1.0,64.0,0.0,0.0,0.0,0.0,0.0,0.0,0.0,25635.0,25635.0,0.0,0.00038472370943054557,0.00038472370943054557,0.0,0.4986568093299866,0.4986568093299866,0.0,0.932592511177063,0.932592511177063,0.0,0.0,0.0,0.0,0.0,0.623,31.689999999999998,56.970000000000006,6911.567,33,Hopper-v5,9845,Agente_1
350.65685200691223,58,1351344,819.2949977338626,1478.6748408937453,586.6285355234298,249.7128712871287,0.00038472370943054557,0.0,0.932592511177063,0.4986568093299866,25635,0.5,0.99,0.013582238793969737,3.8480391192436216,0.9874026480913162,-0.02510159930586815,4.1492765474319455,0.8321627542267319,0.6989165844662102,1.0,0.6989165844662102,0.013582238793969737,0.9874026480913162,3.8480391192436216,1.0,64.0,0.0,0.0,0.0,0.0,0.0,0.0,0.0,25635.0,25635.0,0.0,0.00038472370943054557,0.00038472370943054557,0.0,0.4986568093299866,0.4986568093299866,0.0,0.932592511177063,0.932592511177063,0.0,0.0,0.0,0.0,0.0,0.5189999999999999,41.66,58.2,6816.843,34,Hopper-v5,9845,Agente_1
356.948801279068,59,1376984,814.5931547850582,1944.588032419126,591.5586082146448,248.00980392156862,0.00038472370943054557,0.0,0.932592511177063,0.4986568093299866,25635,0.5,0.99,0.011955199599673677,3.85787868976593,0.9907476953268051,-0.023848557341843844,3.9792893104553224,0.8297237977162759,0.8224069281849082,1.0,0.8224069281849082,0.011955199599673677,0.9907476953268051,3.85787868976593,1.0,64.0,0.0,0.0,0.0,0.0,0.0,0.0,0.0,25635.0,25635.0,0.0,0.00038472370943054557,0.00038472370943054557,0.0,0.4986568093299866,0.4986568093299866,0.0,0.932592511177063,0.932592511177063,0.0,0.0,0.0,0.0,0.0,0.6025,36.8875,58.2,6637.173,35,Hopper-v5,9845,Agente_1
362.89221572875977,60,1402624,833.6411318210123,1757.7268084435766,563.0291683940526,253.63106796116506,0.00038472370943054557,0.0,0.932592511177063,0.4986568093299866,25635,0.5,0.99,0.011166734498343602,3.8673537135124207,0.9894703977108001,-0.024748819567263127,4.073525853157044,0.8447617819850111,0.8898757347912161,1.0,0.8898757347912161,0.011166734498343602,0.9894703977108001,3.8673537135124207,1.0,64.0,0.0,0.0,0.0,0.0,0.0,0.0,0.0,25635.0,25635.0,0.0,0.00038472370943054557,0.00038472370943054557,0.0,0.4986568093299866,0.4986568093299866,0.0,0.932592511177063,0.932592511177063,0.0,0.0,0.0,0.0,0.0,0.4788888888888889,37.67777777777778,58.133333333333326,6461.216,36,Hopper-v5,9845,Agente_1
364.6616847515106,65,1408528,1020.1508946091358,1525.6596821262558,607.4600852320066,310.0,0.0007681892602704465,0.0,0.9645729064941406,0.3480866551399231,16523,0.5,0.99,0.015119418569520635,3.9012366212904452,0.9777586299926042,-0.024741785746300593,3.8800177596509458,0.6634908489577924,0.5993306337422728,1.0,0.5993306337422728,0.015119418569520635,0.9777586299926042,3.9012366212904452,1.0,90.0,0.0,0.0,0.0,0.0,0.0,0.0,0.0,16523.0,16523.0,0.0,0.0007681892602704465,0.0007681892602704465,0.0,0.3480866551399231,0.3480866551399231,0.0,0.9645729064941406,0.9645729064941406,0.0,0.0,0.0,0.0,0.0,0.304,18.439999999999998,33.839999999999996,2997.854,37,Hopper-v5,9845,Agente_1
367.57678508758545,66,1425056,1240.182862147939,2953.2798249575612,607.4600852320066,382.5211267605634,0.0007681892602704465,0.0,0.9645729064941406,0.3480866551399231,16523,0.5,0.99,0.014261133300487927,4.008395307511091,0.9667963290587067,-0.014479754058993422,4.24932407438755,0.6608787188702975,0.6530423286078125,1.0,0.6530423286078125,0.014261133300487927,0.9667963290587067,4.008395307511091,1.0,90.0,0.0,0.0,0.0,0.0,0.0,0.0,0.0,16523.0,16523.0,0.0,0.0007681892602704465,0.0007681892602704465,0.0,0.3480866551399231,0.3480866551399231,0.0,0.9645729064941406,0.9645729064941406,0.0,0.0,0.0,0.0,0.0,0.11250000000000002,24.925,37.074999999999996,2950.815,38,Hopper-v5,9845,Agente_1
370.92226552963257,67,1441584,1252.1332588072555,2953.2798249575612,608.72964465414,385.13,0.0007681892602704465,0.0,0.9645729064941406,0.3480866551399231,16523,0.5,0.99,0.01717572750862075,4.021541574597359,0.9838403595611454,-0.02116228139202576,4.375188688188791,0.617642829146285,0.48793515997424763,1.0,0.48793515997424763,0.01717572750862075,0.9838403595611454,4.021541574597359,1.0,90.0,0.0,0.0,0.0,0.0,0.0,0.0,0.0,16523.0,16523.0,0.0,0.0007681892602704465,0.0007681892602704465,0.0,0.3480866551399231,0.3480866551399231,0.0,0.9645729064941406,0.9645729064941406,0.0,0.0,0.0,0.0,0.0,0.1075,28.950000000000003,40.150000000000006,3078.452,39,Hopper-v5,9845,Agente_1
374.14513754844666,68,1458112,1122.1995175974625,2448.684527973974,593.7633704745501,343.18,0.0007681892602704465,0.0,0.9645729064941406,0.3480866551399231,16523,0.5,0.99,0.016537726922319963,4.041703055799007,0.9527275880798698,-0.020542625537200366,4.486646476387977,0.5932521141695416,0.5200799692393115,1.0,0.5200799692393115,0.016537726922319963,0.9527275880798698,4.041703055799007,1.0,90.0,0.0,0.0,0.0,0.0,0.0,0.0,0.0,16523.0,16523.0,0.0,0.0007681892602704465,0.0007681892602704465,0.0,0.3480866551399231,0.3480866551399231,0.0,0.9645729064941406,0.9645729064941406,0.0,0.0,0.0,0.0,0.0,0.294,33.56,45.86,3112.083,40,Hopper-v5,9845,Agente_1
377.90065264701843,69,1474640,992.2491535344498,1670.4154862027406,183.46340396113794,305.2083333333333,0.0007681892602704465,0.0,0.9645729064941406,0.3480866551399231,16523,0.5,0.99,0.016579072318745884,4.011374433338642,0.9143526617437601,-0.017653240589424968,5.187115567177534,0.6431417197975691,0.5179341171013794,1.0,0.5179341171013794,0.016579072318745884,0.9143526617437601,4.011374433338642,1.0,90.0,0.0,0.0,0.0,0.0,0.0,0.0,0.0,16523.0,16523.0,0.0,0.0007681892602704465,0.0007681892602704465,0.0,0.3480866551399231,0.3480866551399231,0.0,0.9645729064941406,0.9645729064941406,0.0,0.0,0.0,0.0,0.0,0.29666666666666663,26.8,44.083333333333336,3742.524,41,Hopper-v5,9845,Agente_1
380.83010029792786,70,1491168,1193.6271320315495,2593.0857227004476,183.46340396113794,365.68055555555554,0.0007681892602704465,0.0,0.9645729064941406,0.3480866551399231,16523,0.5,0.99,0.015547792533106985,4.018426512181759,0.9673173284158111,-0.02274609321029857,5.383846177905798,0.6259060397820659,0.5741989997355568,1.0,0.5741989997355568,0.015547792533106985,0.9673173284158111,4.018426512181759,1.0,90.0,0.0,0.0,0.0,0.0,0.0,0.0,0.0,16523.0,16523.0,0.0,0.0007681892602704465,0.0007681892602704465,0.0,0.3480866551399231,0.3480866551399231,0.0,0.9645729064941406,0.9645729064941406,0.0,0.0,0.0,0.0,0.0,0.3325,27.45,45.875,3330.009,42,Hopper-v5,9845,Agente_1
385.25746297836304,71,1507696,1271.461311380459,2593.0857227004476,183.46340396113794,387.37,0.0007681892602704465,0.0,0.9645729064941406,0.3480866551399231,16523,0.5,0.99,0.016163157474363744,4.017866358160973,0.9814463622868062,-0.022043991595273836,5.332650929689407,0.6044120338886863,0.5399300162085471,1.0,0.5399300162085471,0.016163157474363744,0.9814463622868062,4.017866358160973,1.0,90.0,0.0,0.0,0.0,0.0,0.0,0.0,0.0,16523.0,16523.0,0.0,0.0007681892602704465,0.0007681892602704465,0.0,0.3480866551399231,0.3480866551399231,0.0,0.9645729064941406,0.9645729064941406,0.0,0.0,0.0,0.0,0.0,0.31666666666666665,33.61666666666667,43.03333333333333,3691.55,43,Hopper-v5,9845,Agente_1
389.43344950675964,72,1524224,1262.4367395745628,2734.450014049049,616.1149107577579,380.6,0.0007681892602704465,0.0,0.9645729064941406,0.3480866551399231,16523,0.5,0.99,0.015000407694560635,3.989718471467495,0.9762954093515873,-0.023520526837091892,5.334499929845333,0.6049355084894188,0.6065059322916162,1.0,0.6065059322916162,0.015000407694560635,0.9762954093515873,3.989718471467495,1.0,90.0,0.0,0.0,0.0,0.0,0.0,0.0,0.0,16523.0,16523.0,0.0,0.0007681892602704465,0.0007681892602704465,0.0,0.3480866551399231,0.3480866551399231,0.0,0.9645729064941406,0.9645729064941406,0.0,0.0,0.0,0.0,0.0,0.29,35.050000000000004,48.9,3809.412,44,Hopper-v5,9845,Agente_1
393.7360293865204,73,1540752,1135.0827266640495,1672.1611490817816,667.8430355153541,341.84615384615387,0.0007681892602704465,0.0,0.9645729064941406,0.3480866551399231,16523,0.5,0.99,0.012097112013180167,3.980931705981493,0.9384487513452768,-0.01922437268658541,4.7766519386321304,0.7163627843818675,0.8108183754385734,1.0,0.8108183754385734,0.012097112013180167,0.9384487513452768,3.980931705981493,1.0,90.0,0.0,0.0,0.0,0.0,0.0,0.0,0.0,16523.0,16523.0,0.0,0.0007681892602704465,0.0007681892602704465,0.0,0.3480866551399231,0.3480866551399231,0.0,0.9645729064941406,0.9645729064941406,0.0,0.0,0.0,0.0,0.0,0.27285714285714285,28.599999999999998,43.74285714285715,4294.169,45,Hopper-v5,9845,Agente_1
396.55809211730957,74,1557280,1232.134639110849,2647.2039435444003,62.486646773528484,373.1014492753623,0.0007681892602704465,0.0,0.9645729064941406,0.3480866551399231,16523,0.5,0.99,0.015874018968719383,4.054205330461263,0.9516392152756452,-0.021215112280333414,5.481401150673628,0.6762144274618025,0.5557693567016078,1.0,0.5557693567016078,0.015874018968719383,0.9516392152756452,4.054205330461263,1.0,90.0,0.0,0.0,0.0,0.0,0.0,0.0,0.0,16523.0,16523.0,0.0,0.0007681892602704465,0.0007681892602704465,0.0,0.3480866551399231,0.3480866551399231,0.0,0.9645729064941406,0.9645729064941406,0.0,0.0,0.0,0.0,0.0,0.4433333333333333,28.53333333333333,46.599999999999994,3553.571,46,Hopper-v5,9845,Agente_1
400.0714445114136,75,1573808,1254.9726467830444,2647.2039435444003,62.486646773528484,379.08,0.0007681892602704465,0.0,0.9645729064941406,0.3480866551399231,16523,0.5,0.99,0.01426799400017984,4.031544736027717,0.961546172015369,-0.020169194968184458,5.109383292496204,0.6703094329796776,0.652594449533303,1.0,0.652594449533303,0.01426799400017984,0.961546172015369,4.031544736027717,1.0,90.0,0.0,0.0,0.0,0.0,0.0,0.0,0.0,16523.0,16523.0,0.0,0.0007681892602704465,0.0007681892602704465,0.0,0.3480866551399231,0.3480866551399231,0.0,0.9645729064941406,0.9645729064941406,0.0,0.0,0.0,0.0,0.0,0.376,32.44,43.78,3536.711,47,Hopper-v5,9845,Agente_1
404.3692226409912,76,1590336,1276.3547549575112,2442.117508085319,632.6026094362371,383.82,0.0007681892602704465,0.0,0.9645729064941406,0.3480866551399231,16523,0.5,0.99,0.01800409047740459,4.002665036916733,0.9713088035583496,-0.020334911020472645,5.03595116212964,0.615018375911127,0.44914520470547503,1.0,0.44914520470547503,0.01800409047740459,0.9713088035583496,4.002665036916733,1.0,90.0,0.0,0.0,0.0,0.0,0.0,0.0,0.0,16523.0,16523.0,0.0,0.0007681892602704465,0.0007681892602704465,0.0,0.3480866551399231,0.3480866551399231,0.0,0.9645729064941406,0.9645729064941406,0.0,0.0,0.0,0.0,0.0,0.40166666666666667,33.36666666666667,49.083333333333336,3723.47,48,Hopper-v5,9845,Agente_1
408.54545545578003,77,1606864,1118.550487937744,1492.3189765364098,711.8947084113229,337.9166666666667,0.0007681892602704465,0.0,0.9645729064941406,0.3480866551399231,16523,0.5,0.99,0.01819729048147594,3.965902827680111,0.9739705584943295,-0.022140178593690506,4.672796584665775,0.6237959421340318,0.4405510064472305,1.0,0.4405510064472305,0.01819729048147594,0.9739705584943295,3.965902827680111,1.0,90.0,0.0,0.0,0.0,0.0,0.0,0.0,0.0,16523.0,16523.0,0.0,0.0007681892602704465,0.0007681892602704465,0.0,0.3480866551399231,0.3480866551399231,0.0,0.9645729064941406,0.9645729064941406,0.0,0.0,0.0,0.0,0.0,0.3566666666666667,44.73333333333334,47.949999999999996,4163.012,49,Hopper-v5,9845,Agente_1
412.567503452301,78,1623392,1298.3814016815063,3233.9348767200568,711.8947084113229,391.0,0.0007681892602704465,0.0,0.9645729064941406,0.3480866551399231,16523,0.5,0.99,0.015811779856647945,4.067596837878227,0.9760635167360305,-0.024120939656859262,5.056276210770011,0.6076567572592491,0.5592392026349007,1.0,0.5592392026349007,0.015811779856647945,0.9760635167360305,4.067596837878227,1.0,90.0,0.0,0.0,0.0,0.0,0.0,0.0,0.0,16523.0,16523.0,0.0,0.0007681892602704465,0.0007681892602704465,0.0,0.3480866551399231,0.3480866551399231,0.0,0.9645729064941406,0.9645729064941406,0.0,0.0,0.0,0.0,0.0,0.5066666666666667,36.3,51.23333333333334,4088.072,50,Hopper-v5,9845,Agente_1
416.97850704193115,79,1639920,1315.8493027140257,3233.9348767200568,337.6392788000886,395.3,0.0007681892602704465,0.0,0.9645729064941406,0.3480866551399231,16523,0.5,0.99,0.014648413839995555,4.079705715179443,0.9757813407108188,-0.020229439850663767,4.950215452164412,0.6128012542868916,0.6282347453698193,1.0,0.6282347453698193,0.014648413839995555,0.9757813407108188,4.079705715179443,1.0,90.0,0.0,0.0,0.0,0.0,0.0,0.0,0.0,16523.0,16523.0,0.0,0.0007681892602704465,0.0007681892602704465,0.0,0.3480866551399231,0.3480866551399231,0.0,0.9645729064941406,0.9645729064941406,0.0,0.0,0.0,0.0,0.0,0.44333333333333336,33.93333333333333,49.61666666666667,4191.324,51,Hopper-v5,9845,Agente_1
422.1304190158844,80,1656448,1310.6695817234474,3233.9348767200568,337.6392788000886,391.77,0.0007681892602704465,0.0,0.9645729064941406,0.3480866551399231,16523,0.5,0.99,0.018000682579827298,4.077942717820406,0.9867232484742999,-0.019657866351190025,5.130666380375624,0.5719255144339864,0.44929829487527106,1.0,0.44929829487527106,0.018000682579827298,0.9867232484742999,4.077942717820406,1.0,90.0,0.0,0.0,0.0,0.0,0.0,0.0,0.0,16523.0,16523.0,0.0,0.0007681892602704465,0.0007681892602704465,0.0,0.3480866551399231,0.3480866551399231,0.0,0.9645729064941406,0.9645729064941406,0.0,0.0,0.0,0.0,0.0,0.48571428571428577,43.32857142857143,55.87142857142857,4428.877,52,Hopper-v5,9845,Agente_1
427.10836577415466,81,1672976,1210.8226910887786,2562.5336390377333,653.4018424099784,360.53,0.0007681892602704465,0.0,0.9645729064941406,0.3480866551399231,16523,0.5,0.99,0.01722056140960717,4.08676603063941,0.9849119324237108,-0.031554312590742484,5.271725260466337,0.5503822490577382,0.48575245292899355,1.0,0.48575245292899355,0.01722056140960717,0.9849119324237108,4.08676603063941,1.0,90.0,0.0,0.0,0.0,0.0,0.0,0.0,0.0,16523.0,16523.0,0.0,0.0007681892602704465,0.0007681892602704465,0.0,0.3480866551399231,0.3480866551399231,0.0,0.9645729064941406,0.9645729064941406,0.0,0.0,0.0,0.0,0.0,0.5757142857142857,40.9,57.98571428571429,4536.192,53,Hopper-v5,9845,Agente_1
431.1670970916748,82,1689504,1194.9495431079454,2562.5336390377333,57.608222412603766,355.45,0.0007681892602704465,0.0,0.9645729064941406,0.3480866551399231,16523,0.5,0.99,0.01548595032315916,4.118922901153565,0.9662322320044041,-0.01968145774444565,5.025914803892374,0.5572269307724687,0.5777609759166599,1.0,0.5777609759166599,0.01548595032315916,0.9662322320044041,4.118922901153565,1.0,90.0,0.0,0.0,0.0,0.0,0.0,0.0,0.0,16523.0,16523.0,0.0,0.0007681892602704465,0.0007681892602704465,0.0,0.3480866551399231,0.3480866551399231,0.0,0.9645729064941406,0.9645729064941406,0.0,0.0,0.0,0.0,0.0,0.7999999999999999,37.300000000000004,58.31666666666666,4454.311,54,Hopper-v5,9845,Agente_1
435.4022533893585,83,1706032,1198.891290374261,2490.42861751333,57.608222412603766,357.05,0.0007681892602704465,0.0,0.9645729064941406,0.3480866551399231,16523,0.5,0.99,0.012822015159622424,4.136090277135372,0.9557381063699723,-0.02281746354419738,5.154066933691501,0.606450623494291,0.7541217016597579,1.0,0.7541217016597579,0.012822015159622424,0.9557381063699723,4.136090277135372,1.0,90.0,0.0,0.0,0.0,0.0,0.0,0.0,0.0,16523.0,16523.0,0.0,0.0007681892602704465,0.0007681892602704465,0.0,0.3480866551399231,0.3480866551399231,0.0,0.9645729064941406,0.9645729064941406,0.0,0.0,0.0,0.0,0.0,0.9083333333333333,36.15,58.43333333333333,4421.124,55,Hopper-v5,9845,Agente_1
440.2202389240265,84,1722560,1257.7907922192471,2530.535209729392,57.608222412603766,373.87,0.0007681892602704465,0.0,0.9645729064941406,0.3480866551399231,16523,0.5,0.99,0.016065797851968,4.105112838000059,0.9524717848747969,-0.023971746070310475,5.237784072011709,0.5911410744732782,0.5452124274102399,1.0,0.5452124274102399,0.016065797851968,0.9524717848747969,4.105112838000059,1.0,90.0,0.0,0.0,0.0,0.0,0.0,0.0,0.0,16523.0,16523.0,0.0,0.0007681892602704465,0.0007681892602704465,0.0,0.3480866551399231,0.3480866551399231,0.0,0.9645729064941406,0.9645729064941406,0.0,0.0,0.0,0.0,0.0,0.6857142857142858,32.31428571428572,56.300000000000004,4469.444,56,Hopper-v5,9845,Agente_1
443.9489691257477,85,1739088,1339.4762298357005,1733.8260091070902,889.5947141107321,399.0,0.0007681892602704465,0.0,0.9645729064941406,0.3480866551399231,16523,0.5,0.99,0.011954026635794757,3.984528674930334,0.9173989530652762,-0.04306432879820932,4.051510614901781,0.7192840403233998,0.8225033992047022,1.0,0.8225033992047022,0.011954026635794757,0.9173989530652762,3.984528674930334,1.0,90.0,0.0,0.0,0.0,0.0,0.0,0.0,0.0,16523.0,16523.0,0.0,0.0007681892602704465,0.0007681892602704465,0.0,0.3480866551399231,0.3480866551399231,0.0,0.9645729064941406,0.9645729064941406,0.0,0.0,0.0,0.0,0.0,0.6333333333333333,29.05,50.599999999999994,3716.915,57,Hopper-v5,9845,Agente_1
447.11442589759827,86,1755616,1716.2877587317726,3249.9594897582997,889.5947141107321,511.0232558139535,0.0007681892602704465,0.0,0.9645729064941406,0.3480866551399231,16523,0.5,0.99,0.017901181245326823,4.127704241871834,0.9407364744693041,-0.020909068046603353,4.294063252583146,0.6529108273036044,0.4537911882442183,1.0,0.4537911882442183,0.017901181245326823,0.9407364744693041,4.127704241871834,1.0,90.0,0.0,0.0,0.0,0.0,0.0,0.0,0.0,16523.0,16523.0,0.0,0.0007681892602704465,0.0007681892602704465,0.0,0.3480866551399231,0.3480866551399231,0.0,0.9645729064941406,0.9645729064941406,0.0,0.0,0.0,0.0,0.0,0.3825,29.675,49.3,3434.495,58,Hopper-v5,9845,Agente_1
450.4640772342682,87,1772144,1751.5297679107753,3297.036158398381,360.2464726942353,522.6153846153846,0.0007681892602704465,0.0,0.9645729064941406,0.3480866551399231,16523,0.5,0.99,0.01649641057615554,4.1241372063755986,0.9093998648226261,-0.01978191485395655,4.63152793198824,0.6202414191654619,0.5222331947510345,1.0,0.5222331947510345,0.01649641057615554,0.9093998648226261,4.1241372063755986,1.0,90.0,0.0,0.0,0.0,0.0,0.0,0.0,0.0,16523.0,16523.0,0.0,0.0007681892602704465,0.0007681892602704465,0.0,0.3480866551399231,0.3480866551399231,0.0,0.9645729064941406,0.9645729064941406,0.0,0.0,0.0,0.0,0.0,0.22799999999999998,32.279999999999994,42.24,3403.125,59,Hopper-v5,9845,Agente_1
454.2918622493744,88,1788672,1792.3306844383303,3297.036158398381,360.2464726942353,535.11,0.0007681892602704465,0.0,0.9645729064941406,0.3480866551399231,16523,0.5,0.99,0.01602404732809646,4.1675525195896626,0.8808568034321069,-0.019365405425196512,4.601383931562305,0.6020544334472644,0.5474934762926716,1.0,0.5474934762926716,0.01602404732809646,0.8808568034321069,4.1675525195896626,1.0,90.0,0.0,0.0,0.0,0.0,0.0,0.0,0.0,16523.0,16523.0,0.0,0.0007681892602704465,0.0007681892602704465,0.0,0.3480866551399231,0.3480866551399231,0.0,0.9645729064941406,0.9645729064941406,0.0,0.0,0.0,0.0,0.0,0.29000000000000004,34.040000000000006,47.5,3506.637,60,Hopper-v5,9845,Agente_1
458.3079946041107,89,1805200,1270.6025077360455,1751.934252199878,728.5447346257472,373.625,0.0007681892602704465,0.0,0.9645729064941406,0.3480866551399231,16523,0.5,0.99,0.015259289414825985,4.025272887945175,0.9399376893416047,-0.029595560135203414,3.8837459664791822,0.661409715323898,0.5910060992066953,1.0,0.5910060992066953,0.015259289414825985,0.9399376893416047,4.025272887945175,1.0,90.0,0.0,0.0,0.0,0.0,0.0,0.0,0.0,16523.0,16523.0,0.0,0.0007681892602704465,0.0007681892602704465,0.0,0.3480866551399231,0.3480866551399231,0.0,0.9645729064941406,0.9645729064941406,0.0,0.0,0.0,0.0,0.0,0.815,28.766666666666666,50.75,4006.063,61,Hopper-v5,9845,Agente_1
461.61785221099854,90,1821728,1669.5097114069408,3327.4631531906034,612.0196192875794,492.61224489795916,0.0007681892602704465,0.0,0.9645729064941406,0.3480866551399231,16523,0.5,0.99,0.013839771214850315,4.093189936876297,0.9139430670067668,-0.02822324934240896,4.555456584692001,0.666344039151264,0.6811470106333618,1.0,0.6811470106333618,0.013839771214850315,0.9139430670067668,4.093189936876297,1.0,90.0,0.0,0.0,0.0,0.0,0.0,0.0,0.0,16523.0,16523.0,0.0,0.0007681892602704465,0.0007681892602704465,0.0,0.3480866551399231,0.3480866551399231,0.0,0.9645729064941406,0.9645729064941406,0.0,0.0,0.0,0.0,0.0,0.33199999999999996,33.3,46.26,3651.759,62,Hopper-v5,9845,Agente_1
466.0425615310669,91,1838256,1652.907155275665,3393.3650272602003,558.8032586588349,486.2613636363636,0.0007681892602704465,0.0,0.9645729064941406,0.3480866551399231,16523,0.5,0.99,0.015464340423028489,4.121862059086562,0.9291002659127117,-0.021897496288875117,4.753585132211446,0.6445107447695531,0.5790108616244205,1.0,0.5790108616244205,0.015464340423028489,0.9291002659127117,4.121862059086562,1.0,90.0,0.0,0.0,0.0,0.0,0.0,0.0,0.0,16523.0,16523.0,0.0,0.0007681892602704465,0.0007681892602704465,0.0,0.3480866551399231,0.3480866551399231,0.0,0.9645729064941406,0.9645729064941406,0.0,0.0,0.0,0.0,0.0,0.32,43.833333333333336,49.050000000000004,3905.423,63,Hopper-v5,9845,Agente_1
471.1094970703125,92,1854784,1600.571241024988,3393.3650272602003,212.54008877321894,470.63,0.0007681892602704465,0.0,0.9645729064941406,0.3480866551399231,16523,0.5,0.99,0.017009591285977878,4.054586961120367,0.9223380552604794,-0.023155155242420733,4.683599306643009,0.6074103693180584,0.4961092429635744,1.0,0.4961092429635744,0.017009591285977878,0.9223380552604794,4.054586961120367,1.0,90.0,0.0,0.0,0.0,0.0,0.0,0.0,0.0,16523.0,16523.0,0.0,0.0007681892602704465,0.0007681892602704465,0.0,0.3480866551399231,0.3480866551399231,0.0,0.9645729064941406,0.9645729064941406,0.0,0.0,0.0,0.0,0.0,0.3857142857142857,46.971428571428575,56.58571428571429,4193.099,64,Hopper-v5,9845,Agente_1
475.5903615951538,93,1871312,1555.3251380058243,3444.5446246159486,137.72275303708267,456.15,0.0007681892602704465,0.0,0.9645729064941406,0.3480866551399231,16523,0.5,0.99,0.0160462042752215,4.1133290834724905,0.960598599165678,-0.021961690642638133,5.069396550953388,0.5921282121899953,0.5462817408058065,1.0,0.5462817408058065,0.0160462042752215,0.960598599165678,4.1133290834724905,1.0,90.0,0.0,0.0,0.0,0.0,0.0,0.0,0.0,16523.0,16523.0,0.0,0.0007681892602704465,0.0007681892602704465,0.0,0.3480866551399231,0.3480866551399231,0.0,0.9645729064941406,0.9645729064941406,0.0,0.0,0.0,0.0,0.0,0.735,38.83333333333333,58.383333333333326,4248.519,65,Hopper-v5,9845,Agente_1
479.2790262699127,94,1887840,1489.5050961899833,3444.5446246159486,90.20105406860998,435.8,0.0007681892602704465,0.0,0.9645729064941406,0.3480866551399231,16523,0.5,0.99,0.016614970860075573,4.068955537676811,0.9523668361827731,-0.02447085592721123,4.838376285880804,0.5731156947681738,0.5160781425027091,1.0,0.5160781425027091,0.016614970860075573,0.9523668361827731,4.068955537676811,1.0,90.0,0.0,0.0,0.0,0.0,0.0,0.0,0.0,16523.0,16523.0,0.0,0.0007681892602704465,0.0007681892602704465,0.0,0.3480866551399231,0.3480866551399231,0.0,0.9645729064941406,0.9645729064941406,0.0,0.0,0.0,0.0,0.0,0.96,30.6,58.98,4153.499,66,Hopper-v5,9845,Agente_1
483.87330174446106,95,1904368,1368.2389062187399,3444.5446246159486,90.20105406860998,399.04,0.0007681892602704465,0.0,0.9645729064941406,0.3480866551399231,16523,0.5,0.99,0.0122883004775872,4.085996112972498,0.9324580516666174,-0.02326986664556898,4.867874006181955,0.6287026992907826,0.7954637128586088,1.0,0.7954637128586088,0.0122883004775872,0.9324580516666174,4.085996112972498,1.0,90.0,0.0,0.0,0.0,0.0,0.0,0.0,0.0,16523.0,16523.0,0.0,0.0007681892602704465,0.0007681892602704465,0.0,0.3480866551399231,0.3480866551399231,0.0,0.9645729064941406,0.9645729064941406,0.0,0.0,0.0,0.0,0.0,0.7757142857142857,40.300000000000004,58.82857142857143,4214.92,67,Hopper-v5,9845,Agente_1
488.9129490852356,96,1920896,1235.1195393303144,2837.0642032020423,90.20105406860998,358.82,0.0007681892602704465,0.0,0.9645729064941406,0.3480866551399231,16523,0.5,0.99,0.02097765818480184,4.077024851739407,0.9731298547238112,-0.025627945511951113,5.116320674866438,0.5549309268468303,0.33361560951497365,1.0,0.33361560951497365,0.02097765818480184,0.9731298547238112,4.077024851739407,1.0,90.0,0.0,0.0,0.0,0.0,0.0,0.0,0.0,16523.0,16523.0,0.0,0.0007681892602704465,0.0007681892602704465,0.0,0.3480866551399231,0.3480866551399231,0.0,0.9645729064941406,0.9645729064941406,0.0,0.0,0.0,0.0,0.0,0.5,39.67142857142857,58.89999999999999,4316.341,68,Hopper-v5,9845,Agente_1
476.82358026504517,92,1886208,1472.6543007708306,2876.76532691385,512.2220391478122,427.1818181818182,0.00039010526961646974,0.0,0.9119978547096252,0.46700000762939453,28680,0.5,0.99,0.008399868588510223,4.052175383908408,0.9588963901357991,-0.01927594398480973,3.138688124503408,0.6674991897825099,1.0,1.0,1.0,0.008399868588510223,0.9588963901357991,4.052175383908408,1.0,125.0,0.0,0.0,0.0,0.0,0.0,0.0,0.0,28680.0,28680.0,0.0,0.00039010526961646974,0.00039010526961646974,0.0,0.46700000762939453,0.46700000762939453,0.0,0.9119978547096252,0.9119978547096252,0.0,0.0,0.0,0.0,0.0,0.16,24.1875,40.099999999999994,5318.492,69,Hopper-v5,9845,Agente_1
483.3332004547119,93,1914888,1609.7191759098641,3355.0282743475063,678.9213222515966,468.17,0.00039010526961646974,0.0,0.9119978547096252,0.46700000762939453,28680,0.5,0.99,0.00948944485127754,4.0721427883420676,0.9485086555991854,-0.021208242729439268,3.213858242545809,0.7506243923368824,1.0,1.0,1.0,0.00948944485127754,0.9485086555991854,4.0721427883420676,1.0,125.0,0.0,0.0,0.0,0.0,0.0,0.0,0.0,28680.0,28680.0,0.0,0.00039010526961646974,0.00039010526961646974,0.0,0.46700000762939453,0.46700000762939453,0.0,0.9119978547096252,0.9119978547096252,0.0,0.0,0.0,0.0,0.0,0.11777777777777779,35.64444444444444,42.166666666666664,5909.067,70,Hopper-v5,9845,Agente_1
488.4953236579895,94,1943568,1687.6643661221387,2854.532574257742,205.8413989529681,490.3030303030303,0.00039010526961646974,0.0,0.9119978547096252,0.46700000762939453,28680,0.5,0.99,0.008634981706823917,4.006494983604976,0.9512325419911316,-0.01897336216976068,2.4159546442329884,0.6674991897825099,1.0,1.0,1.0,0.008634981706823917,0.9512325419911316,4.006494983604976,1.0,125.0,0.0,0.0,0.0,0.0,0.0,0.0,0.0,28680.0,28680.0,0.0,0.00039010526961646974,0.00039010526961646974,0.0,0.46700000762939453,0.46700000762939453,0.0,0.9119978547096252,0.9119978547096252,0.0,0.0,0.0,0.0,0.0,0.425,22.9375,41.9875,5153.267,71,Hopper-v5,9845,Agente_1
494.3217451572418,95,1972248,1663.5642869714095,3433.175111077049,136.62758068687197,482.4,0.00039010526961646974,0.0,0.9119978547096252,0.46700000762939453,28680,0.5,0.99,0.008167688338614556,4.030205676811082,0.9535342387855053,-0.018424825273853328,2.879373693040439,0.7506243923368824,1.0,1.0,1.0,0.008167688338614556,0.9535342387855053,4.030205676811082,1.0,125.0,0.0,0.0,0.0,0.0,0.0,0.0,0.0,28680.0,28680.0,0.0,0.00039010526961646974,0.00039010526961646974,0.0,0.46700000762939453,0.46700000762939453,0.0,0.9119978547096252,0.9119978547096252,0.0,0.0,0.0,0.0,0.0,0.0925,35.612500000000004,41.887499999999996,5484.376,72,Hopper-v5,9845,Agente_1
499.90765619277954,96,2000928,1561.7106455052356,2630.3162514945393,699.895942456776,448.14285714285717,0.00039010526961646974,0.0,0.9119978547096252,0.46700000762939453,28680,0.5,0.99,0.010425214532551986,3.9923521637916566,0.9788513764739036,-0.01978040156287274,2.581386141798326,0.6570916660690735,0.9583699051462545,1.0,0.9583699051462545,0.010425214532551986,0.9788513764739036,3.9923521637916566,1.0,125.0,0.0,0.0,0.0,0.0,0.0,0.0,0.0,28680.0,28680.0,0.0,0.00039010526961646974,0.00039010526961646974,0.0,0.46700000762939453,0.46700000762939453,0.0,0.9119978547096252,0.9119978547096252,0.0,0.0,0.0,0.0,0.0,0.7374999999999999,26.05,46.85,5577.09,73,Hopper-v5,9845,Agente_1
8.976668119430542,1,35880,14.277783197497559,218.24084499618493,1.4446117666307332,19.252979414951245,0.0002868860528256031,0.0,0.9863745589079682,0.10515119560162832,35879,0.5,0.99,0.00516697962028307,4.251435035978044,0.25467788219451903,-0.011003468999905246,4.996155919006893,1.0,1.0,1.0,1.0,0.00516697962028307,0.25467788219451903,4.251435035978044,0.0,0.0,0.0,0.0,0.0,0.0,0.0,0.0,0.0,35879.0,35879.0,0.0,0.0002868860528256031,0.0002868860528256031,0.0,0.10515119560162832,0.10515119560162832,0.0,0.9863745589079682,0.9863745589079682,0.0,0.0,0.0,0.0,0.0,0.3038461538461538,46.34615384615385,56.46153846153846,8943.236,0,Hopper-v5,9845,Agente_2
16.974517822265625,2,71760,18.968543129253813,209.74162664540162,2.3779386901121775,22.293200249532127,0.0002868860528256031,0.0,0.9863745589079682,0.10515119560162832,35879,0.5,0.99,0.005450920932697568,4.236305824688503,0.26261929869651796,-0.011658878251910209,5.372585101468222,1.0,1.0,1.0,1.0,0.005450920932697568,0.26261929869651796,4.236305824688503,0.0,0.0,0.0,0.0,0.0,0.0,0.0,0.0,0.0,35879.0,35879.0,0.0,0.0002868860528256031,0.0002868860528256031,0.0,0.10515119560162832,0.10515119560162832,0.0,0.9863745589079682,0.9863745589079682,0.0,0.0,0.0,0.0,0.0,0.9227272727272727,32.53636363636363,60.15454545454545,8454.501,1,Hopper-v5,9845,Agente_2
26.63090443611145,3,107640,31.523523222315124,237.6529926071925,1.9688602180622599,29.450041288191578,0.0002868860528256031,0.0,0.9863745589079682,0.10515119560162832,35879,0.5,0.99,0.00551826924815292,4.200414088112967,0.22307644035134996,-0.009453887082636357,6.766104589189802,1.0,1.0,1.0,1.0,0.00551826924815292,0.22307644035134996,4.200414088112967,0.0,0.0,0.0,0.0,0.0,0.0,0.0,0.0,0.0,35879.0,35879.0,0.0,0.0002868860528256031,0.0002868860528256031,0.0,0.10515119560162832,0.10515119560162832,0.0,0.9863745589079682,0.9863745589079682,0.0,0.0,0.0,0.0,0.0,0.5635714285714285,41.207142857142856,60.14285714285716,8845.537,2,Hopper-v5,9845,Agente_2
37.35598182678223,4,143520,52.64771288994358,363.1192270346433,3.6201617066678096,40.63378684807256,0.0002868860528256031,0.0,0.9863745589079682,0.10515119560162832,35879,0.5,0.99,0.004975023964959427,4.166366097586495,0.1837456945010594,-0.010546300469764642,7.798475570678711,1.0,1.0,1.0,1.0,0.004975023964959427,0.1837456945010594,4.166366097586495,0.0,0.0,0.0,0.0,0.0,0.0,0.0,0.0,0.0,35879.0,35879.0,0.0,0.0002868860528256031,0.0002868860528256031,0.0,0.10515119560162832,0.10515119560162832,0.0,0.9863745589079682,0.9863745589079682,0.0,0.0,0.0,0.0,0.0,0.7464285714285716,40.88571428571428,60.057142857142864,9285.316,3,Hopper-v5,9845,Agente_2
48.39395475387573,5,179400,72.37688880869705,320.0299499872503,3.4343796844754193,49.04311543810849,0.0002868860528256031,0.0,0.9863745589079682,0.10515119560162832,35879,0.5,0.99,0.004885903958363217,4.136188592229571,0.15207815289497376,-0.008529103526047297,8.409698713847568,1.0,1.0,1.0,1.0,0.004885903958363217,0.15207815289497376,4.136188592229571,0.0,0.0,0.0,0.0,0.0,0.0,0.0,0.0,0.0,35879.0,35879.0,0.0,0.0002868860528256031,0.0002868860528256031,0.0,0.10515119560162832,0.10515119560162832,0.0,0.9863745589079682,0.9863745589079682,0.0,0.0,0.0,0.0,0.0,0.7218749999999999,35.48125,60.125,9631.564,4,Hopper-v5,9845,Agente_2
58.6280152797699,6,215280,103.32846625089567,302.0046334198502,1.8940935663270768,61.04957264957265,0.0002868860528256031,0.0,0.9863745589079682,0.10515119560162832,35879,0.5,0.99,0.004995157629351272,4.102480574335371,0.12085289009979792,-0.007932783591427973,8.881721254076277,1.0,1.0,1.0,1.0,0.004995157629351272,0.12085289009979792,4.102480574335371,0.0,0.0,0.0,0.0,0.0,0.0,0.0,0.0,0.0,35879.0,35879.0,0.0,0.0002868860528256031,0.0002868860528256031,0.0,0.10515119560162832,0.10515119560162832,0.0,0.9863745589079682,0.9863745589079682,0.0,0.0,0.0,0.0,0.0,0.6021428571428572,38.6,60.185714285714305,9729.53,5,Hopper-v5,9845,Agente_2
70.21620082855225,7,251160,123.59694175299352,322.8047787889397,4.9711797551807795,67.81390977443608,0.0002868860528256031,0.0,0.9863745589079682,0.10515119560162832,35879,0.5,0.99,0.004903243741760638,4.0640188360214236,0.08701242012637002,-0.007189744024404457,9.070043415342058,1.0,1.0,1.0,1.0,0.004903243741760638,0.08701242012637002,4.0640188360214236,0.0,0.0,0.0,0.0,0.0,0.0,0.0,0.0,0.0,35879.0,35879.0,0.0,0.0002868860528256031,0.0002868860528256031,0.0,0.10515119560162832,0.10515119560162832,0.0,0.9863745589079682,0.9863745589079682,0.0,0.0,0.0,0.0,0.0,0.635,37.650000000000006,60.275,9992.398,6,Hopper-v5,9845,Agente_2
79.76820802688599,8,287040,151.25026807047183,333.3711537268918,5.045211020655245,79.1280353200883,0.0002868860528256031,0.0,0.9863745589079682,0.10515119560162832,35879,0.5,0.99,0.004898464909825384,4.049373680864061,0.03211084910801479,-0.006641118813838278,9.307450201851982,1.0,1.0,1.0,1.0,0.004898464909825384,0.03211084910801479,4.049373680864061,0.0,0.0,0.0,0.0,0.0,0.0,0.0,0.0,0.0,35879.0,35879.0,0.0,0.0002868860528256031,0.0002868860528256031,0.0,0.10515119560162832,0.10515119560162832,0.0,0.9863745589079682,0.9863745589079682,0.0,0.0,0.0,0.0,0.0,0.46307692307692305,44.92307692307691,60.26153846153846,9935.315,7,Hopper-v5,9845,Agente_2
88.01388740539551,9,322920,159.2896931243002,329.14890005226704,4.762826688721684,79.85458612975391,0.0002868860528256031,0.0,0.9863745589079682,0.10515119560162832,35879,0.5,0.99,0.004676053145854645,4.015661753245762,0.013935538104602269,-0.00528920117765665,9.350013896397181,1.0,1.0,1.0,1.0,0.004676053145854645,0.013935538104602269,4.015661753245762,0.0,0.0,0.0,0.0,0.0,0.0,0.0,0.0,0.0,35879.0,35879.0,0.0,0.0002868860528256031,0.0002868860528256031,0.0,0.10515119560162832,0.10515119560162832,0.0,0.9863745589079682,0.9863745589079682,0.0,0.0,0.0,0.0,0.0,0.9183333333333334,30.583333333333332,60.29166666666665,9745.777,8,Hopper-v5,9845,Agente_2
98.6593542098999,10,358800,182.02609233495681,361.21448852466887,6.850871665273094,87.88321167883211,0.0002868860528256031,0.0,0.9863745589079682,0.10515119560162832,35879,0.5,0.99,0.0044510540354050524,3.9925393288476125,-0.01583612143993378,-0.003626861165144614,9.390989311763219,1.0,1.0,1.0,1.0,0.0044510540354050524,-0.01583612143993378,3.9925393288476125,0.0,0.0,0.0,0.0,0.0,0.0,0.0,0.0,0.0,35879.0,35879.0,0.0,0.0002868860528256031,0.0002868860528256031,0.0,0.10515119560162832,0.10515119560162832,0.0,0.9863745589079682,0.9863745589079682,0.0,0.0,0.0,0.0,0.0,0.462,40.18,60.346666666666664,9834.051,9,Hopper-v5,9845,Agente_2
108.34799265861511,11,394680,184.9244505504112,306.9996641676908,7.341751621357782,88.12718204488777,0.0002868860528256031,0.0,0.9863745589079682,0.10515119560162832,35879,0.5,0.99,0.004293038921314303,3.964518576690129,-0.07066398203372955,-0.005165733184133257,9.318932196753366,1.0,1.0,1.0,1.0,0.004293038921314303,-0.07066398203372955,3.964518576690129,0.0,0.0,0.0,0.0,0.0,0.0,0.0,0.0,0.0,35879.0,35879.0,0.0,0.0002868860528256031,0.0002868860528256031,0.0,0.10515119560162832,0.10515119560162832,0.0,0.9863745589079682,0.9863745589079682,0.0,0.0,0.0,0.0,0.0,0.5246153846153846,43.00769230769231,60.353846153846135,9907.353,10,Hopper-v5,9845,Agente_2
116.78507924079895,12,430560,191.60384628353125,343.7959338297095,9.22625180623357,90.01745635910224,0.0002868860528256031,0.0,0.9863745589079682,0.10515119560162832,35879,0.5,0.99,0.004230913600227476,3.9629668000766207,-0.055130842072623115,-0.002976184689572879,9.285149093355452,1.0,1.0,1.0,1.0,0.004230913600227476,-0.055130842072623115,3.9629668000766207,0.0,0.0,0.0,0.0,0.0,0.0,0.0,0.0,0.0,35879.0,35879.0,0.0,0.0002868860528256031,0.0002868860528256031,0.0,0.10515119560162832,0.10515119560162832,0.0,0.9863745589079682,0.9863745589079682,0.0,0.0,0.0,0.0,0.0,0.9108333333333335,30.291666666666668,60.324999999999996,9952.616,11,Hopper-v5,9845,Agente_2
126.78241205215454,13,466440,194.8530489253404,396.8853784024245,7.91618776237905,90.26633165829146,0.0002868860528256031,0.0,0.9863745589079682,0.10515119560162832,35879,0.5,0.99,0.004377923325873781,3.9452430415153503,-0.11189771575587136,-0.004478362484702042,9.233515499659948,1.0,1.0,1.0,1.0,0.004377923325873781,-0.11189771575587136,3.9452430415153503,0.0,0.0,0.0,0.0,0.0,0.0,0.0,0.0,0.0,35879.0,35879.0,0.0,0.0002868860528256031,0.0002868860528256031,0.0,0.10515119560162832,0.10515119560162832,0.0,0.9863745589079682,0.9863745589079682,0.0,0.0,0.0,0.0,0.0,0.5114285714285715,41.32857142857143,60.30714285714284,9987.986,12,Hopper-v5,9845,Agente_2
134.7595567703247,14,502320,199.23198084938116,339.4988393981584,14.792504580044037,91.68717948717949,0.0002868860528256031,0.0,0.9863745589079682,0.10515119560162832,35879,0.5,0.99,0.004438164047709781,3.9306025985309057,-0.11862844722611564,-0.0038176034896501474,9.241907597950526,1.0,1.0,1.0,1.0,0.004438164047709781,-0.11862844722611564,3.9306025985309057,0.0,0.0,0.0,0.0,0.0,0.0,0.0,0.0,0.0,35879.0,35879.0,0.0,0.0002868860528256031,0.0002868860528256031,0.0,0.10515119560162832,0.10515119560162832,0.0,0.9863745589079682,0.9863745589079682,0.0,0.0,0.0,0.0,0.0,0.8481818181818184,38.445454545454545,60.41818181818181,9723.543,13,Hopper-v5,9845,Agente_2
144.5182843208313,15,538200,206.58095764423274,337.6025459109515,44.265515946176855,93.73298429319372,0.0002868860528256031,0.0,0.9863745589079682,0.10515119560162832,35879,0.5,0.99,0.004619468236087414,3.9331310558319093,-0.12896473492894853,-0.003440438112510102,9.1520142691476,1.0,1.0,1.0,1.0,0.004619468236087414,-0.12896473492894853,3.9331310558319093,0.0,0.0,0.0,0.0,0.0,0.0,0.0,0.0,0.0,35879.0,35879.0,0.0,0.0002868860528256031,0.0002868860528256031,0.0,0.10515119560162832,0.10515119560162832,0.0,0.9863745589079682,0.9863745589079682,0.0,0.0,0.0,0.0,0.0,0.8361538461538462,37.15384615384616,60.4153846153846,9596.506,14,Hopper-v5,9845,Agente_2
152.67755103111267,16,574080,222.3343743889778,352.41836942292053,47.550012382673195,99.18232044198895,0.0002868860528256031,0.0,0.9863745589079682,0.10515119560162832,35879,0.5,0.99,0.004648057943091528,3.9087732407024927,-0.12734096126896993,-0.002289363747196538,9.233643692561559,1.0,1.0,1.0,1.0,0.004648057943091528,-0.12734096126896993,3.9087732407024927,0.0,0.0,0.0,0.0,0.0,0.0,0.0,0.0,0.0,35879.0,35879.0,0.0,0.0002868860528256031,0.0002868860528256031,0.0,0.10515119560162832,0.10515119560162832,0.0,0.9863745589079682,0.9863745589079682,0.0,0.0,0.0,0.0,0.0,0.7850000000000001,39.06666666666666,60.32499999999999,9388.04,15,Hopper-v5,9845,Agente_2
162.36740255355835,17,609960,229.66613104655875,347.5128458773883,6.317892193518784,100.83707865168539,0.0002868860528256031,0.0,0.9863745589079682,0.10515119560162832,35879,0.5,0.99,0.0050814894137355395,3.906991099289485,-0.17559575302260264,-0.003569453413199101,9.194859131404332,1.0,1.0,1.0,1.0,0.0050814894137355395,-0.17559575302260264,3.906991099289485,0.0,0.0,0.0,0.0,0.0,0.0,0.0,0.0,0.0,35879.0,35879.0,0.0,0.0002868860528256031,0.0002868860528256031,0.0,0.10515119560162832,0.10515119560162832,0.0,0.9863745589079682,0.9863745589079682,0.0,0.0,0.0,0.0,0.0,0.5961538461538461,35.707692307692305,59.38461538461537,9198.583,16,Hopper-v5,9845,Agente_2
173.1373996734619,18,645840,237.97003767140538,334.4798064395792,23.36986788281383,103.7485549132948,0.0002868860528256031,0.0,0.9863745589079682,0.10515119560162832,35879,0.5,0.99,0.0045907574742783,3.9164534980910166,-0.23932529466492788,-0.003982946731682335,9.151396154676165,1.0,1.0,1.0,1.0,0.0045907574742783,-0.23932529466492788,3.9164534980910166,0.0,0.0,0.0,0.0,0.0,0.0,0.0,0.0,0.0,35879.0,35879.0,0.0,0.0002868860528256031,0.0002868860528256031,0.0,0.10515119560162832,0.10515119560162832,0.0,0.9863745589079682,0.9863745589079682,0.0,0.0,0.0,0.0,0.0,0.5313333333333333,38.28666666666666,57.226666666666674,9320.61,17,Hopper-v5,9845,Agente_2
183.00183725357056,19,681720,231.3478174154672,343.8077992756162,48.73351104451994,101.11016949152543,0.0002868860528256031,0.0,0.9863745589079682,0.10515119560162832,35879,0.5,0.99,0.005074214099513502,3.8792193838528224,-0.2735814185653414,-0.004357440242809909,9.07874045780727,1.0,1.0,1.0,1.0,0.005074214099513502,-0.2735814185653414,3.8792193838528224,0.0,0.0,0.0,0.0,0.0,0.0,0.0,0.0,0.0,35879.0,35879.0,0.0,0.0002868860528256031,0.0002868860528256031,0.0,0.10515119560162832,0.10515119560162832,0.0,0.9863745589079682,0.9863745589079682,0.0,0.0,0.0,0.0,0.0,0.5571428571428572,42.192857142857136,60.15714285714286,9482.829,18,Hopper-v5,9845,Agente_2
192.18003582954407,20,717600,237.67349969352742,342.4701389480922,45.15986402249595,102.94269340974212,0.0002868860528256031,0.0,0.9863745589079682,0.10515119560162832,35879,0.5,0.99,0.004785334192191473,3.887914527484349,-0.19725507301943643,-0.0031034976403628077,9.011557528632029,1.0,1.0,1.0,1.0,0.004785334192191473,-0.19725507301943643,3.887914527484349,0.0,0.0,0.0,0.0,0.0,0.0,0.0,0.0,0.0,35879.0,35879.0,0.0,0.0002868860528256031,0.0002868860528256031,0.0,0.10515119560162832,0.10515119560162832,0.0,0.9863745589079682,0.9863745589079682,0.0,0.0,0.0,0.0,0.0,0.8815384615384616,40.26923076923077,59.74615384615386,9336.328,19,Hopper-v5,9845,Agente_2
201.83308291435242,21,753480,247.30786570848696,370.25126219684745,51.837725231387516,105.8,0.0002868860528256031,0.0,0.9863745589079682,0.10515119560162832,35879,0.5,0.99,0.0047809284608410964,3.879268041338239,-0.16550033637455533,-0.0036389033336724553,9.034140475136892,1.0,1.0,1.0,1.0,0.0047809284608410964,-0.16550033637455533,3.879268041338239,0.0,0.0,0.0,0.0,0.0,0.0,0.0,0.0,0.0,35879.0,35879.0,0.0,0.0002868860528256031,0.0002868860528256031,0.0,0.10515119560162832,0.10515119560162832,0.0,0.9863745589079682,0.9863745589079682,0.0,0.0,0.0,0.0,0.0,0.8407692307692309,36.715384615384615,59.50769230769231,9332.111,20,Hopper-v5,9845,Agente_2
210.85340857505798,22,789360,253.69046985275185,359.4918007977021,47.8708770311173,107.1437125748503,0.0002868860528256031,0.0,0.9863745589079682,0.10515119560162832,35879,0.5,0.99,0.00521944780172037,3.8686580296925137,-0.10137461679322379,-0.0027304436346249922,9.010276535579136,1.0,1.0,1.0,1.0,0.00521944780172037,-0.10137461679322379,3.8686580296925137,0.0,0.0,0.0,0.0,0.0,0.0,0.0,0.0,0.0,35879.0,35879.0,0.0,0.0002868860528256031,0.0002868860528256031,0.0,0.10515119560162832,0.10515119560162832,0.0,0.9863745589079682,0.9863745589079682,0.0,0.0,0.0,0.0,0.0,0.5175,48.30833333333334,59.125,9391.188,21,Hopper-v5,9845,Agente_2
197.64742136001587,29,723648,395.04915738346176,518.570035230211,334.9559842687787,141.52083333333334,0.0005398141802288592,0.0,0.9282986521720886,0.49432381987571716,28313,0.5,0.99,0.011061950372532058,3.856311497254805,0.9957380041209134,-0.023260172994976694,2.4249531947482716,0.566868149311111,0.8992492438688311,1.0,0.8992492438688311,0.011061950372532058,0.9957380041209134,3.856311497254805,1.0,42.0,0.0,0.0,0.0,0.0,0.0,0.0,0.0,28313.0,28313.0,0.0,0.0005398141802288592,0.0005398141802288592,0.0,0.49432381987571716,0.49432381987571716,0.0,0.9282986521720886,0.9282986521720886,0.0,0.0,0.0,0.0,0.0,0.38625,25.3125,43.0125,5780.484,22,Hopper-v5,9845,Agente_2
203.44607758522034,30,751968,400.5258980010494,477.1480164142778,306.10381953887327,142.69270833333334,0.0005398141802288592,0.0,0.9282986521720886,0.49432381987571716,28313,0.5,0.99,0.012055232985519318,3.8667157355221833,0.991171665950255,-0.02053876879201694,2.4415648226304487,0.6287063930265877,0.8142211241730177,1.0,0.8142211241730177,0.012055232985519318,0.991171665950255,3.8667157355221833,1.0,42.0,0.0,0.0,0.0,0.0,0.0,0.0,0.0,28313.0,28313.0,0.0,0.0005398141802288592,0.0005398141802288592,0.0,0.49432381987571716,0.49432381987571716,0.0,0.9282986521720886,0.9282986521720886,0.0,0.0,0.0,0.0,0.0,0.4055555555555556,29.28888888888889,43.85555555555555,5782.976,23,Hopper-v5,9845,Agente_2
209.82936882972717,31,780288,400.6122201095624,451.4022422229197,56.17967046090197,142.42487046632124,0.0005398141802288592,0.0,0.9282986521720886,0.49432381987571716,28313,0.5,0.99,0.011414296256844005,3.848023066954179,0.9891774932904677,-0.019255084473301064,2.4189561880718577,0.5590849049747451,0.8681162665233674,1.0,0.8681162665233674,0.011414296256844005,0.9891774932904677,3.848023066954179,1.0,42.0,0.0,0.0,0.0,0.0,0.0,0.0,0.0,28313.0,28313.0,0.0,0.0005398141802288592,0.0005398141802288592,0.0,0.49432381987571716,0.49432381987571716,0.0,0.9282986521720886,0.9282986521720886,0.0,0.0,0.0,0.0,0.0,0.5177777777777778,32.444444444444436,47.67777777777778,6370.876,24,Hopper-v5,9845,Agente_2
217.47105622291565,32,808608,408.96795256242376,522.1227178700034,291.84974354068953,144.84293193717278,0.0005398141802288592,0.0,0.9282986521720886,0.49432381987571716,28313,0.5,0.99,0.013602773813115412,3.84462467843836,0.9759811270236969,-0.026303968791934577,3.032589282989502,0.5936843863645432,0.6974828305339378,1.0,0.6974828305339378,0.013602773813115412,0.9759811270236969,3.84462467843836,1.0,42.0,0.0,0.0,0.0,0.0,0.0,0.0,0.0,28313.0,28313.0,0.0,0.0005398141802288592,0.0005398141802288592,0.0,0.49432381987571716,0.49432381987571716,0.0,0.9282986521720886,0.9282986521720886,0.0,0.0,0.0,0.0,0.0,0.3045454545454545,37.78181818181818,49.64545454545455,6999.347,25,Hopper-v5,9845,Agente_2
225.25504779815674,33,836928,414.07662742938555,525.9483680851982,55.9237104514129,145.64444444444445,0.0005398141802288592,0.0,0.9282986521720886,0.49432381987571716,28313,0.5,0.99,0.012686697676227574,3.7920291098681362,0.9735502696037293,-0.020283567432991482,3.267887819897045,0.533154748884621,0.7643956421628713,1.0,0.7643956421628713,0.012686697676227574,0.9735502696037293,3.7920291098681362,1.0,42.0,0.0,0.0,0.0,0.0,0.0,0.0,0.0,28313.0,28313.0,0.0,0.0005398141802288592,0.0005398141802288592,0.0,0.49432381987571716,0.49432381987571716,0.0,0.9282986521720886,0.9282986521720886,0.0,0.0,0.0,0.0,0.0,0.6790909090909092,28.518181818181816,58.18181818181818,7773.679,26,Hopper-v5,9845,Agente_2
231.10320568084717,34,865248,424.7606945902812,529.4893161375243,359.3692873490921,148.13227513227514,0.0005398141802288592,0.0,0.9282986521720886,0.49432381987571716,28313,0.5,0.99,0.013492252458176649,3.7880348821119827,0.9800213539600372,-0.024775547112592243,3.519404513835907,0.5761746269910926,0.7052342613105076,1.0,0.7052342613105076,0.013492252458176649,0.9800213539600372,3.7880348821119827,1.0,42.0,0.0,0.0,0.0,0.0,0.0,0.0,0.0,28313.0,28313.0,0.0,0.0005398141802288592,0.0005398141802288592,0.0,0.49432381987571716,0.49432381987571716,0.0,0.9282986521720886,0.9282986521720886,0.0,0.0,0.0,0.0,0.0,0.36,34.1125,46.925,6805.473,27,Hopper-v5,9845,Agente_2
237.17591762542725,35,893568,447.420900537435,569.9344388240943,382.2601093015005,152.91304347826087,0.0005398141802288592,0.0,0.9282986521720886,0.49432381987571716,28313,0.5,0.99,0.013515726738313109,3.694622201052579,0.9851129060441798,-0.027509112446145578,3.7431545647707853,0.5179510173933268,0.7035807161976945,1.0,0.7035807161976945,0.013515726738313109,0.9851129060441798,3.694622201052579,1.0,42.0,0.0,0.0,0.0,0.0,0.0,0.0,0.0,28313.0,28313.0,0.0,0.0005398141802288592,0.0005398141802288592,0.0,0.49432381987571716,0.49432381987571716,0.0,0.9282986521720886,0.9282986521720886,0.0,0.0,0.0,0.0,0.0,0.34222222222222226,26.88888888888889,43.37777777777778,6061.054,28,Hopper-v5,9845,Agente_2
245.593407869339,36,921888,460.913970701447,576.8143898941191,370.64163406898876,155.30526315789473,0.0005398141802288592,0.0,0.9282986521720886,0.49432381987571716,28313,0.5,0.99,0.013711269429470783,3.7163995946537365,0.9874586947397752,-0.025758944536474617,3.79102323402058,0.56095235077171,0.6899563509068594,1.0,0.6899563509068594,0.013711269429470783,0.9874586947397752,3.7163995946537365,1.0,42.0,0.0,0.0,0.0,0.0,0.0,0.0,0.0,28313.0,28313.0,0.0,0.0005398141802288592,0.0005398141802288592,0.0,0.49432381987571716,0.49432381987571716,0.0,0.9282986521720886,0.9282986521720886,0.0,0.0,0.0,0.0,0.0,0.4808333333333334,37.38333333333333,53.39166666666667,7231.502,29,Hopper-v5,9845,Agente_2
253.4077548980713,37,950208,482.44022956399806,584.7267112633016,308.27031667117143,159.16477272727272,0.0005398141802288592,0.0,0.9282986521720886,0.49432381987571716,28313,0.5,0.99,0.012857292241268775,3.6863000718030063,0.9880081207101995,-0.026557128327814015,3.9361334445259786,0.6085807798991016,0.7514660672812767,1.0,0.7514660672812767,0.012857292241268775,0.9880081207101995,3.6863000718030063,1.0,42.0,0.0,0.0,0.0,0.0,0.0,0.0,0.0,28313.0,28313.0,0.0,0.0005398141802288592,0.0005398141802288592,0.0,0.49432381987571716,0.49432381987571716,0.0,0.9282986521720886,0.9282986521720886,0.0,0.0,0.0,0.0,0.0,0.545,39.559999999999995,58.5,7422.18,30,Hopper-v5,9845,Agente_2
266.30303931236267,39,1006848,529.2147367478208,641.0770223793199,346.9408461818224,169.94375,0.0005398141802288592,0.0,0.9282986521720886,0.49432381987571716,28313,0.5,0.99,0.012022709131494913,3.7041949683969673,0.9916256818988106,-0.02541988016698848,3.289846776182001,0.5462742373849214,0.8168735961640727,1.0,0.8168735961640727,0.012022709131494913,0.9916256818988106,3.7041949683969673,1.0,42.0,0.0,0.0,0.0,0.0,0.0,0.0,0.0,28313.0,28313.0,0.0,0.0005398141802288592,0.0005398141802288592,0.0,0.49432381987571716,0.49432381987571716,0.0,0.9282986521720886,0.9282986521720886,0.0,0.0,0.0,0.0,0.0,0.3566666666666667,29.833333333333332,46.01111111111111,6293.08,31,Hopper-v5,9845,Agente_2
273.0174012184143,40,1035168,535.898836805959,648.4108518871399,337.8259413975942,171.49056603773585,0.0005398141802288592,0.0,0.9282986521720886,0.49432381987571716,28313,0.5,0.99,0.012961583286636266,3.7141686925021085,0.9883579055829481,-0.02674827314066616,3.292236388163133,0.5956230966568925,0.7436696744728059,1.0,0.7436696744728059,0.012961583286636266,0.9883579055829481,3.7141686925021085,1.0,42.0,0.0,0.0,0.0,0.0,0.0,0.0,0.0,28313.0,28313.0,0.0,0.0005398141802288592,0.0005398141802288592,0.0,0.49432381987571716,0.49432381987571716,0.0,0.9282986521720886,0.9282986521720886,0.0,0.0,0.0,0.0,0.0,0.58,35.089999999999996,52.85,6498.032,32,Hopper-v5,9845,Agente_2
280.5086946487427,41,1063488,554.3360152556763,651.0095577845827,395.9585892641944,175.39864864864865,0.0005398141802288592,0.0,0.9282986521720886,0.49432381987571716,28313,0.5,0.99,0.012477993964725672,3.7087364920702846,0.9911731770905582,-0.024382484831254592,3.1032991968501697,0.5371849638283801,0.7805165019379079,1.0,0.7805165019379079,0.012477993964725672,0.9911731770905582,3.7087364920702846,1.0,42.0,0.0,0.0,0.0,0.0,0.0,0.0,0.0,28313.0,28313.0,0.0,0.0005398141802288592,0.0005398141802288592,0.0,0.49432381987571716,0.49432381987571716,0.0,0.9282986521720886,0.9282986521720886,0.0,0.0,0.0,0.0,0.0,0.68,32.1,52.6,7476.032,33,Hopper-v5,9845,Agente_2
286.6695239543915,42,1091808,565.6991241723739,700.1443437512379,414.5562891185958,178.04430379746836,0.0005398141802288592,0.0,0.9282986521720886,0.49432381987571716,28313,0.5,0.99,0.01292455917566258,3.7662378978729247,0.9924263354864987,-0.025319420449774373,3.1732578136704186,0.5894957600412969,0.7464281486800474,1.0,0.7464281486800474,0.01292455917566258,0.9924263354864987,3.7662378978729247,1.0,42.0,0.0,0.0,0.0,0.0,0.0,0.0,0.0,28313.0,28313.0,0.0,0.0005398141802288592,0.0005398141802288592,0.0,0.49432381987571716,0.49432381987571716,0.0,0.9282986521720886,0.9282986521720886,0.0,0.0,0.0,0.0,0.0,0.56875,34.4625,51.625,6812.855,34,Hopper-v5,9845,Agente_2
292.67307806015015,43,1120128,582.4416027408,683.1560736737054,498.6221510977965,181.18939393939394,0.0005398141802288592,0.0,0.9282986521720886,0.49432381987571716,28313,0.5,0.99,0.013503792632413605,3.7165384483337403,0.9912869218262759,-0.024968379080634224,2.9997610254721208,0.5181610578700615,0.704420878104633,1.0,0.704420878104633,0.013503792632413605,0.9912869218262759,3.7165384483337403,1.0,42.0,0.0,0.0,0.0,0.0,0.0,0.0,0.0,28313.0,28313.0,0.0,0.0005398141802288592,0.0005398141802288592,0.0,0.49432381987571716,0.49432381987571716,0.0,0.9282986521720886,0.9282986521720886,0.0,0.0,0.0,0.0,0.0,0.34555555555555556,28.11111111111111,43.39999999999999,5993.531,35,Hopper-v5,9845,Agente_2
299.99177837371826,44,1148448,584.1422868858706,740.3057784204947,351.2999005938884,182.13125,0.0005398141802288592,0.0,0.9282986521720886,0.49432381987571716,28313,0.5,0.99,0.011544560213700275,3.7799551209536464,0.9902211745218797,-0.023404858129268343,3.046399133855646,0.6028410873459494,0.8568811757736132,1.0,0.8568811757736132,0.011544560213700275,0.9902211745218797,3.7799551209536464,1.0,42.0,0.0,0.0,0.0,0.0,0.0,0.0,0.0,28313.0,28313.0,0.0,0.0005398141802288592,0.0005398141802288592,0.0,0.49432381987571716,0.49432381987571716,0.0,0.9282986521720886,0.9282986521720886,0.0,0.0,0.0,0.0,0.0,0.296,35.489999999999995,46.019999999999996,6648.309,36,Hopper-v5,9845,Agente_2
306.5939071178436,45,1176768,591.3720954977994,704.1524404339789,460.09896626640017,184.2578125,0.0005398141802288592,0.0,0.9282986521720886,0.49432381987571716,28313,0.5,0.99,0.013114747112743975,3.7798090171813965,0.9891938758980144,-0.028011634878136894,3.114459929249503,0.5251473710632317,0.7323661308773144,1.0,0.7323661308773144,0.013114747112743975,0.9891938758980144,3.7798090171813965,1.0,42.0,0.0,0.0,0.0,0.0,0.0,0.0,0.0,28313.0,28313.0,0.0,0.0005398141802288592,0.0005398141802288592,0.0,0.49432381987571716,0.49432381987571716,0.0,0.9282986521720886,0.9282986521720886,0.0,0.0,0.0,0.0,0.0,0.8160000000000001,31.189999999999998,54.67,6588.686,37,Hopper-v5,9845,Agente_2
314.00863814353943,46,1205088,603.0187758657516,823.5326707343814,61.85815330117083,186.66666666666666,0.0005398141802288592,0.0,0.9282986521720886,0.49432381987571716,28313,0.5,0.99,0.01290275249005142,3.8406312981518833,0.986795165863904,-0.0268140770139342,3.254690222306685,0.5808749375770195,0.7480576371183826,1.0,0.7480576371183826,0.01290275249005142,0.986795165863904,3.8406312981518833,1.0,42.0,0.0,0.0,0.0,0.0,0.0,0.0,0.0,28313.0,28313.0,0.0,0.0005398141802288592,0.0005398141802288592,0.0,0.49432381987571716,0.49432381987571716,0.0,0.9282986521720886,0.9282986521720886,0.0,0.0,0.0,0.0,0.0,0.556,35.67999999999999,51.239999999999995,6996.356,38,Hopper-v5,9845,Agente_2
319.81789922714233,47,1233408,623.6676178963409,866.182195281079,148.16241770594053,192.1627906976744,0.0005398141802288592,0.0,0.9282986521720886,0.49432381987571716,28313,0.5,0.99,0.01296516334468677,3.763110974485224,0.9830247756567868,-0.024072870088910514,3.18071153012189,0.527906709359904,0.7434034840640035,1.0,0.7434034840640035,0.01296516334468677,0.9830247756567868,3.763110974485224,1.0,42.0,0.0,0.0,0.0,0.0,0.0,0.0,0.0,28313.0,28313.0,0.0,0.0005398141802288592,0.0005398141802288592,0.0,0.49432381987571716,0.49432381987571716,0.0,0.9282986521720886,0.9282986521720886,0.0,0.0,0.0,0.0,0.0,0.40444444444444444,26.62222222222222,42.900000000000006,5799.222,39,Hopper-v5,9845,Agente_2
325.3122138977051,48,1261728,623.0600525444944,848.0241350374077,376.0942548646538,192.52666666666667,0.0005398141802288592,0.0,0.9282986521720886,0.49432381987571716,28313,0.5,0.99,0.014363918268467056,3.893943384777416,0.9869863489541141,-0.023953023132952778,3.5204213937846096,0.5575211353652862,0.646364413381433,1.0,0.646364413381433,0.014363918268467056,0.9869863489541141,3.893943384777416,1.0,42.0,0.0,0.0,0.0,0.0,0.0,0.0,0.0,28313.0,28313.0,0.0,0.0005398141802288592,0.0005398141802288592,0.0,0.49432381987571716,0.49432381987571716,0.0,0.9282986521720886,0.9282986521720886,0.0,0.0,0.0,0.0,0.0,0.40571428571428575,30.599999999999998,42.89999999999999,5639.56,40,Hopper-v5,9845,Agente_2
321.5242726802826,56,1235848,774.5809325049178,1659.2249780653383,310.13418599856,244.5438596491228,0.00034415978007018566,0.0,0.903042197227478,0.49872177839279175,18009,0.5,0.99,0.00841937666218415,3.8583894320896692,0.9718356932912554,-0.024879166010235036,4.000420081615448,0.8212781169678316,1.0,1.0,1.0,0.00841937666218415,0.9718356932912554,3.8583894320896692,1.0,79.0,0.0,0.0,0.0,0.0,0.0,0.0,0.0,18009.0,18009.0,0.0,0.00034415978007018566,0.00034415978007018566,0.0,0.49872177839279175,0.49872177839279175,0.0,0.903042197227478,0.903042197227478,0.0,0.0,0.0,0.0,0.0,0.38285714285714284,30.699999999999996,48.08571428571428,4303.565,41,Hopper-v5,9845,Agente_2
325.05672311782837,57,1253864,814.2387272703598,1454.6608641103173,390.89293813139267,254.92,0.00034415978007018566,0.0,0.903042197227478,0.49872177839279175,18009,0.5,0.99,0.011303377959125912,3.8795420040403092,0.9855581624167306,-0.029365523963102273,4.182817018372672,0.8354083037172497,0.8777988639655041,1.0,0.8777988639655041,0.011303377959125912,0.9855581624167306,3.8795420040403092,1.0,79.0,0.0,0.0,0.0,0.0,0.0,0.0,0.0,18009.0,18009.0,0.0,0.00034415978007018566,0.00034415978007018566,0.0,0.49872177839279175,0.49872177839279175,0.0,0.903042197227478,0.903042197227478,0.0,0.0,0.0,0.0,0.0,0.41000000000000003,28.825,44.475,3912.995,42,Hopper-v5,9845,Agente_2
328.706426858902,58,1271880,863.2658394970493,1825.2296866090232,575.7438085982482,268.11,0.00034415978007018566,0.0,0.903042197227478,0.49872177839279175,18009,0.5,0.99,0.010489176974149033,3.858142807143075,0.9845360834257944,-0.029765274224004577,4.273493113517762,0.8646211027609247,0.9522594998919499,1.0,0.9522594998919499,0.010489176974149033,0.9845360834257944,3.858142807143075,1.0,79.0,0.0,0.0,0.0,0.0,0.0,0.0,0.0,18009.0,18009.0,0.0,0.00034415978007018566,0.00034415978007018566,0.0,0.49872177839279175,0.49872177839279175,0.0,0.903042197227478,0.903042197227478,0.0,0.0,0.0,0.0,0.0,0.29,31.55,43.916666666666664,3821.021,43,Hopper-v5,9845,Agente_2
333.60331559181213,59,1289896,854.7596042754474,1618.016877058853,377.258223841014,265.85,0.00034415978007018566,0.0,0.903042197227478,0.49872177839279175,18009,0.5,0.99,0.00886787542042212,3.804329663004194,0.9845863427434649,-0.02467779971126999,3.3417051686559405,0.8212781169678316,1.0,1.0,1.0,0.00886787542042212,0.9845863427434649,3.804329663004194,1.0,79.0,0.0,0.0,0.0,0.0,0.0,0.0,0.0,18009.0,18009.0,0.0,0.00034415978007018566,0.00034415978007018566,0.0,0.49872177839279175,0.49872177839279175,0.0,0.903042197227478,0.903042197227478,0.0,0.0,0.0,0.0,0.0,0.35571428571428576,32.214285714285715,46.74285714285715,4884.139,44,Hopper-v5,9845,Agente_2
337.53058433532715,60,1307912,978.3208400629505,2263.4777004116754,377.258223841014,304.45,0.00034415978007018566,0.0,0.903042197227478,0.49872177839279175,18009,0.5,0.99,0.01091340177699489,3.877936578478132,0.990315557547978,-0.02417228763923049,3.6811114944730488,0.8441353815899714,0.9127071754563904,1.0,0.9127071754563904,0.01091340177699489,0.990315557547978,3.877936578478132,1.0,79.0,0.0,0.0,0.0,0.0,0.0,0.0,0.0,18009.0,18009.0,0.0,0.00034415978007018566,0.00034415978007018566,0.0,0.49872177839279175,0.49872177839279175,0.0,0.903042197227478,0.903042197227478,0.0,0.0,0.0,0.0,0.0,0.31,41.199999999999996,53.06666666666667,4398.582,45,Hopper-v5,9845,Agente_2
342.61111783981323,61,1325928,987.0284488091,2263.4777004116754,350.1019580325837,305.43,0.00034415978007018566,0.0,0.903042197227478,0.49872177839279175,18009,0.5,0.99,0.009303130582349176,3.8475072070530483,0.9829259324073791,-0.02432527889364532,3.54337060213089,0.8831015361924786,1.0,1.0,1.0,0.009303130582349176,0.9829259324073791,3.8475072070530483,1.0,79.0,0.0,0.0,0.0,0.0,0.0,0.0,0.0,18009.0,18009.0,0.0,0.00034415978007018566,0.00034415978007018566,0.0,0.49872177839279175,0.49872177839279175,0.0,0.903042197227478,0.903042197227478,0.0,0.0,0.0,0.0,0.0,0.5342857142857144,37.24285714285714,57.357142857142854,4622.649,46,Hopper-v5,9845,Agente_2
346.29347944259644,62,1343944,948.5019263818118,1783.6023984603605,350.1019580325837,291.35,0.00034415978007018566,0.0,0.903042197227478,0.49872177839279175,18009,0.5,0.99,0.009901648170499747,3.851551182610648,0.9884735926559993,-0.023371791102524315,3.714353908811297,0.9123261521443589,1.0,1.0,1.0,0.009901648170499747,0.9884735926559993,3.851551182610648,1.0,79.0,0.0,0.0,0.0,0.0,0.0,0.0,0.0,18009.0,18009.0,0.0,0.00034415978007018566,0.00034415978007018566,0.0,0.49872177839279175,0.49872177839279175,0.0,0.903042197227478,0.903042197227478,0.0,0.0,0.0,0.0,0.0,0.264,52.44,58.220000000000006,4385.126,47,Hopper-v5,9845,Agente_2
350.5751519203186,63,1361960,935.377583869724,2142.3388161162657,365.0050668667156,286.13,0.00034415978007018566,0.0,0.903042197227478,0.49872177839279175,18009,0.5,0.99,0.008542339247425325,3.861892161369324,0.9832559565135411,-0.024894273203930683,3.4889181201798576,0.9342446141082692,1.0,1.0,1.0,0.008542339247425325,0.9832559565135411,3.861892161369324,1.0,79.0,0.0,0.0,0.0,0.0,0.0,0.0,0.0,18009.0,18009.0,0.0,0.00034415978007018566,0.00034415978007018566,0.0,0.49872177839279175,0.49872177839279175,0.0,0.903042197227478,0.903042197227478,0.0,0.0,0.0,0.0,0.0,0.8866666666666666,32.550000000000004,58.199999999999996,4361.582,48,Hopper-v5,9845,Agente_2
355.38121485710144,64,1379976,974.4721160693695,1709.868110303361,472.0091700715558,297.84,0.00034415978007018566,0.0,0.903042197227478,0.49872177839279175,18009,0.5,0.99,0.011497372193760904,3.8613546214784895,0.9944457491806575,-0.028321986276922482,3.4114595093045916,0.9159170064622585,0.8609341835242263,1.0,0.8609341835242263,0.011497372193760904,0.9944457491806575,3.8613546214784895,1.0,79.0,0.0,0.0,0.0,0.0,0.0,0.0,0.0,18009.0,18009.0,0.0,0.00034415978007018566,0.00034415978007018566,0.0,0.49872177839279175,0.49872177839279175,0.0,0.903042197227478,0.903042197227478,0.0,0.0,0.0,0.0,0.0,0.6385714285714286,34.857142857142854,58.22857142857142,4433.329,49,Hopper-v5,9845,Agente_2
359.9483833312988,65,1397992,1001.3182758945379,1719.7598979646693,472.0091700715558,305.18,0.00034415978007018566,0.0,0.903042197227478,0.49872177839279175,18009,0.5,0.99,0.010364948245956579,3.805578868048532,0.9821231976577214,-0.027720209141927105,3.362696349961417,0.9279785258009994,0.9641630838172222,1.0,0.9641630838172222,0.010364948245956579,0.9821231976577214,3.805578868048532,1.0,79.0,0.0,0.0,0.0,0.0,0.0,0.0,0.0,18009.0,18009.0,0.0,0.00034415978007018566,0.00034415978007018566,0.0,0.49872177839279175,0.49872177839279175,0.0,0.903042197227478,0.903042197227478,0.0,0.0,0.0,0.0,0.0,0.7399999999999999,34.28333333333333,58.1,4450.624,50,Hopper-v5,9845,Agente_2
364.37076330184937,66,1416008,1006.2305206633154,1719.7598979646693,587.5648013584664,306.39,0.00034415978007018566,0.0,0.903042197227478,0.49872177839279175,18009,0.5,0.99,0.010987818972919611,3.8415809570040023,0.9915536040919167,-0.0261696053349546,3.443636795452663,0.9224689629770155,0.905940274505064,1.0,0.905940274505064,0.010987818972919611,0.9915536040919167,3.8415809570040023,1.0,79.0,0.0,0.0,0.0,0.0,0.0,0.0,0.0,18009.0,18009.0,0.0,0.00034415978007018566,0.00034415978007018566,0.0,0.49872177839279175,0.49872177839279175,0.0,0.903042197227478,0.903042197227478,0.0,0.0,0.0,0.0,0.0,0.5133333333333333,33.91666666666667,55.78333333333333,4445.293,51,Hopper-v5,9845,Agente_2
369.48032331466675,67,1434024,990.5064597065799,2605.4169067165067,611.2835324204273,300.41,0.00034415978007018566,0.0,0.903042197227478,0.49872177839279175,18009,0.5,0.99,0.010405758667038753,3.804538861002241,0.9924081718921661,-0.02670766284423215,3.2534477288382395,0.9319108001787574,0.9602363117839833,1.0,0.9602363117839833,0.010405758667038753,0.9924081718921661,3.804538861002241,1.0,79.0,0.0,0.0,0.0,0.0,0.0,0.0,0.0,18009.0,18009.0,0.0,0.00034415978007018566,0.00034415978007018566,0.0,0.49872177839279175,0.49872177839279175,0.0,0.903042197227478,0.903042197227478,0.0,0.0,0.0,0.0,0.0,0.5314285714285714,40.08571428571429,52.74285714285714,4517.675,52,Hopper-v5,9845,Agente_2
373.51805353164673,68,1452040,1123.1457596487655,1726.5061518465682,602.0425015648684,339.17857142857144,0.00034415978007018566,0.0,0.903042197227478,0.49872177839279175,18009,0.5,0.99,0.011786643017466163,3.686784472465515,0.9859319007396699,-0.02711566082334944,2.910375818184444,0.7803747734188697,0.8363866258041528,1.0,0.8363866258041528,0.011786643017466163,0.9859319007396699,3.686784472465515,1.0,79.0,0.0,0.0,0.0,0.0,0.0,0.0,0.0,18009.0,18009.0,0.0,0.00034415978007018566,0.00034415978007018566,0.0,0.49872177839279175,0.49872177839279175,0.0,0.903042197227478,0.903042197227478,0.0,0.0,0.0,0.0,0.0,0.32666666666666666,26.96666666666667,43.6,4019.318,53,Hopper-v5,9845,Agente_2
377.0737638473511,69,1470056,1345.7696538344956,3223.8920106122023,550.4715184581726,409.875,0.00034415978007018566,0.0,0.903042197227478,0.49872177839279175,18009,0.5,0.99,0.012505167656540184,3.7500686250414166,0.988707000698362,-0.028817234952002765,3.0222006387369973,0.779880687450549,0.7783984295455864,1.0,0.7783984295455864,0.012505167656540184,0.988707000698362,3.7500686250414166,1.0,79.0,0.0,0.0,0.0,0.0,0.0,0.0,0.0,18009.0,18009.0,0.0,0.00034415978007018566,0.00034415978007018566,0.0,0.49872177839279175,0.49872177839279175,0.0,0.903042197227478,0.903042197227478,0.0,0.0,0.0,0.0,0.0,0.388,28.6,44.88000000000001,3780.782,54,Hopper-v5,9845,Agente_2
380.8350758552551,70,1488072,1368.0995952534902,3223.8920106122023,205.09047021960572,416.38,0.00034415978007018566,0.0,0.903042197227478,0.49872177839279175,18009,0.5,0.99,0.00912902337887317,3.7841461930956157,0.9788190499373844,-0.022675757127414858,3.086229565824781,0.8349105155879117,1.0,1.0,1.0,0.00912902337887317,0.9788190499373844,3.7841461930956157,1.0,79.0,0.0,0.0,0.0,0.0,0.0,0.0,0.0,18009.0,18009.0,0.0,0.00034415978007018566,0.00034415978007018566,0.0,0.49872177839279175,0.49872177839279175,0.0,0.903042197227478,0.903042197227478,0.0,0.0,0.0,0.0,0.0,0.274,34.18,44.92,3771.145,55,Hopper-v5,9845,Agente_2
384.5414216518402,71,1506088,1040.50405347,1714.3139532756425,603.7171734414873,315.0625,0.00034415978007018566,0.0,0.903042197227478,0.49872177839279175,18009,0.5,0.99,0.009988101686467674,3.7279543706348965,0.9844070172309876,-0.02201014024338552,2.908039220401219,0.8212781169678316,1.0,1.0,1.0,0.009988101686467674,0.9844070172309876,3.7279543706348965,1.0,79.0,0.0,0.0,0.0,0.0,0.0,0.0,0.0,18009.0,18009.0,0.0,0.00034415978007018566,0.00034415978007018566,0.0,0.49872177839279175,0.49872177839279175,0.0,0.903042197227478,0.903042197227478,0.0,0.0,0.0,0.0,0.0,0.325,26.75,42.166666666666664,3693.662,56,Hopper-v5,9845,Agente_2
388.0682957172394,72,1524104,1243.26809881973,3061.34289430961,603.7171734414873,375.30555555555554,0.00034415978007018566,0.0,0.903042197227478,0.49872177839279175,18009,0.5,0.99,0.015269827341882255,3.7610824714388165,0.9787015060016088,-0.026861975065299443,2.7967221675600324,0.7635544950571448,0.590383629325084,1.0,0.590383629325084,0.015269827341882255,0.9787015060016088,3.7610824714388165,1.0,79.0,0.0,0.0,0.0,0.0,0.0,0.0,0.0,18009.0,18009.0,0.0,0.00034415978007018566,0.00034415978007018566,0.0,0.49872177839279175,0.49872177839279175,0.0,0.903042197227478,0.903042197227478,0.0,0.0,0.0,0.0,0.0,0.24,32.6,47.48,3602.346,57,Hopper-v5,9845,Agente_2
392.36040806770325,73,1542120,1375.0333660031104,3221.637102530806,686.7361097424224,414.96,0.00034415978007018566,0.0,0.903042197227478,0.49872177839279175,18009,0.5,0.99,0.008672992572974181,3.8160488973345075,0.9792160521234785,-0.019659862917448794,2.9944273454802377,0.8226658712928586,1.0,1.0,1.0,0.008672992572974181,0.9792160521234785,3.8160488973345075,1.0,79.0,0.0,0.0,0.0,0.0,0.0,0.0,0.0,18009.0,18009.0,0.0,0.00034415978007018566,0.00034415978007018566,0.0,0.49872177839279175,0.49872177839279175,0.0,0.903042197227478,0.903042197227478,0.0,0.0,0.0,0.0,0.0,0.5966666666666666,36.449999999999996,48.916666666666664,3827.881,58,Hopper-v5,9845,Agente_2
396.8045029640198,74,1560136,1194.0142831254318,1782.1035133342316,748.1031021222088,355.48148148148147,0.00034415978007018566,0.0,0.903042197227478,0.49872177839279175,18009,0.5,0.99,0.011517187884144263,3.709369158063616,0.9919347482068198,-0.02696816160210541,2.6490037519591194,0.786085585009107,0.8592298721651016,1.0,0.8592298721651016,0.011517187884144263,0.9919347482068198,3.709369158063616,1.0,79.0,0.0,0.0,0.0,0.0,0.0,0.0,0.0,18009.0,18009.0,0.0,0.00034415978007018566,0.00034415978007018566,0.0,0.49872177839279175,0.49872177839279175,0.0,0.903042197227478,0.903042197227478,0.0,0.0,0.0,0.0,0.0,0.5442857142857143,45.814285714285724,49.542857142857144,4429.846,59,Hopper-v5,9845,Agente_2
400.79513716697693,75,1578152,1291.6237420124514,2967.7195155361164,713.0130819559081,386.6533333333333,0.00034415978007018566,0.0,0.903042197227478,0.49872177839279175,18009,0.5,0.99,0.011677998840542776,3.816019950594221,0.9813404417037964,-0.02761576125132186,2.9455484667846137,0.8009449438554731,0.8455230203945713,1.0,0.8455230203945713,0.011677998840542776,0.9813404417037964,3.816019950594221,1.0,79.0,0.0,0.0,0.0,0.0,0.0,0.0,0.0,18009.0,18009.0,0.0,0.00034415978007018566,0.00034415978007018566,0.0,0.49872177839279175,0.49872177839279175,0.0,0.903042197227478,0.903042197227478,0.0,0.0,0.0,0.0,0.0,0.298,31.900000000000006,48.0,4204.11,60,Hopper-v5,9845,Agente_2
404.841872215271,76,1596168,1330.5435606770307,3323.75602529824,554.8970392401358,398.02,0.00034415978007018566,0.0,0.903042197227478,0.49872177839279175,18009,0.5,0.99,0.008142511610328387,3.796628810337612,0.9767189940384456,-0.024544248431921004,2.8730699917248317,0.8507087078916048,1.0,1.0,1.0,0.008142511610328387,0.9767189940384456,3.796628810337612,1.0,79.0,0.0,0.0,0.0,0.0,0.0,0.0,0.0,18009.0,18009.0,0.0,0.00034415978007018566,0.00034415978007018566,0.0,0.49872177839279175,0.49872177839279175,0.0,0.903042197227478,0.903042197227478,0.0,0.0,0.0,0.0,0.0,0.2233333333333333,38.4,47.9,4146.748,61,Hopper-v5,9845,Agente_2
408.96486616134644,77,1614184,1060.6780847009918,1751.209214973819,610.4517397290418,316.88461538461536,0.00034415978007018566,0.0,0.903042197227478,0.49872177839279175,18009,0.5,0.99,0.008562500144055924,3.698576066834586,0.9619890880584717,-0.02216528401310955,2.5358869578157153,0.8212781169678316,1.0,1.0,1.0,0.008562500144055924,0.9619890880584717,3.698576066834586,1.0,79.0,0.0,0.0,0.0,0.0,0.0,0.0,0.0,18009.0,18009.0,0.0,0.00034415978007018566,0.00034415978007018566,0.0,0.49872177839279175,0.49872177839279175,0.0,0.903042197227478,0.903042197227478,0.0,0.0,0.0,0.0,0.0,0.43999999999999995,27.933333333333334,50.26666666666667,4107.992,62,Hopper-v5,9845,Agente_2
413.60016441345215,78,1632200,1275.7602515762355,2556.516776597222,557.7102138541012,379.9189189189189,0.00034415978007018566,0.0,0.903042197227478,0.49872177839279175,18009,0.5,0.99,0.011392887263643518,3.7592236839021953,0.9931215596199036,-0.026051599314170223,3.004151987007686,0.8334527894639535,0.8699768069523192,1.0,0.8699768069523192,0.011392887263643518,0.9931215596199036,3.7592236839021953,1.0,79.0,0.0,0.0,0.0,0.0,0.0,0.0,0.0,18009.0,18009.0,0.0,0.00034415978007018566,0.00034415978007018566,0.0,0.49872177839279175,0.49872177839279175,0.0,0.903042197227478,0.903042197227478,0.0,0.0,0.0,0.0,0.0,0.4942857142857143,43.114285714285714,56.328571428571436,4364.685,63,Hopper-v5,9845,Agente_2
418.62113094329834,79,1650216,1364.8493532978935,3194.717551264401,557.7102138541012,405.79,0.00034415978007018566,0.0,0.903042197227478,0.49872177839279175,18009,0.5,0.99,0.012943565312312525,3.784758447919573,0.9920728317328862,-0.026568302022559304,2.966228929928371,0.8113422982130334,0.7450108244602732,1.0,0.7450108244602732,0.012943565312312525,0.9920728317328862,3.784758447919573,1.0,79.0,0.0,0.0,0.0,0.0,0.0,0.0,0.0,18009.0,18009.0,0.0,0.00034415978007018566,0.00034415978007018566,0.0,0.49872177839279175,0.49872177839279175,0.0,0.903042197227478,0.903042197227478,0.0,0.0,0.0,0.0,0.0,0.5771428571428572,40.34285714285714,58.057142857142864,4579.03,64,Hopper-v5,9845,Agente_2
423.7621920108795,80,1668232,1371.169882178439,3278.500769788139,676.6708814704056,407.67,0.00034415978007018566,0.0,0.903042197227478,0.49872177839279175,18009,0.5,0.99,0.012760426731705852,3.778120688029698,0.9912861740589142,-0.027846823055297135,2.7378914359637667,0.7982018612843984,0.7587805504984939,1.0,0.7587805504984939,0.012760426731705852,0.9912861740589142,3.778120688029698,1.0,79.0,0.0,0.0,0.0,0.0,0.0,0.0,0.0,18009.0,18009.0,0.0,0.00034415978007018566,0.00034415978007018566,0.0,0.49872177839279175,0.49872177839279175,0.0,0.903042197227478,0.903042197227478,0.0,0.0,0.0,0.0,0.0,0.6942857142857145,38.58571428571429,58.41428571428571,4716.127,65,Hopper-v5,9845,Agente_2
428.3390474319458,81,1686248,1372.2460033511018,3278.500769788139,656.4799586218766,409.22,0.00034415978007018566,0.0,0.903042197227478,0.49872177839279175,18009,0.5,0.99,0.011224816298698507,3.7896275438581193,0.9672430629389627,-0.022875497000558034,2.8685770780699595,0.8198319352771437,0.8847221572553793,1.0,0.8847221572553793,0.011224816298698507,0.9672430629389627,3.7896275438581193,1.0,79.0,0.0,0.0,0.0,0.0,0.0,0.0,0.0,18009.0,18009.0,0.0,0.00034415978007018566,0.00034415978007018566,0.0,0.49872177839279175,0.49872177839279175,0.0,0.903042197227478,0.903042197227478,0.0,0.0,0.0,0.0,0.0,0.8783333333333333,36.4,58.38333333333333,4684.405,66,Hopper-v5,9845,Agente_2
432.09825921058655,82,1704264,1297.3174253750892,3205.1846841170427,656.4799586218766,386.44,0.00034415978007018566,0.0,0.903042197227478,0.49872177839279175,18009,0.5,0.99,0.011822374618760867,3.7627389015470234,0.9948088657855988,-0.026247121079691817,2.945926214626857,0.8232248053024296,0.8334034153782872,1.0,0.8334034153782872,0.011822374618760867,0.9948088657855988,3.7627389015470234,1.0,79.0,0.0,0.0,0.0,0.0,0.0,0.0,0.0,18009.0,18009.0,0.0,0.00034415978007018566,0.00034415978007018566,0.0,0.49872177839279175,0.49872177839279175,0.0,0.903042197227478,0.903042197227478,0.0,0.0,0.0,0.0,0.0,0.7483333333333334,29.383333333333336,54.583333333333336,4528.228,67,Hopper-v5,9845,Agente_2
435.78088092803955,83,1722280,1181.7417003447927,1894.2776494396635,623.7684953223377,351.3333333333333,0.00034415978007018566,0.0,0.903042197227478,0.49872177839279175,18009,0.5,0.99,0.010214663066602216,3.672571385928563,0.9899926224776677,-0.024709227835493428,2.3716522462027414,0.8159687306402157,0.9787624546895363,1.0,0.9787624546895363,0.010214663066602216,0.9899926224776677,3.672571385928563,1.0,79.0,0.0,0.0,0.0,0.0,0.0,0.0,0.0,18009.0,18009.0,0.0,0.00034415978007018566,0.00034415978007018566,0.0,0.49872177839279175,0.49872177839279175,0.0,0.903042197227478,0.903042197227478,0.0,0.0,0.0,0.0,0.0,0.15,28.08333333333333,41.550000000000004,3669.214,68,Hopper-v5,9845,Agente_2
440.0682339668274,84,1740296,1363.7531461999995,2793.3190169597715,623.7684953223377,404.38028169014086,0.00034415978007018566,0.0,0.903042197227478,0.49872177839279175,18009,0.5,0.99,0.012057301692306541,3.791710179192679,0.9945050821985517,-0.02893815817311406,2.797939073017665,0.8154897237595917,0.8140527031177196,1.0,0.8140527031177196,0.012057301692306541,0.9945050821985517,3.791710179192679,1.0,79.0,0.0,0.0,0.0,0.0,0.0,0.0,0.0,18009.0,18009.0,0.0,0.00034415978007018566,0.00034415978007018566,0.0,0.49872177839279175,0.49872177839279175,0.0,0.903042197227478,0.903042197227478,0.0,0.0,0.0,0.0,0.0,0.4683333333333333,31.333333333333332,47.416666666666664,3971.432,69,Hopper-v5,9845,Agente_2
444.7167057991028,85,1758312,1375.3847235210967,2793.3190169597715,708.5340438858011,406.9,0.00034415978007018566,0.0,0.903042197227478,0.49872177839279175,18009,0.5,0.99,0.013539965330182894,3.810190478733608,0.9816442956243242,-0.02126929922295468,2.948764831168311,0.7870866430065155,0.7018774007472872,1.0,0.7018774007472872,0.013539965330182894,0.9816442956243242,3.810190478733608,1.0,79.0,0.0,0.0,0.0,0.0,0.0,0.0,0.0,18009.0,18009.0,0.0,0.00034415978007018566,0.00034415978007018566,0.0,0.49872177839279175,0.49872177839279175,0.0,0.903042197227478,0.903042197227478,0.0,0.0,0.0,0.0,0.0,0.4833333333333334,37.53333333333333,51.58333333333332,4193.335,70,Hopper-v5,9845,Agente_2
448.428439617157,86,1776328,1271.3700507824635,1880.981832140237,786.1812909514695,372.65384615384613,0.00034415978007018566,0.0,0.903042197227478,0.49872177839279175,18009,0.5,0.99,0.01172703492205754,3.7264371047701155,0.991898557969502,-0.028678995014301368,2.2213889261654445,0.7816248808883833,0.841387055682207,1.0,0.841387055682207,0.01172703492205754,0.991898557969502,3.7264371047701155,1.0,79.0,0.0,0.0,0.0,0.0,0.0,0.0,0.0,18009.0,18009.0,0.0,0.00034415978007018566,0.00034415978007018566,0.0,0.49872177839279175,0.49872177839279175,0.0,0.903042197227478,0.903042197227478,0.0,0.0,0.0,0.0,0.0,0.7116666666666666,28.91666666666667,48.35,3697.962,71,Hopper-v5,9845,Agente_2
453.2163739204407,87,1794344,1339.6152186299714,2581.1282395477047,786.1812909514695,393.53846153846155,0.00034415978007018566,0.0,0.903042197227478,0.49872177839279175,18009,0.5,0.99,0.009387634198112988,3.8236933190482003,0.9882186031341553,-0.022639835202800378,2.987695098604475,0.8362186606662875,1.0,1.0,1.0,0.009387634198112988,0.9882186031341553,3.8236933190482003,1.0,79.0,0.0,0.0,0.0,0.0,0.0,0.0,0.0,18009.0,18009.0,0.0,0.00034415978007018566,0.00034415978007018566,0.0,0.49872177839279175,0.49872177839279175,0.0,0.903042197227478,0.903042197227478,0.0,0.0,0.0,0.0,0.0,0.2916666666666667,34.4,47.43333333333333,4237.203,72,Hopper-v5,9845,Agente_2
457.2774467468262,88,1812360,1294.9482743782237,2581.1282395477047,665.5594899703007,379.1,0.00034415978007018566,0.0,0.903042197227478,0.49872177839279175,18009,0.5,0.99,0.00863159884621252,3.817235396248954,0.9903915274143219,-0.02003024089549269,3.1522431210109167,0.8771639954997156,1.0,1.0,1.0,0.00863159884621252,0.9903915274143219,3.817235396248954,1.0,79.0,0.0,0.0,0.0,0.0,0.0,0.0,0.0,18009.0,18009.0,0.0,0.00034415978007018566,0.00034415978007018566,0.0,0.49872177839279175,0.49872177839279175,0.0,0.903042197227478,0.903042197227478,0.0,0.0,0.0,0.0,0.0,0.7133333333333334,36.1,51.25000000000001,4174.516,73,Hopper-v5,9845,Agente_2
460.062082529068,89,1811624,1446.2991356936288,2278.0270217899806,728.5447346257472,422.92857142857144,0.0007200156105682254,0.0,0.9360883831977844,0.36732402443885803,22945,0.5,0.99,0.01600695950963392,4.032048615542325,0.9444924079559066,-0.022927623096091504,4.165924305807461,0.5886482808314928,0.5484298229841778,1.0,0.5484298229841778,0.01600695950963392,0.9444924079559066,4.032048615542325,1.0,120.0,0.0,0.0,0.0,0.0,0.0,0.0,0.0,22945.0,22945.0,0.0,0.0007200156105682254,0.0007200156105682254,0.0,0.36732402443885803,0.36732402443885803,0.0,0.9360883831977844,0.9360883831977844,0.0,0.0,0.0,0.0,0.0,0.4244444444444444,36.75555555555556,57.455555555555556,5759.933,74,Hopper-v5,9845,Agente_2
465.68982768058777,90,1834576,1575.3010229466427,3360.606886958529,546.6738198747465,463.5061728395062,0.0007200156105682254,0.0,0.9360883831977844,0.36732402443885803,22945,0.5,0.99,0.017329720445865282,4.14617179794745,0.9318107832561839,-0.01884671547450125,4.476658139445565,0.5616059259588468,0.4804788613409089,1.0,0.4804788613409089,0.017329720445865282,0.9318107832561839,4.14617179794745,1.0,120.0,0.0,0.0,0.0,0.0,0.0,0.0,0.0,22945.0,22945.0,0.0,0.0007200156105682254,0.0007200156105682254,0.0,0.36732402443885803,0.36732402443885803,0.0,0.9360883831977844,0.9360883831977844,0.0,0.0,0.0,0.0,0.0,0.8899999999999999,33.400000000000006,58.94285714285714,5687.171,75,Hopper-v5,9845,Agente_2
471.4967007637024,91,1857528,1622.5919681876476,3360.606886958529,543.7132792946278,476.71,0.0007200156105682254,0.0,0.9360883831977844,0.36732402443885803,22945,0.5,0.99,0.016127760942605495,4.137426737763665,0.9356774563139135,-0.019466869926757432,4.823078963973305,0.5566655863766798,0.5418445676301789,1.0,0.5418445676301789,0.016127760942605495,0.9356774563139135,4.137426737763665,1.0,120.0,0.0,0.0,0.0,0.0,0.0,0.0,0.0,22945.0,22945.0,0.0,0.0007200156105682254,0.0007200156105682254,0.0,0.36732402443885803,0.36732402443885803,0.0,0.9360883831977844,0.9360883831977844,0.0,0.0,0.0,0.0,0.0,0.71625,40.825,58.8375,5722.309,76,Hopper-v5,9845,Agente_2
476.7395713329315,92,1880480,1527.17656870818,3332.871083077555,543.7132792946278,444.77,0.0007200156105682254,0.0,0.9360883831977844,0.36732402443885803,22945,0.5,0.99,0.018916506586529894,4.127150078253313,0.9553188004276969,-0.020469938730821015,4.404061990976333,0.5199938046386335,0.40997845942449473,1.0,0.40997845942449473,0.018916506586529894,0.9553188004276969,4.127150078253313,1.0,120.0,0.0,0.0,0.0,0.0,0.0,0.0,0.0,22945.0,22945.0,0.0,0.0007200156105682254,0.0007200156105682254,0.0,0.36732402443885803,0.36732402443885803,0.0,0.9360883831977844,0.9360883831977844,0.0,0.0,0.0,0.0,0.0,0.5375,36.4625,58.2125,5600.117,77,Hopper-v5,9845,Agente_2
481.382963180542,93,1903432,1456.6482601338037,3413.16562671464,355.9816050617482,422.98,0.0007200156105682254,0.0,0.9360883831977844,0.36732402443885803,22945,0.5,0.99,0.014818492132119651,4.105834639072418,0.9627895402637395,-0.015121892630122601,5.006550870158455,0.5444054001598287,0.6176401867234141,1.0,0.6176401867234141,0.014818492132119651,0.9627895402637395,4.105834639072418,1.0,120.0,0.0,0.0,0.0,0.0,0.0,0.0,0.0,22945.0,22945.0,0.0,0.0007200156105682254,0.0007200156105682254,0.0,0.36732402443885803,0.36732402443885803,0.0,0.9360883831977844,0.9360883831977844,0.0,0.0,0.0,0.0,0.0,0.8266666666666667,32.71666666666667,49.93333333333334,5405.85,78,Hopper-v5,9845,Agente_2
485.3194971084595,94,1926384,1245.4715173007362,3413.16562671464,399.55394246241315,361.61,0.0007200156105682254,0.0,0.9360883831977844,0.36732402443885803,22945,0.5,0.99,0.016137598319007587,4.122156963023272,0.9469303045760501,-0.02528918456095694,5.249052133343437,0.5436319993274137,0.5413117968301683,1.0,0.5413117968301683,0.016137598319007587,0.9469303045760501,4.122156963023272,1.0,120.0,0.0,0.0,0.0,0.0,0.0,0.0,0.0,22945.0,22945.0,0.0,0.0007200156105682254,0.0007200156105682254,0.0,0.36732402443885803,0.36732402443885803,0.0,0.9360883831977844,0.9360883831977844,0.0,0.0,0.0,0.0,0.0,0.19333333333333336,28.566666666666666,40.81666666666667,5159.33,79,Hopper-v5,9845,Agente_2
489.883180141449,95,1949336,1328.929792590594,1947.1768777449179,734.892692147783,383.8125,0.0007200156105682254,0.0,0.9360883831977844,0.36732402443885803,22945,0.5,0.99,0.017579099505383347,4.021563656221737,0.9743399343707345,-0.029435026056175543,3.6399239125576885,0.5687020488707304,0.46864489514112834,1.0,0.46864489514112834,0.017579099505383347,0.9743399343707345,4.021563656221737,1.0,120.0,0.0,0.0,0.0,0.0,0.0,0.0,0.0,22945.0,22945.0,0.0,0.0007200156105682254,0.0007200156105682254,0.0,0.36732402443885803,0.36732402443885803,0.0,0.9360883831977844,0.9360883831977844,0.0,0.0,0.0,0.0,0.0,0.5128571428571429,22.628571428571426,42.92857142857143,4551.429,80,Hopper-v5,9845,Agente_2
494.0687952041626,96,1972288,1528.292073983928,3473.6359441515315,632.9588930971927,441.1136363636364,0.0007200156105682254,0.0,0.9360883831977844,0.36732402443885803,22945,0.5,0.99,0.012597842065759902,4.179379167340018,0.9558926778760823,-0.029524883240546015,4.077409447323192,0.6193310345578852,0.7712179916193496,1.0,0.7712179916193496,0.012597842065759902,0.9558926778760823,4.179379167340018,1.0,120.0,0.0,0.0,0.0,0.0,0.0,0.0,0.0,22945.0,22945.0,0.0,0.0007200156105682254,0.0007200156105682254,0.0,0.36732402443885803,0.36732402443885803,0.0,0.9360883831977844,0.9360883831977844,0.0,0.0,0.0,0.0,0.0,0.24500000000000002,30.933333333333337,42.33333333333334,4361.495,81,Hopper-v5,9845,Agente_2
499.8530044555664,97,1995240,1492.6808034636886,2865.9000497491297,632.9588930971927,430.06,0.0007200156105682254,0.0,0.9360883831977844,0.36732402443885803,22945,0.5,0.99,0.014711460608991315,4.162398080392317,0.9593246178193526,-0.03030604509298097,3.77085159312595,0.6205698728986028,0.6242863879207556,1.0,0.6242863879207556,0.014711460608991315,0.9593246178193526,4.162398080392317,1.0,120.0,0.0,0.0,0.0,0.0,0.0,0.0,0.0,22945.0,22945.0,0.0,0.0007200156105682254,0.0007200156105682254,0.0,0.36732402443885803,0.36732402443885803,0.0,0.9360883831977844,0.9360883831977844,0.0,0.0,0.0,0.0,0.0,0.31625,35.0625,46.900000000000006,4832.114,82,Hopper-v5,9845,Agente_2
504.1239240169525,98,2018192,1458.5041854895044,2107.7667195357685,856.7740023170336,424.7916666666667,0.0007200156105682254,0.0,0.9360883831977844,0.36732402443885803,22945,0.5,0.99,0.012364480035533264,4.063934792171825,0.9273525979031216,-0.01841736232692545,2.9019939709793436,0.6488975572429546,0.7894269286300252,1.0,0.7894269286300252,0.012364480035533264,0.9273525979031216,4.063934792171825,1.0,120.0,0.0,0.0,0.0,0.0,0.0,0.0,0.0,22945.0,22945.0,0.0,0.0007200156105682254,0.0007200156105682254,0.0,0.36732402443885803,0.36732402443885803,0.0,0.9360883831977844,0.9360883831977844,0.0,0.0,0.0,0.0,0.0,0.37166666666666665,13.883333333333333,40.38333333333333,4262.842,83,Hopper-v5,9845,Agente_2
8.878752708435059,1,26328,13.971963942003391,218.24084499618493,2.066835167907586,18.84956395348837,0.0002996566385562959,0.0,0.9188804038290999,0.11799086148040644,26327,0.5,0.99,0.0066185855297554354,4.251593957227819,0.31381957753031864,-0.010563399094869108,4.1763345730070975,1.0,1.0,1.0,1.0,0.0066185855297554354,0.31381957753031864,4.251593957227819,0.0,0.0,0.0,0.0,0.0,0.0,0.0,0.0,0.0,26327.0,26327.0,0.0,0.0002996566385562959,0.0002996566385562959,0.0,0.11799086148040644,0.11799086148040644,0.0,0.9188804038290999,0.9188804038290999,0.0,0.0,0.0,0.0,0.0,0.34923076923076923,46.2,56.676923076923075,8859.916,0,Hopper-v5,9845,Agente_3
16.08941888809204,2,52656,20.508356974588022,219.41185021600546,1.4957564693332817,23.622759856630825,0.0002996566385562959,0.0,0.9188804038290999,0.11799086148040644,26327,0.5,0.99,0.008197402879487333,4.227489731358546,0.5081943646365521,-0.022361019096684222,5.132325321085313,1.0,1.0,1.0,1.0,0.008197402879487333,0.5081943646365521,4.227489731358546,0.0,0.0,0.0,0.0,0.0,0.0,0.0,0.0,0.0,26327.0,26327.0,0.0,0.0002996566385562959,0.0002996566385562959,0.0,0.11799086148040644,0.11799086148040644,0.0,0.9188804038290999,0.9188804038290999,0.0,0.0,0.0,0.0,0.0,0.9179999999999999,32.309999999999995,60.169999999999995,8022.862,1,Hopper-v5,9845,Agente_3
25.013747930526733,3,78984,38.46090050912435,267.8350736005584,2.6159301914211017,32.5785536159601,0.0002996566385562959,0.0,0.9188804038290999,0.11799086148040644,26327,0.5,0.99,0.007769590648069211,4.187837105171353,0.46438994419340995,-0.018899205820087125,6.947942319570803,1.0,1.0,1.0,1.0,0.007769590648069211,0.46438994419340995,4.187837105171353,0.0,0.0,0.0,0.0,0.0,0.0,0.0,0.0,0.0,26327.0,26327.0,0.0,0.0002996566385562959,0.0002996566385562959,0.0,0.11799086148040644,0.11799086148040644,0.0,0.9188804038290999,0.9188804038290999,0.0,0.0,0.0,0.0,0.0,0.4975,43.1,60.18333333333334,8318.993,2,Hopper-v5,9845,Agente_3
32.28637719154358,4,105312,60.81703735039044,281.51217184566224,3.00157307745508,42.385245901639344,0.0002996566385562959,0.0,0.9188804038290999,0.11799086148040644,26327,0.5,0.99,0.008172964950162906,4.163976347680185,0.4374879444346708,-0.021029552138027024,8.008897952472463,1.0,1.0,1.0,1.0,0.008172964950162906,0.4374879444346708,4.163976347680185,0.0,0.0,0.0,0.0,0.0,0.0,0.0,0.0,0.0,26327.0,26327.0,0.0,0.0002996566385562959,0.0002996566385562959,0.0,0.11799086148040644,0.11799086148040644,0.0,0.9188804038290999,0.9188804038290999,0.0,0.0,0.0,0.0,0.0,0.68,40.489999999999995,60.13000000000001,8052.897,3,Hopper-v5,9845,Agente_3
40.113149881362915,5,131640,87.85117455339898,332.91628498381675,2.542286897298985,53.303030303030305,0.0002996566385562959,0.0,0.9188804038290999,0.11799086148040644,26327,0.5,0.99,0.008237635741400427,4.106940743502449,0.3222699117426779,-0.017502732702768316,8.128392705730363,1.0,1.0,1.0,1.0,0.008237635741400427,0.3222699117426779,4.106940743502449,0.0,0.0,0.0,0.0,0.0,0.0,0.0,0.0,0.0,26327.0,26327.0,0.0,0.0002996566385562959,0.0002996566385562959,0.0,0.11799086148040644,0.11799086148040644,0.0,0.9188804038290999,0.9188804038290999,0.0,0.0,0.0,0.0,0.0,0.8436363636363637,38.32727272727273,60.14545454545455,8003.918,4,Hopper-v5,9845,Agente_3
46.71185278892517,6,157968,107.81665824624696,274.7426928802366,4.524310829775905,61.49176470588235,0.0002996566385562959,0.0,0.9188804038290999,0.11799086148040644,26327,0.5,0.99,0.007322681119612574,4.069709723603491,0.13894835289786844,-0.015107188512589418,7.758564857408112,1.0,1.0,1.0,1.0,0.007322681119612574,0.13894835289786844,4.069709723603491,0.0,0.0,0.0,0.0,0.0,0.0,0.0,0.0,0.0,26327.0,26327.0,0.0,0.0002996566385562959,0.0002996566385562959,0.0,0.11799086148040644,0.11799086148040644,0.0,0.9188804038290999,0.9188804038290999,0.0,0.0,0.0,0.0,0.0,0.6077777777777778,32.71111111111111,60.155555555555566,7766.855,5,Hopper-v5,9845,Agente_3
55.30871033668518,7,184296,121.44083157615728,270.1394753194574,2.343702608171843,65.16296296296296,0.0002996566385562959,0.0,0.9188804038290999,0.11799086148040644,26327,0.5,0.99,0.007434287673359173,4.02145610556883,-0.07423437681852603,-0.011459764546039058,7.449647648194257,1.0,1.0,1.0,1.0,0.007434287673359173,-0.07423437681852603,4.02145610556883,0.0,0.0,0.0,0.0,0.0,0.0,0.0,0.0,0.0,26327.0,26327.0,0.0,0.0002996566385562959,0.0002996566385562959,0.0,0.11799086148040644,0.11799086148040644,0.0,0.9188804038290999,0.9188804038290999,0.0,0.0,0.0,0.0,0.0,0.5691666666666667,42.15833333333333,60.23333333333334,7883.122,6,Hopper-v5,9845,Agente_3
62.12477970123291,8,210624,129.29700997811224,266.01042174571177,5.688929506146337,67.1025641025641,0.0002996566385562959,0.0,0.9188804038290999,0.11799086148040644,26327,0.5,0.99,0.007430300134229581,4.0128969225229,0.0647319451266644,-0.011404175183498393,7.087452622020946,1.0,1.0,1.0,1.0,0.007430300134229581,0.0647319451266644,4.0128969225229,0.0,0.0,0.0,0.0,0.0,0.0,0.0,0.0,0.0,26327.0,26327.0,0.0,0.0002996566385562959,0.0002996566385562959,0.0,0.11799086148040644,0.11799086148040644,0.0,0.9188804038290999,0.9188804038290999,0.0,0.0,0.0,0.0,0.0,0.806,38.480000000000004,60.249999999999986,7747.645,7,Hopper-v5,9845,Agente_3
68.66836333274841,9,236952,138.0092047023489,284.37662743338717,10.706628542703076,69.62864721485411,0.0002996566385562959,0.0,0.9188804038290999,0.11799086148040644,26327,0.5,0.99,0.006255711479053728,4.005112301602083,0.24930561091385636,-0.01408242796565972,6.680122418497123,1.0,1.0,1.0,1.0,0.006255711479053728,0.24930561091385636,4.005112301602083,0.0,0.0,0.0,0.0,0.0,0.0,0.0,0.0,0.0,26327.0,26327.0,0.0,0.0002996566385562959,0.0002996566385562959,0.0,0.11799086148040644,0.11799086148040644,0.0,0.9188804038290999,0.9188804038290999,0.0,0.0,0.0,0.0,0.0,0.5877777777777778,34.788888888888884,60.32222222222222,7612.118,8,Hopper-v5,9845,Agente_3
74.23565196990967,10,263280,139.612023449494,286.68586602290907,40.93649263923184,69.50652741514361,0.0002996566385562959,0.0,0.9188804038290999,0.11799086148040644,26327,0.5,0.99,0.005959967633152344,3.9799295705907487,0.38603764223117454,-0.008348458545172915,6.263463240511277,1.0,1.0,1.0,1.0,0.005959967633152344,0.38603764223117454,3.9799295705907487,0.0,0.0,0.0,0.0,0.0,0.0,0.0,0.0,0.0,26327.0,26327.0,0.0,0.0002996566385562959,0.0002996566385562959,0.0,0.11799086148040644,0.11799086148040644,0.0,0.9188804038290999,0.9188804038290999,0.0,0.0,0.0,0.0,0.0,0.6875,40.2125,60.3125,7405.807,9,Hopper-v5,9845,Agente_3
81.94846439361572,11,289608,145.97554589336465,275.5383173618263,14.229396265672644,71.41256830601093,0.0002996566385562959,0.0,0.9188804038290999,0.11799086148040644,26327,0.5,0.99,0.006540957322139031,3.968672429346571,0.5121048380346859,-0.011262465967778482,5.78016427451489,1.0,1.0,1.0,1.0,0.006540957322139031,0.5121048380346859,3.968672429346571,0.0,0.0,0.0,0.0,0.0,0.0,0.0,0.0,0.0,26327.0,26327.0,0.0,0.0002996566385562959,0.0002996566385562959,0.0,0.11799086148040644,0.11799086148040644,0.0,0.9188804038290999,0.9188804038290999,0.0,0.0,0.0,0.0,0.0,0.5481818181818183,39.14545454545455,60.28181818181818,7289.761,10,Hopper-v5,9845,Agente_3
88.89144325256348,12,315936,158.73868941925267,259.61296934800464,46.81889310920556,75.91228070175438,0.0002996566385562959,0.0,0.9188804038290999,0.11799086148040644,26327,0.5,0.99,0.005897235249137214,3.981350054927901,0.681061341715794,-0.008054842401807216,5.176981615552715,1.0,1.0,1.0,1.0,0.005897235249137214,0.681061341715794,3.981350054927901,0.0,0.0,0.0,0.0,0.0,0.0,0.0,0.0,0.0,26327.0,26327.0,0.0,0.0002996566385562959,0.0002996566385562959,0.0,0.11799086148040644,0.11799086148040644,0.0,0.9188804038290999,0.9188804038290999,0.0,0.0,0.0,0.0,0.0,0.8466666666666667,35.02222222222222,60.28888888888888,7263.72,11,Hopper-v5,9845,Agente_3
96.1244490146637,13,342264,176.07205298064966,273.2870011579925,50.091429434942704,81.84735202492212,0.0002996566385562959,0.0,0.9188804038290999,0.11799086148040644,26327,0.5,0.99,0.005721382003599411,3.963634680766685,0.7987678717164433,-0.00694566138234793,4.691664116522845,1.0,1.0,1.0,1.0,0.005721382003599411,0.7987678717164433,3.963634680766685,0.0,0.0,0.0,0.0,0.0,0.0,0.0,0.0,0.0,26327.0,26327.0,0.0,0.0002996566385562959,0.0002996566385562959,0.0,0.11799086148040644,0.11799086148040644,0.0,0.9188804038290999,0.9188804038290999,0.0,0.0,0.0,0.0,0.0,0.3390000000000001,42.46,60.339999999999996,7094.694,12,Hopper-v5,9845,Agente_3
101.91702795028687,14,368592,192.02143936274538,312.69125764487825,37.195801347472354,88.26,0.0002996566385562959,0.0,0.9188804038290999,0.11799086148040644,26327,0.5,0.99,0.007112579904823374,3.9907921678879683,0.8810311470545974,-0.005918115596560871,4.071181287952498,1.0,1.0,1.0,1.0,0.007112579904823374,0.8810311470545974,3.9907921678879683,0.0,0.0,0.0,0.0,0.0,0.0,0.0,0.0,0.0,26327.0,26327.0,0.0,0.0002996566385562959,0.0002996566385562959,0.0,0.11799086148040644,0.11799086148040644,0.0,0.9188804038290999,0.9188804038290999,0.0,0.0,0.0,0.0,0.0,0.90875,33.5625,60.412499999999994,6946.821,13,Hopper-v5,9845,Agente_3
109.13012933731079,15,394920,199.69669529324284,279.9000801907066,44.233432378350216,90.25342465753425,0.0002996566385562959,0.0,0.9188804038290999,0.11799086148040644,26327,0.5,0.99,0.006644704482702461,3.9315777054020002,0.9006505145746119,-0.005835293248916666,3.7988580549464506,1.0,1.0,1.0,1.0,0.006644704482702461,0.9006505145746119,3.9315777054020002,0.0,0.0,0.0,0.0,0.0,0.0,0.0,0.0,0.0,26327.0,26327.0,0.0,0.0002996566385562959,0.0002996566385562959,0.0,0.11799086148040644,0.11799086148040644,0.0,0.9188804038290999,0.9188804038290999,0.0,0.0,0.0,0.0,0.0,0.41,43.11,60.339999999999996,6886.138,14,Hopper-v5,9845,Agente_3
116.23603105545044,16,421248,211.79221755070284,315.4779781605386,45.834475509908025,94.60791366906474,0.0002996566385562959,0.0,0.9188804038290999,0.11799086148040644,26327,0.5,0.99,0.008538699894972327,3.904713480612811,0.9290747464871874,-0.0060226073963385,3.866518239881478,1.0,1.0,1.0,1.0,0.008538699894972327,0.9290747464871874,3.904713480612811,0.0,0.0,0.0,0.0,0.0,0.0,0.0,0.0,0.0,26327.0,26327.0,0.0,0.0002996566385562959,0.0002996566385562959,0.0,0.11799086148040644,0.11799086148040644,0.0,0.9188804038290999,0.9188804038290999,0.0,0.0,0.0,0.0,0.0,0.9410000000000001,29.98,60.35,6936.774,15,Hopper-v5,9845,Agente_3
124.14341902732849,17,447576,225.19295250827017,310.41081480944786,45.40592299800163,98.91254752851711,0.0002996566385562959,0.0,0.9188804038290999,0.11799086148040644,26327,0.5,0.99,0.009177377388022823,3.8854008529700486,0.9496983634490593,-0.006003653128430539,3.6329673958759683,1.0,1.0,1.0,1.0,0.009177377388022823,0.9496983634490593,3.8854008529700486,0.0,0.0,0.0,0.0,0.0,0.0,0.0,0.0,0.0,26327.0,26327.0,0.0,0.0002996566385562959,0.0002996566385562959,0.0,0.11799086148040644,0.11799086148040644,0.0,0.9188804038290999,0.9188804038290999,0.0,0.0,0.0,0.0,0.0,0.3663636363636364,45.309090909090905,60.354545454545445,6867.993,16,Hopper-v5,9845,Agente_3
130.73941349983215,18,473904,242.93399019223787,333.2409873800292,56.620415069129976,104.15625,0.0002996566385562959,0.0,0.9188804038290999,0.11799086148040644,26327,0.5,0.99,0.009265149110419167,3.857593120313158,0.9714718880606633,-0.010651444428253408,3.6840883427975224,1.0,1.0,1.0,1.0,0.009265149110419167,0.9714718880606633,3.857593120313158,0.0,0.0,0.0,0.0,0.0,0.0,0.0,0.0,0.0,26327.0,26327.0,0.0,0.0002996566385562959,0.0002996566385562959,0.0,0.11799086148040644,0.11799086148040644,0.0,0.9188804038290999,0.9188804038290999,0.0,0.0,0.0,0.0,0.0,0.8855555555555557,35.91111111111112,60.34444444444445,6846.509,17,Hopper-v5,9845,Agente_3
137.84759736061096,19,500232,251.89224738464654,327.88256048614426,59.76306442062368,106.38775510204081,0.0002996566385562959,0.0,0.9188804038290999,0.11799086148040644,26327,0.5,0.99,0.008771181526853801,3.8461270411809285,0.9584039053496193,-0.013637385734667381,3.9650546849942674,1.0,1.0,1.0,1.0,0.008771181526853801,0.9584039053496193,3.8461270411809285,0.0,0.0,0.0,0.0,0.0,0.0,0.0,0.0,0.0,26327.0,26327.0,0.0,0.0002996566385562959,0.0002996566385562959,0.0,0.11799086148040644,0.11799086148040644,0.0,0.9188804038290999,0.9188804038290999,0.0,0.0,0.0,0.0,0.0,0.818,39.45,60.489999999999995,6903.253,18,Hopper-v5,9845,Agente_3
144.21112895011902,20,526560,269.0242143180576,354.6676464574277,64.76024113183067,110.67094017094017,0.0002996566385562959,0.0,0.9188804038290999,0.11799086148040644,26327,0.5,0.99,0.008331752075508691,3.8452636634602264,0.9563453002303255,-0.008433019313230818,3.895791156619203,1.0,1.0,1.0,1.0,0.008331752075508691,0.9563453002303255,3.8452636634602264,0.0,0.0,0.0,0.0,0.0,0.0,0.0,0.0,0.0,26327.0,26327.0,0.0,0.0002996566385562959,0.0002996566385562959,0.0,0.11799086148040644,0.11799086148040644,0.0,0.9188804038290999,0.9188804038290999,0.0,0.0,0.0,0.0,0.0,0.8366666666666666,34.2,60.37777777777777,6983.268,19,Hopper-v5,9845,Agente_3
152.0185112953186,21,552888,287.0442574010203,360.9787246842227,71.92445720707838,116.17748917748918,0.0002996566385562959,0.0,0.9188804038290999,0.11799086148040644,26327,0.5,0.99,0.007683000673012664,3.869362750707888,0.9729737361272176,-0.007619145457797191,3.7804204786525055,1.0,1.0,1.0,1.0,0.007683000673012664,0.9729737361272176,3.869362750707888,0.0,0.0,0.0,0.0,0.0,0.0,0.0,0.0,0.0,26327.0,26327.0,0.0,0.0002996566385562959,0.0002996566385562959,0.0,0.11799086148040644,0.11799086148040644,0.0,0.9188804038290999,0.9188804038290999,0.0,0.0,0.0,0.0,0.0,0.8190909090909092,38.9,60.318181818181806,6991.814,20,Hopper-v5,9845,Agente_3
159.48141288757324,22,579216,295.50654468924625,356.81484240943337,64.41204748837976,118.10762331838565,0.0002996566385562959,0.0,0.9188804038290999,0.11799086148040644,26327,0.5,0.99,0.007594431927681594,3.8460316438300937,0.9754263052753374,-0.005876219491748249,3.580956555815304,1.0,1.0,1.0,1.0,0.007594431927681594,0.9754263052753374,3.8460316438300937,0.0,0.0,0.0,0.0,0.0,0.0,0.0,0.0,0.0,26327.0,26327.0,0.0,0.0002996566385562959,0.0002996566385562959,0.0,0.11799086148040644,0.11799086148040644,0.0,0.9188804038290999,0.9188804038290999,0.0,0.0,0.0,0.0,0.0,0.491,38.89,60.33,7044.415,21,Hopper-v5,9845,Agente_3
165.7003891468048,23,605544,308.29561346245873,377.30025819646755,69.64522157068657,120.83177570093459,0.0002996566385562959,0.0,0.9188804038290999,0.11799086148040644,26327,0.5,0.99,0.0074298843537672285,3.858978932511573,0.9772061651828242,-0.007793412752011243,3.2557534414179186,1.0,1.0,1.0,1.0,0.0074298843537672285,0.9772061651828242,3.858978932511573,0.0,0.0,0.0,0.0,0.0,0.0,0.0,0.0,0.0,26327.0,26327.0,0.0,0.0002996566385562959,0.0002996566385562959,0.0,0.11799086148040644,0.11799086148040644,0.0,0.9188804038290999,0.9188804038290999,0.0,0.0,0.0,0.0,0.0,0.6366666666666667,39.111111111111114,55.111111111111114,6942.962,22,Hopper-v5,9845,Agente_3
171.7873842716217,24,631872,317.8678416332835,370.769535148674,64.54650164995645,122.8093023255814,0.0002996566385562959,0.0,0.9188804038290999,0.11799086148040644,26327,0.5,0.99,0.006833178980021187,3.869201720462126,0.9793397261815913,-0.005232219251931882,2.9457363037502065,1.0,1.0,1.0,1.0,0.006833178980021187,0.9793397261815913,3.869201720462126,0.0,0.0,0.0,0.0,0.0,0.0,0.0,0.0,0.0,26327.0,26327.0,0.0,0.0002996566385562959,0.0002996566385562959,0.0,0.11799086148040644,0.11799086148040644,0.0,0.9188804038290999,0.9188804038290999,0.0,0.0,0.0,0.0,0.0,0.50125,34.8875,58.6625,6972.673,23,Hopper-v5,9845,Agente_3
178.61608052253723,25,658200,331.2118742076928,397.3700560267512,73.42817022280992,126.01877934272301,0.0002996566385562959,0.0,0.9188804038290999,0.11799086148040644,26327,0.5,0.99,0.006836453675336374,3.839109947167191,0.9919509964830735,-0.004375382589504999,2.892204420706805,1.0,1.0,1.0,1.0,0.006836453675336374,0.9919509964830735,3.839109947167191,0.0,0.0,0.0,0.0,0.0,0.0,0.0,0.0,0.0,26327.0,26327.0,0.0,0.0002996566385562959,0.0002996566385562959,0.0,0.11799086148040644,0.11799086148040644,0.0,0.9188804038290999,0.9188804038290999,0.0,0.0,0.0,0.0,0.0,0.724,39.5,60.230000000000004,6933.942,24,Hopper-v5,9845,Agente_3
186.14807653427124,26,684528,336.38840081294234,387.100034419632,68.80516002255489,126.87562189054727,0.0002996566385562959,0.0,0.9188804038290999,0.11799086148040644,26327,0.5,0.99,0.007219195461292139,3.816584714721231,0.9916327030050989,-0.005417504329599586,2.8503697021334777,1.0,1.0,1.0,1.0,0.007219195461292139,0.9916327030050989,3.816584714721231,0.0,0.0,0.0,0.0,0.0,0.0,0.0,0.0,0.0,26327.0,26327.0,0.0,0.0002996566385562959,0.0002996566385562959,0.0,0.11799086148040644,0.11799086148040644,0.0,0.9188804038290999,0.9188804038290999,0.0,0.0,0.0,0.0,0.0,0.706,41.61,59.860000000000014,6977.002,25,Hopper-v5,9845,Agente_3
192.69934153556824,27,710856,339.9837465175323,384.96316396701735,53.565533336426114,127.48557692307692,0.0002996566385562959,0.0,0.9188804038290999,0.11799086148040644,26327,0.5,0.99,0.006878717469026399,3.794939715722028,0.99217048813315,-0.006328042297094476,2.753406538215338,1.0,1.0,1.0,1.0,0.006878717469026399,0.99217048813315,3.794939715722028,0.0,0.0,0.0,0.0,0.0,0.0,0.0,0.0,0.0,26327.0,26327.0,0.0,0.0002996566385562959,0.0002996566385562959,0.0,0.11799086148040644,0.11799086148040644,0.0,0.9188804038290999,0.9188804038290999,0.0,0.0,0.0,0.0,0.0,0.8466666666666666,42.03333333333333,59.74444444444445,6841.341,26,Hopper-v5,9845,Agente_3
199.71927857398987,28,737184,348.9145647626728,402.83847588840524,281.40702557392547,129.6439024390244,0.0002996566385562959,0.0,0.9188804038290999,0.11799086148040644,26327,0.5,0.99,0.007287606931241302,3.7953400284636256,0.9956918438275655,-0.006598233446186664,2.7698354515374874,1.0,1.0,1.0,1.0,0.007287606931241302,0.9956918438275655,3.7953400284636256,0.0,0.0,0.0,0.0,0.0,0.0,0.0,0.0,0.0,26327.0,26327.0,0.0,0.0002996566385562959,0.0002996566385562959,0.0,0.11799086148040644,0.11799086148040644,0.0,0.9188804038290999,0.9188804038290999,0.0,0.0,0.0,0.0,0.0,0.825,33.67,59.54,6883.488,27,Hopper-v5,9845,Agente_3
205.79844784736633,29,763512,358.5516697828561,402.50418531250483,269.56705145044754,131.77386934673368,0.0002996566385562959,0.0,0.9188804038290999,0.11799086148040644,26327,0.5,0.99,0.007031752828968856,3.7751270411061304,0.996025185140909,-0.008779397679894578,2.5475755380649194,1.0,1.0,1.0,1.0,0.007031752828968856,0.996025185140909,3.7751270411061304,0.0,0.0,0.0,0.0,0.0,0.0,0.0,0.0,0.0,26327.0,26327.0,0.0,0.0002996566385562959,0.0002996566385562959,0.0,0.11799086148040644,0.11799086148040644,0.0,0.9188804038290999,0.9188804038290999,0.0,0.0,0.0,0.0,0.0,0.35,54.7,59.275,6779.883,28,Hopper-v5,9845,Agente_3
212.22287964820862,30,789840,365.0079509570605,411.4012741209658,288.3001326119429,132.9030612244898,0.0002996566385562959,0.0,0.9188804038290999,0.11799086148040644,26327,0.5,0.99,0.007672286735004183,3.749946993940017,0.9957667595031214,-0.008499762938157017,2.618351379095339,1.0,1.0,1.0,1.0,0.007672286735004183,0.9957667595031214,3.749946993940017,0.0,0.0,0.0,0.0,0.0,0.0,0.0,0.0,0.0,26327.0,26327.0,0.0,0.0002996566385562959,0.0002996566385562959,0.0,0.11799086148040644,0.11799086148040644,0.0,0.9188804038290999,0.9188804038290999,0.0,0.0,0.0,0.0,0.0,0.9033333333333334,32.1888888888889,57.455555555555556,6786.329,29,Hopper-v5,9845,Agente_3
218.20498609542847,31,816168,373.6658332447179,417.9437921052311,55.42929683110536,135.2608695652174,0.0002996566385562959,0.0,0.9188804038290999,0.11799086148040644,26327,0.5,0.99,0.006414507722622503,3.7397036589828194,0.994177743734098,-0.007096415297950015,2.414771147101533,1.0,1.0,1.0,1.0,0.006414507722622503,0.994177743734098,3.7397036589828194,0.0,0.0,0.0,0.0,0.0,0.0,0.0,0.0,0.0,26327.0,26327.0,0.0,0.0002996566385562959,0.0002996566385562959,0.0,0.11799086148040644,0.11799086148040644,0.0,0.9188804038290999,0.9188804038290999,0.0,0.0,0.0,0.0,0.0,0.2222222222222222,28.72222222222222,44.7,5968.71,30,Hopper-v5,9845,Agente_3
224.39188957214355,32,842496,380.18284387905817,412.42649847338976,328.7087981245752,136.7539267015707,0.0002996566385562959,0.0,0.9188804038290999,0.11799086148040644,26327,0.5,0.99,0.007894832930897452,3.743550683470333,0.9962707447070701,-0.008437694287767597,2.3118385544010236,1.0,1.0,1.0,1.0,0.007894832930897452,0.9962707447070701,3.743550683470333,0.0,0.0,0.0,0.0,0.0,0.0,0.0,0.0,0.0,26327.0,26327.0,0.0,0.0002996566385562959,0.0002996566385562959,0.0,0.11799086148040644,0.11799086148040644,0.0,0.9188804038290999,0.9188804038290999,0.0,0.0,0.0,0.0,0.0,0.49124999999999996,36.5625,48.3875,6070.013,31,Hopper-v5,9845,Agente_3
232.40300941467285,33,868824,389.24040347212656,428.14104474022986,54.45785465288952,139.24848484848485,0.0002996566385562959,0.0,0.9188804038290999,0.11799086148040644,26327,0.5,0.99,0.008040635321259664,3.728959227543251,0.9932587400370954,-0.005661740972130906,2.187457763564353,1.0,1.0,1.0,1.0,0.008040635321259664,0.9932587400370954,3.728959227543251,0.0,0.0,0.0,0.0,0.0,0.0,0.0,0.0,0.0,26327.0,26327.0,0.0,0.0002996566385562959,0.0002996566385562959,0.0,0.11799086148040644,0.11799086148040644,0.0,0.9188804038290999,0.9188804038290999,0.0,0.0,0.0,0.0,0.0,0.30583333333333335,38.449999999999996,54.71666666666667,7998.372,32,Hopper-v5,9845,Agente_3
238.8405623435974,34,895152,395.8859245256218,432.54195029267703,274.6829999369674,140.7659574468085,0.0002996566385562959,0.0,0.9188804038290999,0.11799086148040644,26327,0.5,0.99,0.00797736358902462,3.7181809280432905,0.994391456304812,-0.00604542915654533,2.1165172174865123,1.0,1.0,1.0,1.0,0.00797736358902462,0.994391456304812,3.7181809280432905,0.0,0.0,0.0,0.0,0.0,0.0,0.0,0.0,0.0,26327.0,26327.0,0.0,0.0002996566385562959,0.0002996566385562959,0.0,0.11799086148040644,0.11799086148040644,0.0,0.9188804038290999,0.9188804038290999,0.0,0.0,0.0,0.0,0.0,0.601111111111111,32.25555555555556,57.70000000000001,7210.638,33,Hopper-v5,9845,Agente_3
246.08922576904297,35,921480,404.6436968257194,443.04694587262986,337.99238705070474,143.2125,0.0002996566385562959,0.0,0.9188804038290999,0.11799086148040644,26327,0.5,0.99,0.008797052183117774,3.6662264015160355,0.9944763175412721,-0.003997052559519515,1.97535695141437,1.0,1.0,1.0,1.0,0.008797052183117774,0.9944763175412721,3.6662264015160355,0.0,0.0,0.0,0.0,0.0,0.0,0.0,0.0,0.0,26327.0,26327.0,0.0,0.0002996566385562959,0.0002996566385562959,0.0,0.11799086148040644,0.11799086148040644,0.0,0.9188804038290999,0.9188804038290999,0.0,0.0,0.0,0.0,0.0,0.44272727272727275,42.83636363636364,52.61818181818182,7233.779,34,Hopper-v5,9845,Agente_3
255.15398907661438,36,947808,409.2827655372132,502.8657631228648,347.9177955132764,143.97395833333334,0.0002996566385562959,0.0,0.9188804038290999,0.11799086148040644,26327,0.5,0.99,0.008024815961777954,3.7075883804583083,0.9895034377481423,-0.005892815342282548,2.2035802945202474,1.0,1.0,1.0,1.0,0.008024815961777954,0.9895034377481423,3.7075883804583083,0.0,0.0,0.0,0.0,0.0,0.0,0.0,0.0,0.0,26327.0,26327.0,0.0,0.0002996566385562959,0.0002996566385562959,0.0,0.11799086148040644,0.11799086148040644,0.0,0.9188804038290999,0.9188804038290999,0.0,0.0,0.0,0.0,0.0,0.5650000000000001,38.775,58.40833333333334,8143.401,35,Hopper-v5,9845,Agente_3
254.83623385429382,37,965584,488.8285897500067,586.6962967112976,297.6145187085203,160.77734375,0.00040035927668213844,0.0,0.940159261226654,0.3787897527217865,43694,0.5,0.99,0.009086174544679757,3.6708971598569087,0.9877542436824125,-0.019855509391602348,3.643659670493182,0.6707142630787826,1.0,1.0,1.0,0.009086174544679757,0.9877542436824125,3.6708971598569087,1.0,57.0,0.0,0.0,0.0,0.0,0.0,0.0,0.0,43694.0,43694.0,0.0,0.00040035927668213844,0.00040035927668213844,0.0,0.3787897527217865,0.3787897527217865,0.0,0.940159261226654,0.940159261226654,0.0,0.0,0.0,0.0,0.0,0.2976923076923077,27.638461538461538,44.184615384615384,9230.662,36,Hopper-v5,9845,Agente_3
273.99979972839355,39,1052976,521.1359981428338,609.5019510625641,402.91041798661877,167.98804780876495,0.00040035927668213844,0.0,0.940159261226654,0.3787897527217865,43694,0.5,0.99,0.00919271940260151,3.6983888286702773,0.9929845656366909,-0.01987982472514405,3.387406004737405,0.6707142630787826,1.0,1.0,1.0,0.00919271940260151,0.9929845656366909,3.6983888286702773,1.0,57.0,0.0,0.0,0.0,0.0,0.0,0.0,0.0,43694.0,43694.0,0.0,0.00040035927668213844,0.00040035927668213844,0.0,0.3787897527217865,0.3787897527217865,0.0,0.940159261226654,0.940159261226654,0.0,0.0,0.0,0.0,0.0,0.34769230769230763,31.815384615384616,45.66923076923077,9309.176,37,Hopper-v5,9845,Agente_3
283.72273349761963,40,1096672,534.5637197139803,627.4668926487302,386.29262326904853,171.06746031746033,0.00040035927668213844,0.0,0.940159261226654,0.3787897527217865,43694,0.5,0.99,0.008967222581439532,3.6691024132335888,0.992613200930988,-0.018522782685125576,3.1782643273297477,0.7530356973090869,1.0,1.0,1.0,0.008967222581439532,0.992613200930988,3.6691024132335888,1.0,57.0,0.0,0.0,0.0,0.0,0.0,0.0,0.0,43694.0,43694.0,0.0,0.00040035927668213844,0.00040035927668213844,0.0,0.3787897527217865,0.3787897527217865,0.0,0.940159261226654,0.940159261226654,0.0,0.0,0.0,0.0,0.0,0.5685714285714286,36.67857142857143,52.57857142857143,9508.319,38,Hopper-v5,9845,Agente_3
294.1409065723419,41,1140368,544.7825039680367,610.9196840119881,445.4536165733893,174.00884955752213,0.00040035927668213844,0.0,0.940159261226654,0.3787897527217865,43694,0.5,0.99,0.009113015222606326,3.642054540690254,0.9911817995239707,-0.021814177510712077,3.0706795308169195,0.6707142630787826,1.0,1.0,1.0,0.009113015222606326,0.9911817995239707,3.642054540690254,1.0,57.0,0.0,0.0,0.0,0.0,0.0,0.0,0.0,43694.0,43694.0,0.0,0.00040035927668213844,0.00040035927668213844,0.0,0.3787897527217865,0.3787897527217865,0.0,0.940159261226654,0.940159261226654,0.0,0.0,0.0,0.0,0.0,0.3986666666666666,31.759999999999998,46.11333333333333,10407.273,39,Hopper-v5,9845,Agente_3
304.4379651546478,42,1184064,557.7808276675505,630.7249552203913,417.4301303485588,176.8031496062992,0.00040035927668213844,0.0,0.940159261226654,0.3787897527217865,43694,0.5,0.99,0.009627174109045936,3.6825115966796873,0.9945672983982984,-0.019840284157544373,2.8912423961302816,0.7530356973090869,1.0,1.0,1.0,0.009627174109045936,0.9945672983982984,3.6825115966796873,1.0,57.0,0.0,0.0,0.0,0.0,0.0,0.0,0.0,43694.0,43694.0,0.0,0.00040035927668213844,0.00040035927668213844,0.0,0.3787897527217865,0.3787897527217865,0.0,0.940159261226654,0.940159261226654,0.0,0.0,0.0,0.0,0.0,0.49142857142857144,40.192857142857136,53.75,10344.036,40,Hopper-v5,9845,Agente_3
306.40294647216797,51,1164712,640.3947118361222,982.5299482431893,366.47882250500726,197.6103896103896,0.0009948540246114135,0.0,0.9160264134407043,0.2782052457332611,18483,0.5,0.99,0.021830204090414144,3.847513574361801,0.9780852907233768,-0.01694788566803456,4.723608132865694,0.7094908419982249,0.3063520313428359,1.0,0.3063520313428359,0.021830204090414144,0.9780852907233768,3.847513574361801,1.0,71.0,0.0,0.0,0.0,0.0,0.0,0.0,0.0,18483.0,18483.0,0.0,0.0009948540246114135,0.0009948540246114135,0.0,0.2782052457332611,0.2782052457332611,0.0,0.9160264134407043,0.9160264134407043,0.0,0.0,0.0,0.0,0.0,0.5571428571428572,25.2,49.41428571428572,4237.372,41,Hopper-v5,9845,Agente_3
309.8847246170044,52,1183200,638.8503065546685,982.5299482431893,502.5542294516743,197.68,0.0009948540246114135,0.0,0.9160264134407043,0.2782052457332611,18483,0.5,0.99,0.0143631253852416,3.8732556879520414,0.9888604099551837,-0.016490253500847353,4.751216442055172,0.6937220476394953,0.6464156645633065,1.0,0.6464156645633065,0.0143631253852416,0.9888604099551837,3.8732556879520414,1.0,71.0,0.0,0.0,0.0,0.0,0.0,0.0,0.0,18483.0,18483.0,0.0,0.0009948540246114135,0.0009948540246114135,0.0,0.2782052457332611,0.2782052457332611,0.0,0.9160264134407043,0.9160264134407043,0.0,0.0,0.0,0.0,0.0,0.05,26.75,39.675,3854.088,42,Hopper-v5,9845,Agente_3
318.57144594192505,54,1220176,675.9521909088478,975.9735608453373,439.06749722366027,209.36764705882354,0.0009948540246114135,0.0,0.9160264134407043,0.2782052457332611,18483,0.5,0.99,0.011551844374561472,3.877537284957038,0.9830867240826289,-0.019718585116788746,4.145135205984116,0.8469671434156133,0.8562572370123896,1.0,0.8562572370123896,0.011551844374561472,0.9830867240826289,3.877537284957038,1.0,71.0,0.0,0.0,0.0,0.0,0.0,0.0,0.0,18483.0,18483.0,0.0,0.0009948540246114135,0.0009948540246114135,0.0,0.2782052457332611,0.2782052457332611,0.0,0.9160264134407043,0.9160264134407043,0.0,0.0,0.0,0.0,0.0,0.46,25.88571428571429,42.199999999999996,4389.671,43,Hopper-v5,9845,Agente_3
321.90574741363525,55,1238664,680.382894308676,1068.3352219860556,297.63747565556093,211.83,0.0009948540246114135,0.0,0.9160264134407043,0.2782052457332611,18483,0.5,0.99,0.008901010710158315,3.9427368183930716,0.9757956264747514,-0.015210630617932312,4.340947984324561,0.88522535756171,1.0,1.0,1.0,0.008901010710158315,0.9757956264747514,3.9427368183930716,1.0,71.0,0.0,0.0,0.0,0.0,0.0,0.0,0.0,18483.0,18483.0,0.0,0.0009948540246114135,0.0009948540246114135,0.0,0.2782052457332611,0.2782052457332611,0.0,0.9160264134407043,0.9160264134407043,0.0,0.0,0.0,0.0,0.0,0.3175,25.35,39.35,3855.186,44,Hopper-v5,9845,Agente_3
326.0444326400757,56,1257152,685.3976616275402,1160.354224236599,356.75952787027535,212.42,0.0009948540246114135,0.0,0.9160264134407043,0.2782052457332611,18483,0.5,0.99,0.011148926670517135,3.9130205545160504,0.9856292560696602,-0.0166870575139506,4.526207039753596,0.8867844736707008,0.8914618219976737,1.0,0.8914618219976737,0.011148926670517135,0.9856292560696602,3.9130205545160504,1.0,71.0,0.0,0.0,0.0,0.0,0.0,0.0,0.0,18483.0,18483.0,0.0,0.0009948540246114135,0.0009948540246114135,0.0,0.2782052457332611,0.2782052457332611,0.0,0.9160264134407043,0.9160264134407043,0.0,0.0,0.0,0.0,0.0,0.4483333333333334,33.53333333333333,43.25,3946.386,45,Hopper-v5,9845,Agente_3
330.30111718177795,57,1275640,747.8321066151394,1344.7607442339288,394.9012460630078,232.16129032258064,0.0009948540246114135,0.0,0.9160264134407043,0.2782052457332611,18483,0.5,0.99,0.013240827384126927,3.900769975450304,0.9917366423540646,-0.018947328845711632,4.2291107389662,0.8137004352320902,0.7231904042782973,1.0,0.7231904042782973,0.013240827384126927,0.9917366423540646,3.900769975450304,1.0,71.0,0.0,0.0,0.0,0.0,0.0,0.0,0.0,18483.0,18483.0,0.0,0.0009948540246114135,0.0009948540246114135,0.0,0.2782052457332611,0.2782052457332611,0.0,0.9160264134407043,0.9160264134407043,0.0,0.0,0.0,0.0,0.0,0.19999999999999996,43.18333333333334,41.983333333333334,4246.464,46,Hopper-v5,9845,Agente_3
334.3416793346405,58,1294128,738.1139472788251,1344.7607442339288,356.33436974994225,230.41,0.0009948540246114135,0.0,0.9160264134407043,0.2782052457332611,18483,0.5,0.99,0.010007780204654813,3.9567444721857705,0.9833872419264581,-0.014929410842402529,4.588321029477649,0.860080896952559,0.999222282113965,1.0,0.999222282113965,0.010007780204654813,0.9833872419264581,3.9567444721857705,1.0,71.0,0.0,0.0,0.0,0.0,0.0,0.0,0.0,18483.0,18483.0,0.0,0.0009948540246114135,0.0009948540246114135,0.0,0.2782052457332611,0.2782052457332611,0.0,0.9160264134407043,0.9160264134407043,0.0,0.0,0.0,0.0,0.0,0.39333333333333337,30.016666666666666,44.86666666666667,4137.29,47,Hopper-v5,9845,Agente_3
334.36259865760803,59,1290368,886.6309345803742,1838.6723936619132,377.258223841014,276.1666666666667,0.0009948440128937364,0.0,0.9160264134407043,0.2782052755355835,18483,0.5,0.99,0.018031167959432444,3.8179864976141187,0.9736315651072396,-0.01621150449177043,3.802017800344361,0.7604484964815548,0.44793067764344463,1.0,0.44793067764344463,0.018031167959432444,0.9736315651072396,3.8179864976141187,1.0,83.0,0.0,0.0,0.0,0.0,0.0,0.0,0.0,18483.0,18483.0,0.0,0.0009948440128937364,0.0009948440128937364,0.0,0.2782052755355835,0.2782052755355835,0.0,0.9160264134407043,0.9160264134407043,0.0,0.0,0.0,0.0,0.0,0.57375,32.8375,57.175,5642.05,48,Hopper-v5,9845,Agente_3
340.1224150657654,60,1308856,980.2072379983235,2126.8168618730133,377.258223841014,305.49,0.0009948440128937364,0.0,0.9160264134407043,0.2782052755355835,18483,0.5,0.99,0.018663198579472212,3.9979163216220006,0.9847779567042987,-0.019701283606183197,4.5336662881904175,0.6754604201034826,0.4204961909692663,1.0,0.4204961909692663,0.018663198579472212,0.9847779567042987,3.9979163216220006,1.0,83.0,0.0,0.0,0.0,0.0,0.0,0.0,0.0,18483.0,18483.0,0.0,0.0009948440128937364,0.0009948440128937364,0.0,0.2782052755355835,0.2782052755355835,0.0,0.9160264134407043,0.9160264134407043,0.0,0.0,0.0,0.0,0.0,0.52625,43.1125,58.2,5693.954,49,Hopper-v5,9845,Agente_3
345.38514375686646,61,1327344,912.6119388966748,1984.1492906793167,313.2983210787269,284.53,0.0009948440128937364,0.0,0.9160264134407043,0.2782052755355835,18483,0.5,0.99,0.01671303820251827,3.9826275057262843,0.9790899900926484,-0.017189607789946926,4.362293609645632,0.6343557742100168,0.5110418365296197,1.0,0.5110418365296197,0.01671303820251827,0.9790899900926484,3.9826275057262843,1.0,83.0,0.0,0.0,0.0,0.0,0.0,0.0,0.0,18483.0,18483.0,0.0,0.0009948440128937364,0.0009948440128937364,0.0,0.2782052755355835,0.2782052755355835,0.0,0.9160264134407043,0.9160264134407043,0.0,0.0,0.0,0.0,0.0,0.64375,35.0625,58.2125,5546.496,50,Hopper-v5,9845,Agente_3
350.8853669166565,62,1345832,901.7205466500967,1527.6902417499225,313.2983210787269,280.0,0.0009948440128937364,0.0,0.9160264134407043,0.2782052755355835,18483,0.5,0.99,0.01767084627565004,3.924776992532942,0.983749558031559,-0.01701845756162786,4.259639213482539,0.5918580540142602,0.46436489342699055,1.0,0.46436489342699055,0.01767084627565004,0.983749558031559,3.924776992532942,1.0,83.0,0.0,0.0,0.0,0.0,0.0,0.0,0.0,18483.0,18483.0,0.0,0.0009948440128937364,0.0009948440128937364,0.0,0.2782052755355835,0.2782052755355835,0.0,0.9160264134407043,0.9160264134407043,0.0,0.0,0.0,0.0,0.0,0.7671428571428571,36.385714285714286,58.1857142857143,5531.582,51,Hopper-v5,9845,Agente_3
355.68471908569336,63,1364320,943.8273976559925,1971.6966756721786,376.5591960174183,289.79,0.0009948440128937364,0.0,0.9160264134407043,0.2782052755355835,18483,0.5,0.99,0.01411796468872429,3.9514487153953977,0.9874598653780089,-0.016253193417408815,4.4153444382879465,0.6095083138552303,0.6624590933781406,1.0,0.6624590933781406,0.01411796468872429,0.9874598653780089,3.9514487153953977,1.0,83.0,0.0,0.0,0.0,0.0,0.0,0.0,0.0,18483.0,18483.0,0.0,0.0009948440128937364,0.0009948440128937364,0.0,0.2782052755355835,0.2782052755355835,0.0,0.9160264134407043,0.9160264134407043,0.0,0.0,0.0,0.0,0.0,0.7014285714285714,32.75714285714285,56.04285714285714,5382.434,52,Hopper-v5,9845,Agente_3
365.11152839660645,65,1401296,1076.5563425962755,1833.3755696893738,596.2347272898621,337.0,0.0009948440128937364,0.0,0.9160264134407043,0.2782052755355835,18483,0.5,0.99,0.017489506307821444,3.8912290818161432,0.9695789873600006,-0.019940612589319548,3.8062087681558396,0.7666814520285187,0.47286249983130046,1.0,0.47286249983130046,0.017489506307821444,0.9695789873600006,3.8912290818161432,1.0,83.0,0.0,0.0,0.0,0.0,0.0,0.0,0.0,18483.0,18483.0,0.0,0.0009948440128937364,0.0009948440128937364,0.0,0.2782052755355835,0.2782052755355835,0.0,0.9160264134407043,0.9160264134407043,0.0,0.0,0.0,0.0,0.0,0.23857142857142857,28.257142857142856,41.78571428571429,4408.612,53,Hopper-v5,9845,Agente_3
368.56243562698364,66,1419784,1269.5665888474705,3043.429866977091,596.2347272898621,396.6081081081081,0.0009948440128937364,0.0,0.9160264134407043,0.2782052755355835,18483,0.5,0.99,0.016066954458602192,4.032926023668713,0.989295145869255,-0.022606270249363864,3.9724308431148527,0.711298431877839,0.5451493714258001,1.0,0.5451493714258001,0.016066954458602192,0.989295145869255,4.032926023668713,1.0,83.0,0.0,0.0,0.0,0.0,0.0,0.0,0.0,18483.0,18483.0,0.0,0.0009948440128937364,0.0009948440128937364,0.0,0.2782052755355835,0.2782052755355835,0.0,0.9160264134407043,0.9160264134407043,0.0,0.0,0.0,0.0,0.0,0.2325,28.8,46.599999999999994,3923.194,54,Hopper-v5,9845,Agente_3
372.3766393661499,67,1438272,1268.805806472158,3043.429866977091,46.35946891613043,392.86,0.0009948440128937364,0.0,0.9160264134407043,0.2782052755355835,18483,0.5,0.99,0.01917618432459373,3.967415357298321,0.9373461751474275,-0.015454755532037881,4.216145380338033,0.633341141950305,0.3994692721677031,1.0,0.3994692721677031,0.01917618432459373,0.9373461751474275,3.967415357298321,1.0,83.0,0.0,0.0,0.0,0.0,0.0,0.0,0.0,18483.0,18483.0,0.0,0.0009948440128937364,0.0009948440128937364,0.0,0.2782052755355835,0.2782052755355835,0.0,0.9160264134407043,0.9160264134407043,0.0,0.0,0.0,0.0,0.0,0.34833333333333333,33.73333333333333,44.083333333333336,3882.464,55,Hopper-v5,9845,Agente_3
377.17040491104126,68,1456760,986.866312042461,1811.0164626029014,593.0815457534048,303.34615384615387,0.0009948440128937364,0.0,0.9160264134407043,0.2782052755355835,18483,0.5,0.99,0.014735736266205649,3.9029999832312265,0.9478364696105321,-0.016822071057847804,3.6967744714683954,0.8041590094909066,0.6227727296808521,1.0,0.6227727296808521,0.014735736266205649,0.9478364696105321,3.9029999832312265,1.0,83.0,0.0,0.0,0.0,0.0,0.0,0.0,0.0,18483.0,18483.0,0.0,0.0009948440128937364,0.0009948440128937364,0.0,0.2782052755355835,0.2782052755355835,0.0,0.9160264134407043,0.9160264134407043,0.0,0.0,0.0,0.0,0.0,0.31857142857142856,28.24285714285714,42.9,4784.87,56,Hopper-v5,9845,Agente_3
380.43068838119507,69,1475248,1229.4876395651502,3063.2198625577344,593.0815457534048,377.44871794871796,0.0009948440128937364,0.0,0.9160264134407043,0.2782052755355835,18483,0.5,0.99,0.017665463707231134,4.026268650425805,0.9746154155996111,-0.019208005401823255,4.266314000553555,0.7192729841901999,0.4646149082880801,1.0,0.4646149082880801,0.017665463707231134,0.9746154155996111,4.026268650425805,1.0,83.0,0.0,0.0,0.0,0.0,0.0,0.0,0.0,18483.0,18483.0,0.0,0.0009948440128937364,0.0009948440128937364,0.0,0.2782052755355835,0.2782052755355835,0.0,0.9160264134407043,0.9160264134407043,0.0,0.0,0.0,0.0,0.0,0.33399999999999996,29.639999999999997,45.480000000000004,4018.178,57,Hopper-v5,9845,Agente_3
384.3123438358307,70,1493736,1199.280752499857,3063.2198625577344,468.1028432610429,364.3,0.0009948440128937364,0.0,0.9160264134407043,0.2782052755355835,18483,0.5,0.99,0.015717220312116194,3.98882744246059,0.9863811115423838,-0.01667928411366625,4.291894698143006,0.6805928442086981,0.5645524242641926,1.0,0.5645524242641926,0.015717220312116194,0.9863811115423838,3.98882744246059,1.0,83.0,0.0,0.0,0.0,0.0,0.0,0.0,0.0,18483.0,18483.0,0.0,0.0009948440128937364,0.0009948440128937364,0.0,0.2782052755355835,0.2782052755355835,0.0,0.9160264134407043,0.9160264134407043,0.0,0.0,0.0,0.0,0.0,0.20800000000000002,35.12,44.760000000000005,3968.435,58,Hopper-v5,9845,Agente_3
388.4686951637268,71,1512224,1077.3504022240338,1715.2975226940107,615.3459754430227,326.5945945945946,0.0009948440128937364,0.0,0.9160264134407043,0.2782052755355835,18483,0.5,0.99,0.015924006867377934,3.9428522964318593,0.9868840290440454,-0.02009287901326186,3.8342551165156893,0.7867153557388147,0.5529981146724847,1.0,0.5529981146724847,0.015924006867377934,0.9868840290440454,3.9428522964318593,1.0,83.0,0.0,0.0,0.0,0.0,0.0,0.0,0.0,18483.0,18483.0,0.0,0.0009948440128937364,0.0009948440128937364,0.0,0.2782052755355835,0.2782052755355835,0.0,0.9160264134407043,0.9160264134407043,0.0,0.0,0.0,0.0,0.0,0.5116666666666666,30.016666666666666,49.26666666666666,4146.709,59,Hopper-v5,9845,Agente_3
391.7859239578247,72,1530712,1058.4889227537046,2337.0403523018113,598.6365604134214,320.2020202020202,0.0009948440128937364,0.0,0.9160264134407043,0.2782052755355835,18483,0.5,0.99,0.016651379590843538,4.082151304350959,0.9805416241288185,-0.01817494404191772,4.3550336768229805,0.7185871627779676,0.5142025838954263,1.0,0.5142025838954263,0.016651379590843538,0.9805416241288185,4.082151304350959,1.0,83.0,0.0,0.0,0.0,0.0,0.0,0.0,0.0,18483.0,18483.0,0.0,0.0009948440128937364,0.0009948440128937364,0.0,0.2782052755355835,0.2782052755355835,0.0,0.9160264134407043,0.9160264134407043,0.0,0.0,0.0,0.0,0.0,0.268,27.6,45.34,3727.496,60,Hopper-v5,9845,Agente_3
395.5868353843689,73,1549200,1021.6596002949246,2337.0403523018113,430.46479836312204,308.27,0.0009948440128937364,0.0,0.9160264134407043,0.2782052755355835,18483,0.5,0.99,0.013138359355869196,4.04931953019566,0.9795271373457379,-0.018734208305573298,4.441483028729757,0.7216000946253008,0.7306388901673001,1.0,0.7306388901673001,0.013138359355869196,0.9795271373457379,4.04931953019566,1.0,83.0,0.0,0.0,0.0,0.0,0.0,0.0,0.0,18483.0,18483.0,0.0,0.0009948440128937364,0.0009948440128937364,0.0,0.2782052755355835,0.2782052755355835,0.0,0.9160264134407043,0.9160264134407043,0.0,0.0,0.0,0.0,0.0,0.38,32.519999999999996,43.39999999999999,3747.821,61,Hopper-v5,9845,Agente_3
393.29547476768494,71,1528576,1208.5976654470978,2002.3307477629648,620.3047852572429,367.61538461538464,0.0007411583792418242,0.0,0.9525354504585266,0.4776777923107147,20461,0.5,0.99,0.016765828404981788,3.8926506800529284,0.9827046476877652,-0.02053121503155965,3.8588350992936356,0.6712794902142871,0.5083511446849023,1.0,0.5083511446849023,0.016765828404981788,0.9827046476877652,3.8926506800529284,1.0,101.0,0.0,0.0,0.0,0.0,0.0,0.0,0.0,20461.0,20461.0,0.0,0.0007411583792418242,0.0007411583792418242,0.0,0.4776777923107147,0.4776777923107147,0.0,0.9525354504585266,0.9525354504585266,0.0,0.0,0.0,0.0,0.0,0.3114285714285714,27.771428571428572,44.42857142857142,4531.77,62,Hopper-v5,9845,Agente_3
397.7726242542267,72,1549040,1226.4979883058515,3141.24566817302,367.4227152637941,371.4719101123595,0.0007411583792418242,0.0,0.9525354504585266,0.4776777923107147,20461,0.5,0.99,0.014917173615499334,3.9608945137415175,0.9549962360125321,-0.025275737548676822,3.92103073260723,0.6563534166788503,0.6115751960725396,1.0,0.6115751960725396,0.014917173615499334,0.9549962360125321,3.9608945137415175,1.0,101.0,0.0,0.0,0.0,0.0,0.0,0.0,0.0,20461.0,20461.0,0.0,0.0007411583792418242,0.0007411583792418242,0.0,0.4776777923107147,0.4776777923107147,0.0,0.9525354504585266,0.9525354504585266,0.0,0.0,0.0,0.0,0.0,0.3633333333333333,33.1,48.61666666666667,4499.571,63,Hopper-v5,9845,Agente_3
403.03892159461975,73,1569504,1276.3395925522066,3203.817136104379,367.4227152637941,384.86,0.0007411583792418242,0.0,0.9525354504585266,0.4776777923107147,20461,0.5,0.99,0.018277685960558114,3.9818305963124985,0.9666597921114701,-0.023826030894922905,3.939287819617834,0.6015209062109277,0.4370233748071597,1.0,0.4370233748071597,0.018277685960558114,0.9666597921114701,3.9818305963124985,1.0,101.0,0.0,0.0,0.0,0.0,0.0,0.0,0.0,20461.0,20461.0,0.0,0.0007411583792418242,0.0007411583792418242,0.0,0.4776777923107147,0.4776777923107147,0.0,0.9525354504585266,0.9525354504585266,0.0,0.0,0.0,0.0,0.0,0.4071428571428571,35.74285714285714,48.542857142857144,4751.729,64,Hopper-v5,9845,Agente_3
408.72477197647095,74,1589968,1259.7797430634594,2059.928450723009,689.5672141040526,376.51612903225805,0.0007411583792418242,0.0,0.9525354504585266,0.4776777923107147,20461,0.5,0.99,0.0173303900950722,3.9982460199258267,0.9668427896805298,-0.020019797054238807,4.33792498753621,0.6643033758403982,0.4804466871893468,1.0,0.4804466871893468,0.0173303900950722,0.9668427896805298,3.9982460199258267,1.0,101.0,0.0,0.0,0.0,0.0,0.0,0.0,0.0,20461.0,20461.0,0.0,0.0007411583792418242,0.0007411583792418242,0.0,0.4776777923107147,0.4776777923107147,0.0,0.9525354504585266,0.9525354504585266,0.0,0.0,0.0,0.0,0.0,0.495,34.425,50.5625,5676.717,65,Hopper-v5,9845,Agente_3
413.35466718673706,75,1610432,1349.2266878484795,2785.8818709316347,539.6395923218014,403.0235294117647,0.0007411583792418242,0.0,0.9525354504585266,0.4776777923107147,20461,0.5,0.99,0.01578575937248668,4.037109449582222,0.9781377431673881,-0.026592395344796852,4.675468723590558,0.6384015981222023,0.5606962649676146,1.0,0.5606962649676146,0.01578575937248668,0.9781377431673881,4.037109449582222,1.0,101.0,0.0,0.0,0.0,0.0,0.0,0.0,0.0,20461.0,20461.0,0.0,0.0007411583792418242,0.0007411583792418242,0.0,0.4776777923107147,0.4776777923107147,0.0,0.9525354504585266,0.9525354504585266,0.0,0.0,0.0,0.0,0.0,0.49000000000000005,32.542857142857144,49.4,5147.645,66,Hopper-v5,9845,Agente_3
418.69161677360535,76,1630896,1311.4524029392635,2785.8818709316347,539.6395923218014,390.37,0.0007411583792418242,0.0,0.9525354504585266,0.4776777923107147,20461,0.5,0.99,0.01886021307802413,4.037946183864887,0.9717636961203355,-0.031840826862324506,4.803466266240829,0.5818744186529679,0.4122928802452645,1.0,0.4122928802452645,0.01886021307802413,0.9717636961203355,4.037946183864887,1.0,101.0,0.0,0.0,0.0,0.0,0.0,0.0,0.0,20461.0,20461.0,0.0,0.0007411583792418242,0.0007411583792418242,0.0,0.4776777923107147,0.4776777923107147,0.0,0.9525354504585266,0.9525354504585266,0.0,0.0,0.0,0.0,0.0,0.38285714285714284,43.385714285714286,55.98571428571428,5207.106,67,Hopper-v5,9845,Agente_3
424.5827605724335,77,1651360,1202.126829120141,2900.949468290195,671.9916121189233,357.46,0.0007411583792418242,0.0,0.9525354504585266,0.4776777923107147,20461,0.5,0.99,0.017926173292905263,3.976999510251559,0.9787845525986109,-0.02766520606401639,4.3476104143338326,0.5495704357804833,0.4526584871630295,1.0,0.4526584871630295,0.017926173292905263,0.9787845525986109,3.976999510251559,1.0,101.0,0.0,0.0,0.0,0.0,0.0,0.0,0.0,20461.0,20461.0,0.0,0.0007411583792418242,0.0007411583792418242,0.0,0.4776777923107147,0.4776777923107147,0.0,0.9525354504585266,0.9525354504585266,0.0,0.0,0.0,0.0,0.0,0.6466666666666667,39.75555555555556,58.133333333333326,5374.832,68,Hopper-v5,9845,Agente_3
429.2088408470154,78,1671824,1190.4101343280734,3016.598345695502,388.09466935469123,352.7,0.0007411583792418242,0.0,0.9525354504585266,0.4776777923107147,20461,0.5,0.99,0.016164591215653137,4.035845983945406,0.9621748560514205,-0.019582781095344285,4.636906856145615,0.547140979275852,0.5398526097619585,1.0,0.5398526097619585,0.016164591215653137,0.9621748560514205,4.035845983945406,1.0,101.0,0.0,0.0,0.0,0.0,0.0,0.0,0.0,20461.0,20461.0,0.0,0.0007411583792418242,0.0007411583792418242,0.0,0.4776777923107147,0.4776777923107147,0.0,0.9525354504585266,0.9525354504585266,0.0,0.0,0.0,0.0,0.0,0.7916666666666666,37.66666666666667,58.48333333333333,5222.379,69,Hopper-v5,9845,Agente_3
434.9244601726532,79,1692288,1133.3023920693815,2747.415256421547,388.09466935469123,335.23,0.0007411583792418242,0.0,0.9525354504585266,0.4776777923107147,20461,0.5,0.99,0.01744385674957392,4.045633465815813,0.9574649459276444,-0.03781689810447204,4.397241934140523,0.5291122421340225,0.47502603070853405,1.0,0.47502603070853405,0.01744385674957392,0.9574649459276444,4.045633465815813,1.0,101.0,0.0,0.0,0.0,0.0,0.0,0.0,0.0,20461.0,20461.0,0.0,0.0007411583792418242,0.0007411583792418242,0.0,0.4776777923107147,0.4776777923107147,0.0,0.9525354504585266,0.9525354504585266,0.0,0.0,0.0,0.0,0.0,0.71625,37.75,58.425,5302.925,70,Hopper-v5,9845,Agente_3
427.7377829551697,80,1705488,1340.3396441523482,3210.685576490443,674.7983440572401,397.0975609756098,0.0007596811628900468,0.0,0.9421882033348083,0.23141911625862122,40439,0.5,0.99,0.020757098733268513,3.682103845095023,0.9743602733581495,-0.00327381227308741,3.76257818708053,0.7880271928815914,0.34105556310105317,1.0,0.34105556310105317,0.020757098733268513,0.9743602733581495,3.682103845095023,1.0,111.0,0.0,0.0,0.0,0.0,0.0,0.0,0.0,40439.0,40439.0,0.0,0.0007596811628900468,0.0007596811628900468,0.0,0.23141911625862122,0.23141911625862122,0.0,0.9421882033348083,0.9421882033348083,0.0,0.0,0.0,0.0,0.0,0.2445454545454546,26.15454545454546,41.67272727272727,7880.933,71,Hopper-v5,9845,Agente_3
437.08177375793457,81,1745928,1309.8663963586548,3187.9372005930336,514.0308213949271,388.3762376237624,0.0007596811628900468,0.0,0.9421882033348083,0.23141911625862122,40439,0.5,0.99,0.011736845867618775,3.729154289074433,0.9777449192909095,-0.007495850152694262,4.084164984409625,0.8011608897179396,0.8405619802269841,1.0,0.8405619802269841,0.011736845867618775,0.9777449192909095,3.729154289074433,1.0,111.0,0.0,0.0,0.0,0.0,0.0,0.0,0.0,40439.0,40439.0,0.0,0.0007596811628900468,0.0007596811628900468,0.0,0.23141911625862122,0.23141911625862122,0.0,0.9421882033348083,0.9421882033348083,0.0,0.0,0.0,0.0,0.0,0.2838461538461538,34.0923076923077,46.599999999999994,8604.281,72,Hopper-v5,9845,Agente_3
445.8914577960968,82,1786368,1323.4502578557322,3277.2989664553265,691.6476499452307,392.3292682926829,0.0007596811628900468,0.0,0.9421882033348083,0.23141911625862122,40439,0.5,0.99,0.011672929733490283,3.6825514148443173,0.9833985498318305,-0.007763604475901677,3.662990393852576,0.9142512355352406,0.8459517337156499,1.0,0.8459517337156499,0.011672929733490283,0.9833985498318305,3.6825514148443173,1.0,111.0,0.0,0.0,0.0,0.0,0.0,0.0,0.0,40439.0,40439.0,0.0,0.0007596811628900468,0.0007596811628900468,0.0,0.23141911625862122,0.23141911625862122,0.0,0.9421882033348083,0.9421882033348083,0.0,0.0,0.0,0.0,0.0,0.32769230769230767,30.638461538461538,47.03076923076923,8793.69,73,Hopper-v5,9845,Agente_3
454.76905274391174,83,1826808,1315.7936713396186,3221.1208830007863,689.6388764177278,390.06542056074767,0.0007596811628900468,0.0,0.9421882033348083,0.23141911625862122,40439,0.5,0.99,0.011607697821427091,3.730719792231535,0.9879018285335639,-0.0072061392812965775,4.173383770844875,0.8985604457276236,0.8514880763047726,1.0,0.8514880763047726,0.011607697821427091,0.9879018285335639,3.730719792231535,1.0,111.0,0.0,0.0,0.0,0.0,0.0,0.0,0.0,40439.0,40439.0,0.0,0.0007596811628900468,0.0007596811628900468,0.0,0.23141911625862122,0.23141911625862122,0.0,0.9421882033348083,0.9421882033348083,0.0,0.0,0.0,0.0,0.0,0.4566666666666667,36.1,48.55833333333333,8828.771,74,Hopper-v5,9845,Agente_3
468.36925888061523,89,1843200,1559.3107995069897,3303.401148292422,555.6311715626578,459.51020408163265,0.0003337119414936751,0.0,0.9008191227912903,0.3783183991909027,54525,0.5,0.99,0.008488622213876484,4.0815780111078945,0.9234465051934404,-0.013237542806650108,4.237009194043448,0.7015408250854482,1.0,1.0,1.0,0.008488622213876484,0.9234465051934404,4.0815780111078945,1.0,119.0,0.0,0.0,0.0,0.0,0.0,0.0,0.0,54525.0,54525.0,0.0,0.0003337119414936751,0.0003337119414936751,0.0,0.3783183991909027,0.3783183991909027,0.0,0.9008191227912903,0.9008191227912903,0.0,0.0,0.0,0.0,0.0,0.657,37.78,57.85,14062.213,75,Hopper-v5,9845,Agente_3
482.59631991386414,90,1897728,1490.327955099524,3367.601924782475,91.76073438264726,435.7121212121212,0.0003337119414936751,0.0,0.9008191227912903,0.3783183991909027,54525,0.5,0.99,0.008554553468000553,4.130405295794865,0.9579125272777845,-0.01169358225592043,4.494583352444307,0.7761556188140861,1.0,1.0,1.0,0.008554553468000553,0.9579125272777845,4.130405295794865,1.0,119.0,0.0,0.0,0.0,0.0,0.0,0.0,0.0,54525.0,54525.0,0.0,0.0003337119414936751,0.0003337119414936751,0.0,0.3783183991909027,0.3783183991909027,0.0,0.9008191227912903,0.9008191227912903,0.0,0.0,0.0,0.0,0.0,0.6370000000000001,37.255,56.02,14137.234,76,Hopper-v5,9845,Agente_3
492.55605149269104,91,1952256,1492.2798060193732,3289.446285028245,337.20099672346515,439.2621359223301,0.0003337119414936751,0.0,0.9008191227912903,0.3783183991909027,54525,0.5,0.99,0.0072252980487220115,4.102122545917079,0.9346797495518091,-0.013213800434198864,2.7292804666847554,0.7015408250854482,1.0,1.0,1.0,0.0072252980487220115,0.9346797495518091,4.102122545917079,1.0,119.0,0.0,0.0,0.0,0.0,0.0,0.0,0.0,54525.0,54525.0,0.0,0.0003337119414936751,0.0003337119414936751,0.0,0.3783183991909027,0.3783183991909027,0.0,0.9008191227912903,0.9008191227912903,0.0,0.0,0.0,0.0,0.0,0.2307142857142857,27.264285714285712,43.42142857142857,9947.36,77,Hopper-v5,9845,Agente_3
504.55616092681885,92,2006784,1470.086622952922,3321.8696459559715,207.4713526592787,430.0841121495327,0.0003337119414936751,0.0,0.9008191227912903,0.3783183991909027,54525,0.5,0.99,0.008664899615226167,4.117266124374462,0.9590549368341014,-0.012658209827693426,2.8394722371168855,0.7015408250854482,1.0,1.0,1.0,0.008664899615226167,0.9590549368341014,4.117266124374462,1.0,119.0,0.0,0.0,0.0,0.0,0.0,0.0,0.0,54525.0,54525.0,0.0,0.0003337119414936751,0.0003337119414936751,0.0,0.3783183991909027,0.3783183991909027,0.0,0.9008191227912903,0.9008191227912903,0.0,0.0,0.0,0.0,0.0,0.3852941176470588,32.411764705882355,45.16470588235295,11990.773,78,Hopper-v5,9845,Agente_3
17.15515923500061,1,58776,14.33342718840842,218.24084499618493,1.2255161656727,19.163660216464415,0.00012007238712148428,0.0,0.9193817897698446,0.46069765723358647,58776,0.5,0.99,0.056616583215573134,4.208883951839648,0.33955554779161484,-0.05319342072236172,4.12251486140385,0.00945077697237549,0.00945077697237549,1.0,0.00945077697237549,0.056616583215573134,0.33955554779161484,4.208883951839648,0.0,0.0,0.0,0.0,0.0,0.0,0.0,0.0,0.0,58776.0,58776.0,0.0,0.00012007238712148428,0.00012007238712148428,0.0,0.46069765723358647,0.46069765723358647,0.0,0.9193817897698446,0.9193817897698446,0.0,0.0,0.0,0.0,0.0,0.6129166666666667,40.108333333333334,58.237500000000004,17101.403,0,Hopper-v5,9845,Agente_4
30.974015712738037,2,117552,59.60429086379155,301.73366594080545,2.9897728360225386,44.332824427480915,0.00012007238712148428,0.0,0.9193817897698446,0.46069765723358647,58776,0.5,0.99,0.0528237724132627,4.017319553358513,0.33411923019509565,-0.06184353151995885,7.221861434401127,0.010540531184651581,0.01380979382147985,1.0,0.01380979382147985,0.0528237724132627,0.33411923019509565,4.017319553358513,0.0,0.0,0.0,0.0,0.0,0.0,0.0,0.0,0.0,58776.0,58776.0,0.0,0.00012007238712148428,0.00012007238712148428,0.0,0.46069765723358647,0.46069765723358647,0.0,0.9193817897698446,0.9193817897698446,0.0,0.0,0.0,0.0,0.0,0.533157894736842,43.03684210526315,60.13157894736842,15450.846,1,Hopper-v5,9845,Agente_4
44.850191593170166,3,176328,132.85199182668768,347.97070605113834,5.733235574057057,70.31736526946108,0.00012007238712148428,0.0,0.9193817897698446,0.46069765723358647,58776,0.5,0.99,0.03297224577203323,3.9508729583338686,0.010722854681182326,-0.04476546782166942,7.421522265986392,0.03303977111505005,0.10053749090624543,1.0,0.10053749090624543,0.03297224577203323,0.010722854681182326,3.9508729583338686,0.0,0.0,0.0,0.0,0.0,0.0,0.0,0.0,0.0,58776.0,58776.0,0.0,0.00012007238712148428,0.00012007238712148428,0.0,0.46069765723358647,0.46069765723358647,0.0,0.9193817897698446,0.9193817897698446,0.0,0.0,0.0,0.0,0.0,0.7225,36.144999999999996,60.095000000000006,14919.707,2,Hopper-v5,9845,Agente_4
57.32331109046936,4,235104,143.62148481787568,263.22738538444816,46.11969091338133,70.60576923076923,0.00012007238712148428,0.0,0.9193817897698446,0.46069765723358647,58776,0.5,0.99,0.01765717604532512,3.940304368002373,0.14974905090373858,-0.03039350701790107,7.064162802905367,0.1410298595915305,0.4650001250209719,1.0,0.4650001250209719,0.01765717604532512,0.14974905090373858,3.940304368002373,0.0,0.0,0.0,0.0,0.0,0.0,0.0,0.0,0.0,58776.0,58776.0,0.0,0.00012007238712148428,0.00012007238712148428,0.0,0.46069765723358647,0.46069765723358647,0.0,0.9193817897698446,0.9193817897698446,0.0,0.0,0.0,0.0,0.0,0.7005882352941176,37.93529411764706,60.2,14303.217,3,Hopper-v5,9845,Agente_4
70.28937268257141,5,293880,136.9437056061163,232.48469247719947,41.88398457742603,66.96355353075171,0.00012007238712148428,0.0,0.9193817897698446,0.46069765723358647,58776,0.5,0.99,0.01886137634379945,3.9340440800315455,0.28905386224127655,-0.03368448294829904,6.464709261844033,0.20883362529739885,0.4122449224150039,1.0,0.4122449224150039,0.01886137634379945,0.28905386224127655,3.9340440800315455,0.0,0.0,0.0,0.0,0.0,0.0,0.0,0.0,0.0,58776.0,58776.0,0.0,0.00012007238712148428,0.00012007238712148428,0.0,0.46069765723358647,0.46069765723358647,0.0,0.9193817897698446,0.9193817897698446,0.0,0.0,0.0,0.0,0.0,0.6905555555555556,37.30555555555556,60.27222222222221,14031.142,4,Hopper-v5,9845,Agente_4
85.85354685783386,6,352656,170.12832238182557,237.2486445765636,41.3011163363283,78.65456989247312,0.00012007238712148428,0.0,0.9193817897698446,0.46069765723358647,58776,0.5,0.99,0.012879172964848732,3.908511046568553,0.715030819073058,-0.019787967773644548,5.299094587407614,0.3440811196536576,0.7498236027224338,1.0,0.7498236027224338,0.012879172964848732,0.715030819073058,3.908511046568553,0.0,0.0,0.0,0.0,0.0,0.0,0.0,0.0,0.0,58776.0,58776.0,0.0,0.00012007238712148428,0.00012007238712148428,0.0,0.46069765723358647,0.46069765723358647,0.0,0.9193817897698446,0.9193817897698446,0.0,0.0,0.0,0.0,0.0,0.6431818181818183,38.58181818181818,60.26363636363636,14284.163,5,Hopper-v5,9845,Agente_4
101.30818104743958,7,411432,190.78814413594097,254.07554286570917,44.680756696779426,85.83673469387755,0.00012007238712148428,0.0,0.9193817897698446,0.46069765723358647,58776,0.5,0.99,0.009879362811025529,3.8828659172643696,0.8939285277274617,-0.012573160977805392,3.3588496626991975,0.5080608397402432,1.0,1.0,1.0,0.009879362811025529,0.8939285277274617,3.8828659172643696,0.0,0.0,0.0,0.0,0.0,0.0,0.0,0.0,0.0,58776.0,58776.0,0.0,0.00012007238712148428,0.00012007238712148428,0.0,0.46069765723358647,0.46069765723358647,0.0,0.9193817897698446,0.9193817897698446,0.0,0.0,0.0,0.0,0.0,0.5985714285714285,38.32857142857143,60.347619047619055,14448.882,6,Hopper-v5,9845,Agente_4
115.95704579353333,8,470208,188.6045628550307,258.5967375448837,44.48007483231123,85.1863173216885,0.00012007238712148428,0.0,0.9193817897698446,0.46069765723358647,58776,0.5,0.99,0.012793277678658923,3.864629065990448,0.9102856195809549,-0.016105427446350323,2.799135649936241,0.5701186234000025,0.7562919743792805,1.0,0.7562919743792805,0.012793277678658923,0.9102856195809549,3.864629065990448,0.0,0.0,0.0,0.0,0.0,0.0,0.0,0.0,0.0,58776.0,58776.0,0.0,0.00012007238712148428,0.00012007238712148428,0.0,0.46069765723358647,0.46069765723358647,0.0,0.9193817897698446,0.9193817897698446,0.0,0.0,0.0,0.0,0.0,0.6819047619047619,37.25714285714285,60.357142857142875,14471.458,7,Hopper-v5,9845,Agente_4
132.86770272254944,9,528984,192.77455161686882,249.14396610721846,43.78702162665867,86.66273932253314,0.00012007238712148428,0.0,0.9193817897698446,0.46069765723358647,58776,0.5,0.99,0.011847650084905988,3.861410877997415,0.9387613990327768,-0.014009350369962162,2.71448169601591,0.6354138698628179,0.8312996092512642,1.0,0.8312996092512642,0.011847650084905988,0.9387613990327768,3.861410877997415,0.0,0.0,0.0,0.0,0.0,0.0,0.0,0.0,0.0,58776.0,58776.0,0.0,0.00012007238712148428,0.00012007238712148428,0.0,0.46069765723358647,0.46069765723358647,0.0,0.9193817897698446,0.9193817897698446,0.0,0.0,0.0,0.0,0.0,0.6386956521739132,40.6695652173913,60.34347826086957,14740.811,8,Hopper-v5,9845,Agente_4
147.13738918304443,10,587760,204.1640276650735,308.04448462259626,44.2814290253686,90.62442040185472,0.00012007238712148428,0.0,0.9193817897698446,0.46069765723358647,58776,0.5,0.99,0.012271388100176856,3.8814150128448217,0.9755714311934354,-0.01417671670450976,2.534770892638909,0.6757629447419943,0.7968101693795235,1.0,0.7968101693795235,0.012271388100176856,0.9755714311934354,3.8814150128448217,0.0,0.0,0.0,0.0,0.0,0.0,0.0,0.0,0.0,58776.0,58776.0,0.0,0.00012007238712148428,0.00012007238712148428,0.0,0.46069765723358647,0.46069765723358647,0.0,0.9193817897698446,0.9193817897698446,0.0,0.0,0.0,0.0,0.0,0.827,37.535,60.4,14691.675,9,Hopper-v5,9845,Agente_4
160.13271403312683,11,646536,214.1670846389029,339.0876093202393,49.64608144335544,93.84210526315789,0.00012007238712148428,0.0,0.9193817897698446,0.46069765723358647,58776,0.5,0.99,0.013855656067710052,3.8597535733591046,0.9680960949052844,-0.017811239000998045,2.859182000996774,0.6768386779411772,0.6800658775387263,1.0,0.6800658775387263,0.013855656067710052,0.9680960949052844,3.8597535733591046,0.0,0.0,0.0,0.0,0.0,0.0,0.0,0.0,0.0,58776.0,58776.0,0.0,0.00012007238712148428,0.00012007238712148428,0.0,0.46069765723358647,0.46069765723358647,0.0,0.9193817897698446,0.9193817897698446,0.0,0.0,0.0,0.0,0.0,0.6366666666666667,37.538888888888884,60.29444444444445,14279.161,10,Hopper-v5,9845,Agente_4
164.05086255073547,23,598568,310.8321446678176,376.09822229729724,56.88845023367,121.45,0.0006510879611596465,0.0,0.9278655052185059,0.4914882481098175,19351,0.5,0.99,0.07864155399540719,3.817635940216683,0.9833704995142447,-0.03838642945865522,3.489004705403302,0.7502611410799007,0.0010445643196027308,1.0,0.0010445643196027308,0.07864155399540719,0.9833704995142447,3.817635940216683,1.0,32.0,0.0,0.0,0.0,0.0,0.0,0.0,0.0,19351.0,19351.0,0.0,0.0006510879611596465,0.0006510879611596465,0.0,0.4914882481098175,0.4914882481098175,0.0,0.9278655052185059,0.9278655052185059,0.0,0.0,0.0,0.0,0.0,0.8228571428571428,23.114285714285717,59.68571428571429,4552.981,11,Hopper-v5,9845,Agente_4
169.6259617805481,24,617920,333.4503963886718,393.62472966234594,270.82630319757595,127.03333333333333,0.0006510879611596465,0.0,0.9278655052185059,0.4914882481098175,19351,0.5,0.99,0.06282178381398144,3.8114184701764904,0.987934708111995,-0.02942439816086679,3.178506578948047,0.5639661932124486,0.005081349610092073,1.0,0.005081349610092073,0.06282178381398144,0.987934708111995,3.8114184701764904,1.0,32.0,0.0,0.0,0.0,0.0,0.0,0.0,0.0,19351.0,19351.0,0.0,0.0006510879611596465,0.0006510879611596465,0.0,0.4914882481098175,0.4914882481098175,0.0,0.9278655052185059,0.9278655052185059,0.0,0.0,0.0,0.0,0.0,0.66,42.4875,60.212500000000006,5059.058,12,Hopper-v5,9845,Agente_4
175.89957690238953,25,637272,355.0711964658922,405.26444003807745,64.91305901980155,133.16993464052288,0.0006510879611596465,0.0,0.9278655052185059,0.4914882481098175,19351,0.5,0.99,0.03529503174876162,3.834109139442444,0.9813616258067054,-0.024012631907857754,3.0964565921474145,0.44289929658970395,0.07969860672146997,1.0,0.07969860672146997,0.03529503174876162,0.9813616258067054,3.834109139442444,1.0,32.0,0.0,0.0,0.0,0.0,0.0,0.0,0.0,19351.0,19351.0,0.0,0.0006510879611596465,0.0006510879611596465,0.0,0.4914882481098175,0.4914882481098175,0.0,0.9278655052185059,0.9278655052185059,0.0,0.0,0.0,0.0,0.0,0.64375,41.025,59.9125,5459.088,13,Hopper-v5,9845,Agente_4
181.31504082679749,26,656624,377.0549780183485,413.67184810061735,327.107239371179,138.1970802919708,0.0006510879611596465,0.0,0.9278655052185059,0.4914882481098175,19351,0.5,0.99,0.027557652120398218,3.81093519120603,0.9971973604447133,-0.026156869701839783,2.5740880360474456,0.375368217991804,0.17277498219810417,1.0,0.17277498219810417,0.027557652120398218,0.9971973604447133,3.81093519120603,1.0,32.0,0.0,0.0,0.0,0.0,0.0,0.0,0.0,19351.0,19351.0,0.0,0.0006510879611596465,0.0006510879611596465,0.0,0.4914882481098175,0.4914882481098175,0.0,0.9278655052185059,0.9278655052185059,0.0,0.0,0.0,0.0,0.0,0.8574999999999999,40.5625,59.712500000000006,5444.966,14,Hopper-v5,9845,Agente_4
186.8754105567932,27,675976,378.77248687556494,408.7414460034557,301.65922980202674,137.61363636363637,0.0006510879611596465,0.0,0.9278655052185059,0.4914882481098175,19351,0.5,0.99,0.021014699671158685,3.8109709230629174,0.9963104931083886,-0.03182855920010322,2.5671909145406775,0.3646216968962378,0.33238213360953933,1.0,0.33238213360953933,0.021014699671158685,0.9963104931083886,3.8109709230629174,1.0,32.0,0.0,0.0,0.0,0.0,0.0,0.0,0.0,19351.0,19351.0,0.0,0.0006510879611596465,0.0006510879611596465,0.0,0.4914882481098175,0.4914882481098175,0.0,0.9278655052185059,0.9278655052185059,0.0,0.0,0.0,0.0,0.0,0.7371428571428572,45.628571428571426,59.67142857142857,5466.137,15,Hopper-v5,9845,Agente_4
191.85693216323853,28,695328,381.3606203050938,419.44030768948755,155.67901968287873,137.7948717948718,0.0006510879611596465,0.0,0.9278655052185059,0.4914882481098175,19351,0.5,0.99,0.01314118161804996,3.8882232298722137,0.9928466247545706,-0.0223325026297086,2.5579762706885467,0.4560744511252043,0.7304327138121036,1.0,0.7304327138121036,0.01314118161804996,0.9928466247545706,3.8882232298722137,1.0,32.0,0.0,0.0,0.0,0.0,0.0,0.0,0.0,19351.0,19351.0,0.0,0.0006510879611596465,0.0006510879611596465,0.0,0.4914882481098175,0.4914882481098175,0.0,0.9278655052185059,0.9278655052185059,0.0,0.0,0.0,0.0,0.0,0.9542857142857143,28.142857142857142,59.48571428571428,5382.769,16,Hopper-v5,9845,Agente_4
199.25296354293823,29,714680,391.0942207523679,455.68299347326547,333.76494362013926,140.0077519379845,0.0006510879611596465,0.0,0.9278655052185059,0.4914882481098175,19351,0.5,0.99,0.014417053798398057,3.831964724128311,0.9964632448312398,-0.024683561991598154,2.4552481677081133,0.5027905959325286,0.6429390303545017,1.0,0.6429390303545017,0.014417053798398057,0.9964632448312398,3.831964724128311,1.0,32.0,0.0,0.0,0.0,0.0,0.0,0.0,0.0,19351.0,19351.0,0.0,0.0006510879611596465,0.0006510879611596465,0.0,0.4914882481098175,0.4914882481098175,0.0,0.9278655052185059,0.9278655052185059,0.0,0.0,0.0,0.0,0.0,0.42400000000000004,52.470000000000006,59.160000000000004,5668.241,17,Hopper-v5,9845,Agente_4
203.42438960075378,30,734032,396.77368084975063,476.8791574996286,299.29913680531484,141.5801526717557,0.0006510879611596465,0.0,0.9278655052185059,0.4914882481098175,19351,0.5,0.99,0.013297275039331981,3.8551955377733385,0.9929970995799915,-0.027765852082017307,2.327250052464975,0.5568728629532868,0.7191196640155612,1.0,0.7191196640155612,0.013297275039331981,0.9929970995799915,3.8551955377733385,1.0,32.0,0.0,0.0,0.0,0.0,0.0,0.0,0.0,19351.0,19351.0,0.0,0.0006510879611596465,0.0006510879611596465,0.0,0.4914882481098175,0.4914882481098175,0.0,0.9278655052185059,0.9278655052185059,0.0,0.0,0.0,0.0,0.0,0.9516666666666667,27.433333333333334,56.65,5479.724,18,Hopper-v5,9845,Agente_4
211.81967782974243,32,772736,405.55070861124057,521.9691550808549,343.91107233618754,143.75590551181102,0.0006510879611596465,0.0,0.9278655052185059,0.4914882481098175,19351,0.5,0.99,0.012785970852348557,3.8770364832233737,0.9889537397268656,-0.02427953313784422,2.6963466193224934,0.9392111964322956,0.7568447857291823,1.0,0.7568447857291823,0.012785970852348557,0.9889537397268656,3.8770364832233737,1.0,32.0,0.0,0.0,0.0,0.0,0.0,0.0,0.0,19351.0,19351.0,0.0,0.0006510879611596465,0.0006510879611596465,0.0,0.4914882481098175,0.4914882481098175,0.0,0.9278655052185059,0.9278655052185059,0.0,0.0,0.0,0.0,0.0,0.36428571428571427,27.08571428571429,42.357142857142854,4433.39,19,Hopper-v5,9845,Agente_4
216.23370790481567,33,792088,406.05179035342087,476.48870397180417,162.16616556878185,143.14728682170542,0.0006510879611596465,0.0,0.9278655052185059,0.4914882481098175,19351,0.5,0.99,0.014310564888114026,3.891833023122839,0.9767349386537397,-0.02947572705562453,2.7739056474453694,0.8668639478377532,0.6498222020541262,1.0,0.6498222020541262,0.014310564888114026,0.9767349386537397,3.891833023122839,1.0,32.0,0.0,0.0,0.0,0.0,0.0,0.0,0.0,19351.0,19351.0,0.0,0.0006510879611596465,0.0006510879611596465,0.0,0.4914882481098175,0.4914882481098175,0.0,0.9278655052185059,0.9278655052185059,0.0,0.0,0.0,0.0,0.0,0.155,31.900000000000002,43.65,4417.925,20,Hopper-v5,9845,Agente_4
221.1073353290558,34,811440,420.2153513706909,551.8739928398115,282.00186923579093,146.42635658914728,0.0006510879611596465,0.0,0.9278655052185059,0.4914882481098175,19351,0.5,0.99,0.015000050140696584,3.859524850587587,0.9689478089680543,-0.02963869353202549,3.1171488236736606,0.8017798655116349,0.6065276185332801,1.0,0.6065276185332801,0.015000050140696584,0.9689478089680543,3.859524850587587,1.0,32.0,0.0,0.0,0.0,0.0,0.0,0.0,0.0,19351.0,19351.0,0.0,0.0006510879611596465,0.0006510879611596465,0.0,0.4914882481098175,0.4914882481098175,0.0,0.9278655052185059,0.9278655052185059,0.0,0.0,0.0,0.0,0.0,0.2414285714285714,33.6,47.41428571428572,4564.869,21,Hopper-v5,9845,Agente_4
225.7628297805786,35,830792,426.1948467064571,557.9219947602558,347.93834201730743,148.2622950819672,0.0006510879611596465,0.0,0.9278655052185059,0.4914882481098175,19351,0.5,0.99,0.012011588450263325,3.8653867193170495,0.9757076285980844,-0.027561334798716614,3.337944891968289,0.9544456301375658,0.8177825205502631,1.0,0.8177825205502631,0.012011588450263325,0.9757076285980844,3.8653867193170495,1.0,32.0,0.0,0.0,0.0,0.0,0.0,0.0,0.0,19351.0,19351.0,0.0,0.0006510879611596465,0.0006510879611596465,0.0,0.4914882481098175,0.4914882481098175,0.0,0.9278655052185059,0.9278655052185059,0.0,0.0,0.0,0.0,0.0,0.4799999999999999,27.3,50.042857142857144,4640.876,22,Hopper-v5,9845,Agente_4
230.54201674461365,36,850144,425.5761925477943,499.84741963190936,363.72944491895504,147.13740458015266,0.0006510879611596465,0.0,0.9278655052185059,0.4914882481098175,19351,0.5,0.99,0.014290300146441606,3.868196118844522,0.9787081386591937,-0.02356035503231593,3.3113611807694308,0.8786193188883672,0.6511403851407717,1.0,0.6511403851407717,0.014290300146441606,0.9787081386591937,3.868196118844522,1.0,32.0,0.0,0.0,0.0,0.0,0.0,0.0,0.0,19351.0,19351.0,0.0,0.0006510879611596465,0.0006510879611596465,0.0,0.4914882481098175,0.4914882481098175,0.0,0.9278655052185059,0.9278655052185059,0.0,0.0,0.0,0.0,0.0,0.2942857142857143,42.457142857142856,50.72857142857142,4702.73,23,Hopper-v5,9845,Agente_4
235.17936158180237,37,869496,437.5358693085363,557.7776694585455,378.76635522711376,150.0546875,0.0006510879611596465,0.0,0.9278655052185059,0.4914882481098175,19351,0.5,0.99,0.015496131057131384,3.8805954069704622,0.9698542348436408,-0.03555455411708838,3.9233107876133273,0.8032577572043993,0.5771730721524959,1.0,0.5771730721524959,0.015496131057131384,0.9698542348436408,3.8805954069704622,1.0,32.0,0.0,0.0,0.0,0.0,0.0,0.0,0.0,19351.0,19351.0,0.0,0.0006510879611596465,0.0006510879611596465,0.0,0.4914882481098175,0.4914882481098175,0.0,0.9278655052185059,0.9278655052185059,0.0,0.0,0.0,0.0,0.0,0.3316666666666667,37.78333333333333,56.81666666666666,4676.248,24,Hopper-v5,9845,Agente_4
240.66571307182312,38,888848,438.691910967317,581.4318187932555,317.7514809135688,150.03174603174602,0.0006510879611596465,0.0,0.9278655052185059,0.4914882481098175,19351,0.5,0.99,0.015935152525009863,3.8880306482315063,0.980246318353189,-0.02724921278454162,3.936862331467706,0.740538844218807,0.55238210526203,1.0,0.55238210526203,0.015935152525009863,0.980246318353189,3.8880306482315063,1.0,32.0,0.0,0.0,0.0,0.0,0.0,0.0,0.0,19351.0,19351.0,0.0,0.0006510879611596465,0.0006510879611596465,0.0,0.4914882481098175,0.4914882481098175,0.0,0.9278655052185059,0.9278655052185059,0.0,0.0,0.0,0.0,0.0,0.7075,31.65,58.325,4876.178,25,Hopper-v5,9845,Agente_4
245.27727365493774,39,908200,464.96929623387086,582.1934233325078,376.4173132659191,155.1219512195122,0.0006510879611596465,0.0,0.9278655052185059,0.4914882481098175,19351,0.5,0.99,0.014923405864219358,3.8415441171543017,0.9837600798220247,-0.032152294045364536,4.22077575245419,0.708202674650432,0.6111941659453065,1.0,0.6111941659453065,0.014923405864219358,0.9837600798220247,3.8415441171543017,1.0,32.0,0.0,0.0,0.0,0.0,0.0,0.0,0.0,19351.0,19351.0,0.0,0.0006510879611596465,0.0006510879611596465,0.0,0.4914882481098175,0.4914882481098175,0.0,0.9278655052185059,0.9278655052185059,0.0,0.0,0.0,0.0,0.0,0.38999999999999996,33.56666666666667,47.70000000000001,4820.605,26,Hopper-v5,9845,Agente_4
249.41354274749756,40,927552,455.4649744376391,578.8663897314105,64.99409804603526,152.048,0.0006510879611596465,0.0,0.9278655052185059,0.4914882481098175,19351,0.5,0.99,0.014097661366395186,3.8407962554209942,0.9733403228424691,-0.03106830838967014,4.250492127521618,0.6971033739287287,0.6638054717636188,1.0,0.6638054717636188,0.014097661366395186,0.9733403228424691,3.8407962554209942,1.0,32.0,0.0,0.0,0.0,0.0,0.0,0.0,0.0,19351.0,19351.0,0.0,0.0006510879611596465,0.0006510879611596465,0.0,0.4914882481098175,0.4914882481098175,0.0,0.9278655052185059,0.9278655052185059,0.0,0.0,0.0,0.0,0.0,0.34,29.616666666666664,44.699999999999996,4704.148,27,Hopper-v5,9845,Agente_4
253.87059926986694,41,946904,489.6787608677415,596.010468468515,378.91431519266666,160.23711340206185,0.0006510879611596465,0.0,0.9278655052185059,0.4914882481098175,19351,0.5,0.99,0.01348570471195316,3.8087043175826203,0.9830119716154563,-0.03448807383207856,4.076021613945832,0.926424045504525,0.7056961820180997,1.0,0.7056961820180997,0.01348570471195316,0.9830119716154563,3.8087043175826203,1.0,32.0,0.0,0.0,0.0,0.0,0.0,0.0,0.0,19351.0,19351.0,0.0,0.0006510879611596465,0.0006510879611596465,0.0,0.4914882481098175,0.4914882481098175,0.0,0.9278655052185059,0.9278655052185059,0.0,0.0,0.0,0.0,0.0,0.5971428571428571,40.728571428571435,58.057142857142864,4442.786,28,Hopper-v5,9845,Agente_4
258.88508701324463,42,966256,495.26498756417743,585.3207609698763,403.60326707579173,161.00787401574803,0.0006510879611596465,0.0,0.9278655052185059,0.4914882481098175,19351,0.5,0.99,0.012342096465530434,3.8880950734422015,0.9883811307919992,-0.031358149969899975,3.7705506067018253,0.8926170158804676,0.7911959270082954,1.0,0.7911959270082954,0.012342096465530434,0.9883811307919992,3.8880950734422015,1.0,32.0,0.0,0.0,0.0,0.0,0.0,0.0,0.0,19351.0,19351.0,0.0,0.0006510879611596465,0.0006510879611596465,0.0,0.4914882481098175,0.4914882481098175,0.0,0.9278655052185059,0.9278655052185059,0.0,0.0,0.0,0.0,0.0,0.7085714285714285,29.528571428571432,58.557142857142864,4721.978,29,Hopper-v5,9845,Agente_4
264.3713266849518,43,985608,519.4489194836374,620.1273209167304,448.8622874953985,166.0,0.0006510879611596465,0.0,0.9278655052185059,0.4914882481098175,19351,0.5,0.99,0.011894864885633414,3.8774773907017064,0.9928134475205396,-0.021811530311164017,3.724395400769002,0.8763087359021098,0.8273838959670361,1.0,0.8273838959670361,0.011894864885633414,0.9928134475205396,3.8774773907017064,1.0,32.0,0.0,0.0,0.0,0.0,0.0,0.0,0.0,19351.0,19351.0,0.0,0.0006510879611596465,0.0006510879611596465,0.0,0.4914882481098175,0.4914882481098175,0.0,0.9278655052185059,0.9278655052185059,0.0,0.0,0.0,0.0,0.0,0.5957142857142858,35.357142857142854,51.971428571428575,4971.171,30,Hopper-v5,9845,Agente_4
269.57525420188904,44,1004960,532.6541845374221,617.1342201497948,356.65970013760545,169.53125,0.0006510879611596465,0.0,0.9278655052185059,0.4914882481098175,19351,0.5,0.99,0.011843597024169613,3.8136241397342165,0.9876686223455378,-0.028312607655754767,3.6314021825790403,0.9579091520802945,0.8316366083211779,1.0,0.8316366083211779,0.011843597024169613,0.9876686223455378,3.8136241397342165,1.0,32.0,0.0,0.0,0.0,0.0,0.0,0.0,0.0,19351.0,19351.0,0.0,0.0006510879611596465,0.0006510879611596465,0.0,0.4914882481098175,0.4914882481098175,0.0,0.9278655052185059,0.9278655052185059,0.0,0.0,0.0,0.0,0.0,0.56375,32.7625,51.275000000000006,5189.907,31,Hopper-v5,9845,Agente_4
273.12757682800293,45,1024312,530.2164207464645,637.2242140359655,293.6154527237887,169.02479338842974,0.0006510879611596465,0.0,0.9278655052185059,0.4914882481098175,19351,0.5,0.99,0.010647564871809713,3.8997173206226248,0.9729215668665396,-0.024748997193937364,4.0050549468478644,0.9527557838358783,0.93729567910263,1.0,0.93729567910263,0.010647564871809713,0.9729215668665396,3.8997173206226248,1.0,32.0,0.0,0.0,0.0,0.0,0.0,0.0,0.0,19351.0,19351.0,0.0,0.0006510879611596465,0.0006510879611596465,0.0,0.4914882481098175,0.4914882481098175,0.0,0.9278655052185059,0.9278655052185059,0.0,0.0,0.0,0.0,0.0,0.462,31.340000000000003,49.940000000000005,4366.281,32,Hopper-v5,9845,Agente_4
277.8847768306732,46,1043664,554.8632681138856,676.5170636639821,468.26451665235874,176.09615384615384,0.0006510879611596465,0.0,0.9278655052185059,0.4914882481098175,19351,0.5,0.99,0.017069609194751704,3.829995592864784,0.9914806059888891,-0.03692002845928073,4.025496740598936,0.8378519919978648,0.49314061648382396,1.0,0.49314061648382396,0.017069609194751704,0.9914806059888891,3.829995592864784,1.0,32.0,0.0,0.0,0.0,0.0,0.0,0.0,0.0,19351.0,19351.0,0.0,0.0006510879611596465,0.0006510879611596465,0.0,0.4914882481098175,0.4914882481098175,0.0,0.9278655052185059,0.9278655052185059,0.0,0.0,0.0,0.0,0.0,0.26,36.63333333333333,44.51666666666667,4493.486,33,Hopper-v5,9845,Agente_4
283.32113695144653,47,1063016,558.6596237383048,779.0335644394072,53.59429855086266,175.08333333333334,0.0006510879611596465,0.0,0.9278655052185059,0.4914882481098175,19351,0.5,0.99,0.013473196863983539,3.816137565793218,0.9773714527890489,-0.02708987993867816,3.776244390333021,0.9266448520804277,0.7065794083217108,1.0,0.7065794083217108,0.013473196863983539,0.9773714527890489,3.816137565793218,1.0,32.0,0.0,0.0,0.0,0.0,0.0,0.0,0.0,19351.0,19351.0,0.0,0.0006510879611596465,0.0006510879611596465,0.0,0.4914882481098175,0.4914882481098175,0.0,0.9278655052185059,0.9278655052185059,0.0,0.0,0.0,0.0,0.0,0.54625,31.5375,51.675,5426.521,34,Hopper-v5,9845,Agente_4
287.039598941803,48,1082368,569.3032921050701,776.379850747285,381.38452330737925,177.65714285714284,0.0006510879611596465,0.0,0.9278655052185059,0.4914882481098175,19351,0.5,0.99,0.015020825053727241,3.829557224866506,0.9855667265685829,-0.031343762858493905,4.194564219423243,0.8463008567234014,0.6052688706523223,1.0,0.6052688706523223,0.015020825053727241,0.9855667265685829,3.829557224866506,1.0,32.0,0.0,0.0,0.0,0.0,0.0,0.0,0.0,19351.0,19351.0,0.0,0.0006510879611596465,0.0006510879611596465,0.0,0.4914882481098175,0.4914882481098175,0.0,0.9278655052185059,0.9278655052185059,0.0,0.0,0.0,0.0,0.0,0.326,30.22,46.8,4565.657,35,Hopper-v5,9845,Agente_4
291.1082625389099,49,1101720,584.573376879706,794.5314308418168,218.63263696060045,182.7037037037037,0.0006510879611596465,0.0,0.9278655052185059,0.4914882481098175,19351,0.5,0.99,0.019824486539368375,3.8391986073674382,0.9849269522202981,-0.021719036122935045,4.20530315927557,0.7283239465672746,0.37439321609889414,1.0,0.37439321609889414,0.019824486539368375,0.9849269522202981,3.8391986073674382,1.0,32.0,0.0,0.0,0.0,0.0,0.0,0.0,0.0,19351.0,19351.0,0.0,0.0006510879611596465,0.0006510879611596465,0.0,0.4914882481098175,0.4914882481098175,0.0,0.9278655052185059,0.9278655052185059,0.0,0.0,0.0,0.0,0.0,0.41500000000000004,29.78333333333333,45.85,4396.577,36,Hopper-v5,9845,Agente_4
296.495906829834,50,1121072,600.9628919078848,769.0080087671473,209.71580115950667,188.15217391304347,0.0006510879611596465,0.0,0.9278655052185059,0.4914882481098175,19351,0.5,0.99,0.015270720845768157,3.84778071287516,0.9786850653790139,-0.03148948395926807,4.132749774649336,0.8975827201687445,0.5903308806749779,1.0,0.5903308806749779,0.015270720845768157,0.9786850653790139,3.84778071287516,1.0,32.0,0.0,0.0,0.0,0.0,0.0,0.0,0.0,19351.0,19351.0,0.0,0.0006510879611596465,0.0006510879611596465,0.0,0.4914882481098175,0.4914882481098175,0.0,0.9278655052185059,0.9278655052185059,0.0,0.0,0.0,0.0,0.0,0.3525,38.85,51.5125,5377.167,37,Hopper-v5,9845,Agente_4
301.4905261993408,51,1140424,626.558354819591,852.9752793234112,388.59768878719586,195.28,0.0006510879611596465,0.0,0.9278655052185059,0.4914882481098175,19351,0.5,0.99,0.015317909377218048,3.870322661786466,0.9881893064524676,-0.026073814027414127,4.190501666713406,0.8200749796851782,0.5875517582344792,1.0,0.5875517582344792,0.015317909377218048,0.9881893064524676,3.870322661786466,1.0,32.0,0.0,0.0,0.0,0.0,0.0,0.0,0.0,19351.0,19351.0,0.0,0.0006510879611596465,0.0006510879611596465,0.0,0.4914882481098175,0.4914882481098175,0.0,0.9278655052185059,0.9278655052185059,0.0,0.0,0.0,0.0,0.0,0.8257142857142857,35.65714285714286,56.82857142857142,5179.16,38,Hopper-v5,9845,Agente_4
305.46014738082886,52,1159776,657.2661589647124,912.2067739256661,395.93404404987774,204.9,0.0006510879611596465,0.0,0.9278655052185059,0.4914882481098175,19351,0.5,0.99,0.01480992344456624,3.8693536571554237,0.9838070532760105,-0.035187175890078415,4.299925435555948,0.769598647291229,0.6181696501093814,1.0,0.6181696501093814,0.01480992344456624,0.9838070532760105,3.8693536571554237,1.0,32.0,0.0,0.0,0.0,0.0,0.0,0.0,0.0,19351.0,19351.0,0.0,0.0006510879611596465,0.0006510879611596465,0.0,0.4914882481098175,0.4914882481098175,0.0,0.9278655052185059,0.9278655052185059,0.0,0.0,0.0,0.0,0.0,0.835,33.71666666666666,52.21666666666667,4770.655,39,Hopper-v5,9845,Agente_4
309.30106925964355,53,1179128,679.9708083111012,1336.6639299804142,374.9461781709184,213.33333333333334,0.0006510879611596465,0.0,0.9278655052185059,0.4914882481098175,19351,0.5,0.99,0.015354358766155795,3.849284616032162,0.9749683707147031,-0.027594815403525087,4.271689568983542,0.8963535165559667,0.5854140662238668,1.0,0.5854140662238668,0.015354358766155795,0.9749683707147031,3.849284616032162,1.0,32.0,0.0,0.0,0.0,0.0,0.0,0.0,0.0,19351.0,19351.0,0.0,0.0006510879611596465,0.0006510879611596465,0.0,0.4914882481098175,0.4914882481098175,0.0,0.9278655052185059,0.9278655052185059,0.0,0.0,0.0,0.0,0.0,0.16,26.21666666666667,41.166666666666664,3829.424,40,Hopper-v5,9845,Agente_4
312.9633011817932,54,1198480,690.4456845835017,1336.6639299804142,289.20976176242226,217.16,0.0006510879611596465,0.0,0.9278655052185059,0.4914882481098175,19351,0.5,0.99,0.015245060312814973,3.9343876845127825,0.9795033042495315,-0.027221938142099895,4.62611392253154,0.8202270490157803,0.591847646395221,1.0,0.591847646395221,0.015245060312814973,0.9795033042495315,3.9343876845127825,1.0,32.0,0.0,0.0,0.0,0.0,0.0,0.0,0.0,19351.0,19351.0,0.0,0.0006510879611596465,0.0006510879611596465,0.0,0.4914882481098175,0.4914882481098175,0.0,0.9278655052185059,0.9278655052185059,0.0,0.0,0.0,0.0,0.0,0.29,28.419999999999998,46.04,3739.296,41,Hopper-v5,9845,Agente_4
317.20889139175415,55,1217832,698.8905432699903,1035.484537251497,291.9732611311482,219.52,0.0006510879611596465,0.0,0.9278655052185059,0.4914882481098175,19351,0.5,0.99,0.015342043270789578,3.937497273006955,0.9763134439249297,-0.02707556859413917,4.709675987346753,0.7617041559571087,0.5861354767810943,1.0,0.5861354767810943,0.015342043270789578,0.9763134439249297,3.937497273006955,1.0,32.0,0.0,0.0,0.0,0.0,0.0,0.0,0.0,19351.0,19351.0,0.0,0.0006510879611596465,0.0006510879611596465,0.0,0.4914882481098175,0.4914882481098175,0.0,0.9278655052185059,0.9278655052185059,0.0,0.0,0.0,0.0,0.0,0.37166666666666665,32.56666666666667,43.53333333333334,3904.43,42,Hopper-v5,9845,Agente_4
322.0619606971741,56,1237184,782.7957036169867,1659.2249780653383,310.13418599856,247.01694915254237,0.0006510879611596465,0.0,0.9278655052185059,0.4914882481098175,19351,0.5,0.99,0.014593356486561139,3.8512341989053263,0.9742826183100004,-0.023622423468308673,4.157814226601575,0.9079257947471444,0.6317031789885775,1.0,0.6317031789885775,0.014593356486561139,0.9742826183100004,3.8512341989053263,1.0,32.0,0.0,0.0,0.0,0.0,0.0,0.0,0.0,19351.0,19351.0,0.0,0.0006510879611596465,0.0006510879611596465,0.0,0.4914882481098175,0.4914882481098175,0.0,0.9278655052185059,0.9278655052185059,0.0,0.0,0.0,0.0,0.0,0.3628571428571429,27.21428571428572,42.785714285714285,4843.731,43,Hopper-v5,9845,Agente_4
326.15683031082153,57,1256536,813.9008924247086,1887.0968070512688,58.06193783089015,256.23,0.0006510879611596465,0.0,0.9278655052185059,0.4914882481098175,19351,0.5,0.99,0.01447700891144573,3.9050952640739647,0.963269523833249,-0.027041136146195837,4.552694163451323,0.8407182997262812,0.6390958146636914,1.0,0.6390958146636914,0.01447700891144573,0.963269523833249,3.9050952640739647,1.0,32.0,0.0,0.0,0.0,0.0,0.0,0.0,0.0,19351.0,19351.0,0.0,0.0006510879611596465,0.0006510879611596465,0.0,0.4914882481098175,0.4914882481098175,0.0,0.9278655052185059,0.9278655052185059,0.0,0.0,0.0,0.0,0.0,0.2283333333333333,31.76666666666667,42.61666666666667,4464.466,44,Hopper-v5,9845,Agente_4
330.89283418655396,58,1275888,850.2975233148974,1790.4511833895817,364.4348747513851,267.34,0.0006510879611596465,0.0,0.9278655052185059,0.4914882481098175,19351,0.5,0.99,0.01351648607178504,3.9535985592249276,0.9628720154633393,-0.035396689798280194,4.667790237632958,0.8064205480415161,0.7035272929872205,1.0,0.7035272929872205,0.01351648607178504,0.9628720154633393,3.9535985592249276,1.0,32.0,0.0,0.0,0.0,0.0,0.0,0.0,0.0,19351.0,19351.0,0.0,0.0006510879611596465,0.0006510879611596465,0.0,0.4914882481098175,0.4914882481098175,0.0,0.9278655052185059,0.9278655052185059,0.0,0.0,0.0,0.0,0.0,0.1757142857142857,32.68571428571429,47.82857142857143,4551.848,45,Hopper-v5,9845,Agente_4
335.4227554798126,59,1295240,856.753171459781,1891.7514218447086,546.0390010005631,272.0740740740741,0.0006510879611596465,0.0,0.9278655052185059,0.4914882481098175,19351,0.5,0.99,0.016564253988248095,3.862972311715822,0.9758495482238563,-0.025190024228917585,4.347513300019341,0.8796755444805295,0.5187021779221184,1.0,0.5187021779221184,0.016564253988248095,0.9758495482238563,3.862972311715822,1.0,32.0,0.0,0.0,0.0,0.0,0.0,0.0,0.0,19351.0,19351.0,0.0,0.0006510879611596465,0.0006510879611596465,0.0,0.4914882481098175,0.4914882481098175,0.0,0.9278655052185059,0.9278655052185059,0.0,0.0,0.0,0.0,0.0,0.14142857142857143,28.32857142857143,44.857142857142854,4521.202,46,Hopper-v5,9845,Agente_4
339.4003071784973,60,1314592,884.8863982202097,1891.7514218447086,546.0390010005631,278.03,0.0006510879611596465,0.0,0.9278655052185059,0.4914882481098175,19351,0.5,0.99,0.013503158442954128,3.9115644255199946,0.9676725904683809,-0.02584888211174591,4.497285904755463,0.8358730466481054,0.7044655531508331,1.0,0.7044655531508331,0.013503158442954128,0.9676725904683809,3.9115644255199946,1.0,32.0,0.0,0.0,0.0,0.0,0.0,0.0,0.0,19351.0,19351.0,0.0,0.0006510879611596465,0.0006510879611596465,0.0,0.4914882481098175,0.4914882481098175,0.0,0.9278655052185059,0.9278655052185059,0.0,0.0,0.0,0.0,0.0,0.358,32.7,46.7,4239.441,47,Hopper-v5,9845,Agente_4
344.99134635925293,61,1333944,961.4204538776066,2731.343033267477,280.0570165944622,300.57,0.0006510879611596465,0.0,0.9278655052185059,0.4914882481098175,19351,0.5,0.99,0.016632416713469572,3.912655780122087,0.9711588795120651,-0.026264441227288667,4.542525129060487,0.7556994312477903,0.515178585046845,1.0,0.515178585046845,0.016632416713469572,0.9711588795120651,3.912655780122087,1.0,32.0,0.0,0.0,0.0,0.0,0.0,0.0,0.0,19351.0,19351.0,0.0,0.0006510879611596465,0.0006510879611596465,0.0,0.4914882481098175,0.4914882481098175,0.0,0.9278655052185059,0.9278655052185059,0.0,0.0,0.0,0.0,0.0,0.3625,41.3625,50.95,4685.111,48,Hopper-v5,9845,Agente_4
350.2431471347809,62,1353296,997.534022940121,2731.343033267477,597.2608368602591,310.48,0.0006510879611596465,0.0,0.9278655052185059,0.4914882481098175,19351,0.5,0.99,0.014690204441160096,3.9462957987914216,0.9691093341724293,-0.026160329545067775,4.156059296066696,0.723178271656884,0.6256147928841653,1.0,0.6256147928841653,0.014690204441160096,0.9691093341724293,3.9462957987914216,1.0,32.0,0.0,0.0,0.0,0.0,0.0,0.0,0.0,19351.0,19351.0,0.0,0.0006510879611596465,0.0006510879611596465,0.0,0.4914882481098175,0.4914882481098175,0.0,0.9278655052185059,0.9278655052185059,0.0,0.0,0.0,0.0,0.0,0.5912499999999999,35.8125,57.400000000000006,4823.395,49,Hopper-v5,9845,Agente_4
356.24807262420654,63,1372648,1019.1669855155134,2328.886323538548,538.8312669601296,316.01,0.0006510879611596465,0.0,0.9278655052185059,0.4914882481098175,19351,0.5,0.99,0.01341345486107457,3.9917498930080515,0.9335599322576781,-0.0239472308498178,4.440566337430799,0.7200870261585083,0.7108132896633812,1.0,0.7108132896633812,0.01341345486107457,0.9335599322576781,3.9917498930080515,1.0,32.0,0.0,0.0,0.0,0.0,0.0,0.0,0.0,19351.0,19351.0,0.0,0.0006510879611596465,0.0006510879611596465,0.0,0.4914882481098175,0.4914882481098175,0.0,0.9278655052185059,0.9278655052185059,0.0,0.0,0.0,0.0,0.0,0.5237499999999999,42.737500000000004,58.2,5057.002,50,Hopper-v5,9845,Agente_4
361.65363478660583,64,1392000,1029.9502831002885,3050.844799586907,538.8312669601296,317.96,0.0006510879611596465,0.0,0.9278655052185059,0.4914882481098175,19351,0.5,0.99,0.015460223742352478,3.959317611359261,0.977099141720179,-0.030652276003682935,4.3856054570223835,0.6848775873629656,0.579249270976337,1.0,0.579249270976337,0.015460223742352478,0.977099141720179,3.959317611359261,1.0,32.0,0.0,0.0,0.0,0.0,0.0,0.0,0.0,19351.0,19351.0,0.0,0.0006510879611596465,0.0006510879611596465,0.0,0.4914882481098175,0.4914882481098175,0.0,0.9278655052185059,0.9278655052185059,0.0,0.0,0.0,0.0,0.0,0.5042857142857143,37.300000000000004,58.17142857142857,5113.366,51,Hopper-v5,9845,Agente_4
366.45152854919434,65,1411352,962.3241501563796,2175.002642299089,527.9171183852926,293.16,0.0006510879611596465,0.0,0.9278655052185059,0.4914882481098175,19351,0.5,0.99,0.014305616505196274,3.9759942376935804,0.9529251051915658,-0.02235492398660328,4.322550764599362,0.6761941501559763,0.6501438385350087,1.0,0.6501438385350087,0.014305616505196274,0.9529251051915658,3.9759942376935804,1.0,32.0,0.0,0.0,0.0,0.0,0.0,0.0,0.0,19351.0,19351.0,0.0,0.0006510879611596465,0.0006510879611596465,0.0,0.4914882481098175,0.4914882481098175,0.0,0.9278655052185059,0.9278655052185059,0.0,0.0,0.0,0.0,0.0,0.7671428571428571,36.32857142857143,58.14285714285715,5066.907,52,Hopper-v5,9845,Agente_4
370.8708531856537,66,1430704,1013.308228616059,2679.0696518784616,530.3095486273801,310.26,0.0006510879611596465,0.0,0.9278655052185059,0.4914882481098175,19351,0.5,0.99,0.016882313149737357,4.019229118244068,0.9805215091318698,-0.027931480205340965,4.260522239917034,0.6327616086516131,0.5024639841385237,1.0,0.5024639841385237,0.016882313149737357,0.9805215091318698,4.019229118244068,1.0,32.0,0.0,0.0,0.0,0.0,0.0,0.0,0.0,19351.0,19351.0,0.0,0.0006510879611596465,0.0006510879611596465,0.0,0.4914882481098175,0.4914882481098175,0.0,0.9278655052185059,0.9278655052185059,0.0,0.0,0.0,0.0,0.0,0.6549999999999999,34.31666666666667,57.15,4984.713,53,Hopper-v5,9845,Agente_4
376.6309382915497,67,1450056,1059.8678081597602,2503.2038435837835,361.35136635741645,323.76,0.0006510879611596465,0.0,0.9278655052185059,0.4914882481098175,19351,0.5,0.99,0.014204493519453888,4.052413297343898,0.9808440529011392,-0.027294847323886446,4.288747826460246,0.638759116706946,0.6567516408729441,1.0,0.6567516408729441,0.014204493519453888,0.9808440529011392,4.052413297343898,1.0,32.0,0.0,0.0,0.0,0.0,0.0,0.0,0.0,19351.0,19351.0,0.0,0.0006510879611596465,0.0006510879611596465,0.0,0.4914882481098175,0.4914882481098175,0.0,0.9278655052185059,0.9278655052185059,0.0,0.0,0.0,0.0,0.0,0.6725,38.1,52.025000000000006,5069.924,54,Hopper-v5,9845,Agente_4
380.95875453948975,68,1469408,1054.997041216819,1935.1866147251963,633.8748050138628,323.0,0.0006510879611596465,0.0,0.9278655052185059,0.4914882481098175,19351,0.5,0.99,0.015006286183976486,3.9372969118324486,0.9385113060474396,-0.021668656837396525,3.8017167983828366,0.9015373757986879,0.6061495031947515,1.0,0.6061495031947515,0.015006286183976486,0.9385113060474396,3.9372969118324486,1.0,32.0,0.0,0.0,0.0,0.0,0.0,0.0,0.0,19351.0,19351.0,0.0,0.0006510879611596465,0.0006510879611596465,0.0,0.4914882481098175,0.4914882481098175,0.0,0.9278655052185059,0.9278655052185059,0.0,0.0,0.0,0.0,0.0,0.29,28.557142857142857,44.314285714285724,4315.919,55,Hopper-v5,9845,Agente_4
384.6624994277954,69,1488760,1255.9417281774583,3225.197043884331,572.2350413267428,386.8974358974359,0.0006510879611596465,0.0,0.9278655052185059,0.4914882481098175,19351,0.5,0.99,0.017591948660796136,3.961864428262453,0.9792620365684097,-0.03157845628825394,3.785286640154349,0.7931638100326657,0.4680431127345994,1.0,0.4680431127345994,0.017591948660796136,0.9792620365684097,3.961864428262453,1.0,32.0,0.0,0.0,0.0,0.0,0.0,0.0,0.0,19351.0,19351.0,0.0,0.0006510879611596465,0.0006510879611596465,0.0,0.4914882481098175,0.4914882481098175,0.0,0.9278655052185059,0.9278655052185059,0.0,0.0,0.0,0.0,0.0,0.15999999999999998,28.48,42.82,4004.707,56,Hopper-v5,9845,Agente_4
388.751873254776,70,1508112,1423.7928464455936,3225.197043884331,572.2350413267428,436.87,0.0006510879611596465,0.0,0.9278655052185059,0.4914882481098175,19351,0.5,0.99,0.01648433265783284,3.9891138663163055,0.9386835483280388,-0.02992657219135278,3.9699873811489828,0.7255889387240819,0.5228643247983308,1.0,0.5228643247983308,0.01648433265783284,0.9386835483280388,3.9891138663163055,1.0,32.0,0.0,0.0,0.0,0.0,0.0,0.0,0.0,19351.0,19351.0,0.0,0.0006510879611596465,0.0006510879611596465,0.0,0.4914882481098175,0.4914882481098175,0.0,0.9278655052185059,0.9278655052185059,0.0,0.0,0.0,0.0,0.0,0.31599999999999995,34.12,46.160000000000004,4028.682,57,Hopper-v5,9845,Agente_4
392.6537311077118,71,1527464,1170.1915285403475,1918.4939839156425,620.3047852572429,354.0,0.0006510879611596465,0.0,0.9278655052185059,0.4914882481098175,19351,0.5,0.99,0.015992733341566468,3.901082586597752,0.9793690011307999,-0.021116353490868132,3.8091517954259304,0.8873026459244135,0.5492105836976541,1.0,0.5492105836976541,0.015992733341566468,0.9793690011307999,3.901082586597752,1.0,32.0,0.0,0.0,0.0,0.0,0.0,0.0,0.0,19351.0,19351.0,0.0,0.0006510879611596465,0.0006510879611596465,0.0,0.4914882481098175,0.4914882481098175,0.0,0.9278655052185059,0.9278655052185059,0.0,0.0,0.0,0.0,0.0,0.225,26.583333333333332,42.35,3888.805,58,Hopper-v5,9845,Agente_4
396.34260272979736,72,1546816,1207.8926551877746,3100.1164147920194,620.3047852572429,365.60919540229884,0.0006510879611596465,0.0,0.9278655052185059,0.4914882481098175,19351,0.5,0.99,0.013108592292917672,3.9508747964291957,0.9857930766569601,-0.026587424475095562,4.155753620572992,0.8486812413885062,0.7328170277807842,1.0,0.7328170277807842,0.013108592292917672,0.9857930766569601,3.9508747964291957,1.0,32.0,0.0,0.0,0.0,0.0,0.0,0.0,0.0,19351.0,19351.0,0.0,0.0006510879611596465,0.0006510879611596465,0.0,0.4914882481098175,0.4914882481098175,0.0,0.9278655052185059,0.9278655052185059,0.0,0.0,0.0,0.0,0.0,0.31,29.2,43.44,3779.518,59,Hopper-v5,9845,Agente_4
400.21032786369324,73,1566168,1200.8905301669513,3100.1164147920194,288.4652342516715,362.16,0.0006510879611596465,0.0,0.9278655052185059,0.4914882481098175,19351,0.5,0.99,0.01446804952764167,3.933016327265147,0.9742121567597261,-0.023193862233814356,4.159022681455355,0.7964280964694583,0.6396686617123148,1.0,0.6396686617123148,0.01446804952764167,0.9742121567597261,3.933016327265147,1.0,32.0,0.0,0.0,0.0,0.0,0.0,0.0,0.0,19351.0,19351.0,0.0,0.0006510879611596465,0.0006510879611596465,0.0,0.4914882481098175,0.4914882481098175,0.0,0.9278655052185059,0.9278655052185059,0.0,0.0,0.0,0.0,0.0,0.31999999999999995,32.49999999999999,45.849999999999994,3805.676,60,Hopper-v5,9845,Agente_4
404.58649349212646,74,1585520,1200.3146759462625,2029.1286699553732,684.5412361409279,365.96774193548384,0.0006510879611596465,0.0,0.9278655052185059,0.4914882481098175,19351,0.5,0.99,0.01599584354325287,3.9733873915027926,0.9330450715245427,-0.020918505674077048,3.407583897500425,0.8872599486725208,0.5490397946900832,1.0,0.5490397946900832,0.01599584354325287,0.9330450715245427,3.9733873915027926,1.0,32.0,0.0,0.0,0.0,0.0,0.0,0.0,0.0,19351.0,19351.0,0.0,0.0006510879611596465,0.0006510879611596465,0.0,0.4914882481098175,0.4914882481098175,0.0,0.9278655052185059,0.9278655052185059,0.0,0.0,0.0,0.0,0.0,0.28571428571428575,29.671428571428574,47.942857142857136,4362.835,61,Hopper-v5,9845,Agente_4
409.1975402832031,75,1604872,1250.0297230161702,2999.8237615383837,180.90734989607063,379.88505747126436,0.0006510879611596465,0.0,0.9278655052185059,0.4914882481098175,19351,0.5,0.99,0.014704583161393522,4.020208024978638,0.9819155235548277,-0.0222220542337242,4.082889810768334,0.8216239328263912,0.6247158852880024,1.0,0.6247158852880024,0.014704583161393522,0.9819155235548277,4.020208024978638,1.0,32.0,0.0,0.0,0.0,0.0,0.0,0.0,0.0,19351.0,19351.0,0.0,0.0006510879611596465,0.0006510879611596465,0.0,0.4914882481098175,0.4914882481098175,0.0,0.9278655052185059,0.9278655052185059,0.0,0.0,0.0,0.0,0.0,0.19333333333333336,35.75000000000001,48.18333333333333,4481.802,62,Hopper-v5,9845,Agente_4
413.40116930007935,76,1624224,1260.6193491621277,2999.8237615383837,180.90734989607063,380.48,0.0006510879611596465,0.0,0.9278655052185059,0.4914882481098175,19351,0.5,0.99,0.01735370024836959,4.009890304385005,0.9689809707370964,-0.024306673742830753,3.728039169955898,0.7360499653368242,0.47932806286812285,1.0,0.47932806286812285,0.01735370024836959,0.9689809707370964,4.009890304385005,1.0,32.0,0.0,0.0,0.0,0.0,0.0,0.0,0.0,19351.0,19351.0,0.0,0.0006510879611596465,0.0006510879611596465,0.0,0.4914882481098175,0.4914882481098175,0.0,0.9278655052185059,0.9278655052185059,0.0,0.0,0.0,0.0,0.0,0.40499999999999997,39.916666666666664,50.4,4382.621,63,Hopper-v5,9845,Agente_4
409.5816900730133,77,1619128,1233.8513539141381,2360.536955571571,543.7785232061823,368.9047619047619,0.0003090912359766662,0.0,0.9357999563217163,0.315619558095932,22953,0.5,0.99,0.007246586907091685,3.7234995218840514,0.9678394577719949,-0.01428861053216017,2.7046684645793655,0.8880315309187036,1.0,1.0,1.0,0.007246586907091685,0.9678394577719949,3.7234995218840514,1.0,106.0,0.0,0.0,0.0,0.0,0.0,0.0,0.0,22953.0,22953.0,0.0,0.0003090912359766662,0.0003090912359766662,0.0,0.315619558095932,0.315619558095932,0.0,0.9357999563217163,0.9357999563217163,0.0,0.0,0.0,0.0,0.0,0.5557142857142857,36.471428571428575,57.68571428571429,4726.852,64,Hopper-v5,9845,Agente_4
414.3924105167389,78,1642088,1301.353519433199,2562.7116177820403,543.7785232061823,386.48979591836735,0.0003090912359766662,0.0,0.9357999563217163,0.315619558095932,22953,0.5,0.99,0.0094677908893118,3.7281913280487062,0.9891027297485958,-0.011175976268185133,2.846419640291821,0.9160236481890277,1.0,1.0,1.0,0.0094677908893118,0.9891027297485958,3.7281913280487062,1.0,106.0,0.0,0.0,0.0,0.0,0.0,0.0,0.0,22953.0,22953.0,0.0,0.0003090912359766662,0.0003090912359766662,0.0,0.315619558095932,0.315619558095932,0.0,0.9357999563217163,0.9357999563217163,0.0,0.0,0.0,0.0,0.0,0.7114285714285714,35.65714285714286,58.228571428571435,4762.127,65,Hopper-v5,9845,Agente_4
419.84370851516724,79,1665048,1407.3883870747627,3154.772926060471,688.145355994502,418.81,0.0003090912359766662,0.0,0.9357999563217163,0.315619558095932,22953,0.5,0.99,0.007418626857536931,3.690674713524905,0.9729817374186083,-0.012328861029395326,2.7235992870547556,0.9370177361417708,1.0,1.0,1.0,0.007418626857536931,0.9729817374186083,3.690674713524905,1.0,106.0,0.0,0.0,0.0,0.0,0.0,0.0,0.0,22953.0,22953.0,0.0,0.0003090912359766662,0.0003090912359766662,0.0,0.315619558095932,0.315619558095932,0.0,0.9357999563217163,0.9357999563217163,0.0,0.0,0.0,0.0,0.0,0.897142857142857,37.142857142857146,58.47142857142857,4988.141,66,Hopper-v5,9845,Agente_4
425.01034331321716,80,1688008,1330.5283115157602,3230.3368396959095,613.3207767309418,395.96,0.0003090912359766662,0.0,0.9357999563217163,0.315619558095932,22953,0.5,0.99,0.0067730603930819845,3.7086313594471325,0.9707807054573839,-0.013985471001995558,2.8757799381559543,0.9527633021063281,1.0,1.0,1.0,0.0067730603930819845,0.9707807054573839,3.7086313594471325,1.0,106.0,0.0,0.0,0.0,0.0,0.0,0.0,0.0,22953.0,22953.0,0.0,0.0003090912359766662,0.0003090912359766662,0.0,0.315619558095932,0.315619558095932,0.0,0.9357999563217163,0.9357999563217163,0.0,0.0,0.0,0.0,0.0,0.7225,30.924999999999997,56.5875,5030.242,67,Hopper-v5,9845,Agente_4
429.29212522506714,81,1710968,1217.4097756189265,3230.3368396959095,613.3207767309418,360.44,0.0003090912359766662,0.0,0.9357999563217163,0.315619558095932,22953,0.5,0.99,0.009631394245047886,3.710772799903696,0.994602351567962,-0.016691454605792057,2.931352524323897,0.9645724765797461,1.0,1.0,1.0,0.009631394245047886,0.994602351567962,3.710772799903696,1.0,106.0,0.0,0.0,0.0,0.0,0.0,0.0,0.0,22953.0,22953.0,0.0,0.0003090912359766662,0.0003090912359766662,0.0,0.315619558095932,0.315619558095932,0.0,0.9357999563217163,0.9357999563217163,0.0,0.0,0.0,0.0,0.0,0.285,26.750000000000004,39.06666666666667,4878.885,68,Hopper-v5,9845,Agente_4
434.4510250091553,82,1733928,1135.9621495265167,2808.5331365837155,511.2565162355614,335.96,0.0003090912359766662,0.0,0.9357999563217163,0.315619558095932,22953,0.5,0.99,0.007993320623605044,3.710209944031455,0.9928966714577241,-0.024845596292818135,2.849853150952946,0.9734293574348096,1.0,1.0,1.0,0.007993320623605044,0.9928966714577241,3.710209944031455,1.0,106.0,0.0,0.0,0.0,0.0,0.0,0.0,0.0,22953.0,22953.0,0.0,0.0003090912359766662,0.0003090912359766662,0.0,0.315619558095932,0.315619558095932,0.0,0.9357999563217163,0.9357999563217163,0.0,0.0,0.0,0.0,0.0,0.17428571428571432,34.01428571428571,41.92857142857143,4923.328,69,Hopper-v5,9845,Agente_4
439.5602283477783,83,1756888,1286.936504212584,2288.0632595627067,659.3628655008309,379.16279069767444,0.0003090912359766662,0.0,0.9357999563217163,0.315619558095932,22953,0.5,0.99,0.00917194604477473,3.637823121656071,0.9907653604041446,-0.017424733310260555,3.050411782752384,0.8880315309187036,1.0,1.0,1.0,0.00917194604477473,0.9907653604041446,3.637823121656071,1.0,106.0,0.0,0.0,0.0,0.0,0.0,0.0,0.0,22953.0,22953.0,0.0,0.0003090912359766662,0.0003090912359766662,0.0,0.315619558095932,0.315619558095932,0.0,0.9357999563217163,0.9357999563217163,0.0,0.0,0.0,0.0,0.0,0.27,28.55,43.55,5097.123,70,Hopper-v5,9845,Agente_4
444.70765471458435,84,1779848,1328.365049942168,2923.500606726482,659.3628655008309,390.5520833333333,0.0003090912359766662,0.0,0.9357999563217163,0.315619558095932,22953,0.5,0.99,0.010610592876665496,3.6989357552745123,0.9642580595883457,-0.01753625446845862,3.2064238984476434,0.901215513742769,0.940767462214965,1.0,0.940767462214965,0.010610592876665496,0.9642580595883457,3.6989357552745123,1.0,106.0,0.0,0.0,0.0,0.0,0.0,0.0,0.0,22953.0,22953.0,0.0,0.0003090912359766662,0.0003090912359766662,0.0,0.315619558095932,0.315619558095932,0.0,0.9357999563217163,0.9357999563217163,0.0,0.0,0.0,0.0,0.0,0.18714285714285714,36.01428571428572,46.48571428571428,5117.46,71,Hopper-v5,9845,Agente_4
449.33086037635803,85,1802808,1360.0909332369517,3293.481078912397,620.4376237601712,398.83,0.0003090912359766662,0.0,0.9357999563217163,0.315619558095932,22953,0.5,0.99,0.00859290102539076,3.7134334152395074,0.9879976432431828,-0.018350025460081684,3.256024944782257,0.9259116353070768,1.0,1.0,1.0,0.00859290102539076,0.9879976432431828,3.7134334152395074,1.0,106.0,0.0,0.0,0.0,0.0,0.0,0.0,0.0,22953.0,22953.0,0.0,0.0003090912359766662,0.0003090912359766662,0.0,0.315619558095932,0.315619558095932,0.0,0.9357999563217163,0.9357999563217163,0.0,0.0,0.0,0.0,0.0,0.5266666666666667,29.383333333333336,48.13333333333333,4948.78,72,Hopper-v5,9845,Agente_4
454.9136118888855,86,1825768,1319.6014408974722,2295.4147915233643,615.1749919680525,387.1578947368421,0.0003090912359766662,0.0,0.9357999563217163,0.315619558095932,22953,0.5,0.99,0.006817073652994629,3.632858908176422,0.9687934975732456,-0.014025845243172212,2.8405352106148545,0.8880315309187036,1.0,1.0,1.0,0.006817073652994629,0.9687934975732456,3.632858908176422,1.0,106.0,0.0,0.0,0.0,0.0,0.0,0.0,0.0,22953.0,22953.0,0.0,0.0003090912359766662,0.0003090912359766662,0.0,0.315619558095932,0.315619558095932,0.0,0.9357999563217163,0.9357999563217163,0.0,0.0,0.0,0.0,0.0,0.24,38.387499999999996,47.099999999999994,5571.896,73,Hopper-v5,9845,Agente_4
461.12097358703613,87,1848728,1382.9642160870594,3166.0723090738798,60.482908404088434,405.319587628866,0.0003090912359766662,0.0,0.9357999563217163,0.315619558095932,22953,0.5,0.99,0.007458201773876929,3.7118291269649157,0.9782634015787731,-0.013290617352520878,3.2801438216458667,0.9160236481890277,1.0,1.0,1.0,0.007458201773876929,0.9782634015787731,3.7118291269649157,1.0,106.0,0.0,0.0,0.0,0.0,0.0,0.0,0.0,22953.0,22953.0,0.0,0.0003090912359766662,0.0003090912359766662,0.0,0.315619558095932,0.315619558095932,0.0,0.9357999563217163,0.9357999563217163,0.0,0.0,0.0,0.0,0.0,0.41555555555555546,45.099999999999994,56.711111111111116,5882.674,74,Hopper-v5,9845,Agente_4
466.2919189929962,88,1871688,1337.7888640314432,3397.5004328717746,60.482908404088434,391.42,0.0003090912359766662,0.0,0.9357999563217163,0.315619558095932,22953,0.5,0.99,0.009299255018818672,3.697567443956028,0.9811582318761132,-0.014946634395429018,3.5916236999359996,0.9370177361417708,1.0,1.0,1.0,0.009299255018818672,0.9811582318761132,3.697567443956028,1.0,106.0,0.0,0.0,0.0,0.0,0.0,0.0,0.0,22953.0,22953.0,0.0,0.0003090912359766662,0.0003090912359766662,0.0,0.315619558095932,0.315619558095932,0.0,0.9357999563217163,0.9357999563217163,0.0,0.0,0.0,0.0,0.0,0.75,36.08571428571428,58.74285714285714,5641.691,75,Hopper-v5,9845,Agente_4
471.81167483329773,89,1894648,1215.1483646533406,2267.17469700517,572.8627891653721,355.21,0.0003090912359766662,0.0,0.9357999563217163,0.315619558095932,22953,0.5,0.99,0.010442146318616159,3.6919732630252837,0.9902491566809741,-0.027006704474545336,3.351468860290267,0.9419504487823324,0.9567485867040172,1.0,0.9567485867040172,0.010442146318616159,0.9902491566809741,3.6919732630252837,1.0,106.0,0.0,0.0,0.0,0.0,0.0,0.0,0.0,22953.0,22953.0,0.0,0.0003090912359766662,0.0003090912359766662,0.0,0.315619558095932,0.315619558095932,0.0,0.9357999563217163,0.9357999563217163,0.0,0.0,0.0,0.0,0.0,0.795,36.7,58.8625,5607.98,76,Hopper-v5,9845,Agente_4
476.75876355171204,90,1917608,1177.3069734903772,2267.17469700517,622.6365135318227,344.06,0.0003090912359766662,0.0,0.9357999563217163,0.315619558095932,22953,0.5,0.99,0.007039055470291218,3.734041013500907,0.9820693043145267,-0.016776462690904735,3.36533881994811,0.9564628365867492,1.0,1.0,1.0,0.007039055470291218,0.9820693043145267,3.734041013500907,1.0,106.0,0.0,0.0,0.0,0.0,0.0,0.0,0.0,22953.0,22953.0,0.0,0.0003090912359766662,0.0003090912359766662,0.0,0.315619558095932,0.315619558095932,0.0,0.9357999563217163,0.9357999563217163,0.0,0.0,0.0,0.0,0.0,0.4114285714285715,41.82857142857143,58.84285714285714,5473.979,77,Hopper-v5,9845,Agente_4
481.59377884864807,91,1940568,1131.8395818744107,3270.1130635518225,622.6365135318227,331.11,0.0003090912359766662,0.0,0.9357999563217163,0.315619558095932,22953,0.5,0.99,0.008463446649280244,3.7615551867268304,0.9839491258968006,-0.012338434481485323,3.4658771070567043,0.9673471274400619,1.0,1.0,1.0,0.008463446649280244,0.9839491258968006,3.7615551867268304,1.0,106.0,0.0,0.0,0.0,0.0,0.0,0.0,0.0,22953.0,22953.0,0.0,0.0003090912359766662,0.0003090912359766662,0.0,0.315619558095932,0.315619558095932,0.0,0.9357999563217163,0.9357999563217163,0.0,0.0,0.0,0.0,0.0,0.8933333333333332,31.96666666666667,54.099999999999994,5365.266,78,Hopper-v5,9845,Agente_4
496.010205745697,93,1974072,1535.7483954616089,3402.3868732367832,369.46298726011395,448.2300884955752,0.0003817560791503638,0.0,0.9436475038528442,0.13917018473148346,58266,0.5,0.99,0.005699380328072723,4.060809246839675,0.9540509961875139,-0.003585151325812382,3.595233746334515,0.6674991897825099,1.0,1.0,1.0,0.005699380328072723,0.9540509961875139,4.060809246839675,1.0,126.0,0.0,0.0,0.0,0.0,0.0,0.0,0.0,58266.0,58266.0,0.0,0.0003817560791503638,0.0003817560791503638,0.0,0.13917018473148346,0.13917018473148346,0.0,0.9436475038528442,0.9436475038528442,0.0,0.0,0.0,0.0,0.0,0.30294117647058827,28.13529411764706,42.50588235294117,11730.618,79,Hopper-v5,9845,Agente_4
506.7354176044464,94,2032344,1708.2664537097817,3379.994729599929,389.39547479037753,496.680412371134,0.0003817560791503638,0.0,0.9436475038528442,0.13917018473148346,58266,0.5,0.99,0.005783255687109772,4.052910647561065,0.9484988262168074,-0.004883659059033457,3.3783088080650936,0.6674991897825099,1.0,1.0,1.0,0.005783255687109772,0.9484988262168074,4.052910647561065,1.0,126.0,0.0,0.0,0.0,0.0,0.0,0.0,0.0,58266.0,58266.0,0.0,0.0003817560791503638,0.0003817560791503638,0.0,0.13917018473148346,0.13917018473148346,0.0,0.9436475038528442,0.9436475038528442,0.0,0.0,0.0,0.0,0.0,0.21133333333333332,20.96666666666666,37.033333333333324,10715.67,80,Hopper-v5,9845,Agente_4
